No.;Time;Comment;Scramble;Date;P.1
1;4:08.51;;L2 Rw' D Uw R' Fw' R U R2 D' U' F Uw F' Uw' U2 D R' Rw2 U2 Rw L B' U' Uw2 F U2 Uw Rw' L2 U' Fw D' U F' Uw' L Fw2 L2 D;2025-05-26 17:29:41;4:08.51
2;DNF(3:51.90);;D Uw2 U' F Uw2 U' Fw2 L' D L2 Rw F2 L2 R' Rw' F' Rw2 R L B Uw2 R2 D2 Uw F Rw2 R D' L' R' D' R U' Uw' R2 Uw' L Fw' L Fw;2025-05-26 17:34:29;3:51.90
3;DNF(3:38.21);;Uw2 B Uw' F2 D' B' Fw D' R U' D' Rw' F2 Uw' D2 Fw' D' R' F B Fw2 D F' D B' Fw U L' Fw2 D2 U' B L' B F' Uw' Rw2 B L' B;2025-05-26 18:51:39;3:38.21
4;DNF(38.62);;Fw' F2 B' Uw L2 U' F' Rw L' Uw' Rw' R2 B2 F L' Uw2 L D' F' U B2 L2 B2 Uw' Rw' U2 Fw2 B Uw B' Uw2 Fw R Fw' L R2 U' B' D' R2;2025-05-26 21:26:26;38.62
5;4:07.26;;R D Uw' R2 Rw B Uw2 F' R' F2 Fw' Uw2 U2 Rw Fw2 R2 B2 U D' F B2 R' L' F' L' Uw L2 Fw2 Rw2 Fw F2 D' L2 B2 L' Uw2 U2 F2 D Fw2;2025-05-26 21:27:27;4:07.26
6;3:37.73;;B2 Uw R' Rw U' F' L F2 U Rw B2 D R2 L' U' Uw R2 Uw Fw' R' U R D2 U' B2 D' L' F Uw Rw' D' L2 B2 Uw2 L' Uw2 R Rw2 U2 Rw2;2025-05-26 21:32:18;3:37.73
7;DNF(3:05.30);;B' F2 Uw' Fw2 U2 R' F' Rw Fw' R2 Uw' R2 Fw D Fw2 B F2 Rw' Uw L Uw F2 B' Uw Rw' R' B Rw2 F U2 D' B' F2 D2 Fw' B' F D' R2 Fw2;2025-05-26 23:23:11;3:05.30
8;4:34.53;;Uw' B' U' Uw L Uw D' Fw2 Rw' D' Fw2 Rw2 R F' U' B2 Rw2 U2 D' L2 Uw' B2 R Rw Uw D2 L D' B2 Uw' D2 Rw B' D F2 Fw2 U2 B2 F Rw;2025-05-26 23:38:48;4:34.53
9;3:40.12;;B2 L U2 L' B D Rw F U' Fw2 D2 L' F' L' D2 B2 Rw D2 Fw' F D2 B' Uw Rw Fw' D U R2 Uw' U' Rw U' R Fw' Rw' B2 Fw Rw' Fw2 F2;2025-05-26 23:44:00;3:40.12
10;DNF(3:46.29);;Uw' F2 D Fw2 U R F L F D Uw2 L' Rw Fw2 Rw L2 U Fw' D Fw R' Uw' Rw2 Fw' B2 Rw2 U2 F2 Uw' B' Uw' F2 B2 D2 Rw' D Fw D B Uw';2025-05-26 23:48:12;3:46.29
11;DNF(3:10.22);;R2 F B2 Fw Rw2 Uw U Fw2 F' Uw' B2 L' Fw' F' Rw2 L' U2 D' L R D F2 Fw' D2 R F L2 B R' Rw2 D Uw U' Rw2 Uw2 B2 R2 Uw L Fw';2025-05-26 23:53:33;3:10.22
12;2:35.59;;D Rw' Uw2 U' D Rw U Rw' L2 D' Rw' D' R F2 D2 B' U2 F D' Uw B' Rw' U' Uw2 D Rw' R' Fw2 L' Uw2 R2 F2 Fw2 D2 U2 Uw' L' Rw' D2 F';2025-05-28 17:34:45;2:35.59
13;2:48.23;;Uw2 R2 Rw Uw2 Rw' Uw D U L Rw' B L R2 F' Rw L D L B2 L2 U B Rw2 U' Rw R' U F U R2 U D Uw' F' Fw Uw2 Rw Fw Uw' U';2025-05-28 17:38:09;2:48.23
14;2:31.18;;F2 R2 L' D' Fw L2 Fw' D2 R U' L R' Rw F2 Fw2 U' L' B F' D U Uw2 F D' R B2 F' Rw' U' Rw2 D2 U Uw Fw F' Rw' L' Fw' F D;2025-05-29 17:43:51;2:31.18
15;DNF(1:49.00);;U2 Uw' B2 Uw2 Fw Rw' F2 U Uw' L' R2 Uw2 D2 U' Fw R2 D F2 U2 B2 U2 Rw2 Uw' R Fw' B U' L' B Rw' L Fw' U' Uw' Fw U Rw' Uw2 Fw F2;2025-05-29 17:47:00;1:49.00
16;DNF(2:12.20);;Rw' Fw R B F Rw Uw U' Rw B U2 F2 Fw' Uw F Fw Rw' U R D L Fw Uw' Rw Fw2 R2 L2 Rw B L2 B' Fw2 Uw2 L' Fw' Rw U2 Uw Fw2 Rw;2025-05-29 17:49:14;2:12.20
17;DNF(13.18);;D' Fw2 Uw' D2 B' F' L Rw Fw2 Rw2 B' F2 D L' D F Rw U Uw L' F' R2 L' Uw D2 R2 F2 Rw U2 D' Fw2 R Rw Fw2 L2 Uw B2 U Rw Uw;2025-05-29 17:51:45;13.18
18;2:46.62;;Rw Uw' U' L2 Rw Uw' L2 Uw L R Rw D2 B L Uw2 U2 D Rw F' Rw D' Fw R Uw' U D' L2 D' L2 D' Fw2 L' F2 Uw L2 R' Rw2 U2 B' L';2025-05-29 17:52:21;2:46.62
19;2:08.65;;Uw' Rw R F2 Fw L2 D' R Fw R B' Rw2 B2 Fw2 U2 Uw B Rw U2 Fw2 F' Uw Fw' Rw' U2 R Rw F Uw2 L2 B U B' R F R' U F2 D F';2025-05-29 17:55:29;2:08.65
20;2:55.05;;F' Rw2 D Rw2 D2 B2 U2 F Rw' Fw' D Rw F D2 Rw' Fw2 Uw Fw' L2 B2 R2 U Fw' U' F' Uw2 Fw Rw B U' B2 Fw' D Uw F D' L Fw2 B D2;2025-05-29 17:58:04;2:55.05
21;DNF(2:32.16);;R' L' Rw' Uw R2 Rw U' L' D' Rw Fw2 B2 U F' Rw' B2 F2 R D2 B2 L' U Fw2 D2 Uw2 Rw' Uw Rw2 Uw2 U2 Rw B2 Uw' D' U R U B2 U2 F2;2025-05-29 18:01:27;2:32.16
22;2:26.13;;L Rw2 D L2 B' F L' Fw' U2 B2 D Rw' F Uw2 Rw2 B U F2 L2 R2 Fw' Rw' U' R2 D R2 B2 Fw F Uw L2 U' L R U2 D' Rw' Uw2 B' D;2025-05-29 18:32:01;2:26.13
23;3:18.74;;D R Fw' Uw2 D2 B2 F2 Uw2 L2 Fw Uw' Rw' B2 U2 D2 L Fw' Rw2 D R' L' U' L' Rw2 R' Fw D2 F2 R D2 R D2 R' Rw' Fw D' U2 Fw L Uw';2025-05-29 18:34:57;3:18.74
24;DNF(2:06.19);;B U2 Rw2 D2 L' Rw' Uw' Rw L U' L2 B' F2 L F B2 L' Rw' F D Uw2 Fw' Rw' F' Rw Uw Rw' B' Rw2 R D Fw F' Uw F' L2 U' R' Fw' Rw;2025-05-31 10:59:44;2:06.19
25;3:12.97;;U Uw L Uw2 U' L F2 Uw2 Fw2 L2 Fw' Rw B' D' B Rw' F' R2 U D R2 Fw R2 D Fw2 F R' D U' F U L D2 B D' L2 D' B' Rw2 Uw';2025-05-31 11:07:35;3:12.97
26;2:10.38;;U' B' Uw F' B2 U B Rw2 D2 F' Uw2 F Fw' B D2 Rw' Uw' Rw2 D Rw B' F L' B2 U B2 R' F2 U' R' D Rw2 F Rw' Fw F2 L2 Rw2 B R;2025-05-31 11:14:39;2:10.38
27;2:12.47;;Fw2 L2 Uw2 Fw2 Uw' U2 Fw' R2 Uw' R2 Rw2 D Fw2 R2 Fw2 D' Uw' Rw Fw' F Rw' Uw2 D2 Rw Fw2 U D' B Uw Fw' L2 D Rw2 U2 B' U2 L R Fw2 R';2025-05-31 11:17:34;2:12.47
28;2:43.95;;B' U' Fw' Uw2 Fw F U' R' B2 R D2 B F Rw B2 F' D2 Uw' L R2 F L' R2 F R D U' Fw B' Rw2 D2 R2 D' B' Uw2 D' F Fw U L2;2025-05-31 11:20:28;2:43.95
29;2:56.54;;L Rw' Uw' U D Fw Rw' R B' Fw' F' U2 D L' Uw2 U2 L2 D2 F Fw Rw2 F L2 Fw2 L F Uw2 U' R' B' Fw2 L' Uw2 D' F' Fw U' L2 B U;2025-05-31 11:34:15;2:56.54
30;2:40.67;;Uw' L U F2 Fw Rw R' U Uw' Fw' D2 B2 Fw L' Fw2 Uw' F2 U' Uw2 B2 Rw' B U Fw' D' U' B U2 F' R' Fw2 F' Rw2 L2 D2 U2 L Rw F R;2025-05-31 11:43:48;2:40.67
31;DNF(1:21.00);;Uw2 D' B2 F Uw B F R2 Rw B2 Rw2 D2 Uw2 L2 R2 B' Rw2 U' L F2 D U2 Uw R' L2 Fw R L2 F D' B2 Fw Rw' L R2 Uw' U' B2 F' U;2025-05-31 11:47:32;1:21.00
32;DNF(14.58);;R2 U' B' L2 U L F B2 Rw B2 Uw2 Rw2 Fw Uw' F' Rw U' D Fw D Fw2 B' L' B2 R' B U L D F U2 B' R' B2 U' R Rw2 B2 Rw2 Fw2;2025-06-03 18:55:29;14.58
33;2:59.74;;B2 U' Uw' R' Rw' F2 L2 U' R F2 D2 F2 Uw D2 L Uw R' F2 Fw Uw' Fw' L2 F' Uw2 B Fw D2 Fw' U2 R Uw Rw R2 Uw2 R' F' U2 F B Uw';2025-06-03 18:56:10;2:59.74
34;3:14.13;;B' U Uw F U' L' F Rw D' R' Uw' D2 Fw' Uw' F D Rw' R Uw' F Fw R2 F2 R' B' Rw' B' Rw' F Rw' D2 R F' B D2 Uw2 L2 B' L2 B';2025-06-03 19:00:41;3:14.13
35;2:51.57;;D' Uw2 Fw' Rw2 L' Fw Uw' L2 R' Uw' D U' B' Fw' F' Uw' B Fw2 Rw D L2 Uw L R F2 Rw2 U' Rw' Uw R' Uw D B' Uw2 D' Fw' L D Rw' D';2025-06-03 20:35:49;2:51.57
36;3:15.82;;B' Uw2 R Fw2 F' L R' Fw R2 Rw2 Fw2 Rw2 F Fw D' Uw L2 Rw D Uw Rw Fw2 U2 Rw F Uw F2 Fw2 B2 D R' U' Rw' F' Rw R U F2 Rw L2;2025-06-03 21:05:57;3:15.82
37;2:08.84;;B2 Uw' Rw2 L Fw' B' D B L R2 B Uw2 D R' D2 Uw2 F L' R U Uw B2 R' U R' F' U F2 B2 Rw' D2 B L2 Uw2 R L2 D2 F Uw' R;2025-06-08 16:46:14;2:08.84
38;1:38.56;;Rw2 Uw2 B L2 Uw2 Rw' U' D2 Fw2 L Rw D' Fw2 Uw2 R' L U2 D2 R Uw R Uw R2 D2 B2 Rw' D' Fw' Rw2 R' D2 B' Rw2 U F R Fw L' D' U;2025-06-08 16:49:10;1:38.56
39;2:12.42;;F2 Rw2 Uw L D' B2 F R2 B' Rw2 Uw' Fw' U Fw' U' R B' L' F2 Fw' L F2 L' F' Fw U2 B' U2 Rw2 F2 D2 Fw2 D2 Rw2 D Fw' L' Fw2 B' Rw;2025-06-08 16:51:51;2:12.42
40;2:17.09;;U2 R U2 Fw' Uw' F U' Rw2 F Rw' R Uw' Fw' U B' Rw B2 U Fw' D R D' Rw' Uw L' D' L Fw' B2 F Rw' U D2 L2 F' Fw' Rw2 L F2 Uw2;2025-06-08 16:54:40;2:17.09
41;1:36.22;;Uw2 Rw D2 R2 Rw F Rw2 Uw' Fw' U Rw' R2 D2 L2 B2 L' R2 Uw' U' Rw2 B' L D' B2 L Fw2 L2 Rw D Rw D B' Fw' D2 Uw B F' Uw' D B';2025-06-08 16:57:42;1:36.22
42;1:48.63;;Uw2 B2 Uw' L' Fw2 F2 L2 F D2 U F2 Rw2 F' Rw2 B Rw' L' D' U Uw Rw R B2 Uw Rw' R2 B2 Fw' U Rw Uw D B Fw2 F2 Rw' L F' Rw B2;2025-06-08 17:00:10;1:48.63
43;2:19.13;;U2 F Rw2 F2 R Uw' R D2 Rw' R' U Uw' B2 R' U2 F Rw' U' F D' Rw F2 R Fw2 Rw' U2 D Rw' Fw' B2 Uw B2 Fw2 R L' Fw B' U2 B2 Uw;2025-06-08 17:03:59;2:19.13
44;1:57.83;;B2 R' Rw2 Fw' R F Uw2 B' F U' D2 L2 F2 R Fw2 R' Rw Uw' F B U Rw' Fw' Rw' U2 Fw R2 B Rw2 B' Rw' Fw2 D R B2 Uw2 Fw' U R2 D2;2025-06-08 17:07:04;1:57.83
45;2:29.28;;B2 Rw' Fw' L' B' Rw2 Uw D R B' L2 Uw B2 D' Rw2 Uw2 B' L Fw L U Fw' D U2 Rw2 L' R Uw2 U2 L' Uw2 U' L R2 Fw2 Uw2 U2 D2 L2 F2;2025-06-08 17:12:47;2:29.28
46;1:56.51;;Rw2 F' L' Fw' L R' Fw L' U' B2 R2 Rw Fw' Rw' F U R' Uw' Fw' L F2 Fw R2 U R Rw Uw2 Rw B2 Fw2 L F' Fw R Uw' Fw2 R' Rw' U L;2025-06-08 17:15:52;1:56.51
47;1:57.15;;Fw Rw' L' B' Uw2 F' D Uw L' F' R' Uw' L' Rw' U D2 Rw' B2 D2 U R' L Rw D' B' Fw Rw' L' U L F U2 R Fw' F' R Fw Rw U' B';2025-06-08 17:18:35;1:57.15
48;1:37.78;;D2 R' Rw' Uw' L Uw' R' F' L2 F' B Rw' B2 Uw Fw2 Uw' Rw' Fw R U D' R2 B F U D F U2 Fw' U' Rw D F2 R' Fw' F2 Uw' Rw' R2 Fw';2025-06-08 17:45:20;1:37.78
49;1:50.53;;R L Uw2 R' Rw D2 L' R' Fw' R L B' Fw2 F Uw2 B2 F U2 Rw' F R' L' D2 B2 R2 B' F' U' R' L Uw B' D2 L Uw2 F Fw Rw2 F Rw2;2025-06-08 17:47:46;1:50.53
50;1:46.00;;F' B' Rw2 B2 Rw2 L2 U B L2 U' Fw F Rw' F R2 F' Uw F' D' B' F Rw' L' Fw2 F' B2 Uw L' B Uw' F Fw2 B2 Uw2 D' Rw U2 B2 Rw' D;2025-06-08 17:52:05;1:46.00
51;1:57.25;;Uw2 L2 U2 R B' Fw' F L' Rw2 D2 R2 B D2 L Fw2 F2 Uw2 B U2 B D2 U2 L2 Rw2 B Rw' U2 Rw2 Fw' B U2 B2 L Rw R2 D2 R' Fw L' B2;2025-06-08 17:54:41;1:57.25
52;DNF(1:55.05);;F' Rw L R F' B' Fw' D2 F' B' R2 Rw D Rw R Fw F2 D B' D' Fw' U2 F Uw L' Fw' Uw D2 F Uw2 L' R B2 F Rw2 Uw2 Fw2 L' Fw' U';2025-06-09 21:27:49;1:55.05
53;2:20.51;;L2 Rw U' L' Rw2 D F' Uw F' Uw' B Fw U B' Uw2 U' D' R D' Fw Rw' B2 F' R' F Uw' D U Fw' Uw' F' Uw' Fw D R U' D Uw B' Fw';2025-06-09 21:30:40;2:20.51
54;1:55.10;;B' Rw L U' R2 Uw' R D B2 Fw2 U Fw2 F' U L Uw2 L' B2 L' R' Fw' D' L2 F2 D' Uw' U' Fw' B' L2 R2 Fw2 D' U Uw' Fw R2 F Rw' U2;2025-06-09 21:34:26;1:55.10
55;1:53.88;;B2 F Rw' F2 Fw2 R L U R' F' D2 R2 D B U2 B U Uw2 D' R2 Fw2 D' U' L U F2 R Rw F2 Uw2 B2 U2 R' B' Uw' U F Uw L2 Uw';2025-06-09 23:42:35;1:53.88
56;2:26.15;;R' Uw' F' B2 Rw Fw2 U2 Uw' B2 U D L U' D' L2 Fw L F2 B R' B' L' Uw2 R Rw' D2 B2 U Uw D Rw2 L D2 R' L2 Fw Uw Fw' F2 R2;2025-06-09 23:45:50;2:26.15
57;2:18.21;;Uw B Rw' F2 U2 R U L' D' F Fw D Uw2 U2 B Rw' F L2 U R2 Fw Rw2 F2 Uw2 L D B2 D2 R2 Rw Fw2 U2 Fw R' D' U F' Fw Rw2 L2;2025-06-09 23:49:33;2:18.21
58;DNF(1:18.70);;L' Uw2 R Uw2 F B2 D L' Uw U' R Rw B2 Rw B D' F L' F B' L Uw B F' U' R2 Fw2 L' D' Uw2 U' L' B R' Rw' Fw Rw2 R2 B Rw;2025-06-09 23:52:48;1:18.70
59;DNF(1:55.47);;U2 F2 D U2 Rw' Fw L' F R' B L' Uw R' L2 B R2 B' Rw R U2 R2 D2 F2 Rw' L' R B' Rw2 F U' L' Fw' L2 Uw L B' F U2 F' L;2025-06-09 23:54:38;1:55.47
60;1:39.68;;Rw2 U' B' Rw' B2 D2 R' Rw2 U' Fw' R2 B Uw R2 Rw2 F' U' D' Fw Rw U' Fw' F' R2 Uw' Fw2 Uw' R' Uw' U2 B' Rw' B Uw R Rw2 Fw U R2 D';2025-06-09 23:57:00;1:39.68
61;1:54.70;;U B' U' Uw2 B R2 Rw2 D2 L' R' Rw' Fw' Rw2 B2 D2 L2 Rw' Uw L Fw2 B R Rw' Fw Rw2 Fw L D2 B U D2 L Fw2 U' D B2 D' F' R' D;2025-06-09 23:59:07;1:54.70
62;1:47.67;;R F Rw2 L' Fw' L U' F' U' D L2 D' Rw' Fw Uw' U2 F2 U Rw L B' U' R2 B2 D2 U Uw B' Uw' R U2 D L B' U' R D' R' L' U2;2025-06-10 17:38:50;1:47.67
63;1:39.40;;F Fw Rw R D' Uw' R2 Rw2 L F R Uw U' Fw2 R2 Fw' B F Rw2 U B2 Uw B2 Fw2 R2 D2 F' B U2 F R' L2 Rw' U' Fw2 L R2 Fw' R Rw;2025-06-10 17:41:38;1:39.40
64;1:49.49;;F2 L2 Fw U' F L2 R B2 L2 Fw Rw L U D Rw' B R' Rw' D2 Fw2 B2 R2 Fw' F2 Rw2 B D U B' U L' R2 Fw Rw2 F D' Rw R Uw U';2025-06-10 17:44:10;1:49.49
65;DNF(1:53.78);;Rw2 D R' F2 D2 Rw2 Uw U2 D2 Fw R2 Rw' L' F' L Uw2 F Fw R Fw2 R Uw2 D2 B2 Uw' Rw2 Fw' B D' Rw L2 B' Rw F2 R' L2 Fw' F2 Uw2 Fw';2025-06-10 17:46:47;1:53.78
66;3:01.94;;D' R2 Rw Fw2 L R2 Rw U Rw Uw' B2 U Rw Uw' D2 Fw' F Uw' Rw2 F' Uw' Rw F' U F' U' F2 U B2 F' U2 Fw' R2 F2 B2 R2 Rw2 Uw2 F D2;2025-06-10 18:09:54;3:01.94
67;2:10.30;;B' Uw2 B2 L' Fw L' Rw' F2 R B2 D R2 Rw' Uw2 Rw' L D' L2 R Rw B' R2 D' Uw' L Rw' B Uw2 L U' D' Rw' U R F2 R F L D' Fw';2025-06-10 19:05:43;2:10.30
68;2:06.87;;D Fw' R' F2 D2 F' Rw' F D L U Uw F2 Uw2 L D F2 L F2 D' B' R F Rw' D2 B2 R Fw2 D L' F B R' L' Fw' L Uw B2 Uw' Fw;2025-06-10 19:08:29;2:06.87
69;DNF(1:46.36);;Fw B' Rw2 U' L R Fw' Rw' B' L' R' D' Fw U' Fw' Rw R2 B' R2 L' B2 Fw Rw L R Fw2 R2 Uw2 U2 F2 Rw L F2 B Uw' L' F' R F Rw;2025-06-10 19:11:18;1:46.36
70;DNF(1:51.17);;Rw' Uw' Rw L U B2 D' F' L2 Fw D' Rw' B' U2 Uw2 F2 B' R' B Fw2 L2 F Uw2 Rw2 D2 B Uw2 R' B Fw2 R Fw Uw2 U2 L B2 Rw' Fw Uw D2;2025-06-10 19:14:00;1:51.17
71;2:01.85;;U L' Rw Uw' Fw2 R2 B2 L2 R2 F2 Fw2 Uw B2 Uw F R Rw2 L' U R' U' L' Uw2 B2 L Fw Uw2 R' L2 U D Uw2 Fw B2 R' Uw2 F' B' U2 R';2025-06-10 19:16:30;2:01.85
72;1:50.42;;L Fw' F L B D' B R2 L2 B2 R' Rw' D2 Rw2 B' D' L' Rw2 U Rw L2 Fw2 U Uw' B2 D U B2 R' L2 U2 Uw' R2 Fw2 Rw L' B' L F Uw';2025-06-10 19:19:05;1:50.42
73;1:56.18;;Fw2 D2 L' Uw2 L2 R' Rw' F2 Uw L2 F Fw Uw' B R2 Uw2 U' Fw2 L' Fw' U' L2 B' Uw2 L' B' F2 R' D Uw2 Rw D2 F U2 R Rw2 D2 R2 L Rw;2025-06-10 19:24:55;1:56.18
74;1:42.14;;F2 Fw R2 U2 Rw2 Fw2 F Uw R D' Uw2 Fw2 F D L Uw' R Fw' D2 F' Uw' R' Uw2 U R2 L2 B L2 Fw Rw L' R' F2 B2 Fw2 D' B' Fw R' D;2025-06-15 17:20:04;1:42.14
75;2:04.41;;U' R' U Rw Fw L' F2 D2 U F Rw U2 Uw' Rw2 L D F2 Rw2 L Fw B Rw' Fw Rw' R2 U Uw R2 Rw2 Fw R' D F2 U' B Rw U2 B Rw' Uw';2025-06-15 17:23:57;2:04.41
76;1:45.65;;U2 Uw' D2 F L Fw' Uw D' L U F Uw R' F2 L2 U D Rw Fw2 R U2 Rw2 L2 Fw B' F R2 Rw2 F' Fw' Uw2 U' D2 F' Fw' R L' B' Uw' U;2025-06-15 17:27:57;1:45.65
77;2:07.39;;Fw' Uw2 R2 D' Fw L Fw2 L D Rw' R Fw2 B L' Rw2 F2 Uw Fw2 F R' U' F' B2 L' Fw2 Rw' Fw B' Uw D' F' R B' L F' Rw Uw2 Rw2 R' B;2025-06-15 17:31:13;2:07.39
78;1:36.55;;Rw R B' U B F' D Uw2 U2 F' L B' D Fw' U' L Fw' Rw L F2 Uw Fw B D2 Rw2 F' U' R Uw F' B' Uw R Uw' L2 Rw U' F2 Rw Fw';2025-06-15 17:33:59;1:36.55
79;DNF(1:06.81);;Rw B2 D2 Fw' D B D2 Fw' L2 Rw' F Rw Fw2 L2 U2 Rw' D2 Fw Rw' L' F Rw' U' Rw' F' B2 Fw2 L' Rw U Fw Uw2 F Rw' D' U R' B2 Rw' F';2025-06-15 17:45:02;1:06.81
80;2:05.02;;D2 R2 F2 Fw' U2 B2 L2 D B Fw' Rw' Uw Rw Fw U F2 Fw B' Rw2 F D2 Rw2 R Fw Uw B Fw' L2 D' U Uw' Fw2 Rw' F Fw2 L U' Uw2 D' Rw';2025-06-15 17:48:25;2:05.02
81;1:39.19;;D2 L' F2 D F' Uw' L' Uw F2 U D2 Uw' Fw D Uw' U Fw R' F2 U2 R' B2 U Uw' L' Uw' Rw' L' Uw' Rw' L2 U2 F' Rw' Uw Fw R U L' B2;2025-06-15 17:51:28;1:39.19
82;2:13.09;;F2 Uw' U' L2 Uw F L2 F2 Fw2 L' Fw2 F' U' R2 Rw' Fw2 Rw L' R2 D2 B Rw D F U F2 D' B' Fw2 R2 B2 D' Uw' B2 R' D' F2 L2 Fw L';2025-06-15 17:53:46;2:13.09
83;DNF(1:40.42);;U2 Rw B' F2 R F' U L Uw L2 R2 D2 Rw Fw' Rw2 L' B2 Fw2 D2 L D U2 F2 B' D L2 U2 Fw' L' F2 L Fw' Rw' R2 B D Uw2 L' D' B2;2025-06-15 17:56:42;1:40.42
84;DNF(1:47.06);;B2 U L' Uw2 B2 Uw2 D Fw' F' Uw' L D2 Uw R2 L Rw2 U2 R2 Rw2 L2 Fw' Uw D B2 Rw2 Fw2 R Uw2 Rw' Fw' Uw D' B' R Uw' D2 Fw' U Fw' R';2025-06-15 18:00:45;1:47.06
85;2:30.55;;L' Rw D B2 U' F2 L2 B Rw' F2 R2 F R2 Fw' B' L R' F2 Fw D' F' U2 L2 F2 B' Rw' U' L U F L F' Uw' L R D2 R D Rw2 R2;2025-06-15 18:03:19;2:30.55
86;DNF(1:40.07);;Rw Uw U Fw' F B2 D B2 Fw2 D L2 B' Rw' R2 L D Fw2 D2 U Uw2 B L2 Uw' B Fw' L R D U2 Uw' L2 R' F' Rw D Rw' U2 Fw2 U2 Rw;2025-06-15 23:56:39;1:40.07
87;1:49.99;;Rw' R2 D R B2 D R' Uw B F' L Rw2 D' Rw' U D2 Uw2 F' Uw' F2 Rw R' L' F2 Fw Uw2 L2 U2 Uw Rw2 L Fw F2 R2 D' F D2 R' Fw' F';2025-06-15 23:59:41;1:49.99
88;1:55.54;;Uw2 R Rw2 Uw Rw Uw L U2 Fw2 F U Rw2 R' Fw' Rw2 U' F' L2 U L2 F2 D2 F' B' D2 R2 D2 B' R D2 R' Fw2 Uw R2 L Uw' L U' F2 L';2025-06-16 00:02:12;1:55.54
89;DNF(2:19.02);;U F2 Fw2 Rw2 Fw' B2 Rw L2 R' Uw2 F' Fw Uw' L' B2 R' D2 F2 U' Fw2 D2 B2 R Fw2 R Fw2 B2 D' R F2 B2 D2 R2 D' L' D2 B D2 L' Rw;2025-06-16 00:04:45;2:19.02
90;2:05.45;;B2 U' R B2 F2 R' F B2 Uw' D2 B F2 Fw U' Uw' D' Rw B' U' L' Fw2 Rw' U Rw L2 Fw2 L Fw2 R Fw Uw F Uw B2 Rw2 D Rw' U' R B2;2025-06-16 00:08:18;2:05.45
91;2:09.32;;Fw' D F2 U Uw D2 Fw F' Rw2 D L Rw2 U' F2 L2 R' Uw L' Uw U2 R2 Uw U' L2 R2 F2 Uw2 B D' Uw2 F2 R B2 F L U' R2 D2 L' Fw2;2025-06-16 00:11:13;2:09.32
92;1:44.69;;Rw2 R' Uw' R' L Uw' Fw' D Rw' L Uw' B' Fw' R2 Fw' D2 R2 Uw R' Rw' D2 Uw' Rw2 Uw' F2 U' L U B2 R' U Rw2 Uw' R' Fw' L2 Fw' F2 L' Fw';2025-06-16 00:13:50;1:44.69
93;DNF(1:32.82);;Rw R2 F' U Fw2 R' Fw2 B Uw B L' Uw Fw L2 Uw2 L2 U D2 L Rw' Fw2 Rw2 Fw' R' B2 R' B Uw' R F' D F U' R' Fw2 Uw2 L2 Rw' Uw D2;2025-06-16 00:16:10;1:32.82
94;2:01.62;;U2 D R' Uw' L B' F' Rw L' F' Rw2 L U' Uw' D2 Fw' Uw2 L2 B Rw Uw2 B2 Rw2 F2 Fw B' L' U Fw' R' L D B' U2 Rw U2 Rw' F B' D2;2025-06-16 16:45:52;2:01.62
95;1:40.71;;D' F U' Rw R B Fw2 U' R' B L Rw' D' Uw' Rw' Fw' R2 B2 Fw' D2 B2 L' R F Uw F' L' F B2 D Uw' F2 Fw2 U B R' Fw' R D' Rw';2025-06-16 16:48:57;1:40.71
96;2:00.22;;L2 Rw F Uw' L' R Rw B2 D2 B2 D2 U' Rw2 R2 F2 U B' Fw2 U' Uw Fw U' F Fw' U' Fw2 L' F' B D' Uw2 Rw' Uw2 F' R U2 L2 R' B2 Fw;2025-06-16 16:51:36;2:00.22
97;1:49.41;;U' Uw' F' U' R' Uw2 L' Fw D2 Rw' L B' Fw Rw' B R2 Fw' R2 U2 R D R2 Uw2 R2 L' Rw' D' L' D L' U2 D Rw2 F2 Uw' Rw Fw2 B2 D Rw;2025-06-16 16:54:40;1:49.41
98;1:41.52;;U F2 B2 U L F' Fw2 D2 F2 Rw B2 F2 Fw2 Uw2 B F2 Fw R2 B R Fw' F' Uw D2 Rw' B Uw' Fw' U B' Rw' F L' R F2 Uw D2 B' Rw2 Fw;2025-06-16 16:58:41;1:41.52
99;1:49.78;;L2 U' B F' D2 Uw B' D B' F2 D' Uw Fw' U2 L2 D B' L2 R D Rw R' Uw2 Rw' Uw F' U' R2 Fw D B' D B' L2 Fw' B R' U' D' Uw2;2025-06-16 17:00:59;1:49.78
100;1:41.53;;L U2 Fw U2 B F2 Rw2 Uw Fw Rw2 Uw2 Fw' U2 Rw' Uw2 D B Fw2 U B' F' R L Rw' D' L F2 Uw2 D' R L2 Uw2 Fw' B2 F2 R Fw R Fw F2;2025-06-16 17:03:43;1:41.53
101;1:50.61;;Rw R2 D' Rw F' B' U Rw' F' D2 L Rw2 R2 U' R2 Rw' L' B U' D Uw' R' F' B' Rw F2 B' D2 Uw Rw Uw Rw' Uw Fw' Rw2 U' Uw' D2 R' D';2025-06-16 17:06:19;1:50.61
102;1:48.29;;F Fw2 Rw D R D' F' D2 R Rw2 U2 Fw2 R2 Fw B2 U' D2 Fw' Rw F2 Rw2 B' Fw2 F U B2 L' U L F U' L R' D L2 R2 Uw' Rw' L' Fw2;2025-06-16 17:08:55;1:48.29
103;1:44.89;;U Fw2 R2 Fw' U' B2 F2 Fw2 L D2 Uw R' Rw' Fw2 U' Rw B U2 R B' L2 Uw D2 U2 L2 F2 Rw Fw D' F Fw Rw2 D2 B L' D U2 Uw2 Fw Uw;2025-06-16 17:11:56;1:44.89
104;1:46.84;;R2 Fw' Uw F2 Fw' Rw2 F R2 F' D' B2 Fw' F' U Uw' Rw R2 U Rw2 Uw' Fw Uw' U' Fw Uw' U2 R L B' L' F' U' Rw Fw' Rw2 D R' Uw F' L;2025-06-16 17:14:16;1:46.84
105;DNF(1:48.02);;U' F B' L2 Uw2 U2 D' R' F D F' Fw2 Uw2 U Rw' R' L' F' Fw' Uw2 L F' Uw2 R2 L U' B U Uw2 F R2 Rw' Uw Fw' D Rw F2 R' Uw2 Rw2;2025-06-16 17:16:34;1:48.02
106;1:56.47;;D2 Fw' B Rw' D Rw U' B' D2 R2 D Fw' D R2 Fw2 Rw R2 U2 D' F' L2 Fw Rw' D' B Uw' Fw' B' F U L2 B' Uw2 R Fw F R2 Uw' D' Fw2;2025-06-16 19:01:30;1:56.47
107;1:21.62;;Rw' F2 Uw' B Fw2 R D Fw2 R2 Fw R2 U' Rw' L2 Fw' U' F R B Fw' D' L' R2 Uw' F Fw R' Rw' D Fw2 R2 L' Rw' F Fw L2 U' Uw' Fw R';2025-06-16 19:04:07;1:21.62
108;2:27.95;;L Fw2 R' Rw' B2 Fw2 L Fw' B U Uw B2 Fw' U' Rw2 B Rw' D Fw2 B2 D2 R2 Rw Uw2 Fw L Uw L' Fw Rw' D2 Rw2 B Rw2 F2 Rw2 R L2 F U2;2025-06-16 19:06:31;2:27.95
109;1:45.90;;B' D L' D' B2 U2 Uw' D2 F' B D' Rw' Uw R' F D L' Uw2 F2 Rw' B Uw' F' Rw2 Uw' R F' R2 F2 L2 U Uw' Rw' F R B U B' R D2;2025-06-16 19:09:27;1:45.90
110;2:04.43;;Fw2 D2 L2 Uw D2 B' U' R' F Fw Uw' Fw2 B Rw' R' L' Fw' L2 R' D2 R' B' F' Fw' U L' U F' Fw' Uw2 Rw' F2 L' U' R' B2 L' F B' U2;2025-06-16 19:11:45;2:04.43
111;DNF(1:13.93);;F Uw D Rw2 Fw2 U' F2 B U' B2 Uw Fw B2 D2 Rw Fw Rw F D Rw' Fw' D' Fw' L' F Fw2 D2 R D' U2 B D2 F' D Rw2 B2 F' Uw' Rw2 L';2025-06-16 19:14:25;1:13.93
112;1:52.21;;R2 U R L' U D2 B D Rw' R2 L2 U2 B' Fw L' R Rw F2 B Uw2 F D2 B2 F L' F Rw2 L' Uw' Fw' Uw' U2 L Uw' Rw2 B F2 R' Uw' Fw';2025-06-17 19:48:41;1:52.21
113;1:34.99;;U Fw2 Rw' D2 B' Fw' L Rw U R2 Fw' B2 L F2 U' Uw' R' Fw' R D' F2 U R Rw2 Uw2 D2 R2 U Fw2 B2 Rw' U F' R' D' F' U Fw2 F' L';2025-06-17 19:51:30;1:34.99
114;1:42.37;;L F L2 U Rw' D Rw' Uw' D B U L2 Rw D2 R' U' Uw' B' R Uw F2 L2 Fw2 U2 L Rw2 F' L' D' L' Rw D U' Fw' U F' Rw2 U2 L2 B2;2025-06-17 19:54:00;1:42.37
115;1:58.88;;B L D2 F R F' Uw2 R F Fw' D2 U' L U2 L Fw R2 L Rw2 Fw L2 Rw' B' F Rw' D2 F' L2 Rw2 Fw Uw2 R Rw2 Uw' Rw2 Fw' L2 F' D2 R;2025-06-17 19:56:16;1:58.88
116;1:41.15;;R2 Uw Rw2 B2 Fw2 U' Fw' Rw D' Fw2 Uw' Fw' Uw U' Rw' B L2 D' B2 D' Uw2 R Rw' L2 Fw L' R Uw' D2 U R' D L R2 U F2 L F L B2;2025-06-17 19:59:02;1:41.15
117;1:53.18;;Fw' Rw' U' Fw2 D Uw Rw U D F' Fw2 B' Uw' F' Uw2 D Fw R2 F Rw2 R' D2 U' B2 U Rw2 U' Uw2 D L' R Fw' L2 D R L' F B2 Fw2 U';2025-06-17 23:56:41;1:53.18
118;1:48.35;;R Uw' U B Uw' L Fw F' R2 L2 Fw' L Fw D' Rw U B' D2 F' Uw' B F2 Rw' B2 Fw U' R' U2 B' D' Uw' Rw2 D Fw Uw2 F2 Fw L Fw Rw';2025-06-17 23:59:08;1:48.35
119;DNF(1:08.16);;Fw Uw D' U2 L2 Rw R' U' L' U' D Fw D' R Uw2 U' L' B' Rw2 D R2 Fw2 U2 L Fw U' Uw2 Rw D2 Uw2 R F D L' B2 Rw' D U2 L' F;2025-06-18 00:01:31;1:08.16
120;2:14.64;;L Fw R2 U' Rw U2 R L2 Uw Rw Uw Rw B F' Uw' L' B2 Rw F2 D F' Uw' B' L' D2 Uw2 Rw2 D B2 Rw2 D B' U' Rw' Fw D2 U2 Uw2 F2 Uw2;2025-06-18 00:03:48;2:14.64
121;1:23.02;;Rw F2 B Uw L Uw2 U2 B2 D Uw' R2 B' U B R' D2 B' Rw2 F Rw2 Uw D2 U' F2 Uw2 L' Uw' Fw L Fw F' U2 R2 Fw' R' L2 Fw' F2 Rw Uw2;2025-06-18 19:05:46;1:23.02
122;DNF(1:33.26);;F' D' Rw' F' B2 L2 D' F2 B2 R' F Rw L2 F' D2 R' F' D' Uw L' Uw R B' Rw Uw2 U Fw U' F D2 Fw R Uw' B2 R2 D' F2 Uw' Fw B;2025-06-18 19:07:39;1:33.26
123;2:00.83;;U2 Fw' U2 Uw2 Rw2 L U L2 Fw2 Uw Rw Fw' Uw D F R2 B2 L R' B' R B2 L' Fw' U R2 B2 L2 Rw2 U' Fw' U2 L U' D2 Fw' B2 F' Rw2 Uw;2025-06-18 23:08:43;2:00.83
124;1:51.19;;F B Fw Rw B2 Rw' D U' Fw' B' U R' Fw' R' D2 Rw' L' Fw' L F D' L R' B U D2 F B2 Fw2 Uw' D' F2 L Uw' Fw2 L' Rw2 Uw' Fw2 Uw2;2025-06-18 23:11:38;1:51.19
125;1:44.50;;U2 L' Rw2 Fw2 Rw2 B' Uw' F2 D F2 Uw' Fw' U' R' D' Rw B2 R' F' Fw' R F' Fw' Rw2 F' L' R' Fw F2 U L2 D R Rw2 Uw2 L Rw' F' Rw2 F2;2025-06-18 23:14:38;1:44.50
126;1:33.00;;R Fw' R2 F2 Fw2 B2 R D' L U L' U D R' D L R2 U' B' Rw2 B2 L' F2 L' Uw2 R F2 Fw2 L Uw2 F U2 Uw' D2 F' U' Fw' D' B' Uw2;2025-06-18 23:18:09;1:33.00
127;1:55.64;;L2 U L' Fw F R' Rw' F' U2 Uw2 Rw2 B D' Rw2 Fw' U2 R2 L B' D2 Uw' F D' U' L' Fw' B' R2 D2 Fw U2 Fw2 Rw F' D F B' Fw' Rw' Fw';2025-06-18 23:20:29;1:55.64
128;1:40.01;;Rw Uw2 Fw F2 Uw Fw F2 U Uw' D' F2 B' R2 U' D2 F L U Rw' L Uw2 D2 U' Rw2 L Uw' F2 Fw U D Fw' F2 B' D2 Fw' Uw F' Rw' D2 Uw;2025-06-18 23:23:01;1:40.01
129;DNF(1:51.69);;U' R2 B2 Uw' Fw' U' L2 F' U2 B' Fw2 Rw F2 D2 Fw' R2 Rw' D2 Rw2 B U Rw2 F2 L' U Rw B' Uw2 F' B2 D Rw2 F Fw D' B' D2 R F R;2025-06-18 23:27:15;1:51.69
130;1:59.97;;L2 F' Fw2 B Uw F U2 Uw D Fw2 U Rw2 Uw F U2 Rw2 D' R' L' Uw2 Rw2 U' Rw D' L' B2 R2 U' D2 Fw' B L' D' L' D Fw Rw L' R' Fw;2025-06-19 20:13:43;1:59.97
131;1:51.28;;D2 B Rw' L2 Fw' Rw2 L' F2 Uw F' B' R2 Fw' R' Fw Uw2 F R' U2 F' Fw2 U2 L' D L F2 Uw F' Fw2 D B2 L' Uw D L' Fw B' Uw D' U';2025-06-19 20:16:48;1:51.28
132;1:43.00;;Fw2 F2 L2 B R2 U' F2 L2 R2 B L2 F Uw Fw' Rw2 Fw2 F2 U2 B Uw' Fw2 B2 L2 U B2 U' R' D' Uw U2 L Uw D R2 Uw R' F2 L' Fw B';2025-06-19 20:19:39;1:43.00
133;1:39.93;;F' Rw R Fw' D F D' L Uw2 F' R' D2 L Rw' Fw R' F' Uw2 R2 Rw L' D' L' B' Fw2 F' Rw' L' U' D L Uw' R2 F Rw' B2 L' F2 Uw2 U;2025-06-19 20:22:14;1:39.93
134;DNF(1:57.45);;L2 R2 U2 L Rw Uw2 F2 Fw2 B L2 Uw' Fw R' Fw2 L' Fw D' Rw2 B2 Rw Fw2 F D' Uw2 U L' R' F' R2 D' L' R2 Fw' B R' B L D' Fw D';2025-06-19 20:24:49;1:57.45
135;1:29.66;;R' Uw R2 D2 Rw2 F2 U B' Rw2 U' R F B2 Rw' U Fw' Rw2 U B2 Fw' D Rw Uw' R2 B2 F2 Uw2 F D Uw' B' R' Fw2 D' Fw' F2 R' U B2 R2;2025-06-19 20:27:30;1:29.66
136;1:44.22;;F2 Rw F2 Uw' D' Rw2 Uw2 Fw2 L Uw' U D Fw' R' Rw2 D' Fw2 D L F' Fw' B D' L2 B Uw2 Fw' D R' D2 Rw B R2 Fw R2 L D' Uw2 U2 F2;2025-06-19 20:29:42;1:44.22
137;2:17.38;;Uw B' U2 Fw' Rw2 L2 Fw' D2 Uw' Fw F2 Uw2 R2 F' D2 B Rw U Fw' B U2 F' B2 R2 F2 Rw Fw Uw Rw2 B R D U2 Uw' L2 R U2 F2 R' L';2025-06-19 20:32:23;2:17.38
138;1:55.42;;D' L2 F' U2 D' L Fw B D' F' L2 U2 D' Uw Fw D' R2 Uw' F' Rw B L R' U2 L U' D R' Rw D F' B' Uw2 B' R' B' F' Fw2 L' U2;2025-06-19 20:35:13;1:55.42
139;DNF(2:01.48);;Fw L R F L F2 Uw2 U2 R F' L' D' L2 Fw Uw2 U R2 F Fw' R2 Rw' B2 F2 Uw' Rw2 L' R D R2 F L2 B' R' L2 Fw' F R2 Rw' Fw' B;2025-06-19 20:37:49;2:01.48
140;1:43.50;;B' Fw2 L2 B2 L Uw2 B' R U R2 Fw' U' B Rw2 Uw2 Fw' Uw' U2 R2 U D' R U B Uw2 L2 Fw2 R B2 D' Rw2 Uw2 U2 L2 R' Fw2 L D' R' Uw2;2025-06-19 20:40:28;1:43.50
141;1:34.10;;R2 L2 U2 R Fw2 R Fw' R' U Fw' R' L' B L' B' Rw F2 R Fw' Rw' Fw' B F' R' D L' Rw F2 Rw' L' Uw2 F Uw U' Rw2 L R B2 U' F2;2025-06-19 20:42:54;1:34.10
142;DNF(2:05.29);;U Fw2 F' B2 D' Fw' Rw Fw2 B' Rw D' R' D2 F2 U' Rw F' D L' D Fw2 B2 Rw2 L' F' B2 Uw' D R2 U' R2 Uw2 Fw D2 Uw2 U2 B' R' Fw2 B2;2025-06-19 20:46:15;2:05.29
143;1:26.20;;R2 Rw Fw' Rw R' U2 L2 F' D R' L2 Rw2 Uw' U2 F2 B' D' Rw' Fw2 B L2 U B' Uw F Rw2 Fw2 Uw2 R2 D' Fw' Uw2 L' B' Uw D' L' Fw U2 Fw2;2025-06-19 20:49:04;1:26.20
144;1:50.03;;B R Rw' F' R' L Fw L R' Rw2 B Uw' L D' U B Fw' D' L2 B2 Uw' D Rw' D2 F' R' D' R2 F L R2 D Rw U' Rw2 U Rw2 F2 B D;2025-06-19 20:51:03;1:50.03
145;2:01.90;;F B2 R2 D2 Rw U2 F2 Fw2 R B' Fw D2 F Rw F' U Rw2 D2 Fw R2 Rw2 Fw2 Uw B' L2 U2 B2 L F B' R2 B' Rw2 R' F2 Uw L2 D' U Uw';2025-06-19 21:18:03;2:01.90
146;DNF(1:09.61);;D' F2 B2 U Fw2 Uw2 U2 Rw' Uw2 Rw2 Fw2 Rw Fw2 L Rw2 B R B2 Rw2 L2 Fw2 U Fw' D2 Rw U' R' L' Fw2 R2 D B' D2 B2 Fw Uw' U Fw R U;2025-06-19 21:20:45;1:09.61
147;1:37.77;;D2 L' D2 Rw' Uw F Uw2 Rw Uw2 L' Fw' F Rw2 Uw2 R2 B2 Rw' Uw Rw D' F2 Uw' L R2 F' U2 L2 Uw2 Rw2 D' Fw' U2 B R' U Rw' Uw B' U Fw';2025-06-19 21:22:23;1:37.77
148;1:59.83;;R2 B2 D2 U Rw2 B2 R Fw2 D L2 F D' Rw Fw2 L' D2 B' Uw' D2 R F B D' Fw R' Rw' B L' D Uw Rw B' U2 Rw2 R Fw U' Uw' L2 Fw';2025-06-19 21:25:55;1:59.83
149;1:57.44;;Uw B L U Fw R F2 Fw2 U D' Fw B2 F2 D' Uw' Fw2 F D2 Uw F' D2 F2 Rw L' B2 Fw F R' Uw2 U' R L Fw2 F' U2 D2 Rw2 U' D Uw2;2025-06-19 21:28:40;1:57.44
150;DNF(1:27.86);;D' Rw' D2 L B2 F' L Uw Fw U R2 L B Fw' Rw2 B' Fw2 R' B2 L D L U Fw2 Uw U' Fw Uw U' R2 L2 Rw' Uw2 B Uw2 Fw2 B L' Rw R;2025-06-19 21:31:21;1:27.86
151;1:57.08;;Uw' Rw U D' F' D' F2 Fw2 L Uw' U F B D' U2 Fw2 D2 L Uw D2 U Fw' F D' L' Fw' L' F' Uw' L F B2 U' F' U R Rw' L2 U Rw;2025-06-20 15:23:01;1:57.08
152;1:45.62;;Fw L2 Rw' B Uw2 Fw2 R Fw L' U' B2 R Uw L' Rw2 B2 L2 Uw Fw2 Rw2 Uw' R' Fw2 R' F U' Fw2 R' D' Uw2 F2 Rw' Fw L' D Rw' U2 R B' F';2025-06-20 15:25:48;1:45.62
153;1:30.23;;Rw' U F Fw2 D Uw Rw Uw' B' Rw2 U D2 Uw2 B U2 Fw R' B2 Uw2 R2 Uw' R U2 D2 F2 U2 B' L' Uw' F' Uw2 U' F Uw' U2 R L' F2 Fw Uw';2025-06-20 15:29:32;1:30.23
154;2:16.61;;F U Fw2 D2 U Uw Fw Uw' D' L Uw U' R L Rw F2 B2 L Fw2 Uw Rw2 Uw2 R' F L F' R' Rw' F R B2 L' D L2 B2 Fw' F2 Rw' F' Uw';2025-06-20 15:31:47;2:16.61
155;2:24.94;;Fw' Uw2 D' Rw2 D2 B2 R2 Fw B L2 Uw Fw2 D' Fw2 B2 R' F R2 U B' D2 U2 F2 B L' Rw2 Fw2 F2 Uw R B' Fw2 D' R D R2 Uw2 U R2 U2;2025-06-20 16:06:50;2:24.94
156;1:37.61;;R' F Fw' R Rw2 Uw R2 U Fw' F' Uw2 L' U F2 Uw2 D2 L Rw' R2 F2 R Uw' F2 U L' Fw2 F D' L' Uw' Rw' L2 Fw' D2 Fw2 U' L' R' Rw2 Uw2;2025-06-20 16:09:56;1:37.61
157;2:03.68;;U' D Fw L2 U' B R2 U' Rw2 F2 Uw' D' Rw' U Uw' L2 Rw' B2 Uw' R' Fw U' Uw2 F' Fw' R' Fw U' L Fw D2 Rw' Uw Fw B F2 Uw2 Rw' R U2;2025-06-20 16:12:16;2:03.68
158;1:30.16;;L' D Rw Fw' Uw F2 R2 Fw' U B Rw2 Fw2 R' B F L' Fw B L2 Fw F2 R U R' L Uw2 F' Rw2 D2 R U2 F B R Fw B2 L2 B' U D2;2025-06-20 16:14:55;1:30.16
159;1:40.97;;Rw' R2 Fw R' D2 Fw Rw2 Fw D Uw2 F Fw' D R' B R F' D U2 Uw2 Fw' D' B Rw R B' Uw U' L2 R' Fw U2 Uw' Rw2 B2 L2 F B L Fw;2025-06-20 16:17:09;1:40.97
160;1:35.99;;Uw Fw2 Uw2 B2 R2 F2 L R B' Fw2 F2 L' F' L Uw' B2 Fw Rw L' R' U B2 D2 B2 Uw' U' Rw' Fw2 B Rw2 U' B2 U2 D' Rw2 U Fw' B F L;2025-06-20 16:19:43;1:35.99
161;DNF(1:11.66);;D' U2 Uw Fw F L D2 F' B2 Fw D2 Uw Rw2 R2 Fw2 Uw2 U2 L' F2 U L B' F' U Fw2 Uw B' Uw2 Fw Uw F Uw2 D' U R' F2 Rw2 U Fw2 D';2025-06-21 18:46:44;1:11.66
162;1:53.75;;B2 F' D L' Uw2 Rw' Fw U F2 U2 Fw D L2 U Fw' D' Rw' U' F2 B2 Uw2 F2 Fw R' D2 R2 Uw2 B L2 B' Uw' U F' U' D2 B2 L2 B Rw' F';2025-06-21 18:48:26;1:53.75
163;1:30.55;;L' D' R' B2 F Rw' L' Fw2 Rw2 R' F2 Rw Fw2 U2 F' B' U2 R' Fw' L' D' F L Fw2 L2 Fw U Rw' Fw2 R2 Rw2 Uw' U' R D B' R' F2 Rw2 Uw2;2025-06-21 18:51:00;1:30.55
164;1:33.44;;D U Uw' Rw' B U D2 Uw2 B Rw' R B D R' D' B Fw' L2 Rw' U' Rw F U2 F L Fw Uw Fw2 L' Fw' Uw Rw D' Rw2 B' F2 Rw F' R Uw';2025-06-21 18:53:09;1:33.44
165;1:22.57;;D2 F2 B2 Fw L2 Uw D2 Rw B2 F' Rw' U F' R Fw' R Rw2 U D' Rw2 Fw' U F U' Fw' Uw2 B2 R2 L2 B2 Fw' U2 Rw' Fw' D2 B' F2 L F Uw';2025-06-21 18:55:26;1:22.57
166;1:47.77;;R2 D2 F2 Uw U F' Fw R' Rw' D' Fw' B R Uw' R2 Fw' F Uw2 D' R Rw2 L' F' D' U' F' U' D2 Fw2 D Uw Rw2 F Fw' B' Uw2 B' D' F' Fw';2025-06-21 18:58:44;1:47.77
167;1:26.71;;D Rw2 F2 U2 Fw2 L' F' U Rw' Uw2 F' Uw' F2 Fw2 Uw2 Rw R2 L2 Uw' R2 Rw' U' R' Fw2 L F' U2 Rw' L2 B Uw2 Rw R' Fw2 R D' Fw' B2 Rw2 F2;2025-06-21 19:01:21;1:26.71
168;DNF(1:34.35);;R Rw2 F2 L' B' U B2 Uw' U B2 Rw' R2 L Uw' D' Rw' D F2 Rw2 U Rw2 Uw2 D' Fw2 B U' R' U2 B' Uw' B2 R' B Fw U' Rw L' F Rw B;2025-06-21 19:03:29;1:34.35
169;1:57.73;;L D2 F' B U' F2 D U' Fw' R L2 Rw' F' L Rw U Uw Rw' B U2 Rw F2 U D' Uw2 R2 Uw' Rw R Uw2 R' B' Uw U F B' D' Uw R2 U2;2025-06-21 19:05:31;1:57.73
170;1:23.20;;Uw' L2 R2 Fw' Uw2 D2 Rw2 D' R2 F2 L2 Rw R2 Fw D2 F B' Uw Rw F R U2 B Fw F R' F' R2 D2 U' Rw' D Fw Rw Fw2 Rw F2 L' Fw2 D';2025-06-21 19:08:04;1:23.20
171;2:17.01;;Uw D' L R' Rw B2 U D Uw' Rw2 D' Uw2 Rw2 Fw2 R' Fw' B R' B D' L' Uw' R2 F2 B' Fw' L' B2 Rw R Fw' L B2 Rw' D Uw' U Rw2 B' F;2025-06-21 19:10:12;2:17.01
172;1:22.51;;F2 B Fw L2 R' F' R2 Rw2 D2 U2 Uw' F' R2 L' Fw F' B' R Fw' R F' U' R2 B2 Uw2 F' Uw' B U' F' B2 Fw' U' Rw2 Uw' F B Fw Uw R';2025-06-22 13:21:41;1:22.51
173;1:24.52;;F B2 D2 Fw' U F' L B Fw' D F2 L' Fw2 R2 Uw2 Fw2 U Fw D' U' Fw U' Fw L2 U' Uw2 Fw2 F L R D2 U2 B Uw2 Fw2 R2 F' Rw F' Rw;2025-06-22 13:23:55;1:24.52
174;1:27.49;;L2 B' Fw L B F' R2 L2 Uw' L Fw B U' Rw2 D' U F B U D2 F Rw R Uw' Rw2 Fw' B2 Rw2 F B2 L2 R Uw R' F2 B2 Uw2 U D Fw';2025-06-22 13:26:08;1:27.49
175;1:30.77;;D' B2 Uw' L Rw D2 R B Uw2 Fw U R' B U2 R' Uw' L B U' L2 Rw' Uw' L' Uw D2 Rw' L' R' B Rw Uw' B' L' Rw F Rw L2 Fw D' F2;2025-06-22 13:32:01;1:30.77
176;DNF(1:37.35);;B2 Rw U2 Rw' B' Rw2 B' Uw2 L2 F' Uw Rw L' D2 F2 B' Uw' U' R2 Fw2 Rw' L' B L Fw' R2 D L F' D B Fw2 R2 Uw2 L2 Rw' D' Fw2 D' R2;2025-06-22 13:34:22;1:37.35
177;1:20.34;;R2 Rw' Uw' U Fw2 L2 B Fw F U2 D' Fw R' U' D2 L2 B L' F2 Uw Rw2 F R2 Fw F' D2 R Fw2 B2 Rw' F' L2 B2 D2 Fw2 Uw Rw2 U' L' Rw2;2025-06-22 13:36:28;1:20.34
178;1:16.99;;R' Fw2 B2 U2 Fw2 Uw Rw2 B2 U2 F U2 R' D Uw U L2 F' B2 L' Rw B U2 Rw2 Uw Rw2 Fw L Fw2 U Fw2 U' Uw2 B2 Uw D' Rw2 U Uw F B2;2025-06-22 13:38:44;1:16.99
179;1:37.40;;Fw D' Rw B2 U' F' B U' D Uw2 R' Fw Uw2 Fw L Fw R2 Rw B Rw' R' U D2 L R' U R Rw2 L' F' D2 F U2 L D U' R2 F B Rw;2025-06-22 13:40:47;1:37.40
180;1:49.57;;F Fw Rw U' L2 R F2 Rw D' B2 D Uw Rw' L B' F R' U' F' R Uw' F' B L2 B2 F D' R Rw2 B Rw2 Uw2 R' Uw R' Fw' U' Uw B2 D;2025-06-22 21:36:33;1:49.57
181;1:52.37;;F' Rw' Uw' R2 Fw' F Uw D' F L' R D Fw2 R L' Fw D2 L U' L' Uw2 Fw2 L U D2 L' Uw2 Rw' D2 Uw2 L' Uw2 Fw2 R2 L Uw Fw B L2 R2;2025-06-22 21:39:03;1:52.37
182;1:52.72;;Fw D' L' U2 L' B' U2 R L2 Rw' D' Rw F' Rw Fw R F2 U2 F' B' Fw2 Uw2 U Rw2 U2 Uw2 F L' D' U2 Fw2 R F U F2 U' L' D2 Uw U';2025-06-22 21:41:31;1:52.72
183;2:01.38;;D2 B U' Rw F2 Uw L2 F' L2 Rw' Fw' D2 L B' U2 Fw' U' D' Uw2 Fw L2 Fw2 Rw Fw2 L B Fw2 D B' Uw2 L2 F' B' D' R' U L' Uw' Rw2 B2;2025-06-22 21:46:02;2:01.38
184;DNF(1:40.92);;D U B2 Uw2 L' D Uw2 L2 R B F2 L' Uw2 B Fw' R2 Fw R' Rw' U2 Rw' Uw L' R2 F' U2 Uw2 Rw' B' F Uw R' D U2 R' B Rw2 L' B2 Uw2;2025-06-22 21:48:41;1:40.92
185;1:47.28;;B Rw' Fw' L2 D2 F' U2 Fw' Rw' Fw' D2 F' Fw' D' Fw2 Rw2 Fw' R Uw L' U Uw2 Fw F U L' B2 F2 Rw L' Fw Uw Rw F Fw2 U R2 Rw Fw' U;2025-07-06 17:48:13;1:47.28
186;1:10.06;;U' Fw2 R Rw F2 B Rw' B' U' Fw L' B' R' Fw' D R2 L Uw U' Rw' R' F' Fw D' Uw' L' Rw Fw Uw U' R L' Rw2 D2 Rw F' Uw' U2 Fw' D';2025-07-06 17:52:06;1:10.06
187;1:34.85;;Rw2 F' Uw R' F' Fw2 L' Uw Rw' L2 D2 U R U D' R Uw2 Fw L Fw' D' L R D2 Rw2 Uw' U L' Rw2 F L2 Uw F L' Rw D' R2 F' D2 Uw;2025-07-06 17:54:07;1:34.85
188;DNF(1:40.26);;D2 Uw' F Rw' B L' D2 L' R2 Uw L' Fw2 Uw Fw L' D2 F L2 Fw' B' R' B' D2 B' F' U Rw R2 B' Rw' Fw2 B D' Rw2 L2 R U Uw F' L';2025-07-06 17:56:33;1:40.26
189;1:35.30;;L' U' Fw R2 F Rw F Uw L2 B' F' L' Rw D L' D' Fw B' Rw2 F L Fw F' L' Rw2 Uw2 B2 Fw' Rw Uw U' B2 F U2 R L2 F' U2 R2 U';2025-07-07 23:10:21;1:35.30
190;1:44.23;;L U B Uw' Rw2 L' Fw' F R2 Fw' R2 F2 Rw' D2 Uw Rw' B R L2 Fw U' Rw' R F2 R Uw U' R' Uw2 Fw2 Uw2 L' B' D L' U2 Uw2 L Uw' Fw';2025-07-11 23:58:12;1:44.23
191;1:43.70;;U' B' D2 Rw F2 U Uw' L' Fw D' R F L2 Fw D Rw' Fw2 U2 Uw' L' F' L' Rw' R Uw Fw2 L Fw2 Rw' B2 Uw B' F' Fw Uw2 B2 R B' R Fw;2025-07-12 00:00:47;1:43.70
192;1:22.30;;Uw' L F2 U B2 D B L' B2 R Rw' Uw' L' Rw2 R Fw2 F2 R' Uw' R' B' L2 Rw R2 D2 Fw' Rw' R2 U L2 R' Fw B' Uw2 R2 Fw' B' Uw R2 F2;2025-07-12 00:03:05;1:22.30
193;1:25.72;;B2 F Fw2 D2 B2 Rw2 L D2 Fw2 D Fw R Rw2 F Uw2 F' Rw R Uw' R2 Rw Uw Rw' B D2 R' Uw R L F Rw' R2 U2 Uw F' B2 Rw2 R Fw Uw2;2025-07-12 00:05:11;1:25.72
194;1:17.39;;Uw2 U' R' D Rw' R U' F' R' U' Rw2 R' U' R' U Uw D' B2 L2 D2 L2 F2 Rw' L' F' Fw2 U2 B L R2 F Rw' Fw B2 L R2 Uw D2 Rw2 F2;2025-07-12 00:07:38;1:17.39
195;1:43.30;;F L' Uw F' L' B2 Uw' U2 B' R' Fw2 F' B L2 B Rw F' L' Uw2 B' Fw' U' Fw D' L Uw2 B F' D U2 L' R' Rw2 D Uw B Rw' D' U' Uw';2025-07-12 00:09:41;1:43.30
196;1:35.42;;B D' L2 Fw' B' Rw2 L U D2 L' Uw' Rw' R D' R U2 Uw D' R2 U' F Rw' D2 U F' Uw' B' D' Rw' Fw U L' D2 Uw Rw' F' D' B F Fw';2025-07-30 18:42:45;1:35.42
197;1:35.90;;B2 R' B U F2 U2 R Rw2 U D' Fw' Uw Fw' Rw D U' R2 U' Fw D2 U' R2 U2 Rw' B2 Uw F2 D2 F2 U2 Fw L' F B2 Rw2 F' U Fw U' Rw';2025-07-30 18:45:06;1:35.90
198;1:15.18;;U2 L' U R' L2 D' F' Rw2 F2 B L U F B' Rw' Uw R' F' U' Fw' U2 Rw' R D' Uw2 F Fw2 R' Fw' L U' Rw2 U2 Fw' D' Uw B2 R2 U' L';2025-07-30 18:47:14;1:15.18
199;1:13.64;;Uw2 R' Fw F2 B' Uw2 L' R2 Rw2 F2 L' Uw L Rw2 Uw' R2 B' Rw R L' Fw' D2 R Fw2 L B L2 Fw L' Fw Rw D2 U F' Uw2 D2 Fw2 U2 D2 F;2025-07-30 18:49:12;1:13.64
200;1:19.50;;B Fw2 D' F Uw2 B2 Rw2 F2 D' Fw2 R Rw2 Fw R' B2 U' L' B2 F2 D U L' R B' Rw Uw2 B' D Fw' B2 L2 U D2 R D Uw Fw2 B R Rw';2025-07-30 18:50:54;1:19.50
201;1:37.73;;L' R' D2 Fw2 D' Uw R' Rw2 D2 L' F B' D Rw' Uw B' D2 B2 U2 Rw R' U2 Fw' Rw L2 F2 L Fw Rw2 Fw' B2 R Uw L U2 Rw F2 B' Uw' Fw2;2025-07-30 18:52:36;1:37.73
202;1:24.61;;U' L' Uw F2 R' Rw2 B2 D F L' B2 R2 Rw2 U L' Fw2 R2 U' Fw B2 F2 L D2 F Fw' Uw2 U2 Rw' D' Uw2 R' Uw R2 D2 Fw2 R Fw' L Rw2 R2;2025-07-30 19:01:59;1:24.61
203;1:26.60;;U B2 L U' F2 D F Rw' U2 Rw' L Fw D L Uw' F2 U Uw Fw U2 Rw2 Uw' F Fw2 U' L2 Rw2 R B D' R Rw Fw' F U D' Rw F2 Fw Rw;2025-07-30 19:03:49;1:26.60
204;1:27.32;;D2 B2 Uw R2 D2 U2 R' Rw' B' Rw2 U' B2 Fw2 L' U' Fw2 U' R' F2 L2 Fw2 L R' Fw2 F' B' D Fw2 U' D' F B2 Fw2 Rw Fw D B D Rw2 L2;2025-07-30 19:05:38;1:27.32
205;1:12.93;;Uw' F' R2 L D' Uw2 Fw' Uw B' F' Rw' Fw B2 D' R' L2 D' F2 B' Fw' Uw' B2 Fw U2 Uw' F' R F' Fw L2 Uw2 U' F2 R2 Fw B' Rw U Fw2 Rw';2025-07-30 19:07:33;1:12.93
206;1:28.43;;D' Rw2 L2 R2 D B2 R Fw D2 U2 L' D F Fw2 R' Fw' U D' Uw' R' D L' F2 D' U2 Uw Rw Fw2 L' Fw2 F L Rw2 Uw2 Rw2 R2 Uw' B2 U D';2025-07-30 19:09:24;1:28.43
207;1:31.81;;Uw' U F' Fw2 B2 U Fw Rw' R2 U B2 U R2 Rw2 L' Uw Fw' Uw Rw U R D2 L2 D Rw' Fw2 Uw' Fw2 Rw2 L F' Fw2 B L2 B2 U Rw2 D2 Fw' D';2025-07-30 19:11:12;1:31.81
208;1:25.87;;Uw L D B' U' B' Fw' R L2 F Uw R' Fw' B' Rw2 L' Uw F Fw2 R' Fw' Rw' Uw' F Rw2 U D2 Fw Uw' R2 Rw2 Fw2 D' U2 R2 D' Uw2 B F U;2025-07-30 19:13:18;1:25.87
209;1:40.11;;U B2 D2 R2 B' U Fw' F' B L Fw R2 U D' Fw2 F D' Fw2 R' L' Uw U' L' B' L' Uw2 U D2 L R' D R2 B2 R' F' R L2 Rw2 B Uw';2025-07-30 19:15:23;1:40.11
210;1:29.35;;F Rw' U' Uw L' F2 Fw R2 Uw Fw R U Fw Uw Fw U Uw R' Uw2 R' D L' D' U' Rw2 F2 L2 R' Rw2 B R2 F' U2 F' L' R Rw' Fw Uw' U2;2025-07-30 19:17:47;1:29.35
211;1:37.68;;Rw2 Fw D2 B2 F2 Rw' Uw Rw D2 R' Fw' Uw2 L Rw B2 F Fw D F2 Uw2 Fw Rw2 B D' Fw2 Rw2 F2 D F Uw2 L D2 U Uw L' U' Fw' L Uw2 Fw2;2025-07-30 19:19:45;1:37.68
212;1:42.43;;L' Rw' D' R' D L R B L2 Fw2 Uw' B' D L R D' Rw2 Fw' L' B R D2 F2 R Fw R' Fw' D Rw F U' Uw' R2 Rw D' B2 R B2 Fw Rw;2025-07-30 19:21:44;1:42.43
213;1:32.53;;Uw B2 Fw Rw2 L' B D2 F2 B Rw2 D R' Rw' D' F R2 D' U2 Rw D' Rw Uw2 Rw F R Rw D' Fw2 F R D2 R F2 B' Fw2 U' D2 Fw2 Rw' D2;2025-07-31 16:34:22;1:32.53
214;1:09.62;;B' D L U' Rw' B' F Fw2 L2 R2 F B' R2 L Uw2 Fw' U R2 F L B Uw Rw' R' Fw2 R2 F D2 Uw2 Rw D2 B' Fw2 D F B2 U F' L' Rw;2025-07-31 16:36:28;1:09.62
215;1:23.88;;U2 L2 F' U Rw2 L' R D2 Uw' F2 R' L' Rw' Uw Rw2 Uw2 B U L' B Fw' D' R2 Rw' Fw2 B Uw2 L2 R F' Uw2 B2 Rw2 Fw2 R D2 Fw2 Uw' U F;2025-07-31 16:38:12;1:23.88
216;1:30.72;;Uw' Rw' D2 Uw R' Rw2 Fw2 D2 U Uw L2 U2 Fw2 F Rw Fw L2 F L2 Fw U2 D Rw' L R U' Rw D L' Fw' Rw' L' F2 Fw' D2 B' R' B' U2 D2;2025-07-31 16:40:07;1:30.72
217;1:46.35;;Rw2 U2 Rw' R' U2 R B' D2 Rw2 F2 D' Fw' L Rw D2 R Uw Fw' D L R2 D' R' Fw2 Rw2 Fw' Uw Rw F L2 B2 L2 U' B' Uw2 D2 L2 Fw L Uw2;2025-07-31 23:37:30;1:46.35
218;1:50.41;;Uw2 B2 Uw' D' R Fw' Uw B U2 Rw B' R' U2 R B' R2 L' B U R2 D2 U R2 B' R U2 Uw2 D' Fw' B2 F' D' R Rw2 D2 U' Rw D' Fw F';2025-07-31 23:39:56;1:50.41
219;1:38.62;;B2 U2 R' Fw' F' R' Rw2 Fw' B D2 U R2 B2 L' U' F2 Rw2 L Uw2 B U Fw U2 Uw' Fw2 D U2 Fw F2 Rw U Fw' B2 Rw R L2 Fw' D2 F Rw;2025-07-31 23:42:08;1:38.62
220;1:28.00;;Fw' B2 L' Rw' R D Uw' L U R2 D Uw2 Rw2 L2 U2 Uw' R' B2 U Uw B U B R' L' U2 D2 F' B2 Fw' R2 Fw2 F2 Rw' R F2 D' L2 Rw' Uw';2025-08-23 10:49:23;1:28.00
221;DNF(1:34.22);;F Fw' B' D' Rw' B Rw' U2 D' Fw R' D' Uw R L U Fw2 Uw2 Rw R' L Uw' U' D' Fw D B' L F' U' L R2 B' L' U2 F2 Fw' Rw Uw Rw;2025-08-23 10:51:42;1:34.22
222;1:38.51;;F' Rw2 F2 Rw2 F Fw U D2 R' F' D' B' Fw Uw R Fw' Rw Fw2 L2 Uw' D2 F U2 R' Rw2 B2 L2 F Fw2 Rw R Uw2 F' Uw2 D' F Rw2 D2 U' F';2025-08-23 10:54:28;1:38.51
223;1:41.39;;R2 L' D2 U' B' Uw' F R' U2 Rw2 U B2 Fw' F' Uw L Rw2 B2 R2 Rw' U2 R2 B R2 Rw2 F' L Rw' F2 Rw U' B' R' B' Fw2 F D L2 Fw L;2025-08-23 10:57:05;1:41.39
224;1:14.65;;L2 R2 Fw2 U2 F' R B' Fw2 F' D Uw2 B F2 Fw2 Uw2 L Fw B' F D Uw' B2 U R B2 D' B' D L D2 Fw' R U' Uw R' Fw' Rw Uw' L2 D2;2025-08-23 10:59:13;1:14.65
225;1:25.61;;U' F B' U R' U2 L R' F2 B2 U B2 L' B2 Uw2 F' D2 Rw2 R2 D2 L' F' L2 Rw B Uw2 R' D Rw U' R2 L Rw' D U2 B R2 Rw D2 L;2025-08-23 11:02:38;1:25.61
226;1:13.45;;Fw2 L' Fw R2 L' F B' Fw2 Uw2 B2 D2 B U Rw' U2 L2 F' R2 U2 R' F L Uw2 D2 U' L Fw2 D Fw' R2 U Uw' B' Uw U' Fw' R Rw' F R';2025-08-23 11:04:55;1:13.45
227;1:32.03;;Uw2 R Uw' D' L2 U2 B2 Rw2 B2 R2 F2 Rw' F U2 B' L R U' B' R' F' B2 R F' R2 D' F Fw L' Rw' U' B' R' Uw2 B' L' Uw2 L Rw2 F';2025-08-23 11:06:39;1:32.03
228;1:28.36;;U' Fw D Rw L U Rw' Uw' F' R2 D2 L2 Rw2 R F R2 Rw2 F L2 R D R2 U' Rw' Fw U' D Uw' F Rw U2 F B' D' Fw' B2 D U2 Rw2 Fw';2025-08-23 11:08:36;1:28.36
229;DNF(2:01.82);;Rw' F B' Rw2 Fw' B' D2 U Uw2 R2 Fw2 L' B Rw F' U2 Uw R' F Fw Rw F Fw' L' Rw Uw' Rw2 F U2 L' B' Fw2 Uw2 Fw F D F' R' F2 Rw;2025-08-23 11:14:23;2:01.82
230;1:22.46;;R' L U2 Fw U Rw2 B2 R' L Uw' F' U2 R F' R Fw2 Uw' F L2 D2 U R D2 L F' R' L Uw' U' Rw' D2 U2 Rw2 Fw2 R2 B' R Rw2 L2 Fw;2025-08-23 11:17:08;1:22.46
231;1:19.77;;R2 D R' Fw2 F2 Uw' D' Fw' F2 Rw2 L R2 B' U L' B' Fw D' R' Fw L Uw' Rw' Fw U' B2 Rw' Uw' D2 Rw' F2 D' B' L' B2 L R' Fw' B' L2;2025-08-23 11:19:01;1:19.77
232;1:35.00;;L Fw' Uw2 D2 L2 D' R D R L' Rw U2 Rw F' Uw2 Fw D2 L Uw2 Rw2 Fw' R' Fw R2 F2 L' R' Uw2 F2 Fw2 R' Fw2 L2 B Fw2 Rw Uw2 D2 R' B;2025-08-23 11:52:53;1:35.00
233;DNF(1.13);;B Uw2 Rw' D2 B2 R' D2 U L2 Uw2 L B R2 U2 F D2 Uw B' D' Uw' B Uw D' R2 U2 R L2 F R D' L D Uw2 R B L R' D' U2 R;2025-08-23 11:57:34;1.13
234;1:27.94;;F' R' Uw' Rw2 F2 R' U' L2 R' B2 Fw Uw2 R D Rw U Uw Fw2 R' F2 Fw Rw2 R' Uw' B' F' Rw2 F' R2 F' Uw Fw' R2 Rw' Uw B' Rw2 L2 Fw F;2025-11-07 17:31:18;1:27.94
235;2:12.36;;Uw Rw B' F2 L' Rw2 B Uw' L U' F D' Uw2 B' R2 U' D' R' D' B' Uw' D L Rw U2 D F2 Rw' F' B' U' Fw' U' Rw B2 Rw Fw2 D' Fw Rw';2025-11-07 17:33:12;2:12.36
236;1:20.46;;R' B U2 Uw B U2 Rw2 L2 R D Rw' Uw R2 B' D2 B2 Fw' F R2 F Fw' Rw2 B' Fw R' Rw B2 Uw2 U B R Rw' L D' R Uw2 U D L2 B;2025-11-07 17:36:16;1:20.46
237;1:34.80;;L D2 U2 F' B2 R B2 Fw' Rw' Uw2 R' D2 L Rw B R2 U Uw' Rw' Uw2 Fw' Uw L' Uw2 F U2 Fw' Uw2 B' L' Uw' B F' D F U' F2 Fw2 Uw Fw';2025-11-10 23:06:57;1:34.80
238;1:13.64;;F U2 R' Uw D' U Fw B' Rw U L2 F2 Fw' B' Rw Fw B' Rw2 R Uw L2 Fw2 B F' R2 L2 D2 L2 B' R' F' L' Rw R D' Fw' L' U F R';2025-11-10 23:09:25;1:13.64
239;1:14.24;;Uw Rw U' Fw2 Uw2 B D2 Fw2 Uw2 Rw F Fw' Rw R2 L' Uw2 R2 D2 R2 B U2 Rw Fw2 U2 L2 Uw Rw R U' L' F Fw2 B2 Uw2 B2 U' L2 R D Fw;2025-11-15 08:37:25;1:14.24
240;DNF(1:49.50);;F Fw2 D R' Rw F Rw L Uw2 Fw D2 U' B F2 L2 F Fw' B Rw R2 U' Fw B' Rw2 R Uw D R Fw' Uw R U' B' L2 U' Uw2 Fw2 F2 R2 L';2025-11-15 08:39:38;1:49.50
241;1:31.94;;U Uw B' U2 D2 Fw2 D B2 D' F Rw D F' D2 U Uw2 L D2 U R' Fw2 R' D Uw U2 R2 Uw' R Fw' F' U Uw' L2 F2 D L' D' Rw' B R2;2025-11-15 08:41:55;1:31.94
242;1:29.71;;B L D Uw Fw2 U Uw F' Fw Uw' F R' F2 Rw' R2 L2 D' F' L' B2 D Uw2 L2 R Uw' R' F2 D' Fw F' Rw R' L' Uw L2 Fw2 B U R2 Fw2;2025-11-15 08:44:07;1:29.71
243;1:27.23;;L' D R' F D' Uw Fw2 R' Uw B2 U L F Fw2 R' L' Uw Rw' F Uw U2 R2 F U' F Fw2 L2 F L2 R2 B2 R2 U2 Uw' L R D B U2 L2;2025-11-15 11:49:24;1:27.23
244;1:12.89;;B U Fw F D2 Fw2 Rw2 R' U Rw' B2 Rw R' B2 Fw F' U2 F2 Fw D' U2 Fw2 Uw2 Rw2 U2 F2 Uw' Fw' F' R Uw' R' L D' F2 Fw2 U Rw Fw B2;2025-11-15 11:51:30;1:12.89
245;1:34.32;;Uw2 U' L D' U2 Rw2 Fw2 B' D2 Uw U L2 U2 R B2 L R2 Uw' U F2 B' R2 Uw D' Rw' B' L' F Uw Fw' D2 B2 Fw' L D' B2 Fw R D' U;2025-11-15 11:55:42;1:34.32
246;1:58.07;;B Rw' R D' R' L' Fw B' L R2 Rw2 Fw B2 R' U' B2 D' L' U' R U2 Rw2 F' D F U2 L2 Rw U Rw' D2 F2 D' B' D R' U' Uw2 L' B2;2025-11-15 12:04:14;1:58.07
247;1:25.67;;Fw R' D2 R' Uw' Fw2 U2 Fw2 D' Uw2 U' B2 Fw L2 R Fw' D' Rw R' F2 Fw2 L2 Rw2 U Fw U' Uw' Fw Rw' U B2 Fw2 Uw2 R B2 D' L B Uw2 U2;2025-11-15 12:06:52;1:25.67
248;1:29.95;;L R Fw2 U Uw R D2 U' Fw2 B F2 D2 Fw' B F' D' Uw R Rw' U' Rw Fw2 B R' Uw F U2 B' R F Fw2 D R2 Uw2 Rw' B U2 B' D2 F;2025-11-15 12:10:30;1:29.95
249;1:24.38;;R Uw' Rw B Fw D' Uw U2 L' Uw2 D B' Rw U2 Uw Rw F' L' D2 Uw L' Uw2 Rw Fw' Uw' B' Uw R' B L' D Fw2 Uw' Fw U B L F' Fw2 D;2025-11-15 12:14:19;1:24.38
250;1:18.57;;D Fw2 L' Fw' L Uw B' F2 U Fw2 B2 F' Uw L' F2 B Uw' L R Fw' Uw2 U2 Fw2 R' Rw2 D' Fw L Fw L F2 L' R B Uw' Fw' F2 R' B' Rw;2025-11-15 12:16:19;1:18.57
251;DNF(1:30.98);;B D' R2 F Rw' R L F U' Fw2 L Uw' L2 Rw' Fw D B' D2 R D Uw L B2 R' Uw2 U' B' L Uw2 U2 R2 F2 Fw D2 R' Uw Rw2 R F2 Fw;2025-11-15 12:27:41;1:30.98
252;1:18.74;;Fw U' Fw Uw2 B2 Rw Fw' L2 U' B L2 D' Uw2 B Rw' B Rw F2 Uw2 Rw' B' Rw' U' L2 U Rw' F' D' L' U' L R Fw2 F U2 D' F' Uw' Rw2 U';2025-11-15 12:29:38;1:18.74
253;1:20.39;;Fw R F2 U' R L2 Rw Fw' B Uw U' Fw2 L Rw2 F Uw D2 F2 Uw Rw2 Uw B' D2 U' Uw B' L F2 Fw2 Rw2 L Fw B' L Fw' Uw' U F L2 D2;2025-11-15 12:31:36;1:20.39
254;1:50.73;;B' Rw Fw2 L2 R Rw' U2 Fw U' Rw2 Uw2 U' F2 U' Uw F' Fw Uw' B U' B Fw D2 L B R' Rw D Rw2 B' Rw B L' U2 D' R B' D' R' F2;2025-11-15 12:33:34;1:50.73
255;DNF(47.09);;Uw2 Fw F2 R U L Rw U2 L2 R Fw D U Uw' F' R L' F2 Rw2 R2 F2 Uw' R2 F' Rw' U' Rw' F2 Rw L' Uw2 U Rw' F2 B' U D' B' Fw F2;2025-11-21 20:59:16;47.09
256;1:29.92;;F' Uw2 D L2 Rw' Fw' R Rw2 B' Uw2 R' Fw R Fw Rw' F Rw2 B2 Fw R2 Uw2 U2 Fw F B' L2 Uw2 Fw2 Rw' Uw L' Rw' Uw Fw' Uw F U Uw' R Rw2;2025-11-21 21:00:34;1:29.92
257;1:13.40;;Fw' F' U Fw' U2 D' Fw2 Rw F' R2 F' U Fw L2 Rw2 Fw L D2 B' D' Rw2 F R L2 F Uw' D' Rw' Fw2 B' Uw2 L2 Fw' D F' D2 F2 D F Uw;2025-11-21 21:02:56;1:13.40
258;1:37.74;;U' F Fw2 R2 L2 Uw2 R' F U L' Fw B' Uw Rw' Uw U R Fw' U2 Rw2 L D2 U2 Uw2 Rw' D Rw Fw U D' B' Rw D' U2 R Fw' Uw2 D' R F;2025-11-21 21:05:05;1:37.74
259;1:03.48;;Rw2 Fw R' F2 B L2 Rw2 F' U' Uw2 L B D' U F2 Uw U' F' Rw2 Uw' U2 Fw D U' Fw' R Uw Fw Uw U R2 D2 F' Rw' L Fw' B2 R Fw U;2025-12-18 21:34:44;1:03.48
260;1:32.15;;R2 Fw Uw R' D' Uw' F U R' F U2 L U' L2 D' Rw' L2 D F U Fw2 Uw Fw2 B' L2 Fw' U F Uw2 F Rw2 B2 U Fw L' U Fw' B R Rw;2025-12-18 21:36:14;1:32.15
261;DNF(1:13.18);;R2 Rw Fw' D' F2 R B' D2 Uw2 F L2 Uw F' U' Fw' L Uw2 Rw' Fw' B' D' Fw2 R' Fw2 Rw' Uw' R2 F' U Fw2 Rw' L2 Uw L Rw' R D' Fw D Rw;2025-12-18 21:38:22;1:13.18
262;DNF(1:34.31);;Uw D Fw2 L' Uw D' Rw B D2 U' Uw' R2 Fw2 Uw2 L2 Uw Rw2 L2 F2 U' Uw2 L2 Uw2 Rw2 Fw L R D2 L R' Fw' U Uw2 Fw R B D' F2 D Fw';2026-01-04 10:28:29;1:34.31
263;1:37.03;;Rw' Fw Uw' Fw R2 Uw' U2 B2 L' D' Uw' R2 D B2 D' F2 B' Fw2 L' D2 Uw' B2 Uw2 R' D B' F' Rw' Uw' Rw' D' Fw' F' U Fw2 U2 Rw' R2 Fw' U';2026-01-04 10:42:36;1:37.03
264;1:43.39;;Rw' Fw2 D Rw Uw' Rw2 L' R' Uw' Rw R2 Fw U F Fw2 L2 R' Uw' Fw' R Uw Fw Uw Rw Fw L Rw2 Uw L' Uw2 Fw' B' L' Fw2 L' Uw L Fw2 D Uw';2026-01-04 10:45:17;1:43.39
265;1:19.25;;Rw' D F R' U2 Uw2 R' D2 L' U Uw2 R2 Rw Fw' B F' U2 Fw2 L B2 Rw Fw R U' D' B' Uw' Fw' B L2 Fw2 Uw' B2 Fw2 F Rw F2 Fw2 L' Fw;2026-01-04 10:49:29;1:19.25
266;1:13.97;;B' Fw2 Uw' Fw' Uw2 Rw' F2 B Fw2 Rw2 Uw2 F D Uw2 F R' Fw2 L Rw U' B D R' B' L' F' U2 Rw' F' L F2 R' B F Uw2 Rw2 Uw2 D' Fw' F2;2026-01-04 10:51:37;1:13.97
267;1:22.95;;R' Rw2 F' Rw B2 Fw R Uw' Rw' B' R2 U2 Rw2 U' L2 Uw2 R Rw2 L' B' U' F U2 L2 D2 R' L2 U2 L2 F' R' B U Fw2 B R' Uw U2 Fw F';2026-01-04 10:54:34;1:22.95
268;1:41.53;;D2 Fw' F U2 F2 U2 Fw R2 Fw2 B' R B2 Uw' Fw F R Rw' Fw2 U' Uw2 Rw2 R L Uw2 U F2 Fw' L F Fw D Rw B D2 Fw' L2 Rw' Fw2 B2 Rw2;2026-01-04 11:54:02;1:41.53
269;1:19.80;;Uw B' Uw2 Fw2 Uw' F2 R U2 B' R' Fw2 Uw F2 U' B U R F2 U Rw2 B' U' L B' Uw2 Fw' D2 Uw R L' Fw Uw2 F2 B L2 U B' Uw D2 Rw2;2026-01-04 11:56:19;1:19.80
270;1:33.49;;D' R D Fw L2 Rw' F' Uw D F' Fw2 Uw Rw U2 L F' Rw2 D' U2 R' D' Fw2 F' R2 Rw' Uw F' Rw Uw2 Rw2 L' Uw U' Fw L' B2 Fw' D2 R' B;2026-01-04 11:58:17;1:33.49
271;1:18.66;;R U2 B Uw L D' U2 Uw F2 R Uw2 R' F2 Uw2 Fw' Uw' L R B Fw L' B2 L2 U2 B' F2 R2 U2 Uw' Fw' Rw' F' D' B Uw' U2 B' Uw' F2 Fw';2026-01-04 12:00:30;1:18.66
272;1:54.01;;Uw2 Rw L R2 F' Uw' B' Rw B' L2 F2 Uw L' Rw Uw R2 F Rw' F' Uw2 D' L' Rw' R' D U2 Uw Fw Rw' R2 L2 B F2 D U' Rw F Rw Uw2 Fw';2026-01-04 12:02:33;1:54.01
273;DNF(1:03.81);;U2 Fw' Uw' R2 F U Uw' Fw' Rw R2 F B2 Fw2 L F Uw R Rw B2 L' B' Uw' F' D' Uw2 U F' D2 B2 Rw' D' F2 B' Fw2 Rw2 B' Fw2 D B2 Uw2;2026-01-11 12:36:32;1:03.81
274;1:14.77;;Fw2 F D Rw2 R2 D' F2 Fw Uw2 F' U' R2 F2 D2 B2 Uw' L2 R2 Uw F' B2 Fw L' Rw' Fw' F Rw Fw' R' L2 F2 Uw' Rw' Fw' U Uw2 B2 Rw Uw R';2026-01-11 12:38:17;1:14.77
275;1:16.21;;U B U2 Fw U R' Uw2 Fw2 D R L' F Rw' L2 R2 Fw Rw' B F' Fw' U B2 D2 Uw2 B2 R2 L D2 Rw2 L' D' U' L2 Uw' F2 D R' D Rw B;2026-01-11 12:40:14;1:16.21
276;1:29.74;;R' Uw2 D Fw L' D' B' Uw Rw' R' U' Rw F L Rw B' D' L2 D Rw2 B2 Rw2 Fw2 L Fw2 F2 B' U2 Rw' U' Rw' R' U2 Rw2 Fw2 D2 Rw' R2 F Rw;2026-01-11 12:42:09;1:29.74
277;1:24.71;;L2 Rw2 B Rw Fw2 B Rw2 D' U F' Fw Uw D2 Fw2 Uw' Fw U Fw Rw' R' B Fw Rw2 D Rw' U B2 Fw F' L D' U R Uw U' R' F' U' Fw' F;2026-01-11 12:44:19;1:24.71
278;DNF(1:35.50);;U2 Rw' R2 Uw2 B U2 R' Fw2 L2 F2 Fw' U2 B R' Rw2 Uw' Fw U' Rw B' L2 Fw' Uw2 L2 F' Rw' Fw L2 F L2 R2 U Rw2 F' R' U D' L' U2 R2;2026-01-11 12:47:54;1:35.50
279;DNF(1:10.41);;F' D R F' Fw2 B L Fw L2 B U D2 Rw' L2 F2 Fw2 L2 Fw R' Fw L2 Rw Fw Rw' R2 D' Fw2 B R F2 Uw2 D U R Uw' U2 F2 U' Uw2 Rw;2026-01-11 12:51:47;1:10.41
280;DNF(1:37.60);;F' Rw D' L2 B2 Fw2 R2 Fw2 F B' D R2 D' F' L2 Rw R2 F L2 R' Rw D' F' Uw2 Fw F2 Uw2 L2 F L' F U2 Uw' R' B' Uw F' Rw D' R';2026-01-11 12:58:09;1:37.60
281;1:28.50;;Uw Rw' R2 L F' Uw' Fw Uw2 U2 D R' L2 Uw R F' R' B D' Rw F' Fw Uw D' L2 Rw2 Uw' D B2 F' L' Uw2 B' Rw' R' Fw U' Fw D' U2 F2;2026-01-11 15:23:43;1:28.50
282;1:10.53;;L Fw' Uw L' F' Uw' Fw' R' Uw Rw2 D R D2 Fw2 R Uw L R' D Fw' D' R2 Uw2 U' F U L2 R D Uw' Fw2 L2 B2 F Rw D2 R' L2 F' L;2026-01-11 15:25:54;1:10.53
283;1:24.68;;L B Rw' L2 F2 L2 Rw2 B2 F L2 Fw D2 F D' F' D2 Rw2 Uw Rw2 R' L' Fw B2 D B2 Uw B2 U R' L2 Rw D2 F2 D Uw' B' Fw2 F D Fw';2026-01-11 15:31:44;1:24.68
284;DNF(1:16.66);;U2 B2 L F2 D' L2 B2 Fw' F2 D F D' Fw2 Uw U B F' Fw' Rw F2 Fw R2 Uw2 Rw' L2 D' F U2 D' L' Rw' B Uw' B' D' F' L2 B Rw2 F;2026-01-11 15:34:11;1:16.66
285;1:13.81;;L F' L' B2 R2 D' Rw2 Uw U Fw2 D' U' L' Fw' Rw' Fw' D2 Rw2 U2 B Rw' D2 R B D2 U2 R' L' Uw U D' Fw' U F' Uw U2 R2 Fw2 Rw2 D2;2026-01-11 15:36:07;1:13.81
286;1:00.32;;Fw' Uw' D U2 Rw2 D Uw Rw' L2 R2 F' Uw U' Fw' F' B' Uw L2 B2 U Fw F R' L Uw Rw L Fw2 Rw U' D L' U2 Fw' Uw' Rw' Uw' L2 U' R;2026-01-11 15:38:03;1:00.32
287;1:33.83;;D U R' Rw Fw2 Uw2 Fw Rw' L2 Uw2 B2 Uw L' B' Fw F R2 Uw' D Rw F Rw2 R Uw Rw' F' L2 D' Fw2 Rw L' R D' U Uw B' D2 L F U;2026-01-11 15:39:44;1:33.83
288;DNF(1:13.31);;Fw2 L' B' R2 L Rw' D B' U Fw L B2 F' Uw2 Rw L2 D' Fw2 F D' U2 Uw Fw2 R F2 U Uw Rw2 R' B L R2 Rw F2 B Uw2 D' Fw2 D' Uw';2026-01-11 15:41:58;1:13.31
289;1:27.47;;L' R U D2 Fw2 R2 Uw2 Fw D' Uw Rw2 Uw' F' L2 B L2 Fw Rw' B Uw' B2 U Rw' U2 Uw' R B2 F L2 R2 Rw' Fw L' Rw' D' R Uw2 Rw2 D2 B2;2026-01-11 15:43:51;1:27.47
290;1:07.99;;F R' F2 D2 B R' L2 U B2 L Uw L' F2 Rw' L R2 Fw' R2 L2 Rw2 B Rw2 D R2 B' Uw2 U2 L F2 Uw' F B L' Uw2 U Rw Fw' R' U2 F';2026-01-11 15:45:58;1:07.99
291;1:12.09;;B Rw' L' Fw2 L' B Fw' Rw2 R' B' U D' Rw F' R' L2 Fw2 U Rw' Fw2 Uw' U2 B2 D2 Fw2 D U2 L D2 Rw' F2 U B2 L' R' D2 L U Rw F2;2026-01-11 15:47:47;1:12.09
292;1:15.05;;Rw B Rw2 Uw R B2 F' Rw F D R2 Fw R2 D Fw D R' Rw Uw' R' Uw' Rw' Uw B' U F U' Rw2 D B Fw R2 Fw' B2 F' Rw R' B L Fw2;2026-01-11 15:49:54;1:15.05
293;DNF(58.38);;U2 Rw2 R2 U2 Rw' R B' U2 Uw2 F Uw' D F2 U2 Rw2 Fw D' B2 R Rw' F D2 F' L F2 L' Rw2 F' U2 B2 F' U2 Rw2 Fw Uw Fw R' Rw Fw' F;2026-01-11 15:51:58;58.38
294;DNF(1:19.12);;F' Rw' Fw' F2 L B D' U2 L2 R' Uw2 L' B' D Fw U2 L U Uw' Fw' B D Fw2 B' Uw2 Rw2 Fw2 F2 Uw' B2 R' U R' Rw' B F L' R2 B' U';2026-01-11 15:53:45;1:19.12
295;1:12.36;;Uw U2 Fw2 B' F2 Rw2 B D' R2 D2 L Fw2 L' B2 F' D' U' F R F2 Fw U2 Uw2 D' Rw' U' R2 B' Fw R U2 F Rw F Fw2 Uw' F2 U2 L2 U;2026-01-11 20:38:53;1:12.36
296;1:26.76;;B' F2 Fw R Uw2 Fw' R2 Uw2 B' Uw2 L2 F' B Uw Fw2 Rw' Uw' R2 D2 Fw B R Rw' F R' F L' F R2 D F' Uw' F' L2 Rw' R2 B Uw U' R';2026-01-11 20:40:54;1:26.76
297;1:52.54;;F Uw' R Fw' F U' R' L' Rw2 Fw2 U2 F' Rw' Uw2 D2 U' Rw' F' Rw2 L' F L2 Fw L' R' D' L2 B' R2 F' Fw R U Uw2 B2 U2 Fw Uw' L B;2026-01-11 20:44:23;1:52.54
298;DNF(1:16.32);;Rw Fw2 Uw Fw' L Rw Fw' L2 F2 L D2 Uw F' Fw R Rw Uw' Fw2 U' Rw R Uw' F2 B2 R2 Fw U F2 L' Uw D2 Fw R2 U B F U' Uw F' Rw2;2026-01-11 20:51:51;1:16.32
299;1:06.79;;L2 Uw2 F Rw F2 Rw' R' Uw2 F Fw' B R2 Fw Rw' R' Fw' F' R2 Rw' U2 Rw' U2 B Uw' L' Uw U2 B2 Rw' F D' L' U' Uw B2 F2 Rw Fw2 L Fw2;2026-01-11 20:53:41;1:06.79
300;1:19.63;;R' F' B2 R2 L2 U2 F' Rw D' L2 Rw' B' L' D2 F R2 B2 F2 L2 Uw R2 U Uw2 F' Uw Fw' L2 U2 D Rw D' Rw B D2 Rw' R' D' U' Rw' Fw';2026-01-11 20:55:22;1:19.63
301;1:32.62;;Fw' D F U2 Fw2 L2 Rw F' Fw Uw B2 D R F2 D2 Uw2 R2 D Uw Rw2 Fw R' Uw' L' U Uw2 R2 Rw' L' F2 D' Fw2 R2 Uw2 L' B' L Rw2 R' D;2026-01-11 21:06:45;1:32.62
302;1:27.57;;Fw2 Uw2 D' U' R2 U' B F D L' F2 Rw' Uw F Fw' U L2 Uw2 R L2 Rw2 Uw L' Fw' L B2 L' U F' Rw' U' B' L B Fw' U D' Fw2 Uw B;2026-01-11 21:09:00;1:27.57
303;1:26.17;;U' Fw' R' U2 R Fw F2 L2 D2 F2 D' R Fw' L2 Uw' Rw' Uw2 Rw' D R F2 R' U Fw Uw B2 Rw' D Uw' U Fw B' Uw2 B2 D R Rw Fw' B Rw;2026-01-11 21:11:19;1:26.17
304;1:15.62;;Uw' U2 L F' U2 R' Uw' D B' Fw2 L Uw2 F' Rw L' Uw U2 B Uw2 Fw2 F' Uw2 D2 F' B' U Uw2 Fw' F2 D' L2 R D2 Fw F R B2 L U R;2026-01-11 21:13:44;1:15.62
305;1:32.69;;B2 Uw F Uw' L B F' Uw2 U' R' F2 L' Uw U' R L2 B2 Rw2 Uw2 R' D Uw Rw' B Rw2 D2 Uw2 F' U Fw' D' F' B D2 R Uw Fw L F B;2026-01-11 21:16:21;1:32.69
306;1:20.28;;Rw' D' F B2 D B' R B' D' F' B' U2 Uw2 D F R F R Uw U2 L2 F Rw2 Uw' F' L' Fw F2 L2 R B' Fw U2 Uw' B' Uw U D' Fw2 Uw;2026-01-12 19:14:16;1:20.28
307;1:32.45;;F D' Uw2 L' Uw Fw' U Rw2 F Uw2 Rw2 B2 U2 D' R2 Rw D' F Rw2 Fw' F' U' F' L2 B Fw F2 Rw' L2 B' L U2 Rw2 B U D2 F2 L B' Uw';2026-01-12 19:16:18;1:32.45
308;1:29.87;;B2 U2 Fw2 Uw2 U' Fw' L2 U F' Fw2 L U2 R' B2 Fw' R U2 L2 U B2 Rw2 L2 D2 U2 Fw Rw' U2 L R2 U' B' R2 D' Uw' Rw D L Fw D L;2026-01-12 19:18:44;1:29.87
309;1:36.88;;D U F2 Fw' R Fw2 R2 Uw' L2 B' Rw' B2 D2 Fw D2 Uw2 L2 F' D L' U Fw' Rw' L R2 F2 Fw D Uw' F U2 D' Fw Uw' R F2 Uw' F Rw' D;2026-01-12 19:21:23;1:36.88
310;1:17.42;;L' D2 R2 B' L R Uw2 B' Uw' L2 Rw' R Uw2 B U B U2 R' Rw U L2 U2 L Rw2 U' L' U2 R' Rw D2 Fw2 Rw2 D2 B2 Fw Uw' Fw L2 Fw' D';2026-01-12 19:23:33;1:17.42
311;1:36.37;;U' B' U R' Fw' B' Uw U B' U' R2 L Uw B U Rw Fw Uw' R Uw' B' U2 D Fw U' L B' Rw2 L F2 B2 Uw' L U2 B Fw2 Uw' F U2 R2;2026-01-12 19:25:50;1:36.37
312;1:47.53;;B2 L B' R' D F2 Fw B2 Rw' F' B L Fw2 Uw2 F' D2 R2 D L B' Uw2 Fw L2 B' Fw R2 Fw' F Rw' B' L' U2 Uw' R2 Uw R Rw2 D' F2 B;2026-01-12 19:28:10;1:47.53
313;DNF(1:16.04);;F2 Uw' F U' D' Uw' F2 D2 Rw2 D' F' B D2 F2 U2 D Uw Fw L Rw' Fw R' Uw2 B2 D' U2 F' L' Uw L F2 Uw2 F2 Fw2 R U2 R' B2 Rw2 B2;2026-01-12 19:31:33;1:16.04
314;1:11.88;;B2 D2 U2 Uw' R' D' F B2 Fw2 D2 Rw' Fw' L' Rw Uw D' Fw Uw L D' B D R2 F2 U Rw' F2 D2 B' D2 Rw2 R' Fw' B2 U2 Fw' B2 Rw2 R' B';2026-01-12 19:36:01;1:11.88
315;1:57.36;;F R' L B2 F' Fw R' Uw' B2 U2 Uw F' Rw2 F D2 Fw2 U2 L B' F Fw' Rw Fw' L2 B2 Fw' R Fw D2 U' F U D2 Uw' L' F R' U' D2 Fw2;2026-01-12 19:38:00;1:57.36
316;1:18.36;;L Uw' B Rw2 U2 R2 Uw' Rw2 Fw R' Uw B2 L Uw2 Rw2 D2 R2 Fw U' Rw U2 Uw' B Uw2 B Fw2 U2 F Fw' B2 D2 F' Rw U' L2 Rw2 Uw2 Rw B R;2026-01-12 19:40:52;1:18.36
317;1:17.43;;R' Uw2 R U2 D' Uw2 Fw' U' B' R D' U2 Rw Fw2 Uw' D L2 Uw' R2 B2 Rw' Uw' U R L' Rw U' B' Fw2 D U2 Fw2 D F' L2 U B2 L' Fw2 R;2026-01-12 19:43:17;1:17.43
318;1:23.76;;Rw' R2 D2 Uw' B Fw Uw' F' Fw R2 U' Uw2 R2 U Rw2 F2 Uw Rw2 Uw U' F2 Fw2 R' Fw2 F L R' U' L2 R F' Uw D Rw2 U F U L Uw U2;2026-01-12 19:45:42;1:23.76
319;1:14.09;;Rw2 R' L' U' B L' F' U2 F' R2 B R' Rw' L D L D R' Fw U D2 B2 Fw' F2 Rw' Fw F2 B' R' B' Rw' B' L2 R' Uw' R2 Fw Rw2 R' U;2026-01-12 19:48:12;1:14.09
320;1:45.78;;R Rw2 D2 Rw2 D' F2 Rw' B' D' B' Uw' U' Fw D F2 L2 R' Rw2 U' D2 Fw Rw F2 Fw2 U Rw' Fw' U Uw' D' B' R' L2 U D' R U' Uw2 B2 Rw2;2026-01-12 19:50:07;1:45.78
321;1:33.58;;F' R2 L2 B2 Rw2 F U' Rw2 R D2 U2 B Fw' U2 Fw' D R2 F L Rw2 B D2 F2 R L2 F' D' B2 D' Fw Rw F2 U2 Uw F B2 Fw Rw Uw Rw;2026-01-12 19:54:01;1:33.58
322;1:09.08;;L D2 F' L' R Rw Uw' U2 Rw R' L Fw' U F2 Rw2 B R2 F R Rw2 F2 B U' F B2 L' Fw Rw' F D' R D' B2 Rw F2 D2 Rw2 U' Fw' R2;2026-01-12 19:56:18;1:09.08
323;1:24.08;;Rw' Uw2 B' Uw U' R U' D2 Rw' F Uw F U2 R F2 Rw' B' Fw2 U2 R F2 L' Rw' U2 Fw2 Rw' Fw D R U2 B' U R F' B' Fw2 Rw' Fw2 D' Uw;2026-01-12 19:58:18;1:24.08
324;1:11.37;;Uw2 Fw' Rw Fw' D2 F' R2 D Uw2 B' Rw2 F L' B' L' D2 Fw2 D' L Fw' D2 L' D Uw2 Rw2 U2 L' B2 D' R2 Rw2 D B' D U' L' R' U' B2 U';2026-01-12 20:01:16;1:11.37
325;1:35.80;;U L' D F Rw L2 U B2 Rw2 L' Fw F U2 B' U Uw L Fw Rw2 Uw' Fw' B2 F' Rw2 L F2 B Rw' F' L F2 D2 Uw2 F Uw Rw R Fw2 B2 R';2026-01-12 20:03:48;1:35.80
326;1:14.50;;Fw D' Fw2 D2 F U' Uw' L Rw B F U' Rw' D' Fw' R' L' F Uw2 B2 R' D2 Rw2 U' F2 U2 F B' R D2 F' Fw Uw' D' B2 Rw' F' Uw Fw2 Uw2;2026-01-12 20:07:46;1:14.50
327;1:27.64;;R2 U2 Rw' L U' B2 U Rw' F' D' Uw' R' Rw Uw Fw D2 R' D2 U2 Rw' B' D2 U2 Uw2 F2 D Fw F' U2 F U' D' Rw' Fw2 R' Fw Uw' D Fw2 B2;2026-01-12 20:09:54;1:27.64
328;1:38.25;;Rw U Fw2 D2 F2 Uw2 L2 Fw' U2 Rw Fw' B F' U L Fw2 B Rw2 Uw2 U D' Fw B' R Uw D' Fw' F' Rw2 U2 F Uw2 R2 U2 D2 Fw' L2 D Uw' F2;2026-01-12 20:15:59;1:38.25
329;1:17.06;;Fw2 Uw Rw' B' L Uw B2 U' D2 Rw U2 L' Uw2 U D L B Fw2 L2 F' U2 D' R2 F' R' Rw U Rw2 U2 L F' R' D2 Rw2 Uw' F2 U F Uw' B';2026-01-12 20:18:12;1:17.06
330;1:18.11;;L2 Uw F' Fw U Uw' F2 Rw' F' U' Uw B' R F2 R L2 F' B Fw2 Uw L B R Uw' D' F' U2 Fw2 D2 B' D Rw2 B' F' R F2 Fw2 B' U' L';2026-01-12 21:33:16;1:18.11
331;DNF(35.98);;R B2 R' B2 Uw2 L' Fw2 D2 Fw Uw R' D' Fw2 F B' Uw D F2 L2 D2 Rw2 D2 U2 Fw L U Uw2 D' F' L2 B2 Uw' R Fw2 L2 B2 F Rw2 B Uw';2026-01-12 23:38:03;35.98
332;1:34.76;;F' U Rw2 L2 Fw R Uw2 L2 Fw' F2 Rw Fw' Uw D2 Fw Rw2 Uw' Rw' R L2 D' Uw2 U L' U Uw' D L2 U' Uw2 R' Rw2 D2 Uw R' Uw' Fw D2 U' Rw2;2026-01-12 23:39:23;1:34.76
333;1:14.33;;Rw2 R' U2 B2 F L2 D' F Rw2 F' L F' D2 U' Rw2 D B D' R' F Uw U Fw L U2 B' L2 Fw B Uw2 F2 Fw2 U D' Uw Rw' B Rw2 U2 B2;2026-01-12 23:42:37;1:14.33
334;1:18.25;;F' R B2 D2 Uw B' Fw' U2 Fw U2 R2 B' R' D2 R Uw' F' Fw D' B' Rw2 D' Uw2 Rw2 D' B F2 L2 F2 L2 F U' L F' L2 R2 F R2 D' Fw2;2026-01-12 23:44:56;1:18.25
335;1:19.96;;D' Rw Uw2 Rw' B R2 Uw Fw U D B U' F' U' Rw2 F2 Rw U2 R F' Fw D2 U B' Fw2 Rw' U D' B2 Rw' Uw' D' B2 F U Fw' D' B2 Rw' R';2026-01-12 23:46:57;1:19.96
336;1:16.30;;U2 Rw2 F' D' L' B' U2 L' R2 Fw B2 Rw F' L2 Uw2 U2 L' R Uw F2 Fw2 R2 F2 B' L' F2 B R Fw' F' L' Rw D2 F2 L2 U' F Uw2 Rw D';2026-01-12 23:49:05;1:16.30
337;1:20.27;;B2 Uw' R' Rw' D' F' B2 Uw2 U2 Fw' U' Fw2 Rw' R F' Rw2 D' B Fw' Rw2 F Rw D U2 L' D R D2 L' Rw2 D2 F2 R F L Fw' B' U' Fw2 L';2026-01-12 23:50:59;1:20.27
338;1:25.01;;R' B2 L' Uw F' U' Rw' U' L' Rw R' Fw2 U' F2 Fw2 L' R2 U' L Rw R F2 R Fw F' U L2 R' F2 B L D2 B2 Rw Uw U' Fw2 B' U2 B';2026-01-12 23:53:03;1:25.01
339;1:28.56;;F R' D' L2 Fw' U2 B2 L2 U' Uw Rw2 F' Uw' R2 L' Fw Rw F Rw Fw B2 R' Rw2 B F' D2 U' F2 Rw' B D F R2 Uw2 B R2 Fw2 R2 B2 U2;2026-01-22 20:17:57;1:28.56
340;1:27.49;;D2 Rw' U' D2 Fw2 F2 B L' U2 D B' Rw2 Uw' B2 Fw U L' Uw B' R' B' L' F' R2 F2 D R2 L2 Rw2 U' Rw' L D' Uw2 Rw2 L' U' F2 Uw F';2026-01-22 20:20:25;1:27.49
341;1:08.52;;Rw' L2 R D' B' Fw' Uw' B Uw' Fw' R U L' R D' U' R2 Uw2 Fw2 B Rw' F2 Rw Fw2 D2 Fw L R F' Rw' U Rw' L2 B2 D' R' L2 Rw' Fw2 D';2026-01-22 20:22:49;1:08.52
342;1:18.78;;U2 Uw2 D' L2 Fw2 L2 Rw' Fw' Uw U Fw' U2 D' B2 L2 Fw2 D' U' Uw' F2 L2 U' Uw F' D2 Rw2 U2 F R' Rw' U Uw' F' Uw Fw Uw B' F2 Rw U2;2026-01-22 20:24:26;1:18.78
343;1:12.89;;Fw' Rw' L' D Fw2 U2 Rw2 D' B' R2 F' D F2 U' Rw' Uw2 R2 L D L' Uw Rw2 Uw' B' D2 L D' Fw' U2 B2 Uw2 U' D' Rw2 R U' D2 R' D' Uw2;2026-01-22 20:26:18;1:12.89
344;1:17.67;;L2 F U2 B2 Uw' Rw2 F U F' R F L2 B Fw' U Rw R B' F R B U2 B2 L' Uw2 L' Rw2 U' Fw' Rw Uw Rw2 B L' B2 L2 Uw' D' F' Uw;2026-01-22 20:28:05;1:17.67
345;1:24.91;;U F' L2 F Rw' L2 Fw' U Rw' R2 Fw2 D Uw Rw2 L' F' Uw' D' R' L Rw Fw' L2 U' B' R Fw Rw2 B U' R2 L' B2 Uw2 D2 L' R2 Uw' U R;2026-01-22 20:35:13;1:24.91
346;1:03.76;;R' Uw' Fw2 Uw D U2 Fw2 F2 D' L2 Rw B2 L2 F' R2 L2 B Uw' Fw' D F2 D U' R Uw2 F' Uw2 D2 F Fw2 Uw F Uw' D U2 R2 U2 B Uw' Fw2;2026-01-22 20:37:14;1:03.76
347;1:04.68;;U L' F Uw F' L2 F' U' B' Fw2 L' D2 F' B' Rw2 Uw U F2 R' Uw2 Fw' B2 Uw U2 Fw' Uw' Rw' F' Fw D2 L' D' B' R' Uw' L2 Fw2 F' R L;2026-01-22 20:38:57;1:04.68
348;1:06.54;;D U2 Uw Fw' F' R2 Rw2 B F U' B' F D2 L Uw' U B Rw2 L U' L B2 D L2 D L2 B Uw Rw' Fw2 D2 U2 L Uw' F2 B' R L2 Fw' Uw2;2026-01-22 20:48:24;1:06.54
349;1:06.03;;L' U D2 Fw D' F Uw L2 B' Uw' D R F Uw' U2 R' Rw U2 Uw D' F2 Rw' F' B' R Uw2 Rw D L2 D2 L2 Rw2 D' Uw' F B' L' Fw Rw2 B';2026-01-22 20:50:05;1:06.03
350;1:07.50;;F B U B' L Fw B U' Rw' Fw D' U Uw R' Rw U' F2 L Rw2 D' Rw2 B' Rw2 F R2 B F Fw U L U2 R L Rw U2 Rw Fw F B2 L;2026-01-22 20:51:43;1:07.50
351;1:08.32;;Fw2 L2 Fw' Rw B F Rw' U2 Fw2 F D F2 R Fw2 Rw2 B Fw2 U' R' U' B' F D Rw' D2 Uw U' B2 Rw' R Fw2 L2 Fw' R' L U Fw F2 D2 Uw';2026-01-22 20:55:30;1:08.32
352;1:09.20;;F2 L' D Rw L' D R F U' L' U Uw' D' B R U2 L' R D' Uw Fw B' U' R2 F2 L' R2 Fw' Uw' R U D L F' L2 R' Uw2 R2 Rw2 B2;2026-01-22 21:00:59;1:09.20
353;1:04.16;;R' Rw L F2 B' Fw' R F' R2 Rw2 U' B R2 Rw' F2 R F' D2 Rw' D R' U Uw Rw B2 L Rw2 F R2 Uw Fw2 B' D2 B Uw' R2 L2 Fw' F' B2;2026-01-22 21:02:46;1:04.16
354;1:00.76;;U F2 Uw' U' L' B U2 Fw2 F2 R' F' B Uw D2 Fw' B F' U2 F' Fw B R' Fw2 U2 F D' B' L' B U' L Rw2 B' Uw' Fw' Uw B U' D2 Fw;2026-01-22 21:17:26;1:00.76
355;1:14.01;;Uw2 F2 D2 Rw2 B' Rw2 D2 B2 D2 Fw' R Fw R L2 Rw U' Uw2 R Rw L' Uw2 F' D B U R2 Rw' Fw2 F' D2 Fw' B Uw' D B2 Uw2 Fw' D U' Rw';2026-01-22 21:19:23;1:14.01
356;1:18.06;;D2 U2 L Uw' D' R D' F D2 R2 Uw2 D' Rw' D' Uw L Uw2 R B' F D B2 L2 Fw' B' R2 F2 U2 L' B2 L Fw R2 Fw' B R B Fw' F R';2026-01-22 21:21:17;1:18.06
357;1:04.78;;U' Uw2 F' R' D2 R2 B2 D2 F2 Fw Uw2 F2 R' L U2 F Rw2 Uw2 Fw' L Rw2 Uw L2 Rw2 U' Fw' R U2 B2 Fw2 Uw Fw2 L U' Uw' D' Rw' Uw2 L2 Uw';2026-01-22 21:25:00;1:04.78
358;1:17.27;;F L' B D L' F' L' U' B2 R' F2 L2 F2 R' U2 F2 U2 F' Rw2 D' B2 R L Fw2 R D' R' Uw2 F2 Fw2 Rw2 Fw D L' Fw2 D' Rw D2 Fw D2 B' R Rw;2026-01-22 23:38:15;1:17.27
359;1:21.57;;F2 R2 U' R2 B2 D L2 F2 U' F2 R' L2 F D' R' B' U B2 D2 R' L' Uw2 B' D' Uw2 Rw2 F D F' Rw2 U F L2 Rw' Uw2 B R' U B' Uw' R2 Fw' R' Uw Rw Fw2;2026-01-22 23:39:55;1:21.57
360;1:04.62;;R2 F2 L2 U' F2 U F2 D F2 R2 L F2 U F2 R' B2 D2 F R' Rw2 Fw2 U' F' U Rw2 D' F Rw2 U2 Fw2 U F Rw' D2 Uw2 R' L Fw' Rw Fw2 U' L Fw' U2;2026-01-22 23:41:39;1:04.62
361;1:24.78;;F2 R2 U2 R2 B2 L2 F L2 F' R2 B' D' R L' D L2 U F2 L F' B Uw2 L' F' B2 Uw2 B2 Fw2 R' B L' F2 Uw2 Rw2 Uw' B2 Fw2 L D' F2 Uw Rw B' Uw Fw' Uw Rw';2026-01-22 23:43:15;1:24.78
362;1:15.79;;L D' B R F2 R2 U' D R' F R2 B2 L U2 F2 U2 L F2 R' U2 L Fw2 L Uw2 Fw2 U Fw2 D F2 Rw2 D' Fw2 Rw2 F' Uw2 Fw D B2 U2 F Rw U2 D Uw Rw2 F';2026-01-22 23:45:07;1:15.79
363;1:08.93;;F R' B' L2 F U2 B' R2 F2 L2 U2 F U2 F2 R B2 D L U2 R2 B Fw2 Rw2 F B2 L Fw2 L2 Uw2 L' F' R B' L Uw Rw2 B' R2 U' Uw' Rw F Uw' B2 Uw Fw;2026-01-22 23:46:46;1:08.93
364;1:22.23;;F2 L B2 R D2 R' F2 R2 F2 U2 F R D R F2 B R U D' Fw2 Uw2 B U Uw2 Fw2 Rw2 F' Rw2 U' F2 L2 F2 R Rw F D' B Rw' Fw' R2 U F2 Fw Uw';2026-01-22 23:48:18;1:22.23
365;1:00.56;;B' R F2 R B2 L2 U2 F2 U2 D2 F D B R2 F' D' R' L2 Fw2 Uw2 B' D' L2 F D Fw2 Rw2 U2 Uw2 F U2 Rw F D2 B2 Rw D' Uw' R2 Rw Uw2 R' U2;2026-01-22 23:50:04;1:00.56
366;1:05.36;;R2 F2 R' D2 F2 R U2 L2 F2 B2 L F' B2 R' U2 B' R L' F D' B2 Fw2 L' Fw2 Rw2 Uw2 L D2 B2 U Rw2 D' R Fw' U' L2 U D Fw' Uw B' Rw Fw L Rw2 D2;2026-01-22 23:51:32;1:05.36
367;1:09.28;;D' R2 L' F' D2 B' L2 F' B2 U2 B' L2 U F B L D' R2 U2 Uw2 F L' B2 L' Uw2 B R' Fw2 L2 B' D Rw2 U L2 Uw' F' Rw B2 Fw R2 Rw2 Fw2 D2;2026-01-22 23:53:00;1:09.28
368;1:11.26;;L2 D2 L2 F' D2 F2 D2 L2 B R2 B' U' L U' B2 D B' L2 D2 L' B Uw2 R2 B' R Rw2 Fw2 U2 R2 B' L Uw2 Fw2 Uw R Uw2 L' Fw2 D Rw' F Uw Fw2 Rw F R;2026-01-22 23:54:44;1:11.26
369;59.58;;F2 L2 U B2 D R2 B2 D2 R2 F2 U B2 L' D2 F D B R B' D' B2 Uw2 Rw2 U' Fw2 U R' D' B2 R2 U L' U2 Fw' D2 Rw2 B R' Fw2 R' Rw2 Uw' R2 Rw Uw;2026-01-22 23:56:20;59.58
370;1:13.32;;R' B R' U2 L' F2 L2 B2 U2 D2 L2 U B L D B2 R' B U' Fw2 U Fw2 U' Uw2 L' U' F2 Rw2 B2 L Fw U2 L D' Fw' L2 Rw' Fw L2 Fw2 L' U' Uw';2026-01-22 23:57:53;1:13.32
371;59.57;;R2 D F' D' F' D R' L B2 U' B2 U' L2 B2 D' R2 D' B2 D B' Uw2 R' U' Rw2 F2 Fw2 L2 U Fw2 D F2 L' U2 Fw' L2 Fw2 U' Uw2 F Uw Fw Uw2 F' U Rw;2026-01-22 23:59:29;59.57
372;1:08.75;;F D R F2 D2 F2 D2 L D2 L' D2 F' B2 D' F R2 U' D B' Fw2 D Fw2 D2 R' L Uw2 F2 Rw2 D' L D' F' Uw2 Fw L' Rw Fw R F2 B' Uw F' B;2026-01-23 00:01:08;1:08.75
373;1:22.49;;U2 F B' U2 B D2 L2 F' L2 F' U' F2 B2 L2 F D' L' F' U' D' Uw2 F' R' L' Fw2 D2 L B' Rw2 F' B2 Uw B U2 L F2 Fw Rw' B2 R2 Rw' Uw' Rw' D';2026-01-23 00:02:53;1:22.49
374;1:15.53;;F2 U F' U2 F' R' U R B2 R U2 L' U2 F2 U2 D2 L' F' U Uw2 Fw2 Rw2 U' R Uw2 Fw2 R2 F2 Fw2 U Fw2 R' Fw' L' Fw2 U' Rw U' Rw2 Uw' L2 F Fw2 R';2026-01-23 00:04:38;1:15.53
375;1:10.79;;B' D F L' D F' U' L2 B D2 B' D2 F2 U2 L2 F' R2 F' U' L Uw2 Fw2 L Uw2 F2 D' R D' F2 L2 D' B D2 Fw' U2 R' B' Uw' R Rw' Fw D Rw2 F2;2026-01-23 15:49:05;1:10.79
376;1:14.44;;F' U R2 L2 U2 R F' D B' L2 B' U2 R2 F2 U2 B' D2 R2 B R' Uw2 Fw2 Rw2 U' F2 D Rw2 B' D R2 F' B D2 Rw B2 U L2 Rw Fw2 Uw Rw U' D' Rw U Fw;2026-01-23 15:50:50;1:14.44
377;1:00.57;;B U2 F2 L2 F2 L2 U2 L2 B' U2 F' U' D2 L2 B' L F' D L2 F L2 Uw2 Rw2 F R F Fw2 Uw2 B2 U2 L' F' L' U R2 Uw' R' D2 Rw' U' Uw B Fw Uw' L2 U;2026-01-23 15:52:26;1:00.57
378;1:09.29;;L2 F2 R2 D2 B2 U' L2 D F2 B2 U L2 B U R' F' B2 U' D2 L' Rw2 D Fw2 D2 R U2 B2 U2 L Uw2 R' Fw' U F' Fw' R2 B' Rw' B' Uw Fw' D Uw2 L2 Rw;2026-01-23 15:54:11;1:09.29
379;DNF(1:05.42);;D' R2 D' B' D L' F2 U R2 D2 F' D2 B D2 F2 L2 F L' Fw2 D' L Rw2 U Uw2 Fw2 U D' R' L Fw2 D' B' Fw D' B L' Uw Fw2 Rw2 Fw' Rw2 F B2 Fw;2026-01-23 15:55:42;1:05.42
380;1:16.67;;U F2 D2 R2 B2 U R2 L2 U2 B2 R' B' R' L F2 L2 B' U' B' U' Fw2 L' Uw2 L U2 L D Uw2 L' B2 D' Fw U2 Fw' U R' F' Rw' Uw R Fw2 Rw B2 L D2;2026-01-23 15:57:55;1:16.67
381;1:14.38;;L2 D2 B U2 D2 F2 R2 L2 F' U2 R' F2 L' D F' U' R L' F2 R' Fw2 U' Uw2 B D' Rw2 F U' Uw2 F R2 B' Uw2 Rw' F' Rw2 D F2 Rw U' Uw F' Fw' L' Rw D';2026-01-23 15:59:42;1:14.38
382;1:15.84;;R U2 B' U2 B U2 L2 U2 L2 F' L2 F' B2 L' B' U R L' D' F Uw2 B U Rw2 Fw2 U F L2 U' F2 B Rw2 D' Rw' D' B D2 Fw2 Rw' Fw D' R2 Fw' Uw;2026-01-23 16:01:25;1:15.84
383;1:25.89;;F L' F' D' F' B' D2 F R2 B2 U2 L D2 L' F2 R' F2 Rw2 U' F2 R2 U Fw2 L U2 R2 D' Rw2 Fw' D' R' F2 Rw2 D2 Rw U Rw' Uw F' B' R';2026-01-23 16:03:08;1:25.89
384;1:09.94;;U' F2 B2 R' F' B' D' B U' F2 L' U2 L U2 B2 R' F2 L' D2 Uw2 B' U2 B2 Rw2 F' L' Uw2 Rw2 U2 Fw2 U2 Uw R U2 Rw2 B2 Uw L' Uw2 F2 Fw L' Fw';2026-01-23 16:05:06;1:09.94
385;1:13.39;;B2 U2 D2 R' U2 R D2 L' B2 R' D2 B' D' L2 U D' L' F R2 F' Fw2 D' L2 Fw2 R2 Uw2 B2 U Fw2 L' D L2 Fw R2 L U' Rw' F U D Fw2 Rw Fw;2026-01-23 16:06:41;1:13.39
386;1:12.21;;B' U' F2 B U2 B2 R2 U2 D2 B' U2 L2 B' U2 L' U D2 F2 D B L2 Fw2 L' F2 Uw2 L' B L2 F Fw2 R Uw B L2 D' R Rw' B2 Fw' R D Rw D' L2;2026-01-23 16:10:08;1:12.21
387;1:04.36;;L' B R2 B D2 R2 B2 R2 F' B2 L2 B' L B' U D2 R' L' U L2 Rw2 F R2 Uw2 L2 Fw2 L2 F' D B' D Rw B R2 Fw2 D2 Rw D Uw Fw R Fw U Uw2;2026-01-23 16:11:53;1:04.36
388;1:19.10;;F2 B2 D2 L B2 R2 L2 U2 F2 L U' B' R2 U F2 D' B' U F L' Fw2 L' F' Fw2 R' B' D2 Fw2 R' B U2 Uw L2 F' R2 Uw B D' Fw' D L2 Rw Fw2 R' B2;2026-01-23 16:13:33;1:19.10
389;DNF(1:00.95);;B2 U' D B' D2 R' F U2 F R2 B2 D R2 D' F2 B2 D' B2 R2 Fw2 U' L2 B2 U Rw2 Fw2 L' D' R L Fw' L' F2 Uw2 R' U' D Rw Fw' D2 L2 U' F Uw';2026-01-23 16:17:11;1:00.95
390;1:07.45;;L' U R2 D2 L2 B U2 F L2 D2 B' L2 B2 L2 D' F2 L' F' R2 U B Uw2 F' Rw2 Fw2 Rw2 F U' F2 R2 U2 F' D Rw' F' L2 U2 R Rw2 U2 Uw L F' B Fw2 Uw;2026-01-23 16:19:18;1:07.45
391;1:28.42;;F2 U R2 F2 D2 B2 U B2 R2 U R2 U' F' B2 R2 D' L' F D B U Rw2 Uw2 B' U2 Fw2 U' R2 Uw2 Fw2 U2 B2 D2 R' F2 L' Rw' Uw2 Rw' Fw' Uw2 Fw L Rw' B2 R';2026-01-23 16:20:49;1:28.42
392;1:01.54;;F R' F2 U2 R D2 B2 D2 R U2 L2 U B R' D' R U F R2 Fw2 L Rw2 Fw2 R' U' L2 U Fw2 R' D2 B D Rw2 B2 Uw Rw Uw' R' Rw' Fw Rw2;2026-01-23 16:22:43;1:01.54
393;1:08.76;;L2 F U' D2 B' U2 F' R2 L2 D2 F2 R2 F2 R2 L' B' D F' B U L' Rw2 Uw2 R F' Rw2 D2 R' L' F B' L' F Uw' R F B' L2 U2 Fw2 Uw' Fw' Uw2 Rw' F2 L';2026-01-23 16:24:16;1:08.76
394;1:14.17;;U2 R L F2 D2 F2 L U2 L D' F U F B2 L B' U R F2 Fw2 U R' Uw2 R L Uw2 B2 D' L D Uw2 L' Fw' L' Fw R2 Uw B Rw Fw2 Uw' L2 U' D2;2026-01-23 16:25:45;1:14.17
395;1:26.28;;U' B R U2 D F2 R' B2 R B' L2 U2 L2 F' B' U2 L2 B' L2 B Fw2 L' D' Rw2 U2 Rw2 D' R2 F2 R Fw' R2 Fw R2 D' R' Uw B' L Fw Rw2 D';2026-01-23 16:27:25;1:26.28
396;1:14.71;;F' R' U2 F2 R2 L2 U2 F' U2 F L2 F D2 F' R' U' B U2 B2 L' D' Fw2 D' Uw2 B2 D' B' D Uw2 L2 Uw2 R2 L2 Rw' B' U R L' F Rw Fw' Uw' Fw L Fw R2;2026-01-23 16:29:19;1:14.71
397;1:06.07;;L2 F2 U F2 D2 F2 B2 R2 U' R2 D' F2 L F D' R U' D2 F U' R Uw2 L2 F' R Uw2 R Rw2 F B R2 Uw2 F' R' D' L' Uw' L' Uw2 Fw' U2 Rw' Uw2 L D' Rw;2026-01-23 16:30:54;1:06.07
398;1:00.84;;L' B2 D' B' L2 B R2 L2 B' L2 D2 F L2 D R' L' D B U2 F R Rw2 Uw2 F' Fw2 D F D2 Fw2 U Rw2 F U2 B R D R2 Rw' Uw2 B2 Rw' Uw' F' R Uw2 Rw D;2026-01-23 16:32:35;1:00.84
399;1:02.37;;D' F B L2 D2 B R2 D2 F U2 B' R2 U L' F R2 L' F2 L2 D F' Uw2 Rw2 B2 Uw2 L B' Rw2 F2 Fw2 R D2 Uw' F' D2 L U2 D2 Fw' R' Rw' Fw2 U' L' Fw;2026-01-23 16:34:56;1:02.37
400;1:21.20;;R' B2 D F2 B2 U F2 D' B2 R2 L2 D R L' F' R' B' L' B U D2 Rw2 F Fw2 Rw2 U' D Rw2 B' D2 L2 U Fw2 Rw' B R' L D Fw2 Uw F' R F' B Uw2 Fw';2026-01-23 16:36:22;1:21.20
401;1:04.95;;L2 B2 D R2 U B2 U2 R2 B2 D2 B2 D' F D' L' U' B R' F' D' R2 Fw2 U Uw2 R2 L Fw2 L D' Fw2 L D R' L Fw' D2 B U Uw2 Fw Uw L2 F' D2 Uw' L2;2026-01-23 16:38:08;1:04.95
402;1:12.98;;F2 D' B2 R U L' D B2 R2 L2 B' L2 F L2 F2 R2 U2 F U' F' Fw2 D2 R' Fw2 D' R Uw2 L U' R2 L2 Fw2 L B' R2 Fw Uw2 Fw' Rw Uw' R Fw L U' Uw';2026-01-23 16:39:31;1:12.98
403;1:07.14;;U2 F2 L2 B2 R2 F L2 F U2 F2 R2 L D L F' R U' L B' U' Fw2 Uw2 L' F2 B2 R2 F R' Uw2 R' F D2 Uw' L2 U R' Uw R' Fw R' Rw' F2 B U Rw2;2026-01-23 16:41:05;1:07.14
404;1:08.27;;L D B' U2 L F U L2 D F2 L2 F2 R U2 F2 L' U2 Rw2 F' Uw2 L2 Fw2 R' F2 Fw2 L Uw2 R2 B Uw' R2 Uw L2 F' D2 Rw' D Rw2 Fw' R' Rw';2026-01-23 16:42:36;1:08.27
405;1:13.11;;D R' L2 D2 F' U2 B' D2 F' R2 F U2 B2 L' U' R' F' L' B2 U2 Rw2 Fw2 R L2 D' B2 Uw2 L Rw2 D' R' Fw2 L2 Fw' L2 F' D2 Uw2 Rw2 Uw F2 R' Rw Uw' F;2026-01-23 16:44:06;1:13.11
406;1:05.11;;L F' R' L2 B2 U' L B R' F2 B2 R2 U L2 U' R2 L2 U R2 F2 Uw2 R L2 Rw2 U' Fw2 L2 Fw2 L' D' Rw2 B' L Fw U2 B' Fw' Uw' L' U2 Rw' Fw Rw' B';2026-01-23 17:08:07;1:05.11
407;1:15.34;;F D R B2 U' B2 L2 U' B2 U L2 U' D' R2 L F2 B' R' F2 R' F Uw2 B2 L U2 D L' Rw2 Fw2 L B2 Uw2 L' Fw' U' L2 U Rw' Uw' B' Rw2 Uw R F' Rw;2026-01-23 17:09:35;1:15.34
408;1:09.27;;B2 U2 R2 D B2 U2 L2 D' F2 U2 L2 D2 L B L' D2 R F' B2 U2 L' Fw2 Rw2 Uw2 B' D' Rw2 F' Uw2 B2 L2 Rw2 B2 R L2 F Rw' F D2 Uw' Fw' D2 Fw' R L' Rw;2026-01-23 17:11:44;1:09.27
409;1:03.47;;B2 L' D L2 B' R2 D' F2 U' F2 U2 D2 B' D2 F R2 B2 L2 Fw2 L2 U2 Rw2 D F Rw2 F D2 Fw2 U' R' Rw2 B Fw2 Rw F' U' Rw' D' R' Fw U' Rw B Fw2;2026-01-23 17:13:18;1:03.47
410;1:05.06;;L2 U2 L2 F U2 F' D2 L2 F' D2 R2 F' L' D2 B' R' B D F' B2 D2 Fw2 D' L Rw2 Uw2 B2 L' U2 D' R2 Fw2 U' Rw2 Fw R2 B U2 Fw Uw F2 D2 Rw Fw D L' U;2026-01-23 17:14:42;1:05.06
411;1:21.10;;L D' L2 B2 U' B2 D' F2 L2 B2 U2 B2 U R' B' L B L2 D R Fw2 Rw2 U R' D' Fw2 Uw2 L D' Fw2 Rw2 U D Fw' L' U Fw2 R F' L Rw' Uw' Fw2 Rw B Fw;2026-01-23 17:16:10;1:21.10
412;1:18.78;;B L' U2 R2 L2 F D2 B D2 R2 B D2 B U B L2 D R F' L Uw2 R D' R2 Rw2 B2 D Fw2 Rw2 B2 L' F2 U' Fw Rw2 F D' B' Fw' Uw Fw R2 Fw' Rw B' L';2026-01-23 17:17:55;1:18.78
413;1:07.74;;U2 F L2 F2 U2 L2 F R2 D2 B' L2 F L' F R D' B2 R U2 Fw2 L B' R Fw2 L' Rw2 F' B L Uw2 F Uw Fw2 Uw2 R2 Uw' L2 D Uw Fw' Rw2 F R' Fw';2026-01-23 17:19:35;1:07.74
414;1:16.68;;D R2 L2 D2 F2 U B2 U2 L2 F2 D' B L F' R L' F' U L Rw2 D' L Uw2 Fw2 U R' L' D2 R' F2 Rw2 B2 Fw D F Fw2 D Uw' Rw' B' L2 B2 Rw2 D2;2026-01-23 17:21:05;1:16.68
415;1:26.99;;R' D2 F R D' R' F U2 L U2 B2 L D2 B2 U2 B2 L2 F' B2 U' Fw2 Rw2 B2 R' U' Rw2 Uw2 F2 L2 U R' D2 F2 Fw' R' F B' D2 Rw Fw U2 L' Rw B Fw' Rw';2026-01-23 17:22:41;1:26.99
416;1:16.05;;F2 U2 L' U2 F2 R2 U2 R' L2 B2 U2 F2 B' D' L B2 U D' L U B Rw2 F' U2 D Fw2 U' F Rw2 B Rw2 F Uw2 Fw2 Rw' B2 D2 F Rw Uw' B' L Rw2 B2 Uw F';2026-01-23 17:24:33;1:16.05
417;55.07;;D' B' U R' U D' B2 R2 L2 D B' D2 B L2 F L2 B2 U2 F' D2 Uw2 B Rw2 F R L2 Uw2 B Fw2 Rw2 D2 L B Uw' R B' Uw2 Fw2 Uw' Rw D B2 Fw' U' Rw F2;2026-01-23 17:26:12;55.07
418;1:07.99;;R D2 B2 D R2 D' B2 R2 B2 U R2 F2 D' F' R D B D L2 D' B Fw2 R F R' Rw2 Uw2 B Rw2 B L' U2 D Uw' R' D2 F' B2 D2 Rw U2 Uw2 Rw' D2;2026-01-23 17:27:34;1:07.99
419;1:18.01;;L2 U2 B2 D' F2 B2 U D L2 D' B2 L F' R' L' F' U' B L2 Rw2 Uw2 L' U B2 U L Fw2 Uw2 L U' Rw2 Fw L' U' B R' Fw Uw' L Rw2 Fw' Rw B2 U';2026-01-23 19:52:16;1:18.01
420;1:28.20;;D2 L U2 R' D2 B2 U2 B2 D2 R' F2 U D F' L D L2 U B' L2 B Uw2 Rw2 B2 L' D2 B2 U R' Rw2 U' L' Fw2 U' Fw' U' B' U' Fw2 Uw Rw Fw2 U2 Rw' F R2 L;2026-01-23 19:54:03;1:28.20
421;1:02.74;;R2 F2 U F2 B2 U' L2 U B2 R2 D L2 F D' B2 R D2 B' U' L U2 Uw2 B R' Uw2 B' R' Uw2 F' B' D2 B Uw2 Fw2 Uw' B' R2 B D Fw Uw Fw2 U2 Rw Fw' D';2026-01-23 19:55:56;1:02.74
422;1:08.49;;D' L B' U L2 F2 R2 B2 D2 F2 R2 F2 U R2 F' L' U2 R' D2 F' U Rw2 Fw2 R2 U' F2 Fw2 U' Rw2 F' U Uw2 Rw2 D2 Rw Uw2 R' F' L' Rw D Fw Rw B R Fw' Uw2;2026-01-23 19:57:47;1:08.49
423;1:19.74;;D2 L2 U R2 U2 R2 D2 L' D2 F2 L' D2 F2 B2 D' R B U2 D' R2 D2 Fw2 R L2 U Fw2 R B2 D2 Rw2 D2 Uw2 F' U R Fw' Rw2 F' U' Rw' Uw2 Rw' B2 Uw2 B';2026-01-23 19:59:41;1:19.74
424;1:00.18;;D' B D2 R2 B2 R2 B' L2 F' L2 F2 B' D2 R U' B U' F' U F' B Fw2 D' Uw2 Fw2 U F' U D' F2 Rw2 B R2 Uw2 Rw' U' L' Fw D F' U2 Rw2 Fw' U2;2026-01-23 20:02:29;1:00.18
425;1:04.68;;L2 F2 U L2 D L2 U2 B2 D' R2 F2 L2 B' U' R2 L' D' B' D F2 Rw2 Uw2 R' L D Uw2 Fw2 U L2 B2 L' D2 F2 Fw U R Fw2 U2 Uw2 F Rw B D' Rw' D2;2026-01-23 20:04:22;1:04.68
426;1:01.07;;U B' L U2 F2 L' B2 D2 F2 D2 L' U2 R D B L2 D' F B2 D Fw2 R Rw2 F' B2 Uw2 B' R' L Uw2 F L2 D2 Uw R2 F' D F' Fw' Rw' Uw L2 Uw' Rw2 Fw2;2026-01-23 20:05:50;1:01.07
427;1:03.51;;U2 F D L U' F' U2 R' U' R2 U2 L2 F' R2 B L2 B U2 B2 Rw2 D L2 D' Uw2 Fw2 Rw2 F' D' B2 U Uw2 F Rw' B D F2 B Fw' D' R2 Rw F2 L' Uw;2026-01-23 20:08:59;1:03.51
428;DNF(58.29);;D R2 L' U' R2 L2 U2 B' R' F' U2 R2 B L2 F2 B R2 U2 D2 F2 Rw2 B D Fw2 R2 F2 Fw2 U Uw2 Rw2 F' Fw2 Rw' Fw2 R' F' Fw2 U Uw' Fw' Uw2 F2 L Fw Rw2;2026-01-23 20:10:27;58.29
429;59.37;;D F2 B2 R' L2 D2 R' F2 L' B2 R2 U L' U2 L' F L' F' D2 Uw2 R' F' Rw2 F D2 F' U2 L' F' D2 Uw' R2 Uw2 F D2 F B' Rw U' B2 Fw' Rw2 F;2026-01-23 20:13:37;59.37
430;1:20.51;;B' L U2 L F2 R2 F2 B2 U2 R F2 B2 D2 B U' F2 R' B' U' D' L' Fw2 R' U2 D L' Uw2 L' D' Fw2 U L' F2 Fw' L2 F2 Uw2 L' Rw' Fw D2 F2 Uw2 R2 Rw2 B2;2026-01-23 20:15:05;1:20.51
431;1:10.48;;R2 D2 R2 L2 D L2 D B2 U D2 F D2 L2 F2 D' R U' B2 U' Fw2 Uw2 L' Uw2 F2 R' D' Uw2 Rw2 U D B' Fw' L U' R' Fw2 Uw B2 Fw Rw2 D Fw L;2026-01-23 20:16:46;1:10.48
432;1:02.36;;F2 U B2 U L2 D F2 B2 D B' R2 D' R D' B D F' B' Uw2 F D2 Fw2 R2 L Fw2 Rw2 B' L2 F2 Uw2 L' Uw B R2 L2 U2 Fw' Uw' Rw U2 Rw U' L';2026-01-23 20:21:31;1:02.36
433;1:08.71;;R' D' L2 D2 F D R D2 R' U2 B2 R' L' B2 U2 L' D2 R2 D R' Uw2 Fw2 U R' Uw2 R2 F2 D' B2 L' U Rw2 U Fw' R' D2 B2 D' Uw' F R2 Uw2 Fw' U2 B2 Uw';2026-01-23 20:22:58;1:08.71
434;1:24.93;;L2 B2 U2 R2 L' F2 R' F2 B2 L' F2 U R2 L2 D' F U2 R2 U Rw2 U' Rw2 B2 U' R L' Uw2 Fw2 U R' Uw2 Rw2 F U' Fw' L Fw' Uw' Rw' U2 D2 Fw2 U R;2026-01-23 20:24:29;1:24.93
435;1:06.09;;U2 F L' U2 B2 L F2 B2 U2 R' F2 R2 D' L' U' L2 B' D F' D' Rw2 Uw2 B L' Fw2 D2 F2 L2 Uw2 R' Rw2 B2 Uw B2 U2 D2 L Fw2 L' Fw' U D' Uw L' Uw';2026-01-23 20:26:24;1:06.09
436;1:05.48;;L' D' R2 F2 U' F2 U L2 D' L2 B U' L2 B' L U2 L2 D B2 Fw2 L Fw2 Uw2 F2 R Fw2 U R' Fw2 R' L' D' Fw R D' Rw2 D R2 Rw F2 D Uw';2026-01-23 20:29:15;1:05.48
437;1:17.06;;R2 U' F2 U L B R2 L F' R2 B' L2 U2 F2 L2 B L2 D' F2 Fw2 U' L U' R Rw2 U' Rw2 Uw2 L2 D L Fw L Fw D' F2 Rw' D Uw' L' Fw2 R' Rw' Uw';2026-01-23 20:30:47;1:17.06
438;DNF(1:01.49);;F' D2 B L U' B' L' D' F2 B2 R2 F2 L F2 B2 L' B2 U2 L' B Fw2 U F' B2 Uw2 B L2 Uw2 Rw2 B D' F' Rw' B' U2 R L2 Uw B Rw2 D2 Rw' F' Uw;2026-01-23 20:33:09;1:01.49
439;1:18.01;;D2 L2 D2 B2 L' B2 D2 L B2 R F2 L2 F U' R2 L D R2 D2 R U Rw2 D' R' Uw2 R' D Fw2 U' F2 Fw2 R Rw2 F Fw Rw2 Fw2 Uw F' Fw R2 Fw' D2 Rw' D;2026-01-23 20:34:42;1:18.01
440;1:24.35;;U F2 D2 L2 F2 D2 R2 B R2 L2 B' U2 F' R' F' R' L D B L D Uw2 F' L2 F' Rw2 U2 Rw2 Uw2 L' Uw2 B R' F' Uw B' L' D2 Uw2 B2 Rw' B Uw L2 Rw2 D2;2026-01-23 20:39:47;1:24.35
441;1:11.25;;F' U' B' R2 F2 D2 B L2 B L2 U2 D2 B L F R U' F2 L' D' F' Uw2 Rw2 Fw2 U F' D2 B' U Rw2 F2 R2 D F Rw' F2 Rw D2 F2 Fw' Uw B' Rw F B Rw';2026-01-23 23:06:57;1:11.25
442;1:16.52;;D L' U2 D F R U R B L' F2 L' D2 F2 R2 U2 D2 R' D2 R Rw2 U D' L' D' Fw2 L Fw2 U' Rw2 Uw2 R F L' Fw L' D2 Uw Fw' R2 L Fw2 D2 Uw2 Fw;2026-01-23 23:08:35;1:16.52
443;1:04.13;;R' F' D2 B L' F' U R2 B R2 B2 U F2 L2 F2 L2 D L2 U2 Uw2 Fw2 L' U2 R' B R' F Rw2 Uw2 L F Fw2 U' Uw' R L' D' Rw Uw2 L2 B2 Rw Uw R2;2026-01-23 23:10:29;1:04.13
444;1:01.41;;R2 B' U2 F L2 B' D2 B U2 F2 D2 F R' U F D2 F2 R' U L2 Uw2 L' Rw2 B2 Fw2 U R L2 U2 Fw2 U' F2 U2 Fw R2 D' Fw2 R' U2 L' Uw L Rw U Fw' D2;2026-01-23 23:11:56;1:01.41
445;1:08.41;;R2 U D2 L2 F' B R L2 U' R2 D2 F2 D R2 U' L2 B2 D' L U2 F' Fw2 D' Rw2 Fw2 U L2 F' U Uw2 R2 F Uw2 F' Rw' F' L D Rw D2 B Fw Uw' Fw' U2;2026-01-23 23:13:30;1:08.41
446;1:16.68;;L2 U' D2 L' B2 R F2 D2 R' B2 U2 L' D2 L' B' R' U D B' D' L Uw2 L U2 Rw2 Uw2 R2 L' U2 Fw2 L' B U' L' Uw' R' D F Uw Rw' B2 Uw' F' R Fw2 R';2026-01-23 23:15:05;1:16.68
447;1:10.32;;B2 D2 R2 F' U2 B' L2 F R2 D2 B2 D' B' U' B' R' B' R' F' U' Fw2 R U2 R U Uw2 B2 R F2 D' L Rw2 Fw D' Fw2 U' B2 R Rw U' Uw' R2 F2 Fw' Uw;2026-01-23 23:16:49;1:10.32
448;1:14.37;;R B2 L2 F2 U' B2 U' F2 D2 R2 D R2 U2 L' B2 R' B L2 U F B Fw2 Uw2 B2 D R2 F' B2 Rw2 U F' Uw2 B R2 Rw' D' F L2 Rw U' Uw Rw F D' R Fw L;2026-01-23 23:18:18;1:14.37
449;DNF(1:08.21);;U B' D L2 F2 U' R2 B2 U R2 B2 R2 U B L' F D R' U2 L2 F Fw2 L' D2 Fw2 U' Rw2 U2 L2 U' F2 U' Fw' Rw2 B L U B' Rw U' Rw' Uw R Fw R2 B';2026-01-23 23:19:55;1:08.21
450;1:10.12;;F2 R' D2 B2 L D2 B2 L2 D2 L F2 D' F D2 R F2 D' R2 F B' Uw2 F2 R' Fw2 Uw2 F2 U R Rw2 U B2 D' Fw' R U' F' U' Uw' B' Rw' D2 Uw' B Uw' L';2026-01-24 22:02:58;1:10.12
451;1:26.21;;L F2 U2 F2 L B2 L' D2 R' F2 L U B L F D F' R' F2 L' Fw2 Rw2 U2 B' D' R2 Rw2 B' Uw2 L2 Uw2 F' Rw' B2 D' Uw2 Rw F2 Uw L U2 R B Uw Rw';2026-01-24 22:04:33;1:26.21
452;1:14.91;;U2 F2 R' F2 L2 U2 B2 R' D2 B2 L' U D' R F' L' D B' R2 U' R' Fw2 Rw2 U' R2 L B2 D2 R D Uw2 F2 Rw2 Fw' D L' B2 D F' Rw Fw Uw2 Rw' Fw2 R' Fw';2026-01-24 22:06:20;1:14.91
453;1:10.23;;F' R U' D2 L B D' F' L D2 L F2 D2 F2 R' D2 F2 L D2 R Fw2 L U F2 D' Uw2 L' U2 Fw2 Uw2 L2 B L' Rw2 Fw L2 U2 Rw' Uw' L Rw B D Fw' U;2026-01-24 22:08:00;1:10.23
454;1:09.55;;B2 U B2 U' R2 B2 R2 U D2 F2 B' R' D' F U' B' R2 U2 F' R Fw2 L' U' Uw2 L' Rw2 U D L' Rw2 U2 Rw2 Fw Rw2 F' B D' Rw F Uw' F2 L Rw2 F;2026-01-24 22:09:31;1:09.55
455;1:15.50;;L2 F R2 B2 D2 R2 D2 F' U2 B' L2 F' L' D B D L' U D' R2 F' Rw2 Fw2 D2 B' Rw2 F' U D2 B Fw2 U2 B2 Rw' D2 R' F U B2 Rw2 F Fw' Rw F' Uw' Rw;2026-01-24 22:14:34;1:15.50
456;1:13.55;;L' F2 U' F2 U B2 U2 R2 B2 R2 L2 U R U' R' B' R U L' D Fw2 D R2 U' Rw2 Uw2 Fw2 U B2 Rw2 D L D Fw' L' Uw2 B D L2 D Rw Uw' Rw2 U2 F' B;2026-01-24 22:16:17;1:13.55
457;1:36.44;;F R2 D' L2 B2 D2 R L B2 R F2 B' R2 D B R L' D Fw2 Rw2 B2 U' L' D' F2 U' Fw2 L' U' D Uw2 F U2 Fw' U Uw R' Rw2 Fw Rw Uw2 B Rw;2026-01-24 22:17:49;1:36.44
458;1:10.67;;U2 B L2 D L' F2 L U' F2 D2 B2 U L2 F2 D' B2 D' B2 Uw2 B Fw2 D' R2 Uw2 B2 Rw2 F Rw2 D' B2 U2 Rw B D2 Fw2 L2 D Fw' Rw2 Fw' U R' Uw' Fw2;2026-01-25 05:25:30;1:10.67
459;1:13.08;;L' U2 R' F2 R L2 D2 R F2 D F R2 U B' L2 U' D2 Rw2 F' D F' Fw2 U' F L2 U' R2 B2 U' Rw' F R2 F2 R' Rw Uw Fw' Rw' Uw Rw D L2;2026-01-25 05:27:11;1:13.08
460;55.09;;U2 D' R D' B2 L2 U B' L2 D2 B' L2 B D2 R2 F' D Rw2 U' R2 Rw2 F' Rw2 D Uw2 F U D' F2 Uw2 Rw' F' Fw2 U' D2 Uw R' Fw' Rw' Uw2 R F';2026-01-25 05:30:38;55.09
461;1:11.00;;R2 F2 R2 U' B2 U' F2 U' B2 U R2 B2 R' U2 F2 B U' R D B' Uw2 F D' Fw2 D L2 B' Fw2 L2 D R2 U R Rw F' L' U L' Fw' Rw' D2 Uw' L2 Uw2 F;2026-01-25 05:33:59;1:11.00
462;1:33.21;;B D2 L2 F U2 B D2 L2 U2 F2 L F R' L' D2 F' R2 D' L2 B' Fw2 U' R2 Fw2 U' Uw2 B Uw2 Fw2 D B Rw2 B Rw U' F' R2 B Rw Uw' F Fw L' B Uw L';2026-01-25 05:35:34;1:33.21
463;1:05.64;;B2 U2 D2 L2 B D2 L2 F' D2 L2 D2 L D' B' D2 B2 R F U2 L2 Uw2 R D2 Rw2 Fw2 D2 R U' L2 U2 D2 Fw D B2 R' Fw L' D' Rw' Fw Rw' B R2 Fw;2026-01-25 05:37:35;1:05.64
464;1:16.31;;D' R2 U' B2 L2 F2 D R2 U F2 U2 B' D' L' F' R' L D' B' R Rw2 B2 Uw2 R' D' F2 L B2 U' Fw2 Uw2 B2 Fw L' B Fw2 Uw2 B2 Rw Fw D2 Rw B D Rw';2026-01-25 05:39:08;1:16.31
465;1:15.32;;D' L2 U2 L2 B2 U' R2 B2 U2 R L2 F R L' F' D F U' L2 D Fw2 D' L' Fw2 D R' L B2 U Rw2 D2 Rw2 D' Fw' D2 Fw' U2 Uw' B Uw' Rw2 D B' U';2026-01-25 05:40:44;1:15.32
466;1:18.23;;B2 D' L2 U2 L D2 R U2 B2 D2 F2 D2 F' U' R2 B2 D2 B R' Uw2 R' Rw2 B L B2 Fw2 D2 R B Fw2 L' D2 Uw' L2 D Fw2 D F' R Fw' R' Rw B' Rw2 Fw2;2026-01-25 05:42:37;1:18.23
467;1:03.25;;R U2 D R2 F2 D2 F2 D' R2 U' L U2 B' D F D R D2 Rw2 Uw2 R Fw2 L2 F Rw2 U2 L Fw2 D2 B Uw B' R' B2 R2 U2 D' Rw' F' Fw2 Uw F' Uw2;2026-01-25 05:44:40;1:03.25
468;1:01.58;;L2 F2 U L2 F2 D' F2 U' B2 U2 L2 U B D2 B D' F U2 R' F' L Uw2 R2 Fw2 L' Uw2 B L' F2 L2 Uw2 B2 R L Uw' B' U' F' Uw F' U Fw Rw' Fw R' Uw2;2026-01-25 05:46:06;1:01.58
469;1:09.15;;F2 R' D' F B2 R' U' F2 U2 D2 F U2 F' R2 F' U2 B U L' Fw2 Rw2 U2 R F Fw2 R F2 Rw2 Uw2 B L U D2 Uw F2 L' D' B' Rw' U Rw Fw' Uw2 Fw2 R;2026-01-25 05:48:08;1:09.15
470;1:13.86;;R D' B' U' D L' F' R2 L2 B2 U2 D' R2 F2 D R2 F2 D2 B D Rw2 Fw2 U B' Rw2 U R2 L2 B2 U F' R2 Rw D2 Rw' D2 L' Fw' D2 Fw' D2 Fw U R;2026-01-25 05:49:50;1:13.86
471;1:02.96;;F2 D2 R' U' F' L' F2 D L2 D2 F B U2 F' U2 F2 D2 R2 D2 L Rw2 Fw2 R' D' B2 D' Fw2 U' L' U' D2 R' B' Fw R U2 R Fw' D2 Uw F' Fw' D2 B2;2026-01-25 05:51:24;1:02.96
472;1:14.07;;B D' F2 L2 D R2 D L2 U' R2 B2 D L B' R2 D R' F2 B2 U2 Uw2 R' Rw2 Fw2 L B U2 Rw2 Fw2 L U2 B' U L' U Uw' Fw2 Uw L2 Rw Uw F B' Rw U';2026-01-25 05:52:52;1:14.07
473;1:16.63;;F U2 F2 U' F2 D' L2 U' L2 U R2 L F2 D' F L' B D R Rw2 D2 F' U Rw2 F L2 B Uw2 F L2 D Rw' U2 F' Rw2 F2 Rw D Fw' U' Rw Uw' F2 D;2026-01-25 05:57:45;1:16.63
474;1:18.66;;F L2 D F2 D' F2 U' B2 U' L' B' R' L2 U2 F L F Fw2 U' R' Uw2 R2 D2 R' Uw2 R2 Rw2 U' B2 R' Fw R2 D' L2 Rw B' Fw' Uw2 Rw2 D2 L B;2026-01-25 05:59:25;1:18.66
475;58.30;;D F2 D2 B2 D' R2 D F2 R2 U F2 U R' L B L' B2 U' L D' F Fw2 U2 Uw2 L D' Fw2 Rw2 U L2 U R Rw2 B2 Fw L' F' B' Fw' D' Rw D B Uw2 Fw' U' D;2026-01-25 06:01:08;58.30
476;1:20.78;;L F R2 F2 L2 U2 F B L2 B U2 B U2 D L' D2 B' L D2 B2 D' Fw2 L2 U' R D2 Fw2 R' U' Fw2 D Uw2 Fw2 R B' Rw2 Fw R L' Uw F2 Uw L' Uw B2 Rw;2026-01-25 06:03:22;1:20.78
477;1:33.34;;B2 U2 D2 L' D2 B2 L' U2 R D2 R' B2 D B D' L F' U' L' D2 F Uw2 B R Rw2 Fw2 R' F U2 Uw2 L2 U2 Rw2 F' D F' Uw' Rw2 Uw' L2 Rw' Uw' B D' Uw' Fw2;2026-01-25 06:05:18;1:33.34
478;1:19.57;;L U2 L U F2 L U2 B' L' B2 L F2 D2 L D2 R2 B2 D2 B2 Uw2 R2 B R' D2 Uw2 F L' B' Uw2 F' R' Fw2 D' R2 Rw2 U2 Uw' Fw D' F2 Uw L B2;2026-01-25 06:08:35;1:19.57
479;1:20.31;;F' U2 F2 D2 B U2 F U2 B' R2 F U B' L' U2 B' R2 U' D' R Fw2 U' Fw2 L' Fw2 U2 L' D Rw2 U' F2 U' Fw' R U' R2 Fw' Uw' Fw' U Fw' Uw R' B U2;2026-01-25 06:16:38;1:20.31
480;1:00.93;;F D2 B2 U L2 F2 D R2 D2 B2 R2 F R2 L U B L' B' R' Rw2 B Rw2 U2 Fw2 D Rw2 U' F' U Fw2 U' D' Rw' U' R U2 Fw2 Uw' F' R Fw' Rw Fw2 L;2026-01-25 06:20:01;1:00.93
481;1:12.75;;U B D2 R' B L' B L D' F2 B2 D2 R2 U F2 U2 F2 R2 B2 U Fw2 L' B2 D Rw2 U' F2 Rw2 D' Uw2 Rw2 U' D F' D' Fw' D' R Uw Fw L2 Rw2 Uw' B2 D2 Uw;2026-01-25 06:22:11;1:12.75
482;1:15.71;;B R F2 U' R2 F2 D2 F2 D' R2 B2 U' R' L2 B' L2 U' F2 R F' U2 Uw2 F Rw2 D2 Fw2 R Fw2 R' D2 F Fw2 L2 Uw L' B' L' Uw' Fw' D Rw' Uw' Fw D F';2026-01-25 06:23:45;1:15.71
483;1:09.25;;U' L' U2 D F2 U' R2 U' R2 L2 U' L2 B2 R' F' B L D2 B U' Uw2 Fw2 Uw2 B' U L2 D2 F' Fw2 Rw2 U' D' Rw B' U2 R2 Rw Fw Rw' Uw2 Rw' B' R' F;2026-01-25 06:25:22;1:09.25
484;1:38.80;;F B2 R' D2 R' U2 R' D2 R' D2 F2 B2 L2 F' D2 B U' B2 R B' L' Uw2 R D2 R' Rw2 F Rw2 Fw2 R Fw2 D2 R2 Uw R2 D L2 Uw2 F L' Rw' Uw' L2 Rw U' Fw;2026-01-25 06:26:53;1:38.80
485;1:13.38;;U' R' D' B D B2 D2 F U' D2 F2 R2 U2 R2 D2 F2 L' D2 B2 L Fw2 R L2 Rw2 Uw2 F D2 L2 Fw2 Uw2 F Uw' F2 R' D' B' L' Uw F2 Rw' U2 Fw' U2;2026-01-25 06:28:53;1:13.38
486;55.70;;U' F2 R2 U' F2 D' L2 F2 R2 F2 D2 F2 B' D' R2 B' L U R' D L Fw2 Uw2 F D' L2 Uw2 B Fw2 D F' B2 L' B' R2 Rw' D L2 Uw' L' Fw' Rw' Fw2 R L;2026-01-25 06:30:45;55.70
487;1:13.92;;R' B2 L2 F' U' D' L B U2 L2 U2 D2 R2 B L2 F B U2 D L2 F' Rw2 Fw2 U' B2 U' B' Fw2 Rw2 D R2 L2 U F' R' Rw Fw2 Rw U2 B2 R D2 Fw U L' Rw' Fw';2026-01-25 06:32:06;1:13.92
488;1:09.49;;D2 F2 R B2 R2 D2 L' B2 U R2 L' D R2 F U R' B' Fw2 D2 R U L2 F2 Uw2 L' Rw2 D Fw2 U' Fw' D' Rw2 D' F Rw B' D2 Uw L Fw L' F2;2026-01-25 06:33:41;1:09.49
489;1:22.16;;D2 L' F2 B' D F U R' D F L2 F' U2 R2 D2 L2 U2 F D2 B' R2 Fw2 U' D2 Rw2 Fw2 U' F' L2 D Uw2 Fw2 L2 B2 Rw B2 R L' F' U' Uw' R2 F2 Uw' F Rw' F2;2026-01-25 06:35:32;1:22.16
490;1:18.20;;F U2 R F2 L' U2 R U2 R D2 B2 L2 B' D R2 U B' R' F2 L U' Fw2 R Fw2 D Uw2 F2 Fw2 U L' B2 U Rw2 D2 B Fw D' Rw2 F Uw Rw D2 Fw' Uw' Rw2 F' D2;2026-01-25 06:41:37;1:18.20
491;1:03.24;;B2 L' B' R2 U2 B' L2 F U2 L2 B D2 B U' R F' D' B' L' D' F2 Uw2 B' Rw2 B' D Rw2 B2 D' F2 U2 B U D2 Rw B' L2 Uw2 R2 F Uw R Fw L' U Uw' F;2026-01-25 06:43:31;1:03.24
492;1:02.77;;F2 R2 U B2 R2 D' B2 U' B2 L2 U R F2 L D F U' L' D2 B' Fw2 Uw2 L U2 D Fw2 L F2 D Rw2 F2 D L2 Fw' R U' Uw2 R2 D Uw' B' Fw2 Uw L Fw' Rw';2026-01-25 06:45:04;1:02.77
493;1:12.16;;U B' L' B2 D' F' U F2 U L2 F2 D2 R2 D2 F2 L U2 D2 R' F2 Rw2 D R D' Uw2 L' U' D2 Uw2 Rw2 B2 R F2 Fw' U R L Fw' D Rw' Uw' Fw Uw2 Fw D';2026-01-25 06:46:59;1:12.16
494;1:22.70;;U B2 L F D R2 B L' U' B2 U2 D2 R U2 R2 L' U2 F2 R2 F2 Uw2 L' D2 Fw2 U' Rw2 Uw2 L' D2 F2 D B2 Fw R' U B2 Uw2 Rw' D2 Rw' B Uw' B' U2 Rw;2026-01-25 07:02:17;1:22.70
495;1:29.04;;U' L2 D' B U2 F D R' L' B2 U' F2 L2 U' R2 U2 F2 L2 D2 Uw2 B R2 Fw2 D Uw2 Rw2 U' B' L2 U' B U' R' Rw' F B2 R' Uw' B' Fw' Rw' D' Uw Rw;2026-01-25 07:04:10;1:29.04
496;1:23.95;;B2 L2 B' L' U D' L2 F' R' F2 U R2 U' B2 U' L2 B2 U' B2 L2 Fw2 Rw2 D B U2 B Uw2 Rw2 U' F D' Rw B2 U2 Rw2 U2 L2 Fw' L U2 Uw Rw2 Fw U;2026-01-25 07:16:14;1:23.95
497;1:18.05;;R' B2 R D2 R2 U2 B2 R2 F2 R U' D2 B2 R' D2 L F U' D2 F2 Fw2 U' F D' B' Fw2 D F2 B' Rw2 F' D' B Rw' Uw2 Rw' B L' F2 Uw' Rw' B' U Rw Fw D';2026-01-25 07:18:40;1:18.05
498;1:19.38;;R' F U2 D' F' U F' L B D2 B U2 F' U2 D2 R2 D2 B2 L2 F' Rw2 D F2 Uw2 Fw2 U2 L' Fw2 R' D2 F2 Rw2 U2 Fw U F R B' Rw Fw' U' Fw' Uw Rw B2 D2;2026-01-25 07:20:27;1:19.38
499;1:05.20;;L' B R B D' F2 R F D2 B U2 D2 L2 F' B' U2 F2 L' U2 Fw2 L' D2 Uw2 L B' R' D2 Uw2 L' F' L' Uw B U' F2 D Rw F' L D' Rw Uw Rw;2026-01-25 07:22:07;1:05.20
500;1:14.32;;R F2 R B2 R' D2 R' U2 F2 B' R' B L2 U2 B' U L2 B2 D Fw2 Rw2 B' R Fw2 L' Fw2 Rw2 F2 R' B' Uw2 L Uw' F R' B2 D' Uw Fw U D2 R' Uw L2;2026-01-25 07:23:37;1:14.32
501;1:28.53;;L2 U2 F2 L2 U2 B2 L' F2 L D2 L' B' R U2 F' B' U D F2 B D Rw2 D F2 L' Rw2 D' Uw2 R D2 L' U R L2 Fw Uw2 B Fw' U2 Rw' Fw' R Uw2 Rw2 Fw;2026-01-25 07:25:46;1:28.53
502;1:14.54;;U2 B D2 B L2 U2 D2 F' R2 F2 R2 B L B' D L' F2 L U B D2 Rw2 Fw2 U' L' Uw2 Rw2 U' Uw2 B2 R F2 R U' Fw D L' B2 U2 Uw2 Rw' B L D' Rw2 Fw2;2026-01-25 07:27:33;1:14.54
503;1:23.97;;B' D2 B2 D2 B2 R' L' U2 R' B2 L U2 D' L2 U D2 F' U D' Rw2 D R2 Uw2 Rw2 F' L2 B D F' B' Rw' Uw2 B2 R' U2 Rw' U2 Uw F' Rw Fw U' Fw';2026-01-25 07:29:10;1:23.97
504;1:32.12;;D2 R' L2 F2 R' F2 U2 L2 B2 U2 F L B D2 L2 U' F2 L B2 Fw2 Rw2 U2 D' R2 B' U2 Fw2 Uw2 F' U2 L2 Rw B Rw2 U' Fw2 Uw Rw2 B' U Uw' Fw' L';2026-01-25 07:30:54;1:32.12
505;1:17.32;;B' R' U2 B U2 L2 F B L2 F D2 F U' B' U R2 B2 U' L' B Rw2 U2 Fw2 L F' U2 Uw2 F U2 B L' D2 F' Uw' B2 U' L Rw D Fw' Uw2 B2 Rw' Uw2;2026-01-25 07:33:03;1:17.32
506;1:09.75;;F2 U2 F' B2 U2 F D2 F' D2 F' U2 R2 U R U' L F D2 R2 L B' Rw2 Uw2 F R' D2 Fw2 L' Fw2 D2 Rw2 B R' Fw2 U2 Uw L B D Uw2 Fw' Rw2 Fw' Uw R' U' Rw';2026-01-25 07:34:55;1:09.75
507;1:01.95;;R' F2 R B2 R' U2 B2 R' B2 U2 B2 L2 B' U' D B' U' R2 L U' L2 Fw2 Uw2 B' R2 Rw2 U B' L2 U2 Rw2 U2 B2 Rw' B D2 Rw' U' Fw' Rw F2 D2 R2 B' Rw2;2026-01-25 07:36:24;1:01.95
508;1:14.30;;U' R' D2 F2 U2 R B' D' L B' D2 L2 F U2 D2 F' U2 L2 F' U2 B2 Fw2 R' B' Uw2 R' L' Rw2 F' Rw2 F2 Fw2 R' D2 Uw' L2 F L' F B' Rw' F B Fw' U' Uw;2026-01-25 07:39:21;1:14.30
509;1:20.43;;U F D' R' B2 D2 B2 L' D2 L' U2 D2 B2 R' F' R' B R B2 U' L2 Rw2 Fw2 U R' Fw2 L2 U L Uw2 R' U B2 Fw' L' U2 F2 L' U Rw B R2 Fw Uw' Fw2 Uw';2026-01-25 07:40:55;1:20.43
510;1:15.06;;U' F' U B2 D2 B2 U2 B2 R2 L2 D' R2 D' F2 R U' B L D F R' Uw2 Rw2 F2 D R' D' Fw2 Rw2 D2 R2 D' R2 U Fw Uw2 B U' D Uw R2 Fw' Uw B' D2 L2 U';2026-01-25 07:42:35;1:15.06
511;1:15.79;;U D B' L2 D B L U F B' U2 L2 U2 B D2 F' L2 D2 L2 B2 U Uw2 R' L D Uw2 Rw2 U' Fw2 L U2 L U' Fw Uw2 Fw' L' B' Rw U2 B2 Fw R2 Fw2;2026-01-25 07:44:45;1:15.79
512;1:18.11;;U2 L2 D2 B U2 F B2 U2 L2 F R2 B R' D' L2 B2 U L U' B L' Uw2 Rw2 U B' Rw2 F' U' Fw2 L2 F2 B U' R' D Fw2 L Uw2 Rw U2 Fw L' Uw L2 Fw' Uw2;2026-01-25 08:11:49;1:18.11
513;1:11.22;;L' U2 R' B2 R2 B2 D2 L D R U' L F L F L2 F L2 Fw2 L2 Rw2 D2 L Uw2 L' D Fw2 Rw2 D' Uw2 Fw' R2 Fw2 Rw2 F2 Rw2 D Rw' F' Fw' U2 Rw2 D2;2026-01-25 08:13:28;1:11.22
514;1:12.87;;B R' F2 U D2 F U2 L F2 B' L2 F2 D2 R2 U' L2 B2 U R2 U2 Rw2 B' Uw2 Fw2 U2 Uw2 L2 F D2 Uw2 L F2 R2 Uw' Fw2 U' D' B Rw Fw U2 B2 Fw2 R' Fw;2026-01-25 08:16:47;1:12.87
515;1:01.79;;D2 R2 B2 U R2 D' L2 U' D2 L2 D' B R' B2 D F2 B2 D Rw2 Uw2 B' Fw2 D2 L' Fw2 R Rw2 Fw2 U2 L F2 Uw B2 D2 B' R Rw' Fw' U' F2 B2 Rw' B;2026-01-25 08:19:48;1:01.79
516;1:16.50;;F R2 B2 R2 U2 L U2 R' B2 L' F2 L' D' B' R F' B2 L D2 B' D Rw2 B' Fw2 L2 D R2 U' D2 Rw2 B D F2 D R Rw' F2 D' B' Rw' Uw Rw' B Uw' L F;2026-01-25 08:24:15;1:16.50
517;1:07.48;;F2 D2 F2 U' L2 D B2 L2 F2 D L2 F B L' D2 L' U B' R2 U' Rw2 D Rw2 Fw2 D2 Uw2 R' D2 R' L2 D' B2 Fw' U' R' F' L2 D2 Uw Rw2 Uw F2 Fw L2 B;2026-01-25 08:25:58;1:07.48
518;1:08.60;;R2 U2 L2 F2 U2 D' B2 L2 U R2 F L' F D2 L2 U2 F R' D B' Rw2 F' U Fw2 U Rw2 U2 B' D L2 B2 Rw' Uw2 Rw2 B2 R' L D2 Uw Rw2 Uw2 Fw U2 R;2026-01-25 08:27:27;1:08.60
519;1:22.93;;F' U D B' U' R' L2 F U' B2 U2 L2 D2 R U2 R2 F2 B2 L B2 U2 Fw2 U' D B2 Fw2 L D' L2 Fw2 L' U2 D Fw R2 L Fw' Rw D2 Rw2 D' Fw2 Rw Fw';2026-01-25 08:35:47;1:22.93
520;1:12.50;;F2 U2 F2 D' R2 U' L2 D' F2 U' R U' D' F' U2 R' L2 B2 U Fw2 Rw2 F2 R' Rw2 D Rw2 U' F2 Fw2 Uw2 L' D' Fw R L F' Uw2 F2 Fw L Uw' F2 Fw Rw2;2026-01-25 08:37:34;1:12.50
521;1:16.89;;F B2 D2 R2 L2 F' R2 B' R2 F' L2 B R' F U2 L' F' D F L Fw2 Uw2 L' F2 U' Rw2 F2 U B2 R' L Fw' R Fw L U2 Fw' Uw' B' Fw2 Rw F Uw Fw' Rw2;2026-01-25 08:39:27;1:16.89
522;1:17.16;;F' L2 B2 D2 L2 D B2 R2 B2 U L2 D' F' R U2 B2 R F2 L D Uw2 B' Rw2 Fw2 R Uw2 L D2 L Uw2 F' B' Rw2 Uw R2 U2 F' U2 Uw2 F Rw2 Fw Uw' L U';2026-01-25 08:41:13;1:17.16
523;1:17.32;;R2 D2 B2 U2 B R2 U2 B' U2 B' U2 F' R B D F2 B' L F D L2 Rw2 F' U Fw2 U D L2 Uw2 F Uw2 R2 U' Rw B2 U Rw Uw2 L Uw' L F' Rw B D;2026-01-25 08:42:55;1:17.32
524;59.38;;B' U2 R2 B L2 F2 D2 L2 D2 R2 F R2 U B2 L' F2 L2 U2 F2 R' U' Uw2 F Uw2 Fw2 U2 B Fw2 L2 F' U Rw2 U Rw U B' L' B Rw2 Fw' L' Fw2 Uw' Fw2 D2 L;2026-01-25 08:45:11;59.38
525;1:07.21;;R' U' L2 U2 B D2 L2 U2 L2 F2 B' L2 B D B2 R' L U2 F R2 D Uw2 R' D2 Rw2 Uw2 R2 U2 B' L' Fw2 Rw2 F2 Rw2 Uw F' D2 R2 F2 Fw L2 Rw B2 Fw R2 U' Rw';2026-01-25 09:34:09;1:07.21
526;1:16.56;;B R B U R' B R F L' F2 L2 U' F2 B2 U2 B2 D B2 R2 F2 Fw2 Uw2 L2 D' L2 Rw2 U' L Fw2 U' L' Uw2 Rw2 F2 Fw' L2 B Rw F R2 Uw Rw Fw' Uw L2;2026-01-25 09:35:36;1:16.56
527;1:13.35;;D' F' R2 U B2 U' D2 F2 U' B2 U' F2 U F R' L B' L2 U B Uw2 R' F2 B D2 L' Fw2 L2 Uw2 F' Uw2 R' F' Uw' B2 U2 L2 Fw Rw2 Uw' F2 L2 Uw2 Fw' R2;2026-01-25 09:37:14;1:13.35
528;1:09.88;;D B2 U D L2 B2 U' R2 L2 B2 L U' D' B2 R F U R' D Rw2 U' F Fw2 U F Fw2 Rw2 Uw2 L2 B' D Rw' D' Fw2 R2 U2 L' U' Uw R' Uw2 Rw' F Rw';2026-01-25 09:38:53;1:09.88
529;52.13;;D F' L' D2 L2 D' F2 B U' F2 D' L2 U R2 F2 D2 R D' Fw2 Rw2 Uw2 F' D R2 Rw2 U2 D F' B L' U' Rw' F D' L' B' Fw' Uw' R2 B Fw Rw' F2;2026-01-25 09:40:37;52.13
530;DNF(1:11.65);;R2 F R2 F' L2 B' R2 D2 B D' F2 L' F R2 B' U D' B2 R' Fw2 U2 D' Rw2 Fw2 U R2 F' U D Uw2 B Uw2 Rw U' Uw2 R D' R2 F' Rw Uw Rw' F' Fw';2026-01-25 10:18:55;1:11.65
531;1:25.92;;B R U F2 R2 L2 D F2 U2 F2 B2 R2 D' F D' R D R F2 R' U' Fw2 L U Uw2 R Uw2 Rw2 F2 Fw2 D' L' U Fw U2 B Uw2 L Fw' Rw2 F Uw Rw F Fw2 R;2026-01-25 10:22:19;1:25.92
532;1:00.09;;F' B2 U2 R2 U2 L D2 R F2 R' F2 R F2 D' R2 B U L2 F B2 D' Fw2 U' Uw2 Fw2 D R F2 L' B2 U R' U' D' Fw' R2 F2 Uw2 R Rw' Uw R2 D Uw' Fw U;2026-01-25 10:24:07;1:00.09
533;1:06.95;;L D2 R2 B L2 F D2 B L2 F R2 F' U2 R F U2 D' F' R2 U' L' Fw2 R' Fw2 U2 Rw2 D2 L' U2 B L' B' Fw2 Uw' F' U' Fw2 R' U Rw D2 Fw U2 Rw F' Uw';2026-01-25 10:25:41;1:06.95
534;1:01.99;;L2 D2 B2 U R2 B2 U F2 U2 F2 U' L2 F' R' B2 U F' R2 U' B' L2 Rw2 B' Fw2 L2 Rw2 B2 Uw2 R U2 F' Rw2 B L2 Uw R2 D' L Rw2 B Fw' R2 Rw' Fw L' F';2026-01-25 10:27:12;1:01.99
535;1:10.98;;U B2 D2 R' F' R' B' U' F' R F2 U2 L' F2 L U2 L' F2 R B2 L2 Uw2 B' Rw2 B R F' L' Uw2 F Rw2 U2 Fw2 Uw' L' B' Uw2 Fw' R2 Uw Fw2 L2 F' U;2026-01-25 10:28:41;1:10.98
536;1:10.75;;F' U2 L2 B2 R2 B2 R2 D2 F' U2 R' L2 D L' F' B L B L' U' Fw2 D' R Uw2 L' U2 R' Rw2 D L' Fw2 D' L2 Fw Uw2 R2 B Fw Rw' Fw' Uw' F2 B D L';2026-01-25 10:30:18;1:10.75
537;1:03.05;;R' D' R' B2 R' U' D2 R' F' B2 D' F2 D2 L2 D' R2 F2 Uw2 F' L' F' L2 Uw2 F' R' Rw2 F Rw2 D2 L' U' Uw' L U2 B' U' Rw' F2 U' Uw' R' Fw' Rw;2026-01-25 10:31:53;1:03.05
538;1:06.96;;F U' D' F' U' B' R' B2 R2 D F2 U' F2 D' F2 L2 F2 U B D' Rw2 F2 Fw2 R' U' D2 Rw2 U Fw2 R U2 Rw2 Fw' U' B2 Rw2 Uw' B' Fw Rw' F' Rw' Fw R2;2026-01-25 10:33:22;1:06.96
539;1:12.76;;F' D' B' R' L2 U2 L D2 F2 R2 U2 F2 U2 F' U' B U R' F' L Rw2 B2 U' Fw2 Uw2 R' D' Rw2 Fw2 L' B2 Uw2 L' B' L' Fw' R Rw' F' Rw Uw' L Uw' R L;2026-01-25 10:35:00;1:12.76
540;1:10.16;;R D2 F2 L2 F R2 F2 D2 R2 F' L2 B' D2 R F2 L' F L D B' Uw2 Rw2 B2 D' R U2 Fw2 L' Rw2 F2 B2 D Rw2 Fw' D2 B2 U' Fw' Uw F2 Rw' D2 Rw' Fw' L' Uw2;2026-01-25 10:45:41;1:10.16
541;1:24.67;;F U' F2 L2 U2 B2 R2 U2 F2 L F2 U2 B2 D B L' F L2 D R' B Rw2 F' U' L2 F' Rw2 Uw2 L2 B' Uw2 B Uw2 B' Rw B U' Rw U' Fw' Rw U2 Fw2 L' F L';2026-01-25 10:47:15;1:24.67
542;1:16.63;;R L F2 R2 F2 U2 L' D2 L2 F2 R' B L' F D' L D' F' U R' L' Uw2 L' Fw2 Rw2 U2 L U2 Fw2 R2 U' Uw2 Fw L2 B' D' F' U2 Rw' D F' Uw' Fw2;2026-01-25 10:49:20;1:16.63
543;1:06.90;;U' B' R' B' D' B' L U D F D2 B' R2 B' U2 R2 B2 L2 F' R2 D2 Rw2 U Uw2 L Fw2 R U2 L' B2 L2 D2 Uw2 F Uw2 Fw' L D' Rw2 F U Uw Rw Fw2 U' B';2026-01-25 10:51:00;1:06.90
544;1:05.69;;L2 F' D B R U2 F B' U' R2 B2 D2 R D2 R L2 B2 R D2 R' U2 Fw2 R' B2 U' Uw2 Fw2 R D L Fw2 R L' U' F' R Fw D2 Fw R' Rw' Fw' R2 L Rw';2026-01-25 10:52:33;1:05.69
545;59.80;;B' L2 F2 L2 U2 F2 B U2 F' D2 R2 D' B2 L' F' L U R L D' Rw2 U F' Uw2 Fw2 U D2 F2 B R2 Uw2 B' D' R' Uw2 Rw' U B R D Uw' Fw' Uw2 F Rw2;2026-01-25 11:02:12;59.80
546;1:14.63;;F U2 R' F2 D L2 B' L F2 L' B2 L2 D2 B2 R' D2 L' U2 R F' U Fw2 U' L2 Rw2 B' U' D' Uw2 R2 Rw2 F2 D' Rw F Uw2 Rw F2 Fw R2 Uw' Rw Fw2 Uw2;2026-01-25 11:03:36;1:14.63
547;1:21.51;;R F2 B2 L2 U2 F2 L' B2 U2 F' B2 D L2 U2 L U2 B' U2 D2 Uw2 Rw2 B' R2 L F' B' L Rw2 F2 B Fw2 L U' B Uw2 L2 U Rw Uw F Fw' R2 Uw' Fw;2026-01-25 11:05:09;1:21.51
548;DNF(1:04.83);;U' R D2 F L F' L F U B U2 B2 D2 B R2 F2 B2 U2 R2 Uw2 Rw2 U' Fw2 D' R' Rw2 Uw2 Fw2 R' B2 L2 Uw2 Fw' Uw2 B Rw D Fw Uw' F2 Uw' R' F2;2026-01-25 11:06:51;1:04.83
549;1:11.84;;D B D B' L' U D B' U' F2 R U2 D2 F2 D2 F2 R U2 R' F2 Uw2 L B' R2 B2 Uw2 Fw2 L F B2 R' Uw2 R' U' Uw F U Uw Rw' U' Fw2 U L2 Uw R;2026-01-25 11:08:48;1:11.84
550;1:10.66;;F U D L2 B L F R U' R2 L F2 L U2 R D2 L B2 D2 R2 D2 Uw2 F Rw2 D R2 U' D Fw2 D2 L2 Rw2 D' R' D' Rw' B' D' F' Fw Uw' B' D2 Fw D' Uw;2026-01-25 11:10:23;1:10.66
551;1:31.24;;L2 F R' F2 D' R2 B L2 F2 B U2 R' B2 L2 U2 F2 L' D2 R F2 L' Rw2 B' U Fw2 U' F' B2 L2 U' Rw2 U Fw2 Rw D R L' D2 L Rw' Uw L F R Rw' Uw B;2026-01-25 11:11:55;1:31.24
552;1:01.21;;D F2 R2 F2 U R2 D B2 L2 U' F' U L D R B' U' F2 D R2 Rw2 U D2 B' D2 Uw2 B Uw2 B2 Rw2 D Rw2 Uw2 L D F2 U Fw Rw' F Uw B' U' Rw';2026-01-25 11:13:48;1:01.21
553;1:06.55;;L2 U2 D2 F R2 F2 L2 F2 B' L2 B R' B' D' L' B R2 L U' F Rw2 U' Fw2 U' B2 D Uw2 B U' R2 F D' Rw' D' F2 D2 L2 Rw' Uw' F2 Rw U' D R' Rw2;2026-01-25 11:15:30;1:06.55
554;1:16.40;;B' U F2 U2 R2 D F2 L2 D' B2 D2 B2 L2 B' L F' L U F' D2 Fw2 U Rw2 U' Uw2 Fw2 L Fw2 R2 L Rw2 Fw' Uw2 F2 Rw2 Fw Uw' R2 Fw2 U' L' Rw D';2026-01-25 11:17:08;1:16.40
555;1:04.79;;F' B2 R U2 B2 U2 F2 R' B2 L' D2 B2 D L U D R' B L B2 Uw2 Rw2 B2 L' Fw2 R B2 Fw2 U B2 R2 U' Uw2 F D' Fw' R Uw2 L Uw' L B2 Fw Uw L2;2026-01-25 11:20:20;1:04.79
556;56.02;;B2 D2 L' D2 R F2 L' D2 L2 F' B2 R' U' R' B R' F' U D B Uw2 L Rw2 D Fw2 U' R L' Fw2 R U' Fw2 D Fw' L2 D' Fw R B D Uw F2 Rw D2 R' Fw;2026-01-25 11:21:44;56.02
557;1:04.15;;B2 D2 B2 R U2 R2 L D2 F2 B2 R2 F2 U2 D' R F U R B' R L' Uw2 L Fw2 Rw2 U L U' Fw2 U2 R2 U F R2 Fw U L Uw Rw' F B2 Uw2 Rw' F2 U';2026-01-25 11:23:09;1:04.15
558;1:00.85;;B' D B R2 B U L2 U' R B2 L2 U D2 R2 D' L2 B2 D2 L2 U2 L2 Uw2 B U2 Fw2 D' B' Fw2 U' F2 Uw2 Rw2 D Rw' B D2 Uw2 B L B2 Uw R2 Uw2 Rw' D2 F;2026-01-25 11:24:33;1:00.85
559;1:40.26;;B2 U2 F2 B2 L U2 R2 U2 F2 L' B' L' U' L U R' U L' Fw2 D F2 B' Uw2 F D R2 D2 Rw2 B' Fw2 Uw2 R' F Rw' F Uw2 L Fw U2 Rw Fw2 Rw Uw' F2;2026-01-25 11:26:40;1:40.26
560;1:07.90;;L U F2 U2 D2 L' B2 R D2 R F2 L' D2 R' F' R L2 U L F2 U' Rw2 Uw2 L Rw2 D Fw2 Rw2 B2 D B2 Fw2 U L Fw' R2 D Rw2 B' Uw' F2 U' Uw' Rw B' Uw2 Fw';2026-01-25 11:28:50;1:07.90
561;2:02.31;;U' R2 L F2 B' U D' L U' L F2 R U2 R B2 L U2 L2 D2 Fw2 U2 R U2 Uw2 Rw2 F2 R' D F2 U Fw U2 L2 D' R' L Fw2 Rw' Uw B D' Rw2 D';2026-01-25 11:30:20;2:02.31
562;1:21.90;;R2 B2 L' D2 R' F2 U2 B2 D2 L2 B R' D' L' F2 B R2 D' L F' Uw2 R D' Fw2 L U' D' R2 L' Fw2 Uw2 Fw' L F2 L Fw' Rw' Fw' L2 U2 Uw F' Rw2;2026-01-25 11:32:39;1:21.90
563;1:05.66;;D R L D F L2 D R' B2 R2 B D2 B' D2 R2 F' U2 F D2 F Fw2 L U Rw2 U2 B2 L' D2 Uw2 R2 Fw2 U' F' U2 R' Fw2 Rw Uw Fw D Uw' Rw U2;2026-01-25 11:34:21;1:05.66
564;1:02.90;;L D' B' U' L F' B' D' L2 U F2 U2 B2 U B2 U B2 L2 B R' Fw2 U Uw2 L2 D' R Rw2 F2 U2 Uw2 Fw2 L2 D Fw' R' Rw2 B2 U' Fw2 Rw' Fw Rw' B L' F';2026-01-25 11:35:57;1:02.90
565;1:12.15;;B2 R' D B' R2 D L2 U' B' D2 F2 R2 F2 U F2 U2 F2 R2 F2 Rw2 B' Rw2 Uw2 B U' B' L2 Rw2 F' U' F L Uw2 R Rw F' D2 Fw' Uw2 L' Rw' Fw' L' U;2026-01-25 11:37:19;1:12.15
566;1:04.40;;F2 B L2 U2 L U2 B2 D2 L2 B2 R2 U' F' L' F D2 F' R F D2 Fw2 L' Rw2 F' R Uw2 R' F Fw2 L2 F' L2 D Fw2 Uw' B2 Rw2 Uw Fw' D2 Rw' F' Rw Fw Rw;2026-01-25 11:38:51;1:04.40
567;1:11.20;;L U' F' D2 F2 R B2 R' L' D2 F2 L' U2 D2 F' R B L' U B L Fw2 D Rw2 Uw2 R' D Fw2 D' R' U L' F2 Fw D2 R2 D' Fw' D Rw Uw R2 D2 Fw' Rw' Uw2;2026-01-25 11:40:16;1:11.20
568;1:20.67;;U' B' R F D L F U' L2 U R2 F2 R2 L2 U' L2 F2 D2 R Uw2 L' U D' Fw2 R2 F2 U' Uw2 L' F2 Fw' R L D F L Fw Uw2 Rw' B' Fw' Uw R2;2026-01-25 11:42:02;1:20.67
569;1:19.92;;B U2 D2 L2 U2 R F2 U2 L U2 F2 L2 F D2 L F2 L U F R' Rw2 U' Fw2 D2 R Uw2 L B2 R' Uw2 R' D2 F R B Fw L' Uw' Fw2 U L Rw' U2 Rw B;2026-01-25 11:44:30;1:19.92
570;1:05.29;;F' U2 D' B2 D2 B' L' F2 U B2 L D2 R F2 U2 D2 R2 L' B2 R' B2 Rw2 Uw2 L' U R2 Fw2 R F2 Fw2 U D2 Fw L U F Rw2 B2 D2 Rw' Fw' R' Uw' Rw D2 R2;2026-01-25 20:14:37;1:05.29
571;1:32.75;;B2 R2 U2 B2 R' F2 B2 D2 F2 R U2 B D' B' U' D F' U' R2 L B Rw2 F Fw2 L' D2 Rw2 Uw2 B' Fw2 U2 R' Uw2 R Uw L' Rw2 F' Rw Fw Rw D2 R2 L' B2 Fw;2026-01-25 20:16:11;1:32.75
572;1:09.97;;U2 F' R2 L' D' L' F2 U' R2 D2 B R2 B R2 U2 B R2 D2 L2 B2 Uw2 B' R2 Rw2 Fw2 L' F' L2 Rw2 F' U2 F' Fw2 Uw' L B' D2 F2 U2 Fw Uw' L2 Fw' D2 Rw2 Fw;2026-01-25 20:18:14;1:09.97
573;1:12.64;;U' F B2 D R2 L' U' F2 R F2 R2 B' R2 B' L2 D2 F' B2 D2 B Rw2 F Fw2 U Rw2 B Uw2 R2 B2 Uw2 B' D Fw2 Rw B U2 D F' Rw2 Fw L U Fw' Uw F2 L;2026-01-25 20:19:51;1:12.64
574;57.66;;F' L2 U2 R2 U2 R2 F2 U R2 U R2 D' F' U2 B' U' B2 R L D' L Rw2 D F2 R Uw2 Rw2 D L Fw2 R D2 F2 U Fw L' D B L' Rw' F' U Fw Uw Rw2 D';2026-01-25 20:21:30;57.66
575;1:25.83;;L' U2 L2 U' F2 L2 D2 R2 D' F2 R2 B' R U' F2 L F' U' F R' Rw2 Uw2 L' U' F2 D' Fw2 L' Uw2 L2 B2 U' Fw' Uw2 Fw R2 L' D' Fw Uw B' R F' Fw D';2026-01-25 20:22:50;1:25.83
576;1:21.34;;B2 L' B D' R' B' R F R2 L F2 R2 F2 U2 B2 L B2 R' F2 L2 Fw2 R2 U' Uw2 R F2 Fw2 Rw2 D Rw2 U Uw2 R2 Fw' U2 F2 L' Rw F Uw' Fw2 D2 F' Rw' U;2026-01-25 20:24:40;1:21.34
577;1:05.44;;F U2 F2 U' B2 U2 F2 R2 U L2 F D B' U2 F L D R2 Uw2 Rw2 U' L' U' Fw2 U' D2 B2 R Fw2 D2 R' Fw' L' Rw2 Fw U Uw' F2 B2 Fw' Rw2 B2 R2;2026-01-25 20:26:22;1:05.44
578;1:06.73;;L2 D B' L' U R' F R' U2 D L' B2 R' U2 R' L' B2 U2 F2 D2 L Uw2 R2 F' U2 Rw2 F Fw2 Rw2 D2 F' L2 D' B L Rw B' R D' L2 Fw2 Uw B' R2 Uw' Fw';2026-01-25 20:27:48;1:06.73
579;1:21.41;;D F2 R' D2 L2 F2 R2 F2 D2 L' F2 D R' U' B D L' F R2 F' Fw2 R D2 Fw2 R' Fw2 R Rw2 B2 U' D R' F' Fw' U' Fw Uw' L B D Rw' F2 Fw L2;2026-01-25 20:29:22;1:21.41
580;1:04.24;;U' R' F2 U R2 U' R2 U R2 L2 F2 U B2 D R D2 L' F' B R' F' Uw2 R' B Uw2 L' F R' U2 Rw2 Fw2 U2 L' Uw B Fw2 Uw' R2 U2 R' Rw' U' D' R' Fw' Uw2;2026-01-25 20:31:05;1:04.24
581;1:10.13;;D F' L2 D' L2 U B2 L2 F' L U2 L B2 D2 F2 R' U2 Rw2 F' L2 Uw2 L Fw2 Uw2 F2 L U2 F L Uw' Rw2 D L' Fw2 D Fw Uw' F' Uw2 R L;2026-01-25 20:32:35;1:10.13
582;1:16.64;;R' B L2 D R' B' U L' F2 R2 B2 U2 L2 D2 R F2 B2 D2 R D R Uw2 Rw2 D' F2 Rw2 U' F' U2 R2 F2 Rw2 F R' U' F' R Rw' Fw' Rw' Uw2 R2 Fw D Uw;2026-01-25 20:44:03;1:16.64
583;1:17.04;;F2 B D2 L' B2 R' D2 B2 R L U2 L' B' D' F' U2 B' D' F' U2 Uw2 B' Fw2 R Fw2 D2 Rw2 F' Uw2 L' B' R2 L D2 Uw F L' Rw2 D F B Fw R Uw' F';2026-01-25 20:45:39;1:17.04
584;1:19.26;;L D' R L2 U' D L B U' D2 L2 F2 U' R2 F2 D' R2 L2 B2 U Uw2 B2 L' Uw2 B L' Fw2 R B U2 R U' Rw2 D Uw F B' Fw Rw U F' Rw2 U';2026-01-25 20:47:24;1:19.26
585;1:05.61;;F' R' F2 D2 R2 B' L2 B' D2 L2 D2 F R2 B2 U L2 B L D B2 L Rw2 Uw2 L' Fw2 U2 R F R' D2 Uw2 B' Rw2 Uw R D' B Uw2 B' D' R Rw' Uw' B Rw2;2026-01-25 20:59:17;1:05.61
586;1:13.74;;F D' F2 L2 D' L2 U B2 U L2 B2 D2 F' U2 R L D L' F' L Fw2 Rw2 F R' U2 L B2 Fw2 Uw2 L B R2 U2 Uw L F L2 Uw2 B Rw' D Rw2 F2 R2 B;2026-01-25 21:02:32;1:13.74
587;1:11.48;;D2 B2 U F2 U B2 L2 U2 F' B2 D B' U2 L F2 R' F U B Fw2 U Rw2 F2 Fw2 L' Uw2 F2 L2 D2 L D' Fw' L2 B R' Fw' R' U2 R Uw' F' Fw2 Rw' Uw';2026-01-25 21:10:15;1:11.48
588;1:16.09;;F U' R2 B2 U2 D2 R D2 R' B2 R' U2 B2 R2 B D' B L' U' R2 D Fw2 D' Fw2 R F2 U' Fw2 R2 Rw2 U2 R' L' Fw L' B' Rw2 D R' B2 Fw' Rw Fw D2 R';2026-01-25 21:12:01;1:16.09
589;1:14.45;;R' B2 R F2 U2 L F2 R F2 D2 F' R F L F B2 U2 D Rw2 Uw2 L' B Fw2 L Rw2 Uw2 F' B' L2 Uw L U D Uw2 L Fw' Rw Fw2 R Rw' B' Rw2;2026-01-25 21:13:42;1:14.45
590;1:11.72;;R2 D2 B2 D F U' R2 L' U' D2 R2 L2 B2 U B2 L2 B2 L F Uw2 L2 F Fw2 L D2 Uw2 L2 F L' Fw2 L Uw' F' L B' Uw' R' Fw' D' Uw2 L Fw Uw2 F';2026-01-25 21:15:20;1:11.72
591;1:12.07;;F U' R U' R F2 B R' U2 L2 B2 D2 R2 D2 R' D2 B2 R U D2 B Fw2 R U' F2 D2 Rw2 D R L Fw2 L U' Rw2 Fw R D F2 L' D2 Uw Fw Uw B2 Uw2 L';2026-01-25 21:16:55;1:12.07
592;1:04.26;;U2 L F D2 F R2 B R2 B D2 B2 U2 F' U' R2 B' L D2 L F2 Rw2 D2 B' R2 Rw2 B R L2 Uw2 Fw2 D2 R' L2 Uw F L' U D B2 Rw B2 Fw' Uw2 Fw U Rw';2026-01-27 07:32:49;1:04.26
593;1:11.08;;U' L B2 L2 B2 U' B2 D2 B2 U' B2 L2 D' F U2 R2 L' F L D' Rw2 Uw2 L' U2 B U2 Uw2 F Fw2 R2 L Uw' L B U2 Uw' Rw U' D' Fw' U2 Rw Fw' D2;2026-01-27 07:35:35;1:11.08
594;1:07.62;;R2 U2 D F2 D F2 L2 U F2 L2 B2 D' R D' F U' R B L2 B2 U Rw2 Uw2 L D' Fw2 L' U2 F2 D L2 D2 L' Fw' L B2 U' L' Uw' B' Fw' L Uw' Rw' B;2026-01-27 07:37:23;1:07.62
595;59.23;;L2 U F2 D R2 D R2 U' B2 D F2 R2 F2 B' D' F L' B U' F D2 Fw2 U' R' Fw2 R' Rw2 D L' Fw2 D2 R U Uw2 Fw' D F' U Rw2 F R2 Uw' Fw' Rw' Fw' L' Fw2;2026-01-27 07:38:56;59.23
596;1:13.72;;R' U R2 B2 L' F2 D2 B2 L2 F2 L' D2 F2 R2 B U F' U D' B2 R' Uw2 L D2 Uw2 Rw2 F' B' R' U2 Uw2 B R Rw2 Uw Fw2 R D F D Rw U D' Rw' F' U';2026-01-27 07:40:47;1:13.72
597;1:03.44;;D2 B' L2 B' R2 D2 F' R2 D2 B2 U R2 F' L F' R U B' R2 Uw2 Fw2 L Rw2 D2 L U2 Uw2 B2 R U' Uw2 R Fw' D2 Fw' D2 Rw Uw' Rw F Uw' L' D F2;2026-01-27 07:42:28;1:03.44
598;1:07.51;;R' F D' F' U D R' U2 B' D2 L2 B L2 B U2 B' L2 U2 R' D' Fw2 R' D Fw2 Uw2 Rw2 B2 D' F2 L2 U2 B Fw' D2 Fw' D' L' Rw2 Uw R' Fw' R U' Fw2;2026-01-27 07:43:53;1:07.51
599;1:07.95;;R L2 B U' L' U' R L2 B2 U L2 D F2 R2 U2 F2 R2 F2 R F' Uw2 R Fw2 L Rw2 D' L' Rw2 D2 F2 B2 Fw D2 F L Fw' U' Rw Uw' Rw' Fw' L' D2;2026-01-27 07:45:23;1:07.95
600;1:35.40;;R' U2 L2 D2 L' F2 R D2 L' F2 L F D2 R F2 D B2 L U D2 Rw2 Fw2 R2 F R Uw2 L' Rw2 B2 Rw2 F' U D2 L2 Uw' R B2 Fw' U Uw Fw Rw B2 Fw Rw2;2026-01-27 07:46:54;1:35.40
601;1:34.48;;F D' L2 B2 L F2 D2 L2 B2 U2 R2 B2 D2 F2 D R' D' B' R2 L' F Uw2 R2 B Rw2 D B Fw2 R2 F Rw2 U' F2 B2 R' Rw' D R F Uw' R D2 L Rw' Fw' L2;2026-01-27 07:48:51;1:34.48
602;1:19.55;;D' R D R2 D F2 U R2 D L2 F2 D B' U R' L D F2 R' F' Rw2 U' F B Rw2 D' Uw2 R2 B' Uw2 B2 D' Uw2 L' U Rw D R' Uw L2 Uw2 R U' Rw';2026-01-27 07:55:27;1:19.55
603;1:29.26;;D' R2 D' B2 D' R2 D2 B2 U B2 R2 D' F' R' F U B D B U' B' Fw2 Uw2 R' D Fw2 R L' Rw2 Uw2 F2 L' U' B Fw' D2 Fw2 R' Fw R2 Rw' U Fw' Uw R F;2026-01-27 07:57:17;1:29.26
604;1:11.57;;B R B D R B2 L U F U2 D2 L' U2 L B2 R2 B2 L F2 B2 Fw2 Uw2 R' F' B2 Rw2 F' B2 L' Rw2 F' Fw2 Rw2 D R2 Uw' B2 L Fw Rw2 U' Uw' Rw D2 Uw';2026-01-27 07:59:07;1:11.57
605;1:33.12;;L D R' U' D2 R' L' D F U2 L' U2 R2 B2 R2 D2 R F2 B2 L2 Rw2 U D2 Uw2 R' B2 Fw2 L D' Fw2 U D L Fw U B2 R' D2 Rw Fw' Uw2 F2 R2 Uw' R2 Fw;2026-01-27 08:00:48;1:33.12
606;1:18.16;;D' L U2 R2 F2 L' F2 D2 F2 L' B2 L2 B L' D2 F L U' R' U' Rw2 U2 B Fw2 R2 U2 Uw2 F R Fw2 L Rw2 F D' Fw2 Uw' F2 B2 R' Fw' Rw' F2 R' Fw2 Uw' Fw;2026-01-27 20:02:40;1:18.16
607;1:11.70;;L' F' L' U B L' U' B2 R2 L' B R2 D2 B' U2 F2 B' R2 F2 R2 Rw2 B2 U' L' Uw2 B2 Rw2 Fw2 U' L' Fw2 U' L' Fw' Uw2 Fw' D2 F' R2 Rw Uw2 Fw' R' B2 D2;2026-01-27 20:04:26;1:11.70
608;1:19.14;;R2 B2 R U2 L2 B2 U2 R B2 R U2 L B' L' F' U R' B L' U D Fw2 R' D2 Fw2 Rw2 F' L Uw2 B R2 D2 B Uw F R2 F Uw' R B2 Rw' Fw' D L2 Uw L;2026-01-27 20:06:14;1:19.14
609;1:04.78;;U' F D2 L2 F2 D2 F' U2 D2 R2 F B2 U' F' L B' R L F2 Uw2 Rw2 F' D F2 R2 B2 Fw2 U F D' Uw2 L Rw' U2 B2 D' Rw' Fw U2 D Fw R2 U' Uw;2026-01-27 20:07:54;1:04.78
610;1:24.53;;R2 L U2 B2 D' R2 D2 F2 U' F2 U B2 R L2 F2 R2 U F' L' B U' Fw2 D R' Uw2 R L2 B2 D2 Fw2 L' Fw2 U2 Rw2 Fw' D2 F' L2 Rw B Fw' L F' U Uw2 R2;2026-01-27 20:09:23;1:24.53
611;1:01.70;;U2 D' F2 R U' B R U' B' L D2 L2 F2 L' F2 B2 U2 F2 L' F2 Rw2 Fw2 R D' Fw2 U D R Rw2 Uw2 R2 U' Fw R' L2 B2 D' Rw Fw R' Fw2 U' Uw2 R;2026-01-27 20:11:08;1:01.70
612;1:06.45;;B2 U2 D2 B' U2 L2 U2 F' B' U2 B D R U2 R2 B' R' B' R' D Uw2 Fw2 R2 B' U' Uw2 B' Rw2 B2 U' D B' Rw B D Uw2 F Uw B Rw' F' Rw' U2 L;2026-01-27 20:12:32;1:06.45
613;1:20.34;;R' D' L F U' R2 L F B2 D2 F2 D2 R2 D2 L' B2 L' B2 U2 L' D Rw2 U' L' Rw2 F2 D R' Fw2 Uw2 R2 L U2 D2 Fw' D2 L2 Fw' D' L2 Rw' Fw2 Uw' F2 B Fw' R;2026-01-27 20:14:10;1:20.34
614;1:13.08;;B' U2 R2 B' L2 B2 U2 F U2 D2 R2 B2 R U L' U2 L D F' D B2 Rw2 F2 Uw2 Fw2 U Fw2 L U L2 D' Fw2 D2 F D' Fw U2 Fw2 Uw R2 Rw D Fw2 R' Uw' R;2026-01-27 20:16:05;1:13.08
615;1:21.74;;B' U' F2 B2 R2 U' B2 U' B2 D' R2 D2 B R2 L' F' U F Uw2 B' D2 Fw2 U Uw2 B Fw2 L2 Rw2 Uw2 L2 Rw Uw2 B Rw' D L D' Fw D' R' Fw R2 Rw;2026-01-27 20:20:51;1:21.74
616;1:05.47;;D' R D2 F2 U R2 D R2 B2 L2 U2 L2 U B' R2 F' U2 F2 U' F' Rw2 B D Rw2 U B L2 D2 Fw2 D F' U' Rw F2 D2 Rw' B2 Rw2 Uw' L2 B2 Rw' Uw B' Uw2;2026-01-27 20:22:39;1:05.47
617;1:08.32;;B' R' L2 U' R2 L2 U F2 U L2 U' R2 U' R' L U' B' U' D' B2 Fw2 R B Uw2 R F2 B Uw2 R B R' B2 L2 Uw B' R2 L' Uw2 Fw2 Rw' U Fw Rw2 Uw2 L D2;2026-01-27 20:24:07;1:08.32
618;1:00.79;;R D2 F2 R F2 L' D2 B2 L' F L F2 D F2 B' R2 U' R L Fw2 R L2 Rw2 D' L2 Rw2 Uw2 Fw2 L2 U Rw2 D' Fw U2 Rw2 Fw Rw Uw' R2 Fw L2 Fw L F2;2026-01-27 20:25:59;1:00.79
619;1:05.68;;F2 D2 F2 L2 D2 L2 U2 R' F2 U2 F' D' R2 F2 B' U2 D' L2 D Rw2 U' Uw2 L2 Uw2 B' Uw2 F Fw2 U' Uw2 B R2 L' F U' Fw Rw Fw2 Uw Rw' F U2;2026-01-27 20:27:37;1:05.68
620;1:22.38;;U2 B2 L2 F2 U' D' F2 U' R2 D' B' L' U B2 R' B2 U L D Rw2 Uw2 Fw2 R' B2 L2 D2 B Uw2 F L' B' R' D2 Uw' B R2 Rw U' D2 L2 Fw Rw D' F;2026-01-27 20:29:01;1:22.38
621;1:13.01;;F' R2 F L' U' R B' D' B U' D' B2 U' R2 F2 L2 U B2 R2 Uw2 Rw2 U' R' D2 L Fw2 R2 U2 L' Fw2 Rw2 Fw D' R U2 D2 Fw2 R D' Rw' Fw L2 F Rw;2026-01-27 20:30:45;1:13.01
622;1:06.23;;F R2 L' D2 F2 B L2 F R2 U2 F R2 B' R2 U2 D' R2 F2 U' R' F2 Uw2 Rw2 B2 R D' L2 Rw2 U2 F2 L' U' R2 Uw2 F L Fw' Uw2 F Rw B2 Fw2 Uw' R F Uw' Fw;2026-01-27 20:32:28;1:06.23
623;1:14.63;;B2 R U' B D F D' B2 L' F2 U2 D2 L2 U2 F2 R2 F R2 F' U2 Fw2 L D' Fw2 D' Fw2 U' F2 D L Uw2 F2 Fw Rw2 B' L U2 Rw' Fw2 Rw U Fw2 Rw D2 F;2026-01-27 20:34:11;1:14.63
624;1:11.77;;D L D2 B2 D F2 L2 D B2 R2 U' B2 U' F' D2 R B L B2 R Uw2 F2 Fw2 R' D' B2 Uw2 B2 U' L U' D' B' Fw D L' Rw' Uw' F2 R' Uw' Fw' U' Rw';2026-01-27 20:35:48;1:11.77
625;59.56;;U D F' R' F U2 D2 F' R U' F2 B2 D' R2 F2 B2 D B2 D2 R2 F2 Uw2 L D2 Rw2 U D2 Rw2 B2 R Fw2 Rw2 U2 Fw' D R2 F' Uw2 Rw' Uw' B' L Fw' Rw' D2 F2;2026-01-27 20:37:26;59.56
626;1:05.31;;D2 F' L2 B2 L2 D' F2 U' L2 D L2 U' F2 R2 B' L D' R U' R' F2 Fw2 R' B2 Rw2 D2 Fw2 D' L' Uw2 B2 D L' D Fw L2 Fw2 D' Rw2 Fw' Rw Fw Uw' L2 Uw' Fw;2026-01-27 20:38:46;1:05.31
627;1:11.91;;F' U2 F2 R2 U2 F' U2 F' R2 B D2 R B' D' B' U' L' F B D2 R Rw2 B Fw2 D B' U2 F Rw2 F' U' Fw2 D F2 Rw' F D2 R2 Rw Fw R2 Uw' R Uw2 F2 R2;2026-01-27 20:42:07;1:11.91
628;1:13.37;;B' R2 F2 R2 D2 B' D2 F D2 B2 R B2 D F' D2 F2 R' B' R U B Fw2 D2 L' F Fw2 Uw2 L' Rw2 F' D2 Uw2 F R' Uw B' L2 Uw L2 D' Fw' R2 L Rw U' B2 Fw;2026-01-27 20:45:03;1:13.37
629;1:01.73;;D2 B' L2 U2 D2 L2 B' R2 B' U2 F B' U R B L F L2 F U2 Fw2 Uw2 L' D Fw2 L' Fw2 R2 D L U L2 F2 B' Fw D' F Uw' F Rw Fw2 Uw' L D;2026-01-27 20:46:38;1:01.73
630;1:03.62;;D' R2 F2 R2 L' D2 L' F2 R2 F' D F' B2 R' U L F' U Rw2 Fw2 R F R L Uw2 R Uw2 F' L' Rw2 Fw2 Uw F2 R2 Fw D Fw' Uw Fw' Rw' U2 L2;2026-01-27 20:48:08;1:03.62
631;1:11.05;;U2 F' U2 F U2 B2 R2 U2 R2 U2 F' R2 U' F L' D2 F2 D2 B' Uw2 R L Rw2 U' Uw2 R Fw2 R B2 U2 F2 Fw L2 F' B' Uw Rw' F D2 Fw D2 L' Fw;2026-01-27 20:58:38;1:11.05
632;1:19.26;;D' B U L2 B2 D R2 U' L2 D' L2 F2 U F' U2 L D' R' F' L' Rw2 D' Uw2 Fw2 D' F U' Uw2 L2 F Fw2 Uw2 Rw F U Uw2 L' F' Uw L' Uw' Rw Uw F2 Rw;2026-01-27 21:00:10;1:19.26
633;1:03.36;;F2 B2 D2 R2 D B2 U2 L2 D B2 D' L2 F' L' B U' R' B U' L' B' Fw2 Uw2 F U2 D2 B U2 R Uw2 L' Fw2 D2 Uw R' F' L' U' D2 Fw R' Uw2 F' Fw2 Rw;2026-01-27 21:02:02;1:03.36
634;1:18.93;;U L2 B R2 F2 D2 R2 F' D2 L2 B R2 F' R F R' F' D R2 L Fw2 R Uw2 R' Rw2 D F2 R' U' F2 Fw2 D2 Fw L' F' R Fw2 D Rw Uw Fw D' F2 U' Uw';2026-01-27 21:13:55;1:18.93
635;1:17.04;;B U B D R2 F2 B L F' R2 F U2 F2 R2 F R2 B' L2 F' L2 U Rw2 D' Rw2 Uw2 L2 U B' Rw2 B D R2 F2 U Rw U2 Rw2 F' B Uw' Rw' U' F' L Uw2 B;2026-01-27 21:36:58;1:17.04
636;56.25;;B U2 R2 F2 B' R2 F D2 B L2 U' F2 B2 U' R B' R' U2 R' F Rw2 U F' Uw2 F' D' F' L2 F2 Rw2 F2 Rw U Uw2 R' L' Rw' B Fw' D F Fw Uw2 Fw';2026-01-27 21:38:37;56.25
637;1:03.63;;B R' D' R2 L F' R B' D B2 U2 L2 B D2 R2 L2 B U2 R2 B2 D2 Uw2 Fw2 D' Uw2 F Fw2 U' Uw2 B2 Fw2 D' R2 Uw2 L F2 R Rw U2 Fw Uw2 L Fw' U Uw Rw2;2026-01-27 21:39:57;1:03.63
638;1:07.25;;B' D2 L2 D2 R2 F2 U2 F U2 F D2 B2 U B2 R2 F' L' U2 L U L2 Uw2 F U' R2 B' Rw2 F R2 Rw2 D' F2 R Rw2 Fw2 U Rw F' Fw U' R Uw L2 D' F2;2026-01-27 21:41:21;1:07.25
639;1:07.01;;D F' U2 F2 D' F2 U' F2 D' F2 B2 D' R2 L' U' B R2 D' R' F' B' Rw2 D Uw2 F2 R B2 D' Fw2 R U' D2 L Uw2 Fw' L' Fw2 D B' Rw Fw' D2 Rw2 Uw F' R' Fw';2026-01-27 21:42:49;1:07.01
640;1:02.34;;U2 R' D2 R B2 L' U2 L U2 L2 D2 L' U L D B2 R' B U D B' Rw2 Uw2 L' Rw2 F2 R' Uw2 F Uw2 R2 B' Fw2 L Uw' F' R U2 Uw Fw' Uw' L' Rw' B Fw' Uw2;2026-01-27 21:44:28;1:02.34
641;1:03.14;;R F L U L D2 L' D F2 D L2 B2 R2 U' F2 U2 B2 D2 B U' Rw2 B Rw2 Fw2 D F Rw2 U' Uw2 L2 F' D F2 L' Rw Fw2 D' R B2 Uw B Uw Fw' D Uw2;2026-01-27 21:45:52;1:03.14
642;1:01.26;;D B2 R L2 U' B R' L B2 D2 F U2 F D2 R2 F' D2 L2 D2 R' U' Fw2 D F2 Uw2 R L2 D L2 B2 Fw2 U' Rw2 B D2 Fw' Rw2 B U2 Uw' L2 D Uw Fw' Uw Fw U2;2026-01-27 21:47:21;1:01.26
643;1:13.10;;U2 D2 B L2 B' U2 B R2 U2 B2 R F2 B2 U L' U R' D' F' B' Uw2 Fw2 Rw2 F' Uw2 L' D2 B Rw2 F' L2 B2 Uw' R D2 Rw2 U R Fw' Rw' F2 U D' Uw;2026-01-27 21:48:48;1:13.10
644;1:22.43;;U B' D' B R2 U B' R' U2 F2 L2 U2 L2 U2 B2 L' F2 L' D' Fw2 L' D Rw2 U L2 D Fw2 Rw2 F2 R Fw R Fw2 U2 R' Rw2 Uw Fw' R' F2 Rw F;2026-01-27 21:50:21;1:22.43
645;1:10.95;;B D2 B2 D2 R2 F2 L2 B' U2 B L2 B' L B2 D' F' L D2 F L' B' Uw2 F' L' Fw2 Uw2 B R2 U2 Rw2 F' R2 F B Uw' F2 Fw2 L B2 Rw' Uw2 Fw' Uw B U' Rw U';2026-01-28 18:36:31;1:10.95
646;1:05.97;;D R2 B2 L2 D2 R2 L2 B' R2 U2 B' R2 U2 R' U2 D' L2 F' D F2 D2 Fw2 Uw2 B' U F' B' L2 F2 D2 Uw2 Fw2 U2 Rw' B2 R F2 U Fw2 Rw Uw' Fw Rw2 U2 F2 Uw';2026-01-28 18:38:09;1:05.97
647;57.63;;R2 D F2 R2 D R2 D B2 R2 U' B2 R' F L F2 U' R2 L F D2 B' Rw2 F2 D' F' B2 Fw2 Uw2 R2 Rw2 U B' L D2 Fw2 U' B' Rw' B2 Uw Rw Fw2 U R2 F Fw;2026-01-28 18:39:46;57.63
648;1:19.37;;U B U B2 D' F2 D' R2 F2 D' R2 F2 U2 R U' D' L F D B2 L2 Fw2 Uw2 B D' Rw2 B' Fw2 D2 B' R2 U B Rw B2 Uw2 B' R2 Fw U Rw' B2 Uw' B L2;2026-01-28 18:41:11;1:19.37
649;59.17;;F U2 R U' F L F' L' U' R2 B' L2 U2 B2 R2 B L2 B' L2 F2 Uw2 F' Fw2 U2 B D' Rw2 B R2 D B2 Uw2 Rw D' R2 L' U2 R2 Rw' Uw' L2 Uw2 B' L2 Rw Uw';2026-01-28 18:42:57;59.17
650;1:11.32;;L U2 L U2 L2 F2 L' B2 L2 D2 B2 D2 B L2 D' F2 R B' U D' R' Fw2 R Rw2 F' U2 Uw2 Fw2 L' D2 Fw2 U2 L' F' Uw F2 D2 B' D' Uw F2 R2 Fw U' Rw' Fw2 Uw F2;2026-01-28 18:44:25;1:11.32
651;1:30.09;;F' B2 U' R2 D' B2 L2 B2 D2 R2 U2 D' L B' U F D L' D F2 R Rw2 D' Rw2 Fw2 U F2 Fw2 L' U2 Fw2 Rw2 U' Fw R2 Rw2 F Fw' U2 Fw' Uw' B2 U' L F;2026-01-28 18:46:17;1:30.09
652;1:02.74;;B' D2 L B2 R' F2 R U2 B2 L F2 D2 L' D' B L D' F U F2 U2 Fw2 L' Rw2 D2 Uw2 F' U2 Uw2 L Rw2 B Uw B2 D2 Uw2 F R' B2 Rw' U' D' Uw Rw Uw2 L2;2026-01-28 18:48:06;1:02.74
653;1:43.49;;R2 U' R' L2 U2 F2 R2 U2 F2 R2 U' L2 U R2 B' U F' R' U' D F Uw2 Fw2 U L' Fw2 U Fw2 U Uw2 B2 D' R L Fw' D' R F2 B Rw U Fw R Fw Uw B' L';2026-01-28 21:18:27;1:43.49
654;DNF(1:03.59);;D2 B2 D2 F2 R2 U2 L U2 L' F2 L' B2 U' R' B R L U2 B' D2 Fw2 U' Uw2 Fw2 R2 D B' U' B2 R2 B' Fw2 U L' Rw' U2 Rw Uw2 B' Rw Uw F' Fw' Rw B Fw';2026-01-28 21:20:32;1:03.59
655;1:17.26;;U2 R U R F L' F2 D' R F B' R2 L2 B' R2 F2 D2 L2 U2 B D2 Fw2 L U Rw2 U' R Fw2 Rw2 D2 L F2 Fw2 D2 F R' B2 Fw Uw' L F' Fw U2 Rw D2 Uw';2026-01-28 21:22:03;1:17.26
656;1:08.66;;L U' L2 F L2 F U2 B U2 D2 F2 U R' F' B2 R2 L' F2 Rw2 D F2 Rw2 B Fw2 U2 Uw2 R2 Rw2 D' B2 L2 Rw' B D2 Uw2 L' D2 Fw Uw R' B2 Fw2 U';2026-01-28 21:23:53;1:08.66
657;1:24.53;;B2 L2 D2 L2 B' R2 F' R L2 F D L2 F' R2 B' D' L2 U Rw2 B2 D' Uw2 Rw2 D' R2 Rw2 F D' Rw2 D2 F R Rw D' R2 B Rw2 Fw' U2 D2 Rw' Fw' L' B';2026-01-28 21:25:26;1:24.53
658;1:06.78;;B R' F D' L' U R' L B D2 L2 U L2 B2 D R2 F2 D2 F2 L2 D2 Rw2 F' Fw2 L' Uw2 L' B L D2 F2 Fw2 R Rw2 Uw R' F L2 Uw' F Fw2 U2 Uw Fw U2 Uw';2026-01-28 21:27:16;1:06.78
659;1:02.62;;F B2 D' R2 U' R L' D' F2 B U' R2 U2 D' B2 L2 D' F2 L2 D' Uw2 R2 F' Uw2 R' D2 B2 Fw2 D2 R F R2 Uw L2 D B' Fw2 D' Rw' Uw L Fw Rw2 Uw' F';2026-01-28 23:35:05;1:02.62
660;1:04.51;;F U2 R2 L D B2 U' F U' B2 R F2 L' F2 D2 R2 B2 R' U2 D2 F2 Uw2 B Uw2 Rw2 F' Fw2 R Rw2 B2 U2 Rw2 B Uw' B' R' U L Uw' R Rw2 Fw' U2 D' Uw L';2026-01-28 23:36:37;1:04.51
661;1:09.05;;D' F2 B2 L U2 B2 U2 L' B2 L D2 L B U2 B' D F D2 L D' Uw2 Rw2 F' D' R2 U2 Uw2 Rw2 U' F R2 U2 Uw2 Rw U' F' D R Rw B' U2 Uw' Fw' Uw L' F2;2026-01-28 23:38:13;1:09.05
662;1:02.65;;L2 F B2 D2 L2 F2 D2 R2 B' R2 L' U2 F2 B U' B2 L D2 F2 Fw2 U' Uw2 Rw2 D' L2 U2 B2 Fw2 L U' D Fw U2 B2 U D' Rw' D' Uw F' R2 Uw' R U2;2026-01-28 23:39:44;1:02.65
663;1:20.69;;U2 D2 R2 B R2 U2 F' R2 B D2 F R' U' D' L F2 D' L U2 D F Uw2 Rw2 F' R' Fw2 L' F' L B2 Uw2 B R Uw' B' Uw2 B2 L' Fw D2 L Fw Uw' Rw2 B';2026-01-28 23:41:06;1:20.69
664;1:04.26;;B2 L2 D2 F' R2 U2 B2 L2 D2 B' U2 R' B L2 D F' L F2 R2 Fw2 L' Fw2 U' Fw2 Uw2 Rw2 B2 U' D' L D2 Fw' Rw2 B2 R F' Fw Uw L Rw2 Uw R F2 Uw;2026-01-28 23:42:52;1:04.26
665;1:18.43;;F D' L2 D' F2 D2 L2 U L2 U2 R2 U' L' D B' U' L F L D Rw2 Uw2 Fw2 L' B2 Rw2 U D' L' Uw2 L' U' B2 Fw' R2 Rw2 Fw R B2 U' Rw U' D Fw L2 Uw';2026-01-28 23:44:19;1:18.43
666;1:20.35;;D F2 R2 F2 L2 B2 U L2 F2 B2 R F U2 B' U2 L2 U' B' D B Uw2 Fw2 U R U Uw2 L' F2 R' U' Fw R U2 R2 Fw2 Rw' Fw' D2 Uw2 B2 D' Rw;2026-01-28 23:46:01;1:20.35
667;1:05.46;;U2 B2 D F2 R' U2 B' U' B2 L U2 R2 L U2 B2 L U2 L' U' D2 Uw2 R B' Rw2 F L' D2 L' Uw2 R L2 D Uw' B L2 U' Uw R' Fw R2 Uw Rw2 Fw D;2026-01-28 23:47:46;1:05.46
668;59.26;;R F2 U2 D2 R' U2 L' U2 R' B2 D2 L' B' L D R' L D B' Fw2 U Uw2 Rw2 F D' F2 U Fw2 U' L2 D2 R2 Rw' F' B Fw2 U2 Rw Fw' D2 F' Fw' Uw L Fw2;2026-01-28 23:49:11;59.26
669;1:06.33;;D' L2 D' L2 D' F2 R2 L2 U' D' F' R' F2 R L D2 F' U L2 B2 Fw2 D Fw2 Uw2 L Uw2 L2 F2 D2 R B2 D' Fw Uw2 Fw2 U' L2 F' Rw U Fw2 D Rw2 B' Fw';2026-01-28 23:50:49;1:06.33
670;1:02.30;;R' U' R2 L2 U' F2 D2 R2 F2 L2 B2 U2 L D R2 U' F' B' R D B' Fw2 U2 D' Uw2 Fw2 L' Uw2 Rw2 F2 L Fw2 L2 Uw2 Fw L2 Rw2 U' B' Fw' Uw B2 Fw2 Uw Rw' Fw;2026-01-28 23:52:25;1:02.30
671;1:09.82;;B2 D' B2 L2 B2 U2 R2 U B2 D' B2 D' B' L' U R2 B2 L' D' L' U Rw2 B' Uw2 F L' F B2 Fw2 Uw2 L B2 Uw2 B' Uw' F' R U2 Uw Fw' Uw2 R2 Fw' D' F' R';2026-01-28 23:53:52;1:09.82
672;DNF(1:19.50);;U R2 L2 F R2 F U2 D2 L2 B' L2 D' B2 U' R F2 B L2 Rw2 U Fw2 Uw2 F' R2 B' D' F2 B Uw2 F' U Rw F' D2 R2 U' Fw2 Uw' F2 L' Uw' R Fw;2026-01-28 23:55:33;1:19.50
673;1:13.04;;R B' L U F' D' F2 B' U2 L2 B2 U2 L2 B2 U B2 D F2 R2 F L Rw2 Fw2 D L Fw2 R Fw2 U R' L' Fw2 U L' Fw' Uw2 R U2 F' R' Rw Fw' D' L2 Fw U2 D2;2026-01-28 23:57:20;1:13.04
674;1:01.10;;F' L2 U2 B D2 F' D2 L2 U2 R2 F2 D R2 B' D2 L' B2 U F D Fw2 R U' B2 Fw2 R Rw2 D' R' Rw2 D' L2 U2 F' Fw Uw2 Fw U2 L2 Uw Rw Fw' U' R2 B Rw';2026-01-28 23:58:55;1:01.10
675;59.75;;L D' F' U' L2 B' R B' R2 F2 R' F2 U2 R F2 R L U2 B Rw2 F R B2 Uw2 L' Rw2 F' B2 Fw2 D2 F2 Uw B R L' Uw' Fw D L' Fw Uw' Fw2;2026-01-29 00:00:17;59.75
676;1:01.55;;L' U2 L2 B2 L2 F' D2 F' R2 B R2 U2 R D2 F2 U' L' F' L2 B Rw2 B' R2 Fw2 D2 F R2 F L Fw2 R Rw2 B2 Uw F2 B' L' Fw2 U2 L Rw D' B Fw' Uw Rw2;2026-01-29 00:01:42;1:01.55
677;1:09.47;;D' R2 F2 R2 D2 R2 D' B2 D L2 F2 L2 F L U B U' D' B2 L U2 Fw2 Uw2 B2 Rw2 B R Fw2 Uw2 B2 Uw2 B' R' Uw' F' D2 B2 R2 Rw' F2 Fw R Rw' Fw2 U;2026-01-29 00:03:05;1:09.47
678;1:11.87;;L' U2 L2 U2 B2 D2 L2 B' U2 B' U2 L2 D B L F2 B2 D' L' U Fw2 Rw2 B R Rw2 F' R B Fw2 Uw2 R2 L2 B' Uw' R2 B2 U2 Uw' Rw D Uw' Rw2 Uw Rw' D2 L2;2026-01-29 00:04:35;1:11.87
679;1:01.85;;U D R' D R2 D2 R2 F U' R' D2 F2 B2 L2 U2 B2 R B2 R U2 Fw2 R Uw2 R' F' R2 B' Uw2 R' U' D2 Uw2 F2 Rw2 Uw' F' Rw2 Fw' L' Uw' L' F' U B2;2026-01-29 00:06:10;1:01.85
680;59.10;;U' D2 B2 R' U2 F2 R2 D2 F2 R L2 F2 D' B' L' B U2 D' F L' Uw2 B U D2 Rw2 U2 F U' Uw2 R2 F L2 Rw F' R Rw U' Rw' Fw' Rw' U' R' B' L';2026-01-29 00:07:36;59.10
681;1:05.40;;F R2 L2 D' R2 U' F2 B2 R2 U2 F2 R B D B2 U2 R L D' F' Rw2 Uw2 L D L' Fw2 R2 U Uw2 L' D' Fw' Uw2 R F2 Uw2 Rw U' Fw Rw' Fw' Uw' L' F;2026-01-29 00:08:58;1:05.40
682;1:06.60;;F' U2 R2 F R2 F' L2 B' U2 L2 D2 B2 L' F U L' B D2 F R U' Rw2 F Uw2 B Fw2 R' L F2 L2 B2 L' B' U Fw2 L Uw' Fw2 Uw F' U2 Fw' D Rw U2 Fw2;2026-01-29 00:12:25;1:06.60
683;1:11.97;;B' R U2 L D2 L' D2 R' F2 U2 F2 U2 F' B' R' B2 U F' D2 F2 Fw2 L U Rw2 Fw2 U' R D2 R B2 U' R2 L Fw' D2 F B U Fw D2 Uw Rw' F2 Fw2 D2 B';2026-01-29 00:14:10;1:11.97
684;1:09.88;;B2 D' L2 B U2 F' L2 B2 D2 L2 D2 B D2 B' U' F2 D R U' L' B' Fw2 U' R' Rw2 U' L2 Fw2 Uw2 L D2 R2 U2 R' Fw' U L B Fw Uw' Fw' R' B Uw F2 B2 Fw;2026-01-29 00:15:41;1:09.88
685;1:09.15;;F L2 F' U' D' B L D F R2 L2 F B D2 L2 F' U2 B2 L' Uw2 R' D B2 U' Rw2 D' L Uw2 L Rw2 U Fw R2 F R' F2 Uw' B' Rw' Uw' L' F' Fw2;2026-01-29 00:17:15;1:09.15
686;1:01.25;;L' B' R2 F' B D' F' U' F2 U' D2 F2 D R2 F2 D' L2 F2 L2 Uw2 F' Fw2 U D2 Rw2 B Rw2 F2 Rw2 D2 R' L2 Fw2 L2 Rw B2 L2 Fw Rw F Uw Fw' U2 Rw2;2026-01-29 00:18:46;1:01.25
687;1:05.48;;F2 D2 F2 R2 B U2 L2 D2 F' R' F' U2 B' L U' B U' D' B Uw2 F' L Uw2 F R L Rw2 Uw2 F2 D2 F' Uw' L' F' R2 U' F Rw' D' Fw D2 Rw F2 L2;2026-01-29 07:51:28;1:05.48
688;1:09.19;;R' U' L2 B' U2 L2 B R2 F' L2 B U2 R B D L2 F' L' D2 Fw2 U2 Uw2 Rw2 U' F2 Uw2 B R2 B' Rw' Fw2 Rw' B' Fw2 R F2 Uw L Fw' Rw' Fw2;2026-01-29 07:53:06;1:09.19
689;1:17.69;;F' R B2 D2 B L2 F' L2 F D2 L2 B' U2 R2 L' D R' F2 L' U' L2 Uw2 L' B' Fw2 Uw2 Fw2 R' F U2 R' L' F Uw F' R2 F2 Rw2 Fw' R2 Fw Rw' Fw L Rw' Fw;2026-01-29 07:54:43;1:17.69
690;1:30.62;;R2 D B' R' L2 D' R U' B2 U' F2 U R2 U2 D' B2 R' F' Fw2 D' L' Rw2 U' Uw2 L Fw2 L2 Uw2 R2 U F D' Fw L U Rw' D Uw2 B' Uw' Fw2 Rw' Fw;2026-01-29 07:56:40;1:30.62
691;1:24.07;;U2 L2 F U2 F2 L2 U2 B L2 F R2 B R' U' L' U' B2 D R' F D2 Uw2 L' B2 Fw2 R F' Uw2 L2 F2 B D' Uw2 F' B Uw L2 Uw Fw R2 L2 Uw Fw' Uw L';2026-01-29 07:58:36;1:24.07
692;1:15.69;;L2 D' L U B' L B U2 R' U2 F2 B2 R L2 D2 L2 D2 F2 U2 B' Fw2 L' Fw2 Uw2 B2 R' U' B2 Rw2 U' R Fw D L2 D2 R' Uw R' Rw' Fw' L F' R' L2;2026-01-29 08:00:54;1:15.69
693;1:07.57;;F' R L2 D B' L' F B' D R2 U2 R U2 F2 U2 R D2 R L' U2 Uw2 Fw2 D Rw2 B Fw2 D B U2 F Rw2 B' R Fw2 Rw' U2 F' L' Uw F2 Rw' Fw' U2 B' Uw';2026-01-29 08:02:51;1:07.57
694;56.68;;B2 U' B U2 R2 U' D' R F L D2 L' D2 F2 U2 F2 R' L' D2 R' Rw2 Uw2 L' Uw2 B' Uw2 F2 R2 B2 R B L Uw' L' B' Rw2 D' R' Rw' F B L2 Fw' D' Rw2;2026-01-29 08:04:17;56.68
695;1:13.86;;B' D' L U' R' F' L2 F U F R2 L2 U2 F' D2 B2 L2 F' U2 B2 D2 Rw2 U' R' L2 Fw2 L' D R' Uw2 R Fw2 Rw2 U2 Fw' R' D L' Rw Fw L2 D' Fw L2 D B2;2026-01-29 08:05:40;1:13.86
696;1:07.05;;D2 R2 F2 D2 L2 B' R2 B' L2 B2 L2 U2 R' U2 D F2 D L F' U Fw2 Rw2 U R' Fw2 U' L2 U2 Fw2 R' Fw2 D Fw D2 L' U2 D2 F2 Uw' R' Rw' B Uw' Rw' D';2026-01-29 08:07:26;1:07.05
697;1:08.04;;R' F U L2 U2 R D2 L' U2 B2 L D2 F2 L D' B L2 U B' U2 B' Uw2 R F' Rw2 Fw2 L' F' R2 F Uw2 Rw2 Fw2 D' Uw' F2 R' D' F' Uw2 Fw Rw' Fw2 U L Uw Rw2;2026-01-29 08:09:04;1:08.04
698;1:06.27;;B R2 L2 F' B' D2 F2 R2 B' R2 D L' U B2 R B U R2 D2 Rw2 Uw2 Fw2 R Fw2 D' L Fw2 D2 Fw2 R' F2 U2 Fw' L B' U Rw' Uw B Rw2 D2 F' R U';2026-01-29 08:10:46;1:06.27
699;1:01.21;;U' R D2 B' U' R D L' F' R2 D2 R' U2 R' F2 B2 R' F2 U2 L F2 Fw2 L U Fw2 U' L' Fw2 Rw2 U Rw2 U D R2 Fw' L' F Rw F' Fw L2 Fw D2 Uw';2026-01-29 08:12:14;1:01.21
700;1:20.35;;F' R' B L2 U' R F2 U2 D L U2 F2 L2 U2 R D2 L' B2 U2 R2 U' Fw2 D L' Fw2 L' Rw2 B2 L' D' R L2 U2 Fw R L' B' Uw Fw2 Rw U' Rw' Fw' Rw;2026-01-29 08:13:36;1:20.35
701;1:01.16;;U R' B2 R' U2 R U2 L2 D2 L' F' B2 D L U2 B L2 B2 U' B Fw2 R' B' Uw2 B' R2 D2 F Rw2 Uw2 Fw2 Uw B Uw2 L2 U Fw L2 Rw Fw' U2 F L2;2026-01-29 08:15:16;1:01.16
702;1:10.67;;L' U L' F' R' L2 F2 B U R L D2 B2 R2 D2 L' U2 R' U2 B2 R Rw2 Uw2 R' Fw2 Rw2 D' F2 U L' D2 Rw2 U' Fw R L U D2 Fw R L' Uw R2 F' Uw Rw';2026-01-29 08:16:52;1:10.67
703;1:18.47;;F B2 R D' B2 U2 L U2 F2 R2 U2 F D2 B L2 B2 D2 B R B' Fw2 L Uw2 R Rw2 U R' L2 U L' D B' Fw' U2 Fw' R' Uw R F' Uw L Fw2 U;2026-01-29 08:18:26;1:18.47
704;1:16.14;;U' R B' R2 L U2 F' D' B R2 D2 B U2 F D2 R2 F D2 R2 D Fw2 Rw2 D2 L2 Uw2 F U Rw2 B' U B R2 F2 Rw U' D' F2 U' F' Fw' Uw' Rw Fw' L F';2026-01-29 08:20:07;1:16.14
705;1:12.27;;L F2 D2 L F2 U2 R F2 R2 D2 L' B L' B2 U2 D' L' F2 U' Uw2 Rw2 D Fw2 R U2 D' B2 R Rw2 D L2 F' Fw' D L F' Fw Uw' Rw' F U R' D';2026-01-29 08:40:11;1:12.27
706;56.48;;D B2 R2 U2 F2 D B2 U' F2 U' D' R' D B' U2 F2 L' B U R' L Fw2 U' R' L Fw2 Uw2 L Rw2 D' B2 L Fw' Uw2 R L2 F' R Rw' U2 Fw' Rw' U L' Uw;2026-01-29 08:41:42;56.48
707;1:15.02;;F2 R2 D B2 L2 U2 D' B2 U2 L2 B' L' U R2 F' B2 R' F B L Fw2 Uw2 R2 D' L' Fw2 U D' R' L U2 Fw L B2 D F Fw' Uw Rw' D2 Fw U2 F Uw2;2026-01-29 18:09:10;1:15.02
708;1:06.31;;L B2 D2 B2 L2 F2 L' F2 R' U2 D2 L' D F L2 U' B' R' D2 R' L' Fw2 Uw2 F D L2 Rw2 U B2 L2 Uw2 B Fw2 D' R D B2 Rw' D Fw R' Uw Rw F2 R2 Uw;2026-01-29 18:10:49;1:06.31
709;1:19.53;;L' F2 D2 F2 R2 L B2 R' L2 B' R L F' U R' B2 D' L F2 Fw2 L' Uw2 B R2 B2 R Fw2 Uw2 L D2 Rw2 Uw' F2 B' U F R Fw' Uw' L2 Rw' Uw' R' Rw2;2026-01-29 18:12:12;1:19.53
710;1:08.25;;D2 F' D2 B2 L2 U2 B D2 F' U2 L2 B' U F' D' F' B R' F2 D2 F2 Rw2 F' R2 D' Uw2 Rw2 F Fw2 D2 B L2 D' Rw F' U' F Rw2 B Fw' Rw2 Uw B2 U Fw' Rw;2026-01-29 18:13:50;1:08.25
711;55.35;;U B2 D2 F2 B2 D F2 D2 R2 U' B' L2 U' R' B' L F U L U2 Rw2 D' L Uw2 Fw2 U2 D F2 R Fw2 D' F2 U Fw' U' R D' L Rw B L' U Uw2 Rw' U';2026-01-29 18:15:20;55.35
712;1:27.07;;D2 L' D' R2 U B2 U L2 U' L2 F2 U2 B R L' B' L2 D F Rw2 B' R2 Uw2 Fw2 R2 F' R' F L2 B' Rw2 F' Uw L2 Rw2 B L2 Fw R2 Uw' Rw2 Fw U D;2026-01-29 18:16:37;1:27.07
713;1:00.24;;L' B U L2 D2 B R2 F2 B' R2 F2 L2 B' U D2 B2 D' R L U D2 Fw2 R' F' D2 R Uw2 R' U2 Uw2 L' D2 Uw B L2 F Rw2 U' Rw B D' Fw2 Uw' Rw F;2026-01-29 18:18:35;1:00.24
714;1:12.63;;D F2 L2 F' D2 F U2 F B2 L2 U2 R2 D R2 L' U2 D' F B' D' L Uw2 B' Uw2 Fw2 L' F' U2 D2 F R' Rw2 B' L2 D' B R2 Uw F2 Fw L2 Rw' Fw2 Rw' U Rw2;2026-01-29 18:19:59;1:12.63
715;58.44;;F U D F' R B U F L2 F2 R' D2 L' B2 D2 F2 L' F2 U2 R Rw2 Fw2 R' D Fw2 L2 F2 U2 F2 L Rw2 Fw U2 R2 U2 B' R2 Rw' Fw' R2 U Fw' R U' Uw;2026-01-29 18:21:31;58.44
716;1:13.99;;D2 L2 D' R B2 R' D2 L' U2 D2 R F2 L U' D2 F U2 R D' B' U2 Rw2 Fw2 U R' D2 R2 Fw2 U R2 Fw2 R L Fw R2 F2 U F2 Fw Rw' Fw R2 Uw2 B L2 D';2026-01-29 18:22:56;1:13.99
717;1:08.78;;L2 U2 F2 R2 D2 B U2 F' U2 D2 R L' D F R' B R' F2 R' U' Rw2 Fw2 U2 B Uw2 B' U' B' Rw2 U R L2 D2 Rw' B Rw U' B Fw' Uw Fw2 R' Uw R2;2026-01-29 20:04:28;1:08.78
718;DNF(1:03.14);;F2 L' D2 R' F2 U2 D2 B2 R B2 D' L B L' D F' L2 U2 R Fw2 R2 U Uw2 F2 Fw2 U' B Rw2 D2 R2 Rw' Uw2 F2 R' B' U2 R2 Uw' B Rw' U' Uw;2026-01-29 20:06:14;1:03.14
719;1:23.65;;U' L' F' B2 D2 L U2 D2 R D2 R B2 R2 F R D' L U' R B2 Uw2 L' Fw2 L2 U Rw2 Uw2 R L' U2 Fw2 U R' B Uw2 F' B Fw' Rw Uw' F Rw2 B' D Uw;2026-01-29 20:08:22;1:23.65
720;1:18.96;;B2 L' B2 U2 L2 U2 L2 F2 L D2 L2 B' R D2 F L' U' D2 F' L' Uw2 Fw2 L' U2 D Rw2 Fw2 R2 D R' U Fw R' F2 L' Fw' L F2 B' Uw' L2 Fw D2 Rw2;2026-01-29 20:10:54;1:18.96
721;58.38;;B U2 R2 F' R2 B' U2 D2 B' D2 L2 U2 R' U' D2 R U' B' R' F' R Rw2 U2 F Uw2 R F' Uw2 B2 R' Uw2 B' Uw' R D' R' B Rw' U2 F Fw2 D Fw' R2;2026-01-29 20:12:36;58.38
722;1:08.41;;U' L' B' U D2 B R D' F2 R2 U2 L2 U' B2 D B2 D L2 F Uw2 Rw2 D2 F2 L' B' Rw2 B Fw2 R2 L' F' D Uw B2 Rw2 F' Uw2 Rw' Fw' Rw D Rw' U2 R;2026-01-29 20:13:58;1:08.41
723;1:12.74;;R' F' U B2 R D R' U2 L U2 F2 R2 U' L2 B2 D L2 F2 D2 B2 D2 Fw2 Rw2 B R B R' F2 Uw2 Fw2 L F' B2 Uw' F2 Rw2 Fw2 D B2 Fw' R2 Uw F Rw' B Uw;2026-01-29 20:15:36;1:12.74
724;1:13.73;;D2 R2 U2 R2 B' D2 F' B2 U2 B' L' D2 B' R F L2 U' R2 F2 Fw2 R' Uw2 F' L' Rw2 U2 Uw2 F' U2 F2 L' Uw R2 D' F2 Uw' F Rw' Fw' L2 D2 Uw2 Rw B';2026-01-29 20:17:09;1:13.73
725;1:09.72;;L B2 R U2 F2 L2 F2 D2 R B2 D2 L2 D' F B2 R B2 U B R2 L' Fw2 U' L2 F B U Rw2 Uw2 R2 F2 Rw2 U' F2 Rw D' F' Rw' D' Rw F2 Uw2 Fw Rw B2 U;2026-01-29 20:18:45;1:09.72
726;58.69;;R U R' D' R2 F2 D2 L2 B2 D' R2 B2 D2 L' F D L2 U' R2 F' Rw2 B D' Uw2 B D2 B' Rw2 B' U2 D' B2 Rw U2 L D' Fw2 D Uw2 Fw Rw2 F2 U' Uw;2026-01-29 20:20:18;58.69
727;1:20.35;;F' L2 F L' U2 D2 L' U R D2 F' R2 U2 B D2 L2 B D2 F' R2 B Fw2 L' U' F2 L Uw2 Fw2 U' R2 Rw2 D2 F2 Fw D2 R' L Fw R' U2 Uw F2 Uw' Rw2 Fw' Uw' B;2026-01-29 20:21:42;1:20.35
728;1:09.31;;F U2 D2 B R2 B L2 U2 F' U2 F L' B' R2 U F L2 D' L' B' U2 Uw2 R2 Fw2 Rw2 F' Rw2 D' F' U' Rw2 D2 F' R Rw B U2 B' D Fw Uw Fw2 R2 U2 D2 Uw';2026-01-29 20:23:25;1:09.31
729;1:10.43;;L2 U2 L2 F2 U D2 L2 U L2 B2 U2 L U2 D R2 U B U' R2 B' Uw2 B R2 Fw2 U D' Uw2 B Rw2 F B' D' Rw' B' Rw F D' L' D' Uw' R Fw' L2 Uw F2;2026-01-29 20:24:53;1:10.43
730;1:10.54;;U F2 U F' D2 B U2 L' D' B' R B2 R F2 R' D2 F2 R2 L' B2 L Uw2 Fw2 U' Fw2 L' U' D2 Rw2 U2 D R' U' R Fw U2 R' Fw' D' Fw2 Uw' Rw' D2 Fw2 R2 D2 Rw2;2026-01-29 20:26:28;1:10.54
731;1:18.07;;U2 F' D2 R2 F U2 R2 L2 F2 D' F L' D2 R2 U' L D' R' L Rw2 F' Fw2 L B Rw2 Uw2 F' U2 R' D2 Uw2 Fw2 U Uw' F' Uw2 F2 L' F2 Fw' Uw' Rw U Uw2;2026-01-29 20:27:57;1:18.07
732;1:02.94;;F D' R2 B2 D2 R2 F2 U B2 D R2 D2 R' L D' F B' U' B2 R2 Uw2 R2 Fw2 U2 L' U F2 Fw2 L2 D' F2 L Fw Uw2 F2 B L' F Uw Rw2 D2 Rw' U2 Uw;2026-01-29 20:30:11;1:02.94
733;1:01.67;;D R2 F2 D R2 U D R2 F2 R2 L B' D2 F' U B' D2 F2 R' L Rw2 U' Uw2 R F2 L' D Fw2 D' L F2 U Fw' U F2 Uw2 R' Uw L' Rw D2 Uw2 L2 U' Fw;2026-01-29 20:31:39;1:01.67
734;1:01.73;;U' F' R D2 B U2 R' D2 B R2 L2 D' R2 L2 D' R2 F2 D' B2 L2 Fw2 D Rw2 F2 Uw2 L2 F2 Uw2 R' Rw2 D R' L' Fw' R' F2 Rw2 B2 U2 Rw' Uw' Rw F2 Rw2 D';2026-01-29 20:33:08;1:01.73
735;1:08.94;;R F2 D2 R2 B D2 B' U2 B' U2 R2 B' R U' D' B2 D F L2 D Rw2 D Rw2 B Fw2 L2 D R2 B' D R' U' Rw B' Rw2 B2 Rw' Uw Fw U2 L2 Rw Uw;2026-01-29 20:34:40;1:08.94
736;1:05.42;;R' L2 F2 L' F2 D2 F2 L D' F2 B D' L D F' R2 L Rw2 U' B D' Uw2 B U2 Rw2 Fw2 R2 Uw2 Rw' U' F2 D2 R' B' U2 Uw F Rw' Uw B' D Rw;2026-01-29 20:36:09;1:05.42
737;1:09.37;;B R' D R2 F2 D' R2 L2 U L2 B2 L F' U' R' B R F L2 Rw2 D' Fw2 D2 F2 Rw2 Uw2 L D' R2 Uw2 R2 Fw' D' B' U' Fw2 Uw B2 Fw2 Rw' Uw R L' B';2026-01-29 20:37:32;1:09.37
738;1:01.25;;U' R2 F' B' U2 L2 B L2 D2 F R2 B' R' L2 F2 B' L2 U B U2 L Rw2 Fw2 R2 F' D2 L F2 Rw2 D2 Uw2 R Uw2 R Uw' R' Uw2 L' Uw' Fw Uw R2 F' U Fw' L';2026-01-29 20:39:03;1:01.25
739;1:19.84;;D2 F2 R2 F U2 F2 D2 L2 F D2 B' L' F' B2 U2 R' F' U' B D2 F Uw2 B Fw2 D Rw2 F2 R2 F Fw2 Rw2 Fw2 R2 B Rw Uw2 R2 F' U' D' Rw Fw Rw' B' L' Uw' Rw2;2026-01-29 20:40:28;1:19.84
740;1:02.80;;R2 B' U2 R2 F' L2 B2 U2 R2 B U2 R' U' R' F2 U2 R2 L2 B L' U Uw2 B Fw2 Uw2 F Rw2 D F' Rw2 Fw2 D' Uw2 B' Rw D' B2 L Fw2 Uw F U2 R2 Rw F' Uw;2026-01-29 20:42:15;1:02.80
741;1:07.57;;R2 U D2 F2 B2 L2 F2 U' R2 U' B' R D' R2 B2 D2 L' U' R L2 Fw2 R2 D R' Uw2 R D2 Rw2 D' R2 U' Uw2 L' Fw R2 Uw2 B2 Uw' F2 B L2 Rw2 Fw2 Uw R';2026-01-29 20:43:41;1:07.57
742;1:12.66;;U2 R L2 U2 L2 B2 U L2 D2 L2 B2 D2 R2 D' B R U2 L' D' R2 B' Fw2 R Fw2 U R2 Fw2 D Rw2 U' D2 R' F Fw2 U Fw' U2 B' L Rw Fw U D R Rw2 D' B;2026-01-29 20:45:10;1:12.66
743;1:07.22;;F' L' F' B L D' F L' U2 D2 L D2 B2 L D2 B2 U2 D' Rw2 B' Fw2 D' F' R2 Fw2 U' F' B2 R2 Rw2 Fw2 Rw' F' Rw2 D F2 U' Rw' Uw' Fw D Uw' Rw2;2026-01-29 20:46:52;1:07.22
744;1:03.00;;F R F2 B2 R2 B2 U' R2 L2 D' R2 D' F2 R' D F' B L' D2 B' U Rw2 Uw2 L' Fw2 L D2 L Fw2 R2 L B' Uw' F2 Uw' Fw2 Uw R' F' B' L2 Fw' R2 Fw Uw2;2026-01-29 20:48:19;1:03.00
745;1:06.90;;L' U2 F' R' U' D L B' R2 B2 U2 F2 B2 D B2 D' F2 R2 U2 L' Rw2 U Fw2 R F2 L2 U' Rw2 F2 D2 Rw2 Fw' L2 Fw U' Fw' U Uw Rw2 B' Fw Uw F B2;2026-01-29 20:49:43;1:06.90
746;1:17.86;;U' D B U' R B R U' B2 D2 F2 L2 D' R2 L2 D B2 R' B' Fw2 L' Rw2 F' Fw2 R D2 L' B U2 Rw2 U Uw2 Fw2 R' Uw R2 U' Rw Fw' Rw2 D F2 B' Rw';2026-01-29 20:51:13;1:17.86
747;1:01.67;;R2 F B2 U2 F' B' L2 F U2 D' F R2 U' R' F' U' F B Rw2 B R2 U' R2 Uw2 F R2 Fw2 D L2 Fw2 U2 Rw U2 R Fw2 Uw2 L2 B2 Fw L' Uw F Uw L2;2026-01-29 20:55:54;1:01.67
748;1:04.19;;F' R F D2 F' R2 F2 L2 D2 R2 F2 D2 F' U F2 L B2 D2 L' F Fw2 R' Uw2 F B Fw2 U2 R' B2 R Uw2 F R Uw R' B R Uw2 Fw Uw F B Rw F' U';2026-01-29 20:57:15;1:04.19
749;1:04.58;;F2 B L' B2 R' D2 L' B2 U2 L F2 B' R' D F2 U2 B U' D F' Uw2 R U2 F Rw2 U2 R' Uw2 R' F L Fw2 L Uw' L' F Uw L D2 Rw B Fw' U2 R Uw' L2;2026-01-29 21:15:24;1:04.58
750;1:16.05;;U2 R B2 R' D2 R2 L' U2 F2 D2 L' F' D' R' F R2 D2 B2 U L2 Fw2 U Uw2 L2 D' Rw2 D' L' B2 Rw2 U2 Uw2 B Uw2 Fw Uw2 Rw D2 F Rw2 D' Fw' L' D';2026-01-29 21:17:00;1:16.05
751;1:08.28;;D2 L2 F2 R2 U2 F' U2 B R2 B R2 D L' U' D F' D' R B' U2 R2 Rw2 Uw2 F' B' R F' B2 U2 Fw2 Rw2 B2 L' F2 Uw L2 Uw F' D Fw' Rw U2 Uw B2 D2 Rw' F2;2026-01-29 21:18:40;1:08.28
752;1:18.15;;R L2 F2 D R2 U R2 U' R2 U R2 B' L2 F' U R F B' R D' Uw2 L' D' Rw2 Uw2 Fw2 U' B2 L2 Uw2 Rw2 U' L B' Rw2 B2 Rw' B Fw R Rw B' Fw2 D;2026-01-29 21:20:11;1:18.15
753;1:07.11;;U2 R2 L' F R' D2 F D F2 R2 F2 B2 U' B2 U R2 F2 R2 D' F L Fw2 Uw2 Rw2 F Rw2 B D L2 B2 D R2 F Uw2 Rw U2 Rw' F2 L2 Uw2 Fw D Uw B R Rw' B;2026-01-29 21:21:51;1:07.11
754;1:06.85;;R' B' L2 F U B2 U2 B' R U R2 U F2 R2 U2 B2 L2 U' R2 L2 F2 Fw2 U B Fw2 Rw2 D' B D' Rw2 D' Uw2 L2 B' Rw' B' Fw2 D F2 Rw Uw' R' D F' U2 L2 Uw;2026-01-29 21:23:19;1:06.85
755;1:11.75;;D2 F L' F2 B' L2 D' R' U D2 R2 F2 R2 F2 D R2 D2 F2 B' Rw2 U' B U' R2 Fw2 D Rw2 D2 Fw2 Rw2 U B Rw' D B' R Rw2 Fw Rw' U2 B2 Uw R2 B';2026-01-29 21:24:57;1:11.75
756;1:12.51;;U' F D B2 D R2 D R2 U B2 R2 F2 U2 F D L' U2 B R2 F Rw2 D Fw2 U2 L2 Fw2 Rw2 U2 Uw2 B' D F2 B2 Rw' U2 Rw' U' R2 Fw2 L Uw' Fw2 Rw' U2 Uw2;2026-01-29 21:26:36;1:12.51
757;1:09.85;;R B D2 B L' B U' B L2 B2 U2 L F2 R' F2 B2 R' B2 R' B2 Rw2 D' B' Uw2 Rw2 B2 D Rw2 U2 D' F' R Rw' B' R L2 F2 Rw' Fw' U2 Rw' F2 Uw2 R;2026-01-30 15:51:45;1:09.85
758;1:04.86;;F2 U' D2 F2 R2 U2 L2 D' L2 D B2 R D F U2 D2 F' R U B' R2 Rw2 U R2 Uw2 L Rw2 B2 L Fw2 D2 Rw2 U' Fw' D R D' Uw2 F' Rw Fw' L' U' Fw2 L';2026-01-30 15:53:23;1:04.86
759;1:17.44;;D2 L F2 R' D2 F2 R2 D2 L U2 B2 U B D R' F' U F' R2 F B' Uw2 Fw2 U Rw2 U' L' Fw2 D R L' U' D2 L B' Fw Rw2 Fw' R L Rw' D B' R' Uw2 Rw2;2026-01-30 15:54:47;1:17.44
760;1:14.01;;B2 R2 D L2 F' U2 B R' F R2 F2 R' F2 U2 D2 R B2 L' D2 R2 Rw2 D2 Fw2 L' F2 D Rw2 D' B2 L Uw2 L2 D F' D Fw Uw Fw2 R2 Fw L2 Uw' R2 L';2026-01-30 15:56:21;1:14.01
761;50.76;;B' D2 R D R' B2 L2 D2 L' D2 B2 R' D2 R' F' B' L2 U' L D B Uw2 Rw2 F2 R U2 L' D' Fw2 R' Fw2 U' B2 Fw' L2 F R Rw2 B' Uw' R F L Fw2 Rw' B;2026-01-30 15:57:54;50.76
762;1:04.44;;R' D2 F2 L2 D2 R U2 R' U2 B U2 R2 F D' L2 D2 F2 D Uw2 R F Fw2 L Uw2 F' B' L' B2 Fw2 Uw' Fw2 L2 D' B U' Rw' Fw L2 F2 Fw2 Rw' Uw';2026-01-30 15:59:12;1:04.44
763;1:04.76;;L' U2 L' B2 U2 L2 F2 D2 L2 U2 F R2 F' U' F' R' D' B' L' F2 Uw2 B2 R Fw2 U' F2 Fw2 R U Fw2 D Uw2 Fw Uw2 L' Fw' Uw2 R2 Uw Rw2 U' L U2 Fw' Uw';2026-01-30 16:00:42;1:04.76
764;1:00.80;;B' L' F' B2 R L F2 U B' D2 R' U2 R2 U2 R B2 L U2 R' F2 B2 Rw2 B U' B' D Rw2 B' D Fw2 Uw2 F' D L2 Rw' B U' Rw2 U2 F' Uw B' Uw2 R' F' Fw2;2026-01-30 16:02:06;1:00.80
765;1:02.36;;F2 D' R B R' L B R2 F' R U2 F2 R' U2 R2 B2 L' U2 R F2 R Fw2 R Rw2 B2 U' Fw2 R' D' R2 U Fw' U F' U F2 R' Uw' Rw F2 Fw2 R D2 Rw2 F;2026-01-30 16:03:31;1:02.36
766;58.67;;F2 L D' R2 U B' D L U' D B2 R2 D2 L2 D L2 F2 L2 D2 F2 Rw2 F' Uw2 F Fw2 D' B2 U L2 B' U' Rw F D2 L D' B R' Fw' U' R' Fw Uw Fw2 R';2026-01-30 16:04:52;58.67
767;1:04.22;;F2 U2 L2 B2 L2 B' R2 L2 F U2 F R L B' U' B D2 B R2 D R Uw2 B Fw2 L2 U2 B' R' B' Uw2 R B Uw F2 R F U2 Uw2 Rw' Uw2 F Fw' Rw U2 Uw2;2026-01-30 16:06:13;1:04.22
768;1:03.22;;F' B2 U' D' F' L U2 B D' L2 F R2 D2 B U2 L2 F B R2 U2 F' Uw2 L' B D2 Uw2 F2 L D2 Uw2 R' F2 R2 F' Uw' F' L2 U2 F2 Fw2 Rw' Fw' R2 Rw' Fw Rw2;2026-01-30 16:09:49;1:03.22
769;1:09.90;;F' B U' R' D2 F' D' L2 B' U2 L2 D2 L2 F' L2 U2 F' L' F Rw2 D2 B Fw2 L' Fw2 D2 Uw2 B' U2 Uw2 Fw2 Uw' L B2 R' Uw B' R Fw Rw2 F2 R Uw2 Rw';2026-01-30 16:11:11;1:09.90
770;55.37;;U L U R2 D' L2 B2 D2 L2 U' B2 L' U2 B' R L2 B L' B Uw2 Fw2 D R' L2 Fw2 L' B2 U' D L2 Fw2 Rw2 F' R' L2 D' Uw Fw' Uw F' D' Uw2 F2 Fw';2026-01-30 16:12:41;55.37
771;1:08.00;;F2 U2 D2 F U2 F L2 B' L2 U2 D R' F L' F' B D F' D' L' Uw2 B' Rw2 Fw2 U Uw2 F' B' D2 R2 F' Rw' F U2 D R Uw2 R2 L Uw' Fw' Rw' B Rw;2026-01-30 16:13:58;1:08.00
772;1:01.29;;R2 D R2 D L2 D B2 D' L2 D F2 U' F U2 B' U L F2 R' B2 U' Rw2 Fw2 R' Fw2 R' B2 D F2 D Rw2 F2 U' Fw' R U2 F' L2 Uw' R' Fw R2 Uw2 Fw2 R';2026-01-30 16:15:25;1:01.29
773;1:04.62;;R2 U B2 L' B L' D F L2 U2 L2 F' R2 F' R2 D2 F2 D2 F Uw2 B2 Fw2 L' F' Fw2 U2 R' Fw2 U2 R' L2 Uw' Fw2 Uw' Rw2 D' Fw Rw' U' D' Fw' Uw2 R2;2026-01-30 16:16:59;1:04.62
774;1:02.15;;R B U R D2 R' B L F' L2 D2 F U2 B' U2 F U2 F R' Uw2 Fw2 L U D R' U Uw2 R F2 U D Fw' R Uw2 L Fw' R2 D' Uw B L2 Fw2 Uw;2026-01-30 16:18:24;1:02.15
775;1:27.04;;R' F' R2 B2 R2 B U2 F U2 F' D R' L2 U B R' L' F Uw2 Rw2 B2 L' F2 B R' Uw2 R' Uw2 F2 Fw2 Uw Fw2 U' Uw Fw' D2 B Fw' U' Rw' U2 F2;2026-01-30 16:19:55;1:27.04
776;1:11.27;;L U F2 R2 B2 U' R2 U2 D F2 B' D L F' U F2 D L2 F' Rw2 B2 Rw2 Fw2 D2 R' U Fw2 D F2 R Uw2 Fw U Fw L2 Fw R2 F2 Uw R' Fw' Uw2 F Uw2;2026-01-30 16:23:51;1:11.27
777;1:00.67;;D B' D2 R B2 D L U' R B U2 R2 D2 L2 F B2 U2 B' D2 Rw2 D' Fw2 L' D' B2 Fw2 L' Uw2 B2 R2 Fw2 U' Fw' L F' R' F Rw' Uw' B D F' Rw F2;2026-01-30 16:25:23;1:00.67
778;1:07.25;;B2 R2 F2 B2 U2 D B2 D' L2 U F' B2 D L2 F' U R D B' U' L2 Rw2 Fw2 L' D Uw2 R Fw2 D' Fw2 R F2 L D B' Fw' U' F' B Rw' Uw' Rw2 Fw2 R D' Rw' F2;2026-01-30 16:26:51;1:07.25
779;1:09.03;;B2 D L2 D' F2 U L2 B2 L2 F2 U' L' B2 U' R D B R' L2 D Rw2 F' U2 Rw2 F2 U' B' Rw2 D Uw2 Rw2 F R' Rw' B' D2 Fw2 R2 Uw Fw R2 Fw' L2 Rw' U2;2026-01-30 17:10:38;1:09.03
780;1:06.95;;L' U2 L2 U2 D2 B2 L' B2 L F2 L' F2 U' F2 D R' U L' B' U B Rw2 F' L2 Rw2 Fw2 U' D F2 U' B Fw2 D' Fw2 Rw B2 Uw2 L2 Rw' F' Uw B' Fw' U' Uw2 R;2026-01-30 17:12:09;1:06.95
781;57.95;;U2 B R2 D2 F' B2 D2 L2 D2 R2 U' R F' L U2 F2 U L' D' L' Rw2 Fw2 D2 B U2 R F' R' Rw2 Fw2 Uw2 F R D F' R' Uw' L' D2 R2 Fw' Rw' D2 Rw2 Uw L2;2026-01-30 17:13:42;57.95
782;1:07.58;;B R D' R2 L' U' L2 F' U L B2 U2 R2 D2 R' F2 D2 L D2 F2 B2 Fw2 U' L2 Fw2 Rw2 D Uw2 Rw2 B' D R' L2 U2 Uw2 B' Rw' D Fw Uw L2 Rw' Uw R' U2;2026-01-30 17:15:03;1:07.58
783;1:08.17;;U R B' L U' F2 D2 L' B R2 D2 F U2 B' U2 B' U2 F2 D2 F Rw2 B Rw2 B' U D2 Rw2 B' Fw2 D' L2 F Rw' D R' Rw2 F' L Fw D2 Fw2 L2 Uw F' R';2026-01-30 17:16:29;1:08.17
784;53.84;;F' L2 D2 F' B' D2 R2 F' D2 L2 U' F L' U F2 U R2 F' D B Rw2 Uw2 L2 F U Rw2 U' D' F' D2 Rw2 B D' Rw U' L' U' R2 Uw2 B2 Rw Fw' U' D2 Fw' U;2026-01-30 17:17:55;53.84
785;1:09.63;;B2 D F2 B2 U' F2 U2 D F' B2 L' F' R U2 D F2 L F U' Uw2 Fw2 Rw2 U L2 Fw2 R U' D L2 B2 L' B U2 Uw2 R Fw' D Rw' Fw Rw' B L Rw2;2026-01-30 17:19:10;1:09.63
786;1:05.70;;R U D2 R2 F' R L F U R2 U2 D2 F R2 B' L2 U2 L2 B U2 F2 Rw2 Fw2 R' D F2 B2 Uw2 B2 D' Rw2 U Rw2 B R2 L2 Fw' Rw U2 Rw Uw Rw U2 Uw2 L2;2026-01-30 17:20:41;1:05.70
787;1:14.47;;B' U L2 F' D R' B' R F2 D' B2 U L2 B2 U' R2 U B2 D' R2 F' Fw2 Rw2 Uw2 F R Rw2 Uw2 F' U2 Rw2 F2 L B2 Uw' L' Uw2 R2 D2 F2 B2 Rw' D' Uw' Fw' D2 Rw';2026-01-30 17:22:07;1:14.47
788;1:01.51;;L' B2 D2 L2 B2 L U2 B2 L' B2 D2 R2 B R F' L' D R' L2 B R' Rw2 D Uw2 R F2 L' U D Rw2 Fw2 L F2 Fw' L U Uw2 Fw Uw' F B2 L' Rw' F2 D Fw;2026-01-30 17:23:45;1:01.51
789;54.17;;R F' U2 R2 F' U2 R2 D2 B2 L2 F R2 F D F U F' U' B2 U2 Uw2 L2 B' Fw2 Rw2 U' L2 U' R2 Rw2 U Uw2 F Rw' U B' Rw' B D Uw' Rw B2 L2 F;2026-01-30 17:26:38;54.17
790;1:12.63;;R2 U2 R2 F2 U' L2 B2 L2 U B2 L' U2 B2 U F' R' D' B D2 L Rw2 D' Uw2 Fw2 D2 R' Fw2 U2 R2 U R' Fw2 D Fw' R' L2 Fw D2 Uw Fw R2 U' Fw2 L2;2026-01-30 17:27:54;1:12.63
791;1:18.10;;U2 R2 B' U D2 R' D' R2 D B L2 F R2 F' U2 R2 L2 B2 U2 D2 Rw2 B Rw2 F' R2 Fw2 U B' U2 L2 U Uw2 B' Rw F' D' B2 Fw L B Fw2 R' D2 Fw';2026-01-30 17:29:57;1:18.10
792;1:01.06;;U2 R L' F U' L B U2 B2 U' F2 L2 D L2 D' R2 D R2 B' L Rw2 Uw2 B' D' F2 D' Uw2 Fw2 D F' U' Fw2 Uw2 Rw' B U R Rw2 U B' Uw' Rw' U B R2;2026-01-30 17:31:49;1:01.06
793;1:16.09;;U' L' B2 R L2 D2 F2 R2 F2 U2 B2 R2 B L' D' B2 D2 F' R2 L U Fw2 D' Rw2 B2 L' B2 Fw2 U' L' D Rw2 Fw U2 F' Fw R' Fw2 Uw2 R2 Rw Uw Rw2 Uw' B2;2026-01-30 17:33:16;1:16.09
794;1:09.74;;U' D2 L' F L U2 B' R2 B2 L2 F2 U2 D F2 U D B L2 Fw2 R' U B2 L' Fw2 D R' U2 Fw2 R B2 Rw2 Fw' R Rw2 Fw D L' Rw' Uw R Fw U Uw' F;2026-01-30 17:34:54;1:09.74
795;1:09.68;;U' B2 R2 U' L2 U D L2 U' F2 R2 B2 R B D2 R2 D' L' B D F' Uw2 F2 L D' Fw2 L' U Fw2 U2 Uw2 L U2 F Fw L' U D2 R Rw2 Uw Rw D' Uw L U';2026-01-30 17:36:21;1:09.68
796;1:14.53;;U R2 B2 L2 U' L2 U2 L2 F2 U2 F2 R F' U2 D R' L2 U B D L' Uw2 Fw2 D2 L D' L2 F2 Rw2 F2 L D L2 Fw' U' Rw2 F' B R' Fw' R2 Uw2 Rw B' Uw L Fw2;2026-01-30 17:37:58;1:14.53
797;1:06.68;;U' B2 D2 L2 D2 F R2 B D2 F' B2 R L2 B' U R' L B2 U2 D2 Rw2 Fw2 L2 U F Rw2 B U' F' D2 B2 Uw2 Rw F D R' Rw' B' Uw Rw' B' D' Uw' Fw2 D2;2026-01-30 17:39:38;1:06.68
798;1:02.07;;F' B U' R2 L' U2 B' L' B' R2 F2 D2 F' U2 R2 B' D2 B2 L2 U' Fw2 Rw2 B R2 L' Uw2 F2 R' Rw2 F2 L' D' L' Uw R' L Uw Fw R2 Uw L F D' Rw;2026-01-30 17:41:09;1:02.07
799;1:20.03;;L2 F2 R2 F2 D' B2 U' B2 R2 U2 F2 L' F2 B' R2 L D' R' L2 D2 F Rw2 F2 U Rw2 Uw2 B2 Fw2 D' F2 R' D2 B2 Fw' U R F' U' Fw2 Rw' B U Fw L2 Uw' Rw;2026-01-30 17:42:32;1:20.03
800;1:12.50;;R' B2 R B2 R' F2 D2 L D2 L2 U2 F U2 D' B L' U D' L U Fw2 Uw2 L' F2 R2 U' D2 Fw2 D' L Uw2 B2 U' Fw' D2 R Rw2 Fw' R2 U2 Rw' U' D2 Rw F Rw2;2026-01-30 17:44:30;1:12.50
801;1:15.12;;D2 B2 D2 L D2 L' F2 B2 L' U2 B2 D' B2 R2 U2 B' L' B2 U' L2 Uw2 R' B' L2 Fw2 Rw2 B2 D2 F' Uw2 L' B' L' Uw Rw2 Uw2 L2 U B' Rw' F' D Rw U2 Fw Uw';2026-01-30 17:46:10;1:15.12
802;1:02.95;;U2 R' U' F' U' B' R D R' L2 D2 F2 B L2 B R2 B U2 B D2 Fw2 D2 R F R Fw2 R L' B Uw2 R D2 R2 Uw' Fw2 D R' F L2 Fw D' Rw' B U' R Rw';2026-01-30 17:49:23;1:02.95
803;1:01.60;;U F U' D L F2 D B U2 B2 L2 F2 D L2 B2 U F2 R' L2 U' Rw2 B Uw2 F2 U B D' Fw2 U' Uw2 F2 B Uw2 Rw F' B2 L F L2 Fw R2 Uw R' Fw2 Rw' Fw';2026-01-30 17:50:45;1:01.60
804;56.42;;R F B2 U' R2 U F2 D R2 D B2 D2 F' L D L2 B' D R2 U' Fw2 R' U' Rw2 Fw2 R' L F2 Fw2 U' D2 R Rw2 Fw D' Fw2 L' U2 L2 Uw F' Fw' Rw' B2 Uw' Rw2;2026-01-30 17:55:18;56.42
805;1:17.56;;L B L2 F2 U2 L2 B2 U B2 U2 D R2 B2 R' F' D R' F D' B2 D' Uw2 F' R2 F' Fw2 U' Rw2 U' Uw2 B' D' L2 B2 L' Rw D R' B' Uw2 Fw' Uw B Rw B' U Rw;2026-01-30 17:56:32;1:17.56
806;57.53;;D2 R2 U2 F D2 F U2 B R' L2 U' F' D' R' L2 B R' U2 R Uw2 B' Rw2 D' B Uw2 R2 Rw2 U Fw2 Rw2 F2 U2 Rw' B U' D2 R Uw' Rw F B Uw2 B2 D;2026-01-30 17:58:25;57.53
807;1:20.87;;R2 B' U2 D2 L2 B R2 B2 D2 R2 F' B' R U' B2 R2 F B U' R F Uw2 Fw2 R' B' D2 F2 Rw2 B Uw2 L' F2 R F Uw' Fw2 L' Uw B' Fw' L' U' L2 Uw' Rw Fw2;2026-01-30 17:59:45;1:20.87
808;56.54;;D2 L2 F2 U2 F D2 B L2 B L2 B' U L2 D2 B2 L' B R L2 Rw2 F2 U L' U Fw2 L' B2 Fw2 U D Rw2 Fw' R D L2 U2 F Rw' U' D2 Uw' Rw2 Uw Fw2;2026-01-30 18:02:33;56.54
809;59.48;;R' B2 U2 R U2 B2 R D2 F2 L B2 R D L B' U D F2 U B Rw2 Uw2 Fw2 R U Fw2 L U' L' U2 L Fw' U Rw2 U L' Fw U D2 Rw' Uw Rw Fw L;2026-01-30 18:04:30;59.48
810;1:03.40;;L2 F U' F' D L2 F2 L B' R U2 B2 L2 U2 F2 R' F2 B2 U2 Fw2 D' F D2 Rw2 F' B2 U Rw2 Uw2 F2 D' Rw F' Uw2 R' D2 L Fw Rw' Uw2 F B R' L2;2026-01-30 18:05:51;1:03.40
811;1:02.32;;U D' L' F' R2 D' B R' U' F2 U' B2 U' R2 U' F2 U' L2 D' Rw2 D2 Fw2 R Uw2 R F2 U2 Rw2 B' Uw2 F' R2 Uw' R2 B2 Uw2 B' Fw Uw Rw' D2 B' U2 F' Fw';2026-01-30 18:07:16;1:02.32
812;1:13.23;;F2 U2 D' B2 L2 D' R2 B2 R2 U B2 L' U B' D2 F D R2 L U2 D2 Fw2 R' U' Rw2 Fw2 U R2 L' D' R' U F B Fw' L' Uw2 R Fw R Uw B2 Fw2 Rw2 Fw' Uw';2026-01-30 18:08:40;1:13.23
813;57.57;;R F R2 B' L2 F' U2 B' R2 U2 D2 F' D L U' R F L2 F B Rw2 B R' Fw2 L2 Fw2 Uw2 L B' R L B' Fw2 Uw' L2 D2 Fw2 U Uw2 Fw Rw Fw' Uw2 R' D2;2026-01-30 19:50:28;57.57
814;1:19.50;;D F B2 R' L B U D2 R' L2 U F2 U2 F2 U' F2 B2 D L2 D' Uw2 R U Fw2 U' D2 B2 Rw2 Uw2 B2 R U' D2 Fw' D R Fw' D' Rw Uw2 F Rw2 Fw' D2 B Rw';2026-01-30 19:52:02;1:19.50
815;1:06.71;;R2 F D2 F L' D F' U2 B' R2 F2 R' D2 F2 R D2 B2 L' D2 R D2 Uw2 R' Uw2 F' Uw2 B Uw2 L' Fw2 L2 U2 R2 U2 D' B2 Uw' Fw2 Rw2 B' Rw F Uw Rw' U' L2 B';2026-01-30 19:53:48;1:06.71
816;DNF(1:03.21);;B' U L2 U' F2 D' F2 L2 F2 L2 U' D R' D' F' L B U2 L B L2 Uw2 F U2 Fw2 D' Uw2 B' D' Fw2 Rw2 F U' R F' U2 Rw U2 Rw Fw' Rw2 U' Fw;2026-01-30 19:57:06;1:03.21
817;1:05.92;;B' R2 B2 D2 F2 D2 R F2 R2 U2 L U2 R U R D2 F' R2 D' B U' Uw2 B L2 Fw2 Uw2 R Fw2 R U2 F' R' L' Uw R U F Rw F Uw2 B D' Uw Rw;2026-01-30 19:59:33;1:05.92
818;49.05;;U2 R F2 L' D2 F2 L2 F2 R2 B2 U2 D R2 U L' F D2 B D B2 L2 Rw2 Fw2 L D2 L D' Fw2 L' F2 R2 Uw2 Rw2 U B' U2 Fw R' B Rw D2 Fw Rw2 F Uw Rw D';2026-01-30 20:01:00;49.05
819;1:05.81;;U2 B' L2 B' R' F L D2 F2 U2 B U2 R2 F U2 R2 U2 B D Rw2 U D' R' Fw2 L' D2 Uw2 R' L' D F Fw R Rw2 D L' Uw2 F' Uw' F' B' Rw U2 Fw';2026-01-30 20:02:19;1:05.81
820;1:07.18;;F2 R D2 R2 F' R2 F' U2 F D2 F' U2 B2 L2 D' B' L2 F2 L U2 R' Rw2 U' L' Fw2 Rw2 B2 R Rw2 U2 Uw2 L' F Fw Uw2 Fw' D B R2 Uw R2 F' Fw' L Uw2 Fw;2026-01-30 20:03:53;1:07.18
821;1:21.52;;R D2 R' F2 D B L D' R2 B L2 U R2 L2 B2 L2 D L2 U' R2 F2 Fw2 Uw2 R2 D Fw2 U2 R L D' Rw2 D R2 L Fw L Fw Rw D2 Uw' Fw2 Rw B D2 F';2026-01-30 20:05:16;1:21.52
822;53.68;;L F2 U2 L U2 B2 D2 F2 B2 R B2 L' B R' F2 B' R' D L' B R Rw2 B Rw2 Uw2 R B' Fw2 L Fw2 R F D2 Uw' L' Uw L' F B Rw' F B Fw Uw2 L Fw';2026-01-30 20:06:55;53.68
823;1:06.69;;F2 L F2 U2 R D2 R F2 D2 R2 B2 L2 D' R' F' B' R D2 B2 D' L' Rw2 Uw2 B' L F' D2 Uw2 R' F2 R' F D2 Uw' B2 Uw2 Fw2 R F' D2 Fw' L2 Uw R' Rw2 F D2;2026-01-30 20:08:05;1:06.69
824;1:03.29;;F' D2 R2 F2 R' U2 R' D2 B2 U2 L F2 R F' L U F' R' B' L' B2 Rw2 Fw2 R' Uw2 B' U2 Fw2 R2 F U2 Uw2 F2 B U Uw F B L' B2 Fw' Uw' Rw' D2 Fw' L2 B2;2026-01-30 20:09:51;1:03.29
825;1:06.98;;F' R2 F' D2 R2 B' L2 D2 F' R2 U2 B D F R' L D R' F2 U L Uw2 Fw2 Rw2 F R' U2 Rw2 B2 Uw2 L2 F R' B2 Uw' R2 F' B' R Rw D B' Rw D' Fw Uw';2026-01-30 20:11:12;1:06.98
826;1:06.43;;U R' F2 L2 D F2 R2 U2 F2 D B2 U' D' L D2 B' D2 F L D Uw2 R' Rw2 F' Fw2 L2 B R' F' Fw2 R Uw' L B2 D2 L Uw2 B2 Fw U' L Rw U2 D';2026-01-30 20:12:42;1:06.43
827;1:01.25;;R D2 R2 D' L' U2 R' L2 U' R2 L2 B' D2 B' L2 B U2 L2 F2 R2 Fw2 Rw2 F D' Rw2 B2 D F' Rw2 B' U Fw2 U Rw U L2 U B2 Rw' Fw' D B U Rw U' Uw;2026-01-30 20:14:36;1:01.25
828;53.09;;U B' R2 U2 R2 U2 D' F2 U2 F2 B2 U' F U' R' L U B2 U B Rw2 U Fw2 D' R Rw2 Uw2 F2 Fw2 Uw2 L' U Rw2 Fw' L Uw2 B' Fw' U2 Rw B2 Fw' Uw Rw U B';2026-01-30 20:16:38;53.09
829;1:05.42;;D' B' R F2 L F2 L U2 F2 L' U2 R2 F L' U' L2 D B R U' Rw2 F L2 D' Uw2 F' Rw2 F R2 Uw2 F' D' L2 Rw' U' L F' Rw' Fw L' U' Uw Rw F' Fw';2026-01-30 20:17:53;1:05.42
830;1:17.42;;F2 R L2 U' R2 F2 D F2 U' F2 U2 B2 L F2 B U R D Rw2 Fw2 D' B' D' Uw2 F U' Fw2 Uw2 F' B2 L2 Rw' B U2 Rw D2 R' Uw' R Fw2 D' Rw' Fw2;2026-01-30 20:19:29;1:17.42
831;1:03.19;;L' B' U D' R L2 D F2 R' F2 R2 D2 R2 L2 B2 D2 R' D B Fw2 R' U Rw2 F2 Fw2 L U' F2 Uw2 R2 U' F D2 Fw D' Uw' Rw2 U L' Fw L2 U' D';2026-01-30 20:21:11;1:03.19
832;53.71;;R' U2 F2 U2 L D2 R D2 L F2 U2 F' R' F2 U' L' U2 B' R2 U2 B2 Rw2 D' R2 Uw2 L' Fw2 D' R Fw2 L U D' Fw U D' F' Fw L B2 Rw F Fw R' B2 Uw' B2;2026-01-30 20:22:34;53.71
833;1:11.58;;D' F' B L F2 U B' L' F R2 F2 L2 D2 F U2 B2 R2 U2 R Uw2 L Rw2 D2 Rw2 B2 Fw2 Uw2 F R2 L F' B' Uw' Fw2 U2 R2 U' Uw Rw' F U2 L' Fw';2026-01-30 20:24:06;1:11.58
834;1:03.40;;F2 B2 U B2 R2 D' L2 D R2 D2 R2 F2 L' F2 B' L U F B' U2 F2 Rw2 D B' R2 Uw2 Fw2 L2 B L2 D2 B' D2 Rw U D' Rw U2 F2 R' Uw B2 Uw' L2 Uw2 Fw';2026-01-30 20:25:35;1:03.40
835;1:11.65;;R' F U L B' L D2 R2 L' F2 D' F2 R2 U R2 B2 D L2 D2 R2 Fw2 R Fw2 Uw2 R' U2 Rw2 U2 B2 U R2 Rw2 Fw R D' R2 U' Fw' U F Uw B Uw';2026-01-30 20:27:01;1:11.65
836;1:06.65;;L2 U2 L D2 R' D2 F2 D2 B2 D2 B U R2 U' R U L' B' U' Fw2 U B' Uw2 B' U' Rw2 U2 B' D2 F' U2 Rw B L2 F2 Rw' D2 Fw U L2 Rw' Fw2 D Rw';2026-01-30 20:28:36;1:06.65
837;1:16.69;;F2 L2 U2 R2 L2 F U2 F D2 F2 L' F R2 L' U R F2 D' R2 Fw2 R2 L' Rw2 Uw2 R F L2 Uw2 L B' L Uw' Fw2 R' L2 B D Rw U' D F Uw' F B';2026-01-30 20:30:02;1:16.69
838;1:01.76;;B L D R2 L2 F2 L2 U L2 U L2 U F B2 L' B L' D2 L' U' Fw2 Rw2 D' Uw2 L' D2 B2 U Rw2 Uw2 R' D Rw2 B' D' Rw2 Fw' L2 Uw' F Fw' R D2 Uw' F;2026-01-30 20:33:16;1:01.76
839;1:02.13;;L D' B U' D2 R' F2 L' F' R2 U2 B2 L2 F' U2 B' R2 B U2 F D Fw2 D Rw2 U' F' L2 Uw2 F U F B' R2 L Rw F' B' Uw2 R Fw' L' Fw2 Rw Fw2 Uw2 F;2026-01-30 20:34:49;1:02.13
840;1:00.48;;U2 B' L2 B L2 D2 L2 F' R2 F' R2 U2 D' L U' R' L U' R2 F Fw2 L D Fw2 U Rw2 U' L' B2 Fw2 Uw2 F2 Fw' L2 B' D' F' D2 Uw L Rw Fw' D' B2;2026-01-30 20:36:12;1:00.48
841;1:26.02;;D2 R D2 L2 D2 R2 B2 D2 L2 F' U2 L D' F2 L2 U R2 D2 B' Fw2 U R2 L D Rw2 F2 U R2 Rw2 D' Fw L2 B' R' Fw Rw Uw2 B Fw' R2 Uw' F' Uw2;2026-01-30 20:37:31;1:26.02
842;1:07.98;;L' F L B' R' U' F2 B2 D' F2 R2 B R2 D2 F' U2 D2 F2 U2 B' L2 Uw2 R D Fw2 L' Rw2 B2 Rw2 U' Rw2 F2 L Rw2 Fw U' B' R2 F' Uw2 F2 Fw' R' Uw B2 Fw' D';2026-01-30 20:39:21;1:07.98
843;1:12.24;;B R2 F' U2 F' L2 B2 L2 F2 D2 L2 U' B' U' B2 R' F U' D L Fw2 Uw2 R' D Rw2 D' L2 U R2 Uw2 B2 Fw' Rw2 B2 U' L' Fw U' R' Rw D' Uw Rw' D2;2026-01-30 20:40:56;1:12.24
844;1:13.93;;F' L' D B2 D2 F' R2 L2 D2 B D2 L' B2 L2 D2 F' L U Uw2 R2 B Rw2 D2 B Fw2 D2 Fw2 Uw2 B Rw D Fw2 L F2 B Uw' Fw Uw L D' Uw2 L2;2026-01-30 20:42:40;1:13.93
845;1:20.28;;L' F' B2 R F' D B D2 L F2 U' L2 U R2 L2 F2 R2 D' B2 L2 Rw2 U Fw2 U' Uw2 R' U' L2 D2 L2 D Uw2 B' Fw D2 Fw' R F' Rw F2 Uw F R2 U';2026-01-30 20:44:18;1:20.28
846;56.21;;L2 F' R2 L2 F D2 F U2 B2 L2 B2 D B' L F2 U2 L' B L F' Rw2 U Uw2 B' U2 Fw2 Rw2 F U2 R2 B2 Rw2 F2 R' Rw' B Rw F2 D' Uw F2 Fw2 Rw' Uw2 Rw';2026-01-31 08:25:32;56.21
847;59.67;;B' R B2 U L2 D B' R' U2 D2 R' B2 L U2 B2 L U' B' Rw2 Uw2 L' Rw2 B2 Fw2 U' Uw2 R' L D' L2 F2 Fw U L Rw2 F' Uw2 L2 U' Rw' B' R Uw F;2026-01-31 08:26:54;59.67
848;1:08.98;;B' D2 F2 D2 B2 R B2 D2 R2 U2 L D2 R2 U' L2 U' R' U F' R' Rw2 D Rw2 U2 L' Rw2 U' Uw2 B2 D2 Rw2 F2 D' Fw' R' B' Fw' U Uw R F2 Fw' Uw F' B';2026-01-31 08:29:08;1:08.98
849;1:16.41;;L' F2 R' B2 L' B2 D2 L2 U2 B2 R2 F' L2 U B' U2 D R2 F2 R' L' Fw2 Uw2 B R L Uw2 F Fw2 D2 B L F' U' Uw' R2 D B' U Fw Uw' R' Uw2 Fw Rw F U;2026-01-31 08:30:37;1:16.41
850;1:05.15;;F2 U2 B2 R D2 R2 B2 L2 B2 L B2 U L D2 F' L' B2 L2 B' D Uw2 F' Rw2 U D F' R2 Uw2 B' Rw2 U2 Fw2 Uw2 Rw B' L U' D2 Uw' B' R' Fw U' Uw L2;2026-01-31 08:32:20;1:05.15
851;1:07.62;;U R' U F' L B D2 R' L2 D F2 D R2 D' L2 D F2 D B2 D' B2 Fw2 R' D' L Fw2 L' D2 Fw2 R' U Fw2 L2 Fw' L' Rw2 Fw' U B2 R' Rw' Uw L' F' D' R2 Rw;2026-01-31 08:33:47;1:07.62
852;1:08.48;;F' U' B D2 R' B' L D B L' U' B2 R2 U L2 U' F2 D2 F2 U2 B2 Fw2 D Fw2 L2 Uw2 L2 U' B2 R B2 D2 Fw' L2 Rw2 F D' Uw L' Fw U' F D' F;2026-01-31 08:35:46;1:08.48
853;1:19.35;;L2 B R2 L' U F2 U' R2 U' F2 R2 U2 L2 D R' D2 F R F2 R2 D' Uw2 F Fw2 U Rw2 F' U2 F2 Rw2 Fw2 U' F' L Rw B R Uw2 R' Fw' Uw' Rw2 Fw L U;2026-01-31 08:37:23;1:19.35
854;1:12.02;;B2 U B2 U2 L' U2 D2 R D2 R' L' F2 D R U2 F' R D' L Fw2 Uw2 F' B2 U' B2 D2 F' Rw2 F2 Rw Fw2 R2 Uw2 B Rw B2 D2 Uw' Fw R D Rw U';2026-01-31 08:39:02;1:12.02
855;1:07.80;;U2 R' F2 R2 B2 U2 R U2 F2 D2 R2 D2 B' L F' D F B' D' L D2 Uw2 B D2 R2 Rw2 Fw2 L D2 Uw2 F2 B Uw2 L' Uw F Fw2 Uw' B2 Fw' Rw' D' B2 L F Uw;2026-01-31 08:40:35;1:07.80
856;59.22;;U2 F2 D L2 F B' R' F' U2 D R2 D2 R' B2 L' U2 F2 R F2 L' Uw2 L' Rw2 F D2 Uw2 F R L U2 Uw2 R2 Uw' Rw2 Uw' L' B2 U2 Fw2 U2 Rw' D F' U' Uw;2026-01-31 08:42:14;59.22
857;57.06;;L F D R U2 R' U2 F' R U L2 U B2 L2 U' R2 B2 R2 D2 B2 Fw2 Uw2 Rw2 D' L' U' B2 Fw2 D' R' U2 R F R Fw' R' F Uw Fw Uw' B R' L' Rw' B2;2026-01-31 08:43:37;57.06
858;55.87;;F2 U' R2 D2 F2 D2 B2 R2 D2 R2 U B' L U F L' B2 R B' D Uw2 Rw2 Uw2 R' B Rw2 B' R F2 L Rw2 F2 R' Uw F' U2 B Uw' Rw Fw2 U Rw' F' B U2;2026-01-31 08:44:59;55.87
859;1:31.29;;F D2 L' F2 R D2 L2 B2 R D2 L2 B2 D2 B' R2 B2 U R F D F Fw2 U R Uw2 Rw2 U' Fw2 L D F2 Rw2 Fw2 R' Fw L2 D' R2 Uw L Uw2 Rw Uw' Fw2 U R2;2026-01-31 09:24:13;1:31.29
860;1:07.20;;L' B2 U2 B D L' F' R F' B2 D2 F2 L2 D2 R B2 R' U2 L B2 Rw2 F2 B L Uw2 R Fw2 L' F2 D2 Fw2 D2 F Uw' R L2 U2 Uw' Rw' U' Fw Rw' F' Rw F D2;2026-01-31 09:26:10;1:07.20
861;1:01.67;;B U' F2 U2 L2 U2 L' B2 L' F2 D2 L' D2 L' F' U2 L' D L2 D2 B' Fw2 U Rw2 B' Fw2 U' Uw2 B' U' B2 Fw2 U F2 Rw' F R B2 L' Fw' Uw' L' Rw' Fw' D' R2;2026-01-31 09:27:36;1:01.67
862;53.25;;B R2 B2 R2 D2 F' R2 D2 F2 B' U2 D' B R2 B' U D B R' L U Fw2 Rw2 F2 U2 R' B2 Fw2 R' F' Uw2 B' R2 Uw B2 L D' Rw2 Uw2 B' Rw' Uw2 Fw' L' Rw' B';2026-01-31 09:29:07;53.25
863;1:06.17;;U D' R D' B U2 R' D2 L2 D2 F2 D B2 U B2 U' R2 D' F L D' Rw2 F L U2 Fw2 R2 Uw2 F' D2 Rw2 B Uw F2 R F U Rw' B2 Fw L Fw' Uw' L F';2026-01-31 09:30:22;1:06.17
864;1:01.88;;U' F2 D2 B L2 B L2 U2 L2 B' U D2 L D' B' D' B R' F' Fw2 R F' R2 Rw2 D2 B R Uw2 B R Fw2 R' Uw' F2 U B' U' B' Rw' Uw2 Rw' Uw Fw D L;2026-01-31 09:31:50;1:01.88
865;59.86;;D R2 D' B2 R2 U' R2 F2 U F' R2 F2 L U2 B2 U R L' D Rw2 F' Fw2 R Rw2 F2 L2 Rw2 F2 D2 B' R' B' Uw R' F2 B2 U' D' Rw' D Uw2 B' Fw' R' Uw2;2026-01-31 09:33:14;59.86
866;56.20;;F2 R B U' D' L' D R2 B2 R F2 L' B2 R2 U2 L2 U2 L U' R2 Rw2 Uw2 F Fw2 U2 B2 Fw2 L' D2 F2 Rw2 Uw2 F' Uw' L2 F Uw L2 U Uw' Fw' R' L2 Fw' Uw2 Fw';2026-01-31 09:34:34;56.20
867;1:00.72;;R2 U' B2 D2 F2 L U2 L B2 D2 B2 U' L' F' B R' F U2 R2 Fw2 U R Uw2 F2 Rw2 D Fw2 D' B2 D R' Fw' L2 Fw2 D L' Rw U2 F Uw Fw2 Rw U R;2026-01-31 09:35:50;1:00.72
868;57.08;;R D L2 U' F2 U R2 U F2 R2 U' D L F2 U' R' F D' B2 U R Fw2 Uw2 F' B D' B' R2 Rw2 U2 B' Uw2 R D Rw B' L2 F L Uw' B2 Rw U' Uw' Fw;2026-01-31 09:37:07;57.08
869;58.64;;F2 L' U' F' B' U B L2 D2 L2 U R2 B2 R2 D2 F2 D L2 B' U Uw2 R Fw2 Rw2 U' D L2 D Fw2 U L U Fw R2 U2 F' R Uw' R' D' Fw D Fw D' R';2026-01-31 09:38:21;58.64
870;1:12.79;;R2 U F2 U D2 F2 L2 B2 D' F' B2 L F' B' U' R' U' D2 L' F' Rw2 Fw2 L' B' Uw2 L' B' Uw2 F' R' B Uw2 R Uw L' D F L2 Rw' B2 Rw2 U' Fw' L D R';2026-02-01 08:46:53;1:12.79
871;1:13.32;;R' B2 U L2 D' R2 L2 B2 D' R2 F2 R2 D L' U' B2 U2 B R D B Uw2 Fw2 Rw2 D F2 Rw2 B2 R L2 D L2 U Fw R2 D' R' U Uw2 Rw' U2 D' L2 Fw2 Uw' R2;2026-02-01 08:48:27;1:13.32
872;1:03.44;;F' U' D F' B' R' B R2 D R2 F2 U' D F2 L2 D B2 R2 D2 Uw2 R Rw2 U' D' Fw2 R' D Rw2 F2 R2 U2 D Fw' L2 D L U' Uw' F Fw2 L Rw Uw B2 D';2026-02-01 08:57:45;1:03.44
873;1:07.51;;D' L B D2 B' R2 B R2 D2 R2 U2 F U D R B2 D' R' B Rw2 F' Fw2 Rw2 U Uw2 R2 Rw2 F D R2 Uw2 F' Rw' Fw2 R L' U' D2 Fw' Uw B' Rw2 Uw2 Fw';2026-02-01 09:00:34;1:07.51
874;1:08.19;;F L D F U D' F' R F2 B2 R B2 R D2 L F2 B2 Rw2 U R' Fw2 R' D' Rw2 B2 R' U B2 L2 F Fw' R Rw2 F B2 Rw B U Uw2 F' Rw2 Fw' R2;2026-02-01 09:02:05;1:08.19
875;1:05.50;;L' D2 B2 U' B2 D' L2 F2 L2 B2 U' R L2 F' R2 D F L F D2 L' Fw2 D' Rw2 B2 U2 F' Fw2 R2 D Fw2 R2 Rw' U' B' Rw2 B2 Fw L2 Rw Uw2 R2 Uw' Rw;2026-02-01 09:03:52;1:05.50
876;1:02.90;;R2 F U2 R2 F2 L2 F L2 B L2 U2 D2 L F2 D2 R2 D B' U L' U' Uw2 F Fw2 U R2 F L2 Rw2 B Fw2 U2 D Fw2 Rw' D' Fw2 L Uw2 Fw' U' R' F2 Rw U2 Fw2;2026-02-01 09:05:49;1:02.90
877;1:17.06;;B2 D L2 U D F2 D L2 F2 B2 L2 F' D' L' D B U B R L Rw2 U Uw2 Fw2 U2 F' D Fw2 U2 Uw2 B2 D2 F' Rw F2 Uw2 L' Fw2 Uw' B2 R2 Rw' B2 Uw' Rw';2026-02-01 09:07:13;1:17.06
878;1:17.40;;U2 B D' B2 R' L' F2 D2 F2 R D2 L' F2 D R' F' U2 R2 U' F2 Fw2 R' Fw2 Rw2 B2 Rw2 U2 B' L' Uw2 F D2 L' D Uw' F' U B Rw D' Fw Uw' L2 D' Uw2 L;2026-02-01 09:14:11;1:17.40
879;1:00.36;;D' L' B R F2 L D2 R F2 L' B2 L F D F2 R U2 B U' Fw2 L2 U L' Rw2 D' Fw2 L' U2 D2 F2 D Fw R2 B2 D' Fw R Uw' R2 F' Rw' Uw2 Rw2 U';2026-02-01 09:43:10;1:00.36
880;1:20.90;;B R2 U' R F2 U R2 B2 R2 B' R2 F' D2 L2 F R2 B2 D2 R B2 Rw2 F2 D' Rw2 B Rw2 U' R2 D' Uw2 F Rw2 B' Rw F2 U2 F2 U Rw2 Fw' Uw L' Fw' L' U2;2026-02-01 09:44:32;1:20.90
881;1:14.61;;F' U2 B' L2 B R2 F' R2 B D2 L2 B2 L' D' L2 D' B L2 U' D' R2 Rw2 Fw2 L B' R' Uw2 Fw2 Rw2 B R U2 F2 B2 D' F2 Uw' Fw2 Uw Fw' U Fw' L Rw F B;2026-02-01 09:46:12;1:14.61
882;58.16;;B2 L2 F D2 F2 R2 D2 B' R2 F' U B' U' L U2 L U' B2 R U' F2 Fw2 U2 Rw2 B' U B2 Fw2 L2 Uw2 F' D2 Fw2 D Rw' B2 U' Rw' B2 Uw' B' D2 Rw' Uw2 B R;2026-02-01 09:48:21;58.16
883;1:10.70;;D L' U2 F2 R2 F2 D R2 U' R2 B2 D' F B2 R L' B' R' F' L Fw2 L Rw2 U' D' F2 U' Fw2 R' U' Fw2 U' Uw2 Fw U2 L' F U Rw B D2 Rw F Uw2 Fw' D';2026-02-01 09:49:43;1:10.70
884;1:08.31;;R2 F U2 F' R2 F' L2 F2 U2 B' U2 L' D' L F' D2 B U' F2 L' D' Fw2 L' Rw2 Uw2 L' U' Rw2 U Uw2 L' Rw2 U Fw L D L' Rw D' Rw2 Uw' Rw Uw' R2 Uw;2026-02-01 09:51:28;1:08.31
885;53.52;;L2 B U2 D2 F' L2 U2 R2 B R' L2 F' D' F' L D' L' B' L' Fw2 Rw2 D B2 U R' Uw2 L' F2 R B2 Fw' U R' L F2 Fw' Uw F' R2 Rw2 Fw' U Rw;2026-02-01 09:54:00;53.52
886;1:06.95;;B' R U2 D2 L D2 L D2 B2 R B2 D2 B' U' R U' L2 F2 D R' B2 Fw2 D' L2 Uw2 Fw2 D' R F2 Rw2 Fw2 L Fw2 U2 F' L D Uw Fw D' Rw B R Fw' L';2026-02-01 09:55:34;1:06.95
887;1:20.72;;D' L2 F R2 B2 R2 D2 R2 B R2 F' D F D2 R' D L' U2 L2 Rw2 Uw2 F2 L U' B2 L2 Rw2 U' R D L' Fw' L F2 U Fw' U L' Uw2 Rw D2 Uw L2 Rw;2026-02-01 09:57:00;1:20.72
888;1:24.85;;D L2 F2 U R2 B2 L2 U F2 R2 D' R' U2 R' F B U' R U B' Uw2 R' Rw2 Fw2 L U F2 Uw2 F2 D' L' Rw2 Fw' U' F' D Fw' R2 Rw' Uw L' F2 R' Rw;2026-02-01 09:58:43;1:24.85
889;59.36;;U2 F2 L' B2 R U2 F2 U2 L' B2 U2 R' F' R U' D2 B' R' D' L Rw2 F' L2 Uw2 F' Fw2 L' F2 D2 B' Rw2 F2 U' B' U2 Uw' B Rw2 Fw' Uw Fw' U Fw Rw' U;2026-02-01 10:00:48;59.36
890;DNF(52.23);;F' L U2 L B' U R2 D L2 B R2 F' R2 F2 U2 F L2 U2 R' Rw2 D Uw2 F2 U' R' Fw2 L Uw2 R' Rw2 B2 D Fw' Uw2 Fw' D2 R2 Rw' F2 B' Fw' U' D2 Fw';2026-02-01 10:02:09;52.23
891;1:00.47;;D2 R' U2 B2 L B2 D2 L' B2 L B2 R2 U' F2 L' D' R U F' D' R' Fw2 Rw2 F Fw2 U2 L F Uw2 L' Uw2 F U2 Fw2 U' D' Uw' L2 F' Uw' Fw L2 Uw F' R;2026-02-01 10:07:49;1:00.47
892;1:12.27;;D2 F2 U' R2 D F2 D' R2 L2 F2 U2 R2 L' F' R' L' B D R' U' F Fw2 R2 D2 R' U' Fw2 U' L Fw2 L2 Fw2 L' Fw' L F2 U' B2 Uw' Fw2 Rw Fw R Uw' B' D;2026-02-01 10:12:52;1:12.27
893;1:02.93;;R2 U2 L' B2 L F2 B2 R' U2 R' D B2 U F' D' B' L2 U D' Rw2 Uw2 F2 B L2 U Rw2 U2 B' D2 Uw2 B' Rw B L' Rw' B' Rw' Uw' Fw Uw2 R2 L2 U' D;2026-02-01 10:18:28;1:02.93
894;1:01.61;;L2 D2 L D2 B2 R L2 B2 U2 R2 U' L D' F2 U' F R2 B2 D' Rw2 Fw2 R' F2 D' L' F2 Uw2 Fw2 Rw2 U F2 L F L2 Fw Uw2 L2 Uw Fw2 Uw' L Fw L B2;2026-02-01 10:20:21;1:01.61
895;1:04.17;;B2 R U L2 U R2 U F2 R2 U' R2 U' D R F R' B R D F L' Rw2 Uw2 B2 U' Uw2 F U' F' Rw2 F' R2 B' Fw2 Rw' U' F' D' B' Uw R2 U2 Rw Uw' B2 D;2026-02-01 10:22:56;1:04.17
896;1:09.10;;U F2 D2 F' R' B2 L U' B2 D2 R' U2 D2 B2 R' B2 R' U2 D2 R2 F' Rw2 B L' Uw2 R F' D2 R2 Fw2 L' Uw F U2 D' B' Fw Uw Fw' Rw2 B Fw' L2 Rw';2026-02-01 10:24:58;1:09.10
897;57.66;;F2 U' F2 U' B2 D F2 U' F2 D' L2 D R F' D' L2 B2 R F2 B U2 Uw2 B Uw2 F' Rw2 U' B' Fw2 Uw2 B2 D Fw2 Rw' U' F' Rw2 B U' Fw D' B2 R Uw' R Fw';2026-02-01 10:26:41;57.66
898;1:09.56;;F' B' R' U B R L2 U2 F2 D B2 L2 U' L2 U D R2 F2 R D2 Fw2 U' D2 L' F2 Fw2 R Fw2 U' Rw2 U L' B' Fw2 U F' B2 Fw' Uw L' D' Fw2 Rw' Fw' R;2026-02-01 10:27:58;1:09.56
899;1:04.19;;D R2 L D' B2 U F2 R2 F2 D' R2 U2 D' R' F' U2 B' L F' D Rw2 U' R2 Fw2 R' Fw2 D' B2 R2 D2 R' Uw2 L' B' Fw' D' F R' Rw' Fw R2 Uw2 B2 Fw D2;2026-02-01 10:29:25;1:04.19
900;55.03;;U2 F2 R' D2 R' B2 L' B2 D2 F2 D' L' U R' D' B L2 B' Uw2 R' D' Rw2 U' L B2 Rw2 D2 L U F2 Uw2 F U Fw D B' Fw2 Uw' F2 R2 Fw2 Uw' R' B';2026-02-01 10:31:03;55.03
901;1:16.22;;D F2 L F L F2 B' U' R2 L' B2 R2 D2 R2 D2 B' U2 D2 B U2 Uw2 Fw2 D F Fw2 D Rw2 F' D F Fw2 U2 L2 Rw F2 Rw' B2 U Fw2 Uw R Fw2 D Uw' Rw';2026-02-01 10:32:27;1:16.22
902;1:04.44;;U' R L' F2 L2 D' B D2 F2 L' D2 L2 D2 B2 L U2 L U2 F2 D' B' Uw2 F Uw2 B' R' L Fw2 Rw2 F' U2 B' R Uw' R' B2 L Uw2 Fw' L2 Uw' F2 U D Rw2;2026-02-01 10:34:05;1:04.44
903;1:02.33;;F R2 D' L F' B R' D2 R2 F2 R2 B U2 L2 F D2 B R2 L D' Uw2 Fw2 Rw2 B' R' B Uw2 B' Uw2 R' U2 Rw2 F Uw R2 L Uw' F2 R2 Fw Rw2 Fw' L2 D2 B';2026-02-01 10:38:03;1:02.33
904;51.95;;B U2 F U' D B2 R' U' F2 B R2 D2 B' U2 F2 B L2 D2 R2 Uw2 R U' D Rw2 D2 F2 D' R' Fw2 D Fw' D R2 Rw2 U B Rw Fw Rw2 B' L' U2 Uw2;2026-02-01 10:39:36;51.95
905;1:10.31;;U B2 D F2 R2 D2 R2 D' L2 F2 U L2 B' L U R' L2 D' R2 L2 B2 Fw2 R2 U' Rw2 U Uw2 L U2 D2 R' Fw2 R' U2 B' Fw' L' D2 B Rw' Uw L Rw U2 F' Fw Uw';2026-02-01 10:41:13;1:10.31
906;1:05.37;;F L2 D2 B2 L' U2 R F2 R' D2 L' U2 L2 U' D B' R2 F' L' F' D2 Uw2 F B2 Fw2 Uw2 L2 U Fw2 U' F2 Uw2 F2 R' U F' Rw' U2 Rw2 Fw' U2 R2 Fw2 Uw' Rw B;2026-02-01 10:42:42;1:05.37
907;52.44;;D B L' U' D' F' B' U2 F2 L2 D2 L U2 R' F2 B2 D L Fw2 L' B' Uw2 B2 L' B' U2 R F2 Fw2 Uw F D2 L' F2 R U' Uw' B2 Rw F2 Rw U';2026-02-01 10:44:04;52.44
908;1:10.07;;U2 R' D2 B2 U2 B2 L D2 F2 B2 R' F' B2 D R2 F' B D B' U R Fw2 R F2 Uw2 R' U Fw2 U' B2 R2 Fw2 L D' B R Fw' Uw2 L' Rw U Fw2 L Uw R Uw;2026-02-01 10:45:17;1:10.07
909;1:16.04;;L2 U' R2 D2 R' D2 F2 L' F2 D2 L' U2 B D2 F B U' B' L2 Fw2 D Rw2 F2 B U D' Rw2 B' L2 D Uw2 Rw F2 Uw2 Rw' U2 Rw F2 Uw Fw' R2 Fw2 Uw2;2026-02-01 10:47:33;1:16.04
910;1:10.09;;F L2 B D2 F L2 U2 F R2 L' F U' B2 U L' U L' D2 Fw2 U R2 D' Fw2 Uw2 L Uw2 R' L' U R2 L' Fw D B' U' Uw' Rw' Fw D' F L Rw Fw2;2026-02-01 10:49:10;1:10.09
911;1:11.63;;U B2 U' F2 U2 B2 R2 D' L2 B2 D F2 L B R D2 R2 L F B' Rw2 Fw2 U R B2 Uw2 R' Rw2 D R2 B2 L' B2 Fw D Uw2 B' L D2 Rw' U2 Uw F' Rw' B';2026-02-01 10:50:42;1:11.63
912;1:03.97;;R' U2 B2 D' F2 U L B' D' F D2 B2 U2 B L2 B' L2 U2 D2 Fw2 R U' D2 Uw2 R' B2 R Rw2 U' R2 B' R' B2 Fw' L2 D Uw' R2 Uw' Fw' D B';2026-02-01 10:52:41;1:03.97
913;1:03.47;;F' R2 L U D' R' L B' D2 F2 R' F2 U2 L B2 R2 D2 L2 U' D2 Fw2 D' R' L2 U' Fw2 U R U D F2 U2 Uw2 Fw L2 U' F2 Fw2 L' D Uw Fw U' B' Rw2 Uw2;2026-02-01 10:54:02;1:03.47
914;1:08.10;;U2 L2 B2 U2 F L2 F' U2 D2 F' R2 L2 D' F U L' B2 R U' D' L' Rw2 F Fw2 U' D Uw2 B D F2 Fw2 R2 U' D' Rw B' R D Rw' Uw Rw F2 R2 B U Fw2;2026-02-01 10:55:26;1:08.10
915;1:26.67;;U2 L' U' D R' D2 F' B2 L D2 R2 B2 D2 L U2 L' B2 L' D L Fw2 D2 L' Uw2 Fw2 R F2 D2 Rw2 D L U Uw2 Fw' R' U' Fw2 Uw Rw' B2 Fw D2 R F' Fw;2026-02-01 10:57:24;1:26.67
916;1:16.29;;L2 U' L2 D F' L F' U2 F2 D' L2 F2 U B2 D' B2 D2 B R Rw2 D' L Fw2 R' D' Uw2 B2 D2 F2 R' Uw2 R' Fw D2 R F2 Rw U' B2 Fw2 Uw F2 Rw' U;2026-02-01 10:59:25;1:16.29
917;1:02.12;;F2 L2 D R2 D F2 L2 U2 R2 D' L2 D' R F R2 L B2 R' D2 L' B Rw2 Fw2 U2 B' R2 L' B Fw2 D2 Rw2 F Uw2 F2 Uw L Rw2 B Fw2 Uw' Rw' Fw L U D2 Fw Rw2;2026-02-01 11:01:24;1:02.12
918;53.41;;R2 U F' L2 F2 L' U' B2 U R F2 D2 R D2 L' F2 D2 F2 B2 L F2 Uw2 Fw2 D' R2 L U' B2 R' Uw2 Rw2 F2 L Fw' L2 F B2 Uw Fw2 Rw' Uw F' Rw B R';2026-02-01 11:03:03;53.41
919;1:04.35;;R2 B2 R' B2 U2 D2 L' D2 R F2 D2 B2 U F L U2 D L' B D' R2 Fw2 Uw2 L2 U2 F D' F2 Rw2 B' D2 B L F' B Rw' U2 Uw2 Fw D' Rw D F2 Uw' Rw2;2026-02-01 11:04:14;1:04.35
920;1:24.43;;L' F' U2 R2 B' D2 L2 B' D2 F2 D R' U' R2 B2 L D B2 Fw2 Rw2 Uw2 L U2 B Uw2 F' Rw2 U2 F R Uw' Fw2 U L2 D Uw' Fw' Rw Uw2 R' F2 D' L;2026-02-01 11:06:10;1:24.43
921;57.76;;B2 L' U' F R2 L' B' D R' U L2 F2 D' F2 R2 D' F2 B2 R2 U' F2 Uw2 R Fw2 D' L' U' B2 Fw2 Rw2 F2 U R B2 Fw D2 F Rw2 B' L2 Rw B Uw Fw2 U2 Fw Uw2;2026-02-01 11:07:55;57.76
922;1:13.49;;L' F' R2 U2 B' U2 D2 F2 B' D2 F D' L' D2 B' D' R' L2 D L2 Uw2 F Uw2 F L' F2 B Uw2 B2 R' D2 Rw2 Uw F B' R2 Uw' L' D Fw Uw F2 Uw2 R' F2;2026-02-01 11:10:09;1:13.49
923;1:16.72;;F L' D2 B R' D R D' B2 U2 F2 R2 D R2 L2 B2 R2 L2 D2 F' R Uw2 Fw2 R' F2 L' Fw2 U' Uw2 R F2 Fw' D Uw2 B' R2 D2 Uw' Rw' B' Uw2 L U2 D2;2026-02-01 11:12:28;1:16.72
924;1:13.65;;F' U' F2 D R2 D2 B2 U' R2 F2 U2 B2 L2 B' L B2 R' D B2 R B' Uw2 L' Rw2 D' B2 L2 D2 F2 Uw2 Rw2 D2 Fw2 U' Fw' Uw2 B' U D' Fw L Rw' B' Fw Rw2 U2;2026-02-01 11:14:30;1:13.65
925;1:01.07;;B L D2 F' L2 B L2 F U2 R2 F' L2 B' U' F' U' R B2 L' U' Uw2 L Uw2 Rw2 D F2 Uw2 R U' Fw2 U2 B2 R2 Fw' U D2 Fw Uw2 L Rw U2 R2 Fw' R Uw2;2026-02-01 11:16:06;1:01.07
926;1:05.02;;L' U' B2 R D' B L D2 L F D2 B' D2 L2 B2 D2 F' U2 B' U2 D2 Uw2 Rw2 B Uw2 F L2 Uw2 R F Uw2 L' U2 D F L2 Fw2 Uw L' Fw Rw2 F2 D' Fw D R2;2026-02-01 11:18:59;1:05.02
927;1:11.76;;B2 L U' L2 D2 F2 U' L2 B2 R2 D B2 R2 D' F' R' L2 D' L2 F B' Fw2 Rw2 Uw2 L2 F2 U' F' Fw2 L2 Rw2 B2 Rw' B D R2 L' Rw Uw' F R D Uw' Fw' D';2026-02-01 11:20:36;1:11.76
928;1:01.52;;R2 D2 F R2 B2 D2 B D2 B R2 L2 U' F2 B2 D' L' U2 R' B' R F Fw2 R' Rw2 D2 Rw2 U2 B' L Fw2 L B2 U2 Uw L F2 Uw2 R2 L' Rw2 Fw' L' Uw' Fw2 Rw2 U';2026-02-01 11:27:34;1:01.52
929;1:02.59;;L' D2 L U2 D2 B U L U2 L2 D2 R2 L' F2 U2 B2 D2 L U F' Fw2 L U2 Uw2 Rw2 B' R' Uw2 L B' R' U Uw2 R' B2 Uw' F' Uw Rw' Uw2 Fw' R U Rw B;2026-02-01 11:28:57;1:02.59
930;1:12.32;;R' U2 F2 R' D2 F2 R' U2 F2 R2 U2 R2 U B' R F U R F' L Uw2 L' U L2 Uw2 Rw2 D R' U2 Uw2 Rw2 D F Fw' R' L' Fw' D Fw Uw R' Uw2 B' L' F';2026-02-01 11:30:25;1:12.32
931;59.69;;F U2 F2 U2 F2 R D2 L' U2 R2 L' F2 R' F L B2 D' F R' U' F' Rw2 F Uw2 R Fw2 Rw2 Fw2 R U2 F' B' R Uw' L U' L2 F2 Uw2 Fw R U2 Rw Uw Rw2;2026-02-01 11:33:01;59.69
932;1:08.63;;L2 F2 L' F2 R F2 L2 D2 R D2 R F D L' U2 F2 D' R2 U' L' Rw2 F' L2 Rw2 B2 Fw2 D' F2 U2 Fw2 U' Uw2 F' Rw D R' F2 B Uw' B' Fw' U2 B2 Rw' Uw;2026-02-01 11:34:21;1:08.63
933;1:18.31;;U F2 D2 B2 U' R2 D' B2 D2 F2 D R' U' B2 L' F' D2 R2 L Uw2 Fw2 D' Fw2 D' L D' F2 Fw2 Rw2 Uw2 L Uw2 Fw' D L D' L2 Uw L' B2 Rw2 Fw2 Rw D';2026-02-01 11:37:10;1:18.31
934;57.50;;U2 F2 D2 B' L' U' R2 D L2 U2 B2 R F2 U2 R' U2 L' B2 D' Uw2 B' Uw2 L2 B' L2 Fw2 L Uw2 L2 Fw2 U F2 Fw2 R2 B2 Uw' R2 Rw' Uw' L2 Uw' Fw' D';2026-02-01 11:38:50;57.50
935;1:01.50;;U B2 L2 D L2 F2 D2 L2 F2 R2 U F L B' D L2 F D R F' B Fw2 L2 D L' F2 U2 Fw2 D' Fw2 R U' Rw2 D' Fw' D' Uw2 Fw' U2 Uw' Fw2 Rw2 Uw2 Rw' B R;2026-02-01 11:40:25;1:01.50
936;1:03.51;;D' L2 B2 R2 F2 D R2 U2 F2 U' F2 L U F' R B' R2 U F' D' Fw2 D' Fw2 R Fw2 R' U' Rw2 Fw2 D L' D R B Rw2 F2 D2 Fw' Uw L2 Rw' B' R2 Fw D2;2026-02-01 11:47:35;1:03.51
937;1:11.68;;L2 F2 D2 B2 U R2 D' F2 B2 U L2 U B' L B2 L2 D L' B R2 U' Fw2 Rw2 B2 U F Rw2 B D2 B2 U' B Rw2 U2 Rw' D2 L F' Rw' B D2 Uw B2 Fw Rw2 D;2026-02-01 11:48:59;1:11.68
938;1:06.01;;U' B2 U B2 R2 F2 U' R2 F2 U B2 L2 B' R2 L' F2 D2 R' D B Rw2 F L2 Uw2 Fw2 U2 B' D' L2 Rw2 F D' B' R L' Rw' B' Fw2 R2 Fw U' L' Fw' Uw2 Rw;2026-02-01 11:51:08;1:06.01
939;1:10.85;;F2 B2 D L2 U' B2 D B2 D R2 D' B L D F R U' R2 F' L B2 Rw2 Uw2 F' D' Fw2 U' Rw2 F' B U' B' Fw2 U' R' D Rw' F' R' B2 R2 Fw' Rw' Fw2 D' Rw' D;2026-02-01 11:54:05;1:10.85
940;1:05.38;;L2 F' U2 F' B' U2 R2 F' R2 F' U L' U' F L2 U F2 B D2 Fw2 R D2 B' Rw2 F D2 Rw2 Uw2 F' U2 B' Uw' R2 L2 Rw2 U L Rw Uw2 B Rw B' L' Rw;2026-02-01 20:46:36;1:05.38
941;57.22;;U D F2 U2 B2 L2 U B2 U' B2 U' B' R' U L D L2 D' F L' F' Fw2 Uw2 R2 U L' Fw2 D2 F2 R' Fw2 R' Fw' D F B2 U' Rw' Fw2 R' U' Fw R' D;2026-02-01 20:48:02;57.22
942;1:30.91;;R D' B2 L2 U L2 U D2 B2 U B2 R2 D' L B U F L F' B2 R' Rw2 F' Uw2 R2 F R2 D' Uw2 Fw2 U2 B Rw' U' Uw2 Rw' D L' D Fw L2 D' Uw L Rw';2026-02-01 20:49:17;1:30.91
943;1:08.64;;L' D F' R D2 R U2 F2 L' B2 D2 L B' R2 F' R' B D' R Uw2 F R' B2 Fw2 L' Fw2 R2 B2 Fw2 L2 U2 Uw' B L' Uw' R2 F2 Rw U Fw D F B2 Uw';2026-02-01 20:51:33;1:08.64
944;1:10.44;;R U2 F2 D L2 U B2 R2 D' F2 B2 U2 L F D' R2 B R2 F' U2 D' Uw2 Rw2 F' U' Rw2 B Fw2 U2 L2 B2 D2 B Fw2 Rw F' R' B' Rw F Fw R2 Uw' R2 Fw2 D2 Uw2;2026-02-01 20:53:08;1:10.44
945;1:08.63;;L B' L' U2 L B2 U2 L2 U2 R F2 L2 U2 B R' B L2 D L' B' Rw2 Uw2 B Fw2 Rw2 F' D2 R' Uw2 F2 D2 F Uw L2 B' Rw2 U' Uw2 Fw' D2 B2 Uw F2 B' Rw2;2026-02-01 20:54:37;1:08.63
946;1:07.40;;R U L D2 R F2 R F2 D2 L' D2 F2 L F' R B' D' F' D' R' B' Fw2 D L' Rw2 U R' Rw2 D' R' Uw2 Rw2 U2 F2 Fw L D B' Fw Rw U2 Rw' Uw' B' L D;2026-02-01 20:56:06;1:07.40
947;1:03.86;;B U F' D R2 L F R' F2 R2 B2 R U2 B2 L' U2 R D2 L' F L' Fw2 Rw2 D' R2 L Uw2 R F2 U2 Uw2 Fw2 R' Fw D' Fw' U2 B Uw' F Fw' Rw' Fw Rw2 Fw2 U';2026-02-01 20:57:32;1:03.86
948;1:02.93;;B D2 F L2 B' U2 R2 U2 R2 L2 B2 D L' F B' L2 D' L2 D2 R B2 Rw2 D Fw2 D2 B' U' B' D Uw2 L2 B' U' D' Rw' F' L' Uw2 Rw D Uw' Rw B' U' D Rw Fw2;2026-02-01 20:58:56;1:02.93
949;1:14.14;;F2 D' B R' F' U' L' D R U2 R U2 D2 B2 L2 F2 R' D2 R2 F' Uw2 R' Rw2 B2 L D Uw2 Rw2 D B2 R Uw2 Fw' L' F2 B L Rw F Rw2 Fw' D Uw2 R' U2;2026-02-01 21:00:25;1:14.14
950;1:03.77;;U2 D2 L2 D2 F L2 F' L2 B' U2 F2 B2 U F' L2 F' D' R B D Fw2 U' B2 R2 Rw2 U L U2 Fw2 D2 Uw2 F2 R Fw' Uw2 L' F' B2 Uw' Fw' U' L B Rw F R2;2026-02-01 21:02:02;1:03.77
951;56.16;;D' L2 B2 D B2 D' B2 R2 L2 D' L2 U R' U' B' L F' B' L D2 R Uw2 Rw2 B' D2 B' D' B2 U Uw2 F' Fw2 U Uw2 R' F' R2 Rw' B Uw' R2 F2 U2 Rw U Fw';2026-02-01 21:03:28;56.16
952;1:07.17;;L2 F L' D2 R2 U2 L D2 F2 R L D2 L F U B2 L D2 L' F' Fw2 D' Uw2 B2 Fw2 L2 U2 R' Uw2 B2 U2 D' Rw2 Fw' U' F' D' F' Uw' Fw Uw2 R' Uw2 F2 Rw F;2026-02-01 21:04:49;1:07.17
953;1:04.80;;B' D F2 D2 R B D' R' L U2 F2 B U2 R2 F U2 F' L2 F' L2 D2 Fw2 Uw2 B U Fw2 U F2 B D' Rw2 B2 U' Rw Uw2 F L2 Rw' B2 Uw2 B' U' Fw U' Rw Uw;2026-02-01 21:06:23;1:04.80
954;1:07.65;;B' R2 B2 L2 B L2 B' U2 B2 D2 R' D2 R' U L' F D F' R2 D Rw2 F' R2 Rw2 U' B' U' Rw2 D Fw2 R2 F' Rw' D Fw2 U' R' D' B2 Fw D' Rw' Uw Fw';2026-02-01 21:07:53;1:07.65
955;1:12.27;;L B U2 B2 U2 F2 R2 L2 U F2 D' R2 B2 L' U' R F R' D2 F B' Fw2 D' L' U2 Fw2 D' R2 L' Rw2 Fw2 R' D L' B' R Fw Rw2 F' U' Uw' Fw' Uw L2 Fw' Rw' Fw;2026-02-01 21:09:28;1:12.27
956;1:10.28;;L U' R2 B2 D2 F2 R U2 R' U2 F2 B2 L' F' D L D' F R' B Rw2 U' R' L' Uw2 L Fw2 R L' F2 D Fw2 U Fw' D2 B U' Uw2 Rw D2 Fw2 D' Uw Fw' Uw;2026-02-01 21:10:58;1:10.28
957;59.49;;U F2 D' L' F2 R2 F' R2 D' L2 F' D2 B2 U2 B R2 U2 B' D2 Uw2 F' R2 Rw2 F L Rw2 U2 F B' R' L' Rw2 Uw F U2 R2 Fw2 Rw Fw' U' Fw2 L2 Uw Fw';2026-02-01 21:12:29;59.49
958;56.44;;F' U2 D2 F' D L U B' U2 L D2 B2 L2 F2 D2 R' F2 L F2 L2 B' Uw2 Fw2 U2 F' L' D2 B' Uw2 B2 Fw2 D2 B' D B2 Uw' R2 Uw L2 Fw Uw' Fw Uw2 Rw' B2 Uw';2026-02-01 21:13:53;56.44
959;1:22.71;;B' U' F L U D L2 F U D F2 R2 F2 U R2 U' B2 R2 Fw2 Uw2 L U B2 Uw2 Rw2 Fw2 L' D2 L' U2 F' Rw2 Fw' R D' R Uw' L' Fw' Uw F2 B R;2026-02-01 21:15:08;1:22.71