id,date,dnf,time,solving_method,device_model,user,inspection_time,timer_time,missing_turn,timer,session_name,session_ruleset,share_views,share_likes,share_comments,analysis_version,pickup_time,putdown_time,solving_time,slice_turns,face_turns,quarter_turns,turns_per_second,total_recognition_time,total_execution_time,step_0_time,step_0_recognition_time,step_0_execution_time,step_0_cumulative_time,step_0_slice_turns,step_0_face_turns,step_0_quarter_turns,step_0_turns_per_second,step_1_time,step_1_recognition_time,step_1_execution_time,step_1_cumulative_time,step_1_slice_turns,step_1_face_turns,step_1_quarter_turns,step_1_turns_per_second,step_2_time,step_2_recognition_time,step_2_execution_time,step_2_cumulative_time,step_2_slice_turns,step_2_face_turns,step_2_quarter_turns,step_2_turns_per_second,step_3_time,step_3_recognition_time,step_3_execution_time,step_3_cumulative_time,step_3_slice_turns,step_3_face_turns,step_3_quarter_turns,step_3_turns_per_second,step_4_time,step_4_recognition_time,step_4_execution_time,step_4_cumulative_time,step_4_slice_turns,step_4_face_turns,step_4_quarter_turns,step_4_turns_per_second,step_5_time,step_5_recognition_time,step_5_execution_time,step_5_cumulative_time,step_5_slice_turns,step_5_face_turns,step_5_quarter_turns,step_5_turns_per_second,step_6_time,step_6_recognition_time,step_6_execution_time,step_6_cumulative_time,step_6_slice_turns,step_6_face_turns,step_6_quarter_turns,step_6_turns_per_second,step_7_time,step_7_recognition_time,step_7_execution_time,step_7_cumulative_time,step_7_slice_turns,step_7_face_turns,step_7_quarter_turns,step_7_turns_per_second,step_8_time,step_8_recognition_time,step_8_execution_time,step_8_cumulative_time,step_8_slice_turns,step_8_face_turns,step_8_quarter_turns,step_8_turns_per_second,step_0_case,step_1_case,step_2_case,step_3_case,step_4_case,step_5_case,step_6_case,step_7_case,step_8_case
408be3cf-1d98-47a1-a961-4c63ae20edf1,2025-12-05 19:06:34 UTC,False,18713.0,CFOP,Gan 12 UI Maglev,RandomForest,25967.0,18713.0,,,gan12,custom_rules,,,,8.0,0.0,0.0,18713.0,67.0,68.0,78.0,3.58,5357.0,13250.0,7388.0,0.0,7388.0,7494.0,23.0,23.0,29.0,3.11,0.0,0.0,0.0,7494.0,0.0,0.0,0.0,0.0,0.0,0.0,0.0,7494.0,0.0,0.0,0.0,0.0,3561.0,1474.0,2087.0,11055.0,12.0,12.0,13.0,5.75,2177.0,1196.0,981.0,13232.0,9.0,9.0,9.0,9.17,2588.0,1575.0,1013.0,15820.0,8.0,8.0,9.0,7.9,2893.0,1112.0,1781.0,18713.0,15.0,16.0,18.0,8.42,,,,,,,,,,,,,,,,,,,,,,,,,
44308fa4-43f3-41c2-b2af-0f9653b17045,2025-12-05 19:07:45 UTC,False,28640.0,CFOP,Gan 12 UI Maglev,RandomForest,32511.0,28640.0,,,gan12,custom_rules,,,,8.0,0.0,0.0,28640.0,74.0,76.0,86.0,2.58,11221.0,17347.0,3230.0,0.0,3230.0,3302.0,11.0,12.0,14.0,3.41,10769.0,2735.0,8034.0,14071.0,10.0,10.0,14.0,1.24,3109.0,2900.0,209.0,17180.0,4.0,4.0,4.0,19.14,3768.0,2270.0,1498.0,20948.0,9.0,10.0,11.0,6.01,1635.0,814.0,821.0,22583.0,8.0,8.0,10.0,9.74,2543.0,1163.0,1380.0,25126.0,13.0,13.0,14.0,9.42,3514.0,1339.0,2175.0,28640.0,19.0,19.0,19.0,8.74,,,,,,,,,,,,,,,,,,,,,,,,,
62a55af7-75bd-4d37-a0ab-598ce923294a,2025-12-05 19:08:27 UTC,False,21544.0,CFOP,Gan 12 UI Maglev,RandomForest,10190.0,21544.0,,,gan12,custom_rules,,,,8.0,0.0,0.0,21544.0,83.0,84.0,88.0,3.85,8296.0,13248.0,5692.0,0.0,5692.0,5692.0,9.0,9.0,11.0,1.58,3038.0,1780.0,1258.0,8730.0,8.0,8.0,9.0,6.36,2781.0,1648.0,1133.0,11511.0,12.0,13.0,14.0,10.59,3138.0,1272.0,1866.0,14649.0,16.0,16.0,16.0,8.57,1801.0,1309.0,492.0,16450.0,8.0,8.0,8.0,16.26,1762.0,910.0,852.0,18212.0,10.0,10.0,10.0,11.74,3332.0,1377.0,1955.0,21544.0,20.0,20.0,20.0,10.23,,,,,,,,,,,,,,,,,,,,,,,,,
ff7bbb72-0940-48e8-b63e-9c4f93c13465,2025-12-05 19:09:04 UTC,False,17669.0,CFOP,Gan 12 UI Maglev,RandomForest,8247.0,17669.0,,,gan12,custom_rules,,,,8.0,0.0,0.0,17669.0,57.0,57.0,64.0,3.23,5486.0,12183.0,5778.0,0.0,5778.0,5778.0,9.0,9.0,10.0,1.56,0.0,0.0,0.0,5778.0,0.0,0.0,0.0,0.0,2436.0,1169.0,1267.0,8214.0,7.0,7.0,7.0,5.52,1778.0,1166.0,612.0,9992.0,8.0,8.0,8.0,13.07,2452.0,902.0,1550.0,12444.0,8.0,8.0,8.0,5.16,2282.0,1388.0,894.0,14726.0,9.0,9.0,11.0,10.07,2943.0,861.0,2082.0,17669.0,16.0,16.0,20.0,7.68,,,,,,,,,,,,,,,,,,,,,,,,,
ad2c1e91-c2d3-4294-96fe-82561c9d1ee4,2025-12-05 19:09:48 UTC,False,22237.0,CFOP,Gan 12 UI Maglev,RandomForest,10884.0,22237.0,,,gan12,custom_rules,,,,8.0,0.0,0.0,22237.0,72.0,74.0,83.0,3.24,7178.0,15059.0,3555.0,0.0,3555.0,3555.0,9.0,9.0,10.0,2.53,2262.0,1071.0,1191.0,5817.0,7.0,7.0,9.0,5.88,4793.0,1403.0,3390.0,10610.0,8.0,8.0,8.0,2.36,1643.0,798.0,845.0,12253.0,8.0,8.0,9.0,9.47,3040.0,1552.0,1488.0,15293.0,10.0,10.0,13.0,6.72,3077.0,1073.0,2004.0,18370.0,13.0,13.0,14.0,6.49,3867.0,1281.0,2586.0,22237.0,17.0,19.0,20.0,6.57,,,,,,,,,,,,,,,,,,,,,,,,,
43ff1f3d-40e4-4e6a-9461-aedd878b5aa4,2025-12-05 19:10:21 UTC,False,16067.0,CFOP,Gan 12 UI Maglev,RandomForest,7346.0,16067.0,,,gan12,custom_rules,,,,8.0,0.0,0.0,16067.0,77.0,79.0,83.0,4.79,5226.0,10841.0,2072.0,0.0,2072.0,2072.0,6.0,6.0,7.0,2.9,2183.0,943.0,1240.0,4255.0,8.0,8.0,9.0,6.45,1689.0,580.0,1109.0,5944.0,8.0,9.0,9.0,7.21,2267.0,589.0,1678.0,8211.0,8.0,8.0,9.0,4.77,1223.0,353.0,870.0,9434.0,11.0,11.0,11.0,12.64,3415.0,2096.0,1319.0,12849.0,16.0,17.0,17.0,12.13,3218.0,665.0,2553.0,16067.0,20.0,20.0,21.0,7.83,,,,,,,,,,,,,,,,,,,,,,,,,
a2a2b4a0-2854-4f80-9807-273e28fe6916,2025-12-05 19:11:05 UTC,False,15579.0,CFOP,Gan 12 UI Maglev,RandomForest,20301.0,15579.0,,,gan12,custom_rules,,,,8.0,0.0,0.0,15579.0,68.0,69.0,78.0,4.36,4534.0,11045.0,4024.0,0.0,4024.0,4024.0,9.0,9.0,10.0,2.24,2162.0,701.0,1461.0,6186.0,10.0,11.0,11.0,6.84,1748.0,821.0,927.0,7934.0,8.0,8.0,10.0,8.63,1753.0,641.0,1112.0,9687.0,7.0,7.0,8.0,6.29,1132.0,609.0,523.0,10819.0,8.0,8.0,9.0,15.3,1364.0,588.0,776.0,12183.0,8.0,8.0,8.0,10.31,3396.0,1174.0,2222.0,15579.0,18.0,18.0,22.0,8.1,,,,,,,,,,,,,,,,,,,,,,,,,
139e1f84-989a-4fbf-b8f5-b1c2dae43c9d,2025-12-05 19:11:46 UTC,False,22783.0,CFOP,Gan 12 UI Maglev,RandomForest,6622.0,22783.0,,,gan12,custom_rules,,,,8.0,0.0,0.0,22783.0,91.0,92.0,101.0,3.99,6907.0,15819.0,1661.0,0.0,1661.0,1718.0,5.0,6.0,7.0,3.01,2700.0,934.0,1766.0,4418.0,10.0,10.0,11.0,5.66,5068.0,1160.0,3908.0,9486.0,21.0,21.0,24.0,5.37,1944.0,459.0,1485.0,11430.0,7.0,7.0,7.0,4.71,4257.0,427.0,3830.0,15687.0,17.0,17.0,18.0,4.44,2508.0,1023.0,1485.0,18195.0,13.0,13.0,13.0,8.75,4588.0,2904.0,1684.0,22783.0,18.0,18.0,21.0,10.69,,,,,,,,,,,,,,,,,,,,,,,,,
9e176af5-a85d-4e3b-abdd-56bfab9e28c4,2025-12-05 19:12:27 UTC,False,20161.0,CFOP,Gan 12 UI Maglev,RandomForest,11916.0,20161.0,,,gan12,custom_rules,,,,8.0,0.0,0.0,20161.0,78.0,80.0,87.0,3.87,7704.0,12457.0,1912.0,0.0,1912.0,1912.0,9.0,9.0,9.0,4.71,3380.0,1858.0,1522.0,5292.0,10.0,10.0,11.0,6.57,2139.0,935.0,1204.0,7431.0,8.0,9.0,9.0,6.64,5386.0,1507.0,3879.0,12817.0,20.0,20.0,21.0,5.16,1888.0,840.0,1048.0,14705.0,7.0,7.0,9.0,6.68,2017.0,805.0,1212.0,16722.0,10.0,11.0,12.0,8.25,3439.0,1759.0,1680.0,20161.0,14.0,14.0,16.0,8.33,,,,,,,,,,,,,,,,,,,,,,,,,
7a9e8cd0-fea8-48f4-a8a0-8165d24b8f0b,2025-12-05 19:13:11 UTC,False,27820.0,CFOP,Gan 12 UI Maglev,RandomForest,6707.0,27820.0,,,gan12,custom_rules,,,,8.0,0.0,0.0,27820.0,70.0,72.0,82.0,2.52,11942.0,15878.0,6292.0,0.0,6292.0,6292.0,9.0,9.0,9.0,1.43,4237.0,2754.0,1483.0,10529.0,7.0,7.0,8.0,4.72,6115.0,4775.0,1340.0,16644.0,8.0,8.0,10.0,5.97,1556.0,339.0,1217.0,18200.0,8.0,8.0,9.0,6.57,3978.0,1714.0,2264.0,22178.0,10.0,10.0,12.0,4.42,2574.0,1225.0,1349.0,24752.0,12.0,12.0,14.0,8.9,3068.0,1135.0,1933.0,27820.0,16.0,18.0,20.0,8.28,,,,,,,,,,,,,,,,,,,,,,,,,
155faf16-c9eb-4eb1-a445-63fdcabda9b0,2025-12-05 19:13:44 UTC,False,16637.0,CFOP,Gan 12 UI Maglev,RandomForest,7280.0,16637.0,,,gan12,custom_rules,,,,8.0,0.0,0.0,16637.0,54.0,60.0,68.0,3.25,8521.0,8036.0,2671.0,0.0,2671.0,2751.0,6.0,7.0,8.0,2.25,4511.0,3650.0,861.0,7262.0,8.0,8.0,9.0,9.29,1494.0,503.0,991.0,8756.0,9.0,10.0,10.0,9.08,2094.0,1135.0,959.0,10850.0,7.0,7.0,7.0,7.3,2012.0,1287.0,725.0,12862.0,8.0,8.0,9.0,11.03,1806.0,944.0,862.0,14668.0,7.0,7.0,7.0,8.12,1969.0,1002.0,967.0,16637.0,9.0,13.0,18.0,9.31,,,,,,,,,,,,,,,,,,,,,,,,,
9f6c467f-1274-467f-8121-4bb75255ddc6,2025-12-05 19:14:42 UTC,False,21395.0,CFOP,Gan 12 UI Maglev,RandomForest,25804.0,21395.0,,,gan12,custom_rules,,,,8.0,0.0,0.0,21395.0,66.0,68.0,75.0,3.08,8420.0,12975.0,4460.0,0.0,4460.0,4460.0,7.0,7.0,8.0,1.57,3528.0,1681.0,1847.0,7988.0,7.0,7.0,7.0,3.79,3119.0,2136.0,983.0,11107.0,8.0,8.0,9.0,8.14,2885.0,1684.0,1201.0,13992.0,8.0,8.0,10.0,6.66,2310.0,1149.0,1161.0,16302.0,8.0,8.0,8.0,6.89,2013.0,806.0,1207.0,18315.0,11.0,13.0,13.0,9.11,3080.0,964.0,2116.0,21395.0,17.0,17.0,20.0,8.03,,,,,,,,,,,,,,,,,,,,,,,,,
c455b4ec-ab07-4894-b636-30bad92ba0c7,2025-12-05 19:15:36 UTC,False,15395.0,CFOP,Gan 12 UI Maglev,RandomForest,28198.0,15395.0,,,gan12,custom_rules,,,,8.0,0.0,0.0,15395.0,53.0,55.0,65.0,3.44,7953.0,6983.0,1436.0,0.0,1436.0,1895.0,5.0,5.0,9.0,3.48,0.0,0.0,0.0,1895.0,0.0,0.0,0.0,0.0,2855.0,757.0,2098.0,4750.0,10.0,10.0,10.0,4.77,2278.0,1626.0,652.0,7028.0,8.0,8.0,9.0,12.27,3199.0,2546.0,653.0,10227.0,8.0,8.0,8.0,12.25,2374.0,1343.0,1031.0,12601.0,11.0,13.0,15.0,10.67,2794.0,1681.0,1113.0,15395.0,11.0,11.0,14.0,9.88,,,,,,,,,,,,,,,,,,,,,,,,,
504ceded-5977-4d30-b069-99c514d82112,2025-12-05 19:16:23 UTC,False,21495.0,CFOP,Gan 12 UI Maglev,RandomForest,13990.0,21495.0,,,gan12,custom_rules,,,,8.0,0.0,0.0,21495.0,70.0,71.0,82.0,3.26,6290.0,15205.0,6252.0,0.0,6252.0,6252.0,17.0,17.0,21.0,2.72,0.0,0.0,0.0,6252.0,0.0,0.0,0.0,0.0,2524.0,2283.0,241.0,8776.0,4.0,4.0,4.0,16.6,3902.0,701.0,3201.0,12678.0,11.0,11.0,13.0,3.44,1494.0,741.0,753.0,14172.0,7.0,7.0,10.0,9.3,1308.0,725.0,583.0,15480.0,8.0,8.0,9.0,13.72,6015.0,1840.0,4175.0,21495.0,23.0,24.0,25.0,5.51,,,,,,,,,,,,,,,,,,,,,,,,,
7de141ef-3601-4f98-bdba-0bae47f7bcea,2025-12-05 19:17:02 UTC,False,18770.0,CFOP,Gan 12 UI Maglev,RandomForest,11513.0,18770.0,,,gan12,custom_rules,,,,8.0,0.0,0.0,18770.0,63.0,66.0,74.0,3.36,3899.0,14871.0,10346.0,0.0,10346.0,10346.0,22.0,24.0,26.0,2.13,0.0,0.0,0.0,10346.0,0.0,0.0,0.0,0.0,0.0,0.0,0.0,10346.0,0.0,0.0,0.0,0.0,2269.0,1690.0,579.0,12615.0,8.0,8.0,8.0,13.82,2226.0,349.0,1877.0,14841.0,11.0,11.0,13.0,5.86,1616.0,861.0,755.0,16457.0,9.0,9.0,10.0,11.92,2313.0,999.0,1314.0,18770.0,14.0,15.0,17.0,10.65,,,,,,,,,,,,,,,,,,,,,,,,,
e157d298-efdf-4e1a-9b6d-eecb8bb87e58,2025-12-05 19:17:30 UTC,False,16078.0,CFOP,Gan 12 UI Maglev,RandomForest,3483.0,16078.0,,,gan12,custom_rules,,,,8.0,0.0,0.0,16078.0,72.0,74.0,83.0,4.48,6459.0,9619.0,1654.0,0.0,1654.0,1654.0,8.0,8.0,8.0,4.84,2046.0,1450.0,596.0,3700.0,6.0,6.0,7.0,10.07,3768.0,1938.0,1830.0,7468.0,14.0,15.0,17.0,7.65,1354.0,620.0,734.0,8822.0,8.0,8.0,9.0,10.9,1926.0,992.0,934.0,10748.0,8.0,8.0,9.0,8.57,1537.0,637.0,900.0,12285.0,11.0,11.0,12.0,12.22,3793.0,822.0,2971.0,16078.0,17.0,18.0,21.0,5.72,,,,,,,,,,,,,,,,,,,,,,,,,
bfac6be5-7947-4ed6-bcf9-ca97f3710663,2025-12-05 19:18:07 UTC,False,16240.0,CFOP,Gan 12 UI Maglev,RandomForest,12573.0,16240.0,,,gan12,custom_rules,,,,8.0,0.0,0.0,16240.0,65.0,66.0,76.0,4.0,6755.0,9485.0,2997.0,0.0,2997.0,2997.0,8.0,8.0,10.0,2.67,2058.0,1100.0,958.0,5055.0,8.0,8.0,9.0,8.35,1565.0,373.0,1192.0,6620.0,7.0,7.0,9.0,5.87,1660.0,1491.0,169.0,8280.0,4.0,4.0,5.0,23.67,2544.0,1528.0,1016.0,10824.0,9.0,9.0,10.0,8.86,2110.0,942.0,1168.0,12934.0,12.0,12.0,13.0,10.27,3306.0,1321.0,1985.0,16240.0,17.0,18.0,20.0,8.56,,,,,,,,,,,,,,,,,,,,,,,,,
2d05e1bd-4190-41de-a881-95588f75a9b8,2025-12-05 19:18:56 UTC,False,17006.0,CFOP,Gan 12 UI Maglev,RandomForest,24123.0,17006.0,,,gan12,custom_rules,,,,8.0,0.0,0.0,17006.0,72.0,76.0,81.0,4.23,5425.0,11581.0,871.0,0.0,871.0,871.0,4.0,6.0,6.0,4.59,4646.0,1172.0,3474.0,5517.0,12.0,12.0,12.0,3.45,1619.0,613.0,1006.0,7136.0,7.0,7.0,7.0,6.96,2179.0,556.0,1623.0,9315.0,10.0,11.0,12.0,6.16,2084.0,1432.0,652.0,11399.0,8.0,8.0,8.0,12.27,2712.0,403.0,2309.0,14111.0,16.0,16.0,17.0,6.93,2895.0,1249.0,1646.0,17006.0,15.0,16.0,19.0,9.11,,,,,,,,,,,,,,,,,,,,,,,,,
7a70ccb4-aec9-4bcb-a84a-c2abd3212cdc,2025-12-05 19:19:46 UTC,False,27360.0,CFOP,Gan 12 UI Maglev,RandomForest,11158.0,27360.0,,,gan12,custom_rules,,,,8.0,0.0,0.0,27360.0,84.0,84.0,92.0,3.07,14148.0,13212.0,3563.0,0.0,3563.0,3563.0,9.0,9.0,12.0,2.53,1936.0,532.0,1404.0,5499.0,11.0,11.0,12.0,7.83,3270.0,1989.0,1281.0,8769.0,8.0,8.0,8.0,6.25,3249.0,446.0,2803.0,12018.0,16.0,16.0,16.0,5.71,7792.0,7276.0,516.0,19810.0,12.0,12.0,13.0,23.26,4650.0,3027.0,1623.0,24460.0,12.0,12.0,13.0,7.39,2900.0,878.0,2022.0,27360.0,16.0,16.0,18.0,7.91,,,,,,,,,,,,,,,,,,,,,,,,,
8ef2116d-d772-480e-b4dd-3082a9e31deb,2025-12-05 19:20:43 UTC,False,16402.0,CFOP,Gan 12 UI Maglev,RandomForest,30975.0,16402.0,,,gan12,custom_rules,,,,8.0,0.0,0.0,16402.0,74.0,84.0,105.0,4.51,5419.0,10886.0,1457.0,0.0,1457.0,1554.0,6.0,6.0,9.0,4.12,2091.0,935.0,1156.0,3645.0,9.0,10.0,11.0,7.79,2847.0,862.0,1985.0,6492.0,11.0,11.0,14.0,5.54,2175.0,1136.0,1039.0,8667.0,8.0,8.0,9.0,7.7,1555.0,798.0,757.0,10222.0,9.0,9.0,9.0,11.89,1914.0,753.0,1161.0,12136.0,12.0,12.0,13.0,10.34,4266.0,935.0,3331.0,16402.0,19.0,28.0,40.0,5.7,,,,,,,,,,,,,,,,,,,,,,,,,
e1bba24e-2dc6-47d8-8e92-90e01ec0fb3a,2025-12-05 19:21:17 UTC,False,13571.0,CFOP,Gan 12 UI Maglev,RandomForest,11807.0,13571.0,,,gan12,custom_rules,,,,8.0,0.0,0.0,13571.0,63.0,65.0,69.0,4.64,4640.0,8931.0,1955.0,0.0,1955.0,1955.0,8.0,8.0,8.0,4.09,2340.0,347.0,1993.0,4295.0,9.0,10.0,10.0,4.52,1703.0,420.0,1283.0,5998.0,8.0,8.0,9.0,6.24,1316.0,599.0,717.0,7314.0,8.0,8.0,9.0,11.16,1596.0,1402.0,194.0,8910.0,4.0,4.0,4.0,20.62,2442.0,999.0,1443.0,11352.0,10.0,11.0,12.0,6.93,2219.0,873.0,1346.0,13571.0,16.0,16.0,17.0,11.89,,,,,,,,,,,,,,,,,,,,,,,,,
d8303960-ab23-405e-a653-380ed1f22818,2025-12-05 19:21:47 UTC,False,14918.0,CFOP,Gan 12 UI Maglev,RandomForest,6234.0,14918.0,,,gan12,custom_rules,,,,8.0,0.0,0.0,14918.0,73.0,74.0,85.0,4.89,5224.0,9694.0,1160.0,0.0,1160.0,1160.0,5.0,5.0,8.0,4.31,1716.0,919.0,797.0,2876.0,8.0,8.0,9.0,10.04,1593.0,459.0,1134.0,4469.0,7.0,7.0,9.0,6.17,2025.0,1050.0,975.0,6494.0,8.0,9.0,9.0,8.21,1347.0,711.0,636.0,7841.0,8.0,8.0,9.0,12.58,4025.0,1108.0,2917.0,11866.0,21.0,21.0,24.0,7.2,3052.0,977.0,2075.0,14918.0,16.0,16.0,17.0,7.71,,,,,,,,,,,,,,,,,,,,,,,,,
2fec209d-20f7-403f-945f-10677870ddef,2025-12-05 19:22:37 UTC,False,20563.0,CFOP,Gan 12 UI Maglev,RandomForest,20160.0,20563.0,,,gan12,custom_rules,,,,8.0,0.0,0.0,20563.0,66.0,68.0,81.0,3.21,4803.0,15760.0,8982.0,0.0,8982.0,8982.0,26.0,28.0,33.0,2.89,0.0,0.0,0.0,8982.0,0.0,0.0,0.0,0.0,0.0,0.0,0.0,8982.0,0.0,0.0,0.0,0.0,0.0,0.0,0.0,8982.0,0.0,0.0,0.0,0.0,5241.0,1509.0,3732.0,14223.0,14.0,14.0,16.0,3.75,3159.0,2023.0,1136.0,17382.0,9.0,9.0,12.0,7.92,3181.0,1271.0,1910.0,20563.0,17.0,17.0,20.0,8.9,,,,,,,,,,,,,,,,,,,,,,,,,
3542a1a2-1988-4a15-bb8d-755e4ccf4eb5,2025-12-05 19:23:07 UTC,False,16809.0,CFOP,Gan 12 UI Maglev,RandomForest,4382.0,16809.0,,,gan12,custom_rules,,,,8.0,0.0,0.0,16809.0,76.0,76.0,83.0,4.52,6697.0,10112.0,1241.0,0.0,1241.0,1241.0,6.0,6.0,7.0,4.83,2866.0,488.0,2378.0,4107.0,12.0,12.0,13.0,5.05,3422.0,2398.0,1024.0,7529.0,9.0,9.0,11.0,8.79,1568.0,835.0,733.0,9097.0,8.0,8.0,10.0,10.91,3545.0,1176.0,2369.0,12642.0,13.0,13.0,13.0,5.49,1828.0,974.0,854.0,14470.0,9.0,9.0,10.0,10.54,2339.0,826.0,1513.0,16809.0,19.0,19.0,19.0,12.56,,,,,,,,,,,,,,,,,,,,,,,,,
59d5fb50-294e-46a1-a924-16067f935c8c,2025-12-05 19:23:50 UTC,False,22654.0,CFOP,Gan 12 UI Maglev,RandomForest,9490.0,22654.0,,,gan12,custom_rules,,,,8.0,0.0,0.0,22654.0,75.0,77.0,87.0,3.31,8996.0,13658.0,1145.0,0.0,1145.0,1145.0,5.0,5.0,8.0,4.37,2339.0,913.0,1426.0,3484.0,13.0,13.0,13.0,9.12,5148.0,755.0,4393.0,8632.0,12.0,12.0,14.0,2.73,1627.0,822.0,805.0,10259.0,8.0,8.0,10.0,9.94,2333.0,1672.0,661.0,12592.0,8.0,8.0,9.0,12.1,4894.0,2650.0,2244.0,17486.0,13.0,14.0,15.0,5.79,5168.0,2184.0,2984.0,22654.0,16.0,17.0,18.0,5.36,,,,,,,,,,,,,,,,,,,,,,,,,
c77b19e8-c511-45fa-a81c-cbd59b60b5ff,2025-12-05 19:24:37 UTC,False,16594.0,CFOP,Gan 12 UI Maglev,RandomForest,21108.0,16594.0,,,gan12,custom_rules,,,,8.0,0.0,0.0,16594.0,64.0,68.0,80.0,3.86,4322.0,12272.0,3724.0,0.0,3724.0,3724.0,9.0,9.0,10.0,2.42,0.0,0.0,0.0,3724.0,0.0,0.0,0.0,0.0,4040.0,1064.0,2976.0,7764.0,11.0,11.0,12.0,3.7,1834.0,488.0,1346.0,9598.0,8.0,8.0,10.0,5.94,1506.0,628.0,878.0,11104.0,8.0,8.0,10.0,9.11,3594.0,1083.0,2511.0,14698.0,20.0,20.0,21.0,7.96,1896.0,1059.0,837.0,16594.0,8.0,12.0,17.0,9.56,,,,,,,,,,,,,,,,,,,,,,,,,
625cce65-934b-4988-9796-569c1aa441f8,2025-12-05 19:25:25 UTC,False,16354.0,CFOP,Gan 12 UI Maglev,RandomForest,21527.0,16354.0,,,gan12,custom_rules,,,,8.0,0.0,0.0,16354.0,60.0,60.0,70.0,3.67,5699.0,10655.0,3377.0,0.0,3377.0,3377.0,9.0,9.0,10.0,2.67,0.0,0.0,0.0,3377.0,0.0,0.0,0.0,0.0,3177.0,1850.0,1327.0,6554.0,8.0,8.0,9.0,6.03,2345.0,500.0,1845.0,8899.0,11.0,11.0,13.0,5.96,2492.0,1085.0,1407.0,11391.0,13.0,13.0,15.0,9.24,1561.0,853.0,708.0,12952.0,8.0,8.0,9.0,11.3,3402.0,1411.0,1991.0,16354.0,11.0,11.0,14.0,5.52,,,,,,,,,,,,,,,,,,,,,,,,,
a3d71729-1153-4b9b-9065-6f119bf883d5,2025-12-05 19:26:16 UTC,False,33593.0,CFOP,Gan 12 UI Maglev,RandomForest,6031.0,33593.0,,,gan12,custom_rules,,,,8.0,0.0,0.0,33593.0,86.0,92.0,115.0,2.56,10268.0,23325.0,13944.0,0.0,13944.0,13944.0,23.0,27.0,40.0,1.65,0.0,0.0,0.0,13944.0,0.0,0.0,0.0,0.0,5805.0,4380.0,1425.0,19749.0,9.0,9.0,10.0,6.32,3497.0,2506.0,991.0,23246.0,13.0,13.0,14.0,13.12,2189.0,1504.0,685.0,25435.0,9.0,9.0,9.0,13.14,4939.0,526.0,4413.0,30374.0,17.0,17.0,22.0,3.85,3219.0,1352.0,1867.0,33593.0,15.0,17.0,20.0,8.03,,,,,,,,,,,,,,,,,,,,,,,,,
63933cec-d807-471a-b25e-2c4aefef391a,2025-12-05 19:27:02 UTC,False,19650.0,CFOP,Gan 12 UI Maglev,RandomForest,17716.0,19650.0,,,gan12,custom_rules,,,,8.0,0.0,0.0,19650.0,84.0,86.0,89.0,4.27,7313.0,12321.0,2096.0,0.0,2096.0,2112.0,6.0,7.0,9.0,2.86,4214.0,322.0,3892.0,6326.0,14.0,14.0,14.0,3.6,3652.0,2119.0,1533.0,9978.0,13.0,14.0,14.0,8.48,1523.0,1079.0,444.0,11501.0,8.0,8.0,9.0,18.02,2072.0,1427.0,645.0,13573.0,9.0,9.0,9.0,13.95,2584.0,948.0,1636.0,16157.0,16.0,16.0,16.0,9.78,3493.0,1418.0,2075.0,19650.0,18.0,18.0,18.0,8.67,,,,,,,,,,,,,,,,,,,,,,,,,
2e82f1df-8b38-42d3-81bd-b1f52490415d,2025-12-05 19:27:33 UTC,False,12498.0,CFOP,Gan 12 UI Maglev,RandomForest,8831.0,12498.0,,,gan12,custom_rules,,,,8.0,0.0,0.0,12498.0,64.0,66.0,74.0,5.12,4201.0,8297.0,2285.0,0.0,2285.0,2285.0,8.0,8.0,10.0,3.5,1329.0,322.0,1007.0,3614.0,7.0,7.0,8.0,6.95,1647.0,209.0,1438.0,5261.0,11.0,11.0,12.0,7.65,1014.0,789.0,225.0,6275.0,4.0,4.0,4.0,17.78,1790.0,936.0,854.0,8065.0,8.0,8.0,9.0,9.37,1837.0,943.0,894.0,9902.0,12.0,12.0,13.0,13.42,2596.0,1002.0,1594.0,12498.0,15.0,16.0,18.0,9.41,,,,,,,,,,,,,,,,,,,,,,,,,
494f994b-fec6-4d7e-b3e2-c16b2eedba60,2025-12-05 19:28:40 UTC,False,18989.0,CFOP,Gan 12 UI Maglev,RandomForest,37927.0,18989.0,,,gan12,custom_rules,,,,8.0,0.0,0.0,18989.0,77.0,77.0,86.0,4.05,6261.0,12728.0,5018.0,0.0,5018.0,5018.0,14.0,14.0,16.0,2.79,0.0,0.0,0.0,5018.0,0.0,0.0,0.0,0.0,3949.0,2161.0,1788.0,8967.0,8.0,8.0,11.0,4.47,2176.0,1095.0,1081.0,11143.0,8.0,8.0,10.0,7.4,1796.0,1208.0,588.0,12939.0,8.0,8.0,8.0,13.61,2424.0,781.0,1643.0,15363.0,17.0,17.0,17.0,10.35,3626.0,1016.0,2610.0,18989.0,22.0,22.0,24.0,8.43,,,,,,,,,,,,,,,,,,,,,,,,,
d714fe18-3678-429b-aebc-f59d0dd471d8,2025-12-05 19:29:12 UTC,False,15572.0,CFOP,Gan 12 UI Maglev,RandomForest,6952.0,15572.0,,,gan12,custom_rules,,,,8.0,0.0,0.0,15572.0,70.0,72.0,84.0,4.5,3786.0,11786.0,3907.0,0.0,3907.0,3907.0,16.0,16.0,18.0,4.1,0.0,0.0,0.0,3907.0,0.0,0.0,0.0,0.0,2269.0,145.0,2124.0,6176.0,10.0,10.0,11.0,4.71,3164.0,789.0,2375.0,9340.0,12.0,12.0,15.0,5.05,1860.0,861.0,999.0,11200.0,8.0,8.0,9.0,8.01,1539.0,637.0,902.0,12739.0,11.0,11.0,12.0,12.2,2833.0,1354.0,1479.0,15572.0,15.0,17.0,19.0,10.14,,,,,,,,,,,,,,,,,,,,,,,,,
5244f198-5bfa-495b-bd75-e6ce9fdbda5c,2025-12-05 19:30:22 UTC,False,16506.0,CFOP,Gan 12 UI Maglev,RandomForest,11427.0,16506.0,,,gan12,custom_rules,,,,8.0,0.0,0.0,16506.0,61.0,67.0,82.0,3.7,5829.0,10677.0,1969.0,0.0,1969.0,1969.0,7.0,8.0,10.0,3.56,3713.0,750.0,2963.0,5682.0,13.0,14.0,14.0,4.39,2762.0,1207.0,1555.0,8444.0,8.0,8.0,9.0,5.14,1689.0,959.0,730.0,10133.0,8.0,8.0,10.0,10.96,2399.0,773.0,1626.0,12532.0,9.0,9.0,11.0,5.54,2117.0,1167.0,950.0,14649.0,8.0,8.0,10.0,8.42,1857.0,973.0,884.0,16506.0,8.0,12.0,18.0,9.05,,,,,,,,,,,,,,,,,,,,,,,,,
9d08c652-df23-4c46-971d-0c2b50a565a1,2025-12-05 19:30:50 UTC,False,13448.0,CFOP,Gan 12 UI Maglev,RandomForest,6673.0,13448.0,,,gan12,custom_rules,,,,8.0,0.0,0.0,13448.0,61.0,65.0,82.0,4.54,5152.0,8296.0,2013.0,0.0,2013.0,2013.0,7.0,7.0,10.0,3.48,2143.0,1120.0,1023.0,4156.0,10.0,10.0,11.0,9.78,1933.0,974.0,959.0,6089.0,8.0,8.0,9.0,8.34,1061.0,488.0,573.0,7150.0,8.0,8.0,10.0,13.96,1975.0,710.0,1265.0,9125.0,11.0,11.0,11.0,8.7,1424.0,843.0,581.0,10549.0,8.0,8.0,10.0,13.77,2899.0,1017.0,1882.0,13448.0,9.0,13.0,21.0,4.78,,,,,,,,,,,,,,,,,,,,,,,,,
8ea6c92a-a884-46ea-af90-3b27f83cf462,2025-12-05 19:31:50 UTC,False,15749.0,CFOP,Gan 12 UI Maglev,RandomForest,33304.0,15749.0,,,gan12,custom_rules,,,,8.0,0.0,0.0,15749.0,62.0,64.0,78.0,3.94,7387.0,8289.0,1626.0,0.0,1626.0,1699.0,6.0,6.0,9.0,3.69,3003.0,2133.0,870.0,4702.0,6.0,6.0,7.0,6.9,1634.0,475.0,1159.0,6336.0,7.0,7.0,7.0,6.04,1877.0,1079.0,798.0,8213.0,8.0,8.0,11.0,10.03,2531.0,1111.0,1420.0,10744.0,13.0,13.0,13.0,9.15,2417.0,1313.0,1104.0,13161.0,11.0,13.0,15.0,9.96,2588.0,1276.0,1312.0,15749.0,11.0,11.0,16.0,8.38,,,,,,,,,,,,,,,,,,,,,,,,,
d43d84a5-0cfe-481c-807f-3ee94953f203,2025-12-05 19:32:23 UTC,False,17701.0,CFOP,Gan 12 UI Maglev,RandomForest,5816.0,17701.0,,,gan12,custom_rules,,,,8.0,0.0,0.0,17701.0,75.0,75.0,81.0,4.24,6614.0,11087.0,5907.0,0.0,5907.0,5907.0,17.0,17.0,19.0,2.88,0.0,0.0,0.0,5907.0,0.0,0.0,0.0,0.0,2817.0,1448.0,1369.0,8724.0,11.0,11.0,11.0,8.04,2372.0,1679.0,693.0,11096.0,9.0,9.0,11.0,12.99,1635.0,1111.0,524.0,12731.0,9.0,9.0,9.0,17.18,1962.0,1261.0,701.0,14693.0,9.0,9.0,10.0,12.84,3008.0,1115.0,1893.0,17701.0,20.0,20.0,21.0,10.57,,,,,,,,,,,,,,,,,,,,,,,,,
0d6668ab-5e6c-4721-9591-ecad3520eab2,2025-12-05 19:33:10 UTC,False,17990.0,CFOP,Gan 12 UI Maglev,RandomForest,22225.0,17990.0,,,gan12,custom_rules,,,,8.0,0.0,0.0,17990.0,66.0,70.0,82.0,3.67,8467.0,9442.0,1969.0,0.0,1969.0,2050.0,5.0,5.0,8.0,2.54,1545.0,217.0,1328.0,3595.0,7.0,7.0,7.0,5.27,3400.0,1823.0,1577.0,6995.0,11.0,11.0,13.0,6.98,2164.0,1649.0,515.0,9159.0,8.0,8.0,9.0,15.53,3497.0,2168.0,1329.0,12656.0,12.0,12.0,12.0,9.03,2962.0,1148.0,1814.0,15618.0,14.0,14.0,14.0,7.72,2372.0,1462.0,910.0,17990.0,9.0,13.0,19.0,9.89,,,,,,,,,,,,,,,,,,,,,,,,,
d881dcc9-08e1-4663-a372-fc887e47a4bb,2025-12-05 19:33:47 UTC,False,18645.0,CFOP,Gan 12 UI Maglev,RandomForest,9879.0,18645.0,,,gan12,custom_rules,,,,8.0,0.0,0.0,18645.0,91.0,91.0,97.0,4.88,5886.0,12759.0,3293.0,0.0,3293.0,3293.0,8.0,8.0,8.0,2.43,2217.0,807.0,1410.0,5510.0,11.0,11.0,12.0,7.8,1458.0,532.0,926.0,6968.0,6.0,6.0,7.0,6.48,2207.0,1619.0,588.0,9175.0,8.0,8.0,10.0,13.61,3116.0,973.0,2143.0,12291.0,18.0,18.0,19.0,8.4,2620.0,1069.0,1551.0,14911.0,17.0,17.0,17.0,10.96,3734.0,886.0,2848.0,18645.0,23.0,23.0,24.0,8.08,,,,,,,,,,,,,,,,,,,,,,,,,
dddeadc2-0f8c-4876-a89a-4f5e73d25aa5,2025-12-05 19:34:34 UTC,False,22915.0,CFOP,Gan 12 UI Maglev,RandomForest,12386.0,22915.0,,,gan12,custom_rules,,,,8.0,0.0,0.0,22915.0,68.0,70.0,83.0,2.97,8255.0,14321.0,2114.0,0.0,2114.0,2453.0,5.0,5.0,6.0,2.37,4317.0,1152.0,3165.0,6770.0,11.0,11.0,12.0,3.48,5503.0,1750.0,3753.0,12273.0,12.0,12.0,15.0,3.2,3316.0,1586.0,1730.0,15589.0,7.0,7.0,9.0,4.05,2599.0,1333.0,1266.0,18188.0,9.0,9.0,9.0,7.11,2335.0,1370.0,965.0,20523.0,10.0,10.0,14.0,10.36,2392.0,1064.0,1328.0,22915.0,14.0,16.0,18.0,10.54,,,,,,,,,,,,,,,,,,,,,,,,,
961e9672-8137-4e16-95ec-8a1ad38212d0,2025-12-05 19:35:50 UTC,False,15975.0,CFOP,Gan 12 UI Maglev,RandomForest,50286.0,15975.0,,,gan12,custom_rules,,,,8.0,0.0,0.0,15975.0,60.0,61.0,70.0,3.76,6199.0,9672.0,2284.0,0.0,2284.0,2388.0,9.0,9.0,10.0,3.94,2303.0,96.0,2207.0,4691.0,7.0,7.0,9.0,3.17,2004.0,812.0,1192.0,6695.0,7.0,7.0,9.0,5.87,2276.0,1792.0,484.0,8971.0,8.0,8.0,8.0,16.53,2228.0,1237.0,991.0,11199.0,7.0,7.0,8.0,7.06,1516.0,766.0,750.0,12715.0,7.0,7.0,7.0,9.33,3260.0,1496.0,1764.0,15975.0,16.0,17.0,19.0,9.07,,,,,,,,,,,,,,,,,,,,,,,,,
6557de39-a823-49a0-b4f0-5192f594cdbd,2025-12-05 19:36:23 UTC,False,17999.0,CFOP,Gan 12 UI Maglev,RandomForest,5000.0,17999.0,,,gan12,custom_rules,,,,8.0,0.0,0.0,17999.0,65.0,65.0,77.0,3.61,8044.0,9955.0,3605.0,0.0,3605.0,3605.0,8.0,8.0,12.0,2.22,1353.0,532.0,821.0,4958.0,7.0,7.0,8.0,8.53,3020.0,2366.0,654.0,7978.0,10.0,10.0,12.0,15.29,2426.0,1709.0,717.0,10404.0,4.0,4.0,5.0,5.58,2278.0,1472.0,806.0,12682.0,9.0,9.0,10.0,11.17,2156.0,1070.0,1086.0,14838.0,8.0,8.0,9.0,7.37,3161.0,895.0,2266.0,17999.0,19.0,19.0,21.0,8.38,,,,,,,,,,,,,,,,,,,,,,,,,
3d31ceb0-e70f-44f7-ae5b-c8ddf5297cdc,2025-12-05 19:37:00 UTC,False,19763.0,CFOP,Gan 12 UI Maglev,RandomForest,8263.0,19763.0,,,gan12,custom_rules,,,,8.0,0.0,0.0,19763.0,95.0,98.0,106.0,4.81,5181.0,14582.0,2429.0,0.0,2429.0,2429.0,8.0,8.0,9.0,3.29,2738.0,620.0,2118.0,5167.0,10.0,11.0,12.0,4.72,3407.0,805.0,2602.0,8574.0,19.0,19.0,19.0,7.3,1201.0,685.0,516.0,9775.0,7.0,8.0,8.0,13.57,2682.0,915.0,1767.0,12457.0,11.0,11.0,13.0,6.23,2343.0,1199.0,1144.0,14800.0,8.0,8.0,10.0,6.99,4963.0,957.0,4006.0,19763.0,32.0,33.0,35.0,7.99,,,,,,,,,,,,,,,,,,,,,,,,,
e781cbc2-084c-4de2-a4b8-bf965258c21a,2025-12-05 19:37:38 UTC,False,15680.0,CFOP,Gan 12 UI Maglev,RandomForest,6811.0,15680.0,,,gan12,custom_rules,,,,8.0,0.0,0.0,15680.0,56.0,59.0,67.0,3.57,7701.0,7979.0,1757.0,0.0,1757.0,1757.0,7.0,7.0,7.0,3.98,1732.0,854.0,878.0,3489.0,8.0,8.0,8.0,9.11,2433.0,918.0,1515.0,5922.0,8.0,8.0,9.0,5.28,2336.0,1659.0,677.0,8258.0,5.0,6.0,7.0,7.39,3150.0,2175.0,975.0,11408.0,8.0,8.0,9.0,8.21,2339.0,1249.0,1090.0,13747.0,11.0,13.0,15.0,10.09,1933.0,846.0,1087.0,15680.0,9.0,9.0,12.0,8.28,,,,,,,,,,,,,,,,,,,,,,,,,
f370525d-80d8-4de3-a1fc-04f283a0a90a,2025-12-05 19:38:10 UTC,False,17428.0,CFOP,Gan 12 UI Maglev,RandomForest,4865.0,17428.0,,,gan12,custom_rules,,,,8.0,0.0,0.0,17428.0,76.0,78.0,83.0,4.36,7592.0,9836.0,1321.0,0.0,1321.0,1321.0,6.0,6.0,6.0,4.54,1788.0,917.0,871.0,3109.0,8.0,8.0,8.0,9.18,4505.0,1789.0,2716.0,7614.0,13.0,13.0,14.0,4.79,2102.0,1393.0,709.0,9716.0,7.0,7.0,8.0,9.87,1808.0,1003.0,805.0,11524.0,8.0,8.0,8.0,9.94,2511.0,1482.0,1029.0,14035.0,11.0,13.0,14.0,10.69,3393.0,1008.0,2385.0,17428.0,23.0,23.0,25.0,9.64,,,,,,,,,,,,,,,,,,,,,,,,,
c541ba1f-f6c2-4f99-a244-491ea719d448,2025-12-05 19:38:46 UTC,False,20835.0,CFOP,Gan 12 UI Maglev,RandomForest,4635.0,20835.0,,,gan12,custom_rules,,,,8.0,0.0,0.0,20835.0,76.0,77.0,87.0,3.65,7853.0,12982.0,2848.0,0.0,2848.0,2848.0,9.0,9.0,11.0,3.16,5582.0,1728.0,3854.0,8430.0,14.0,14.0,15.0,3.63,1885.0,886.0,999.0,10315.0,12.0,12.0,13.0,12.01,2909.0,2161.0,748.0,13224.0,6.0,6.0,6.0,8.02,3378.0,975.0,2403.0,16602.0,9.0,9.0,10.0,3.75,1769.0,886.0,883.0,18371.0,10.0,10.0,13.0,11.33,2464.0,1217.0,1247.0,20835.0,16.0,17.0,19.0,12.83,,,,,,,,,,,,,,,,,,,,,,,,,
56a72a96-0e22-43ed-8969-082359fc06b3,2025-12-05 19:39:11 UTC,False,13270.0,CFOP,Gan 12 UI Maglev,RandomForest,3157.0,13270.0,,,gan12,custom_rules,,,,8.0,0.0,0.0,13270.0,59.0,64.0,76.0,4.45,6276.0,6994.0,1063.0,0.0,1063.0,1063.0,5.0,5.0,7.0,4.7,1797.0,790.0,1007.0,2860.0,9.0,10.0,11.0,8.94,1561.0,1223.0,338.0,4421.0,5.0,5.0,6.0,14.79,1307.0,661.0,646.0,5728.0,8.0,8.0,9.0,12.38,2839.0,2050.0,789.0,8567.0,8.0,8.0,10.0,10.14,2168.0,742.0,1426.0,10735.0,13.0,13.0,13.0,9.12,2535.0,810.0,1725.0,13270.0,11.0,15.0,20.0,6.38,,,,,,,,,,,,,,,,,,,,,,,,,
6e818bd2-30c3-4c39-a6f8-951b7bdca71e,2025-12-05 19:39:46 UTC,False,15853.0,CFOP,Gan 12 UI Maglev,RandomForest,9046.0,15853.0,,,gan12,custom_rules,,,,8.0,0.0,0.0,15853.0,66.0,67.0,77.0,4.16,8078.0,7775.0,2539.0,0.0,2539.0,2539.0,8.0,8.0,10.0,3.15,2155.0,1204.0,951.0,4694.0,6.0,6.0,6.0,6.31,1676.0,1080.0,596.0,6370.0,8.0,8.0,11.0,13.42,2496.0,1843.0,653.0,8866.0,9.0,9.0,10.0,13.78,2668.0,1959.0,709.0,11534.0,8.0,8.0,9.0,11.28,1926.0,1023.0,903.0,13460.0,12.0,12.0,13.0,13.29,2393.0,969.0,1424.0,15853.0,15.0,16.0,18.0,10.53,,,,,,,,,,,,,,,,,,,,,,,,,
f207f4fa-2ca8-4ff7-8e13-434b886f0a23,2025-12-05 19:40:39 UTC,False,15102.0,CFOP,Gan 12 UI Maglev,RandomForest,28976.0,15102.0,,,gan12,custom_rules,,,,8.0,0.0,0.0,15102.0,63.0,65.0,75.0,4.17,6728.0,8318.0,1585.0,0.0,1585.0,1641.0,5.0,5.0,7.0,3.15,1783.0,516.0,1267.0,3424.0,9.0,10.0,11.0,7.1,2253.0,717.0,1536.0,5677.0,7.0,7.0,8.0,4.56,1479.0,697.0,782.0,7156.0,8.0,8.0,10.0,10.23,2342.0,1601.0,741.0,9498.0,8.0,8.0,8.0,10.8,1441.0,740.0,701.0,10939.0,8.0,8.0,9.0,11.41,4163.0,2457.0,1706.0,15102.0,18.0,19.0,22.0,10.55,,,,,,,,,,,,,,,,,,,,,,,,,
e5bb7793-a184-4ee0-a1cd-0cec23cd0805,2025-12-05 19:41:28 UTC,False,17893.0,CFOP,Gan 12 UI Maglev,RandomForest,18935.0,17893.0,,,gan12,custom_rules,,,,8.0,0.0,0.0,17893.0,78.0,79.0,85.0,4.36,4434.0,13459.0,1587.0,0.0,1587.0,1587.0,6.0,6.0,7.0,3.78,1402.0,516.0,886.0,2989.0,7.0,7.0,8.0,7.9,3287.0,1073.0,2214.0,6276.0,13.0,13.0,14.0,5.87,3991.0,274.0,3717.0,10267.0,12.0,12.0,13.0,3.23,1354.0,879.0,475.0,11621.0,9.0,9.0,9.0,18.95,2118.0,942.0,1176.0,13739.0,12.0,12.0,14.0,10.2,4154.0,750.0,3404.0,17893.0,20.0,20.0,20.0,5.88,,,,,,,,,,,,,,,,,,,,,,,,,
1da4c61c-1c5c-4467-a2a8-b42833fbfe76,2025-12-05 19:42:43 UTC,False,17938.0,CFOP,Gan 12 UI Maglev,RandomForest,44892.0,17938.0,,,gan12,custom_rules,,,,8.0,0.0,0.0,17938.0,58.0,64.0,70.0,3.23,3066.0,14872.0,13044.0,0.0,13044.0,13044.0,34.0,39.0,42.0,2.61,0.0,0.0,0.0,13044.0,0.0,0.0,0.0,0.0,0.0,0.0,0.0,13044.0,0.0,0.0,0.0,0.0,0.0,0.0,0.0,13044.0,0.0,0.0,0.0,0.0,1426.0,1257.0,169.0,14470.0,4.0,4.0,5.0,23.67,1161.0,533.0,628.0,15631.0,8.0,8.0,8.0,12.74,2307.0,1276.0,1031.0,17938.0,12.0,13.0,15.0,11.64,,,,,,,,,,,,,,,,,,,,,,,,,
528e0fc4-540c-4a02-aafe-ea90eb10c261,2025-12-06 06:37:11 UTC,False,13550.0,CFOP,Gan 12 UI Maglev,RandomForest,49847.0,13550.0,,,gan12,custom_rules,,,,8.0,0.0,0.0,13550.0,70.0,70.0,76.0,5.17,4401.0,9149.0,1590.0,0.0,1590.0,1590.0,6.0,6.0,7.0,3.77,2808.0,998.0,1810.0,4398.0,8.0,8.0,9.0,4.42,1723.0,676.0,1047.0,6121.0,8.0,8.0,9.0,7.64,1706.0,129.0,1577.0,7827.0,11.0,11.0,11.0,6.98,1149.0,714.0,435.0,8976.0,8.0,8.0,8.0,18.39,1845.0,936.0,909.0,10821.0,11.0,11.0,12.0,12.1,2729.0,948.0,1781.0,13550.0,19.0,19.0,20.0,10.67,,,,,,,,,,,,,,,,,,,,,,,,,
fc57cee5-01d7-414a-bea7-58e1399e698d,2025-12-06 06:37:55 UTC,False,21031.0,CFOP,Gan 12 UI Maglev,RandomForest,9826.0,21031.0,,,gan12,custom_rules,,,,8.0,0.0,0.0,21031.0,70.0,70.0,77.0,3.33,4620.0,16331.0,12270.0,0.0,12270.0,12350.0,31.0,31.0,35.0,2.53,0.0,0.0,0.0,12350.0,0.0,0.0,0.0,0.0,0.0,0.0,0.0,12350.0,0.0,0.0,0.0,0.0,1836.0,1080.0,756.0,14186.0,8.0,8.0,9.0,10.58,2546.0,1909.0,637.0,16732.0,8.0,8.0,8.0,12.56,1482.0,830.0,652.0,18214.0,7.0,7.0,7.0,10.74,2817.0,801.0,2016.0,21031.0,16.0,16.0,18.0,7.94,,,,,,,,,,,,,,,,,,,,,,,,,
a5460214-214a-47aa-a675-477a3e26130e,2025-12-06 06:38:31 UTC,False,20080.0,CFOP,Gan 12 UI Maglev,RandomForest,6176.0,20080.0,,,gan12,custom_rules,,,,8.0,0.0,0.0,20080.0,75.0,77.0,86.0,3.74,7231.0,12849.0,1662.0,0.0,1662.0,1662.0,6.0,6.0,8.0,3.61,3458.0,1575.0,1883.0,5120.0,12.0,12.0,13.0,6.37,2441.0,749.0,1692.0,7561.0,10.0,11.0,12.0,5.91,1850.0,1238.0,612.0,9411.0,7.0,8.0,8.0,11.44,5426.0,1292.0,4134.0,14837.0,13.0,13.0,15.0,3.14,2246.0,1118.0,1128.0,17083.0,10.0,10.0,10.0,8.87,2997.0,1259.0,1738.0,20080.0,17.0,17.0,20.0,9.78,,,,,,,,,,,,,,,,,,,,,,,,,
025069f9-5f83-4554-9e98-960bb9bfa671,2025-12-06 06:39:24 UTC,False,16698.0,CFOP,Gan 12 UI Maglev,RandomForest,26269.0,16698.0,,,gan12,custom_rules,,,,8.0,0.0,0.0,16698.0,63.0,63.0,71.0,3.77,6429.0,10269.0,3680.0,0.0,3680.0,3680.0,9.0,9.0,10.0,2.45,1007.0,749.0,258.0,4687.0,4.0,4.0,5.0,15.5,2171.0,795.0,1376.0,6858.0,8.0,8.0,9.0,5.81,1352.0,717.0,635.0,8210.0,8.0,8.0,9.0,12.6,3524.0,1831.0,1693.0,11734.0,11.0,11.0,12.0,6.5,2509.0,1236.0,1273.0,14243.0,12.0,12.0,12.0,9.43,2455.0,1101.0,1354.0,16698.0,11.0,11.0,14.0,8.12,,,,,,,,,,,,,,,,,,,,,,,,,
45e19f7e-eb6f-451e-b4e0-ce2a773483bf,2025-12-06 06:40:03 UTC,False,17381.0,CFOP,Gan 12 UI Maglev,RandomForest,12710.0,17381.0,,,gan12,custom_rules,,,,8.0,0.0,0.0,17381.0,70.0,72.0,83.0,4.03,6259.0,11122.0,943.0,0.0,943.0,943.0,6.0,6.0,6.0,6.36,3826.0,1554.0,2272.0,4769.0,12.0,12.0,15.0,5.28,2769.0,1168.0,1601.0,7538.0,7.0,7.0,8.0,4.37,1128.0,306.0,822.0,8666.0,7.0,7.0,9.0,8.52,3363.0,1225.0,2138.0,12029.0,10.0,10.0,11.0,4.68,2233.0,991.0,1242.0,14262.0,13.0,13.0,13.0,10.47,3119.0,1015.0,2104.0,17381.0,16.0,18.0,21.0,7.6,,,,,,,,,,,,,,,,,,,,,,,,,
fe60ba0c-29e0-4916-8ba0-0ebda01f32ef,2025-12-06 06:40:39 UTC,False,15797.0,CFOP,Gan 12 UI Maglev,RandomForest,10823.0,15797.0,,,gan12,custom_rules,,,,8.0,0.0,0.0,15797.0,56.0,61.0,71.0,3.54,7679.0,8118.0,2453.0,0.0,2453.0,2453.0,8.0,8.0,8.0,3.26,1005.0,772.0,233.0,3458.0,4.0,4.0,4.0,17.17,2231.0,1000.0,1231.0,5689.0,8.0,8.0,8.0,6.5,2804.0,1995.0,809.0,8493.0,7.0,8.0,8.0,8.65,2157.0,1450.0,707.0,10650.0,8.0,8.0,9.0,11.32,3140.0,1287.0,1853.0,13790.0,14.0,14.0,18.0,7.56,2007.0,1175.0,832.0,15797.0,7.0,11.0,16.0,8.41,,,,,,,,,,,,,,,,,,,,,,,,,
03085299-e40f-4630-b29d-fff64751d97e,2025-12-06 06:41:11 UTC,False,14469.0,CFOP,Gan 12 UI Maglev,RandomForest,7650.0,14469.0,,,gan12,custom_rules,,,,8.0,0.0,0.0,14469.0,68.0,69.0,78.0,4.7,4950.0,9519.0,3526.0,0.0,3526.0,3526.0,8.0,8.0,10.0,2.27,1711.0,822.0,889.0,5237.0,7.0,7.0,8.0,7.87,1239.0,548.0,691.0,6476.0,8.0,8.0,9.0,11.58,2159.0,886.0,1273.0,8635.0,7.0,7.0,9.0,5.5,1881.0,1051.0,830.0,10516.0,11.0,11.0,11.0,13.25,1571.0,677.0,894.0,12087.0,12.0,12.0,13.0,13.42,2382.0,966.0,1416.0,14469.0,15.0,16.0,18.0,10.59,,,,,,,,,,,,,,,,,,,,,,,,,
9f20bc9a-eedf-4158-82db-e72fd458f0c9,2025-12-06 06:41:58 UTC,False,19596.0,CFOP,Gan 12 UI Maglev,RandomForest,17616.0,19596.0,,,gan12,custom_rules,,,,8.0,0.0,0.0,19596.0,58.0,59.0,66.0,2.96,10154.0,9442.0,2129.0,0.0,2129.0,2129.0,5.0,5.0,6.0,2.35,2635.0,2313.0,322.0,4764.0,5.0,5.0,6.0,15.53,6387.0,3415.0,2972.0,11151.0,11.0,11.0,12.0,3.7,1266.0,419.0,847.0,12417.0,8.0,8.0,9.0,9.45,982.0,676.0,306.0,13399.0,5.0,5.0,5.0,16.34,2142.0,921.0,1221.0,15541.0,7.0,7.0,8.0,5.73,4055.0,2410.0,1645.0,19596.0,17.0,18.0,20.0,10.33,,,,,,,,,,,,,,,,,,,,,,,,,
4669ac7b-eca8-43e9-a626-cbe6be53c92a,2025-12-06 06:43:28 UTC,False,27986.0,CFOP,Gan 12 UI Maglev,RandomForest,51115.0,27986.0,,,gan12,custom_rules,,,,8.0,0.0,0.0,27986.0,93.0,99.0,111.0,3.32,7047.0,20939.0,8749.0,0.0,8749.0,8749.0,15.0,17.0,20.0,1.71,0.0,0.0,0.0,8749.0,0.0,0.0,0.0,0.0,3237.0,2259.0,978.0,11986.0,9.0,10.0,11.0,9.2,3017.0,1906.0,1111.0,15003.0,9.0,9.0,10.0,8.1,1241.0,330.0,911.0,16244.0,8.0,8.0,9.0,8.78,2245.0,946.0,1299.0,18489.0,11.0,12.0,13.0,8.47,9497.0,1606.0,7891.0,27986.0,41.0,43.0,48.0,5.2,,,,,,,,,,,,,,,,,,,,,,,,,
c126937f-088d-465c-8b1f-964b6269be3d,2025-12-06 06:44:03 UTC,False,16858.0,CFOP,Gan 12 UI Maglev,RandomForest,9688.0,16858.0,,,gan12,custom_rules,,,,8.0,0.0,0.0,16858.0,82.0,82.0,92.0,4.86,5854.0,11004.0,2324.0,0.0,2324.0,2324.0,7.0,7.0,8.0,3.01,1553.0,813.0,740.0,3877.0,8.0,8.0,9.0,10.81,2416.0,1369.0,1047.0,6293.0,10.0,10.0,11.0,9.55,3817.0,990.0,2827.0,10110.0,16.0,16.0,18.0,5.66,1359.0,699.0,660.0,11469.0,8.0,8.0,9.0,12.12,2337.0,1112.0,1225.0,13806.0,13.0,13.0,16.0,10.61,3052.0,871.0,2181.0,16858.0,20.0,20.0,21.0,9.17,,,,,,,,,,,,,,,,,,,,,,,,,
95eec6ff-a237-497b-9457-4b6214823a2e,2025-12-06 06:44:40 UTC,False,15932.0,CFOP,Gan 12 UI Maglev,RandomForest,12466.0,15932.0,,,gan12,custom_rules,,,,8.0,0.0,0.0,15932.0,69.0,69.0,79.0,4.33,6685.0,9247.0,2028.0,0.0,2028.0,2028.0,9.0,9.0,10.0,4.44,2308.0,1152.0,1156.0,4336.0,8.0,8.0,10.0,6.92,1673.0,949.0,724.0,6009.0,9.0,9.0,9.0,12.43,1691.0,917.0,774.0,7700.0,8.0,8.0,9.0,10.34,1750.0,1267.0,483.0,9450.0,8.0,8.0,8.0,16.56,2757.0,1296.0,1461.0,12207.0,15.0,15.0,17.0,10.27,3725.0,1104.0,2621.0,15932.0,12.0,12.0,16.0,4.58,,,,,,,,,,,,,,,,,,,,,,,,,
c3f927ac-f08e-4e72-ab90-f8ab730cfb9a,2025-12-06 06:46:06 UTC,False,18835.0,CFOP,Gan 12 UI Maglev,RandomForest,57633.0,18835.0,,,gan12,custom_rules,,,,8.0,0.0,0.0,18835.0,81.0,81.0,90.0,4.3,4920.0,13915.0,273.0,0.0,273.0,273.0,3.0,3.0,3.0,10.99,1752.0,726.0,1026.0,2025.0,8.0,8.0,9.0,7.8,5745.0,564.0,5181.0,7770.0,25.0,25.0,29.0,4.83,3516.0,89.0,3427.0,11286.0,11.0,11.0,11.0,3.21,2594.0,1563.0,1031.0,13880.0,7.0,7.0,9.0,6.79,1627.0,741.0,886.0,15507.0,9.0,9.0,9.0,10.16,3328.0,1237.0,2091.0,18835.0,19.0,19.0,20.0,9.09,,,,,,,,,,,,,,,,,,,,,,,,,
ce43f816-51d7-4b29-8e01-24b3a9f13d50,2025-12-06 06:46:35 UTC,False,14631.0,CFOP,Gan 12 UI Maglev,RandomForest,5892.0,14631.0,,,gan12,custom_rules,,,,8.0,0.0,0.0,14631.0,67.0,67.0,81.0,4.58,5391.0,9240.0,1843.0,0.0,1843.0,1843.0,7.0,7.0,8.0,3.8,1337.0,677.0,660.0,3180.0,5.0,5.0,7.0,7.58,2223.0,1539.0,684.0,5403.0,8.0,8.0,9.0,11.7,2994.0,548.0,2446.0,8397.0,14.0,14.0,18.0,5.72,1733.0,903.0,830.0,10130.0,10.0,10.0,11.0,12.05,2385.0,943.0,1442.0,12515.0,13.0,13.0,14.0,9.02,2116.0,781.0,1335.0,14631.0,10.0,10.0,14.0,7.49,,,,,,,,,,,,,,,,,,,,,,,,,
6775574c-a8e3-445b-8c31-59a06e56caf5,2025-12-06 06:47:21 UTC,False,26184.0,CFOP,Gan 12 UI Maglev,RandomForest,11885.0,26184.0,,,gan12,custom_rules,,,,8.0,0.0,0.0,26184.0,76.0,77.0,84.0,2.9,8981.0,17203.0,2017.0,0.0,2017.0,2017.0,6.0,7.0,10.0,2.97,3112.0,2278.0,834.0,5129.0,9.0,9.0,10.0,10.79,2685.0,1903.0,782.0,7814.0,7.0,7.0,8.0,8.95,5295.0,1231.0,4064.0,13109.0,6.0,6.0,6.0,1.48,4171.0,1546.0,2625.0,17280.0,10.0,10.0,11.0,3.81,1984.0,1058.0,926.0,19264.0,11.0,11.0,11.0,11.88,6920.0,965.0,5955.0,26184.0,27.0,27.0,28.0,4.53,,,,,,,,,,,,,,,,,,,,,,,,,
492f8550-b9d9-453a-b338-b4f066871b71,2025-12-06 06:49:11 UTC,False,21988.0,CFOP,Gan 12 UI Maglev,RandomForest,79072.0,21988.0,,,gan12,custom_rules,,,,8.0,0.0,0.0,21988.0,60.0,62.0,69.0,2.73,7317.0,14607.0,6559.0,0.0,6559.0,6623.0,8.0,8.0,11.0,1.22,720.0,516.0,204.0,7343.0,3.0,3.0,3.0,14.71,3276.0,2228.0,1048.0,10619.0,7.0,7.0,8.0,6.68,4913.0,1534.0,3379.0,15532.0,12.0,12.0,12.0,3.55,1082.0,848.0,234.0,16614.0,4.0,4.0,4.0,17.09,2223.0,1031.0,1192.0,18837.0,9.0,10.0,10.0,7.55,3151.0,1160.0,1991.0,21988.0,17.0,18.0,21.0,8.54,,,,,,,,,,,,,,,,,,,,,,,,,
75e9883e-4543-45ee-a688-99bd4240538b,2025-12-06 06:49:44 UTC,False,16217.0,CFOP,Gan 12 UI Maglev,RandomForest,7670.0,16217.0,,,gan12,custom_rules,,,,8.0,0.0,0.0,16217.0,67.0,68.0,78.0,4.13,6281.0,9904.0,4121.0,0.0,4121.0,4153.0,17.0,17.0,18.0,4.13,0.0,0.0,0.0,4153.0,0.0,0.0,0.0,0.0,1562.0,1328.0,234.0,5715.0,3.0,3.0,3.0,12.82,2263.0,983.0,1280.0,7978.0,9.0,9.0,11.0,7.03,2142.0,1546.0,596.0,10120.0,8.0,8.0,9.0,13.42,2206.0,1279.0,927.0,12326.0,13.0,13.0,14.0,14.02,3891.0,1145.0,2746.0,16217.0,17.0,18.0,23.0,6.19,,,,,,,,,,,,,,,,,,,,,,,,,
353b478e-9aa0-443f-9e2a-915b0523d8b3,2025-12-06 06:50:26 UTC,False,18015.0,CFOP,Gan 12 UI Maglev,RandomForest,13927.0,18015.0,,,gan12,custom_rules,,,,8.0,0.0,0.0,18015.0,65.0,65.0,70.0,3.61,8235.0,9780.0,2666.0,0.0,2666.0,2666.0,8.0,8.0,8.0,3.0,1553.0,1367.0,186.0,4219.0,3.0,3.0,3.0,16.13,2789.0,1959.0,830.0,7008.0,12.0,12.0,13.0,14.46,2752.0,1215.0,1537.0,9760.0,5.0,5.0,6.0,3.25,2342.0,1714.0,628.0,12102.0,8.0,8.0,9.0,12.74,1593.0,763.0,830.0,13695.0,8.0,8.0,9.0,9.64,4320.0,1217.0,3103.0,18015.0,21.0,21.0,22.0,6.77,,,,,,,,,,,,,,,,,,,,,,,,,
c90c2f6f-33db-41bb-8e3e-c26648ab9bd5,2025-12-06 06:51:54 UTC,False,21544.0,CFOP,Gan 12 UI Maglev,RandomForest,57949.0,21544.0,,,gan12,custom_rules,,,,8.0,0.0,0.0,21544.0,79.0,82.0,94.0,3.67,1748.0,19796.0,15330.0,0.0,15330.0,15330.0,46.0,49.0,57.0,3.0,0.0,0.0,0.0,15330.0,0.0,0.0,0.0,0.0,0.0,0.0,0.0,15330.0,0.0,0.0,0.0,0.0,0.0,0.0,0.0,15330.0,0.0,0.0,0.0,0.0,0.0,0.0,0.0,15330.0,0.0,0.0,0.0,0.0,2558.0,741.0,1817.0,17888.0,13.0,13.0,15.0,7.15,3656.0,1007.0,2649.0,21544.0,20.0,20.0,22.0,7.55,,,,,,,,,,,,,,,,,,,,,,,,,
0da4718f-5605-4b56-aca9-3f6b28c9c6e7,2025-12-06 06:52:33 UTC,False,11270.0,CFOP,Gan 12 UI Maglev,RandomForest,16261.0,11270.0,,,gan12,custom_rules,,,,8.0,0.0,0.0,11270.0,53.0,53.0,58.0,4.7,5355.0,5915.0,2181.0,0.0,2181.0,2181.0,11.0,11.0,12.0,5.04,0.0,0.0,0.0,2181.0,0.0,0.0,0.0,0.0,1040.0,879.0,161.0,3221.0,3.0,3.0,3.0,18.63,2315.0,1428.0,887.0,5536.0,8.0,8.0,9.0,9.02,1757.0,1136.0,621.0,7293.0,8.0,8.0,9.0,12.88,1609.0,852.0,757.0,8902.0,7.0,7.0,7.0,9.25,2368.0,1060.0,1308.0,11270.0,16.0,16.0,18.0,12.23,,,,,,,,,,,,,,,,,,,,,,,,,
a7b43108-5ad3-4104-b6cd-0166c8b8fdea,2025-12-06 06:53:04 UTC,False,15602.0,CFOP,Gan 12 UI Maglev,RandomForest,5025.0,15602.0,,,gan12,custom_rules,,,,8.0,0.0,0.0,15602.0,66.0,66.0,77.0,4.23,7930.0,7672.0,1305.0,0.0,1305.0,1305.0,7.0,7.0,8.0,5.36,3087.0,1910.0,1177.0,4392.0,8.0,8.0,10.0,6.8,2233.0,1394.0,839.0,6625.0,8.0,8.0,10.0,9.54,2022.0,1450.0,572.0,8647.0,8.0,8.0,11.0,13.99,2522.0,872.0,1650.0,11169.0,8.0,8.0,9.0,4.85,1531.0,983.0,548.0,12700.0,9.0,9.0,10.0,16.42,2902.0,1321.0,1581.0,15602.0,18.0,18.0,19.0,11.39,,,,,,,,,,,,,,,,,,,,,,,,,
e0068936-5a93-438e-b666-7161410b5f45,2025-12-06 06:53:46 UTC,False,26500.0,CFOP,Gan 12 UI Maglev,RandomForest,6089.0,26500.0,,,gan12,custom_rules,,,,8.0,0.0,0.0,26500.0,93.0,105.0,130.0,3.51,5586.0,20850.0,2045.0,0.0,2045.0,2109.0,6.0,7.0,7.0,2.93,1900.0,1071.0,829.0,4009.0,8.0,8.0,8.0,9.65,1907.0,452.0,1455.0,5916.0,12.0,12.0,12.0,8.25,3829.0,910.0,2919.0,9745.0,13.0,13.0,16.0,4.45,1699.0,893.0,806.0,11444.0,12.0,12.0,13.0,14.89,6485.0,1239.0,5246.0,17929.0,21.0,21.0,25.0,4.0,8571.0,1021.0,7550.0,26500.0,21.0,32.0,49.0,2.78,,,,,,,,,,,,,,,,,,,,,,,,,
88360d7b-6050-4875-823f-2607681bfaed,2025-12-06 06:54:34 UTC,False,12527.0,CFOP,Gan 12 UI Maglev,RandomForest,25675.0,12527.0,,,gan12,custom_rules,,,,8.0,0.0,0.0,12527.0,52.0,53.0,60.0,4.15,4984.0,7543.0,1395.0,0.0,1395.0,1395.0,4.0,4.0,5.0,2.87,1740.0,499.0,1241.0,3135.0,8.0,8.0,8.0,6.45,1431.0,246.0,1185.0,4566.0,7.0,7.0,7.0,5.91,1956.0,1129.0,827.0,6522.0,8.0,8.0,10.0,9.67,2184.0,1450.0,734.0,8706.0,10.0,10.0,10.0,13.62,1266.0,717.0,549.0,9972.0,6.0,6.0,6.0,10.93,2555.0,943.0,1612.0,12527.0,11.0,11.0,14.0,6.82,,,,,,,,,,,,,,,,,,,,,,,,,
379f7696-a4e6-490f-8e4d-bc4eaf8e3d7d,2025-12-06 06:55:09 UTC,False,16292.0,CFOP,Gan 12 UI Maglev,RandomForest,7916.0,16292.0,,,gan12,custom_rules,,,,8.0,0.0,0.0,16292.0,56.0,57.0,63.0,3.44,7953.0,8339.0,3243.0,0.0,3243.0,3243.0,7.0,7.0,8.0,2.16,3842.0,3600.0,242.0,7085.0,4.0,4.0,5.0,16.53,2137.0,845.0,1292.0,9222.0,8.0,8.0,8.0,6.19,780.0,314.0,466.0,10002.0,6.0,6.0,7.0,12.88,1519.0,1015.0,504.0,11521.0,7.0,7.0,7.0,13.89,1594.0,805.0,789.0,13115.0,8.0,8.0,9.0,10.14,3177.0,1374.0,1803.0,16292.0,16.0,17.0,19.0,8.87,,,,,,,,,,,,,,,,,,,,,,,,,
3215297a-9a94-433c-a82d-c817a17d7790,2025-12-06 06:55:57 UTC,False,20694.0,CFOP,Gan 12 UI Maglev,RandomForest,16546.0,20694.0,,,gan12,custom_rules,,,,8.0,0.0,0.0,20694.0,67.0,79.0,102.0,3.24,6328.0,14278.0,1973.0,0.0,1973.0,2061.0,7.0,7.0,8.0,3.55,0.0,0.0,0.0,2061.0,0.0,0.0,0.0,0.0,1297.0,1128.0,169.0,3358.0,4.0,4.0,4.0,23.67,2076.0,884.0,1192.0,5434.0,8.0,8.0,8.0,6.71,1799.0,1405.0,394.0,7233.0,9.0,9.0,9.0,22.84,3172.0,1753.0,1419.0,10405.0,13.0,13.0,15.0,9.16,10289.0,1158.0,9131.0,20694.0,26.0,38.0,58.0,2.85,,,,,,,,,,,,,,,,,,,,,,,,,
6fad05ff-ef54-4292-9156-793a7f1761ef,2025-12-06 06:56:47 UTC,False,25604.0,CFOP,Gan 12 UI Maglev,RandomForest,13271.0,25604.0,,,gan12,custom_rules,,,,8.0,0.0,0.0,25604.0,92.0,92.0,101.0,3.59,8204.0,17335.0,2307.0,0.0,2307.0,2372.0,6.0,6.0,8.0,2.6,2775.0,1921.0,854.0,5147.0,9.0,9.0,10.0,10.54,2511.0,1812.0,699.0,7658.0,6.0,6.0,6.0,8.58,2131.0,1056.0,1075.0,9789.0,8.0,8.0,8.0,7.44,2165.0,1311.0,854.0,11954.0,9.0,9.0,10.0,10.54,3562.0,262.0,3300.0,15516.0,21.0,21.0,21.0,6.36,10088.0,1842.0,8246.0,25604.0,33.0,33.0,38.0,4.0,,,,,,,,,,,,,,,,,,,,,,,,,
eedac552-b084-475c-8365-53244c70364c,2025-12-06 06:57:25 UTC,False,15472.0,CFOP,Gan 12 UI Maglev,RandomForest,11278.0,15472.0,,,gan12,custom_rules,,,,8.0,0.0,0.0,15472.0,61.0,67.0,80.0,3.94,7675.0,7652.0,1305.0,0.0,1305.0,1450.0,6.0,7.0,7.0,4.6,3408.0,2618.0,790.0,4858.0,8.0,8.0,8.0,10.13,1951.0,880.0,1071.0,6809.0,9.0,9.0,10.0,8.4,1902.0,1153.0,749.0,8711.0,8.0,8.0,9.0,10.68,2077.0,1054.0,1023.0,10788.0,9.0,9.0,9.0,8.8,2400.0,921.0,1479.0,13188.0,10.0,10.0,13.0,6.76,2284.0,1049.0,1235.0,15472.0,11.0,16.0,24.0,8.91,,,,,,,,,,,,,,,,,,,,,,,,,
c8ce1375-83ce-4ec5-b15e-ccf0ce092cc9,2025-12-06 06:57:58 UTC,False,18491.0,CFOP,Gan 12 UI Maglev,RandomForest,5632.0,18491.0,,,gan12,custom_rules,,,,8.0,0.0,0.0,18491.0,71.0,72.0,78.0,3.84,8254.0,10237.0,1748.0,0.0,1748.0,1748.0,6.0,6.0,6.0,3.43,1745.0,1137.0,608.0,3493.0,5.0,5.0,6.0,8.22,2166.0,758.0,1408.0,5659.0,8.0,8.0,8.0,5.68,3165.0,2174.0,991.0,8824.0,9.0,9.0,11.0,9.08,2085.0,1191.0,894.0,10909.0,9.0,9.0,9.0,10.07,3326.0,1595.0,1731.0,14235.0,17.0,17.0,18.0,9.82,4256.0,1399.0,2857.0,18491.0,17.0,18.0,20.0,5.95,,,,,,,,,,,,,,,,,,,,,,,,,
d6d025ec-168a-46de-84da-3a88e164b1e5,2025-12-06 06:58:52 UTC,False,38118.0,CFOP,Gan 12 UI Maglev,RandomForest,5975.0,38118.0,,,gan12,custom_rules,,,,8.0,0.0,0.0,38118.0,131.0,134.0,157.0,3.44,6147.0,31971.0,4079.0,0.0,4079.0,4079.0,16.0,16.0,16.0,3.92,0.0,0.0,0.0,4079.0,0.0,0.0,0.0,0.0,2415.0,774.0,1641.0,6494.0,11.0,11.0,13.0,6.7,1459.0,653.0,806.0,7953.0,9.0,9.0,10.0,11.17,2647.0,1639.0,1008.0,10600.0,8.0,8.0,10.0,7.94,2018.0,935.0,1083.0,12618.0,11.0,11.0,14.0,10.16,25500.0,2146.0,23354.0,38118.0,76.0,79.0,94.0,3.25,,,,,,,,,,,,,,,,,,,,,,,,,
5a1de447-85ff-4c11-a522-bb53a1aecdd6,2025-12-06 06:59:30 UTC,False,18342.0,CFOP,Gan 12 UI Maglev,RandomForest,10931.0,18342.0,,,gan12,custom_rules,,,,8.0,0.0,0.0,18342.0,60.0,60.0,67.0,3.27,6791.0,11551.0,6323.0,0.0,6323.0,6323.0,15.0,15.0,16.0,2.37,0.0,0.0,0.0,6323.0,0.0,0.0,0.0,0.0,2896.0,1551.0,1345.0,9219.0,10.0,10.0,13.0,7.43,1910.0,1701.0,209.0,11129.0,5.0,5.0,5.0,23.92,2030.0,748.0,1282.0,13159.0,8.0,8.0,10.0,6.24,2773.0,1951.0,822.0,15932.0,7.0,7.0,7.0,8.52,2410.0,840.0,1570.0,18342.0,15.0,15.0,16.0,9.55,,,,,,,,,,,,,,,,,,,,,,,,,
4e181170-f12f-4030-b062-fb836df09693,2025-12-06 07:00:03 UTC,False,18019.0,CFOP,Gan 12 UI Maglev,RandomForest,4478.0,18019.0,,,gan12,custom_rules,,,,8.0,0.0,0.0,18019.0,81.0,88.0,101.0,4.5,7027.0,10751.0,983.0,0.0,983.0,1224.0,5.0,6.0,6.0,5.09,2477.0,1604.0,873.0,3701.0,9.0,9.0,11.0,10.31,2054.0,1415.0,639.0,5755.0,6.0,7.0,7.0,9.39,2803.0,1170.0,1633.0,8558.0,10.0,10.0,13.0,6.12,887.0,460.0,427.0,9445.0,8.0,8.0,8.0,18.74,3335.0,1078.0,2257.0,12780.0,19.0,19.0,19.0,8.42,5239.0,1300.0,3939.0,18019.0,24.0,29.0,37.0,6.09,,,,,,,,,,,,,,,,,,,,,,,,,
a2df5eb2-4d6d-454d-b89f-6b62c2e0f7fe,2025-12-06 07:00:58 UTC,False,20077.0,CFOP,Gan 12 UI Maglev,RandomForest,14291.0,20077.0,,,gan12,custom_rules,,,,8.0,0.0,0.0,20077.0,74.0,78.0,88.0,3.69,7064.0,13013.0,1491.0,0.0,1491.0,1491.0,6.0,6.0,7.0,4.02,4542.0,2987.0,1555.0,6033.0,9.0,9.0,12.0,5.79,3130.0,1777.0,1353.0,9163.0,8.0,8.0,9.0,5.91,1243.0,203.0,1040.0,10406.0,7.0,7.0,8.0,6.73,1761.0,497.0,1264.0,12167.0,8.0,8.0,8.0,6.33,4657.0,293.0,4364.0,16824.0,22.0,24.0,24.0,5.04,3253.0,1307.0,1946.0,20077.0,15.0,17.0,20.0,7.71,,,,,,,,,,,,,,,,,,,,,,,,,
d36172cf-1605-406d-9116-9c1316672c25,2025-12-06 07:01:59 UTC,False,21322.0,CFOP,Gan 12 UI Maglev,RandomForest,29965.0,21322.0,,,gan12,custom_rules,,,,8.0,0.0,0.0,21322.0,77.0,79.0,91.0,3.61,6478.0,14844.0,3140.0,0.0,3140.0,3140.0,8.0,8.0,8.0,2.55,3092.0,1047.0,2045.0,6232.0,12.0,12.0,13.0,5.87,2498.0,854.0,1644.0,8730.0,10.0,10.0,14.0,6.08,3085.0,1257.0,1828.0,11815.0,8.0,8.0,9.0,4.38,1967.0,1282.0,685.0,13782.0,8.0,8.0,8.0,11.68,0.0,0.0,0.0,13782.0,0.0,0.0,0.0,0.0,7540.0,2038.0,5502.0,21322.0,31.0,33.0,39.0,5.63,,,,,,,,,,,,,,,,,,,,,,,,,
ee2ae6ec-9497-4dfe-bfcf-2572b5c3a7ae,2025-12-06 07:02:46 UTC,False,13883.0,CFOP,Gan 12 UI Maglev,RandomForest,23449.0,13883.0,,,gan12,custom_rules,,,,8.0,0.0,0.0,13883.0,61.0,61.0,64.0,4.39,4476.0,9407.0,3753.0,0.0,3753.0,3753.0,13.0,13.0,15.0,3.46,0.0,0.0,0.0,3753.0,0.0,0.0,0.0,0.0,1964.0,814.0,1150.0,5717.0,7.0,7.0,7.0,6.09,1122.0,671.0,451.0,6839.0,4.0,4.0,5.0,8.87,2560.0,1246.0,1314.0,9399.0,10.0,10.0,10.0,7.61,1630.0,896.0,734.0,11029.0,9.0,9.0,9.0,12.26,2854.0,849.0,2005.0,13883.0,18.0,18.0,18.0,8.98,,,,,,,,,,,,,,,,,,,,,,,,,
2483f547-8812-4e45-8e5b-ed4791975cb1,2025-12-06 07:03:26 UTC,False,20980.0,CFOP,Gan 12 UI Maglev,RandomForest,9154.0,20980.0,,,gan12,custom_rules,,,,8.0,0.0,0.0,20980.0,89.0,93.0,110.0,4.24,4263.0,16717.0,3821.0,0.0,3821.0,3821.0,10.0,10.0,12.0,2.62,2438.0,934.0,1504.0,6259.0,7.0,7.0,9.0,4.65,2470.0,571.0,1899.0,8729.0,9.0,9.0,10.0,4.74,2388.0,959.0,1429.0,11117.0,11.0,11.0,12.0,7.7,4775.0,177.0,4598.0,15892.0,29.0,29.0,33.0,6.31,2922.0,629.0,2293.0,18814.0,14.0,14.0,16.0,6.11,2166.0,993.0,1173.0,20980.0,9.0,13.0,18.0,7.67,,,,,,,,,,,,,,,,,,,,,,,,,
4d26334f-7d57-49ac-b5eb-64d02c62294e,2025-12-06 07:04:20 UTC,False,16960.0,CFOP,Gan 12 UI Maglev,RandomForest,27121.0,16960.0,,,gan12,custom_rules,,,,8.0,0.0,0.0,16960.0,71.0,73.0,81.0,4.19,6531.0,10429.0,2350.0,0.0,2350.0,2350.0,7.0,7.0,10.0,2.98,2848.0,1961.0,887.0,5198.0,8.0,8.0,9.0,9.02,2199.0,685.0,1514.0,7397.0,11.0,11.0,11.0,7.27,2694.0,1337.0,1357.0,10091.0,7.0,7.0,8.0,5.16,1436.0,453.0,983.0,11527.0,7.0,7.0,8.0,7.12,2551.0,1346.0,1205.0,14078.0,12.0,14.0,15.0,9.96,2882.0,749.0,2133.0,16960.0,19.0,19.0,20.0,8.91,,,,,,,,,,,,,,,,,,,,,,,,,
edf79272-9f92-4e89-ac0c-7f2cb1290c52,2025-12-06 07:04:53 UTC,False,14645.0,CFOP,Gan 12 UI Maglev,RandomForest,7724.0,14645.0,,,gan12,custom_rules,,,,8.0,0.0,0.0,14645.0,66.0,68.0,74.0,4.51,5104.0,9541.0,2432.0,0.0,2432.0,2432.0,6.0,6.0,6.0,2.47,3292.0,1138.0,2154.0,5724.0,14.0,15.0,15.0,6.5,1998.0,1032.0,966.0,7722.0,8.0,8.0,10.0,8.28,1805.0,387.0,1418.0,9527.0,8.0,8.0,9.0,5.64,1088.0,580.0,508.0,10615.0,8.0,8.0,8.0,15.75,1224.0,587.0,637.0,11839.0,7.0,7.0,8.0,10.99,2806.0,1380.0,1426.0,14645.0,15.0,16.0,18.0,10.52,,,,,,,,,,,,,,,,,,,,,,,,,
20c60a74-93ad-4f72-9c94-d27cd3cab739,2025-12-06 07:05:24 UTC,False,16197.0,CFOP,Gan 12 UI Maglev,RandomForest,5463.0,16197.0,,,gan12,custom_rules,,,,8.0,0.0,0.0,16197.0,66.0,66.0,75.0,4.07,6738.0,9459.0,1544.0,0.0,1544.0,1544.0,5.0,5.0,7.0,3.24,3096.0,72.0,3024.0,4640.0,12.0,12.0,12.0,3.97,2704.0,1996.0,708.0,7344.0,8.0,8.0,9.0,11.3,1775.0,897.0,878.0,9119.0,8.0,8.0,11.0,9.11,2661.0,1871.0,790.0,11780.0,8.0,8.0,9.0,10.13,1788.0,917.0,871.0,13568.0,8.0,8.0,8.0,9.18,2629.0,985.0,1644.0,16197.0,17.0,17.0,19.0,10.34,,,,,,,,,,,,,,,,,,,,,,,,,
b2f2e254-527d-4d09-aff9-4fd97d99e01c,2025-12-06 07:06:07 UTC,False,11213.0,CFOP,Gan 12 UI Maglev,RandomForest,22375.0,11213.0,,,gan12,custom_rules,,,,8.0,0.0,0.0,11213.0,49.0,55.0,66.0,4.37,4041.0,7172.0,1296.0,0.0,1296.0,1296.0,5.0,5.0,6.0,3.86,2152.0,293.0,1859.0,3448.0,7.0,7.0,8.0,3.77,1235.0,282.0,953.0,4683.0,6.0,7.0,7.0,6.3,1160.0,620.0,540.0,5843.0,7.0,7.0,8.0,12.96,2156.0,1438.0,718.0,7999.0,9.0,9.0,10.0,12.53,1536.0,553.0,983.0,9535.0,9.0,10.0,10.0,9.16,1678.0,855.0,823.0,11213.0,8.0,12.0,17.0,9.72,,,,,,,,,,,,,,,,,,,,,,,,,
343ed10a-22d7-426f-b103-1345adc64d4a,2025-12-06 07:10:29 UTC,False,16780.0,CFOP,Gan 12 UI Maglev,RandomForest,28321.0,16780.0,,,gan12,custom_rules,,,,8.0,0.0,0.0,16780.0,59.0,65.0,73.0,3.52,6497.0,10283.0,2176.0,0.0,2176.0,2176.0,10.0,11.0,11.0,4.6,2679.0,686.0,1993.0,4855.0,9.0,10.0,10.0,4.52,2137.0,960.0,1177.0,6992.0,8.0,8.0,8.0,6.8,1366.0,1093.0,273.0,8358.0,4.0,4.0,4.0,14.65,3043.0,1199.0,1844.0,11401.0,8.0,8.0,9.0,4.34,2673.0,1441.0,1232.0,14074.0,12.0,12.0,14.0,9.74,2706.0,1118.0,1588.0,16780.0,8.0,12.0,17.0,5.04,,,,,,,,,,,,,,,,,,,,,,,,,
2aac69af-90f4-43dd-b243-b2afdcd47316,2025-12-06 07:11:10 UTC,False,23678.0,CFOP,Gan 12 UI Maglev,RandomForest,9268.0,23678.0,,,gan12,custom_rules,,,,8.0,0.0,0.0,23678.0,81.0,81.0,89.0,3.42,6161.0,17420.0,3406.0,0.0,3406.0,3503.0,8.0,8.0,10.0,2.35,3051.0,982.0,2069.0,6554.0,9.0,9.0,9.0,4.35,3268.0,1079.0,2189.0,9822.0,10.0,10.0,10.0,4.57,5677.0,975.0,4702.0,15499.0,15.0,15.0,16.0,3.19,2779.0,901.0,1878.0,18278.0,10.0,10.0,11.0,5.32,2515.0,1266.0,1249.0,20793.0,13.0,13.0,16.0,10.41,2885.0,958.0,1927.0,23678.0,16.0,16.0,17.0,8.3,,,,,,,,,,,,,,,,,,,,,,,,,
591dfe54-59ba-4f95-9f00-6a0e36fd7bf2,2025-12-06 07:12:01 UTC,False,23317.0,CFOP,Gan 12 UI Maglev,RandomForest,17127.0,23317.0,,,gan12,custom_rules,,,,8.0,0.0,0.0,23317.0,79.0,79.0,85.0,3.39,8355.0,14897.0,2172.0,0.0,2172.0,2237.0,6.0,6.0,8.0,2.76,4615.0,1870.0,2745.0,6852.0,10.0,10.0,11.0,3.64,4122.0,802.0,3320.0,10974.0,9.0,9.0,9.0,2.71,3030.0,2144.0,886.0,14004.0,8.0,8.0,9.0,9.03,2212.0,1414.0,798.0,16216.0,8.0,8.0,8.0,10.03,4113.0,856.0,3257.0,20329.0,19.0,19.0,20.0,5.83,2988.0,1269.0,1719.0,23317.0,19.0,19.0,20.0,11.05,,,,,,,,,,,,,,,,,,,,,,,,,
f0684a81-f0bf-4731-b2da-fd210aac2515,2025-12-06 07:12:40 UTC,False,18335.0,CFOP,Gan 12 UI Maglev,RandomForest,11287.0,18335.0,,,gan12,custom_rules,,,,8.0,0.0,0.0,18335.0,71.0,75.0,83.0,3.87,7612.0,10723.0,1511.0,0.0,1511.0,1511.0,6.0,6.0,9.0,3.97,1574.0,758.0,816.0,3085.0,5.0,6.0,7.0,6.13,2057.0,895.0,1162.0,5142.0,7.0,7.0,7.0,6.02,2820.0,1374.0,1446.0,7962.0,10.0,11.0,12.0,6.92,2389.0,1695.0,694.0,10351.0,7.0,7.0,7.0,10.09,4046.0,1308.0,2738.0,14397.0,17.0,18.0,20.0,6.21,3938.0,1582.0,2356.0,18335.0,19.0,20.0,21.0,8.06,,,,,,,,,,,,,,,,,,,,,,,,,
f693bed9-73eb-420a-bbb4-31593b65a39f,2025-12-06 07:13:40 UTC,False,20308.0,CFOP,Gan 12 UI Maglev,RandomForest,31311.0,20308.0,,,gan12,custom_rules,,,,8.0,0.0,0.0,20308.0,86.0,89.0,101.0,4.23,6108.0,14200.0,3564.0,0.0,3564.0,3564.0,8.0,8.0,10.0,2.24,1627.0,306.0,1321.0,5191.0,7.0,7.0,7.0,5.3,1418.0,210.0,1208.0,6609.0,9.0,9.0,10.0,7.45,2864.0,1523.0,1341.0,9473.0,12.0,12.0,13.0,8.95,1740.0,1039.0,701.0,11213.0,7.0,7.0,8.0,9.99,2547.0,1322.0,1225.0,13760.0,11.0,11.0,11.0,8.98,6548.0,1708.0,4840.0,20308.0,33.0,35.0,42.0,6.82,,,,,,,,,,,,,,,,,,,,,,,,,
3166a6c5-6877-4eae-83d4-1c7ffc6c9a86,2025-12-06 07:14:21 UTC,False,18170.0,CFOP,Gan 12 UI Maglev,RandomForest,13002.0,18170.0,,,gan12,custom_rules,,,,8.0,0.0,0.0,18170.0,63.0,68.0,75.0,3.47,4006.0,14067.0,6589.0,0.0,6589.0,6686.0,21.0,21.0,22.0,3.19,0.0,0.0,0.0,6686.0,0.0,0.0,0.0,0.0,6872.0,1577.0,5295.0,13558.0,26.0,30.0,33.0,4.91,0.0,0.0,0.0,13558.0,0.0,0.0,0.0,0.0,4387.0,2204.0,2183.0,17945.0,15.0,16.0,18.0,6.87,0.0,0.0,0.0,17945.0,0.0,0.0,0.0,0.0,225.0,225.0,0.0,18170.0,1.0,1.0,2.0,,,,,,,,,,,,,,,,,,,,,,,,,,
89bb6dbf-c14f-4328-b508-ecbbfb04cdcf,2025-12-06 07:16:20 UTC,False,19648.0,CFOP,Gan 12 UI Maglev,RandomForest,88891.0,19648.0,,,gan12,custom_rules,,,,8.0,0.0,0.0,19648.0,72.0,73.0,80.0,3.66,9369.0,10086.0,1585.0,0.0,1585.0,1778.0,7.0,8.0,9.0,4.42,2768.0,483.0,2285.0,4546.0,10.0,10.0,11.0,4.38,2464.0,1949.0,515.0,7010.0,4.0,4.0,4.0,7.77,3314.0,2831.0,483.0,10324.0,9.0,9.0,10.0,18.63,3020.0,2106.0,914.0,13344.0,9.0,9.0,10.0,9.85,2409.0,862.0,1547.0,15753.0,16.0,16.0,16.0,10.34,3895.0,1138.0,2757.0,19648.0,17.0,17.0,20.0,6.17,,,,,,,,,,,,,,,,,,,,,,,,,
9f602628-2792-4ec4-9a53-b05f8ff33f09,2025-12-06 07:16:58 UTC,False,17577.0,CFOP,Gan 12 UI Maglev,RandomForest,11591.0,17577.0,,,gan12,custom_rules,,,,8.0,0.0,0.0,17577.0,63.0,67.0,72.0,3.58,6412.0,10964.0,6171.0,0.0,6171.0,6372.0,18.0,20.0,22.0,2.92,0.0,0.0,0.0,6372.0,0.0,0.0,0.0,0.0,2271.0,1634.0,637.0,8643.0,6.0,6.0,6.0,9.42,2300.0,1150.0,1150.0,10943.0,8.0,8.0,9.0,6.96,2288.0,1394.0,894.0,13231.0,9.0,9.0,9.0,10.07,2294.0,1342.0,952.0,15525.0,10.0,11.0,11.0,10.5,2052.0,892.0,1160.0,17577.0,12.0,13.0,15.0,10.34,,,,,,,,,,,,,,,,,,,,,,,,,
cac7c2cf-9d47-494a-893f-b9e8b282ab70,2025-12-06 07:17:32 UTC,False,18110.0,CFOP,Gan 12 UI Maglev,RandomForest,6032.0,18110.0,,,gan12,custom_rules,,,,8.0,0.0,0.0,18110.0,75.0,75.0,83.0,4.14,8745.0,9309.0,1497.0,0.0,1497.0,1553.0,6.0,6.0,7.0,4.01,1750.0,750.0,1000.0,3303.0,7.0,7.0,8.0,7.0,3578.0,2813.0,765.0,6881.0,11.0,11.0,11.0,14.38,2173.0,1931.0,242.0,9054.0,3.0,3.0,4.0,12.4,3761.0,1208.0,2553.0,12815.0,19.0,19.0,20.0,7.44,1954.0,747.0,1207.0,14769.0,12.0,12.0,13.0,9.94,3341.0,1296.0,2045.0,18110.0,17.0,17.0,20.0,8.31,,,,,,,,,,,,,,,,,,,,,,,,,
70027683-e3b3-44a6-8834-67983b262355,2025-12-06 07:18:13 UTC,False,22746.0,CFOP,Gan 12 UI Maglev,RandomForest,8363.0,22746.0,,,gan12,custom_rules,,,,8.0,0.0,0.0,22746.0,73.0,85.0,117.0,3.21,4673.0,17991.0,3942.0,0.0,3942.0,4024.0,14.0,16.0,18.0,3.55,0.0,0.0,0.0,4024.0,0.0,0.0,0.0,0.0,2737.0,467.0,2270.0,6761.0,11.0,11.0,11.0,4.85,1437.0,848.0,589.0,8198.0,7.0,7.0,8.0,11.88,2255.0,1039.0,1216.0,10453.0,9.0,9.0,10.0,7.4,3131.0,1080.0,2051.0,13584.0,10.0,10.0,14.0,4.88,9162.0,1239.0,7923.0,22746.0,22.0,32.0,56.0,2.78,,,,,,,,,,,,,,,,,,,,,,,,,
bb6d3ccd-ce0c-48f0-9414-f485ae849740,2025-12-06 07:19:03 UTC,False,14305.0,CFOP,Gan 12 UI Maglev,RandomForest,26651.0,14305.0,,,gan12,custom_rules,,,,8.0,0.0,0.0,14305.0,60.0,62.0,72.0,4.19,4863.0,9442.0,3719.0,0.0,3719.0,3719.0,11.0,11.0,15.0,2.96,0.0,0.0,0.0,3719.0,0.0,0.0,0.0,0.0,2392.0,1732.0,660.0,6111.0,8.0,8.0,8.0,12.12,989.0,339.0,650.0,7100.0,8.0,8.0,9.0,12.31,2460.0,943.0,1517.0,9560.0,8.0,8.0,10.0,5.27,1534.0,588.0,946.0,11094.0,10.0,11.0,11.0,10.57,3211.0,1261.0,1950.0,14305.0,15.0,16.0,19.0,7.69,,,,,,,,,,,,,,,,,,,,,,,,,
421371fb-7ea9-4d2b-be47-b2873d568a3e,2025-12-06 07:19:40 UTC,False,22408.0,CFOP,Gan 12 UI Maglev,RandomForest,5414.0,22408.0,,,gan12,custom_rules,,,,8.0,0.0,0.0,22408.0,72.0,72.0,84.0,3.21,8409.0,13999.0,3671.0,0.0,3671.0,3671.0,8.0,8.0,13.0,2.18,2286.0,2068.0,218.0,5957.0,5.0,5.0,6.0,22.94,3663.0,798.0,2865.0,9620.0,11.0,11.0,13.0,3.84,3737.0,2115.0,1622.0,13357.0,8.0,8.0,9.0,4.93,4598.0,1592.0,3006.0,17955.0,15.0,15.0,16.0,4.99,1848.0,926.0,922.0,19803.0,9.0,9.0,9.0,9.76,2605.0,910.0,1695.0,22408.0,16.0,16.0,18.0,9.44,,,,,,,,,,,,,,,,,,,,,,,,,
e0bed6fd-3ae9-4356-98af-a01889e880fe,2025-12-06 07:20:16 UTC,False,16393.0,CFOP,Gan 12 UI Maglev,RandomForest,8206.0,16393.0,,,gan12,custom_rules,,,,8.0,0.0,0.0,16393.0,65.0,67.0,76.0,3.97,6989.0,9340.0,2002.0,0.0,2002.0,2066.0,6.0,6.0,7.0,3.0,1718.0,954.0,764.0,3784.0,6.0,7.0,8.0,7.85,2433.0,1337.0,1096.0,6217.0,8.0,8.0,8.0,7.3,2702.0,1226.0,1476.0,8919.0,11.0,11.0,13.0,7.45,2353.0,1040.0,1313.0,11272.0,8.0,8.0,9.0,6.09,2718.0,1567.0,1151.0,13990.0,12.0,12.0,13.0,10.43,2403.0,865.0,1538.0,16393.0,14.0,15.0,18.0,9.1,,,,,,,,,,,,,,,,,,,,,,,,,
62510b82-604f-41e5-a47b-4029883056a4,2025-12-06 07:20:55 UTC,False,16439.0,CFOP,Gan 12 UI Maglev,RandomForest,13772.0,16439.0,,,gan12,custom_rules,,,,8.0,0.0,0.0,16439.0,52.0,52.0,61.0,3.16,6330.0,10109.0,5012.0,0.0,5012.0,5012.0,11.0,11.0,13.0,2.19,0.0,0.0,0.0,5012.0,0.0,0.0,0.0,0.0,1798.0,1249.0,549.0,6810.0,7.0,7.0,8.0,12.75,3072.0,1563.0,1509.0,9882.0,6.0,6.0,6.0,3.98,1592.0,928.0,664.0,11474.0,8.0,8.0,9.0,12.05,1403.0,830.0,573.0,12877.0,9.0,9.0,9.0,15.71,3562.0,1760.0,1802.0,16439.0,11.0,11.0,16.0,6.1,,,,,,,,,,,,,,,,,,,,,,,,,
87b71fd9-fd8a-4d5e-9376-3d4edef61f51,2025-12-06 07:21:26 UTC,False,13389.0,CFOP,Gan 12 UI Maglev,RandomForest,8276.0,13389.0,,,gan12,custom_rules,,,,8.0,0.0,0.0,13389.0,65.0,67.0,76.0,4.85,5306.0,8083.0,1522.0,0.0,1522.0,1522.0,6.0,7.0,9.0,3.94,1415.0,746.0,669.0,2937.0,6.0,6.0,9.0,8.97,1283.0,507.0,776.0,4220.0,12.0,12.0,12.0,15.46,3192.0,1397.0,1795.0,7412.0,10.0,11.0,12.0,5.57,1102.0,516.0,586.0,8514.0,7.0,7.0,7.0,11.95,2188.0,975.0,1213.0,10702.0,8.0,8.0,9.0,6.6,2687.0,1165.0,1522.0,13389.0,16.0,16.0,18.0,10.51,,,,,,,,,,,,,,,,,,,,,,,,,
cd40c0bf-aaa1-4556-93b7-fc3912e6666e,2025-12-06 07:21:59 UTC,False,17624.0,CFOP,Gan 12 UI Maglev,RandomForest,5846.0,17624.0,,,gan12,custom_rules,,,,8.0,0.0,0.0,17624.0,66.0,68.0,79.0,3.74,8967.0,8657.0,2356.0,0.0,2356.0,2356.0,8.0,8.0,11.0,3.4,4161.0,3347.0,814.0,6517.0,8.0,8.0,10.0,9.83,2758.0,1338.0,1420.0,9275.0,11.0,11.0,13.0,7.75,1287.0,402.0,885.0,10562.0,8.0,8.0,9.0,9.04,1539.0,894.0,645.0,12101.0,8.0,8.0,8.0,12.4,1756.0,869.0,887.0,13857.0,8.0,8.0,9.0,9.02,3767.0,2117.0,1650.0,17624.0,15.0,17.0,19.0,9.09,,,,,,,,,,,,,,,,,,,,,,,,,
e47d8336-4f59-48da-917d-331ab22ea3d5,2025-12-06 07:22:33 UTC,False,19202.0,CFOP,Gan 12 UI Maglev,RandomForest,4623.0,19202.0,,,gan12,custom_rules,,,,8.0,0.0,0.0,19202.0,75.0,78.0,85.0,3.91,7155.0,12047.0,2884.0,0.0,2884.0,2884.0,6.0,6.0,9.0,2.08,3087.0,749.0,2338.0,5971.0,12.0,13.0,14.0,5.13,1767.0,1155.0,612.0,7738.0,8.0,8.0,9.0,13.07,3605.0,1795.0,1810.0,11343.0,8.0,8.0,8.0,4.42,1906.0,1334.0,572.0,13249.0,9.0,9.0,9.0,15.73,2495.0,1351.0,1144.0,15744.0,11.0,13.0,14.0,9.62,3458.0,771.0,2687.0,19202.0,21.0,21.0,22.0,7.82,,,,,,,,,,,,,,,,,,,,,,,,,
28f6827c-8ffa-4695-8811-7f23b6e65902,2025-12-06 07:23:11 UTC,False,20399.0,CFOP,Gan 12 UI Maglev,RandomForest,9222.0,20399.0,,,gan12,custom_rules,,,,8.0,0.0,0.0,20399.0,87.0,88.0,97.0,4.26,8420.0,11979.0,2384.0,0.0,2384.0,2384.0,9.0,9.0,10.0,3.78,2791.0,1085.0,1706.0,5175.0,11.0,11.0,12.0,6.45,2147.0,1144.0,1003.0,7322.0,9.0,10.0,12.0,8.97,2309.0,371.0,1938.0,9631.0,11.0,11.0,12.0,5.68,2565.0,1550.0,1015.0,12196.0,8.0,8.0,9.0,7.88,3213.0,1454.0,1759.0,15409.0,18.0,18.0,19.0,10.23,4990.0,2816.0,2174.0,20399.0,21.0,21.0,23.0,9.66,,,,,,,,,,,,,,,,,,,,,,,,,
491a53ec-c46b-41f8-ac1c-8c42f0a99618,2025-12-06 07:23:47 UTC,False,19398.0,CFOP,Gan 12 UI Maglev,RandomForest,7138.0,19398.0,,,gan12,custom_rules,,,,8.0,0.0,0.0,19398.0,65.0,66.0,71.0,3.35,10892.0,8504.0,1649.0,0.0,1649.0,1651.0,6.0,7.0,7.0,3.64,3997.0,3223.0,774.0,5648.0,7.0,7.0,10.0,9.04,5039.0,3340.0,1699.0,10687.0,7.0,7.0,7.0,4.12,1274.0,758.0,516.0,11961.0,8.0,8.0,9.0,15.5,1875.0,932.0,943.0,13836.0,9.0,9.0,10.0,9.54,2358.0,1149.0,1209.0,16194.0,9.0,9.0,9.0,7.44,3204.0,1490.0,1714.0,19398.0,19.0,19.0,19.0,11.09,,,,,,,,,,,,,,,,,,,,,,,,,
1ea44cc9-2755-473a-9fb8-6fdd0d41ed88,2025-12-06 07:24:19 UTC,False,16724.0,CFOP,Gan 12 UI Maglev,RandomForest,4930.0,16724.0,,,gan12,custom_rules,,,,8.0,0.0,0.0,16724.0,68.0,68.0,74.0,4.07,8279.0,8445.0,2110.0,0.0,2110.0,2110.0,7.0,7.0,8.0,3.32,1757.0,805.0,952.0,3867.0,8.0,8.0,8.0,8.4,3927.0,2642.0,1285.0,7794.0,10.0,10.0,10.0,7.78,2375.0,1497.0,878.0,10169.0,8.0,8.0,9.0,9.11,1408.0,941.0,467.0,11577.0,8.0,8.0,9.0,17.13,1909.0,1104.0,805.0,13486.0,8.0,8.0,10.0,9.94,3238.0,1290.0,1948.0,16724.0,19.0,19.0,20.0,9.75,,,,,,,,,,,,,,,,,,,,,,,,,
b97a76b1-d542-493e-aeaa-ce75a3a5eeb1,2025-12-06 07:25:08 UTC,False,17302.0,CFOP,Gan 12 UI Maglev,RandomForest,22087.0,17302.0,,,gan12,custom_rules,,,,8.0,0.0,0.0,17302.0,76.0,77.0,86.0,4.39,5644.0,11658.0,3405.0,0.0,3405.0,3405.0,9.0,9.0,10.0,2.64,1922.0,1217.0,705.0,5327.0,8.0,8.0,10.0,11.35,4283.0,1375.0,2908.0,9610.0,12.0,12.0,14.0,4.13,1857.0,552.0,1305.0,11467.0,8.0,8.0,8.0,6.13,1353.0,483.0,870.0,12820.0,12.0,12.0,12.0,13.79,1923.0,755.0,1168.0,14743.0,13.0,13.0,15.0,11.13,2559.0,1262.0,1297.0,17302.0,14.0,15.0,17.0,10.79,,,,,,,,,,,,,,,,,,,,,,,,,
d1d741b9-af77-45cc-b9ac-be2fb6b292ac,2025-12-06 07:26:00 UTC,False,16789.0,CFOP,Gan 12 UI Maglev,RandomForest,27063.0,16789.0,,,gan12,custom_rules,,,,8.0,0.0,0.0,16789.0,66.0,76.0,88.0,3.93,5290.0,11499.0,1281.0,0.0,1281.0,1281.0,7.0,7.0,8.0,5.46,2233.0,1387.0,846.0,3514.0,8.0,8.0,9.0,9.46,2239.0,186.0,2053.0,5753.0,11.0,11.0,12.0,5.36,1711.0,628.0,1083.0,7464.0,7.0,7.0,7.0,6.46,1874.0,1310.0,564.0,9338.0,9.0,9.0,10.0,15.96,1376.0,693.0,683.0,10714.0,8.0,8.0,8.0,11.71,6075.0,1086.0,4989.0,16789.0,18.0,28.0,34.0,3.61,,,,,,,,,,,,,,,,,,,,,,,,,
2ada01fb-d0bf-4740-b9df-91ed6e75dd2c,2025-12-06 07:26:33 UTC,False,13597.0,CFOP,Gan 12 UI Maglev,RandomForest,9020.0,13597.0,,,gan12,custom_rules,,,,8.0,0.0,0.0,13597.0,62.0,63.0,73.0,4.56,5984.0,7613.0,1526.0,0.0,1526.0,1526.0,7.0,7.0,8.0,4.59,2621.0,2106.0,515.0,4147.0,7.0,8.0,10.0,13.59,1135.0,933.0,202.0,5282.0,4.0,4.0,4.0,19.8,2513.0,741.0,1772.0,7795.0,12.0,12.0,13.0,6.77,1743.0,905.0,838.0,9538.0,10.0,10.0,12.0,11.93,1401.0,693.0,708.0,10939.0,7.0,7.0,8.0,9.89,2658.0,606.0,2052.0,13597.0,15.0,15.0,18.0,7.31,,,,,,,,,,,,,,,,,,,,,,,,,
14272d7c-e1ce-43da-9f52-136327b3d6e8,2025-12-06 07:27:34 UTC,False,18322.0,CFOP,Gan 12 UI Maglev,RandomForest,33020.0,18322.0,,,gan12,custom_rules,,,,8.0,0.0,0.0,18322.0,73.0,73.0,90.0,3.98,8825.0,9497.0,1095.0,0.0,1095.0,1095.0,6.0,6.0,6.0,5.48,5407.0,2145.0,3262.0,6502.0,15.0,15.0,22.0,4.6,2454.0,1946.0,508.0,8956.0,8.0,8.0,10.0,15.75,2316.0,2086.0,230.0,11272.0,6.0,6.0,7.0,26.09,1850.0,822.0,1028.0,13122.0,8.0,8.0,10.0,7.78,2624.0,1096.0,1528.0,15746.0,11.0,11.0,14.0,7.2,2576.0,730.0,1846.0,18322.0,19.0,19.0,21.0,10.29,,,,,,,,,,,,,,,,,,,,,,,,,
d7298c11-e37b-4a31-9b7f-f58ed259d65f,2025-12-06 07:28:28 UTC,False,21062.0,CFOP,Gan 12 UI Maglev,RandomForest,21434.0,21062.0,,,gan12,custom_rules,,,,8.0,0.0,0.0,21062.0,65.0,68.0,76.0,3.09,6723.0,14339.0,8205.0,0.0,8205.0,8205.0,12.0,13.0,14.0,1.46,0.0,0.0,0.0,8205.0,0.0,0.0,0.0,0.0,1465.0,781.0,684.0,9670.0,8.0,8.0,9.0,11.7,1392.0,862.0,530.0,11062.0,8.0,8.0,9.0,15.09,2457.0,1772.0,685.0,13519.0,8.0,8.0,9.0,11.68,2860.0,944.0,1916.0,16379.0,13.0,14.0,15.0,6.78,4683.0,2364.0,2319.0,21062.0,16.0,17.0,20.0,6.9,,,,,,,,,,,,,,,,,,,,,,,,,
4ee3d4e3-c867-4126-a49c-a55fa1bbec48,2025-12-06 07:29:24 UTC,False,16768.0,CFOP,Gan 12 UI Maglev,RandomForest,30049.0,16768.0,,,gan12,custom_rules,,,,8.0,0.0,0.0,16768.0,72.0,75.0,86.0,4.29,5362.0,11406.0,1224.0,0.0,1224.0,1224.0,6.0,6.0,7.0,4.9,2110.0,122.0,1988.0,3334.0,12.0,12.0,14.0,6.04,4079.0,1585.0,2494.0,7413.0,13.0,14.0,15.0,5.21,2253.0,596.0,1657.0,9666.0,9.0,10.0,11.0,5.43,1758.0,958.0,800.0,11424.0,8.0,8.0,11.0,10.0,1982.0,806.0,1176.0,13406.0,8.0,8.0,8.0,6.8,3362.0,1295.0,2067.0,16768.0,17.0,18.0,20.0,8.22,,,,,,,,,,,,,,,,,,,,,,,,,
ff25f916-0148-484c-9c4f-83ea3179b5fe,2025-12-06 07:30:08 UTC,False,15078.0,CFOP,Gan 12 UI Maglev,RandomForest,20002.0,15078.0,,,gan12,custom_rules,,,,8.0,0.0,0.0,15078.0,58.0,62.0,73.0,3.85,4603.0,10475.0,7048.0,0.0,7048.0,7048.0,25.0,25.0,30.0,3.55,0.0,0.0,0.0,7048.0,0.0,0.0,0.0,0.0,0.0,0.0,0.0,7048.0,0.0,0.0,0.0,0.0,1499.0,894.0,605.0,8547.0,8.0,8.0,8.0,13.22,2140.0,1326.0,814.0,10687.0,9.0,9.0,9.0,11.06,2151.0,1262.0,889.0,12838.0,8.0,8.0,9.0,9.0,2240.0,1121.0,1119.0,15078.0,8.0,12.0,17.0,7.15,,,,,,,,,,,,,,,,,,,,,,,,,
c97db67b-7202-4374-973d-b0dbcba95f45,2025-12-06 07:30:36 UTC,False,13587.0,CFOP,Gan 12 UI Maglev,RandomForest,5364.0,13587.0,,,gan12,custom_rules,,,,8.0,0.0,0.0,13587.0,58.0,59.0,64.0,4.27,6843.0,6744.0,2125.0,0.0,2125.0,2125.0,9.0,9.0,9.0,4.24,2121.0,999.0,1122.0,4246.0,8.0,8.0,9.0,7.13,1970.0,1695.0,275.0,6216.0,5.0,5.0,6.0,18.18,1588.0,1394.0,194.0,7804.0,5.0,5.0,5.0,25.77,1408.0,459.0,949.0,9212.0,7.0,7.0,7.0,7.38,2144.0,1120.0,1024.0,11356.0,12.0,12.0,13.0,11.72,2231.0,1176.0,1055.0,13587.0,12.0,13.0,15.0,11.37,,,,,,,,,,,,,,,,,,,,,,,,,
84142b8e-7731-437a-a5b5-0d429680ccd7,2025-12-06 07:31:08 UTC,False,18940.0,CFOP,Gan 12 UI Maglev,RandomForest,4431.0,18940.0,,,gan12,custom_rules,,,,8.0,0.0,0.0,18940.0,63.0,65.0,72.0,3.33,7421.0,11519.0,3889.0,0.0,3889.0,3889.0,7.0,7.0,8.0,1.8,2263.0,621.0,1642.0,6152.0,8.0,8.0,10.0,4.87,3910.0,2846.0,1064.0,10062.0,8.0,8.0,9.0,7.52,1659.0,805.0,854.0,11721.0,8.0,8.0,8.0,9.37,2019.0,1068.0,951.0,13740.0,8.0,8.0,9.0,8.41,2121.0,848.0,1273.0,15861.0,9.0,9.0,9.0,7.07,3079.0,1233.0,1846.0,18940.0,15.0,17.0,19.0,8.13,,,,,,,,,,,,,,,,,,,,,,,,,
417ce6dd-5f69-45cd-bee7-f7e1d28e959f,2025-12-06 07:31:50 UTC,False,24226.0,CFOP,Gan 12 UI Maglev,RandomForest,8539.0,24226.0,,,gan12,custom_rules,,,,8.0,0.0,0.0,24226.0,70.0,73.0,82.0,2.89,8938.0,15288.0,2998.0,0.0,2998.0,2998.0,10.0,10.0,11.0,3.34,2679.0,2075.0,604.0,5677.0,4.0,4.0,4.0,6.62,6987.0,1692.0,5295.0,12664.0,11.0,12.0,14.0,2.08,3618.0,1972.0,1646.0,16282.0,7.0,7.0,8.0,4.25,2076.0,412.0,1664.0,18358.0,11.0,11.0,11.0,6.61,2521.0,1288.0,1233.0,20879.0,10.0,11.0,12.0,8.11,3347.0,1499.0,1848.0,24226.0,17.0,18.0,22.0,9.2,,,,,,,,,,,,,,,,,,,,,,,,,
335e3209-68ad-4d80-9c0c-bb7dd596778e,2025-12-06 07:32:22 UTC,False,18827.0,CFOP,Gan 12 UI Maglev,RandomForest,5570.0,18827.0,,,gan12,custom_rules,,,,8.0,0.0,0.0,18827.0,58.0,62.0,71.0,3.08,7324.0,11503.0,6326.0,0.0,6326.0,6326.0,13.0,13.0,13.0,2.06,1543.0,576.0,967.0,7869.0,8.0,8.0,9.0,8.27,1810.0,1213.0,597.0,9679.0,8.0,8.0,9.0,13.4,3657.0,2859.0,798.0,13336.0,8.0,8.0,9.0,10.03,664.0,478.0,186.0,14000.0,4.0,4.0,5.0,21.51,2419.0,894.0,1525.0,16419.0,9.0,9.0,9.0,5.9,2408.0,1304.0,1104.0,18827.0,8.0,12.0,17.0,7.25,,,,,,,,,,,,,,,,,,,,,,,,,
ef5c2f89-4686-4ddb-87ec-e255e1ad29e6,2025-12-06 07:33:08 UTC,False,32572.0,CFOP,Gan 12 UI Maglev,RandomForest,5334.0,32572.0,,,gan12,custom_rules,,,,8.0,0.0,0.0,32572.0,133.0,134.0,145.0,4.08,5509.0,27063.0,838.0,0.0,838.0,838.0,5.0,5.0,5.0,5.97,2107.0,1205.0,902.0,2945.0,6.0,6.0,6.0,6.65,2430.0,129.0,2301.0,5375.0,11.0,11.0,12.0,4.78,1592.0,834.0,758.0,6967.0,8.0,8.0,9.0,10.55,2694.0,1043.0,1651.0,9661.0,12.0,12.0,14.0,7.27,1209.0,588.0,621.0,10870.0,9.0,9.0,9.0,14.49,21702.0,1710.0,19992.0,32572.0,83.0,84.0,90.0,4.15,,,,,,,,,,,,,,,,,,,,,,,,,
31103572-7dae-4e1b-8143-f03c8dcd1240,2025-12-06 07:33:41 UTC,False,15971.0,CFOP,Gan 12 UI Maglev,RandomForest,7881.0,15971.0,,,gan12,custom_rules,,,,8.0,0.0,0.0,15971.0,69.0,69.0,72.0,4.32,6548.0,9423.0,3101.0,0.0,3101.0,3101.0,9.0,9.0,11.0,2.9,2222.0,1086.0,1136.0,5323.0,7.0,7.0,7.0,6.16,1876.0,885.0,991.0,7199.0,7.0,7.0,7.0,7.06,1445.0,720.0,725.0,8644.0,7.0,7.0,7.0,9.66,3024.0,1920.0,1104.0,11668.0,11.0,11.0,11.0,9.96,1567.0,810.0,757.0,13235.0,9.0,9.0,9.0,11.89,2736.0,1127.0,1609.0,15971.0,19.0,19.0,20.0,11.81,,,,,,,,,,,,,,,,,,,,,,,,,
602316a2-ca2d-4969-b8bb-3d25326cb808,2025-12-06 07:34:11 UTC,False,15434.0,CFOP,Gan 12 UI Maglev,RandomForest,4385.0,15434.0,,,gan12,custom_rules,,,,8.0,0.0,0.0,15434.0,62.0,65.0,73.0,4.02,7242.0,8192.0,1426.0,0.0,1426.0,1426.0,5.0,6.0,7.0,3.51,2733.0,2015.0,718.0,4159.0,6.0,7.0,7.0,8.36,1459.0,733.0,726.0,5618.0,7.0,7.0,8.0,9.64,2082.0,1010.0,1072.0,7700.0,7.0,7.0,9.0,6.53,1801.0,1035.0,766.0,9501.0,9.0,9.0,9.0,11.75,2358.0,1044.0,1314.0,11859.0,12.0,12.0,13.0,9.13,3575.0,1405.0,2170.0,15434.0,16.0,17.0,20.0,7.37,,,,,,,,,,,,,,,,,,,,,,,,,
4edf31fe-4703-4d7e-bffd-4b981150f7ff,2025-12-06 07:35:06 UTC,False,32987.0,CFOP,Gan 12 UI Maglev,RandomForest,12275.0,32987.0,,,gan12,custom_rules,,,,8.0,0.0,0.0,32987.0,110.0,111.0,125.0,3.33,6772.0,26215.0,4643.0,0.0,4643.0,4643.0,8.0,9.0,11.0,1.72,1980.0,602.0,1378.0,6623.0,8.0,8.0,8.0,5.81,3142.0,2176.0,966.0,9765.0,8.0,8.0,9.0,8.28,1901.0,903.0,998.0,11666.0,7.0,7.0,8.0,7.01,1199.0,516.0,683.0,12865.0,8.0,8.0,10.0,11.71,15935.0,1076.0,14859.0,28800.0,48.0,48.0,53.0,3.23,4187.0,1499.0,2688.0,32987.0,23.0,23.0,26.0,8.56,,,,,,,,,,,,,,,,,,,,,,,,,
1422aca8-f209-44d8-b595-884fa08dbaca,2025-12-06 07:35:40 UTC,False,19268.0,CFOP,Gan 12 UI Maglev,RandomForest,6001.0,19268.0,,,gan12,custom_rules,,,,8.0,0.0,0.0,19268.0,68.0,70.0,77.0,3.53,6954.0,12314.0,532.0,0.0,532.0,532.0,4.0,4.0,4.0,7.52,4042.0,733.0,3309.0,4574.0,16.0,16.0,17.0,4.84,3223.0,2305.0,918.0,7797.0,8.0,8.0,8.0,8.71,4455.0,234.0,4221.0,12252.0,18.0,18.0,19.0,4.26,1280.0,958.0,322.0,13532.0,5.0,5.0,5.0,15.53,2294.0,741.0,1553.0,15826.0,8.0,9.0,10.0,5.15,3442.0,1983.0,1459.0,19268.0,10.0,10.0,14.0,6.85,,,,,,,,,,,,,,,,,,,,,,,,,
27870e49-8483-4b3a-bf1a-9bde34909aed,2025-12-06 07:36:27 UTC,False,18915.0,CFOP,Gan 12 UI Maglev,RandomForest,18389.0,18915.0,,,gan12,custom_rules,,,,8.0,0.0,0.0,18915.0,63.0,64.0,76.0,3.33,5242.0,13673.0,1897.0,0.0,1897.0,1897.0,4.0,4.0,7.0,2.11,1297.0,274.0,1023.0,3194.0,6.0,7.0,7.0,5.87,1793.0,1109.0,684.0,4987.0,8.0,8.0,10.0,11.7,1967.0,1701.0,266.0,6954.0,4.0,4.0,5.0,15.04,1689.0,354.0,1335.0,8643.0,8.0,8.0,8.0,5.99,1482.0,629.0,853.0,10125.0,8.0,8.0,8.0,9.38,8790.0,1175.0,7615.0,18915.0,25.0,25.0,31.0,3.28,,,,,,,,,,,,,,,,,,,,,,,,,
9d0bd557-a8a1-4aed-ad05-1550da3a0fd5,2025-12-06 07:37:22 UTC,False,34286.0,CFOP,Gan 12 UI Maglev,RandomForest,6528.0,34286.0,,,gan12,custom_rules,,,,8.0,0.0,0.0,34286.0,85.0,88.0,95.0,2.48,8813.0,25473.0,5254.0,0.0,5254.0,5254.0,10.0,10.0,10.0,1.9,2174.0,558.0,1616.0,7428.0,8.0,8.0,9.0,4.95,2797.0,1251.0,1546.0,10225.0,14.0,15.0,16.0,9.06,15911.0,3526.0,12385.0,26136.0,20.0,20.0,22.0,1.61,2036.0,959.0,1077.0,28172.0,6.0,6.0,6.0,5.57,2240.0,1039.0,1201.0,30412.0,10.0,11.0,11.0,8.33,3874.0,1480.0,2394.0,34286.0,17.0,18.0,21.0,7.1,,,,,,,,,,,,,,,,,,,,,,,,,
a708c9d0-3611-43c7-a777-29821eb081dc,2025-12-06 07:37:56 UTC,False,20348.0,CFOP,Gan 12 UI Maglev,RandomForest,5537.0,20348.0,,,gan12,custom_rules,,,,8.0,0.0,0.0,20348.0,68.0,69.0,79.0,3.34,9899.0,10449.0,1402.0,0.0,1402.0,1402.0,5.0,5.0,7.0,3.57,3279.0,3029.0,250.0,4681.0,4.0,4.0,4.0,16.0,2417.0,1563.0,854.0,7098.0,8.0,8.0,9.0,9.37,3604.0,1626.0,1978.0,10702.0,9.0,9.0,10.0,4.55,1672.0,979.0,693.0,12374.0,8.0,8.0,10.0,11.54,3850.0,1114.0,2736.0,16224.0,17.0,17.0,17.0,6.21,4124.0,1588.0,2536.0,20348.0,17.0,18.0,22.0,6.7,,,,,,,,,,,,,,,,,,,,,,,,,
8fb5746b-e47a-45a7-a206-a1c666e1df84,2025-12-06 07:38:31 UTC,False,14347.0,CFOP,Gan 12 UI Maglev,RandomForest,11575.0,14347.0,,,gan12,custom_rules,,,,8.0,0.0,0.0,14347.0,68.0,68.0,74.0,4.74,6510.0,7837.0,1614.0,0.0,1614.0,1614.0,7.0,7.0,9.0,4.34,2320.0,935.0,1385.0,3934.0,8.0,8.0,9.0,5.78,1983.0,1145.0,838.0,5917.0,7.0,7.0,8.0,8.35,2011.0,1753.0,258.0,7928.0,4.0,4.0,5.0,15.5,1313.0,540.0,773.0,9241.0,11.0,11.0,11.0,14.23,2302.0,1085.0,1217.0,11543.0,13.0,13.0,13.0,10.68,2804.0,1052.0,1752.0,14347.0,18.0,18.0,19.0,10.27,,,,,,,,,,,,,,,,,,,,,,,,,
549d1479-6368-48d9-b575-81a67c40ed48,2025-12-06 07:39:02 UTC,False,14064.0,CFOP,Gan 12 UI Maglev,RandomForest,8777.0,14064.0,,,gan12,custom_rules,,,,8.0,0.0,0.0,14064.0,62.0,62.0,72.0,4.41,4543.0,9521.0,2091.0,0.0,2091.0,2091.0,9.0,9.0,13.0,4.3,0.0,0.0,0.0,2091.0,0.0,0.0,0.0,0.0,1258.0,814.0,444.0,3349.0,8.0,8.0,8.0,18.02,4062.0,886.0,3176.0,7411.0,11.0,11.0,11.0,3.46,1892.0,910.0,982.0,9303.0,8.0,8.0,10.0,8.15,1834.0,625.0,1209.0,11137.0,9.0,9.0,12.0,7.44,2927.0,1308.0,1619.0,14064.0,17.0,17.0,18.0,10.5,,,,,,,,,,,,,,,,,,,,,,,,,
cc59456e-837c-4c56-b4e0-cfcad6468981,2025-12-06 07:39:34 UTC,False,15308.0,CFOP,Gan 12 UI Maglev,RandomForest,8346.0,15308.0,,,gan12,custom_rules,,,,8.0,0.0,0.0,15308.0,62.0,62.0,69.0,4.05,5528.0,9780.0,3703.0,0.0,3703.0,3703.0,8.0,8.0,10.0,2.16,1606.0,1316.0,290.0,5309.0,3.0,3.0,3.0,10.34,1939.0,80.0,1859.0,7248.0,12.0,12.0,12.0,6.46,2340.0,1590.0,750.0,9588.0,8.0,8.0,8.0,10.67,1373.0,721.0,652.0,10961.0,6.0,6.0,7.0,9.2,1746.0,1021.0,725.0,12707.0,8.0,8.0,10.0,11.03,2601.0,800.0,1801.0,15308.0,18.0,18.0,19.0,9.99,,,,,,,,,,,,,,,,,,,,,,,,,
d9f73756-e98b-4e3e-b688-331d183f63ef,2025-12-06 07:40:08 UTC,False,17095.0,CFOP,Gan 12 UI Maglev,RandomForest,7477.0,17095.0,,,gan12,custom_rules,,,,8.0,0.0,0.0,17095.0,72.0,76.0,91.0,4.21,4525.0,12522.0,2204.0,0.0,2204.0,2252.0,7.0,7.0,10.0,3.18,1963.0,314.0,1649.0,4215.0,11.0,11.0,12.0,6.67,1590.0,596.0,994.0,5805.0,6.0,6.0,6.0,6.04,4527.0,548.0,3979.0,10332.0,14.0,14.0,16.0,3.52,2102.0,982.0,1120.0,12434.0,12.0,12.0,13.0,10.71,2539.0,850.0,1689.0,14973.0,14.0,14.0,15.0,8.29,2122.0,1235.0,887.0,17095.0,9.0,13.0,19.0,10.15,,,,,,,,,,,,,,,,,,,,,,,,,
3ab49e8d-f1bc-4400-8c55-2048bd5ab552,2025-12-06 07:40:40 UTC,False,16123.0,CFOP,Gan 12 UI Maglev,RandomForest,6941.0,16123.0,,,gan12,custom_rules,,,,8.0,0.0,0.0,16123.0,57.0,57.0,68.0,3.54,8471.0,7588.0,1560.0,0.0,1560.0,1624.0,6.0,6.0,8.0,3.85,2932.0,2732.0,200.0,4556.0,5.0,5.0,6.0,25.0,1693.0,1444.0,249.0,6249.0,4.0,4.0,4.0,16.06,2297.0,894.0,1403.0,8546.0,8.0,8.0,9.0,5.7,1215.0,772.0,443.0,9761.0,8.0,8.0,8.0,18.06,2429.0,765.0,1664.0,12190.0,14.0,14.0,17.0,8.41,3933.0,1864.0,2069.0,16123.0,12.0,12.0,16.0,5.8,,,,,,,,,,,,,,,,,,,,,,,,,
08de727d-4318-4435-91c0-16ccf20bfb1f,2025-12-06 07:41:31 UTC,False,20818.0,CFOP,Gan 12 UI Maglev,RandomForest,20728.0,20818.0,,,gan12,custom_rules,,,,8.0,0.0,0.0,20818.0,87.0,87.0,100.0,4.18,8130.0,12624.0,1128.0,0.0,1128.0,1192.0,4.0,4.0,7.0,3.55,2821.0,453.0,2368.0,4013.0,13.0,13.0,16.0,5.49,2584.0,1924.0,660.0,6597.0,8.0,8.0,8.0,12.12,6834.0,1968.0,4866.0,13431.0,20.0,20.0,24.0,4.11,1323.0,774.0,549.0,14754.0,8.0,8.0,8.0,14.57,2674.0,1112.0,1562.0,17428.0,18.0,18.0,18.0,11.52,3390.0,1899.0,1491.0,20818.0,16.0,16.0,19.0,10.73,,,,,,,,,,,,,,,,,,,,,,,,,
74335526-02fb-47bd-a4db-91764acf5928,2025-12-06 07:42:08 UTC,False,17055.0,CFOP,Gan 12 UI Maglev,RandomForest,11436.0,17055.0,,,gan12,custom_rules,,,,8.0,0.0,0.0,17055.0,65.0,69.0,89.0,3.81,6048.0,11007.0,4316.0,0.0,4316.0,4316.0,12.0,12.0,13.0,2.78,1581.0,709.0,872.0,5897.0,8.0,8.0,10.0,9.17,2905.0,1818.0,1087.0,8802.0,8.0,8.0,10.0,7.36,1877.0,431.0,1446.0,10679.0,8.0,8.0,8.0,5.53,1812.0,741.0,1071.0,12491.0,11.0,11.0,12.0,10.27,2364.0,1031.0,1333.0,14855.0,10.0,10.0,14.0,7.5,2200.0,1318.0,882.0,17055.0,8.0,12.0,22.0,9.07,,,,,,,,,,,,,,,,,,,,,,,,,
87b16c85-eca9-44e3-9f4a-8362836c4522,2025-12-06 07:43:07 UTC,False,32233.0,CFOP,Gan 12 UI Maglev,RandomForest,16775.0,32233.0,,,gan12,custom_rules,,,,8.0,0.0,0.0,32233.0,73.0,73.0,79.0,2.26,7725.0,24404.0,8651.0,0.0,8651.0,8755.0,12.0,12.0,13.0,1.39,3408.0,2634.0,774.0,12163.0,8.0,8.0,8.0,10.34,2886.0,1871.0,1015.0,15049.0,9.0,9.0,9.0,8.87,10639.0,566.0,10073.0,25688.0,18.0,18.0,20.0,1.79,0.0,0.0,0.0,25688.0,0.0,0.0,0.0,0.0,2302.0,1256.0,1046.0,27990.0,10.0,10.0,10.0,9.56,4243.0,1398.0,2845.0,32233.0,16.0,16.0,19.0,5.62,,,,,,,,,,,,,,,,,,,,,,,,,
b715ad6a-16b5-447a-b967-2d2647a64379,2025-12-06 07:43:58 UTC,False,17943.0,CFOP,Gan 12 UI Maglev,RandomForest,24258.0,17943.0,,,gan12,custom_rules,,,,8.0,0.0,0.0,17943.0,73.0,76.0,85.0,4.07,3702.0,14241.0,8956.0,0.0,8956.0,8956.0,31.0,34.0,41.0,3.46,0.0,0.0,0.0,8956.0,0.0,0.0,0.0,0.0,0.0,0.0,0.0,8956.0,0.0,0.0,0.0,0.0,0.0,0.0,0.0,8956.0,0.0,0.0,0.0,0.0,2052.0,782.0,1270.0,11008.0,7.0,7.0,7.0,5.51,3374.0,1834.0,1540.0,14382.0,14.0,14.0,14.0,9.09,3561.0,1086.0,2475.0,17943.0,21.0,21.0,23.0,8.48,,,,,,,,,,,,,,,,,,,,,,,,,
8dbf783e-cae3-4a0b-a3a4-171d3806904a,2025-12-06 07:45:54 UTC,False,13656.0,CFOP,Gan 12 UI Maglev,RandomForest,10529.0,13656.0,,,gan12,custom_rules,,,,8.0,0.0,0.0,13656.0,62.0,63.0,70.0,4.54,4915.0,8741.0,2030.0,0.0,2030.0,2030.0,7.0,8.0,8.0,3.45,1807.0,266.0,1541.0,3837.0,10.0,10.0,10.0,6.49,1627.0,991.0,636.0,5464.0,8.0,8.0,9.0,12.58,1872.0,910.0,962.0,7336.0,8.0,8.0,9.0,8.32,1216.0,572.0,644.0,8552.0,8.0,8.0,9.0,12.42,1749.0,765.0,984.0,10301.0,11.0,11.0,12.0,11.18,3355.0,1411.0,1944.0,13656.0,10.0,10.0,13.0,5.14,,,,,,,,,,,,,,,,,,,,,,,,,
5de477d9-5400-4d09-baab-e60b08390e6f,2025-12-06 07:47:21 UTC,False,21105.0,CFOP,Gan 12 UI Maglev,RandomForest,8773.0,21105.0,,,gan12,custom_rules,,,,8.0,0.0,0.0,21105.0,63.0,64.0,70.0,2.99,11260.0,9845.0,2069.0,0.0,2069.0,2069.0,6.0,6.0,6.0,2.9,7456.0,4408.0,3048.0,9525.0,11.0,11.0,12.0,3.61,1601.0,1128.0,473.0,11126.0,4.0,4.0,5.0,8.46,2785.0,1979.0,806.0,13911.0,8.0,8.0,8.0,9.93,1878.0,1354.0,524.0,15789.0,7.0,7.0,7.0,13.36,2045.0,942.0,1103.0,17834.0,10.0,11.0,12.0,9.07,3271.0,1449.0,1822.0,21105.0,17.0,17.0,20.0,9.33,,,,,,,,,,,,,,,,,,,,,,,,,
b727ad4f-8503-42ea-878d-190bb44e5a24,2025-12-06 07:48:02 UTC,False,17804.0,CFOP,Gan 12 UI Maglev,RandomForest,9729.0,17804.0,,,gan12,custom_rules,,,,8.0,0.0,0.0,17804.0,68.0,70.0,75.0,3.82,7922.0,9882.0,1924.0,0.0,1924.0,1924.0,9.0,9.0,9.0,4.68,854.0,628.0,226.0,2778.0,4.0,4.0,4.0,17.7,3401.0,1542.0,1859.0,6179.0,11.0,11.0,13.0,5.92,1576.0,798.0,778.0,7755.0,7.0,7.0,7.0,9.0,2104.0,1202.0,902.0,9859.0,7.0,7.0,8.0,7.76,2542.0,1037.0,1505.0,12401.0,14.0,14.0,14.0,9.3,5403.0,2715.0,2688.0,17804.0,16.0,18.0,20.0,5.95,,,,,,,,,,,,,,,,,,,,,,,,,
34b557e1-3232-4018-9de9-704209a27103,2025-12-06 07:49:34 UTC,False,12952.0,CFOP,Gan 12 UI Maglev,RandomForest,69890.0,12952.0,,,gan12,custom_rules,,,,8.0,0.0,0.0,12952.0,61.0,63.0,71.0,4.71,6161.0,6791.0,1265.0,0.0,1265.0,1265.0,5.0,6.0,7.0,3.95,1432.0,296.0,1136.0,2697.0,7.0,7.0,8.0,6.16,2330.0,1161.0,1169.0,5027.0,8.0,8.0,9.0,6.84,2227.0,1518.0,709.0,7254.0,8.0,8.0,9.0,11.28,1145.0,597.0,548.0,8399.0,8.0,8.0,8.0,14.6,2225.0,1395.0,830.0,10624.0,11.0,11.0,12.0,13.25,2328.0,1194.0,1134.0,12952.0,14.0,15.0,18.0,12.35,,,,,,,,,,,,,,,,,,,,,,,,,
2dbea4fd-a0c8-4e2e-982d-f6c4ec165a16,2025-12-06 07:50:23 UTC,False,21092.0,CFOP,Gan 12 UI Maglev,RandomForest,18133.0,21092.0,,,gan12,custom_rules,,,,8.0,0.0,0.0,21092.0,73.0,74.0,81.0,3.46,5552.0,15540.0,2507.0,0.0,2507.0,2507.0,6.0,6.0,7.0,2.39,2497.0,1273.0,1224.0,5004.0,7.0,7.0,8.0,5.72,4013.0,153.0,3860.0,9017.0,9.0,9.0,10.0,2.33,1436.0,218.0,1218.0,10453.0,7.0,7.0,7.0,5.75,2027.0,1039.0,988.0,12480.0,9.0,9.0,10.0,9.11,6115.0,1887.0,4228.0,18595.0,21.0,22.0,22.0,4.97,2497.0,982.0,1515.0,21092.0,16.0,16.0,17.0,10.56,,,,,,,,,,,,,,,,,,,,,,,,,
26cc49fc-78b3-4d43-aff6-cb4ef7597e75,2025-12-06 07:51:05 UTC,False,16216.0,CFOP,Gan 12 UI Maglev,RandomForest,15806.0,16216.0,,,gan12,custom_rules,,,,8.0,0.0,0.0,16216.0,54.0,58.0,71.0,3.33,8795.0,7421.0,1450.0,0.0,1450.0,1450.0,6.0,6.0,7.0,4.14,2727.0,1173.0,1554.0,4177.0,6.0,6.0,8.0,3.86,3853.0,2879.0,974.0,8030.0,8.0,8.0,10.0,8.21,1320.0,899.0,421.0,9350.0,7.0,7.0,8.0,16.63,3116.0,1863.0,1253.0,12466.0,10.0,10.0,11.0,7.98,1764.0,917.0,847.0,14230.0,9.0,9.0,10.0,10.63,1986.0,1064.0,922.0,16216.0,8.0,12.0,17.0,8.68,,,,,,,,,,,,,,,,,,,,,,,,,
0c8b0c88-b67a-4513-bed0-c30f0f1cefbd,2025-12-06 07:51:35 UTC,False,14619.0,CFOP,Gan 12 UI Maglev,RandomForest,6878.0,14619.0,,,gan12,custom_rules,,,,8.0,0.0,0.0,14619.0,65.0,70.0,79.0,4.45,5514.0,9105.0,2837.0,0.0,2837.0,2837.0,8.0,8.0,9.0,2.82,1043.0,826.0,217.0,3880.0,3.0,3.0,3.0,13.82,2006.0,669.0,1337.0,5886.0,11.0,11.0,11.0,8.23,1359.0,436.0,923.0,7245.0,11.0,11.0,12.0,11.92,2436.0,1437.0,999.0,9681.0,9.0,9.0,11.0,9.01,2361.0,1033.0,1328.0,12042.0,14.0,15.0,15.0,10.54,2577.0,1113.0,1464.0,14619.0,9.0,13.0,18.0,6.15,,,,,,,,,,,,,,,,,,,,,,,,,
6352e0a6-cff2-4070-96b1-daef8ec3641e,2025-12-06 07:52:17 UTC,False,18005.0,CFOP,Gan 12 UI Maglev,RandomForest,14042.0,18005.0,,,gan12,custom_rules,,,,8.0,0.0,0.0,18005.0,78.0,80.0,90.0,4.33,4856.0,13149.0,5677.0,0.0,5677.0,5677.0,11.0,13.0,15.0,1.94,1573.0,653.0,920.0,7250.0,7.0,7.0,7.0,7.61,1263.0,571.0,692.0,8513.0,8.0,8.0,10.0,11.56,2617.0,435.0,2182.0,11130.0,16.0,16.0,17.0,7.33,1314.0,766.0,548.0,12444.0,7.0,7.0,8.0,12.77,2946.0,1376.0,1570.0,15390.0,12.0,12.0,15.0,7.64,2615.0,1055.0,1560.0,18005.0,17.0,17.0,18.0,10.9,,,,,,,,,,,,,,,,,,,,,,,,,
bfeddf43-d8bc-4579-a27f-1dc3f97bfc8b,2025-12-06 07:53:00 UTC,False,22537.0,CFOP,Gan 12 UI Maglev,RandomForest,11978.0,22537.0,,,gan12,custom_rules,,,,8.0,0.0,0.0,22537.0,57.0,59.0,67.0,2.53,8141.0,14396.0,4104.0,0.0,4104.0,4104.0,8.0,8.0,9.0,1.95,1071.0,813.0,258.0,5175.0,3.0,3.0,3.0,11.63,7643.0,1209.0,6434.0,12818.0,13.0,13.0,14.0,2.02,3252.0,2132.0,1120.0,16070.0,8.0,8.0,10.0,7.14,1152.0,918.0,234.0,17222.0,3.0,3.0,3.0,12.82,2587.0,1483.0,1104.0,19809.0,12.0,14.0,15.0,10.87,2728.0,1586.0,1142.0,22537.0,10.0,10.0,13.0,8.76,,,,,,,,,,,,,,,,,,,,,,,,,
79942d6e-fb88-477a-a013-aae46b8e6aba,2025-12-06 07:53:31 UTC,False,15403.0,CFOP,Gan 12 UI Maglev,RandomForest,6396.0,15403.0,,,gan12,custom_rules,,,,8.0,0.0,0.0,15403.0,58.0,62.0,75.0,3.77,7745.0,7658.0,1892.0,0.0,1892.0,1892.0,7.0,7.0,7.0,3.7,2312.0,2013.0,299.0,4204.0,5.0,5.0,5.0,16.72,2135.0,934.0,1201.0,6339.0,7.0,7.0,8.0,5.83,1611.0,1369.0,242.0,7950.0,3.0,3.0,4.0,12.4,3211.0,1201.0,2010.0,11161.0,16.0,16.0,17.0,7.96,2096.0,1088.0,1008.0,13257.0,12.0,12.0,13.0,11.9,2146.0,1140.0,1006.0,15403.0,8.0,12.0,21.0,7.95,,,,,,,,,,,,,,,,,,,,,,,,,
0b90d239-6b4f-447a-8a83-31a0a0ae07a5,2025-12-06 07:54:03 UTC,False,16260.0,CFOP,Gan 12 UI Maglev,RandomForest,6568.0,16260.0,,,gan12,custom_rules,,,,8.0,0.0,0.0,16260.0,72.0,74.0,80.0,4.43,6545.0,9715.0,2077.0,0.0,2077.0,2077.0,8.0,8.0,8.0,3.85,507.0,378.0,129.0,2584.0,4.0,4.0,4.0,31.01,3642.0,1513.0,2129.0,6226.0,12.0,12.0,13.0,5.64,1600.0,851.0,749.0,7826.0,6.0,6.0,7.0,8.01,2156.0,1504.0,652.0,9982.0,8.0,8.0,9.0,12.27,2829.0,911.0,1918.0,12811.0,17.0,17.0,17.0,8.86,3449.0,1388.0,2061.0,16260.0,17.0,19.0,22.0,8.25,,,,,,,,,,,,,,,,,,,,,,,,,
c0368f12-431a-4af4-94da-92155007ea19,2025-12-06 07:55:17 UTC,False,22537.0,CFOP,Gan 12 UI Maglev,RandomForest,24068.0,22537.0,,,gan12,custom_rules,,,,8.0,0.0,0.0,22537.0,75.0,81.0,94.0,3.33,1386.0,21151.0,15328.0,0.0,15328.0,15328.0,47.0,50.0,58.0,3.07,0.0,0.0,0.0,15328.0,0.0,0.0,0.0,0.0,1238.0,540.0,698.0,16566.0,4.0,5.0,7.0,5.73,5971.0,846.0,5125.0,22537.0,26.0,27.0,29.0,5.07,0.0,0.0,0.0,22537.0,0.0,0.0,0.0,0.0,0.0,0.0,0.0,22537.0,0.0,0.0,0.0,0.0,0.0,0.0,0.0,22537.0,0.0,0.0,0.0,0.0,,,,,,,,,,,,,,,,,,,,,,,,,
6b81e705-46a3-4326-9acf-942cec05424a,2025-12-06 07:55:49 UTC,False,16505.0,CFOP,Gan 12 UI Maglev,RandomForest,4231.0,16505.0,,,gan12,custom_rules,,,,8.0,0.0,0.0,16505.0,66.0,67.0,71.0,4.0,8631.0,7874.0,1370.0,0.0,1370.0,1370.0,6.0,6.0,6.0,4.38,3107.0,1996.0,1111.0,4477.0,9.0,9.0,10.0,8.1,1430.0,794.0,636.0,5907.0,8.0,8.0,8.0,12.58,2490.0,856.0,1634.0,8397.0,9.0,9.0,10.0,5.51,2432.0,1957.0,475.0,10829.0,7.0,7.0,7.0,14.74,2525.0,1577.0,948.0,13354.0,10.0,11.0,12.0,10.55,3151.0,1451.0,1700.0,16505.0,17.0,17.0,18.0,10.0,,,,,,,,,,,,,,,,,,,,,,,,,
17dfe402-358d-431c-9cf7-f98dbd256500,2025-12-06 07:56:48 UTC,False,19217.0,CFOP,Gan 12 UI Maglev,RandomForest,23149.0,19217.0,,,gan12,custom_rules,,,,8.0,0.0,0.0,19217.0,74.0,75.0,83.0,3.85,5210.0,14007.0,6905.0,0.0,6905.0,6905.0,21.0,21.0,23.0,3.04,0.0,0.0,0.0,6905.0,0.0,0.0,0.0,0.0,3016.0,2161.0,855.0,9921.0,8.0,8.0,10.0,9.36,3711.0,702.0,3009.0,13632.0,14.0,14.0,15.0,4.65,1209.0,750.0,459.0,14841.0,7.0,7.0,7.0,15.25,1332.0,752.0,580.0,16173.0,8.0,8.0,9.0,13.79,3044.0,845.0,2199.0,19217.0,16.0,17.0,19.0,7.28,,,,,,,,,,,,,,,,,,,,,,,,,
37355215-8f10-4520-89dd-d03a2f697ad7,2025-12-06 07:59:54 UTC,False,14629.0,CFOP,Gan 12 UI Maglev,RandomForest,13042.0,14629.0,,,gan12,custom_rules,,,,8.0,0.0,0.0,14629.0,63.0,64.0,66.0,4.31,6845.0,7784.0,1776.0,0.0,1776.0,1776.0,6.0,6.0,6.0,3.38,1872.0,951.0,921.0,3648.0,8.0,8.0,8.0,8.69,1383.0,815.0,568.0,5031.0,7.0,7.0,7.0,12.32,2490.0,1644.0,846.0,7521.0,5.0,6.0,6.0,5.91,1264.0,781.0,483.0,8785.0,7.0,7.0,7.0,14.49,2171.0,1083.0,1088.0,10956.0,12.0,12.0,13.0,11.03,3673.0,1571.0,2102.0,14629.0,18.0,18.0,19.0,8.56,,,,,,,,,,,,,,,,,,,,,,,,,
bc001aa3-164f-42bf-bdab-73ddb9cb3389,2025-12-06 08:00:47 UTC,False,20064.0,CFOP,Gan 12 UI Maglev,RandomForest,4961.0,20064.0,,,gan12,custom_rules,,,,8.0,0.0,0.0,20064.0,69.0,71.0,77.0,3.44,10631.0,9433.0,2098.0,0.0,2098.0,2098.0,6.0,6.0,7.0,2.86,4278.0,3648.0,630.0,6376.0,7.0,7.0,8.0,11.11,1989.0,749.0,1240.0,8365.0,8.0,8.0,9.0,6.45,2974.0,2047.0,927.0,11339.0,13.0,13.0,13.0,14.02,1734.0,461.0,1273.0,13073.0,8.0,8.0,8.0,6.28,2850.0,1668.0,1182.0,15923.0,12.0,12.0,13.0,10.15,4141.0,2058.0,2083.0,20064.0,15.0,17.0,19.0,7.2,,,,,,,,,,,,,,,,,,,,,,,,,
f1738d2e-a080-4a91-83ad-b911491fdd15,2025-12-06 08:01:24 UTC,False,22670.0,CFOP,Gan 12 UI Maglev,RandomForest,5025.0,22670.0,,,gan12,custom_rules,,,,8.0,0.0,0.0,22670.0,87.0,87.0,94.0,3.84,6873.0,15515.0,3542.0,0.0,3542.0,3824.0,10.0,10.0,13.0,2.82,2634.0,620.0,2014.0,6458.0,7.0,7.0,7.0,3.48,3564.0,2218.0,1346.0,10022.0,7.0,7.0,8.0,5.2,3065.0,1591.0,1474.0,13087.0,8.0,8.0,8.0,5.43,1217.0,596.0,621.0,14304.0,7.0,7.0,7.0,11.27,1967.0,807.0,1160.0,16271.0,11.0,11.0,12.0,9.48,6399.0,1041.0,5358.0,22670.0,37.0,37.0,39.0,6.91,,,,,,,,,,,,,,,,,,,,,,,,,
c8ead5ae-6ca7-4beb-b726-430c69564c65,2025-12-06 08:11:13 UTC,False,19148.0,CFOP,Gan 12 UI Maglev,RandomForest,17532.0,19148.0,,,gan12,custom_rules,,,,8.0,0.0,0.0,19148.0,75.0,76.0,89.0,3.92,6108.0,13040.0,1064.0,0.0,1064.0,1064.0,5.0,5.0,8.0,4.7,4716.0,835.0,3881.0,5780.0,13.0,13.0,15.0,3.35,1436.0,387.0,1049.0,7216.0,8.0,8.0,9.0,7.63,2171.0,137.0,2034.0,9387.0,11.0,11.0,11.0,5.41,2058.0,1599.0,459.0,11445.0,8.0,8.0,8.0,17.43,3846.0,1251.0,2595.0,15291.0,14.0,14.0,17.0,5.39,3857.0,1899.0,1958.0,19148.0,17.0,18.0,21.0,8.68,,,,,,,,,,,,,,,,,,,,,,,,,
85eedd04-a9fe-47ed-abd8-76bc0836261c,2025-12-06 08:11:57 UTC,False,20667.0,CFOP,Gan 12 UI Maglev,RandomForest,12978.0,20667.0,,,gan12,custom_rules,,,,8.0,0.0,0.0,20667.0,70.0,70.0,81.0,3.39,5141.0,15526.0,7233.0,0.0,7233.0,7233.0,12.0,12.0,13.0,1.66,1104.0,758.0,346.0,8337.0,3.0,3.0,3.0,8.67,2112.0,355.0,1757.0,10449.0,9.0,9.0,12.0,5.12,3206.0,516.0,2690.0,13655.0,15.0,15.0,15.0,5.58,1450.0,829.0,621.0,15105.0,8.0,8.0,10.0,12.88,2120.0,839.0,1281.0,17225.0,12.0,12.0,13.0,9.37,3442.0,1844.0,1598.0,20667.0,11.0,11.0,15.0,6.88,,,,,,,,,,,,,,,,,,,,,,,,,
56e2d82d-0034-4512-a6a1-e591d1a7139e,2025-12-06 08:12:50 UTC,False,17655.0,CFOP,Gan 12 UI Maglev,RandomForest,26170.0,17655.0,,,gan12,custom_rules,,,,8.0,0.0,0.0,17655.0,68.0,70.0,84.0,3.85,7815.0,9840.0,1487.0,0.0,1487.0,1487.0,6.0,6.0,6.0,4.03,2650.0,1192.0,1458.0,4137.0,8.0,8.0,10.0,5.49,1577.0,715.0,862.0,5714.0,7.0,7.0,8.0,8.12,2176.0,1089.0,1087.0,7890.0,9.0,9.0,11.0,8.28,2101.0,1424.0,677.0,9991.0,8.0,8.0,10.0,11.82,3267.0,876.0,2391.0,13258.0,13.0,13.0,16.0,5.44,4397.0,2519.0,1878.0,17655.0,18.0,20.0,23.0,9.58,,,,,,,,,,,,,,,,,,,,,,,,,
b6fab8f7-11bb-46e2-b39e-695972b7ce1c,2025-12-06 08:13:25 UTC,False,19093.0,CFOP,Gan 12 UI Maglev,RandomForest,6453.0,19093.0,,,gan12,custom_rules,,,,8.0,0.0,0.0,19093.0,71.0,77.0,92.0,3.72,7026.0,12067.0,1692.0,0.0,1692.0,1692.0,5.0,5.0,7.0,2.96,5332.0,2300.0,3032.0,7024.0,16.0,16.0,17.0,5.28,4143.0,104.0,4039.0,11167.0,23.0,23.0,24.0,5.69,3450.0,1923.0,1527.0,14617.0,10.0,10.0,13.0,6.55,0.0,0.0,0.0,14617.0,0.0,0.0,0.0,0.0,2411.0,1403.0,1008.0,17028.0,11.0,13.0,15.0,10.91,2065.0,1296.0,769.0,19093.0,7.0,11.0,16.0,9.1,,,,,,,,,,,,,,,,,,,,,,,,,
15c24a76-2912-4bc8-b2e8-6c4779e8a5b7,2025-12-06 08:14:00 UTC,False,20586.0,CFOP,Gan 12 UI Maglev,RandomForest,4319.0,20586.0,,,gan12,custom_rules,,,,8.0,0.0,0.0,20586.0,71.0,74.0,83.0,3.45,9240.0,11346.0,3945.0,0.0,3945.0,3945.0,9.0,9.0,10.0,2.28,2042.0,904.0,1138.0,5987.0,10.0,11.0,13.0,8.79,3605.0,2307.0,1298.0,9592.0,11.0,11.0,11.0,8.47,4018.0,2946.0,1072.0,13610.0,8.0,8.0,12.0,7.46,2846.0,1395.0,1451.0,16456.0,11.0,11.0,11.0,7.58,1419.0,678.0,741.0,17875.0,7.0,7.0,7.0,9.45,2711.0,1010.0,1701.0,20586.0,15.0,17.0,19.0,8.82,,,,,,,,,,,,,,,,,,,,,,,,,
80ad867c-8f0c-41e6-a34a-a63cfde4662d,2025-12-06 08:14:48 UTC,False,33359.0,CFOP,Gan 12 UI Maglev,RandomForest,5398.0,33359.0,,,gan12,custom_rules,,,,8.0,0.0,0.0,33359.0,109.0,115.0,138.0,3.27,5454.0,27905.0,1575.0,0.0,1575.0,1575.0,8.0,8.0,10.0,5.08,1660.0,443.0,1217.0,3235.0,9.0,10.0,11.0,7.4,1638.0,701.0,937.0,4873.0,8.0,8.0,8.0,8.54,3678.0,2958.0,720.0,8551.0,5.0,5.0,5.0,6.94,1521.0,604.0,917.0,10072.0,8.0,8.0,9.0,8.72,1910.0,684.0,1226.0,11982.0,9.0,10.0,10.0,7.34,21377.0,64.0,21313.0,33359.0,62.0,66.0,85.0,2.91,,,,,,,,,,,,,,,,,,,,,,,,,
d18dafae-2469-4681-9237-339e456a8308,2025-12-06 08:15:29 UTC,False,16589.0,CFOP,Gan 12 UI Maglev,RandomForest,15594.0,16589.0,,,gan12,custom_rules,,,,8.0,0.0,0.0,16589.0,68.0,69.0,78.0,4.1,7309.0,9280.0,1617.0,0.0,1617.0,1617.0,8.0,8.0,10.0,4.95,3613.0,2549.0,1064.0,5230.0,8.0,8.0,9.0,7.52,3058.0,1804.0,1254.0,8288.0,10.0,10.0,11.0,7.97,2038.0,773.0,1265.0,10326.0,6.0,7.0,8.0,4.74,1309.0,483.0,826.0,11635.0,8.0,8.0,8.0,9.69,1913.0,765.0,1148.0,13548.0,10.0,10.0,13.0,8.71,3041.0,935.0,2106.0,16589.0,18.0,18.0,19.0,8.55,,,,,,,,,,,,,,,,,,,,,,,,,
f585fc4e-0521-4c4b-8357-842e5f20dd33,2025-12-06 09:38:43 UTC,False,22307.0,CFOP,Gan 12 UI Maglev,RandomForest,27192.0,22307.0,,,gan12,custom_rules,,,,8.0,0.0,0.0,22307.0,70.0,71.0,79.0,3.14,3744.0,18563.0,2318.0,0.0,2318.0,2318.0,5.0,5.0,7.0,2.16,1527.0,491.0,1036.0,3845.0,9.0,10.0,10.0,8.69,1839.0,419.0,1420.0,5684.0,7.0,7.0,8.0,4.93,11406.0,499.0,10907.0,17090.0,25.0,25.0,27.0,2.29,0.0,0.0,0.0,17090.0,0.0,0.0,0.0,0.0,2630.0,959.0,1671.0,19720.0,13.0,13.0,13.0,7.78,2587.0,1376.0,1211.0,22307.0,11.0,11.0,14.0,9.08,,,,,,,,,,,,,,,,,,,,,,,,,
8d1e8161-4aa0-4446-96a7-9f3f4c8c3da5,2025-12-06 09:39:36 UTC,False,11670.0,CFOP,Gan 12 UI Maglev,RandomForest,32492.0,11670.0,,,gan12,custom_rules,,,,8.0,0.0,0.0,11670.0,57.0,58.0,68.0,4.88,5167.0,6446.0,531.0,0.0,531.0,588.0,3.0,3.0,4.0,5.65,1248.0,581.0,667.0,1836.0,5.0,5.0,6.0,7.5,1903.0,1243.0,660.0,3739.0,6.0,6.0,7.0,9.09,1448.0,331.0,1117.0,5187.0,7.0,7.0,8.0,6.27,1390.0,629.0,761.0,6577.0,9.0,9.0,11.0,11.83,1885.0,1111.0,774.0,8462.0,9.0,9.0,10.0,11.63,3208.0,1272.0,1936.0,11670.0,19.0,20.0,22.0,9.81,,,,,,,,,,,,,,,,,,,,,,,,,
3fd073c7-c1fc-4689-ab2d-15ed832248a7,2025-12-06 09:40:10 UTC,False,18219.0,CFOP,Gan 12 UI Maglev,RandomForest,5409.0,18219.0,,,gan12,custom_rules,,,,8.0,0.0,0.0,18219.0,78.0,78.0,91.0,4.28,7314.0,10905.0,1829.0,0.0,1829.0,1829.0,6.0,6.0,8.0,3.28,2309.0,1176.0,1133.0,4138.0,8.0,8.0,11.0,7.06,5570.0,1717.0,3853.0,9708.0,18.0,18.0,19.0,4.67,2252.0,1103.0,1149.0,11960.0,9.0,9.0,11.0,7.83,1395.0,1161.0,234.0,13355.0,5.0,5.0,6.0,21.37,1876.0,982.0,894.0,15231.0,10.0,10.0,11.0,11.19,2988.0,1175.0,1813.0,18219.0,22.0,22.0,25.0,12.13,,,,,,,,,,,,,,,,,,,,,,,,,
c3784bf4-d6c1-425a-b355-fb218e7141e8,2025-12-06 09:41:01 UTC,False,18406.0,CFOP,Gan 12 UI Maglev,RandomForest,14498.0,18406.0,,,gan12,custom_rules,,,,8.0,0.0,0.0,18406.0,60.0,70.0,82.0,3.26,5745.0,12661.0,8302.0,0.0,8302.0,8302.0,24.0,28.0,34.0,2.89,0.0,0.0,0.0,8302.0,0.0,0.0,0.0,0.0,0.0,0.0,0.0,8302.0,0.0,0.0,0.0,0.0,3046.0,1830.0,1216.0,11348.0,7.0,7.0,8.0,5.76,2029.0,1425.0,604.0,13377.0,9.0,9.0,9.0,14.9,2838.0,1241.0,1597.0,16215.0,12.0,14.0,14.0,7.51,2191.0,1249.0,942.0,18406.0,8.0,12.0,17.0,8.49,,,,,,,,,,,,,,,,,,,,,,,,,
1884ade8-b9c4-4870-bf08-4586ffa16d6a,2025-12-06 09:41:44 UTC,False,21387.0,CFOP,Gan 12 UI Maglev,RandomForest,11897.0,21387.0,,,gan12,custom_rules,,,,8.0,0.0,0.0,21387.0,97.0,97.0,112.0,4.54,4721.0,16666.0,1802.0,0.0,1802.0,1802.0,6.0,6.0,7.0,3.33,2334.0,620.0,1714.0,4136.0,11.0,11.0,13.0,6.42,1901.0,774.0,1127.0,6037.0,8.0,8.0,10.0,7.1,1435.0,743.0,692.0,7472.0,8.0,8.0,10.0,11.56,2410.0,910.0,1500.0,9882.0,11.0,11.0,13.0,7.33,9236.0,1031.0,8205.0,19118.0,38.0,38.0,43.0,4.63,2269.0,643.0,1626.0,21387.0,15.0,15.0,16.0,9.23,,,,,,,,,,,,,,,,,,,,,,,,,
c61bb2fe-6988-48dd-a2f6-6d60d0f5cdf4,2025-12-06 09:42:50 UTC,False,22586.0,CFOP,Gan 12 UI Maglev,RandomForest,30103.0,22586.0,,,gan12,custom_rules,,,,8.0,0.0,0.0,22586.0,80.0,89.0,102.0,3.54,7226.0,15360.0,2387.0,0.0,2387.0,2387.0,8.0,9.0,9.0,3.35,1173.0,717.0,456.0,3560.0,8.0,8.0,8.0,17.54,2972.0,1386.0,1586.0,6532.0,10.0,11.0,13.0,6.31,3099.0,1650.0,1449.0,9631.0,9.0,9.0,10.0,6.21,1595.0,1039.0,556.0,11226.0,8.0,8.0,10.0,14.39,9298.0,1154.0,8144.0,20524.0,30.0,33.0,36.0,3.68,2062.0,1280.0,782.0,22586.0,7.0,11.0,16.0,8.95,,,,,,,,,,,,,,,,,,,,,,,,,
1b29e41d-7efc-494f-b7bb-8e47263bdd7a,2025-12-06 09:43:39 UTC,False,19388.0,CFOP,Gan 12 UI Maglev,RandomForest,9266.0,19388.0,,,gan12,custom_rules,,,,8.0,0.0,0.0,19388.0,69.0,74.0,87.0,3.56,4651.0,14535.0,4688.0,0.0,4688.0,4890.0,12.0,13.0,13.0,2.56,1911.0,622.0,1289.0,6801.0,10.0,10.0,12.0,7.76,2875.0,594.0,2281.0,9676.0,12.0,12.0,16.0,5.26,2321.0,968.0,1353.0,11997.0,6.0,6.0,6.0,4.43,2015.0,452.0,1563.0,14012.0,11.0,11.0,11.0,7.04,3223.0,822.0,2401.0,17235.0,10.0,10.0,10.0,4.16,2153.0,1193.0,960.0,19388.0,8.0,12.0,19.0,8.33,,,,,,,,,,,,,,,,,,,,,,,,,
cfd715e2-91b3-44ec-9239-bf051613a7a5,2025-12-06 09:44:22 UTC,False,13557.0,CFOP,Gan 12 UI Maglev,RandomForest,17052.0,13557.0,,,gan12,custom_rules,,,,8.0,0.0,0.0,13557.0,52.0,56.0,67.0,3.84,6089.0,7468.0,1185.0,0.0,1185.0,1185.0,6.0,6.0,6.0,5.06,0.0,0.0,0.0,1185.0,0.0,0.0,0.0,0.0,2251.0,1714.0,537.0,3436.0,9.0,9.0,10.0,16.76,4137.0,1282.0,2855.0,7573.0,14.0,14.0,16.0,4.9,2055.0,1419.0,636.0,9628.0,8.0,8.0,9.0,12.58,1489.0,708.0,781.0,11117.0,7.0,7.0,8.0,8.96,2440.0,966.0,1474.0,13557.0,8.0,12.0,18.0,5.43,,,,,,,,,,,,,,,,,,,,,,,,,
89b57356-599c-46df-b19e-d63d495b83de,2025-12-06 09:44:58 UTC,False,17884.0,CFOP,Gan 12 UI Maglev,RandomForest,4515.0,17884.0,,,gan12,custom_rules,,,,8.0,0.0,0.0,17884.0,83.0,83.0,90.0,4.64,4668.0,13216.0,2689.0,0.0,2689.0,2689.0,6.0,6.0,8.0,2.23,1349.0,447.0,902.0,4038.0,7.0,7.0,8.0,7.76,2918.0,371.0,2547.0,6956.0,15.0,15.0,16.0,5.89,1820.0,983.0,837.0,8776.0,12.0,12.0,14.0,14.34,3212.0,1031.0,2181.0,11988.0,11.0,11.0,11.0,5.04,2636.0,628.0,2008.0,14624.0,13.0,13.0,13.0,6.47,3260.0,1208.0,2052.0,17884.0,19.0,19.0,20.0,9.26,,,,,,,,,,,,,,,,,,,,,,,,,
c8cc133c-18ba-49f5-a9a6-3b1bdb82e667,2025-12-06 09:46:08 UTC,False,16731.0,CFOP,Gan 12 UI Maglev,RandomForest,43833.0,16731.0,,,gan12,custom_rules,,,,8.0,0.0,0.0,16731.0,73.0,78.0,92.0,4.36,5988.0,10694.0,2041.0,0.0,2041.0,2090.0,4.0,4.0,5.0,1.96,3631.0,725.0,2906.0,5721.0,17.0,17.0,20.0,5.85,2132.0,685.0,1447.0,7853.0,15.0,15.0,15.0,10.37,1699.0,1329.0,370.0,9552.0,6.0,6.0,7.0,16.22,2891.0,1659.0,1232.0,12443.0,12.0,12.0,13.0,9.74,1698.0,789.0,909.0,14141.0,8.0,8.0,9.0,8.8,2590.0,801.0,1789.0,16731.0,11.0,16.0,23.0,6.15,,,,,,,,,,,,,,,,,,,,,,,,,
4c3be6ac-fd8a-4093-a1d8-8e47e08c43e6,2025-12-06 09:46:47 UTC,False,20409.0,CFOP,Gan 12 UI Maglev,RandomForest,8818.0,20409.0,,,gan12,custom_rules,,,,8.0,0.0,0.0,20409.0,74.0,76.0,87.0,3.63,8543.0,11866.0,2892.0,0.0,2892.0,2892.0,8.0,8.0,10.0,2.77,3286.0,1087.0,2199.0,6178.0,8.0,8.0,10.0,3.64,3553.0,1129.0,2424.0,9731.0,16.0,16.0,16.0,6.6,3140.0,2093.0,1047.0,12871.0,8.0,8.0,12.0,7.64,2682.0,1893.0,789.0,15553.0,7.0,7.0,7.0,8.87,2274.0,1216.0,1058.0,17827.0,11.0,13.0,15.0,10.4,2582.0,1125.0,1457.0,20409.0,16.0,16.0,17.0,10.98,,,,,,,,,,,,,,,,,,,,,,,,,
b0315fd3-a923-405f-8303-624784aae47e,2025-12-06 20:19:28 UTC,False,16430.0,CFOP,Gan 12 UI Maglev,RandomForest,13954.0,16430.0,,,gan12,custom_rules,,,,8.0,0.0,0.0,16430.0,59.0,60.0,68.0,3.59,7397.0,9033.0,2569.0,0.0,2569.0,2569.0,9.0,9.0,9.0,3.5,1606.0,701.0,905.0,4175.0,7.0,7.0,8.0,7.73,1710.0,1436.0,274.0,5885.0,4.0,4.0,5.0,14.6,1822.0,902.0,920.0,7707.0,7.0,7.0,7.0,7.61,2660.0,2047.0,613.0,10367.0,9.0,9.0,10.0,14.68,2768.0,965.0,1803.0,13135.0,12.0,13.0,14.0,6.66,3295.0,1346.0,1949.0,16430.0,12.0,12.0,15.0,6.16,,,,,,,,,,,,,,,,,,,,,,,,,
6aeccae8-2491-4dc2-8bb4-c1eac204c750,2025-12-06 20:20:04 UTC,False,17463.0,CFOP,Gan 12 UI Maglev,RandomForest,8809.0,17463.0,,,gan12,custom_rules,,,,8.0,0.0,0.0,17463.0,74.0,74.0,86.0,4.24,6790.0,10673.0,2631.0,0.0,2631.0,2631.0,7.0,7.0,9.0,2.66,3385.0,854.0,2531.0,6016.0,11.0,11.0,11.0,4.35,2047.0,846.0,1201.0,8063.0,12.0,12.0,14.0,9.99,2994.0,1955.0,1039.0,11057.0,9.0,9.0,11.0,8.66,1659.0,959.0,700.0,12716.0,7.0,7.0,9.0,10.0,2765.0,1354.0,1411.0,15481.0,13.0,13.0,16.0,9.21,1982.0,822.0,1160.0,17463.0,15.0,15.0,16.0,12.93,,,,,,,,,,,,,,,,,,,,,,,,,
1edcecd1-5aa1-462e-9f25-5df8eb6aa9a9,2025-12-06 20:20:33 UTC,False,12466.0,CFOP,Gan 12 UI Maglev,RandomForest,7109.0,12466.0,,,gan12,custom_rules,,,,8.0,0.0,0.0,12466.0,62.0,62.0,72.0,4.97,4400.0,8066.0,1933.0,0.0,1933.0,1933.0,6.0,6.0,7.0,3.1,2113.0,629.0,1484.0,4046.0,9.0,9.0,10.0,6.06,1344.0,643.0,701.0,5390.0,8.0,8.0,9.0,11.41,1519.0,955.0,564.0,6909.0,8.0,8.0,8.0,14.18,1574.0,621.0,953.0,8483.0,7.0,7.0,7.0,7.35,1924.0,733.0,1191.0,10407.0,9.0,9.0,14.0,7.56,2059.0,819.0,1240.0,12466.0,15.0,15.0,17.0,12.1,,,,,,,,,,,,,,,,,,,,,,,,,
c8376a18-8212-4fd2-ba90-de674976a611,2025-12-06 20:21:23 UTC,False,18343.0,CFOP,Gan 12 UI Maglev,RandomForest,19489.0,18343.0,,,gan12,custom_rules,,,,8.0,0.0,0.0,18343.0,69.0,70.0,84.0,3.76,7874.0,10469.0,1843.0,0.0,1843.0,1843.0,6.0,6.0,9.0,3.26,1402.0,588.0,814.0,3245.0,8.0,8.0,9.0,9.83,2707.0,1482.0,1225.0,5952.0,7.0,7.0,8.0,5.71,3937.0,1993.0,1944.0,9889.0,10.0,10.0,14.0,5.14,2600.0,1221.0,1379.0,12489.0,9.0,9.0,9.0,6.53,1217.0,588.0,629.0,13706.0,9.0,9.0,9.0,14.31,4637.0,2002.0,2635.0,18343.0,20.0,21.0,26.0,7.59,,,,,,,,,,,,,,,,,,,,,,,,,
6355c72b-e67e-4e78-b77f-1ae835494424,2025-12-06 20:22:16 UTC,False,16897.0,CFOP,Gan 12 UI Maglev,RandomForest,26480.0,16897.0,,,gan12,custom_rules,,,,8.0,0.0,0.0,16897.0,70.0,79.0,95.0,4.14,4961.0,11936.0,4228.0,0.0,4228.0,4228.0,15.0,15.0,17.0,3.55,0.0,0.0,0.0,4228.0,0.0,0.0,0.0,0.0,1788.0,451.0,1337.0,6016.0,11.0,11.0,11.0,8.23,1482.0,991.0,491.0,7498.0,6.0,7.0,7.0,12.22,1594.0,870.0,724.0,9092.0,8.0,8.0,9.0,11.05,2626.0,838.0,1788.0,11718.0,13.0,13.0,14.0,7.27,5179.0,1811.0,3368.0,16897.0,17.0,25.0,37.0,5.05,,,,,,,,,,,,,,,,,,,,,,,,,
85820a42-ebcb-4b85-9b2a-3f305241cb08,2025-12-06 20:23:25 UTC,False,18072.0,CFOP,Gan 12 UI Maglev,RandomForest,24942.0,18072.0,,,gan12,custom_rules,,,,8.0,0.0,0.0,18072.0,68.0,71.0,85.0,3.76,3612.0,14460.0,10047.0,0.0,10047.0,10047.0,29.0,31.0,42.0,2.89,0.0,0.0,0.0,10047.0,0.0,0.0,0.0,0.0,0.0,0.0,0.0,10047.0,0.0,0.0,0.0,0.0,1675.0,467.0,1208.0,11722.0,9.0,10.0,10.0,7.45,1359.0,787.0,572.0,13081.0,7.0,7.0,7.0,12.24,2597.0,1236.0,1361.0,15678.0,14.0,14.0,14.0,10.29,2394.0,1122.0,1272.0,18072.0,9.0,9.0,12.0,7.08,,,,,,,,,,,,,,,,,,,,,,,,,
aa4eea23-8f70-40d2-ac35-3d953c90f071,2025-12-06 20:24:12 UTC,False,25026.0,CFOP,Gan 12 UI Maglev,RandomForest,10857.0,25026.0,,,gan12,custom_rules,,,,8.0,0.0,0.0,25026.0,62.0,64.0,78.0,2.48,11014.0,14012.0,6547.0,0.0,6547.0,6547.0,10.0,10.0,13.0,1.53,3850.0,3068.0,782.0,10397.0,6.0,6.0,8.0,7.67,4774.0,2899.0,1875.0,15171.0,8.0,8.0,10.0,4.27,3079.0,1774.0,1305.0,18250.0,7.0,7.0,7.0,5.36,1947.0,1012.0,935.0,20197.0,9.0,9.0,11.0,9.63,2408.0,1256.0,1152.0,22605.0,11.0,13.0,14.0,9.55,2421.0,1005.0,1416.0,25026.0,11.0,11.0,15.0,7.77,,,,,,,,,,,,,,,,,,,,,,,,,
539836d7-695c-45b3-93ee-bec5f758002f,2025-12-06 20:24:46 UTC,False,15328.0,CFOP,Gan 12 UI Maglev,RandomForest,8785.0,15328.0,,,gan12,custom_rules,,,,8.0,0.0,0.0,15328.0,66.0,68.0,77.0,4.31,6895.0,8433.0,1370.0,0.0,1370.0,1370.0,6.0,7.0,8.0,4.38,2945.0,2158.0,787.0,4315.0,8.0,8.0,9.0,10.17,1072.0,854.0,218.0,5387.0,4.0,4.0,4.0,18.35,2956.0,1030.0,1926.0,8343.0,13.0,13.0,15.0,6.75,1710.0,1074.0,636.0,10053.0,7.0,7.0,8.0,11.01,2522.0,1055.0,1467.0,12575.0,12.0,12.0,13.0,8.18,2753.0,724.0,2029.0,15328.0,16.0,17.0,20.0,7.89,,,,,,,,,,,,,,,,,,,,,,,,,
dcba3f96-22ab-4872-99cf-2c1e420a274e,2025-12-06 20:25:22 UTC,False,15136.0,CFOP,Gan 12 UI Maglev,RandomForest,12130.0,15136.0,,,gan12,custom_rules,,,,8.0,0.0,0.0,15136.0,70.0,73.0,80.0,4.62,4062.0,10856.0,3989.0,0.0,3989.0,4207.0,13.0,14.0,14.0,3.26,0.0,0.0,0.0,4207.0,0.0,0.0,0.0,0.0,1298.0,532.0,766.0,5505.0,8.0,8.0,9.0,10.44,1320.0,104.0,1216.0,6825.0,9.0,10.0,10.0,7.4,1899.0,701.0,1198.0,8724.0,11.0,11.0,11.0,9.18,1823.0,655.0,1168.0,10547.0,12.0,12.0,13.0,10.27,4589.0,2070.0,2519.0,15136.0,18.0,19.0,23.0,7.15,,,,,,,,,,,,,,,,,,,,,,,,,
9c2418f2-f620-428b-9816-80917dad8c38,2025-12-06 20:25:56 UTC,False,14767.0,CFOP,Gan 12 UI Maglev,RandomForest,5888.0,14767.0,,,gan12,custom_rules,,,,8.0,0.0,0.0,14767.0,68.0,69.0,79.0,4.6,5894.0,8800.0,2597.0,0.0,2597.0,2670.0,8.0,8.0,10.0,3.08,2474.0,1000.0,1474.0,5144.0,9.0,10.0,10.0,6.11,1613.0,823.0,790.0,6757.0,8.0,8.0,10.0,10.13,2167.0,1175.0,992.0,8924.0,12.0,12.0,13.0,12.1,1491.0,1024.0,467.0,10415.0,8.0,8.0,9.0,17.13,1355.0,775.0,580.0,11770.0,7.0,7.0,7.0,12.07,2997.0,1097.0,1900.0,14767.0,16.0,16.0,20.0,8.42,,,,,,,,,,,,,,,,,,,,,,,,,
d91c5692-0933-43ce-93a5-7b4c863d84b2,2025-12-06 20:26:42 UTC,False,23879.0,CFOP,Gan 12 UI Maglev,RandomForest,12249.0,23879.0,,,gan12,custom_rules,,,,8.0,0.0,0.0,23879.0,72.0,73.0,80.0,3.02,6419.0,17274.0,9575.0,0.0,9575.0,9761.0,14.0,15.0,16.0,1.46,4138.0,2204.0,1934.0,13899.0,8.0,8.0,8.0,4.14,1936.0,1308.0,628.0,15835.0,7.0,7.0,7.0,11.15,2242.0,379.0,1863.0,18077.0,13.0,13.0,14.0,6.98,1007.0,193.0,814.0,19084.0,7.0,7.0,8.0,8.6,2408.0,1086.0,1322.0,21492.0,13.0,13.0,14.0,9.83,2387.0,1249.0,1138.0,23879.0,10.0,10.0,13.0,8.79,,,,,,,,,,,,,,,,,,,,,,,,,
709ff85f-5cd4-43d7-b1b3-7dea0d5d15ac,2025-12-06 20:27:32 UTC,False,12645.0,CFOP,Gan 12 UI Maglev,RandomForest,29716.0,12645.0,,,gan12,custom_rules,,,,8.0,0.0,0.0,12645.0,67.0,67.0,77.0,5.3,4087.0,8558.0,2069.0,0.0,2069.0,2069.0,11.0,11.0,12.0,5.32,0.0,0.0,0.0,2069.0,0.0,0.0,0.0,0.0,1816.0,991.0,825.0,3885.0,8.0,8.0,10.0,9.7,1546.0,532.0,1014.0,5431.0,8.0,8.0,10.0,7.89,1822.0,967.0,855.0,7253.0,8.0,8.0,10.0,9.36,1901.0,612.0,1289.0,9154.0,10.0,10.0,10.0,7.76,3491.0,985.0,2506.0,12645.0,22.0,22.0,25.0,8.78,,,,,,,,,,,,,,,,,,,,,,,,,
4ec88c2f-69ad-4865-9419-78aca7ccd4ce,2025-12-06 20:28:08 UTC,False,20364.0,CFOP,Gan 12 UI Maglev,RandomForest,4626.0,20364.0,,,gan12,custom_rules,,,,8.0,0.0,0.0,20364.0,85.0,87.0,93.0,4.17,6496.0,13868.0,1797.0,0.0,1797.0,1797.0,8.0,8.0,8.0,4.45,6972.0,443.0,6529.0,8769.0,19.0,19.0,21.0,2.91,1029.0,851.0,178.0,9798.0,3.0,3.0,3.0,16.85,2494.0,636.0,1858.0,12292.0,13.0,15.0,16.0,7.0,3816.0,2381.0,1435.0,16108.0,14.0,14.0,14.0,9.76,1918.0,903.0,1015.0,18026.0,12.0,12.0,14.0,11.82,2338.0,1282.0,1056.0,20364.0,16.0,16.0,17.0,15.15,,,,,,,,,,,,,,,,,,,,,,,,,
d8dd1578-0afc-4032-860c-8fbb9eeea2db,2025-12-06 20:28:53 UTC,False,17974.0,CFOP,Gan 12 UI Maglev,RandomForest,9004.0,17974.0,,,gan12,custom_rules,,,,8.0,0.0,0.0,17974.0,64.0,66.0,74.0,3.56,8376.0,9598.0,1418.0,0.0,1418.0,1418.0,6.0,6.0,7.0,4.23,3439.0,2706.0,733.0,4857.0,7.0,7.0,8.0,9.55,3877.0,1634.0,2243.0,8734.0,11.0,11.0,11.0,4.9,2867.0,781.0,2086.0,11601.0,8.0,8.0,8.0,3.84,1828.0,1079.0,749.0,13429.0,9.0,9.0,10.0,12.02,1926.0,1080.0,846.0,15355.0,8.0,8.0,10.0,9.46,2619.0,1096.0,1523.0,17974.0,15.0,17.0,20.0,9.85,,,,,,,,,,,,,,,,,,,,,,,,,
99fe734b-a34d-4623-bd7c-75ecc1d458b8,2025-12-06 20:31:05 UTC,False,18709.0,CFOP,Gan 12 UI Maglev,RandomForest,53894.0,18709.0,,,gan12,custom_rules,,,,8.0,0.0,0.0,18709.0,68.0,73.0,87.0,3.63,5070.0,13639.0,5683.0,0.0,5683.0,5683.0,10.0,10.0,13.0,1.76,2073.0,685.0,1388.0,7756.0,9.0,9.0,9.0,6.48,1281.0,588.0,693.0,9037.0,6.0,6.0,8.0,8.66,1610.0,973.0,637.0,10647.0,9.0,9.0,9.0,14.13,3515.0,803.0,2712.0,14162.0,15.0,15.0,17.0,5.53,2051.0,852.0,1199.0,16213.0,10.0,11.0,12.0,8.34,2496.0,1169.0,1327.0,18709.0,9.0,13.0,19.0,6.78,,,,,,,,,,,,,,,,,,,,,,,,,
b3a3115e-12f4-4367-b565-43179428046c,2025-12-06 20:31:56 UTC,False,16296.0,CFOP,Gan 12 UI Maglev,RandomForest,25116.0,16296.0,,,gan12,custom_rules,,,,8.0,0.0,0.0,16296.0,64.0,65.0,71.0,3.93,5036.0,11260.0,5412.0,0.0,5412.0,5412.0,10.0,11.0,11.0,1.85,798.0,572.0,226.0,6210.0,4.0,4.0,5.0,17.7,2110.0,806.0,1304.0,8320.0,7.0,7.0,8.0,5.37,2563.0,1008.0,1555.0,10883.0,10.0,10.0,11.0,6.43,2144.0,1297.0,847.0,13027.0,10.0,10.0,10.0,11.81,1619.0,862.0,757.0,14646.0,9.0,9.0,10.0,11.89,1650.0,491.0,1159.0,16296.0,14.0,14.0,16.0,12.08,,,,,,,,,,,,,,,,,,,,,,,,,
026c9d03-ac9d-4c8f-9fa2-9f896884ea82,2025-12-06 20:32:37 UTC,False,14313.0,CFOP,Gan 12 UI Maglev,RandomForest,15088.0,14313.0,,,gan12,custom_rules,,,,8.0,0.0,0.0,14313.0,61.0,66.0,80.0,4.26,5887.0,8426.0,2245.0,0.0,2245.0,2245.0,11.0,11.0,12.0,4.9,0.0,0.0,0.0,2245.0,0.0,0.0,0.0,0.0,3412.0,2220.0,1192.0,5657.0,9.0,9.0,13.0,7.55,2370.0,1217.0,1153.0,8027.0,8.0,8.0,10.0,6.94,1378.0,273.0,1105.0,9405.0,7.0,7.0,8.0,6.33,2755.0,1136.0,1619.0,12160.0,18.0,18.0,18.0,11.12,2153.0,1041.0,1112.0,14313.0,9.0,13.0,19.0,8.09,,,,,,,,,,,,,,,,,,,,,,,,,
287dd8b6-3980-41f2-893e-f606d619dc96,2025-12-06 20:33:16 UTC,False,22208.0,CFOP,Gan 12 UI Maglev,RandomForest,7104.0,22208.0,,,gan12,custom_rules,,,,8.0,0.0,0.0,22208.0,91.0,103.0,121.0,4.1,6406.0,15802.0,1989.0,0.0,1989.0,1989.0,8.0,8.0,8.0,4.02,1661.0,1436.0,225.0,3650.0,5.0,5.0,6.0,22.22,3071.0,468.0,2603.0,6721.0,15.0,16.0,16.0,5.76,2747.0,1029.0,1718.0,9468.0,14.0,15.0,15.0,8.15,3118.0,1644.0,1474.0,12586.0,10.0,12.0,12.0,6.78,1400.0,730.0,670.0,13986.0,6.0,6.0,6.0,8.96,8222.0,1099.0,7123.0,22208.0,33.0,41.0,58.0,4.63,,,,,,,,,,,,,,,,,,,,,,,,,
9a2b6044-8444-4372-9af5-3de5ff31271c,2025-12-06 20:34:28 UTC,False,19880.0,CFOP,Gan 12 UI Maglev,RandomForest,23348.0,19880.0,,,gan12,custom_rules,,,,8.0,0.0,0.0,19880.0,74.0,74.0,85.0,3.72,8707.0,11173.0,6297.0,0.0,6297.0,6297.0,16.0,16.0,18.0,2.54,0.0,0.0,0.0,6297.0,0.0,0.0,0.0,0.0,2008.0,1218.0,790.0,8305.0,8.0,8.0,9.0,10.13,1406.0,633.0,773.0,9711.0,11.0,11.0,11.0,14.23,4273.0,3656.0,617.0,13984.0,9.0,9.0,11.0,14.59,2068.0,1102.0,966.0,16052.0,12.0,12.0,14.0,12.42,3828.0,2098.0,1730.0,19880.0,18.0,18.0,22.0,10.4,,,,,,,,,,,,,,,,,,,,,,,,,
6030a91d-2fd7-429c-8985-747b19bb1cfa,2025-12-06 20:35:02 UTC,False,14056.0,CFOP,Gan 12 UI Maglev,RandomForest,4332.0,14056.0,,,gan12,custom_rules,,,,8.0,0.0,0.0,14056.0,61.0,67.0,81.0,4.34,5247.0,8809.0,958.0,0.0,958.0,958.0,6.0,6.0,6.0,6.26,2224.0,226.0,1998.0,3182.0,10.0,10.0,11.0,5.01,1602.0,692.0,910.0,4784.0,8.0,8.0,8.0,8.79,1859.0,651.0,1208.0,6643.0,10.0,10.0,11.0,8.28,1675.0,854.0,821.0,8318.0,8.0,8.0,8.0,9.74,3381.0,1505.0,1876.0,11699.0,12.0,14.0,16.0,6.4,2357.0,1319.0,1038.0,14056.0,8.0,12.0,21.0,7.71,,,,,,,,,,,,,,,,,,,,,,,,,
798cb820-e30b-46c3-80cb-aba0ae6dab84,2025-12-06 20:35:57 UTC,False,14758.0,CFOP,Gan 12 UI Maglev,RandomForest,29816.0,14758.0,,,gan12,custom_rules,,,,8.0,0.0,0.0,14758.0,69.0,70.0,79.0,4.68,5803.0,8955.0,2199.0,0.0,2199.0,2199.0,5.0,5.0,6.0,2.27,1351.0,427.0,924.0,3550.0,5.0,5.0,5.0,5.41,2332.0,1777.0,555.0,5882.0,7.0,7.0,9.0,12.61,2787.0,1279.0,1508.0,8669.0,12.0,12.0,14.0,7.96,1521.0,556.0,965.0,10190.0,11.0,11.0,12.0,11.4,1618.0,789.0,829.0,11808.0,10.0,11.0,11.0,12.06,2950.0,975.0,1975.0,14758.0,20.0,20.0,22.0,10.13,,,,,,,,,,,,,,,,,,,,,,,,,
29a1c463-93af-4383-b1d5-8568e348f64c,2025-12-06 20:36:40 UTC,False,22189.0,CFOP,Gan 12 UI Maglev,RandomForest,11070.0,22189.0,,,gan12,custom_rules,,,,8.0,0.0,0.0,22189.0,84.0,86.0,95.0,3.79,7985.0,14204.0,4574.0,0.0,4574.0,4574.0,18.0,18.0,18.0,3.94,0.0,0.0,0.0,4574.0,0.0,0.0,0.0,0.0,3776.0,2874.0,902.0,8350.0,8.0,8.0,9.0,8.87,7283.0,1676.0,5607.0,15633.0,25.0,25.0,26.0,4.46,709.0,524.0,185.0,16342.0,4.0,4.0,4.0,21.62,3066.0,1734.0,1332.0,19408.0,12.0,14.0,17.0,9.01,2781.0,1177.0,1604.0,22189.0,17.0,17.0,21.0,10.6,,,,,,,,,,,,,,,,,,,,,,,,,
cf01ca84-2a39-44d3-8a3e-a4bd0826e842,2025-12-07 07:14:22 UTC,False,17081.0,CFOP,Gan 12 UI Maglev,RandomForest,56529.0,17081.0,,,gan12,custom_rules,,,,8.0,0.0,0.0,17081.0,53.0,60.0,75.0,3.1,5695.0,11386.0,6677.0,0.0,6677.0,6677.0,15.0,15.0,19.0,2.25,0.0,0.0,0.0,6677.0,0.0,0.0,0.0,0.0,0.0,0.0,0.0,6677.0,0.0,0.0,0.0,0.0,3250.0,1741.0,1509.0,9927.0,10.0,11.0,12.0,6.63,2313.0,1523.0,790.0,12240.0,8.0,8.0,10.0,10.13,2508.0,1370.0,1138.0,14748.0,11.0,13.0,14.0,9.67,2333.0,1061.0,1272.0,17081.0,9.0,13.0,20.0,7.08,,,,,,,,,,,,,,,,,,,,,,,,,
df8304fb-5dfd-49e1-8510-2db074f5e6df,2025-12-07 07:15:06 UTC,False,16518.0,CFOP,Gan 12 UI Maglev,RandomForest,16677.0,16518.0,,,gan12,custom_rules,,,,8.0,0.0,0.0,16518.0,72.0,75.0,86.0,4.36,4515.0,12003.0,1234.0,0.0,1234.0,1234.0,6.0,6.0,6.0,4.86,2522.0,537.0,1985.0,3756.0,11.0,11.0,12.0,5.54,1834.0,851.0,983.0,5590.0,7.0,7.0,8.0,7.12,2669.0,943.0,1726.0,8259.0,8.0,8.0,11.0,4.63,2511.0,548.0,1963.0,10770.0,12.0,12.0,13.0,6.11,2021.0,788.0,1233.0,12791.0,10.0,10.0,13.0,8.11,3727.0,848.0,2879.0,16518.0,18.0,21.0,23.0,6.25,,,,,,,,,,,,,,,,,,,,,,,,,
a24489ce-deee-4729-a08d-d19264f6e0b3,2025-12-07 07:15:46 UTC,False,24641.0,CFOP,Gan 12 UI Maglev,RandomForest,5243.0,24641.0,,,gan12,custom_rules,,,,8.0,0.0,0.0,24641.0,79.0,81.0,87.0,3.21,11435.0,13206.0,2178.0,0.0,2178.0,2178.0,8.0,8.0,8.0,3.67,2964.0,2255.0,709.0,5142.0,6.0,6.0,7.0,8.46,9462.0,6138.0,3324.0,14604.0,15.0,15.0,16.0,4.51,1648.0,279.0,1369.0,16252.0,9.0,10.0,11.0,6.57,1183.0,861.0,322.0,17435.0,4.0,4.0,4.0,12.42,2153.0,716.0,1437.0,19588.0,13.0,13.0,13.0,9.05,5053.0,1186.0,3867.0,24641.0,25.0,25.0,28.0,6.46,,,,,,,,,,,,,,,,,,,,,,,,,
a00cac1a-f3b2-418d-a2e8-bb108038fb40,2025-12-07 07:16:27 UTC,False,20244.0,CFOP,Gan 12 UI Maglev,RandomForest,12029.0,20244.0,,,gan12,custom_rules,,,,8.0,0.0,0.0,20244.0,74.0,75.0,84.0,3.66,7544.0,12700.0,2722.0,0.0,2722.0,2722.0,8.0,8.0,11.0,2.94,2328.0,788.0,1540.0,5050.0,14.0,14.0,14.0,9.09,4011.0,1798.0,2213.0,9061.0,6.0,6.0,7.0,2.71,1818.0,886.0,932.0,10879.0,9.0,9.0,10.0,9.66,2808.0,1251.0,1557.0,13687.0,10.0,10.0,11.0,6.42,1664.0,990.0,674.0,15351.0,6.0,6.0,6.0,8.9,4893.0,1831.0,3062.0,20244.0,21.0,22.0,25.0,6.86,,,,,,,,,,,,,,,,,,,,,,,,,
289d83c0-51f3-4dce-b9e7-f63aeafd69f1,2025-12-07 07:17:04 UTC,False,18739.0,CFOP,Gan 12 UI Maglev,RandomForest,5612.0,18739.0,,,gan12,custom_rules,,,,8.0,0.0,0.0,18739.0,78.0,79.0,87.0,4.16,7943.0,10796.0,2011.0,0.0,2011.0,2011.0,6.0,6.0,7.0,2.98,4043.0,1479.0,2564.0,6054.0,13.0,13.0,14.0,5.07,2371.0,984.0,1387.0,8425.0,10.0,11.0,12.0,7.21,2050.0,1067.0,983.0,10475.0,7.0,7.0,7.0,7.12,2897.0,1886.0,1011.0,13372.0,12.0,12.0,14.0,11.87,3049.0,1737.0,1312.0,16421.0,13.0,13.0,16.0,9.91,2318.0,790.0,1528.0,18739.0,17.0,17.0,17.0,11.13,,,,,,,,,,,,,,,,,,,,,,,,,
4d91761f-e2a2-4293-9e40-79ddaae6bdc8,2025-12-07 07:18:43 UTC,False,22734.0,CFOP,Gan 12 UI Maglev,RandomForest,51822.0,22734.0,,,slow solves,custom_rules,,,,8.0,0.0,0.0,22734.0,71.0,73.0,85.0,3.12,5513.0,17140.0,7173.0,0.0,7173.0,7254.0,16.0,16.0,19.0,2.23,0.0,0.0,0.0,7254.0,0.0,0.0,0.0,0.0,5402.0,1840.0,3562.0,12656.0,13.0,13.0,14.0,3.65,1766.0,137.0,1629.0,14422.0,6.0,7.0,7.0,3.68,1844.0,918.0,926.0,16266.0,7.0,7.0,7.0,7.56,3410.0,1670.0,1740.0,19676.0,13.0,13.0,16.0,7.47,3058.0,948.0,2110.0,22734.0,17.0,18.0,22.0,8.06,,,,,,,,,,,,,,,,,,,,,,,,,
9a566be7-3337-40a4-ab2b-2382a6c50eb1,2025-12-07 07:21:44 UTC,False,27855.0,CFOP,Gan 12 UI Maglev,RandomForest,30321.0,27855.0,,,slow solves,custom_rules,,,,8.0,0.0,0.0,27855.0,83.0,85.0,95.0,2.98,9347.0,18363.0,8442.0,0.0,8442.0,8587.0,13.0,13.0,18.0,1.54,1923.0,618.0,1305.0,10510.0,9.0,10.0,10.0,6.9,4351.0,2411.0,1940.0,14861.0,10.0,10.0,11.0,5.15,4288.0,1730.0,2558.0,19149.0,15.0,15.0,16.0,5.86,2590.0,1641.0,949.0,21739.0,9.0,9.0,10.0,9.48,1454.0,685.0,769.0,23193.0,8.0,8.0,8.0,10.4,4662.0,2262.0,2400.0,27855.0,19.0,20.0,22.0,7.92,,,,,,,,,,,,,,,,,,,,,,,,,
de5fa0d4-8aa7-4380-9f51-203d9deeea16,2025-12-07 07:22:40 UTC,False,15869.0,CFOP,Gan 12 UI Maglev,RandomForest,29585.0,15869.0,,,slow solves,custom_rules,,,,8.0,0.0,0.0,15869.0,62.0,63.0,71.0,3.91,6704.0,9165.0,2634.0,0.0,2634.0,2634.0,5.0,5.0,6.0,1.9,1112.0,878.0,234.0,3746.0,4.0,4.0,5.0,17.09,1807.0,740.0,1067.0,5553.0,8.0,8.0,9.0,7.5,2768.0,1810.0,958.0,8321.0,9.0,9.0,10.0,9.39,2677.0,902.0,1775.0,10998.0,9.0,9.0,10.0,5.07,1989.0,1023.0,966.0,12987.0,12.0,12.0,13.0,12.42,2882.0,1351.0,1531.0,15869.0,15.0,16.0,18.0,9.8,,,,,,,,,,,,,,,,,,,,,,,,,
76ce19bb-55a9-4edb-8673-57c2a90c84b9,2025-12-07 07:23:19 UTC,False,16987.0,CFOP,Gan 12 UI Maglev,RandomForest,11230.0,16987.0,,,slow solves,custom_rules,,,,8.0,0.0,0.0,16987.0,60.0,61.0,67.0,3.53,8567.0,8420.0,1988.0,0.0,1988.0,1988.0,6.0,6.0,7.0,3.02,2207.0,1981.0,226.0,4195.0,3.0,3.0,3.0,13.27,2955.0,1900.0,1055.0,7150.0,8.0,8.0,8.0,7.58,2075.0,1254.0,821.0,9225.0,8.0,8.0,9.0,9.74,1493.0,808.0,685.0,10718.0,8.0,8.0,9.0,11.68,2625.0,1323.0,1302.0,13343.0,11.0,11.0,12.0,8.45,3644.0,1301.0,2343.0,16987.0,16.0,17.0,19.0,6.83,,,,,,,,,,,,,,,,,,,,,,,,,
9d01c89e-b20a-4450-bad8-30dc7ad8219d,2025-12-07 07:24:14 UTC,False,18294.0,CFOP,Gan 12 UI Maglev,RandomForest,27078.0,18294.0,,,slow solves,custom_rules,,,,8.0,0.0,0.0,18294.0,89.0,89.0,101.0,4.86,4757.0,13537.0,1305.0,0.0,1305.0,1305.0,6.0,6.0,6.0,4.6,1762.0,860.0,902.0,3067.0,8.0,8.0,8.0,8.87,2496.0,337.0,2159.0,5563.0,11.0,11.0,13.0,5.09,1869.0,935.0,934.0,7432.0,8.0,8.0,8.0,8.57,1812.0,926.0,886.0,9244.0,7.0,7.0,7.0,7.9,2814.0,813.0,2001.0,12058.0,14.0,14.0,19.0,7.0,6236.0,886.0,5350.0,18294.0,35.0,35.0,40.0,6.54,,,,,,,,,,,,,,,,,,,,,,,,,
eba77f09-1123-4881-bcbc-9b69f338b733,2025-12-07 07:24:48 UTC,False,18766.0,CFOP,Gan 12 UI Maglev,RandomForest,4442.0,18766.0,,,slow solves,custom_rules,,,,8.0,0.0,0.0,18766.0,68.0,68.0,80.0,3.62,6129.0,12637.0,2764.0,0.0,2764.0,2764.0,7.0,7.0,10.0,2.53,2204.0,955.0,1249.0,4968.0,7.0,7.0,7.0,5.6,2234.0,656.0,1578.0,7202.0,8.0,8.0,9.0,5.07,2925.0,967.0,1958.0,10127.0,8.0,8.0,10.0,4.09,2338.0,1483.0,855.0,12465.0,8.0,8.0,9.0,9.36,2998.0,1311.0,1687.0,15463.0,11.0,11.0,14.0,6.52,3303.0,757.0,2546.0,18766.0,19.0,19.0,21.0,7.46,,,,,,,,,,,,,,,,,,,,,,,,,
d6e8ca00-8728-48e2-8a1c-74195cbd9238,2025-12-07 07:25:16 UTC,False,14746.0,CFOP,Gan 12 UI Maglev,RandomForest,4017.0,14746.0,,,slow solves,custom_rules,,,,8.0,0.0,0.0,14746.0,63.0,64.0,70.0,4.27,5759.0,8721.0,1119.0,0.0,1119.0,1385.0,6.0,7.0,7.0,5.36,2440.0,1331.0,1109.0,3825.0,8.0,8.0,9.0,7.21,2555.0,563.0,1992.0,6380.0,7.0,7.0,7.0,3.51,2197.0,1142.0,1055.0,8577.0,9.0,9.0,10.0,8.53,1765.0,1169.0,596.0,10342.0,8.0,8.0,8.0,13.42,2018.0,907.0,1111.0,12360.0,12.0,12.0,13.0,10.8,2386.0,647.0,1739.0,14746.0,14.0,14.0,16.0,8.05,,,,,,,,,,,,,,,,,,,,,,,,,
77275342-4488-46f1-9f1d-40c1a10747dc,2025-12-07 07:25:52 UTC,False,16527.0,CFOP,Gan 12 UI Maglev,RandomForest,10867.0,16527.0,,,slow solves,custom_rules,,,,8.0,0.0,0.0,16527.0,70.0,75.0,87.0,4.24,5304.0,11135.0,1426.0,0.0,1426.0,1514.0,6.0,6.0,7.0,4.21,2329.0,1047.0,1282.0,3843.0,8.0,8.0,9.0,6.24,3273.0,531.0,2742.0,7116.0,12.0,12.0,12.0,4.38,2205.0,1036.0,1169.0,9321.0,9.0,9.0,10.0,7.7,1482.0,459.0,1023.0,10803.0,8.0,8.0,9.0,7.82,2582.0,926.0,1656.0,13385.0,16.0,16.0,16.0,9.66,3142.0,1305.0,1837.0,16527.0,11.0,16.0,24.0,5.99,,,,,,,,,,,,,,,,,,,,,,,,,
31c4dc6b-dd09-4277-87fa-422e25d3c1e6,2025-12-07 07:27:12 UTC,False,18215.0,CFOP,Gan 12 UI Maglev,RandomForest,51192.0,18215.0,,,slow solves,custom_rules,,,,8.0,0.0,0.0,18215.0,64.0,66.0,75.0,3.51,5074.0,13141.0,1514.0,0.0,1514.0,1514.0,5.0,5.0,7.0,3.3,2627.0,419.0,2208.0,4141.0,11.0,11.0,11.0,4.98,4452.0,704.0,3748.0,8593.0,5.0,5.0,5.0,1.33,2598.0,1056.0,1542.0,11191.0,10.0,11.0,12.0,6.49,1955.0,900.0,1055.0,13146.0,10.0,10.0,10.0,9.48,2125.0,633.0,1492.0,15271.0,9.0,9.0,12.0,6.03,2944.0,1362.0,1582.0,18215.0,15.0,16.0,18.0,9.48,,,,,,,,,,,,,,,,,,,,,,,,,
512afb3d-0f4d-4f19-ad75-fba5cbbc9d14,2025-12-07 07:27:41 UTC,False,14717.0,CFOP,Gan 12 UI Maglev,RandomForest,5146.0,14717.0,,,slow solves,custom_rules,,,,8.0,0.0,0.0,14717.0,62.0,63.0,71.0,4.21,7115.0,7497.0,2368.0,0.0,2368.0,2473.0,10.0,10.0,12.0,4.22,1095.0,773.0,322.0,3568.0,4.0,4.0,5.0,12.42,1822.0,572.0,1250.0,5390.0,7.0,7.0,8.0,5.6,2404.0,2098.0,306.0,7794.0,4.0,4.0,4.0,13.07,974.0,484.0,490.0,8768.0,5.0,5.0,5.0,10.2,3359.0,1838.0,1521.0,12127.0,18.0,18.0,20.0,11.83,2590.0,1350.0,1240.0,14717.0,14.0,15.0,17.0,11.29,,,,,,,,,,,,,,,,,,,,,,,,,
74de7c1a-37b4-423b-8bba-9a3a82fe96e7,2025-12-07 07:28:23 UTC,False,24404.0,CFOP,Gan 12 UI Maglev,RandomForest,7820.0,24404.0,,,slow solves,custom_rules,,,,8.0,0.0,0.0,24404.0,73.0,75.0,84.0,2.99,7239.0,17068.0,2557.0,0.0,2557.0,2654.0,8.0,8.0,10.0,3.13,10031.0,1458.0,8573.0,12685.0,16.0,16.0,18.0,1.87,2775.0,1506.0,1269.0,15460.0,8.0,8.0,11.0,6.3,1907.0,844.0,1063.0,17367.0,8.0,8.0,8.0,7.53,1515.0,1185.0,330.0,18882.0,4.0,4.0,5.0,12.12,2795.0,1427.0,1368.0,21677.0,11.0,13.0,14.0,8.04,2727.0,819.0,1908.0,24404.0,18.0,18.0,18.0,9.43,,,,,,,,,,,,,,,,,,,,,,,,,
1f65dcc7-bb91-444c-9956-631b7721b3a7,2025-12-07 07:29:02 UTC,False,16629.0,CFOP,Gan 12 UI Maglev,RandomForest,13100.0,16629.0,,,slow solves,custom_rules,,,,8.0,0.0,0.0,16629.0,69.0,70.0,80.0,4.15,5743.0,10789.0,3797.0,0.0,3797.0,3894.0,15.0,15.0,16.0,3.95,0.0,0.0,0.0,3894.0,0.0,0.0,0.0,0.0,1281.0,894.0,387.0,5175.0,3.0,3.0,4.0,7.75,4236.0,1328.0,2908.0,9411.0,14.0,14.0,18.0,4.81,1326.0,763.0,563.0,10737.0,7.0,7.0,7.0,12.43,2744.0,1381.0,1363.0,13481.0,13.0,13.0,14.0,9.54,3148.0,1377.0,1771.0,16629.0,17.0,18.0,21.0,9.6,,,,,,,,,,,,,,,,,,,,,,,,,
e4d24083-748c-4e61-969a-4e10033d93da,2025-12-07 07:29:44 UTC,False,18422.0,CFOP,Gan 12 UI Maglev,RandomForest,14832.0,18422.0,,,slow solves,custom_rules,,,,8.0,0.0,0.0,18422.0,76.0,78.0,88.0,4.13,4427.0,13995.0,1641.0,0.0,1641.0,1641.0,5.0,6.0,7.0,3.05,4133.0,484.0,3649.0,5774.0,12.0,12.0,13.0,3.29,3979.0,1589.0,2390.0,9753.0,12.0,12.0,14.0,5.02,1922.0,296.0,1626.0,11675.0,9.0,9.0,10.0,5.54,1386.0,459.0,927.0,13061.0,8.0,8.0,9.0,8.63,3190.0,798.0,2392.0,16251.0,17.0,17.0,17.0,7.11,2171.0,801.0,1370.0,18422.0,15.0,15.0,18.0,10.95,,,,,,,,,,,,,,,,,,,,,,,,,
062fc3cc-5046-4f6f-81ce-55cc3154ea31,2025-12-07 07:30:14 UTC,False,14823.0,CFOP,Gan 12 UI Maglev,RandomForest,5273.0,14823.0,,,slow solves,custom_rules,,,,8.0,0.0,0.0,14823.0,65.0,68.0,77.0,4.39,4834.0,9989.0,1515.0,0.0,1515.0,1515.0,6.0,7.0,7.0,3.96,3280.0,1283.0,1997.0,4795.0,7.0,7.0,10.0,3.51,1166.0,177.0,989.0,5961.0,5.0,6.0,6.0,5.06,1450.0,314.0,1136.0,7411.0,7.0,7.0,9.0,6.16,1579.0,402.0,1177.0,8990.0,12.0,12.0,13.0,10.2,2396.0,882.0,1514.0,11386.0,11.0,11.0,11.0,7.27,3437.0,1776.0,1661.0,14823.0,18.0,19.0,21.0,10.84,,,,,,,,,,,,,,,,,,,,,,,,,
707f7960-ff53-45de-8d6b-bf5227d21c34,2025-12-07 07:30:46 UTC,False,17270.0,CFOP,Gan 12 UI Maglev,RandomForest,5656.0,17270.0,,,slow solves,custom_rules,,,,8.0,0.0,0.0,17270.0,60.0,65.0,81.0,3.47,7162.0,10108.0,2237.0,0.0,2237.0,2237.0,6.0,6.0,8.0,2.68,1850.0,476.0,1374.0,4087.0,8.0,8.0,10.0,5.82,3347.0,1246.0,2101.0,7434.0,11.0,11.0,12.0,5.24,1692.0,886.0,806.0,9126.0,8.0,8.0,9.0,9.93,2741.0,2009.0,732.0,11867.0,8.0,8.0,10.0,10.93,1720.0,766.0,954.0,13587.0,9.0,9.0,9.0,9.43,3683.0,1779.0,1904.0,17270.0,10.0,15.0,23.0,5.25,,,,,,,,,,,,,,,,,,,,,,,,,
20854fee-ebd1-4504-82f0-c999d8be43b6,2025-12-07 07:31:19 UTC,False,15387.0,CFOP,Gan 12 UI Maglev,RandomForest,6932.0,15387.0,,,slow solves,custom_rules,,,,8.0,0.0,0.0,15387.0,50.0,51.0,56.0,3.25,4834.0,10553.0,3597.0,0.0,3597.0,3597.0,11.0,11.0,11.0,3.06,0.0,0.0,0.0,3597.0,0.0,0.0,0.0,0.0,4056.0,746.0,3310.0,7653.0,8.0,8.0,9.0,2.42,2305.0,1194.0,1111.0,9958.0,7.0,7.0,7.0,6.3,1859.0,989.0,870.0,11817.0,8.0,8.0,9.0,9.2,0.0,0.0,0.0,11817.0,0.0,0.0,0.0,0.0,3570.0,1905.0,1665.0,15387.0,16.0,17.0,20.0,9.61,,,,,,,,,,,,,,,,,,,,,,,,,
2bb619a7-da2a-4e3c-b1ed-767d76b735a2,2025-12-07 07:31:55 UTC,False,16654.0,CFOP,Gan 12 UI Maglev,RandomForest,8510.0,16654.0,,,slow solves,custom_rules,,,,8.0,0.0,0.0,16654.0,52.0,58.0,69.0,3.12,7156.0,9498.0,3218.0,0.0,3218.0,3218.0,6.0,7.0,9.0,1.86,3308.0,2503.0,805.0,6526.0,3.0,3.0,4.0,3.73,2194.0,858.0,1336.0,8720.0,8.0,8.0,9.0,5.99,1051.0,334.0,717.0,9771.0,4.0,4.0,5.0,5.58,1653.0,888.0,765.0,11424.0,8.0,8.0,8.0,10.46,3040.0,1591.0,1449.0,14464.0,14.0,15.0,15.0,9.66,2190.0,982.0,1208.0,16654.0,9.0,13.0,19.0,7.45,,,,,,,,,,,,,,,,,,,,,,,,,
e72a43f4-8657-4a94-addd-5c0e599478b7,2025-12-07 07:33:04 UTC,False,19970.0,CFOP,Gan 12 UI Maglev,RandomForest,36370.0,19970.0,,,slow solves,custom_rules,,,,8.0,0.0,0.0,19970.0,81.0,81.0,92.0,4.06,5364.0,14526.0,1933.0,0.0,1933.0,2013.0,8.0,8.0,9.0,4.14,4375.0,621.0,3754.0,6388.0,13.0,13.0,16.0,3.46,3863.0,1249.0,2614.0,10251.0,11.0,11.0,12.0,4.21,3908.0,1167.0,2741.0,14159.0,14.0,14.0,19.0,5.11,684.0,436.0,248.0,14843.0,4.0,4.0,4.0,16.13,1514.0,861.0,653.0,16357.0,10.0,10.0,11.0,15.31,3613.0,1030.0,2583.0,19970.0,21.0,21.0,21.0,8.13,,,,,,,,,,,,,,,,,,,,,,,,,
d3fdd1d9-e7aa-4b33-9836-5026fba537ed,2025-12-07 07:33:38 UTC,False,14339.0,CFOP,Gan 12 UI Maglev,RandomForest,9246.0,14339.0,,,slow solves,custom_rules,,,,8.0,0.0,0.0,14339.0,69.0,70.0,73.0,4.81,4391.0,9948.0,3848.0,0.0,3848.0,3848.0,12.0,12.0,13.0,3.12,604.0,346.0,258.0,4452.0,3.0,3.0,3.0,11.63,2432.0,1448.0,984.0,6884.0,7.0,7.0,8.0,7.11,2239.0,1103.0,1136.0,9123.0,9.0,9.0,10.0,7.92,1425.0,273.0,1152.0,10548.0,12.0,12.0,12.0,10.42,1515.0,492.0,1023.0,12063.0,9.0,10.0,10.0,8.8,2276.0,729.0,1547.0,14339.0,17.0,17.0,17.0,10.99,,,,,,,,,,,,,,,,,,,,,,,,,
02f65d4a-b7f4-4819-b06a-1e54af4467cc,2025-12-07 07:34:14 UTC,False,20377.0,CFOP,Gan 12 UI Maglev,RandomForest,7378.0,20377.0,,,slow solves,custom_rules,,,,8.0,0.0,0.0,20377.0,89.0,89.0,99.0,4.37,4445.0,15932.0,3736.0,0.0,3736.0,3736.0,10.0,10.0,11.0,2.68,2238.0,830.0,1408.0,5974.0,8.0,8.0,8.0,5.68,2382.0,330.0,2052.0,8356.0,10.0,10.0,11.0,4.87,2151.0,976.0,1175.0,10507.0,9.0,9.0,9.0,7.66,1436.0,621.0,815.0,11943.0,8.0,8.0,10.0,9.82,4337.0,475.0,3862.0,16280.0,22.0,22.0,24.0,5.7,4097.0,1213.0,2884.0,20377.0,23.0,23.0,26.0,7.98,,,,,,,,,,,,,,,,,,,,,,,,,
7d89cece-71df-47bf-9df2-17815dc1157d,2025-12-07 07:34:45 UTC,False,18284.0,CFOP,Gan 12 UI Maglev,RandomForest,3641.0,18284.0,,,slow solves,custom_rules,,,,8.0,0.0,0.0,18284.0,54.0,58.0,71.0,2.95,7590.0,10694.0,2928.0,0.0,2928.0,2928.0,8.0,8.0,9.0,2.73,3099.0,1723.0,1376.0,6027.0,8.0,8.0,9.0,5.81,2181.0,653.0,1528.0,8208.0,8.0,8.0,10.0,5.24,2158.0,1803.0,355.0,10366.0,4.0,4.0,4.0,11.27,2394.0,1250.0,1144.0,12760.0,9.0,9.0,9.0,7.87,2433.0,951.0,1482.0,15193.0,7.0,7.0,8.0,4.72,3091.0,1210.0,1881.0,18284.0,10.0,14.0,22.0,5.32,,,,,,,,,,,,,,,,,,,,,,,,,
7aff4b95-b7c6-4201-bc38-d126cb6d6843,2025-12-07 07:35:14 UTC,False,16539.0,CFOP,Gan 12 UI Maglev,RandomForest,3772.0,16539.0,,,slow solves,custom_rules,,,,8.0,0.0,0.0,16539.0,66.0,67.0,75.0,3.99,6440.0,10099.0,1096.0,0.0,1096.0,1096.0,5.0,5.0,6.0,4.56,3501.0,1852.0,1649.0,4597.0,7.0,7.0,7.0,4.24,1635.0,411.0,1224.0,6232.0,7.0,7.0,9.0,5.72,2197.0,1375.0,822.0,8429.0,7.0,7.0,8.0,8.52,2736.0,821.0,1915.0,11165.0,11.0,11.0,13.0,5.74,3397.0,1192.0,2205.0,14562.0,15.0,16.0,17.0,6.8,1977.0,789.0,1188.0,16539.0,14.0,14.0,15.0,11.78,,,,,,,,,,,,,,,,,,,,,,,,,
46ac42be-ab77-4877-bd3d-ad763d8512d5,2025-12-07 07:35:48 UTC,False,17034.0,CFOP,Gan 12 UI Maglev,RandomForest,7930.0,17034.0,,,slow solves,custom_rules,,,,8.0,0.0,0.0,17034.0,68.0,69.0,79.0,3.99,5479.0,11555.0,1433.0,0.0,1433.0,1433.0,5.0,5.0,7.0,3.49,3696.0,805.0,2891.0,5129.0,15.0,15.0,15.0,5.19,2987.0,586.0,2401.0,8116.0,7.0,7.0,10.0,2.92,2501.0,818.0,1683.0,10617.0,8.0,8.0,10.0,4.75,2152.0,1443.0,709.0,12769.0,8.0,8.0,9.0,11.28,1546.0,620.0,926.0,14315.0,9.0,10.0,10.0,9.72,2719.0,1207.0,1512.0,17034.0,16.0,16.0,18.0,10.58,,,,,,,,,,,,,,,,,,,,,,,,,
43f84f27-6433-45e4-9d39-ea28b5727edd,2025-12-07 07:36:23 UTC,False,18374.0,CFOP,Gan 12 UI Maglev,RandomForest,6370.0,18374.0,,,slow solves,custom_rules,,,,8.0,0.0,0.0,18374.0,69.0,74.0,85.0,3.76,5934.0,12190.0,4922.0,0.0,4922.0,5172.0,14.0,17.0,21.0,2.84,0.0,0.0,0.0,5172.0,0.0,0.0,0.0,0.0,1817.0,789.0,1028.0,6989.0,8.0,8.0,9.0,7.78,4335.0,2088.0,2247.0,11324.0,12.0,13.0,15.0,5.34,1988.0,1037.0,951.0,13312.0,8.0,8.0,9.0,8.41,1860.0,724.0,1136.0,15172.0,10.0,10.0,10.0,8.8,3202.0,1296.0,1906.0,18374.0,17.0,18.0,21.0,8.92,,,,,,,,,,,,,,,,,,,,,,,,,
af14580a-4d02-4571-bddc-515412f205f0,2025-12-07 07:37:45 UTC,False,19836.0,CFOP,Gan 12 UI Maglev,RandomForest,52925.0,19836.0,,,slow solves,custom_rules,,,,8.0,0.0,0.0,19836.0,63.0,67.0,76.0,3.18,6656.0,13180.0,7709.0,0.0,7709.0,7709.0,18.0,18.0,20.0,2.33,0.0,0.0,0.0,7709.0,0.0,0.0,0.0,0.0,3108.0,2262.0,846.0,10817.0,8.0,8.0,9.0,9.46,2704.0,836.0,1868.0,13521.0,11.0,11.0,11.0,5.89,1981.0,1264.0,717.0,15502.0,8.0,8.0,9.0,11.16,2058.0,947.0,1111.0,17560.0,10.0,10.0,10.0,9.0,2276.0,1347.0,929.0,19836.0,8.0,12.0,17.0,8.61,,,,,,,,,,,,,,,,,,,,,,,,,
fffa90ff-983e-44fe-a2a4-1e7d48a55f24,2025-12-07 07:38:25 UTC,False,22298.0,CFOP,Gan 12 UI Maglev,RandomForest,8774.0,22298.0,,,slow solves,custom_rules,,,,8.0,0.0,0.0,22298.0,70.0,75.0,92.0,3.14,5534.0,16764.0,4258.0,0.0,4258.0,4258.0,12.0,12.0,13.0,2.82,0.0,0.0,0.0,4258.0,0.0,0.0,0.0,0.0,3201.0,1465.0,1736.0,7459.0,12.0,12.0,14.0,6.91,1515.0,1176.0,339.0,8974.0,4.0,4.0,4.0,11.8,6566.0,870.0,5696.0,15540.0,21.0,21.0,23.0,3.69,2285.0,876.0,1409.0,17825.0,11.0,11.0,11.0,7.81,4473.0,1147.0,3326.0,22298.0,10.0,15.0,27.0,3.01,,,,,,,,,,,,,,,,,,,,,,,,,
44c07319-6c29-4e90-aaf2-e178484ac178,2025-12-07 07:39:04 UTC,False,15925.0,CFOP,Gan 12 UI Maglev,RandomForest,13315.0,15925.0,,,slow solves,custom_rules,,,,8.0,0.0,0.0,15925.0,64.0,65.0,74.0,4.02,6481.0,9444.0,2165.0,0.0,2165.0,2165.0,6.0,6.0,9.0,2.77,1890.0,710.0,1180.0,4055.0,7.0,7.0,8.0,5.93,2174.0,1214.0,960.0,6229.0,7.0,7.0,8.0,7.29,2127.0,1272.0,855.0,8356.0,8.0,8.0,10.0,9.36,1715.0,885.0,830.0,10071.0,7.0,7.0,7.0,8.43,2288.0,974.0,1314.0,12359.0,13.0,13.0,13.0,9.89,3566.0,1426.0,2140.0,15925.0,16.0,17.0,19.0,7.48,,,,,,,,,,,,,,,,,,,,,,,,,
2d580ea8-f2c0-4f4e-8fda-eb7c49edfa52,2025-12-07 07:40:02 UTC,False,30263.0,CFOP,Gan 12 UI Maglev,RandomForest,18795.0,30263.0,,,slow solves,custom_rules,,,,8.0,0.0,0.0,30263.0,85.0,86.0,99.0,2.81,9161.0,21102.0,8247.0,0.0,8247.0,8247.0,12.0,12.0,16.0,1.46,2898.0,1274.0,1624.0,11145.0,7.0,7.0,8.0,4.31,7005.0,3206.0,3799.0,18150.0,21.0,21.0,22.0,5.53,2420.0,1432.0,988.0,20570.0,8.0,8.0,9.0,8.1,2348.0,966.0,1382.0,22918.0,10.0,10.0,11.0,7.24,4234.0,942.0,3292.0,27152.0,13.0,13.0,15.0,3.95,3111.0,1341.0,1770.0,30263.0,14.0,15.0,18.0,7.91,,,,,,,,,,,,,,,,,,,,,,,,,
d10e102a-05e0-4db2-ae5d-c8ce379926bc,2025-12-07 07:40:34 UTC,False,16097.0,CFOP,Gan 12 UI Maglev,RandomForest,6034.0,16097.0,,,slow solves,custom_rules,,,,8.0,0.0,0.0,16097.0,66.0,68.0,84.0,4.1,5800.0,10297.0,2037.0,0.0,2037.0,2037.0,6.0,6.0,8.0,2.95,1723.0,790.0,933.0,3760.0,8.0,8.0,9.0,8.57,3746.0,1857.0,1889.0,7506.0,8.0,8.0,12.0,4.24,2241.0,379.0,1862.0,9747.0,11.0,11.0,12.0,5.91,1338.0,306.0,1032.0,11085.0,8.0,8.0,9.0,7.75,2238.0,1118.0,1120.0,13323.0,10.0,10.0,14.0,8.93,2774.0,1350.0,1424.0,16097.0,15.0,17.0,20.0,10.53,,,,,,,,,,,,,,,,,,,,,,,,,
f2aed8fe-e98f-49ec-84f2-b3275e534b90,2025-12-07 07:41:07 UTC,False,17410.0,CFOP,Gan 12 UI Maglev,RandomForest,4608.0,17410.0,,,slow solves,custom_rules,,,,8.0,0.0,0.0,17410.0,63.0,66.0,75.0,3.62,6332.0,10804.0,3565.0,0.0,3565.0,3839.0,7.0,8.0,8.0,1.96,1613.0,838.0,775.0,5452.0,8.0,8.0,9.0,10.32,2523.0,1301.0,1222.0,7975.0,8.0,8.0,10.0,6.55,2212.0,1330.0,882.0,10187.0,8.0,8.0,8.0,9.07,1396.0,443.0,953.0,11583.0,8.0,8.0,10.0,8.39,2703.0,1020.0,1683.0,14286.0,8.0,8.0,10.0,4.75,3124.0,1400.0,1724.0,17410.0,16.0,18.0,20.0,9.28,,,,,,,,,,,,,,,,,,,,,,,,,
f472b1b8-9f0d-4449-8093-9ea34d1565de,2025-12-07 07:41:48 UTC,False,21244.0,CFOP,Gan 12 UI Maglev,RandomForest,8481.0,21244.0,,,slow solves,custom_rules,,,,8.0,0.0,0.0,21244.0,55.0,59.0,70.0,2.59,12682.0,8513.0,2412.0,0.0,2412.0,2461.0,7.0,7.0,9.0,2.9,1865.0,745.0,1120.0,4326.0,7.0,7.0,7.0,6.25,2965.0,1966.0,999.0,7291.0,8.0,8.0,8.0,8.01,1751.0,1227.0,524.0,9042.0,5.0,5.0,5.0,9.54,1457.0,627.0,830.0,10499.0,10.0,10.0,10.0,12.05,1677.0,589.0,1088.0,12176.0,9.0,9.0,12.0,8.27,9068.0,7528.0,1540.0,21244.0,9.0,13.0,19.0,5.84,,,,,,,,,,,,,,,,,,,,,,,,,
0604a164-3c22-49f8-8dfb-76e78d14b441,2025-12-07 07:42:45 UTC,False,22030.0,CFOP,Gan 12 UI Maglev,RandomForest,22153.0,22030.0,,,slow solves,custom_rules,,,,8.0,0.0,0.0,22030.0,71.0,74.0,82.0,3.22,7438.0,14592.0,5450.0,0.0,5450.0,5450.0,16.0,16.0,18.0,2.94,0.0,0.0,0.0,5450.0,0.0,0.0,0.0,0.0,4073.0,2157.0,1916.0,9523.0,10.0,10.0,12.0,5.22,3757.0,1972.0,1785.0,13280.0,8.0,8.0,11.0,4.48,3464.0,1319.0,2145.0,16744.0,11.0,13.0,14.0,5.13,1587.0,515.0,1072.0,18331.0,9.0,10.0,10.0,8.4,3699.0,1475.0,2224.0,22030.0,17.0,17.0,17.0,7.64,,,,,,,,,,,,,,,,,,,,,,,,,
d6378496-c129-48d9-b5c2-553880c139c0,2025-12-07 07:44:22 UTC,False,11821.0,CFOP,Gan 12 UI Maglev,RandomForest,75578.0,11821.0,,,slow solves,custom_rules,,,,8.0,0.0,0.0,11821.0,54.0,55.0,62.0,4.57,5738.0,6083.0,708.0,0.0,708.0,708.0,4.0,4.0,4.0,5.65,1101.0,306.0,795.0,1809.0,5.0,6.0,6.0,6.29,2088.0,1436.0,652.0,3897.0,6.0,6.0,7.0,9.2,2076.0,902.0,1174.0,5973.0,8.0,8.0,10.0,6.81,2265.0,1475.0,790.0,8238.0,9.0,9.0,10.0,11.39,1668.0,726.0,942.0,9906.0,9.0,9.0,9.0,9.55,1915.0,893.0,1022.0,11821.0,14.0,14.0,16.0,13.7,,,,,,,,,,,,,,,,,,,,,,,,,
7ce1b4e0-c264-441f-8fcd-482271bfb08b,2025-12-07 07:45:39 UTC,False,34806.0,CFOP,Gan 12 UI Maglev,RandomForest,19738.0,34806.0,,,slow solves,custom_rules,,,,8.0,0.0,0.0,34806.0,66.0,66.0,77.0,1.9,19917.0,14889.0,9129.0,0.0,9129.0,9129.0,15.0,15.0,19.0,1.64,0.0,0.0,0.0,9129.0,0.0,0.0,0.0,0.0,3275.0,1827.0,1448.0,12404.0,8.0,8.0,10.0,5.52,1521.0,605.0,916.0,13925.0,8.0,8.0,10.0,8.73,1451.0,886.0,565.0,15376.0,8.0,8.0,8.0,14.16,2431.0,1362.0,1069.0,17807.0,11.0,11.0,11.0,10.29,16999.0,15237.0,1762.0,34806.0,16.0,16.0,19.0,9.08,,,,,,,,,,,,,,,,,,,,,,,,,
8e6f48a1-da2a-4a66-a3f9-0bed99f8d574,2025-12-07 07:46:24 UTC,False,21637.0,CFOP,Gan 12 UI Maglev,RandomForest,11429.0,21637.0,,,slow solves,custom_rules,,,,8.0,0.0,0.0,21637.0,64.0,64.0,70.0,2.96,11265.0,10372.0,2020.0,0.0,2020.0,2020.0,7.0,7.0,7.0,3.47,5575.0,4282.0,1293.0,7595.0,8.0,8.0,9.0,6.19,919.0,597.0,322.0,8514.0,3.0,3.0,3.0,9.32,1861.0,749.0,1112.0,10375.0,8.0,8.0,9.0,7.19,2576.0,525.0,2051.0,12951.0,12.0,12.0,13.0,5.85,2914.0,1506.0,1408.0,15865.0,11.0,11.0,11.0,7.81,5772.0,3606.0,2166.0,21637.0,15.0,15.0,18.0,6.93,,,,,,,,,,,,,,,,,,,,,,,,,
a44e31b6-9738-4b26-a2ce-54f86205e4c4,2025-12-07 07:47:01 UTC,False,14194.0,CFOP,Gan 12 UI Maglev,RandomForest,11570.0,14194.0,,,slow solves,custom_rules,,,,8.0,0.0,0.0,14194.0,64.0,65.0,69.0,4.51,4051.0,10143.0,1970.0,0.0,1970.0,1970.0,7.0,7.0,8.0,3.55,2008.0,218.0,1790.0,3978.0,7.0,7.0,7.0,3.91,1513.0,427.0,1086.0,5491.0,7.0,7.0,8.0,6.45,2585.0,444.0,2141.0,8076.0,13.0,14.0,14.0,6.07,1510.0,728.0,782.0,9586.0,7.0,7.0,7.0,8.95,1955.0,1182.0,773.0,11541.0,7.0,7.0,8.0,9.06,2653.0,1052.0,1601.0,14194.0,16.0,16.0,17.0,9.99,,,,,,,,,,,,,,,,,,,,,,,,,
348456ce-e619-4d82-9f6f-977a2e7ade17,2025-12-07 07:47:33 UTC,False,14275.0,CFOP,Gan 12 UI Maglev,RandomForest,8157.0,14275.0,,,slow solves,custom_rules,,,,8.0,0.0,0.0,14275.0,76.0,78.0,84.0,5.32,5339.0,8936.0,1531.0,0.0,1531.0,1531.0,6.0,6.0,7.0,3.92,1697.0,488.0,1209.0,3228.0,9.0,10.0,11.0,7.44,1831.0,666.0,1165.0,5059.0,9.0,10.0,11.0,7.73,1443.0,725.0,718.0,6502.0,8.0,8.0,9.0,11.14,1143.0,918.0,225.0,7645.0,4.0,4.0,4.0,17.78,3183.0,988.0,2195.0,10828.0,22.0,22.0,24.0,10.02,3447.0,1554.0,1893.0,14275.0,18.0,18.0,18.0,9.51,,,,,,,,,,,,,,,,,,,,,,,,,
77333cd8-2518-4315-af4f-d1071a24324b,2025-12-07 07:48:25 UTC,False,20808.0,CFOP,Gan 12 UI Maglev,RandomForest,20720.0,20808.0,,,slow solves,custom_rules,,,,8.0,0.0,0.0,20808.0,62.0,63.0,73.0,2.98,6846.0,13962.0,6114.0,0.0,6114.0,6114.0,11.0,11.0,12.0,1.8,2986.0,2084.0,902.0,9100.0,7.0,7.0,8.0,7.76,3428.0,736.0,2692.0,12528.0,9.0,9.0,11.0,3.34,1530.0,588.0,942.0,14058.0,7.0,7.0,8.0,7.43,1264.0,266.0,998.0,15322.0,7.0,7.0,8.0,7.01,2046.0,1047.0,999.0,17368.0,9.0,10.0,10.0,9.01,3440.0,2125.0,1315.0,20808.0,12.0,12.0,16.0,9.13,,,,,,,,,,,,,,,,,,,,,,,,,
4c045bbb-1e50-48a2-a50d-8d0d17fcd216,2025-12-07 07:48:59 UTC,False,17764.0,CFOP,Gan 12 UI Maglev,RandomForest,6454.0,17764.0,,,slow solves,custom_rules,,,,8.0,0.0,0.0,17764.0,74.0,74.0,86.0,4.17,6881.0,10883.0,1474.0,0.0,1474.0,1474.0,6.0,6.0,8.0,4.07,3766.0,2510.0,1256.0,5240.0,8.0,8.0,8.0,6.37,1946.0,472.0,1474.0,7186.0,9.0,9.0,9.0,6.11,3222.0,483.0,2739.0,10408.0,11.0,11.0,13.0,4.02,1859.0,1046.0,813.0,12267.0,8.0,8.0,10.0,9.84,1946.0,996.0,950.0,14213.0,10.0,10.0,14.0,10.53,3551.0,1374.0,2177.0,17764.0,22.0,22.0,24.0,10.11,,,,,,,,,,,,,,,,,,,,,,,,,
fd3a9ef5-343d-4efb-bcf0-f9100f51bcfe,2025-12-07 07:49:32 UTC,False,12901.0,CFOP,Gan 12 UI Maglev,RandomForest,10057.0,12901.0,,,slow solves,custom_rules,,,,8.0,0.0,0.0,12901.0,54.0,54.0,63.0,4.19,6928.0,5900.0,56.0,0.0,56.0,129.0,2.0,2.0,3.0,35.71,1216.0,443.0,773.0,1345.0,6.0,6.0,7.0,7.76,1912.0,1614.0,298.0,3257.0,4.0,4.0,5.0,13.42,2623.0,1898.0,725.0,5880.0,8.0,8.0,8.0,11.03,2655.0,939.0,1716.0,8535.0,11.0,11.0,13.0,6.41,1913.0,846.0,1067.0,10448.0,9.0,9.0,12.0,8.43,2453.0,1188.0,1265.0,12901.0,14.0,14.0,15.0,11.07,,,,,,,,,,,,,,,,,,,,,,,,,
0652cf35-31e2-4f9d-8b63-c5ed9e48cff0,2025-12-07 07:50:11 UTC,False,16459.0,CFOP,Gan 12 UI Maglev,RandomForest,12117.0,16459.0,,,slow solves,custom_rules,,,,8.0,0.0,0.0,16459.0,66.0,69.0,81.0,4.01,5060.0,11327.0,3456.0,0.0,3456.0,3528.0,10.0,10.0,14.0,2.89,0.0,0.0,0.0,3528.0,0.0,0.0,0.0,0.0,2064.0,483.0,1581.0,5592.0,11.0,11.0,13.0,6.96,2881.0,1866.0,1015.0,8473.0,7.0,7.0,8.0,6.9,2796.0,825.0,1971.0,11269.0,8.0,8.0,8.0,4.06,2280.0,741.0,1539.0,13549.0,13.0,15.0,16.0,8.45,2910.0,1145.0,1765.0,16459.0,17.0,18.0,22.0,9.63,,,,,,,,,,,,,,,,,,,,,,,,,
0a964e20-c153-44fb-8e68-48e752d77093,2025-12-07 07:53:21 UTC,False,13967.0,CFOP,Gan 12 UI Maglev,RandomForest,17368.0,13967.0,,,slow solves,custom_rules,,,,8.0,0.0,0.0,13967.0,61.0,63.0,71.0,4.37,6371.0,7596.0,782.0,0.0,782.0,782.0,4.0,4.0,4.0,5.12,2132.0,1124.0,1008.0,2914.0,7.0,7.0,8.0,6.94,1954.0,971.0,983.0,4868.0,7.0,7.0,7.0,7.12,2219.0,1300.0,919.0,7087.0,8.0,8.0,10.0,8.71,2364.0,921.0,1443.0,9451.0,12.0,12.0,14.0,8.32,1409.0,806.0,603.0,10860.0,8.0,8.0,9.0,13.27,3107.0,1249.0,1858.0,13967.0,15.0,17.0,19.0,8.07,,,,,,,,,,,,,,,,,,,,,,,,,
5ee7fe06-4217-4d4b-88d2-ec9b9bad4758,2025-12-07 07:54:06 UTC,False,21362.0,CFOP,Gan 12 UI Maglev,RandomForest,11830.0,21362.0,,,slow solves,custom_rules,,,,8.0,0.0,0.0,21362.0,54.0,59.0,67.0,2.53,9615.0,11747.0,1800.0,0.0,1800.0,1800.0,6.0,6.0,6.0,3.33,3528.0,2416.0,1112.0,5328.0,6.0,7.0,7.0,5.4,3261.0,787.0,2474.0,8589.0,10.0,10.0,10.0,4.04,5651.0,1978.0,3673.0,14240.0,10.0,10.0,10.0,2.72,2190.0,1964.0,226.0,16430.0,4.0,4.0,4.0,17.7,2496.0,1239.0,1257.0,18926.0,9.0,9.0,12.0,7.16,2436.0,1231.0,1205.0,21362.0,9.0,13.0,18.0,7.47,,,,,,,,,,,,,,,,,,,,,,,,,
ef13d39d-8794-4392-a1d4-4886f92b0e89,2025-12-07 07:55:22 UTC,False,20838.0,CFOP,Gan 12 UI Maglev,RandomForest,45727.0,20838.0,,,slow solves,custom_rules,,,,8.0,0.0,0.0,20838.0,68.0,69.0,83.0,3.26,9288.0,11550.0,2828.0,0.0,2828.0,2828.0,7.0,7.0,9.0,2.48,1809.0,492.0,1317.0,4637.0,8.0,8.0,8.0,6.07,3711.0,957.0,2754.0,8348.0,10.0,10.0,13.0,3.63,1727.0,969.0,758.0,10075.0,6.0,6.0,9.0,7.92,3391.0,2324.0,1067.0,13466.0,11.0,11.0,13.0,10.31,2062.0,1192.0,870.0,15528.0,9.0,9.0,10.0,10.34,5310.0,3354.0,1956.0,20838.0,17.0,18.0,21.0,8.69,,,,,,,,,,,,,,,,,,,,,,,,,
71bbba7c-59ae-4f94-be11-d4038e3c9c57,2025-12-07 07:55:58 UTC,False,16557.0,CFOP,Gan 12 UI Maglev,RandomForest,5180.0,16557.0,,,slow solves,custom_rules,,,,8.0,0.0,0.0,16557.0,58.0,58.0,67.0,3.5,5754.0,10803.0,1548.0,0.0,1548.0,1548.0,7.0,7.0,7.0,4.52,3666.0,419.0,3247.0,5214.0,8.0,8.0,8.0,2.46,2121.0,572.0,1549.0,7335.0,7.0,7.0,7.0,4.52,2298.0,1195.0,1103.0,9633.0,8.0,8.0,10.0,7.25,2180.0,1359.0,821.0,11813.0,7.0,7.0,8.0,8.53,1818.0,747.0,1071.0,13631.0,11.0,11.0,12.0,10.27,2926.0,1462.0,1464.0,16557.0,11.0,11.0,15.0,7.51,,,,,,,,,,,,,,,,,,,,,,,,,
519bc06f-01f4-4b73-8f51-95060439d7f5,2025-12-07 07:56:34 UTC,False,15080.0,CFOP,Gan 12 UI Maglev,RandomForest,8278.0,15080.0,,,slow solves,custom_rules,,,,8.0,0.0,0.0,15080.0,66.0,67.0,77.0,4.38,6176.0,8904.0,1697.0,0.0,1697.0,1697.0,7.0,7.0,7.0,4.12,1899.0,595.0,1304.0,3596.0,12.0,12.0,12.0,9.2,2056.0,1774.0,282.0,5652.0,5.0,5.0,6.0,17.73,1406.0,629.0,777.0,7058.0,8.0,8.0,10.0,10.3,2757.0,1250.0,1507.0,9815.0,8.0,8.0,9.0,5.31,1956.0,892.0,1064.0,11771.0,8.0,8.0,10.0,7.52,3309.0,1036.0,2273.0,15080.0,18.0,19.0,23.0,7.92,,,,,,,,,,,,,,,,,,,,,,,,,
815ce56c-f0b8-4c35-978a-5dfe0f736d54,2025-12-07 07:57:05 UTC,False,15018.0,CFOP,Gan 12 UI Maglev,RandomForest,3078.0,15018.0,,,slow solves,custom_rules,,,,8.0,0.0,0.0,15018.0,70.0,71.0,80.0,4.66,4888.0,10130.0,1833.0,0.0,1833.0,1833.0,6.0,6.0,7.0,3.27,1780.0,508.0,1272.0,3613.0,8.0,8.0,9.0,6.29,2729.0,1090.0,1639.0,6342.0,10.0,10.0,13.0,6.1,2064.0,396.0,1668.0,8406.0,9.0,10.0,11.0,5.4,1477.0,517.0,960.0,9883.0,12.0,12.0,12.0,12.5,1914.0,903.0,1011.0,11797.0,8.0,8.0,9.0,7.91,3221.0,1474.0,1747.0,15018.0,18.0,18.0,19.0,10.3,,,,,,,,,,,,,,,,,,,,,,,,,
73a7018d-88f5-4238-a50b-88e00af47116,2025-12-07 07:57:41 UTC,False,18839.0,CFOP,Gan 12 UI Maglev,RandomForest,5886.0,18839.0,,,slow solves,custom_rules,,,,8.0,0.0,0.0,18839.0,74.0,75.0,82.0,3.93,5212.0,13627.0,3008.0,0.0,3008.0,3008.0,7.0,7.0,9.0,2.33,6557.0,829.0,5728.0,9565.0,21.0,21.0,24.0,3.67,1317.0,1019.0,298.0,10882.0,4.0,4.0,4.0,13.42,2348.0,605.0,1743.0,13230.0,9.0,9.0,10.0,5.16,833.0,631.0,202.0,14063.0,4.0,4.0,4.0,19.8,1992.0,1046.0,946.0,16055.0,10.0,11.0,12.0,10.57,2784.0,1082.0,1702.0,18839.0,19.0,19.0,19.0,11.16,,,,,,,,,,,,,,,,,,,,,,,,,
d9c7e469-1198-4e01-9608-4796d080ca18,2025-12-07 07:58:26 UTC,False,26856.0,CFOP,Gan 12 UI Maglev,RandomForest,8055.0,26856.0,,,slow solves,custom_rules,,,,8.0,0.0,0.0,26856.0,90.0,92.0,101.0,3.35,8488.0,18368.0,2248.0,0.0,2248.0,2248.0,8.0,8.0,9.0,3.56,6733.0,1636.0,5097.0,8981.0,26.0,27.0,29.0,5.1,6536.0,1781.0,4755.0,15517.0,14.0,14.0,15.0,2.94,2779.0,950.0,1829.0,18296.0,8.0,8.0,11.0,4.37,2053.0,989.0,1064.0,20349.0,8.0,8.0,8.0,7.52,2690.0,1052.0,1638.0,23039.0,10.0,11.0,12.0,6.11,3817.0,2080.0,1737.0,26856.0,16.0,16.0,17.0,9.21,,,,,,,,,,,,,,,,,,,,,,,,,
686c0f0f-260b-476f-b916-f48315a13c22,2025-12-07 07:59:04 UTC,False,21427.0,CFOP,Gan 12 UI Maglev,RandomForest,5661.0,21427.0,,,slow solves,custom_rules,,,,8.0,0.0,0.0,21427.0,61.0,62.0,73.0,2.85,10215.0,11212.0,4973.0,0.0,4973.0,4973.0,11.0,11.0,13.0,2.21,1905.0,629.0,1276.0,6878.0,7.0,7.0,7.0,5.49,1328.0,886.0,442.0,8206.0,3.0,3.0,3.0,6.79,2432.0,1426.0,1006.0,10638.0,8.0,8.0,10.0,7.95,847.0,249.0,598.0,11485.0,6.0,7.0,7.0,10.03,2400.0,1465.0,935.0,13885.0,8.0,8.0,10.0,8.56,7542.0,5560.0,1982.0,21427.0,18.0,18.0,23.0,9.08,,,,,,,,,,,,,,,,,,,,,,,,,
0e900ba1-1216-4142-b22e-fde862e501a0,2025-12-07 07:59:45 UTC,False,14524.0,CFOP,Gan 12 UI Maglev,RandomForest,14980.0,14524.0,,,slow solves,custom_rules,,,,8.0,0.0,0.0,14524.0,64.0,65.0,71.0,4.41,5990.0,8534.0,700.0,0.0,700.0,700.0,4.0,4.0,4.0,5.71,3106.0,1136.0,1970.0,3806.0,11.0,11.0,11.0,5.58,1540.0,379.0,1161.0,5346.0,7.0,7.0,8.0,6.03,1929.0,588.0,1341.0,7275.0,8.0,8.0,9.0,5.97,1965.0,1168.0,797.0,9240.0,8.0,8.0,9.0,10.04,1896.0,929.0,967.0,11136.0,10.0,10.0,10.0,10.34,3388.0,1790.0,1598.0,14524.0,16.0,17.0,20.0,10.01,,,,,,,,,,,,,,,,,,,,,,,,,
8c10213f-60ea-4275-af8e-0cc6cb10b18e,2025-12-07 08:00:24 UTC,False,19099.0,CFOP,Gan 12 UI Maglev,RandomForest,5724.0,19099.0,,,slow solves,custom_rules,,,,8.0,0.0,0.0,19099.0,68.0,73.0,85.0,3.56,9294.0,9805.0,1828.0,0.0,1828.0,1828.0,8.0,8.0,8.0,4.38,5957.0,3284.0,2673.0,7785.0,11.0,11.0,12.0,4.12,1935.0,757.0,1178.0,9720.0,8.0,8.0,11.0,6.79,1675.0,989.0,686.0,11395.0,8.0,8.0,8.0,11.66,2932.0,2091.0,841.0,14327.0,8.0,8.0,8.0,9.51,2526.0,1228.0,1298.0,16853.0,14.0,14.0,14.0,10.79,2246.0,945.0,1301.0,19099.0,11.0,16.0,24.0,8.46,,,,,,,,,,,,,,,,,,,,,,,,,
d15417d5-2ad4-43be-9f12-c8dac65ca9ea,2025-12-07 08:00:56 UTC,False,16492.0,CFOP,Gan 12 UI Maglev,RandomForest,7093.0,16492.0,,,slow solves,custom_rules,,,,8.0,0.0,0.0,16492.0,74.0,74.0,82.0,4.49,5250.0,11242.0,2633.0,0.0,2633.0,2633.0,7.0,7.0,10.0,2.66,1527.0,898.0,629.0,4160.0,6.0,6.0,7.0,9.54,1563.0,612.0,951.0,5723.0,8.0,8.0,9.0,8.41,2353.0,1000.0,1353.0,8076.0,8.0,8.0,10.0,5.91,1546.0,700.0,846.0,9622.0,8.0,8.0,8.0,9.46,3331.0,958.0,2373.0,12953.0,18.0,18.0,19.0,7.59,3539.0,1082.0,2457.0,16492.0,19.0,19.0,19.0,7.73,,,,,,,,,,,,,,,,,,,,,,,,,
168afe6d-c1da-4b7b-8f85-9845751474b0,2025-12-07 08:01:26 UTC,False,17541.0,CFOP,Gan 12 UI Maglev,RandomForest,3113.0,17541.0,,,slow solves,custom_rules,,,,8.0,0.0,0.0,17541.0,72.0,72.0,87.0,4.1,5786.0,11755.0,1995.0,0.0,1995.0,1995.0,6.0,6.0,9.0,3.01,1820.0,781.0,1039.0,3815.0,8.0,8.0,8.0,7.7,1054.0,451.0,603.0,4869.0,5.0,5.0,6.0,8.29,2451.0,1312.0,1139.0,7320.0,9.0,9.0,10.0,7.9,1580.0,563.0,1017.0,8900.0,7.0,7.0,7.0,6.88,2923.0,954.0,1969.0,11823.0,14.0,14.0,17.0,7.11,5718.0,1725.0,3993.0,17541.0,23.0,23.0,30.0,5.76,,,,,,,,,,,,,,,,,,,,,,,,,
2d186629-3352-40bf-afbd-74f77cfc2714,2025-12-07 08:01:58 UTC,False,14714.0,CFOP,Gan 12 UI Maglev,RandomForest,9276.0,14714.0,,,slow solves,custom_rules,,,,8.0,0.0,0.0,14714.0,63.0,69.0,83.0,4.28,5496.0,9146.0,1111.0,0.0,1111.0,1183.0,5.0,5.0,7.0,4.5,2342.0,966.0,1376.0,3525.0,9.0,10.0,11.0,6.54,2231.0,733.0,1498.0,5756.0,11.0,11.0,14.0,7.34,2334.0,491.0,1843.0,8090.0,13.0,13.0,13.0,7.05,1479.0,379.0,1100.0,9569.0,7.0,7.0,10.0,6.36,1693.0,853.0,840.0,11262.0,9.0,10.0,10.0,10.71,3452.0,2074.0,1378.0,14714.0,9.0,13.0,18.0,6.53,,,,,,,,,,,,,,,,,,,,,,,,,
15fb4d69-2492-4d89-8c9d-eb33dbaf75a2,2025-12-07 08:02:28 UTC,False,15754.0,CFOP,Gan 12 UI Maglev,RandomForest,5182.0,15754.0,,,slow solves,custom_rules,,,,8.0,0.0,0.0,15754.0,72.0,75.0,84.0,4.57,6118.0,9580.0,1306.0,0.0,1306.0,1362.0,7.0,7.0,8.0,5.36,2154.0,1082.0,1072.0,3516.0,7.0,7.0,8.0,6.53,1861.0,379.0,1482.0,5377.0,10.0,11.0,13.0,6.75,2790.0,2113.0,677.0,8167.0,9.0,9.0,9.0,13.29,2437.0,212.0,2225.0,10604.0,12.0,12.0,13.0,5.39,2012.0,860.0,1152.0,12616.0,12.0,12.0,13.0,10.42,3138.0,1472.0,1666.0,15754.0,16.0,17.0,20.0,9.6,,,,,,,,,,,,,,,,,,,,,,,,,
9926d344-b00e-4423-9b73-fc111fdadb28,2025-12-07 08:03:02 UTC,False,13780.0,CFOP,Gan 12 UI Maglev,RandomForest,10830.0,13780.0,,,slow solves,custom_rules,,,,8.0,0.0,0.0,13780.0,60.0,64.0,79.0,4.35,5284.0,8440.0,2422.0,0.0,2422.0,2478.0,7.0,7.0,11.0,2.89,2064.0,686.0,1378.0,4542.0,8.0,8.0,9.0,5.81,1951.0,825.0,1126.0,6493.0,8.0,8.0,10.0,7.1,1655.0,862.0,793.0,8148.0,8.0,8.0,8.0,10.09,1354.0,862.0,492.0,9502.0,8.0,8.0,8.0,16.26,2031.0,942.0,1089.0,11533.0,12.0,12.0,14.0,11.02,2247.0,1107.0,1140.0,13780.0,9.0,13.0,19.0,7.89,,,,,,,,,,,,,,,,,,,,,,,,,
9f22443c-1fb4-48a8-8a0a-a8dd7bf0745b,2025-12-07 08:03:38 UTC,False,14872.0,CFOP,Gan 12 UI Maglev,RandomForest,9092.0,14872.0,,,slow solves,custom_rules,,,,8.0,0.0,0.0,14872.0,61.0,63.0,72.0,4.1,5645.0,9163.0,2875.0,0.0,2875.0,2939.0,15.0,16.0,18.0,5.22,0.0,0.0,0.0,2939.0,0.0,0.0,0.0,0.0,2537.0,1450.0,1087.0,5476.0,8.0,8.0,10.0,7.36,1573.0,870.0,703.0,7049.0,7.0,7.0,7.0,9.96,2016.0,766.0,1250.0,9065.0,8.0,8.0,9.0,6.4,1628.0,815.0,813.0,10693.0,8.0,8.0,9.0,9.84,4179.0,1744.0,2435.0,14872.0,15.0,16.0,19.0,6.16,,,,,,,,,,,,,,,,,,,,,,,,,
123c34c9-86d0-451e-b168-d75f387576d1,2025-12-07 08:04:15 UTC,False,18582.0,CFOP,Gan 12 UI Maglev,RandomForest,6721.0,18582.0,,,slow solves,custom_rules,,,,8.0,0.0,0.0,18582.0,56.0,60.0,73.0,3.01,8565.0,10017.0,2166.0,0.0,2166.0,2166.0,8.0,8.0,9.0,3.69,2625.0,1586.0,1039.0,4791.0,7.0,7.0,7.0,6.74,2898.0,1361.0,1537.0,7689.0,8.0,8.0,8.0,5.2,2867.0,1790.0,1077.0,10556.0,8.0,8.0,8.0,7.43,1792.0,1119.0,673.0,12348.0,7.0,7.0,7.0,10.4,2370.0,1274.0,1096.0,14718.0,10.0,10.0,13.0,9.12,3864.0,1435.0,2429.0,18582.0,8.0,12.0,21.0,3.29,,,,,,,,,,,,,,,,,,,,,,,,,
e918111d-61f8-4c3c-98e8-2a1aeac4a954,2025-12-07 08:04:51 UTC,False,23640.0,CFOP,Gan 12 UI Maglev,RandomForest,2765.0,23640.0,,,slow solves,custom_rules,,,,8.0,0.0,0.0,23640.0,65.0,76.0,98.0,2.75,9861.0,13522.0,1249.0,0.0,1249.0,1506.0,5.0,6.0,7.0,4.0,4052.0,2844.0,1208.0,5558.0,8.0,8.0,8.0,6.62,1423.0,1085.0,338.0,6981.0,4.0,4.0,5.0,11.83,2520.0,1489.0,1031.0,9501.0,12.0,12.0,12.0,11.64,3237.0,2250.0,987.0,12738.0,8.0,8.0,9.0,8.11,1774.0,871.0,903.0,14512.0,9.0,9.0,9.0,9.97,9128.0,1322.0,7806.0,23640.0,19.0,29.0,48.0,2.43,,,,,,,,,,,,,,,,,,,,,,,,,
3f7a6fb6-5d1b-45ce-b7f3-b2f7577eabb7,2025-12-07 08:05:23 UTC,False,16565.0,CFOP,Gan 12 UI Maglev,RandomForest,4915.0,16565.0,,,slow solves,custom_rules,,,,8.0,0.0,0.0,16565.0,59.0,59.0,71.0,3.56,6001.0,10515.0,3349.0,0.0,3349.0,3398.0,8.0,8.0,11.0,2.39,2788.0,1266.0,1522.0,6186.0,8.0,8.0,10.0,5.26,1997.0,764.0,1233.0,8183.0,8.0,8.0,9.0,6.49,1585.0,733.0,852.0,9768.0,7.0,7.0,8.0,8.22,1785.0,1184.0,601.0,11553.0,8.0,8.0,8.0,13.31,1388.0,757.0,631.0,12941.0,7.0,7.0,7.0,11.09,3624.0,1297.0,2327.0,16565.0,13.0,13.0,18.0,5.59,,,,,,,,,,,,,,,,,,,,,,,,,
bdaa16da-8309-4e50-99f7-1def89fcf70c,2025-12-07 08:05:53 UTC,False,14107.0,CFOP,Gan 12 UI Maglev,RandomForest,5580.0,14107.0,,,slow solves,custom_rules,,,,8.0,0.0,0.0,14107.0,60.0,61.0,69.0,4.25,5454.0,8653.0,1627.0,0.0,1627.0,1627.0,6.0,6.0,6.0,3.69,1727.0,225.0,1502.0,3354.0,6.0,6.0,7.0,3.99,1503.0,621.0,882.0,4857.0,7.0,7.0,8.0,7.94,2584.0,1393.0,1191.0,7441.0,8.0,8.0,10.0,6.72,1515.0,1250.0,265.0,8956.0,4.0,4.0,4.0,15.09,1582.0,701.0,881.0,10538.0,9.0,10.0,10.0,10.22,3569.0,1264.0,2305.0,14107.0,21.0,21.0,24.0,9.11,,,,,,,,,,,,,,,,,,,,,,,,,
ba7ce0f7-3cd4-40ed-be9a-d9a44e858803,2025-12-07 08:06:26 UTC,False,14449.0,CFOP,Gan 12 UI Maglev,RandomForest,10478.0,14449.0,,,slow solves,custom_rules,,,,8.0,0.0,0.0,14449.0,62.0,65.0,74.0,4.29,3489.0,10960.0,5290.0,0.0,5290.0,5290.0,20.0,20.0,22.0,3.78,0.0,0.0,0.0,5290.0,0.0,0.0,0.0,0.0,0.0,0.0,0.0,5290.0,0.0,0.0,0.0,0.0,1817.0,709.0,1108.0,7107.0,7.0,7.0,8.0,6.32,1441.0,782.0,659.0,8548.0,8.0,8.0,10.0,12.14,1828.0,677.0,1151.0,10376.0,10.0,11.0,11.0,8.69,4073.0,1321.0,2752.0,14449.0,17.0,19.0,23.0,6.18,,,,,,,,,,,,,,,,,,,,,,,,,
56a6ca7c-8258-4899-96dd-3dd2f95cca8b,2025-12-07 08:08:28 UTC,False,17900.0,CFOP,Gan 12 UI Maglev,RandomForest,14364.0,17900.0,,,slow solves,custom_rules,,,,8.0,0.0,0.0,17900.0,66.0,72.0,94.0,3.69,6656.0,11244.0,3173.0,0.0,3173.0,3173.0,9.0,9.0,11.0,2.84,2411.0,1073.0,1338.0,5584.0,9.0,10.0,11.0,6.73,1056.0,443.0,613.0,6640.0,5.0,5.0,7.0,8.16,1765.0,1169.0,596.0,8405.0,6.0,6.0,9.0,10.07,1802.0,1552.0,250.0,10207.0,4.0,4.0,6.0,16.0,2408.0,1138.0,1270.0,12615.0,10.0,10.0,14.0,7.87,5285.0,1281.0,4004.0,17900.0,23.0,28.0,36.0,5.74,,,,,,,,,,,,,,,,,,,,,,,,,
ee5d8ca7-580e-450d-9f3d-4561c7540733,2025-12-07 08:09:06 UTC,False,22025.0,CFOP,Gan 12 UI Maglev,RandomForest,4515.0,22025.0,,,slow solves,custom_rules,,,,8.0,0.0,0.0,22025.0,68.0,68.0,77.0,3.09,11773.0,10252.0,2175.0,0.0,2175.0,2175.0,8.0,8.0,9.0,3.68,4589.0,3189.0,1400.0,6764.0,8.0,8.0,9.0,5.71,1929.0,765.0,1164.0,8693.0,8.0,8.0,10.0,6.87,1511.0,524.0,987.0,10204.0,8.0,8.0,9.0,8.11,5427.0,3634.0,1793.0,15631.0,12.0,12.0,13.0,6.69,2039.0,1064.0,975.0,17670.0,8.0,8.0,10.0,8.21,4355.0,2597.0,1758.0,22025.0,16.0,16.0,17.0,9.1,,,,,,,,,,,,,,,,,,,,,,,,,
9f22c416-3470-4e78-8cd2-b727161b1d19,2025-12-07 08:09:38 UTC,False,12541.0,CFOP,Gan 12 UI Maglev,RandomForest,6560.0,12541.0,,,slow solves,custom_rules,,,,8.0,0.0,0.0,12541.0,70.0,70.0,76.0,5.58,3248.0,9293.0,2329.0,0.0,2329.0,2329.0,8.0,8.0,8.0,3.43,1768.0,515.0,1253.0,4097.0,12.0,12.0,13.0,9.58,1443.0,645.0,798.0,5540.0,7.0,7.0,8.0,8.77,1681.0,362.0,1319.0,7221.0,7.0,7.0,8.0,5.31,1205.0,282.0,923.0,8426.0,8.0,8.0,9.0,8.67,1954.0,717.0,1237.0,10380.0,13.0,13.0,13.0,10.51,2161.0,727.0,1434.0,12541.0,15.0,15.0,17.0,10.46,,,,,,,,,,,,,,,,,,,,,,,,,
7e6c35a4-52f5-4ea0-9fb1-dc11873bfded,2025-12-07 08:10:28 UTC,False,26907.0,CFOP,Gan 12 UI Maglev,RandomForest,8068.0,26907.0,,,slow solves,custom_rules,,,,8.0,0.0,0.0,26907.0,72.0,74.0,83.0,2.68,17123.0,9784.0,1849.0,0.0,1849.0,1849.0,6.0,6.0,7.0,3.24,1789.0,669.0,1120.0,3638.0,8.0,8.0,9.0,7.14,1340.0,459.0,881.0,4978.0,12.0,12.0,12.0,13.62,2369.0,1064.0,1305.0,7347.0,8.0,8.0,8.0,6.13,3429.0,2154.0,1275.0,10776.0,11.0,11.0,11.0,8.63,3578.0,2329.0,1249.0,14354.0,11.0,11.0,15.0,8.81,12553.0,10448.0,2105.0,26907.0,16.0,18.0,21.0,7.6,,,,,,,,,,,,,,,,,,,,,,,,,
8d15368e-ddcc-40b4-a09f-39fc2a69ed8c,2025-12-07 08:11:07 UTC,False,22997.0,CFOP,Gan 12 UI Maglev,RandomForest,4212.0,22997.0,,,slow solves,custom_rules,,,,8.0,0.0,0.0,22997.0,67.0,67.0,71.0,2.91,10508.0,12489.0,5205.0,0.0,5205.0,5205.0,9.0,9.0,9.0,1.73,2201.0,575.0,1626.0,7406.0,7.0,7.0,9.0,4.31,1733.0,725.0,1008.0,9139.0,8.0,8.0,9.0,7.94,3154.0,2075.0,1079.0,12293.0,9.0,9.0,10.0,8.34,1352.0,603.0,749.0,13645.0,7.0,7.0,7.0,9.35,1426.0,580.0,846.0,15071.0,8.0,8.0,8.0,9.46,7926.0,5950.0,1976.0,22997.0,19.0,19.0,19.0,9.62,,,,,,,,,,,,,,,,,,,,,,,,,
62bd9b5e-006e-4ba6-a565-64799013171f,2025-12-07 08:11:40 UTC,False,16479.0,CFOP,Gan 12 UI Maglev,RandomForest,6039.0,16479.0,,,slow solves,custom_rules,,,,8.0,0.0,0.0,16479.0,73.0,74.0,84.0,4.43,5130.0,11349.0,2081.0,0.0,2081.0,2081.0,9.0,9.0,11.0,4.32,1186.0,403.0,783.0,3267.0,8.0,8.0,8.0,10.22,2433.0,1185.0,1248.0,5700.0,8.0,8.0,10.0,6.41,2857.0,760.0,2097.0,8557.0,8.0,8.0,8.0,3.81,3101.0,548.0,2553.0,11658.0,12.0,12.0,14.0,4.7,2036.0,1015.0,1021.0,13694.0,12.0,12.0,13.0,11.75,2785.0,1219.0,1566.0,16479.0,16.0,17.0,20.0,10.22,,,,,,,,,,,,,,,,,,,,,,,,,
f76779d2-bfd9-40f6-a14e-a50944f28970,2025-12-07 08:12:29 UTC,False,13765.0,CFOP,Gan 12 UI Maglev,RandomForest,21712.0,13765.0,,,slow solves,custom_rules,,,,8.0,0.0,0.0,13765.0,59.0,60.0,70.0,4.29,6703.0,7062.0,733.0,0.0,733.0,733.0,4.0,4.0,5.0,5.46,3578.0,2114.0,1464.0,4311.0,9.0,9.0,12.0,6.15,2116.0,1456.0,660.0,6427.0,7.0,7.0,8.0,10.61,1473.0,685.0,788.0,7900.0,7.0,7.0,7.0,8.88,2305.0,644.0,1661.0,10205.0,8.0,8.0,11.0,4.82,1473.0,739.0,734.0,11678.0,10.0,11.0,11.0,13.62,2087.0,1065.0,1022.0,13765.0,14.0,14.0,16.0,13.7,,,,,,,,,,,,,,,,,,,,,,,,,
124efbe0-16e1-4464-a55f-c69d1617bc31,2025-12-07 08:13:02 UTC,False,16091.0,CFOP,Gan 12 UI Maglev,RandomForest,7652.0,16091.0,,,slow solves,custom_rules,,,,8.0,0.0,0.0,16091.0,63.0,68.0,77.0,3.92,5640.0,10161.0,2344.0,0.0,2344.0,2634.0,8.0,9.0,10.0,3.41,1159.0,314.0,845.0,3793.0,7.0,7.0,8.0,8.28,3261.0,1898.0,1363.0,7054.0,8.0,8.0,9.0,5.87,3481.0,1193.0,2288.0,10535.0,13.0,13.0,13.0,5.68,1965.0,411.0,1554.0,12500.0,11.0,11.0,11.0,7.08,1371.0,678.0,693.0,13871.0,7.0,7.0,8.0,10.1,2220.0,1146.0,1074.0,16091.0,9.0,13.0,18.0,8.38,,,,,,,,,,,,,,,,,,,,,,,,,
c81a9737-1ae0-4c8e-86d5-a8633dda2d14,2025-12-07 08:13:52 UTC,False,15622.0,CFOP,Gan 12 UI Maglev,RandomForest,19747.0,15622.0,,,slow solves,custom_rules,,,,8.0,0.0,0.0,15622.0,66.0,71.0,85.0,4.22,5420.0,10145.0,2998.0,0.0,2998.0,3055.0,8.0,8.0,12.0,2.67,0.0,0.0,0.0,3055.0,0.0,0.0,0.0,0.0,2161.0,509.0,1652.0,5216.0,12.0,13.0,13.0,7.26,2425.0,1426.0,999.0,7641.0,9.0,9.0,12.0,9.01,2399.0,1213.0,1186.0,10040.0,10.0,10.0,12.0,8.43,3365.0,1152.0,2213.0,13405.0,16.0,16.0,18.0,7.23,2217.0,1120.0,1097.0,15622.0,11.0,15.0,18.0,10.03,,,,,,,,,,,,,,,,,,,,,,,,,
79179b8b-0a1f-4f29-8286-c9e7fc538c33,2025-12-07 08:14:59 UTC,False,26163.0,CFOP,Gan 12 UI Maglev,RandomForest,6783.0,26163.0,,,slow solves,custom_rules,,,,8.0,0.0,0.0,26163.0,70.0,70.0,83.0,2.68,8600.0,17563.0,7675.0,0.0,7675.0,7675.0,14.0,14.0,14.0,1.82,1882.0,354.0,1528.0,9557.0,10.0,10.0,11.0,6.54,5024.0,1571.0,3453.0,14581.0,10.0,10.0,12.0,2.9,2813.0,1232.0,1581.0,17394.0,8.0,8.0,9.0,5.06,2218.0,1477.0,741.0,19612.0,7.0,7.0,9.0,9.45,2397.0,1327.0,1070.0,22009.0,10.0,10.0,13.0,9.35,4154.0,2639.0,1515.0,26163.0,11.0,11.0,15.0,7.26,,,,,,,,,,,,,,,,,,,,,,,,,
8ef22818-97d7-49c5-a243-191c922c2533,2025-12-07 08:15:42 UTC,False,17989.0,CFOP,Gan 12 UI Maglev,RandomForest,7044.0,17989.0,,,slow solves,custom_rules,,,,8.0,0.0,0.0,17989.0,77.0,80.0,90.0,4.28,5043.0,12946.0,1094.0,0.0,1094.0,1094.0,5.0,6.0,7.0,4.57,5892.0,648.0,5244.0,6986.0,19.0,19.0,21.0,3.62,2423.0,1191.0,1232.0,9409.0,7.0,7.0,8.0,5.68,1928.0,600.0,1328.0,11337.0,10.0,11.0,12.0,7.53,1956.0,437.0,1519.0,13293.0,13.0,13.0,14.0,8.56,1881.0,878.0,1003.0,15174.0,9.0,9.0,12.0,8.97,2815.0,1289.0,1526.0,17989.0,15.0,15.0,16.0,9.83,,,,,,,,,,,,,,,,,,,,,,,,,
409cc120-c695-4913-ad33-af295dcf54b2,2025-12-07 08:16:26 UTC,False,25914.0,CFOP,Gan 12 UI Maglev,RandomForest,8312.0,25914.0,,,slow solves,custom_rules,,,,8.0,0.0,0.0,25914.0,88.0,92.0,104.0,3.4,8097.0,17592.0,2763.0,0.0,2763.0,2988.0,8.0,8.0,10.0,2.9,4713.0,3324.0,1389.0,7701.0,9.0,9.0,9.0,6.48,1729.0,453.0,1276.0,9430.0,8.0,8.0,8.0,6.27,3807.0,2192.0,1615.0,13237.0,11.0,12.0,14.0,6.81,709.0,363.0,346.0,13946.0,4.0,4.0,4.0,11.56,1720.0,858.0,862.0,15666.0,8.0,8.0,9.0,9.28,10248.0,907.0,9341.0,25914.0,40.0,43.0,50.0,4.28,,,,,,,,,,,,,,,,,,,,,,,,,
af61b255-bba9-4121-abf8-4c762383fe67,2025-12-07 08:16:58 UTC,False,14206.0,CFOP,Gan 12 UI Maglev,RandomForest,8344.0,14206.0,,,slow solves,custom_rules,,,,8.0,0.0,0.0,14206.0,62.0,63.0,69.0,4.36,6173.0,8033.0,1184.0,0.0,1184.0,1184.0,5.0,5.0,5.0,4.22,2903.0,1412.0,1491.0,4087.0,7.0,7.0,8.0,4.69,1776.0,491.0,1285.0,5863.0,8.0,8.0,9.0,6.23,1552.0,612.0,940.0,7415.0,12.0,12.0,12.0,12.77,1609.0,1255.0,354.0,9024.0,4.0,4.0,5.0,11.3,2141.0,1199.0,942.0,11165.0,11.0,11.0,12.0,11.68,3041.0,1204.0,1837.0,14206.0,15.0,16.0,18.0,8.17,,,,,,,,,,,,,,,,,,,,,,,,,
4d47d091-32ae-4a62-8ec4-6db6ba294f7a,2025-12-07 08:17:40 UTC,False,16706.0,CFOP,Gan 12 UI Maglev,RandomForest,16178.0,16706.0,,,slow solves,custom_rules,,,,8.0,0.0,0.0,16706.0,70.0,70.0,81.0,4.19,5366.0,11340.0,3524.0,0.0,3524.0,3524.0,10.0,10.0,12.0,2.84,1087.0,257.0,830.0,4611.0,7.0,7.0,7.0,8.43,3327.0,1025.0,2302.0,7938.0,13.0,13.0,14.0,5.65,1941.0,1692.0,249.0,9879.0,4.0,4.0,5.0,16.06,1810.0,629.0,1181.0,11689.0,8.0,8.0,11.0,6.77,1965.0,813.0,1152.0,13654.0,10.0,10.0,14.0,8.68,3052.0,950.0,2102.0,16706.0,18.0,18.0,18.0,8.56,,,,,,,,,,,,,,,,,,,,,,,,,
61eeef5f-de07-4020-ba18-5025edd0b81b,2025-12-07 08:24:44 UTC,False,17024.0,CFOP,Gan 12 UI Maglev,RandomForest,6431.0,17024.0,,,slow solves,custom_rules,,,,8.0,0.0,0.0,17024.0,71.0,73.0,82.0,4.17,6836.0,10188.0,1363.0,0.0,1363.0,1363.0,7.0,7.0,9.0,5.14,3367.0,1097.0,2270.0,4730.0,12.0,12.0,14.0,5.29,1864.0,403.0,1461.0,6594.0,9.0,10.0,10.0,6.16,1419.0,355.0,1064.0,8013.0,7.0,7.0,7.0,6.58,3144.0,2555.0,589.0,11157.0,8.0,8.0,8.0,13.58,3203.0,1305.0,1898.0,14360.0,14.0,14.0,17.0,7.38,2664.0,1121.0,1543.0,17024.0,14.0,15.0,17.0,9.07,,,,,,,,,,,,,,,,,,,,,,,,,
1980fa8f-9941-4756-b254-d4cde37b6714,2025-12-07 08:25:22 UTC,False,21269.0,CFOP,Gan 12 UI Maglev,RandomForest,5458.0,21269.0,,,slow solves,custom_rules,,,,8.0,0.0,0.0,21269.0,56.0,59.0,65.0,2.63,12260.0,8751.0,1623.0,0.0,1623.0,1881.0,4.0,5.0,6.0,2.46,1152.0,564.0,588.0,3033.0,4.0,4.0,4.0,6.8,2844.0,1632.0,1212.0,5877.0,8.0,8.0,10.0,6.6,1899.0,1634.0,265.0,7776.0,5.0,5.0,5.0,18.87,2237.0,1262.0,975.0,10013.0,9.0,9.0,9.0,9.23,8398.0,6652.0,1746.0,18411.0,10.0,11.0,12.0,5.73,2858.0,516.0,2342.0,21269.0,16.0,17.0,19.0,6.83,,,,,,,,,,,,,,,,,,,,,,,,,
9df20484-4f5e-4d86-aa41-598929e3b401,2025-12-07 08:25:54 UTC,False,16556.0,CFOP,Gan 12 UI Maglev,RandomForest,3633.0,16556.0,,,slow solves,custom_rules,,,,8.0,0.0,0.0,16556.0,71.0,71.0,77.0,4.29,5994.0,10490.0,2029.0,0.0,2029.0,2101.0,8.0,8.0,9.0,3.94,2297.0,363.0,1934.0,4398.0,11.0,11.0,11.0,5.69,2892.0,1942.0,950.0,7290.0,8.0,8.0,9.0,8.42,2569.0,1020.0,1549.0,9859.0,8.0,8.0,9.0,5.16,1729.0,1087.0,642.0,11588.0,8.0,8.0,8.0,12.46,2371.0,813.0,1558.0,13959.0,10.0,10.0,13.0,6.42,2597.0,769.0,1828.0,16556.0,18.0,18.0,18.0,9.85,,,,,,,,,,,,,,,,,,,,,,,,,
66fce785-6636-4d01-bc87-e667fdf4afe7,2025-12-07 08:26:33 UTC,False,20405.0,CFOP,Gan 12 UI Maglev,RandomForest,8019.0,20405.0,,,slow solves,custom_rules,,,,8.0,0.0,0.0,20405.0,68.0,73.0,90.0,3.33,6195.0,14161.0,1694.0,0.0,1694.0,1743.0,5.0,5.0,7.0,2.95,4860.0,862.0,3998.0,6603.0,22.0,23.0,28.0,5.5,6133.0,1286.0,4847.0,12736.0,11.0,11.0,14.0,2.27,1008.0,589.0,419.0,13744.0,4.0,4.0,4.0,9.55,2505.0,1755.0,750.0,16249.0,8.0,8.0,10.0,10.67,1258.0,596.0,662.0,17507.0,9.0,9.0,9.0,13.6,2898.0,1107.0,1791.0,20405.0,9.0,13.0,18.0,5.03,,,,,,,,,,,,,,,,,,,,,,,,,
2aeae0dc-f6a3-4d7f-bf0f-e0d4b05947f4,2025-12-07 08:39:35 UTC,False,20897.0,CFOP,Gan 12 UI Maglev,RandomForest,14543.0,20897.0,,,slow solves,custom_rules,,,,8.0,0.0,0.0,20897.0,76.0,78.0,87.0,3.64,7853.0,13044.0,1723.0,0.0,1723.0,1723.0,7.0,7.0,8.0,4.06,5292.0,1917.0,3375.0,7015.0,14.0,14.0,16.0,4.15,5945.0,3144.0,2801.0,12960.0,13.0,13.0,14.0,4.64,1641.0,516.0,1125.0,14601.0,7.0,7.0,7.0,6.22,1168.0,459.0,709.0,15769.0,8.0,8.0,9.0,11.28,1860.0,684.0,1176.0,17629.0,12.0,12.0,13.0,10.2,3268.0,1133.0,2135.0,20897.0,15.0,17.0,20.0,7.03,,,,,,,,,,,,,,,,,,,,,,,,,
c212bab2-0159-4ee6-9983-d349ebfe4e96,2025-12-07 08:40:46 UTC,False,18029.0,CFOP,Gan 12 UI Maglev,RandomForest,34171.0,18029.0,,,gan12,custom_rules,,,,8.0,0.0,0.0,18029.0,63.0,68.0,81.0,3.49,7092.0,10864.0,1513.0,0.0,1513.0,1586.0,5.0,6.0,7.0,3.3,3637.0,1152.0,2485.0,5223.0,16.0,16.0,17.0,6.44,1595.0,911.0,684.0,6818.0,6.0,6.0,7.0,8.77,4552.0,1257.0,3295.0,11370.0,12.0,12.0,14.0,3.64,1735.0,1211.0,524.0,13105.0,8.0,8.0,9.0,15.27,2411.0,1054.0,1357.0,15516.0,8.0,8.0,10.0,5.9,2513.0,1507.0,1006.0,18029.0,8.0,12.0,17.0,7.95,,,,,,,,,,,,,,,,,,,,,,,,,
10fc54a1-f896-4ea6-bd2a-5aee847bc418,2025-12-07 08:41:45 UTC,False,34245.0,CFOP,Gan 12 UI Maglev,RandomForest,11241.0,34245.0,,,gan12,custom_rules,,,,8.0,0.0,0.0,34245.0,70.0,74.0,89.0,2.04,6824.0,27421.0,3314.0,0.0,3314.0,3314.0,7.0,7.0,8.0,2.11,2033.0,153.0,1880.0,5347.0,11.0,11.0,12.0,5.85,16696.0,1546.0,15150.0,22043.0,18.0,18.0,18.0,1.19,693.0,524.0,169.0,22736.0,3.0,3.0,3.0,17.75,7781.0,2634.0,5147.0,30517.0,15.0,15.0,20.0,2.91,1623.0,766.0,857.0,32140.0,8.0,8.0,9.0,9.33,2105.0,1201.0,904.0,34245.0,9.0,13.0,19.0,9.96,,,,,,,,,,,,,,,,,,,,,,,,,
9f120473-549f-4608-b792-68146a68c3b0,2025-12-07 08:42:20 UTC,False,20242.0,CFOP,Gan 12 UI Maglev,RandomForest,5242.0,20242.0,,,gan12,custom_rules,,,,8.0,0.0,0.0,20242.0,79.0,84.0,94.0,3.9,1014.0,19228.0,12667.0,0.0,12667.0,12667.0,44.0,45.0,51.0,3.47,0.0,0.0,0.0,12667.0,0.0,0.0,0.0,0.0,2753.0,564.0,2189.0,15420.0,8.0,12.0,13.0,3.65,4822.0,450.0,4372.0,20242.0,28.0,28.0,30.0,6.4,0.0,0.0,0.0,20242.0,0.0,0.0,0.0,0.0,0.0,0.0,0.0,20242.0,0.0,0.0,0.0,0.0,0.0,0.0,0.0,20242.0,0.0,0.0,0.0,0.0,,,,,,,,,,,,,,,,,,,,,,,,,
a38423cf-07a2-47e7-88ed-ae6b6f68f6d9,2025-12-07 08:43:04 UTC,False,21389.0,CFOP,Gan 12 UI Maglev,RandomForest,12712.0,21389.0,,,gan12,custom_rules,,,,8.0,0.0,0.0,21389.0,83.0,91.0,107.0,3.88,7425.0,13964.0,1346.0,0.0,1346.0,1346.0,7.0,7.0,8.0,5.2,1651.0,918.0,733.0,2997.0,9.0,9.0,10.0,12.28,3763.0,476.0,3287.0,6760.0,11.0,11.0,12.0,3.35,5402.0,2360.0,3042.0,12162.0,13.0,14.0,15.0,4.27,1193.0,362.0,831.0,13355.0,12.0,12.0,12.0,14.44,4621.0,1340.0,3281.0,17976.0,21.0,23.0,28.0,6.4,3413.0,1969.0,1444.0,21389.0,10.0,15.0,22.0,6.93,,,,,,,,,,,,,,,,,,,,,,,,,
bcc6e300-e1ba-4a67-8718-014af6df3079,2025-12-07 08:43:39 UTC,False,19671.0,CFOP,Gan 12 UI Maglev,RandomForest,5950.0,19671.0,,,gan12,custom_rules,,,,8.0,0.0,0.0,19671.0,76.0,84.0,105.0,3.86,7284.0,12387.0,1145.0,0.0,1145.0,1145.0,5.0,5.0,6.0,4.37,4728.0,1260.0,3468.0,5873.0,14.0,14.0,17.0,4.04,2561.0,902.0,1659.0,8434.0,11.0,11.0,12.0,6.63,3372.0,2120.0,1252.0,11806.0,13.0,13.0,13.0,10.38,1857.0,1213.0,644.0,13663.0,8.0,8.0,8.0,12.42,1655.0,834.0,821.0,15318.0,8.0,8.0,10.0,9.74,4353.0,955.0,3398.0,19671.0,17.0,25.0,39.0,5.0,,,,,,,,,,,,,,,,,,,,,,,,,
bf53da9b-11b2-4e62-850a-1b258c032ee5,2025-12-07 08:44:16 UTC,False,19691.0,CFOP,Gan 12 UI Maglev,RandomForest,7115.0,19691.0,,,gan12,custom_rules,,,,8.0,0.0,0.0,19691.0,85.0,86.0,96.0,4.32,7978.0,11713.0,1785.0,0.0,1785.0,1785.0,6.0,6.0,6.0,3.36,2431.0,1891.0,540.0,4216.0,9.0,9.0,10.0,16.67,1942.0,983.0,959.0,6158.0,12.0,12.0,12.0,12.51,3018.0,1141.0,1877.0,9176.0,12.0,12.0,14.0,6.39,4686.0,1147.0,3539.0,13862.0,19.0,19.0,23.0,5.37,2815.0,1278.0,1537.0,16677.0,12.0,12.0,13.0,7.81,3014.0,1538.0,1476.0,19691.0,15.0,16.0,18.0,10.16,,,,,,,,,,,,,,,,,,,,,,,,,
90a226dd-a085-4bbe-8724-8e890e9ac52a,2025-12-07 08:44:50 UTC,False,14111.0,CFOP,Gan 12 UI Maglev,RandomForest,8638.0,14111.0,,,gan12,custom_rules,,,,8.0,0.0,0.0,14111.0,55.0,55.0,65.0,3.9,7661.0,6450.0,1675.0,0.0,1675.0,1675.0,6.0,6.0,8.0,3.58,1615.0,1350.0,265.0,3290.0,4.0,4.0,5.0,15.09,2735.0,1356.0,1379.0,6025.0,9.0,9.0,11.0,6.53,2075.0,1734.0,341.0,8100.0,4.0,4.0,6.0,11.73,1923.0,1120.0,803.0,10023.0,8.0,8.0,9.0,9.96,1391.0,750.0,641.0,11414.0,8.0,8.0,9.0,12.48,2697.0,1351.0,1346.0,14111.0,16.0,16.0,17.0,11.89,,,,,,,,,,,,,,,,,,,,,,,,,
f47b53fe-7b36-44be-93ae-b993cc206cde,2025-12-07 08:45:29 UTC,False,19441.0,CFOP,Gan 12 UI Maglev,RandomForest,8497.0,19441.0,,,gan12,custom_rules,,,,8.0,0.0,0.0,19441.0,75.0,84.0,105.0,3.86,4007.0,15434.0,1597.0,0.0,1597.0,1597.0,6.0,6.0,8.0,3.76,2132.0,693.0,1439.0,3729.0,9.0,10.0,11.0,6.25,4146.0,409.0,3737.0,7875.0,16.0,16.0,18.0,4.28,1777.0,681.0,1096.0,9652.0,7.0,7.0,7.0,6.39,1646.0,249.0,1397.0,11298.0,7.0,7.0,7.0,5.01,2166.0,1151.0,1015.0,13464.0,10.0,10.0,14.0,9.85,5977.0,824.0,5153.0,19441.0,20.0,28.0,40.0,3.88,,,,,,,,,,,,,,,,,,,,,,,,,
16f5d9ab-f326-4a8e-a2de-254e5da5a90f,2025-12-07 08:45:58 UTC,False,15552.0,CFOP,Gan 12 UI Maglev,RandomForest,3976.0,15552.0,,,gan12,custom_rules,,,,8.0,0.0,0.0,15552.0,63.0,63.0,71.0,4.05,6432.0,9120.0,2287.0,0.0,2287.0,2287.0,8.0,8.0,9.0,3.5,1968.0,1057.0,911.0,4255.0,7.0,7.0,8.0,7.68,2185.0,1040.0,1145.0,6440.0,7.0,7.0,8.0,6.11,1990.0,1079.0,911.0,8430.0,8.0,8.0,8.0,8.78,3100.0,1630.0,1470.0,11530.0,10.0,10.0,11.0,6.8,1257.0,596.0,661.0,12787.0,8.0,8.0,8.0,12.1,2765.0,1030.0,1735.0,15552.0,16.0,16.0,19.0,9.22,,,,,,,,,,,,,,,,,,,,,,,,,
373d7723-5ce4-4780-bf88-877e0cecd6f7,2025-12-07 08:46:32 UTC,False,14980.0,CFOP,Gan 12 UI Maglev,RandomForest,9767.0,14980.0,,,gan12,custom_rules,,,,8.0,0.0,0.0,14980.0,73.0,73.0,82.0,4.87,4929.0,9971.0,701.0,0.0,701.0,781.0,4.0,4.0,5.0,5.71,3255.0,419.0,2836.0,4036.0,14.0,14.0,14.0,4.94,2354.0,766.0,1588.0,6390.0,8.0,8.0,8.0,5.04,1547.0,1023.0,524.0,7937.0,8.0,8.0,9.0,15.27,1345.0,830.0,515.0,9282.0,8.0,8.0,8.0,15.53,2397.0,1044.0,1353.0,11679.0,11.0,11.0,15.0,8.13,3301.0,847.0,2454.0,14980.0,20.0,20.0,23.0,8.15,,,,,,,,,,,,,,,,,,,,,,,,,
b82bf143-8c20-493d-a544-dfb6f6fd02c5,2025-12-07 11:27:34 UTC,False,14065.0,CFOP,Gan 12 UI Maglev,RandomForest,24558.0,14065.0,,,gan12,custom_rules,,,,8.0,0.0,0.0,14065.0,52.0,52.0,62.0,3.7,6392.0,7673.0,443.0,0.0,443.0,443.0,3.0,3.0,3.0,6.77,3178.0,605.0,2573.0,3621.0,10.0,10.0,12.0,3.89,2697.0,1815.0,882.0,6318.0,9.0,9.0,9.0,10.2,1253.0,580.0,673.0,7571.0,7.0,7.0,7.0,10.4,1337.0,966.0,371.0,8908.0,3.0,3.0,4.0,8.09,1965.0,668.0,1297.0,10873.0,10.0,10.0,13.0,7.71,3192.0,1758.0,1434.0,14065.0,10.0,10.0,14.0,6.97,,,,,,,,,,,,,,,,,,,,,,,,,
eb29f120-2521-4124-ab71-c9b4f5a3ba82,2025-12-07 11:28:26 UTC,False,22510.0,CFOP,Gan 12 UI Maglev,RandomForest,19924.0,22510.0,,,gan12,custom_rules,,,,8.0,0.0,0.0,22510.0,72.0,76.0,84.0,3.2,7310.0,15200.0,6912.0,0.0,6912.0,6912.0,20.0,20.0,22.0,2.89,0.0,0.0,0.0,6912.0,0.0,0.0,0.0,0.0,4291.0,2381.0,1910.0,11203.0,7.0,7.0,9.0,3.66,1587.0,870.0,717.0,12790.0,6.0,7.0,7.0,8.37,2986.0,1587.0,1399.0,15776.0,10.0,10.0,11.0,7.15,2570.0,1498.0,1072.0,18346.0,12.0,14.0,15.0,11.19,4164.0,974.0,3190.0,22510.0,17.0,18.0,20.0,5.33,,,,,,,,,,,,,,,,,,,,,,,,,
d17ea2b9-46f5-41cf-bbd3-0505e1e429d4,2025-12-07 11:29:00 UTC,False,17589.0,CFOP,Gan 12 UI Maglev,RandomForest,5710.0,17589.0,,,gan12,custom_rules,,,,8.0,0.0,0.0,17589.0,57.0,62.0,74.0,3.24,7797.0,9792.0,2102.0,0.0,2102.0,2102.0,7.0,7.0,8.0,3.33,2804.0,1467.0,1337.0,4906.0,8.0,8.0,9.0,5.98,1625.0,314.0,1311.0,6531.0,7.0,7.0,7.0,5.34,3890.0,3029.0,861.0,10421.0,8.0,9.0,10.0,9.29,1805.0,798.0,1007.0,12226.0,8.0,8.0,9.0,7.94,2254.0,1118.0,1136.0,14480.0,9.0,9.0,10.0,7.92,3109.0,1071.0,2038.0,17589.0,10.0,14.0,21.0,4.91,,,,,,,,,,,,,,,,,,,,,,,,,
e046f80d-6a25-49f2-9f35-b4e341f8e47b,2025-12-07 11:29:37 UTC,False,13126.0,CFOP,Gan 12 UI Maglev,RandomForest,12232.0,13126.0,,,gan12,custom_rules,,,,8.0,0.0,0.0,13126.0,52.0,56.0,69.0,3.96,7008.0,6118.0,750.0,0.0,750.0,750.0,4.0,4.0,6.0,5.33,1663.0,629.0,1034.0,2413.0,9.0,9.0,11.0,8.7,1411.0,879.0,532.0,3824.0,4.0,4.0,5.0,7.52,3253.0,1865.0,1388.0,7077.0,13.0,13.0,14.0,9.37,2518.0,1954.0,564.0,9595.0,7.0,7.0,7.0,12.41,1271.0,532.0,739.0,10866.0,8.0,8.0,8.0,10.83,2260.0,1149.0,1111.0,13126.0,8.0,12.0,18.0,7.2,,,,,,,,,,,,,,,,,,,,,,,,,
a29e5f05-1db4-423c-ab15-d540df535482,2025-12-07 11:30:30 UTC,False,19413.0,CFOP,Gan 12 UI Maglev,RandomForest,25173.0,19413.0,,,gan12,custom_rules,,,,8.0,0.0,0.0,19413.0,77.0,83.0,95.0,3.97,3390.0,16023.0,10546.0,0.0,10546.0,10546.0,37.0,41.0,48.0,3.51,0.0,0.0,0.0,10546.0,0.0,0.0,0.0,0.0,0.0,0.0,0.0,10546.0,0.0,0.0,0.0,0.0,0.0,0.0,0.0,10546.0,0.0,0.0,0.0,0.0,2576.0,814.0,1762.0,13122.0,11.0,11.0,12.0,6.24,3201.0,1408.0,1793.0,16323.0,10.0,12.0,15.0,5.58,3090.0,1168.0,1922.0,19413.0,19.0,19.0,20.0,9.89,,,,,,,,,,,,,,,,,,,,,,,,,
0516be26-2ecd-4fbc-bcff-87d5d4d56a8e,2025-12-07 11:31:24 UTC,False,20459.0,CFOP,Gan 12 UI Maglev,RandomForest,24625.0,20459.0,,,gan12,custom_rules,,,,8.0,0.0,0.0,20459.0,70.0,79.0,90.0,3.42,6826.0,13633.0,2476.0,0.0,2476.0,2476.0,6.0,6.0,9.0,2.42,1917.0,1265.0,652.0,4393.0,6.0,6.0,7.0,9.2,3734.0,2096.0,1638.0,8127.0,11.0,11.0,11.0,6.72,8079.0,1379.0,6700.0,16206.0,24.0,29.0,30.0,3.58,0.0,0.0,0.0,16206.0,0.0,0.0,0.0,0.0,2224.0,1072.0,1152.0,18430.0,14.0,14.0,14.0,12.15,2029.0,1014.0,1015.0,20459.0,9.0,13.0,19.0,8.87,,,,,,,,,,,,,,,,,,,,,,,,,
d662da64-e219-43cc-8c32-63f5b1ea0fac,2025-12-07 11:31:55 UTC,False,16033.0,CFOP,Gan 12 UI Maglev,RandomForest,5769.0,16033.0,,,gan12,custom_rules,,,,8.0,0.0,0.0,16033.0,67.0,69.0,81.0,4.18,7468.0,8388.0,951.0,0.0,951.0,1128.0,4.0,5.0,5.0,4.21,2209.0,976.0,1233.0,3337.0,7.0,7.0,8.0,5.68,2665.0,1045.0,1620.0,6002.0,11.0,11.0,13.0,6.79,1951.0,1185.0,766.0,7953.0,9.0,9.0,9.0,11.75,2070.0,1570.0,500.0,10023.0,8.0,8.0,9.0,16.0,1966.0,846.0,1120.0,11989.0,10.0,10.0,15.0,8.93,4044.0,1846.0,2198.0,16033.0,18.0,19.0,22.0,8.19,,,,,,,,,,,,,,,,,,,,,,,,,
72835049-e8dc-4660-af9f-adeef96d4454,2025-12-07 11:32:34 UTC,False,14526.0,CFOP,Gan 12 UI Maglev,RandomForest,5857.0,14526.0,,,gan12,custom_rules,,,,8.0,0.0,0.0,14526.0,75.0,76.0,84.0,5.16,5277.0,9249.0,1088.0,0.0,1088.0,1088.0,6.0,6.0,7.0,5.51,1495.0,386.0,1109.0,2583.0,8.0,8.0,9.0,7.21,2545.0,1072.0,1473.0,5128.0,11.0,11.0,15.0,7.47,2425.0,725.0,1700.0,7553.0,13.0,13.0,13.0,7.65,2450.0,1209.0,1241.0,10003.0,10.0,11.0,11.0,8.06,1851.0,1079.0,772.0,11854.0,9.0,9.0,10.0,11.66,2672.0,806.0,1866.0,14526.0,18.0,18.0,19.0,9.65,,,,,,,,,,,,,,,,,,,,,,,,,
657f212c-4a1b-446a-8a20-804b2df48e2a,2025-12-07 11:33:02 UTC,False,17539.0,CFOP,Gan 12 UI Maglev,RandomForest,7918.0,17539.0,,,gan12,custom_rules,,,,8.0,0.0,0.0,17539.0,71.0,77.0,90.0,4.05,5222.0,12317.0,2721.0,0.0,2721.0,2721.0,6.0,6.0,7.0,2.21,4688.0,500.0,4188.0,7409.0,19.0,19.0,22.0,4.54,2246.0,973.0,1273.0,9655.0,8.0,8.0,8.0,6.28,1290.0,839.0,451.0,10945.0,6.0,6.0,7.0,13.3,1620.0,1088.0,532.0,12565.0,7.0,7.0,7.0,13.16,2877.0,1167.0,1710.0,15442.0,15.0,16.0,16.0,8.77,2097.0,655.0,1442.0,17539.0,10.0,15.0,23.0,6.93,,,,,,,,,,,,,,,,,,,,,,,,,
928adeb8-ab69-4a4a-8e9f-a4506a2df319,2025-12-07 11:33:43 UTC,False,23809.0,CFOP,Gan 12 UI Maglev,RandomForest,7628.0,23809.0,,,gan12,custom_rules,,,,8.0,0.0,0.0,23809.0,80.0,80.0,92.0,3.36,5766.0,18043.0,1909.0,0.0,1909.0,1909.0,7.0,7.0,8.0,3.67,3126.0,718.0,2408.0,5035.0,10.0,10.0,12.0,4.15,9790.0,1137.0,8653.0,14825.0,26.0,26.0,30.0,3.0,2522.0,1104.0,1418.0,17347.0,8.0,8.0,8.0,5.64,1268.0,656.0,612.0,18615.0,8.0,8.0,9.0,13.07,2215.0,861.0,1354.0,20830.0,10.0,10.0,10.0,7.39,2979.0,1290.0,1689.0,23809.0,11.0,11.0,15.0,6.51,,,,,,,,,,,,,,,,,,,,,,,,,
3977d4b1-42ec-4111-a54a-4582a130a62b,2025-12-07 11:34:49 UTC,False,21178.0,CFOP,Gan 12 UI Maglev,RandomForest,35065.0,21178.0,,,gan12,custom_rules,,,,8.0,0.0,0.0,21178.0,54.0,59.0,71.0,2.55,7429.0,13749.0,4816.0,0.0,4816.0,4816.0,8.0,8.0,9.0,1.66,1791.0,1590.0,201.0,6607.0,3.0,3.0,3.0,14.93,4111.0,902.0,3209.0,10718.0,11.0,11.0,13.0,3.43,1649.0,1117.0,532.0,12367.0,8.0,8.0,9.0,15.04,4439.0,2982.0,1457.0,16806.0,6.0,6.0,8.0,4.12,2633.0,16.0,2617.0,19439.0,10.0,10.0,11.0,3.82,1739.0,822.0,917.0,21178.0,9.0,13.0,18.0,9.81,,,,,,,,,,,,,,,,,,,,,,,,,
ba130785-b994-44df-8664-060b47719dde,2025-12-07 11:35:18 UTC,False,16194.0,CFOP,Gan 12 UI Maglev,RandomForest,4794.0,16194.0,,,gan12,custom_rules,,,,8.0,0.0,0.0,16194.0,63.0,67.0,74.0,3.89,8808.0,7386.0,1819.0,0.0,1819.0,1819.0,7.0,7.0,7.0,3.85,1385.0,1080.0,305.0,3204.0,4.0,4.0,4.0,13.11,3256.0,2555.0,701.0,6460.0,9.0,9.0,12.0,12.84,3205.0,2182.0,1023.0,9665.0,9.0,9.0,10.0,8.8,943.0,701.0,242.0,10608.0,3.0,3.0,3.0,12.4,2055.0,943.0,1112.0,12663.0,13.0,13.0,14.0,11.69,3531.0,1347.0,2184.0,16194.0,18.0,22.0,24.0,8.24,,,,,,,,,,,,,,,,,,,,,,,,,
be053c4f-8639-4616-829d-bdd8d6588bf2,2025-12-07 11:35:50 UTC,False,17801.0,CFOP,Gan 12 UI Maglev,RandomForest,4079.0,17801.0,,,gan12,custom_rules,,,,8.0,0.0,0.0,17801.0,64.0,64.0,72.0,3.6,6189.0,11612.0,2136.0,0.0,2136.0,2136.0,8.0,8.0,8.0,3.75,2086.0,1048.0,1038.0,4222.0,8.0,8.0,9.0,7.71,1227.0,953.0,274.0,5449.0,4.0,4.0,4.0,14.6,3956.0,677.0,3279.0,9405.0,12.0,12.0,13.0,3.66,2644.0,717.0,1927.0,12049.0,9.0,9.0,9.0,4.67,2844.0,1731.0,1113.0,14893.0,7.0,7.0,9.0,6.29,2908.0,1063.0,1845.0,17801.0,17.0,17.0,20.0,9.21,,,,,,,,,,,,,,,,,,,,,,,,,
44478614-d8d3-430d-9d38-2a3b62177060,2025-12-07 11:36:16 UTC,False,11432.0,CFOP,Gan 12 UI Maglev,RandomForest,6074.0,11432.0,,,gan12,custom_rules,,,,8.0,0.0,0.0,11432.0,58.0,60.0,66.0,5.07,4611.0,6821.0,1618.0,0.0,1618.0,1618.0,7.0,7.0,7.0,4.33,1395.0,1128.0,267.0,3013.0,4.0,4.0,6.0,14.98,1496.0,432.0,1064.0,4509.0,8.0,8.0,8.0,7.52,861.0,281.0,580.0,5370.0,6.0,7.0,7.0,10.34,1724.0,725.0,999.0,7094.0,8.0,8.0,8.0,8.01,1433.0,717.0,716.0,8527.0,8.0,8.0,9.0,11.17,2905.0,1328.0,1577.0,11432.0,17.0,18.0,21.0,10.78,,,,,,,,,,,,,,,,,,,,,,,,,
3a2e270d-70df-48de-be83-73d67822b82a,2025-12-07 11:36:47 UTC,False,19259.0,CFOP,Gan 12 UI Maglev,RandomForest,2781.0,19259.0,,,gan12,custom_rules,,,,8.0,0.0,0.0,19259.0,74.0,78.0,90.0,3.84,1879.0,17380.0,15058.0,0.0,15058.0,15058.0,49.0,53.0,60.0,3.25,0.0,0.0,0.0,15058.0,0.0,0.0,0.0,0.0,0.0,0.0,0.0,15058.0,0.0,0.0,0.0,0.0,0.0,0.0,0.0,15058.0,0.0,0.0,0.0,0.0,0.0,0.0,0.0,15058.0,0.0,0.0,0.0,0.0,1411.0,783.0,628.0,16469.0,8.0,8.0,9.0,12.74,2790.0,1096.0,1694.0,19259.0,17.0,17.0,21.0,10.04,,,,,,,,,,,,,,,,,,,,,,,,,
6c6bf038-296f-4870-9490-414deda88daa,2025-12-07 11:37:17 UTC,False,15587.0,CFOP,Gan 12 UI Maglev,RandomForest,6072.0,15587.0,,,gan12,custom_rules,,,,8.0,0.0,0.0,15587.0,74.0,75.0,83.0,4.75,6243.0,9344.0,2150.0,0.0,2150.0,2150.0,8.0,8.0,9.0,3.72,1015.0,766.0,249.0,3165.0,4.0,4.0,5.0,16.06,2313.0,685.0,1628.0,5478.0,11.0,11.0,11.0,6.76,2198.0,1214.0,984.0,7676.0,8.0,8.0,8.0,8.13,2203.0,1300.0,903.0,9879.0,8.0,8.0,10.0,8.86,2713.0,1014.0,1699.0,12592.0,19.0,19.0,20.0,11.18,2995.0,1264.0,1731.0,15587.0,16.0,17.0,20.0,9.24,,,,,,,,,,,,,,,,,,,,,,,,,
18096d32-5db1-484c-b4ec-61c915bf0551,2025-12-07 11:37:43 UTC,False,14123.0,CFOP,Gan 12 UI Maglev,RandomForest,3201.0,14123.0,,,gan12,custom_rules,,,,8.0,0.0,0.0,14123.0,65.0,65.0,70.0,4.6,5565.0,8558.0,2163.0,0.0,2163.0,2163.0,8.0,8.0,10.0,3.7,1029.0,830.0,199.0,3192.0,4.0,4.0,4.0,20.1,3241.0,693.0,2548.0,6433.0,10.0,10.0,12.0,3.92,2215.0,975.0,1240.0,8648.0,11.0,11.0,11.0,8.87,1828.0,1305.0,523.0,10476.0,9.0,9.0,9.0,17.21,1265.0,532.0,733.0,11741.0,8.0,8.0,8.0,10.91,2382.0,1230.0,1152.0,14123.0,15.0,15.0,16.0,13.02,,,,,,,,,,,,,,,,,,,,,,,,,
7cf22de9-6d80-4a4d-afe0-5c411a62586c,2025-12-07 11:38:17 UTC,False,19545.0,CFOP,Gan 12 UI Maglev,RandomForest,3547.0,19545.0,,,gan12,custom_rules,,,,8.0,0.0,0.0,19545.0,63.0,64.0,74.0,3.22,7221.0,12324.0,5986.0,0.0,5986.0,5986.0,10.0,10.0,12.0,1.67,2577.0,2295.0,282.0,8563.0,6.0,6.0,6.0,21.28,1472.0,403.0,1069.0,10035.0,8.0,8.0,9.0,7.48,2022.0,1176.0,846.0,12057.0,8.0,8.0,9.0,9.46,1763.0,636.0,1127.0,13820.0,8.0,8.0,10.0,7.1,3125.0,1401.0,1724.0,16945.0,12.0,13.0,14.0,6.96,2600.0,1310.0,1290.0,19545.0,11.0,11.0,14.0,8.53,,,,,,,,,,,,,,,,,,,,,,,,,
2ea280a9-7553-4aef-b692-c59f2d5dc758,2025-12-07 11:39:02 UTC,False,15047.0,CFOP,Gan 12 UI Maglev,RandomForest,20189.0,15047.0,,,gan12,custom_rules,,,,8.0,0.0,0.0,15047.0,63.0,64.0,72.0,4.19,6011.0,9036.0,2109.0,0.0,2109.0,2109.0,9.0,9.0,11.0,4.27,3344.0,1292.0,2052.0,5453.0,8.0,8.0,9.0,3.9,2554.0,1684.0,870.0,8007.0,8.0,8.0,9.0,9.2,1281.0,983.0,298.0,9288.0,3.0,3.0,3.0,10.07,1184.0,378.0,806.0,10472.0,8.0,8.0,11.0,9.93,1821.0,556.0,1265.0,12293.0,10.0,11.0,11.0,7.91,2754.0,1118.0,1636.0,15047.0,17.0,17.0,18.0,10.39,,,,,,,,,,,,,,,,,,,,,,,,,
dfa3ff7f-0e64-4563-b4a7-f42c1563f67d,2025-12-07 11:39:42 UTC,False,19763.0,CFOP,Gan 12 UI Maglev,RandomForest,9082.0,19763.0,,,gan12,custom_rules,,,,8.0,0.0,0.0,19763.0,71.0,71.0,78.0,3.59,7415.0,12348.0,4373.0,0.0,4373.0,4373.0,9.0,9.0,12.0,2.06,2377.0,1611.0,766.0,6750.0,8.0,8.0,8.0,10.44,2823.0,426.0,2397.0,9573.0,11.0,11.0,11.0,4.59,2094.0,613.0,1481.0,11667.0,11.0,11.0,12.0,7.43,2961.0,1554.0,1407.0,14628.0,8.0,8.0,9.0,5.69,1698.0,1063.0,635.0,16326.0,9.0,9.0,9.0,14.17,3437.0,2148.0,1289.0,19763.0,16.0,16.0,17.0,12.41,,,,,,,,,,,,,,,,,,,,,,,,,
88706c9e-b18d-4db3-ab60-a5d57a752433,2025-12-07 11:40:13 UTC,False,15704.0,CFOP,Gan 12 UI Maglev,RandomForest,4220.0,15704.0,,,gan12,custom_rules,,,,8.0,0.0,0.0,15704.0,69.0,71.0,80.0,4.39,4858.0,10846.0,1931.0,0.0,1931.0,1931.0,8.0,8.0,10.0,4.14,1474.0,919.0,555.0,3405.0,6.0,6.0,7.0,10.81,2523.0,749.0,1774.0,5928.0,11.0,11.0,11.0,6.2,1684.0,548.0,1136.0,7612.0,8.0,8.0,9.0,7.04,3046.0,732.0,2314.0,10658.0,10.0,10.0,12.0,4.32,1764.0,660.0,1104.0,12422.0,10.0,11.0,11.0,9.06,3282.0,1250.0,2032.0,15704.0,16.0,17.0,20.0,7.87,,,,,,,,,,,,,,,,,,,,,,,,,
272c8f93-f334-4941-9189-7012c93beadd,2025-12-07 11:40:55 UTC,False,17654.0,CFOP,Gan 12 UI Maglev,RandomForest,14530.0,17654.0,,,gan12,custom_rules,,,,8.0,0.0,0.0,17654.0,72.0,73.0,82.0,4.08,6814.0,10775.0,3944.0,0.0,3944.0,4009.0,8.0,8.0,11.0,2.03,3818.0,1385.0,2433.0,7827.0,14.0,15.0,16.0,5.75,2722.0,2150.0,572.0,10549.0,9.0,9.0,9.0,15.73,1047.0,845.0,202.0,11596.0,4.0,4.0,5.0,19.8,1787.0,967.0,820.0,13383.0,10.0,10.0,10.0,12.2,1460.0,790.0,670.0,14843.0,8.0,8.0,10.0,11.94,2811.0,677.0,2134.0,17654.0,19.0,19.0,21.0,8.9,,,,,,,,,,,,,,,,,,,,,,,,,
7bd1fef0-8736-46a4-9f21-5866365e17fe,2025-12-07 11:41:24 UTC,False,14162.0,CFOP,Gan 12 UI Maglev,RandomForest,5224.0,14162.0,,,gan12,custom_rules,,,,8.0,0.0,0.0,14162.0,60.0,63.0,67.0,4.24,6927.0,7235.0,1683.0,0.0,1683.0,1683.0,5.0,5.0,6.0,2.97,484.0,363.0,121.0,2167.0,4.0,4.0,4.0,33.06,2666.0,1529.0,1137.0,4833.0,7.0,7.0,7.0,6.16,1451.0,549.0,902.0,6284.0,7.0,7.0,7.0,7.76,1858.0,1230.0,628.0,8142.0,8.0,8.0,9.0,12.74,1902.0,806.0,1096.0,10044.0,14.0,14.0,14.0,12.77,4118.0,2450.0,1668.0,14162.0,16.0,18.0,20.0,9.59,,,,,,,,,,,,,,,,,,,,,,,,,
138ea35f-3c1a-44d7-8eba-c519728d7123,2025-12-07 11:42:04 UTC,False,19948.0,CFOP,Gan 12 UI Maglev,RandomForest,6678.0,19948.0,,,gan12,custom_rules,,,,8.0,0.0,0.0,19948.0,63.0,64.0,76.0,3.16,7760.0,12188.0,4243.0,0.0,4243.0,4243.0,11.0,11.0,12.0,2.59,2979.0,515.0,2464.0,7222.0,9.0,10.0,12.0,3.65,2363.0,1605.0,758.0,9585.0,7.0,7.0,9.0,9.23,2522.0,1412.0,1110.0,12107.0,8.0,8.0,9.0,7.21,1606.0,726.0,880.0,13713.0,7.0,7.0,10.0,7.95,3770.0,2537.0,1233.0,17483.0,11.0,11.0,11.0,8.92,2465.0,965.0,1500.0,19948.0,10.0,10.0,13.0,6.67,,,,,,,,,,,,,,,,,,,,,,,,,
29d579da-2164-4e7b-b422-29ca8a53a259,2025-12-07 11:42:42 UTC,False,20053.0,CFOP,Gan 12 UI Maglev,RandomForest,8528.0,20053.0,,,gan12,custom_rules,,,,8.0,0.0,0.0,20053.0,69.0,76.0,80.0,3.44,6244.0,13809.0,2529.0,0.0,2529.0,2529.0,8.0,8.0,9.0,3.16,4233.0,1489.0,2744.0,6762.0,12.0,12.0,12.0,4.37,1500.0,628.0,872.0,8262.0,7.0,7.0,7.0,8.03,1940.0,661.0,1279.0,10202.0,11.0,11.0,11.0,8.6,1884.0,983.0,901.0,12086.0,8.0,8.0,8.0,8.88,2958.0,1428.0,1530.0,15044.0,10.0,11.0,11.0,6.54,5009.0,1055.0,3954.0,20053.0,13.0,19.0,22.0,3.29,,,,,,,,,,,,,,,,,,,,,,,,,
9191b913-f893-43d8-8861-5da8d03a6df7,2025-12-07 11:43:19 UTC,False,15228.0,CFOP,Gan 12 UI Maglev,RandomForest,12641.0,15228.0,,,gan12,custom_rules,,,,8.0,0.0,0.0,15228.0,63.0,65.0,75.0,4.14,4439.0,10789.0,5401.0,0.0,5401.0,5401.0,15.0,15.0,20.0,2.78,0.0,0.0,0.0,5401.0,0.0,0.0,0.0,0.0,2511.0,1592.0,919.0,7912.0,8.0,8.0,8.0,8.71,1722.0,553.0,1169.0,9634.0,7.0,7.0,8.0,5.99,1821.0,637.0,1184.0,11455.0,10.0,10.0,11.0,8.45,1409.0,571.0,838.0,12864.0,9.0,10.0,10.0,10.74,2364.0,1086.0,1278.0,15228.0,15.0,16.0,18.0,11.74,,,,,,,,,,,,,,,,,,,,,,,,,
56b9cb51-4949-4e1f-82cc-fb48414a334f,2025-12-07 11:43:57 UTC,False,18497.0,CFOP,Gan 12 UI Maglev,RandomForest,8258.0,18497.0,,,gan12,custom_rules,,,,8.0,0.0,0.0,18497.0,74.0,74.0,82.0,4.0,6731.0,11766.0,3310.0,0.0,3310.0,3310.0,11.0,11.0,11.0,3.32,2573.0,1743.0,830.0,5883.0,8.0,8.0,8.0,9.64,3719.0,1433.0,2286.0,9602.0,11.0,11.0,12.0,4.81,1656.0,403.0,1253.0,11258.0,9.0,9.0,10.0,7.18,1802.0,1270.0,532.0,13060.0,8.0,8.0,8.0,15.04,2621.0,827.0,1794.0,15681.0,10.0,10.0,12.0,5.57,2816.0,1055.0,1761.0,18497.0,17.0,17.0,21.0,9.65,,,,,,,,,,,,,,,,,,,,,,,,,
ee287131-3cdd-4fb6-a800-c0fa3ab56b47,2025-12-07 11:44:26 UTC,False,11707.0,CFOP,Gan 12 UI Maglev,RandomForest,6652.0,11707.0,,,gan12,custom_rules,,,,8.0,0.0,0.0,11707.0,59.0,60.0,64.0,5.04,5447.0,6260.0,1120.0,0.0,1120.0,1120.0,5.0,5.0,7.0,4.46,1222.0,424.0,798.0,2342.0,8.0,8.0,8.0,10.03,2702.0,2001.0,701.0,5044.0,7.0,7.0,7.0,9.99,1950.0,1314.0,636.0,6994.0,5.0,6.0,6.0,7.86,1266.0,218.0,1048.0,8260.0,11.0,11.0,12.0,10.5,1312.0,484.0,828.0,9572.0,8.0,8.0,8.0,9.66,2135.0,1006.0,1129.0,11707.0,15.0,15.0,16.0,13.29,,,,,,,,,,,,,,,,,,,,,,,,,
277fba91-8ff0-41b6-b884-aaa3c202917e,2025-12-07 11:44:55 UTC,False,12450.0,CFOP,Gan 12 UI Maglev,RandomForest,6331.0,12450.0,,,gan12,custom_rules,,,,8.0,0.0,0.0,12450.0,46.0,49.0,56.0,3.69,5667.0,6727.0,1824.0,0.0,1824.0,1880.0,8.0,8.0,10.0,4.39,0.0,0.0,0.0,1880.0,0.0,0.0,0.0,0.0,524.0,346.0,178.0,2404.0,3.0,3.0,3.0,16.85,2060.0,1399.0,661.0,4464.0,6.0,7.0,8.0,9.08,1755.0,1232.0,523.0,6219.0,7.0,7.0,7.0,13.38,1845.0,1185.0,660.0,8064.0,7.0,7.0,8.0,10.61,4386.0,1505.0,2881.0,12450.0,16.0,18.0,20.0,5.55,,,,,,,,,,,,,,,,,,,,,,,,,
e98ef20d-e5e1-4cbb-8770-fc0d1cc951db,2025-12-07 11:45:42 UTC,False,15692.0,CFOP,Gan 12 UI Maglev,RandomForest,6831.0,15692.0,,,gan12,custom_rules,,,,8.0,0.0,0.0,15692.0,69.0,74.0,87.0,4.4,7738.0,7954.0,1448.0,0.0,1448.0,1448.0,7.0,9.0,14.0,4.83,1919.0,1205.0,714.0,3367.0,8.0,8.0,9.0,11.2,1217.0,218.0,999.0,4584.0,7.0,7.0,7.0,7.01,2843.0,1941.0,902.0,7427.0,7.0,7.0,8.0,7.76,1071.0,508.0,563.0,8498.0,6.0,7.0,7.0,10.66,3777.0,2061.0,1716.0,12275.0,18.0,18.0,21.0,10.49,3417.0,1805.0,1612.0,15692.0,16.0,18.0,21.0,9.93,,,,,,,,,,,,,,,,,,,,,,,,,
05012177-5911-486a-a0a3-456ba4eebce8,2025-12-07 11:46:31 UTC,False,36695.0,CFOP,Gan 12 UI Maglev,RandomForest,2619.0,36695.0,,,gan12,custom_rules,,,,8.0,0.0,0.0,36695.0,131.0,136.0,163.0,3.57,5902.0,30793.0,1032.0,0.0,1032.0,1032.0,5.0,5.0,6.0,4.84,1836.0,394.0,1442.0,2868.0,11.0,11.0,11.0,7.63,3030.0,1757.0,1273.0,5898.0,8.0,8.0,9.0,6.28,3377.0,637.0,2740.0,9275.0,16.0,16.0,17.0,5.84,1820.0,990.0,830.0,11095.0,8.0,8.0,10.0,9.64,7616.0,934.0,6682.0,18711.0,30.0,30.0,33.0,4.49,17984.0,1190.0,16794.0,36695.0,53.0,58.0,77.0,3.16,,,,,,,,,,,,,,,,,,,,,,,,,
a6a2143f-dfbe-4e93-8fe6-54a5b4fee409,2025-12-07 11:47:29 UTC,False,15536.0,CFOP,Gan 12 UI Maglev,RandomForest,33028.0,15536.0,,,gan12,custom_rules,,,,8.0,0.0,0.0,15536.0,64.0,66.0,82.0,4.12,7326.0,8210.0,1766.0,0.0,1766.0,1766.0,6.0,6.0,9.0,3.4,1128.0,902.0,226.0,2894.0,4.0,4.0,5.0,17.7,1975.0,743.0,1232.0,4869.0,7.0,7.0,8.0,5.68,2000.0,1431.0,569.0,6869.0,9.0,9.0,11.0,15.82,2439.0,1496.0,943.0,9308.0,9.0,9.0,11.0,9.54,2813.0,1433.0,1380.0,12121.0,13.0,13.0,17.0,9.42,3415.0,1321.0,2094.0,15536.0,16.0,18.0,21.0,7.64,,,,,,,,,,,,,,,,,,,,,,,,,
41ceedbc-b738-459e-abf1-8ba09fb2509a,2025-12-07 11:53:58 UTC,False,22622.0,CFOP,Gan 12 UI Maglev,RandomForest,16770.0,22622.0,,,gan12,custom_rules,,,,8.0,0.0,0.0,22622.0,69.0,70.0,81.0,3.05,11374.0,11248.0,1791.0,0.0,1791.0,1791.0,7.0,7.0,9.0,3.91,3906.0,1072.0,2834.0,5697.0,14.0,14.0,16.0,4.94,2224.0,902.0,1322.0,7921.0,7.0,7.0,7.0,5.3,1724.0,1273.0,451.0,9645.0,5.0,5.0,6.0,11.09,2698.0,1707.0,991.0,12343.0,8.0,8.0,12.0,8.07,3681.0,1723.0,1958.0,16024.0,13.0,13.0,13.0,6.64,6598.0,4697.0,1901.0,22622.0,15.0,16.0,18.0,7.89,,,,,,,,,,,,,,,,,,,,,,,,,
b4299656-c7d1-485b-95f9-7f641a8c40ae,2025-12-07 11:54:37 UTC,False,19021.0,CFOP,Gan 12 UI Maglev,RandomForest,6122.0,19021.0,,,gan12,custom_rules,,,,8.0,0.0,0.0,19021.0,88.0,90.0,99.0,4.63,4519.0,14502.0,1475.0,0.0,1475.0,1475.0,6.0,6.0,7.0,4.07,2063.0,886.0,1177.0,3538.0,11.0,11.0,11.0,9.35,1635.0,684.0,951.0,5173.0,8.0,8.0,9.0,8.41,2392.0,306.0,2086.0,7565.0,9.0,9.0,10.0,4.31,2015.0,814.0,1201.0,9580.0,8.0,8.0,9.0,6.66,6454.0,733.0,5721.0,16034.0,31.0,31.0,34.0,5.42,2987.0,1096.0,1891.0,19021.0,15.0,17.0,19.0,7.93,,,,,,,,,,,,,,,,,,,,,,,,,
87da119a-a712-422b-86ff-9ad791928d0e,2025-12-07 11:55:15 UTC,False,14354.0,CFOP,Gan 12 UI Maglev,RandomForest,7907.0,14354.0,,,gan12,custom_rules,,,,8.0,0.0,0.0,14354.0,58.0,60.0,67.0,4.04,7347.0,6822.0,1281.0,0.0,1281.0,1466.0,7.0,8.0,8.0,5.46,1154.0,904.0,250.0,2620.0,4.0,4.0,4.0,16.0,2375.0,1562.0,813.0,4995.0,8.0,8.0,12.0,9.84,1411.0,782.0,629.0,6406.0,7.0,7.0,7.0,11.13,1464.0,973.0,491.0,7870.0,4.0,4.0,4.0,8.15,1763.0,830.0,933.0,9633.0,11.0,11.0,11.0,11.79,4721.0,2296.0,2425.0,14354.0,17.0,18.0,21.0,7.01,,,,,,,,,,,,,,,,,,,,,,,,,
00e77221-4bfb-4f9e-a9ea-649da57e6124,2025-12-07 11:55:58 UTC,False,16113.0,CFOP,Gan 12 UI Maglev,RandomForest,17221.0,16113.0,,,gan12,custom_rules,,,,8.0,0.0,0.0,16113.0,54.0,60.0,72.0,3.35,7370.0,8743.0,2781.0,0.0,2781.0,2781.0,7.0,7.0,7.0,2.52,2789.0,1694.0,1095.0,5570.0,9.0,10.0,12.0,8.22,2428.0,1727.0,701.0,7998.0,6.0,7.0,8.0,8.56,1958.0,1386.0,572.0,9956.0,4.0,4.0,5.0,6.99,1805.0,492.0,1313.0,11761.0,8.0,8.0,9.0,6.09,2167.0,789.0,1378.0,13928.0,11.0,11.0,12.0,7.98,2185.0,1282.0,903.0,16113.0,9.0,13.0,19.0,9.97,,,,,,,,,,,,,,,,,,,,,,,,,
b12f5437-bca5-4d9f-bf62-04041237389c,2025-12-07 11:56:41 UTC,False,18129.0,CFOP,Gan 12 UI Maglev,RandomForest,11852.0,18129.0,,,gan12,custom_rules,,,,8.0,0.0,0.0,18129.0,78.0,79.0,87.0,4.3,4444.0,13685.0,3018.0,0.0,3018.0,3018.0,7.0,7.0,8.0,2.32,3006.0,564.0,2442.0,6024.0,12.0,12.0,13.0,4.91,2174.0,733.0,1441.0,8198.0,12.0,12.0,13.0,8.33,3577.0,499.0,3078.0,11775.0,8.0,8.0,9.0,2.6,837.0,482.0,355.0,12612.0,5.0,5.0,5.0,14.08,2997.0,846.0,2151.0,15609.0,20.0,20.0,21.0,9.3,2520.0,1320.0,1200.0,18129.0,14.0,15.0,18.0,11.67,,,,,,,,,,,,,,,,,,,,,,,,,
06080bdb-7116-484f-8434-f502e3e58122,2025-12-07 11:57:10 UTC,False,13834.0,CFOP,Gan 12 UI Maglev,RandomForest,6428.0,13834.0,,,gan12,custom_rules,,,,8.0,0.0,0.0,13834.0,56.0,60.0,72.0,4.05,5191.0,8643.0,3913.0,0.0,3913.0,3913.0,11.0,11.0,13.0,2.81,0.0,0.0,0.0,3913.0,0.0,0.0,0.0,0.0,1917.0,1571.0,346.0,5830.0,4.0,4.0,6.0,11.56,1820.0,548.0,1272.0,7650.0,10.0,10.0,12.0,7.86,1431.0,875.0,556.0,9081.0,8.0,8.0,8.0,14.39,2449.0,1152.0,1297.0,11530.0,14.0,14.0,15.0,10.79,2304.0,1045.0,1259.0,13834.0,9.0,13.0,18.0,7.15,,,,,,,,,,,,,,,,,,,,,,,,,
f2126278-be9f-420a-8b96-7e11a39dc23d,2025-12-07 11:57:40 UTC,False,14146.0,CFOP,Gan 12 UI Maglev,RandomForest,6024.0,14146.0,,,gan12,custom_rules,,,,8.0,0.0,0.0,14146.0,60.0,62.0,68.0,4.24,6583.0,7563.0,2671.0,0.0,2671.0,2671.0,7.0,7.0,7.0,2.62,2049.0,1372.0,677.0,4720.0,8.0,8.0,9.0,11.82,1348.0,870.0,478.0,6068.0,6.0,7.0,8.0,12.55,1305.0,602.0,703.0,7373.0,6.0,6.0,8.0,8.53,2238.0,1658.0,580.0,9611.0,8.0,8.0,8.0,13.79,2417.0,1211.0,1206.0,12028.0,10.0,11.0,11.0,8.29,2118.0,870.0,1248.0,14146.0,15.0,15.0,17.0,12.02,,,,,,,,,,,,,,,,,,,,,,,,,
943be9e5-9cc6-4b58-b629-b56aa6d44c1d,2025-12-07 11:58:12 UTC,False,20715.0,CFOP,Gan 12 UI Maglev,RandomForest,3161.0,20715.0,,,gan12,custom_rules,,,,8.0,0.0,0.0,20715.0,82.0,83.0,93.0,3.96,9069.0,11646.0,3795.0,0.0,3795.0,3795.0,16.0,16.0,18.0,4.22,2220.0,1111.0,1109.0,6015.0,7.0,7.0,8.0,6.31,2146.0,890.0,1256.0,8161.0,7.0,7.0,8.0,5.57,5763.0,4019.0,1744.0,13924.0,14.0,14.0,16.0,8.03,1167.0,451.0,716.0,15091.0,8.0,8.0,9.0,11.17,2662.0,1390.0,1272.0,17753.0,13.0,14.0,14.0,10.22,2962.0,1208.0,1754.0,20715.0,17.0,17.0,20.0,9.69,,,,,,,,,,,,,,,,,,,,,,,,,
1719d1c9-39ec-4250-82fd-afef317046c3,2025-12-07 11:58:41 UTC,False,15781.0,CFOP,Gan 12 UI Maglev,RandomForest,5040.0,15781.0,,,gan12,custom_rules,,,,8.0,0.0,0.0,15781.0,63.0,64.0,79.0,3.99,5173.0,10608.0,2112.0,0.0,2112.0,2112.0,6.0,6.0,8.0,2.84,2013.0,749.0,1264.0,4125.0,7.0,7.0,9.0,5.54,2904.0,1186.0,1718.0,7029.0,7.0,7.0,8.0,4.07,1741.0,136.0,1605.0,8770.0,11.0,11.0,11.0,6.85,1491.0,902.0,589.0,10261.0,8.0,8.0,8.0,13.58,2025.0,918.0,1107.0,12286.0,10.0,10.0,16.0,9.03,3495.0,1282.0,2213.0,15781.0,16.0,17.0,19.0,7.23,,,,,,,,,,,,,,,,,,,,,,,,,
d2a328a8-7ad4-4c85-9ebc-fedb3761cb50,2025-12-07 11:59:17 UTC,False,24385.0,CFOP,Gan 12 UI Maglev,RandomForest,2935.0,24385.0,,,gan12,custom_rules,,,,8.0,0.0,0.0,24385.0,91.0,100.0,120.0,3.73,6262.0,18123.0,1974.0,0.0,1974.0,1974.0,9.0,9.0,9.0,4.56,4063.0,1911.0,2152.0,6037.0,9.0,9.0,10.0,4.18,2142.0,685.0,1457.0,8179.0,11.0,11.0,13.0,7.55,1490.0,886.0,604.0,9669.0,8.0,8.0,9.0,13.25,2238.0,989.0,1249.0,11907.0,8.0,8.0,10.0,6.41,2666.0,709.0,1957.0,14573.0,13.0,13.0,13.0,6.64,9812.0,1082.0,8730.0,24385.0,33.0,42.0,56.0,3.78,,,,,,,,,,,,,,,,,,,,,,,,,
63585138-5b54-4495-84e5-83457d88b17d,2025-12-07 11:59:47 UTC,False,17410.0,CFOP,Gan 12 UI Maglev,RandomForest,3913.0,17410.0,,,gan12,custom_rules,,,,8.0,0.0,0.0,17410.0,71.0,73.0,83.0,4.08,6388.0,10957.0,1931.0,0.0,1931.0,1996.0,9.0,10.0,10.0,4.66,1532.0,564.0,968.0,3528.0,7.0,7.0,7.0,7.23,2931.0,1345.0,1586.0,6459.0,9.0,9.0,10.0,5.67,2411.0,1249.0,1162.0,8870.0,9.0,9.0,12.0,7.75,3055.0,1007.0,2048.0,11925.0,13.0,13.0,14.0,6.35,2079.0,910.0,1169.0,14004.0,8.0,8.0,10.0,6.84,3406.0,1313.0,2093.0,17410.0,16.0,17.0,20.0,7.64,,,,,,,,,,,,,,,,,,,,,,,,,
a6491bfc-c0d5-48ee-9961-f91ec6b16ba8,2025-12-07 12:00:23 UTC,False,19901.0,CFOP,Gan 12 UI Maglev,RandomForest,7175.0,19901.0,,,gan12,custom_rules,,,,8.0,0.0,0.0,19901.0,73.0,78.0,93.0,3.67,6909.0,12992.0,3495.0,0.0,3495.0,3495.0,11.0,11.0,11.0,3.15,5080.0,878.0,4202.0,8575.0,16.0,17.0,18.0,3.81,4144.0,3161.0,983.0,12719.0,9.0,9.0,13.0,9.16,2257.0,693.0,1564.0,14976.0,12.0,12.0,12.0,7.67,1124.0,387.0,737.0,16100.0,8.0,8.0,9.0,10.85,1667.0,645.0,1022.0,17767.0,9.0,9.0,12.0,8.81,2134.0,1145.0,989.0,19901.0,9.0,13.0,18.0,9.1,,,,,,,,,,,,,,,,,,,,,,,,,
3a071a9b-809a-45ab-928f-ec33e5795d68,2025-12-07 12:00:54 UTC,False,17896.0,CFOP,Gan 12 UI Maglev,RandomForest,3556.0,17896.0,,,gan12,custom_rules,,,,8.0,0.0,0.0,17896.0,72.0,78.0,95.0,4.02,5790.0,12106.0,1377.0,0.0,1377.0,1377.0,5.0,5.0,8.0,3.63,2258.0,1213.0,1045.0,3635.0,9.0,9.0,9.0,8.61,2748.0,1403.0,1345.0,6383.0,9.0,9.0,11.0,6.69,1504.0,473.0,1031.0,7887.0,7.0,7.0,7.0,6.79,1844.0,733.0,1111.0,9731.0,7.0,7.0,9.0,6.3,1274.0,686.0,588.0,11005.0,9.0,9.0,9.0,15.31,6891.0,1282.0,5609.0,17896.0,27.0,33.0,42.0,4.81,,,,,,,,,,,,,,,,,,,,,,,,,
bc0eeca9-c8db-4054-8d5f-a72270e956d3,2025-12-07 12:01:31 UTC,False,21105.0,CFOP,Gan 12 UI Maglev,RandomForest,2729.0,21105.0,,,gan12,custom_rules,,,,8.0,0.0,0.0,21105.0,83.0,85.0,92.0,3.93,5869.0,15236.0,7192.0,0.0,7192.0,7192.0,23.0,23.0,24.0,3.2,0.0,0.0,0.0,7192.0,0.0,0.0,0.0,0.0,4526.0,3325.0,1201.0,11718.0,8.0,8.0,9.0,6.66,1599.0,487.0,1112.0,13317.0,8.0,8.0,9.0,7.19,1071.0,917.0,154.0,14388.0,4.0,4.0,5.0,25.97,3811.0,249.0,3562.0,18199.0,20.0,22.0,23.0,5.61,2906.0,891.0,2015.0,21105.0,20.0,20.0,22.0,9.93,,,,,,,,,,,,,,,,,,,,,,,,,
9c89bcd2-b867-4ed9-9cdc-1c3fb3de599f,2025-12-07 12:02:06 UTC,False,16169.0,CFOP,Gan 12 UI Maglev,RandomForest,5039.0,16169.0,,,gan12,custom_rules,,,,8.0,0.0,0.0,16169.0,70.0,70.0,80.0,4.33,5874.0,10295.0,3030.0,0.0,3030.0,3030.0,8.0,8.0,9.0,2.64,1697.0,328.0,1369.0,4727.0,10.0,10.0,11.0,7.3,2643.0,838.0,1805.0,7370.0,13.0,13.0,16.0,7.2,1935.0,717.0,1218.0,9305.0,11.0,11.0,12.0,9.03,1906.0,1407.0,499.0,11211.0,9.0,9.0,9.0,18.04,1748.0,854.0,894.0,12959.0,8.0,8.0,9.0,8.95,3210.0,1730.0,1480.0,16169.0,11.0,11.0,14.0,7.43,,,,,,,,,,,,,,,,,,,,,,,,,
3d355ebb-99df-4144-a153-f6c9f884f8a3,2025-12-07 12:02:43 UTC,False,18309.0,CFOP,Gan 12 UI Maglev,RandomForest,7194.0,18309.0,,,gan12,custom_rules,,,,8.0,0.0,0.0,18309.0,62.0,63.0,76.0,3.39,8057.0,10196.0,1136.0,0.0,1136.0,1192.0,4.0,4.0,7.0,3.52,4181.0,1353.0,2828.0,5373.0,10.0,10.0,11.0,3.54,2173.0,548.0,1625.0,7546.0,8.0,8.0,11.0,4.92,1926.0,1297.0,629.0,9472.0,9.0,9.0,9.0,14.31,3333.0,2208.0,1125.0,12805.0,8.0,8.0,9.0,7.11,2385.0,1522.0,863.0,15190.0,10.0,11.0,13.0,11.59,3119.0,1129.0,1990.0,18309.0,13.0,13.0,16.0,6.53,,,,,,,,,,,,,,,,,,,,,,,,,
a978579f-ae6f-4e7b-8c75-ac2fa5c80141,2025-12-07 12:03:12 UTC,False,15444.0,CFOP,Gan 12 UI Maglev,RandomForest,4988.0,15444.0,,,gan12,custom_rules,,,,8.0,0.0,0.0,15444.0,64.0,64.0,69.0,4.14,6950.0,8381.0,3651.0,0.0,3651.0,3764.0,12.0,12.0,15.0,3.29,0.0,0.0,0.0,3764.0,0.0,0.0,0.0,0.0,1964.0,1770.0,194.0,5728.0,4.0,4.0,5.0,20.62,2094.0,1031.0,1063.0,7822.0,8.0,8.0,8.0,7.53,2328.0,1523.0,805.0,10150.0,8.0,8.0,9.0,9.94,1955.0,819.0,1136.0,12105.0,14.0,14.0,14.0,12.32,3339.0,1807.0,1532.0,15444.0,18.0,18.0,18.0,11.75,,,,,,,,,,,,,,,,,,,,,,,,,
99a28dc5-0c69-456d-a044-74f03f624809,2025-12-07 12:03:47 UTC,False,17697.0,CFOP,Gan 12 UI Maglev,RandomForest,5965.0,17697.0,,,gan12,custom_rules,,,,8.0,0.0,0.0,17697.0,77.0,78.0,85.0,4.35,5621.0,12076.0,3704.0,0.0,3704.0,3704.0,10.0,10.0,11.0,2.7,2713.0,1714.0,999.0,6417.0,7.0,7.0,8.0,7.01,1749.0,331.0,1418.0,8166.0,8.0,9.0,9.0,5.64,2878.0,972.0,1906.0,11044.0,11.0,11.0,12.0,5.77,1221.0,411.0,810.0,12265.0,11.0,11.0,11.0,13.58,2195.0,1429.0,766.0,14460.0,9.0,9.0,11.0,11.75,3237.0,764.0,2473.0,17697.0,22.0,22.0,23.0,8.9,,,,,,,,,,,,,,,,,,,,,,,,,
dbbc6753-d18a-494d-bbab-7837db6ab1e0,2025-12-07 12:04:23 UTC,False,15274.0,CFOP,Gan 12 UI Maglev,RandomForest,8840.0,15274.0,,,gan12,custom_rules,,,,8.0,0.0,0.0,15274.0,64.0,68.0,77.0,4.19,7147.0,8127.0,1996.0,0.0,1996.0,1996.0,8.0,8.0,8.0,4.01,2444.0,935.0,1509.0,4440.0,11.0,11.0,12.0,7.29,2238.0,1347.0,891.0,6678.0,8.0,8.0,9.0,8.98,2625.0,1835.0,790.0,9303.0,9.0,9.0,9.0,11.39,2065.0,1013.0,1052.0,11368.0,9.0,9.0,11.0,8.56,1866.0,894.0,972.0,13234.0,10.0,10.0,10.0,10.29,2040.0,1123.0,917.0,15274.0,9.0,13.0,18.0,9.81,,,,,,,,,,,,,,,,,,,,,,,,,
b242c508-fcb1-49da-9f29-5e7db3716ea2,2025-12-07 12:04:57 UTC,False,17657.0,CFOP,Gan 12 UI Maglev,RandomForest,8805.0,17657.0,,,gan12,custom_rules,,,,8.0,0.0,0.0,17657.0,72.0,75.0,84.0,4.08,6397.0,11179.0,4321.0,0.0,4321.0,4402.0,8.0,8.0,10.0,1.85,1151.0,571.0,580.0,5553.0,6.0,7.0,7.0,10.34,1381.0,837.0,544.0,6934.0,6.0,6.0,8.0,11.03,2883.0,2182.0,701.0,9817.0,6.0,7.0,7.0,8.56,1848.0,576.0,1272.0,11665.0,11.0,11.0,11.0,8.65,2566.0,1206.0,1360.0,14231.0,18.0,18.0,20.0,13.24,3426.0,1025.0,2401.0,17657.0,17.0,18.0,21.0,7.08,,,,,,,,,,,,,,,,,,,,,,,,,
2631e9a3-a5ca-41c9-bbd7-13a15a513029,2025-12-07 12:05:30 UTC,False,19213.0,CFOP,Gan 12 UI Maglev,RandomForest,3818.0,19213.0,,,gan12,custom_rules,,,,8.0,0.0,0.0,19213.0,79.0,79.0,88.0,4.11,6959.0,12254.0,2583.0,0.0,2583.0,2583.0,8.0,8.0,10.0,3.1,2902.0,827.0,2075.0,5485.0,7.0,7.0,7.0,3.37,2368.0,1458.0,910.0,7853.0,8.0,8.0,10.0,8.79,2642.0,1821.0,821.0,10495.0,10.0,10.0,11.0,12.18,2136.0,1185.0,951.0,12631.0,9.0,9.0,9.0,9.46,3689.0,886.0,2803.0,16320.0,18.0,18.0,20.0,6.42,2893.0,782.0,2111.0,19213.0,19.0,19.0,21.0,9.0,,,,,,,,,,,,,,,,,,,,,,,,,
4717bbaa-de47-4dca-b37d-af8a985882c0,2025-12-07 12:05:58 UTC,False,15753.0,CFOP,Gan 12 UI Maglev,RandomForest,3267.0,15753.0,,,gan12,custom_rules,,,,8.0,0.0,0.0,15753.0,67.0,69.0,84.0,4.25,6788.0,8965.0,2080.0,0.0,2080.0,2080.0,8.0,8.0,11.0,3.85,3006.0,1063.0,1943.0,5086.0,9.0,9.0,12.0,4.63,1742.0,991.0,751.0,6828.0,8.0,8.0,10.0,10.65,2546.0,1853.0,693.0,9374.0,8.0,8.0,10.0,11.54,2207.0,1192.0,1015.0,11581.0,8.0,8.0,10.0,7.88,1596.0,605.0,991.0,13177.0,12.0,12.0,12.0,12.11,2576.0,1084.0,1492.0,15753.0,15.0,17.0,19.0,10.05,,,,,,,,,,,,,,,,,,,,,,,,,
6b00caac-4eca-4a74-84b5-8c9bc2658a26,2025-12-07 12:06:35 UTC,False,19996.0,CFOP,Gan 12 UI Maglev,RandomForest,8111.0,19996.0,,,gan12,custom_rules,,,,8.0,0.0,0.0,19996.0,74.0,75.0,87.0,3.7,6507.0,13489.0,4074.0,0.0,4074.0,4074.0,10.0,10.0,14.0,2.45,2995.0,1778.0,1217.0,7069.0,8.0,8.0,8.0,6.57,3083.0,418.0,2665.0,10152.0,10.0,10.0,12.0,3.75,2893.0,1605.0,1288.0,13045.0,10.0,10.0,12.0,7.76,1972.0,733.0,1239.0,15017.0,12.0,12.0,13.0,9.69,2159.0,934.0,1225.0,17176.0,8.0,8.0,8.0,6.53,2820.0,1039.0,1781.0,19996.0,16.0,17.0,20.0,8.98,,,,,,,,,,,,,,,,,,,,,,,,,
0ed7f050-d5f7-4a1b-8c0a-cd31e326168e,2025-12-07 12:07:15 UTC,False,17412.0,CFOP,Gan 12 UI Maglev,RandomForest,11681.0,17412.0,,,gan12,custom_rules,,,,8.0,0.0,0.0,17412.0,73.0,75.0,83.0,4.19,5841.0,11538.0,4088.0,0.0,4088.0,4121.0,14.0,15.0,15.0,3.42,0.0,0.0,0.0,4121.0,0.0,0.0,0.0,0.0,4276.0,2648.0,1628.0,8397.0,9.0,9.0,12.0,5.53,2991.0,387.0,2604.0,11388.0,12.0,12.0,16.0,4.61,1758.0,1242.0,516.0,13146.0,8.0,8.0,8.0,15.5,1565.0,790.0,775.0,14711.0,10.0,11.0,11.0,12.9,2701.0,774.0,1927.0,17412.0,20.0,20.0,21.0,10.38,,,,,,,,,,,,,,,,,,,,,,,,,
a90e7c57-dfbe-4c3c-9f4c-5c57213e617d,2025-12-07 12:07:46 UTC,False,19588.0,CFOP,Gan 12 UI Maglev,RandomForest,2579.0,19588.0,,,gan12,custom_rules,,,,8.0,0.0,0.0,19588.0,69.0,69.0,79.0,3.52,6618.0,12970.0,3724.0,0.0,3724.0,3724.0,8.0,8.0,10.0,2.15,3003.0,1176.0,1827.0,6727.0,8.0,8.0,8.0,4.38,4166.0,210.0,3956.0,10893.0,17.0,17.0,18.0,4.3,1899.0,1674.0,225.0,12792.0,4.0,4.0,5.0,17.78,1904.0,1275.0,629.0,14696.0,8.0,8.0,8.0,12.72,2653.0,1340.0,1313.0,17349.0,10.0,10.0,14.0,7.62,2239.0,943.0,1296.0,19588.0,15.0,15.0,16.0,11.57,,,,,,,,,,,,,,,,,,,,,,,,,
c4a52f4f-6293-4ec8-86a2-21276447fd15,2025-12-07 12:08:44 UTC,False,31270.0,CFOP,Gan 12 UI Maglev,RandomForest,14752.0,31270.0,,,gan12,custom_rules,,,,8.0,0.0,0.0,31270.0,108.0,109.0,118.0,3.45,6921.0,24349.0,3851.0,0.0,3851.0,3851.0,12.0,12.0,15.0,3.12,2126.0,1102.0,1024.0,5977.0,7.0,7.0,7.0,6.84,1821.0,652.0,1169.0,7798.0,8.0,9.0,10.0,6.84,2607.0,1834.0,773.0,10405.0,9.0,9.0,10.0,11.64,1804.0,1127.0,677.0,12209.0,8.0,8.0,10.0,11.82,2206.0,861.0,1345.0,14415.0,13.0,13.0,15.0,9.67,16855.0,1345.0,15510.0,31270.0,51.0,51.0,51.0,3.29,,,,,,,,,,,,,,,,,,,,,,,,,
0e62e5bf-bcf8-478e-94d3-b156b3733c9a,2025-12-07 12:09:18 UTC,False,14098.0,CFOP,Gan 12 UI Maglev,RandomForest,10886.0,14098.0,,,gan12,custom_rules,,,,8.0,0.0,0.0,14098.0,64.0,65.0,75.0,4.54,6030.0,8004.0,459.0,0.0,459.0,523.0,3.0,3.0,4.0,6.54,3977.0,645.0,3332.0,4500.0,12.0,12.0,12.0,3.6,1762.0,1093.0,669.0,6262.0,10.0,10.0,11.0,14.95,1724.0,1232.0,492.0,7986.0,7.0,7.0,7.0,14.23,1878.0,926.0,952.0,9864.0,8.0,8.0,8.0,8.4,1854.0,984.0,870.0,11718.0,10.0,10.0,14.0,11.49,2380.0,1150.0,1230.0,14098.0,14.0,15.0,19.0,11.38,,,,,,,,,,,,,,,,,,,,,,,,,
6cb6f8e3-6375-434b-b7b0-c40a03f3fd45,2025-12-07 12:09:54 UTC,False,18211.0,CFOP,Gan 12 UI Maglev,RandomForest,9215.0,18211.0,,,gan12,custom_rules,,,,8.0,0.0,0.0,18211.0,84.0,85.0,98.0,4.61,4982.0,13229.0,2902.0,0.0,2902.0,2902.0,8.0,8.0,12.0,2.76,2472.0,708.0,1764.0,5374.0,11.0,11.0,11.0,6.24,2803.0,1554.0,1249.0,8177.0,8.0,8.0,9.0,6.41,2732.0,589.0,2143.0,10909.0,11.0,11.0,13.0,5.13,1530.0,555.0,975.0,12439.0,12.0,12.0,13.0,12.31,2899.0,435.0,2464.0,15338.0,19.0,19.0,20.0,7.71,2873.0,1141.0,1732.0,18211.0,16.0,17.0,20.0,9.24,,,,,,,,,,,,,,,,,,,,,,,,,
41cc4a4f-047b-4ef8-b793-7022c2392364,2025-12-07 12:10:27 UTC,False,19610.0,CFOP,Gan 12 UI Maglev,RandomForest,4068.0,19610.0,,,gan12,custom_rules,,,,8.0,0.0,0.0,19610.0,70.0,71.0,82.0,3.57,5922.0,13688.0,2407.0,0.0,2407.0,2407.0,8.0,8.0,8.0,3.32,2885.0,1120.0,1765.0,5292.0,7.0,7.0,8.0,3.97,3247.0,209.0,3038.0,8539.0,14.0,14.0,17.0,4.61,1692.0,612.0,1080.0,10231.0,8.0,8.0,8.0,7.41,3836.0,1517.0,2319.0,14067.0,9.0,9.0,9.0,3.88,2447.0,1199.0,1248.0,16514.0,10.0,10.0,13.0,8.01,3096.0,1265.0,1831.0,19610.0,15.0,16.0,19.0,8.19,,,,,,,,,,,,,,,,,,,,,,,,,
1bfb3264-2f78-4031-818d-678b61e665f2,2025-12-07 12:11:17 UTC,False,17936.0,CFOP,Gan 12 UI Maglev,RandomForest,8703.0,17936.0,,,gan12,custom_rules,,,,8.0,0.0,0.0,17936.0,68.0,77.0,95.0,3.79,6212.0,11724.0,1493.0,0.0,1493.0,1493.0,7.0,7.0,8.0,4.69,2298.0,1241.0,1057.0,3791.0,8.0,8.0,8.0,7.57,3605.0,1236.0,2369.0,7396.0,8.0,8.0,8.0,3.38,2264.0,1184.0,1080.0,9660.0,8.0,8.0,10.0,7.41,1733.0,500.0,1233.0,11393.0,11.0,11.0,12.0,8.92,1717.0,702.0,1015.0,13110.0,9.0,10.0,10.0,8.87,4826.0,1349.0,3477.0,17936.0,17.0,25.0,39.0,4.89,,,,,,,,,,,,,,,,,,,,,,,,,
947f813a-729c-4150-92b2-570e70f3d753,2025-12-07 12:11:46 UTC,False,16424.0,CFOP,Gan 12 UI Maglev,RandomForest,4037.0,16424.0,,,gan12,custom_rules,,,,8.0,0.0,0.0,16424.0,69.0,71.0,77.0,4.2,5424.0,11000.0,1731.0,0.0,1731.0,1731.0,9.0,9.0,9.0,5.2,2746.0,1625.0,1121.0,4477.0,8.0,8.0,8.0,7.14,4168.0,672.0,3496.0,8645.0,10.0,10.0,11.0,2.86,1569.0,378.0,1191.0,10214.0,8.0,8.0,9.0,6.72,1755.0,790.0,965.0,11969.0,8.0,8.0,9.0,8.29,1795.0,685.0,1110.0,13764.0,12.0,12.0,13.0,10.81,2660.0,1274.0,1386.0,16424.0,14.0,16.0,18.0,10.1,,,,,,,,,,,,,,,,,,,,,,,,,
4fab1a7c-afe2-4d2a-b5b0-5839708499fb,2025-12-07 12:12:15 UTC,False,12637.0,CFOP,Gan 12 UI Maglev,RandomForest,7368.0,12637.0,,,gan12,custom_rules,,,,8.0,0.0,0.0,12637.0,59.0,61.0,75.0,4.67,4671.0,7966.0,1963.0,0.0,1963.0,1963.0,7.0,7.0,9.0,3.57,1932.0,1674.0,258.0,3895.0,5.0,5.0,6.0,19.38,1300.0,241.0,1059.0,5195.0,7.0,7.0,8.0,6.61,2100.0,282.0,1818.0,7295.0,10.0,10.0,11.0,5.5,1437.0,760.0,677.0,8732.0,8.0,8.0,9.0,11.82,1635.0,596.0,1039.0,10367.0,9.0,9.0,14.0,8.66,2270.0,1118.0,1152.0,12637.0,14.0,15.0,18.0,12.15,,,,,,,,,,,,,,,,,,,,,,,,,
52abde54-f33b-4ad9-99f2-fd9c1e2b7a93,2025-12-07 12:12:42 UTC,False,15162.0,CFOP,Gan 12 UI Maglev,RandomForest,2322.0,15162.0,,,gan12,custom_rules,,,,8.0,0.0,0.0,15162.0,71.0,72.0,77.0,4.68,6276.0,8886.0,1007.0,0.0,1007.0,1007.0,4.0,5.0,5.0,3.97,2896.0,1809.0,1087.0,3903.0,7.0,7.0,7.0,6.44,2534.0,819.0,1715.0,6437.0,9.0,9.0,11.0,5.25,1672.0,741.0,931.0,8109.0,8.0,8.0,9.0,8.59,1451.0,548.0,903.0,9560.0,8.0,8.0,9.0,8.86,2914.0,1168.0,1746.0,12474.0,18.0,18.0,18.0,10.31,2688.0,1191.0,1497.0,15162.0,17.0,17.0,18.0,11.36,,,,,,,,,,,,,,,,,,,,,,,,,
65cc63c6-4b30-4d6a-b444-fc106c3e14e6,2025-12-07 12:13:20 UTC,False,14612.0,CFOP,Gan 12 UI Maglev,RandomForest,5705.0,14612.0,,,gan12,custom_rules,,,,8.0,0.0,0.0,14612.0,65.0,66.0,73.0,4.45,5587.0,9025.0,2205.0,0.0,2205.0,2205.0,7.0,7.0,8.0,3.17,1208.0,419.0,789.0,3413.0,8.0,8.0,9.0,10.14,2780.0,796.0,1984.0,6193.0,13.0,13.0,14.0,6.55,1089.0,829.0,260.0,7282.0,5.0,5.0,5.0,19.23,1707.0,685.0,1022.0,8989.0,8.0,8.0,10.0,7.83,2055.0,789.0,1266.0,11044.0,8.0,8.0,8.0,6.32,3568.0,2069.0,1499.0,14612.0,17.0,17.0,19.0,11.34,,,,,,,,,,,,,,,,,,,,,,,,,
1ccb6794-a10d-4252-96eb-30a48b38fba8,2025-12-07 12:13:46 UTC,False,14725.0,CFOP,Gan 12 UI Maglev,RandomForest,2728.0,14725.0,,,gan12,custom_rules,,,,8.0,0.0,0.0,14725.0,73.0,73.0,78.0,4.96,6162.0,8563.0,999.0,0.0,999.0,999.0,6.0,6.0,6.0,6.01,2070.0,845.0,1225.0,3069.0,8.0,8.0,8.0,6.53,2659.0,1232.0,1427.0,5728.0,10.0,10.0,11.0,7.01,2813.0,1798.0,1015.0,8541.0,8.0,8.0,11.0,7.88,1508.0,523.0,985.0,10049.0,8.0,8.0,9.0,8.12,1979.0,814.0,1165.0,12028.0,14.0,14.0,14.0,12.02,2697.0,950.0,1747.0,14725.0,19.0,19.0,19.0,10.88,,,,,,,,,,,,,,,,,,,,,,,,,
e2fdeaad-7972-4cc3-8779-6fad95fb7ad0,2025-12-07 12:14:17 UTC,False,17832.0,CFOP,Gan 12 UI Maglev,RandomForest,4774.0,17832.0,,,gan12,custom_rules,,,,8.0,0.0,0.0,17832.0,74.0,75.0,81.0,4.15,7490.0,10342.0,4120.0,0.0,4120.0,4120.0,11.0,11.0,12.0,2.67,1908.0,1120.0,788.0,6028.0,12.0,12.0,12.0,15.23,2646.0,1735.0,911.0,8674.0,8.0,8.0,9.0,8.78,2424.0,1109.0,1315.0,11098.0,11.0,11.0,15.0,8.37,1338.0,1064.0,274.0,12436.0,5.0,5.0,5.0,18.25,1713.0,706.0,1007.0,14149.0,9.0,10.0,10.0,8.94,3683.0,1756.0,1927.0,17832.0,18.0,18.0,18.0,9.34,,,,,,,,,,,,,,,,,,,,,,,,,
98fb386a-6921-4102-b7a1-911fbe26247d,2025-12-07 12:14:54 UTC,False,13766.0,CFOP,Gan 12 UI Maglev,RandomForest,12761.0,13766.0,,,gan12,custom_rules,,,,8.0,0.0,0.0,13766.0,58.0,59.0,65.0,4.21,4782.0,8984.0,1442.0,0.0,1442.0,1442.0,6.0,6.0,8.0,4.16,3949.0,1241.0,2708.0,5391.0,11.0,11.0,12.0,4.06,2978.0,1030.0,1948.0,8369.0,11.0,11.0,13.0,5.65,1332.0,419.0,913.0,9701.0,11.0,11.0,11.0,12.05,1434.0,701.0,733.0,11135.0,8.0,8.0,8.0,10.91,2102.0,862.0,1240.0,13237.0,10.0,11.0,12.0,8.06,529.0,529.0,0.0,13766.0,1.0,1.0,1.0,,,,,,,,,,,,,,,,,,,,,,,,,,
3a0148c8-06c4-4413-a1d5-5a8adf5ee01c,2025-12-07 12:15:21 UTC,False,13961.0,CFOP,Gan 12 UI Maglev,RandomForest,2112.0,13961.0,,,gan12,custom_rules,,,,8.0,0.0,0.0,13961.0,70.0,70.0,80.0,5.01,5776.0,8185.0,2407.0,0.0,2407.0,2407.0,7.0,7.0,9.0,2.91,1563.0,661.0,902.0,3970.0,8.0,8.0,10.0,8.87,2273.0,1508.0,765.0,6243.0,8.0,8.0,9.0,10.46,1505.0,860.0,645.0,7748.0,8.0,8.0,8.0,12.4,2245.0,1278.0,967.0,9993.0,11.0,11.0,14.0,11.38,1629.0,823.0,806.0,11622.0,9.0,9.0,10.0,11.17,2339.0,646.0,1693.0,13961.0,19.0,19.0,20.0,11.22,,,,,,,,,,,,,,,,,,,,,,,,,
7f917ed0-a0d6-4545-a323-eee1f7c97fe4,2025-12-07 12:16:00 UTC,False,22326.0,CFOP,Gan 12 UI Maglev,RandomForest,8077.0,22326.0,,,gan12,custom_rules,,,,8.0,0.0,0.0,22326.0,94.0,94.0,105.0,4.21,3770.0,18556.0,3247.0,0.0,3247.0,3247.0,9.0,9.0,11.0,2.77,1097.0,574.0,523.0,4344.0,6.0,6.0,7.0,11.47,3689.0,596.0,3093.0,8033.0,15.0,15.0,19.0,4.85,4080.0,438.0,3642.0,12113.0,10.0,10.0,11.0,2.75,1702.0,1210.0,492.0,13815.0,8.0,8.0,8.0,16.26,5731.0,847.0,4884.0,19546.0,27.0,27.0,29.0,5.53,2780.0,105.0,2675.0,22326.0,19.0,19.0,20.0,7.1,,,,,,,,,,,,,,,,,,,,,,,,,
4fe4982d-adbc-4d07-8f55-5b3a4a914e0c,2025-12-07 12:16:29 UTC,False,15325.0,CFOP,Gan 12 UI Maglev,RandomForest,6083.0,15325.0,,,gan12,custom_rules,,,,8.0,0.0,0.0,15325.0,62.0,63.0,71.0,4.05,6742.0,8503.0,1878.0,0.0,1878.0,1958.0,6.0,6.0,7.0,3.19,2372.0,1096.0,1276.0,4330.0,7.0,7.0,8.0,5.49,2765.0,1127.0,1638.0,7095.0,10.0,10.0,12.0,6.11,1576.0,805.0,771.0,8671.0,8.0,8.0,9.0,10.38,1764.0,1137.0,627.0,10435.0,7.0,7.0,8.0,11.16,2634.0,1498.0,1136.0,13069.0,10.0,11.0,11.0,8.8,2256.0,1079.0,1177.0,15325.0,14.0,14.0,16.0,11.89,,,,,,,,,,,,,,,,,,,,,,,,,
b315944d-5b72-443b-ae8a-3db02464610c,2025-12-07 12:17:03 UTC,False,19575.0,CFOP,Gan 12 UI Maglev,RandomForest,4941.0,19575.0,,,gan12,custom_rules,,,,8.0,0.0,0.0,19575.0,74.0,76.0,86.0,3.78,6347.0,13228.0,6106.0,0.0,6106.0,6106.0,10.0,10.0,11.0,1.64,2678.0,951.0,1727.0,8784.0,12.0,13.0,13.0,6.95,2004.0,989.0,1015.0,10788.0,8.0,8.0,10.0,7.88,1933.0,1055.0,878.0,12721.0,12.0,12.0,12.0,13.67,2246.0,1562.0,684.0,14967.0,9.0,9.0,13.0,13.16,1870.0,807.0,1063.0,16837.0,10.0,11.0,11.0,9.41,2738.0,983.0,1755.0,19575.0,13.0,13.0,16.0,7.41,,,,,,,,,,,,,,,,,,,,,,,,,
a57147b7-2bbc-4cbf-ba68-94197fece4d8,2025-12-07 12:17:40 UTC,False,22363.0,CFOP,Gan 12 UI Maglev,RandomForest,4796.0,22363.0,,,gan12,custom_rules,,,,8.0,0.0,0.0,22363.0,90.0,90.0,103.0,4.02,4378.0,17985.0,4448.0,0.0,4448.0,4448.0,12.0,12.0,14.0,2.7,2274.0,435.0,1839.0,6722.0,9.0,9.0,10.0,4.89,4234.0,643.0,3591.0,10956.0,16.0,16.0,17.0,4.46,2201.0,1404.0,797.0,13157.0,7.0,7.0,8.0,8.78,1701.0,790.0,911.0,14858.0,8.0,8.0,11.0,8.78,4771.0,290.0,4481.0,19629.0,18.0,18.0,22.0,4.02,2734.0,816.0,1918.0,22363.0,20.0,20.0,21.0,10.43,,,,,,,,,,,,,,,,,,,,,,,,,
ffd98d89-184a-4357-8b40-e14af432d913,2025-12-07 15:23:41 UTC,False,14484.0,CFOP,Gan 12 UI Maglev,RandomForest,8488.0,14484.0,,,gan12,custom_rules,,,,8.0,0.0,0.0,14484.0,62.0,63.0,67.0,4.28,6380.0,8104.0,1775.0,0.0,1775.0,1775.0,7.0,7.0,8.0,3.94,1746.0,780.0,966.0,3521.0,6.0,6.0,8.0,6.21,2300.0,1183.0,1117.0,5821.0,7.0,7.0,8.0,6.27,2628.0,1662.0,966.0,8449.0,8.0,8.0,8.0,8.28,1367.0,483.0,884.0,9816.0,8.0,8.0,8.0,9.05,1573.0,831.0,742.0,11389.0,9.0,10.0,10.0,12.13,3095.0,1441.0,1654.0,14484.0,17.0,17.0,17.0,10.28,,,,,,,,,,,,,,,,,,,,,,,,,
f6a4b2ca-4c5e-4488-acff-060b92e4d3f5,2025-12-07 15:24:34 UTC,False,23127.0,CFOP,Gan 12 UI Maglev,RandomForest,14535.0,23127.0,,,gan12,custom_rules,,,,8.0,0.0,0.0,23127.0,74.0,75.0,91.0,3.2,10024.0,13103.0,2454.0,0.0,2454.0,2454.0,8.0,8.0,9.0,3.26,6007.0,2280.0,3727.0,8461.0,15.0,15.0,17.0,4.02,3523.0,2030.0,1493.0,11984.0,9.0,9.0,12.0,6.03,4985.0,3335.0,1650.0,16969.0,9.0,9.0,9.0,5.45,1138.0,209.0,929.0,18107.0,7.0,7.0,7.0,7.53,2070.0,1047.0,1023.0,20177.0,10.0,10.0,15.0,9.78,2950.0,1123.0,1827.0,23127.0,17.0,18.0,22.0,9.3,,,,,,,,,,,,,,,,,,,,,,,,,
379855e8-e2ac-4f9c-a9bb-cb3138cceb53,2025-12-07 15:27:06 UTC,False,30242.0,CFOP,Gan 12 UI Maglev,RandomForest,22376.0,30242.0,,,gan12,custom_rules,,,,8.0,0.0,0.0,30242.0,125.0,131.0,149.0,4.13,4534.0,25627.0,10127.0,0.0,10127.0,10208.0,33.0,37.0,41.0,3.26,0.0,0.0,0.0,10208.0,0.0,0.0,0.0,0.0,0.0,0.0,0.0,10208.0,0.0,0.0,0.0,0.0,2699.0,1297.0,1402.0,12907.0,12.0,12.0,13.0,8.56,1723.0,1086.0,637.0,14630.0,8.0,8.0,8.0,12.56,2037.0,1135.0,902.0,16667.0,10.0,10.0,14.0,11.09,13575.0,1016.0,12559.0,30242.0,62.0,64.0,73.0,4.94,,,,,,,,,,,,,,,,,,,,,,,,,
0ddef798-6997-4ae0-b6f6-1d1e8890a7ad,2025-12-07 15:31:00 UTC,False,16183.0,CFOP,Gan 12 UI Maglev,RandomForest,10774.0,16183.0,,,gan12,custom_rules,,,,8.0,0.0,0.0,16183.0,57.0,57.0,67.0,3.52,7496.0,8687.0,1943.0,0.0,1943.0,1943.0,7.0,7.0,9.0,3.6,2819.0,282.0,2537.0,4762.0,7.0,7.0,10.0,2.76,2749.0,2523.0,226.0,7511.0,4.0,4.0,4.0,17.7,2586.0,1748.0,838.0,10097.0,8.0,8.0,10.0,9.55,2330.0,1412.0,918.0,12427.0,9.0,9.0,9.0,9.8,1620.0,741.0,879.0,14047.0,8.0,8.0,8.0,9.1,2136.0,790.0,1346.0,16183.0,15.0,15.0,17.0,11.14,,,,,,,,,,,,,,,,,,,,,,,,,
f02efeaa-83dc-45cd-ba62-80552246d6d5,2025-12-07 15:32:31 UTC,False,15646.0,CFOP,Gan 12 UI Maglev,RandomForest,5503.0,15646.0,,,gan12,custom_rules,,,,8.0,0.0,0.0,15646.0,64.0,65.0,74.0,4.09,5607.0,9934.0,2160.0,0.0,2160.0,2265.0,6.0,6.0,7.0,2.78,3601.0,2570.0,1031.0,5866.0,9.0,9.0,11.0,8.73,1949.0,290.0,1659.0,7815.0,7.0,7.0,8.0,4.22,2626.0,386.0,2240.0,10441.0,10.0,10.0,10.0,4.46,1347.0,670.0,677.0,11788.0,8.0,8.0,9.0,11.82,2094.0,1039.0,1055.0,13882.0,10.0,10.0,13.0,9.48,1764.0,652.0,1112.0,15646.0,15.0,15.0,16.0,13.49,,,,,,,,,,,,,,,,,,,,,,,,,
0b221b43-5611-46c2-a153-6f36533055e5,2025-12-07 15:33:02 UTC,False,14622.0,CFOP,Gan 12 UI Maglev,RandomForest,3778.0,14622.0,,,gan12,custom_rules,,,,8.0,0.0,0.0,14622.0,58.0,64.0,73.0,3.97,5172.0,9450.0,4020.0,0.0,4020.0,4020.0,8.0,8.0,11.0,1.99,2199.0,1159.0,1040.0,6219.0,7.0,7.0,7.0,6.73,1314.0,661.0,653.0,7533.0,6.0,7.0,7.0,9.19,1354.0,556.0,798.0,8887.0,7.0,7.0,7.0,8.77,1684.0,516.0,1168.0,10571.0,12.0,12.0,12.0,10.27,1643.0,830.0,813.0,12214.0,9.0,10.0,10.0,11.07,2408.0,1450.0,958.0,14622.0,9.0,13.0,19.0,9.39,,,,,,,,,,,,,,,,,,,,,,,,,
cfc360aa-3d28-43b5-bc8c-b2f1e5256e0c,2025-12-07 15:33:38 UTC,False,15400.0,CFOP,Gan 12 UI Maglev,RandomForest,7436.0,15400.0,,,gan12,custom_rules,,,,8.0,0.0,0.0,15400.0,64.0,71.0,80.0,4.16,5158.0,10242.0,2200.0,0.0,2200.0,2200.0,10.0,11.0,11.0,4.55,1598.0,1283.0,315.0,3798.0,4.0,4.0,5.0,12.7,1979.0,378.0,1601.0,5777.0,8.0,8.0,9.0,5.0,1563.0,629.0,934.0,7340.0,8.0,8.0,9.0,8.57,2237.0,690.0,1547.0,9577.0,9.0,9.0,10.0,5.82,3126.0,1322.0,1804.0,12703.0,12.0,14.0,15.0,6.65,2697.0,856.0,1841.0,15400.0,13.0,17.0,21.0,7.06,,,,,,,,,,,,,,,,,,,,,,,,,
50b54dd0-1b80-40c7-a195-7490e56d71c8,2025-12-07 15:34:12 UTC,False,16905.0,CFOP,Gan 12 UI Maglev,RandomForest,6831.0,16905.0,,,gan12,custom_rules,,,,8.0,0.0,0.0,16905.0,68.0,71.0,75.0,4.02,6299.0,10606.0,1961.0,0.0,1961.0,1961.0,7.0,8.0,8.0,3.57,4359.0,1748.0,2611.0,6320.0,8.0,8.0,10.0,3.06,2506.0,709.0,1797.0,8826.0,12.0,12.0,12.0,6.68,1144.0,451.0,693.0,9970.0,6.0,7.0,7.0,8.66,1104.0,459.0,645.0,11074.0,7.0,7.0,8.0,10.85,2924.0,1683.0,1241.0,13998.0,10.0,11.0,11.0,8.06,2907.0,1249.0,1658.0,16905.0,19.0,19.0,19.0,11.46,,,,,,,,,,,,,,,,,,,,,,,,,
ba2dd2fd-9d16-44b9-9d59-96aff8475955,2025-12-07 15:34:44 UTC,False,17598.0,CFOP,Gan 12 UI Maglev,RandomForest,6056.0,17598.0,,,gan12,custom_rules,,,,8.0,0.0,0.0,17598.0,69.0,70.0,74.0,3.92,5098.0,12500.0,2561.0,0.0,2561.0,2561.0,9.0,9.0,9.0,3.51,1498.0,315.0,1183.0,4059.0,8.0,8.0,9.0,6.76,1930.0,394.0,1536.0,5989.0,12.0,12.0,13.0,7.81,4861.0,492.0,4369.0,10850.0,11.0,11.0,12.0,2.52,1908.0,1370.0,538.0,12758.0,4.0,4.0,4.0,7.43,2714.0,1521.0,1193.0,15472.0,10.0,11.0,11.0,8.38,2126.0,1006.0,1120.0,17598.0,15.0,15.0,16.0,13.39,,,,,,,,,,,,,,,,,,,,,,,,,
bec1f69a-22fd-4baa-a755-eefdf6f1a377,2025-12-07 15:35:18 UTC,False,19713.0,CFOP,Gan 12 UI Maglev,RandomForest,4066.0,19713.0,,,gan12,custom_rules,,,,8.0,0.0,0.0,19713.0,77.0,78.0,89.0,3.91,3950.0,15699.0,1564.0,0.0,1564.0,1628.0,6.0,6.0,8.0,3.84,7756.0,580.0,7176.0,9384.0,14.0,14.0,15.0,1.95,1418.0,290.0,1128.0,10802.0,8.0,8.0,9.0,7.09,1079.0,378.0,701.0,11881.0,6.0,6.0,8.0,8.56,1442.0,491.0,951.0,13323.0,9.0,9.0,9.0,9.46,1735.0,994.0,741.0,15058.0,8.0,8.0,10.0,10.8,4655.0,1217.0,3438.0,19713.0,26.0,27.0,30.0,7.56,,,,,,,,,,,,,,,,,,,,,,,,,
0b7fc788-ef7d-45f3-a63b-8796ca20d104,2025-12-07 15:36:03 UTC,False,24597.0,CFOP,Gan 12 UI Maglev,RandomForest,6729.0,24597.0,,,gan12,custom_rules,,,,8.0,0.0,0.0,24597.0,70.0,73.0,79.0,2.85,9369.0,15228.0,5070.0,0.0,5070.0,5070.0,10.0,10.0,12.0,1.97,3717.0,814.0,2903.0,8787.0,9.0,10.0,10.0,3.1,3794.0,1916.0,1878.0,12581.0,10.0,11.0,11.0,5.32,2880.0,1461.0,1419.0,15461.0,8.0,8.0,8.0,5.64,2584.0,1746.0,838.0,18045.0,8.0,8.0,9.0,9.55,1643.0,902.0,741.0,19688.0,9.0,9.0,9.0,12.15,4909.0,2530.0,2379.0,24597.0,16.0,17.0,20.0,6.73,,,,,,,,,,,,,,,,,,,,,,,,,
46fe0cf5-41fb-48a2-8f74-0f06277cc0df,2025-12-07 15:36:36 UTC,False,16888.0,CFOP,Gan 12 UI Maglev,RandomForest,6356.0,16888.0,,,gan12,custom_rules,,,,8.0,0.0,0.0,16888.0,73.0,73.0,83.0,4.32,6171.0,10717.0,1056.0,0.0,1056.0,1056.0,6.0,6.0,6.0,5.68,3384.0,1449.0,1935.0,4440.0,9.0,9.0,10.0,4.65,1385.0,363.0,1022.0,5825.0,6.0,6.0,7.0,5.87,2901.0,918.0,1983.0,8726.0,12.0,12.0,16.0,6.05,1258.0,791.0,467.0,9984.0,7.0,7.0,7.0,14.99,3901.0,943.0,2958.0,13885.0,18.0,18.0,20.0,6.09,3003.0,1707.0,1296.0,16888.0,16.0,16.0,17.0,12.35,,,,,,,,,,,,,,,,,,,,,,,,,
c4c582a0-5dc2-40ba-92c5-c114b5aa8ea9,2025-12-07 15:37:06 UTC,False,16014.0,CFOP,Gan 12 UI Maglev,RandomForest,5697.0,16014.0,,,gan12,custom_rules,,,,8.0,0.0,0.0,16014.0,70.0,74.0,83.0,4.37,5649.0,10365.0,3480.0,0.0,3480.0,3480.0,12.0,12.0,13.0,3.45,1942.0,684.0,1258.0,5422.0,8.0,8.0,9.0,6.36,1834.0,822.0,1012.0,7256.0,8.0,8.0,9.0,7.91,1166.0,371.0,795.0,8422.0,6.0,7.0,7.0,7.55,1565.0,742.0,823.0,9987.0,8.0,8.0,10.0,9.72,2433.0,1273.0,1160.0,12420.0,12.0,14.0,15.0,10.34,3594.0,1757.0,1837.0,16014.0,16.0,17.0,20.0,8.71,,,,,,,,,,,,,,,,,,,,,,,,,
a66ec755-1364-46f4-ad47-de8cc02810ce,2025-12-07 15:37:42 UTC,False,14847.0,CFOP,Gan 12 UI Maglev,RandomForest,9946.0,14847.0,,,gan12,custom_rules,,,,8.0,0.0,0.0,14847.0,58.0,58.0,68.0,3.91,6243.0,8604.0,1578.0,0.0,1578.0,1578.0,7.0,7.0,7.0,4.44,1828.0,967.0,861.0,3406.0,8.0,8.0,9.0,9.29,3088.0,750.0,2338.0,6494.0,11.0,11.0,13.0,4.7,2714.0,1546.0,1168.0,9208.0,5.0,5.0,6.0,4.28,1449.0,861.0,588.0,10657.0,8.0,8.0,8.0,13.61,1507.0,911.0,596.0,12164.0,8.0,8.0,10.0,13.42,2683.0,1208.0,1475.0,14847.0,11.0,11.0,15.0,7.46,,,,,,,,,,,,,,,,,,,,,,,,,
cda11bd7-b6cb-40eb-a05f-812c61218d28,2025-12-07 15:38:13 UTC,False,13458.0,CFOP,Gan 12 UI Maglev,RandomForest,7796.0,13458.0,,,gan12,custom_rules,,,,8.0,0.0,0.0,13458.0,63.0,63.0,71.0,4.68,5146.0,8312.0,1659.0,0.0,1659.0,1659.0,6.0,6.0,7.0,3.62,1689.0,830.0,859.0,3348.0,8.0,8.0,10.0,9.31,2200.0,1080.0,1120.0,5548.0,7.0,7.0,7.0,6.25,1917.0,1159.0,758.0,7465.0,8.0,8.0,10.0,10.55,1669.0,588.0,1081.0,9134.0,8.0,8.0,9.0,7.4,1360.0,699.0,661.0,10494.0,8.0,8.0,9.0,12.1,2964.0,790.0,2174.0,13458.0,18.0,18.0,19.0,8.28,,,,,,,,,,,,,,,,,,,,,,,,,
21a119f1-9326-4feb-a037-73ebf1177e7b,2025-12-07 15:39:12 UTC,False,25493.0,CFOP,Gan 12 UI Maglev,RandomForest,22259.0,25493.0,,,gan12,custom_rules,,,,8.0,0.0,0.0,25493.0,80.0,80.0,90.0,3.14,6782.0,18711.0,8214.0,0.0,8214.0,8214.0,23.0,23.0,26.0,2.8,0.0,0.0,0.0,8214.0,0.0,0.0,0.0,0.0,0.0,0.0,0.0,8214.0,0.0,0.0,0.0,0.0,8162.0,2971.0,5191.0,16376.0,17.0,17.0,23.0,3.27,2874.0,97.0,2777.0,19250.0,15.0,15.0,15.0,5.4,2319.0,1368.0,951.0,21569.0,9.0,9.0,9.0,9.46,3924.0,2346.0,1578.0,25493.0,17.0,17.0,17.0,10.77,,,,,,,,,,,,,,,,,,,,,,,,,
f5b435cc-e6cc-41a5-864a-5593902d608f,2025-12-07 15:39:54 UTC,False,23463.0,CFOP,Gan 12 UI Maglev,RandomForest,7735.0,23463.0,,,gan12,custom_rules,,,,8.0,0.0,0.0,23463.0,84.0,84.0,90.0,3.58,6931.0,16532.0,11576.0,0.0,11576.0,11576.0,24.0,24.0,28.0,2.07,1249.0,1071.0,178.0,12825.0,4.0,4.0,5.0,22.47,1497.0,1256.0,241.0,14322.0,5.0,5.0,5.0,20.75,2506.0,1491.0,1015.0,16828.0,8.0,8.0,8.0,7.88,2030.0,1087.0,943.0,18858.0,11.0,11.0,11.0,11.66,2339.0,743.0,1596.0,21197.0,17.0,17.0,17.0,10.65,2266.0,1283.0,983.0,23463.0,15.0,15.0,16.0,15.26,,,,,,,,,,,,,,,,,,,,,,,,,
222e6c6f-92dc-4210-8489-9f0fb77c004c,2025-12-07 15:40:41 UTC,False,18110.0,CFOP,Gan 12 UI Maglev,RandomForest,17962.0,18110.0,,,gan12,custom_rules,,,,8.0,0.0,0.0,18110.0,64.0,71.0,83.0,3.53,5456.0,12589.0,1701.0,0.0,1701.0,1766.0,6.0,6.0,9.0,3.53,5756.0,475.0,5281.0,7522.0,14.0,15.0,16.0,2.65,1504.0,625.0,879.0,9026.0,6.0,6.0,7.0,6.83,1559.0,890.0,669.0,10585.0,8.0,8.0,10.0,11.96,2068.0,1197.0,871.0,12653.0,9.0,9.0,10.0,10.33,2531.0,1152.0,1379.0,15184.0,9.0,10.0,10.0,6.53,2926.0,1117.0,1809.0,18110.0,12.0,17.0,21.0,6.63,,,,,,,,,,,,,,,,,,,,,,,,,
10f54962-d684-44c9-9703-b7367509835f,2025-12-07 15:41:08 UTC,False,14673.0,CFOP,Gan 12 UI Maglev,RandomForest,3075.0,14673.0,,,gan12,custom_rules,,,,8.0,0.0,0.0,14673.0,70.0,72.0,78.0,4.77,4600.0,10073.0,2535.0,0.0,2535.0,2535.0,8.0,8.0,8.0,3.16,1787.0,796.0,991.0,4322.0,12.0,12.0,12.0,12.11,2889.0,1190.0,1699.0,7211.0,10.0,10.0,11.0,5.89,983.0,322.0,661.0,8194.0,7.0,7.0,7.0,10.59,1473.0,457.0,1016.0,9667.0,7.0,7.0,9.0,6.89,2551.0,1223.0,1328.0,12218.0,10.0,11.0,12.0,7.53,2455.0,612.0,1843.0,14673.0,17.0,17.0,19.0,9.22,,,,,,,,,,,,,,,,,,,,,,,,,
a304376a-c9ce-4340-bfec-c81dc224109d,2025-12-07 15:41:39 UTC,False,13836.0,CFOP,Gan 12 UI Maglev,RandomForest,7391.0,13836.0,,,gan12,custom_rules,,,,8.0,0.0,0.0,13836.0,65.0,66.0,78.0,4.7,4850.0,8986.0,2535.0,0.0,2535.0,2535.0,6.0,6.0,9.0,2.37,2716.0,926.0,1790.0,5251.0,12.0,12.0,15.0,6.7,1361.0,532.0,829.0,6612.0,8.0,8.0,10.0,9.65,1208.0,459.0,749.0,7820.0,8.0,8.0,9.0,10.68,1937.0,995.0,942.0,9757.0,12.0,12.0,12.0,12.74,2040.0,1163.0,877.0,11797.0,9.0,10.0,10.0,10.26,2039.0,775.0,1264.0,13836.0,10.0,10.0,13.0,7.91,,,,,,,,,,,,,,,,,,,,,,,,,
e97b6a6c-486d-455c-9227-2d2de5992ca9,2025-12-07 15:42:06 UTC,False,13967.0,CFOP,Gan 12 UI Maglev,RandomForest,4490.0,13967.0,,,gan12,custom_rules,,,,8.0,0.0,0.0,13967.0,65.0,66.0,74.0,4.65,3542.0,10425.0,2952.0,0.0,2952.0,2952.0,6.0,6.0,6.0,2.03,1771.0,852.0,919.0,4723.0,8.0,8.0,10.0,8.71,2442.0,225.0,2217.0,7165.0,11.0,11.0,13.0,4.96,1386.0,516.0,870.0,8551.0,6.0,7.0,7.0,6.9,1199.0,514.0,685.0,9750.0,8.0,8.0,9.0,11.68,1967.0,621.0,1346.0,11717.0,12.0,12.0,13.0,8.92,2250.0,814.0,1436.0,13967.0,15.0,15.0,16.0,10.45,,,,,,,,,,,,,,,,,,,,,,,,,
eb1e19fb-4fcf-4df6-860e-cc21c68e824a,2025-12-07 15:42:40 UTC,False,17257.0,CFOP,Gan 12 UI Maglev,RandomForest,7617.0,17257.0,,,gan12,custom_rules,,,,8.0,0.0,0.0,17257.0,65.0,65.0,78.0,3.77,5535.0,11722.0,2021.0,0.0,2021.0,2021.0,7.0,7.0,9.0,3.46,3907.0,1837.0,2070.0,5928.0,11.0,11.0,13.0,5.31,3598.0,234.0,3364.0,9526.0,10.0,10.0,14.0,2.97,2161.0,564.0,1597.0,11687.0,8.0,8.0,9.0,5.01,1905.0,1393.0,512.0,13592.0,8.0,8.0,9.0,15.63,2063.0,959.0,1104.0,15655.0,8.0,8.0,9.0,7.25,1602.0,548.0,1054.0,17257.0,14.0,14.0,15.0,13.28,,,,,,,,,,,,,,,,,,,,,,,,,
852eb47a-caf4-4304-805d-933b18932425,2025-12-07 15:43:10 UTC,False,16861.0,CFOP,Gan 12 UI Maglev,RandomForest,4714.0,16861.0,,,gan12,custom_rules,,,,8.0,0.0,0.0,16861.0,66.0,66.0,73.0,3.91,7642.0,9219.0,1717.0,0.0,1717.0,1717.0,6.0,6.0,7.0,3.49,2569.0,1803.0,766.0,4286.0,8.0,8.0,8.0,10.44,2873.0,467.0,2406.0,7159.0,9.0,9.0,10.0,3.74,2207.0,1522.0,685.0,9366.0,8.0,8.0,9.0,11.68,1831.0,1372.0,459.0,11197.0,8.0,8.0,8.0,17.43,1549.0,539.0,1010.0,12746.0,12.0,12.0,12.0,11.88,4115.0,1939.0,2176.0,16861.0,15.0,15.0,19.0,6.89,,,,,,,,,,,,,,,,,,,,,,,,,
2c4c450b-8279-437a-b023-87e170e112a4,2025-12-07 15:43:50 UTC,False,19948.0,CFOP,Gan 12 UI Maglev,RandomForest,8662.0,19948.0,,,gan12,custom_rules,,,,8.0,0.0,0.0,19948.0,72.0,73.0,80.0,3.61,6582.0,13366.0,1152.0,0.0,1152.0,1152.0,7.0,7.0,7.0,6.08,4126.0,3014.0,1112.0,5278.0,9.0,9.0,11.0,8.09,3161.0,540.0,2621.0,8439.0,9.0,9.0,9.0,3.43,5728.0,467.0,5261.0,14167.0,17.0,17.0,21.0,3.23,1289.0,500.0,789.0,15456.0,6.0,6.0,6.0,7.6,2028.0,813.0,1215.0,17484.0,9.0,10.0,10.0,7.41,2464.0,1248.0,1216.0,19948.0,15.0,15.0,16.0,12.34,,,,,,,,,,,,,,,,,,,,,,,,,
6e67f460-1313-4a34-b551-319f648f9cc4,2025-12-07 15:44:23 UTC,False,16388.0,CFOP,Gan 12 UI Maglev,RandomForest,8461.0,16388.0,,,gan12,custom_rules,,,,8.0,0.0,0.0,16388.0,76.0,76.0,85.0,4.64,5390.0,10998.0,2699.0,0.0,2699.0,2699.0,9.0,9.0,10.0,3.33,2223.0,507.0,1716.0,4922.0,11.0,11.0,13.0,6.41,2256.0,1369.0,887.0,7178.0,7.0,7.0,7.0,7.89,1360.0,588.0,772.0,8538.0,7.0,7.0,8.0,9.07,2089.0,961.0,1128.0,10627.0,13.0,13.0,15.0,11.52,1902.0,967.0,935.0,12529.0,10.0,10.0,10.0,10.7,3859.0,998.0,2861.0,16388.0,19.0,19.0,22.0,6.64,,,,,,,,,,,,,,,,,,,,,,,,,
49fdea9f-e054-41a2-86d9-f0a5563dc657,2025-12-07 15:44:50 UTC,False,14737.0,CFOP,Gan 12 UI Maglev,RandomForest,2933.0,14737.0,,,gan12,custom_rules,,,,8.0,0.0,0.0,14737.0,58.0,61.0,69.0,3.94,5257.0,9134.0,1952.0,0.0,1952.0,2298.0,6.0,6.0,8.0,3.07,1854.0,1032.0,822.0,4152.0,5.0,6.0,6.0,6.08,1402.0,524.0,878.0,5554.0,8.0,8.0,10.0,9.11,1661.0,1126.0,535.0,7215.0,6.0,7.0,7.0,11.21,4079.0,1011.0,3068.0,11294.0,15.0,16.0,17.0,4.89,1420.0,677.0,743.0,12714.0,8.0,8.0,8.0,10.77,2023.0,887.0,1136.0,14737.0,10.0,10.0,13.0,8.8,,,,,,,,,,,,,,,,,,,,,,,,,
dc849fe6-d9f4-47c9-b47c-f9c31ffd458a,2025-12-07 15:45:22 UTC,False,16878.0,CFOP,Gan 12 UI Maglev,RandomForest,4259.0,16878.0,,,gan12,custom_rules,,,,8.0,0.0,0.0,16878.0,81.0,85.0,93.0,4.8,6883.0,9995.0,741.0,0.0,741.0,741.0,4.0,4.0,5.0,5.4,3012.0,1176.0,1836.0,3753.0,17.0,17.0,18.0,9.26,1813.0,620.0,1193.0,5566.0,7.0,7.0,7.0,5.87,1846.0,702.0,1144.0,7412.0,8.0,8.0,10.0,6.99,2182.0,1593.0,589.0,9594.0,9.0,9.0,9.0,15.28,3444.0,1102.0,2342.0,13038.0,20.0,22.0,23.0,8.54,3840.0,1690.0,2150.0,16878.0,16.0,18.0,21.0,7.44,,,,,,,,,,,,,,,,,,,,,,,,,
625f2636-2bea-4e09-b153-6d3444dea244,2025-12-07 15:46:01 UTC,False,17110.0,CFOP,Gan 12 UI Maglev,RandomForest,14027.0,17110.0,,,gan12,custom_rules,,,,8.0,0.0,0.0,17110.0,76.0,82.0,89.0,4.44,5240.0,11813.0,3999.0,0.0,3999.0,4056.0,15.0,15.0,17.0,3.75,0.0,0.0,0.0,4056.0,0.0,0.0,0.0,0.0,3620.0,1165.0,2455.0,7676.0,16.0,19.0,20.0,6.52,2520.0,1053.0,1467.0,10196.0,8.0,8.0,8.0,5.45,2446.0,932.0,1514.0,12642.0,11.0,11.0,12.0,7.27,2000.0,999.0,1001.0,14642.0,11.0,13.0,14.0,10.99,2468.0,1091.0,1377.0,17110.0,15.0,16.0,18.0,10.89,,,,,,,,,,,,,,,,,,,,,,,,,
68073b1c-e5c3-4f1f-a5c5-6443636d8e12,2025-12-07 15:46:45 UTC,False,14244.0,CFOP,Gan 12 UI Maglev,RandomForest,21728.0,14244.0,,,gan12,custom_rules,,,,8.0,0.0,0.0,14244.0,54.0,54.0,61.0,3.79,8273.0,5971.0,612.0,0.0,612.0,612.0,4.0,4.0,4.0,6.54,2186.0,790.0,1396.0,2798.0,6.0,6.0,7.0,4.3,2852.0,1902.0,950.0,5650.0,8.0,8.0,9.0,8.42,1706.0,1513.0,193.0,7356.0,4.0,4.0,5.0,20.73,1297.0,1007.0,290.0,8653.0,4.0,4.0,4.0,13.79,2481.0,1378.0,1103.0,11134.0,12.0,12.0,13.0,10.88,3110.0,1683.0,1427.0,14244.0,16.0,16.0,19.0,11.21,,,,,,,,,,,,,,,,,,,,,,,,,
d057312d-8783-4fc0-ac57-573a07932e7c,2025-12-07 15:47:14 UTC,False,12775.0,CFOP,Gan 12 UI Maglev,RandomForest,5140.0,12775.0,,,gan12,custom_rules,,,,8.0,0.0,0.0,12775.0,68.0,69.0,80.0,5.32,4222.0,8553.0,2161.0,0.0,2161.0,2161.0,7.0,7.0,8.0,3.24,1846.0,411.0,1435.0,4007.0,9.0,9.0,9.0,6.27,1596.0,580.0,1016.0,5603.0,9.0,10.0,11.0,8.86,1731.0,879.0,852.0,7334.0,8.0,8.0,9.0,9.39,1048.0,612.0,436.0,8382.0,8.0,8.0,9.0,18.35,1975.0,862.0,1113.0,10357.0,10.0,10.0,15.0,8.98,2418.0,878.0,1540.0,12775.0,17.0,17.0,19.0,11.04,,,,,,,,,,,,,,,,,,,,,,,,,
3ef1a6da-edd6-4b74-9fa2-bf4ee02e2dd3,2025-12-07 15:47:48 UTC,False,16848.0,CFOP,Gan 12 UI Maglev,RandomForest,5200.0,16848.0,,,gan12,custom_rules,,,,8.0,0.0,0.0,16848.0,87.0,87.0,97.0,5.16,4492.0,12356.0,2184.0,0.0,2184.0,2184.0,9.0,9.0,10.0,4.12,3030.0,1175.0,1855.0,5214.0,12.0,12.0,13.0,6.47,1530.0,532.0,998.0,6744.0,7.0,7.0,8.0,7.01,1956.0,822.0,1134.0,8700.0,8.0,8.0,10.0,7.05,4429.0,371.0,4058.0,13129.0,24.0,24.0,26.0,5.91,1871.0,792.0,1079.0,15000.0,13.0,13.0,13.0,12.05,1848.0,800.0,1048.0,16848.0,15.0,15.0,17.0,14.31,,,,,,,,,,,,,,,,,,,,,,,,,
454f65e6-6cac-44bb-a23d-033130e647a5,2025-12-07 15:48:34 UTC,False,22268.0,CFOP,Gan 12 UI Maglev,RandomForest,13366.0,22268.0,,,gan12,custom_rules,,,,8.0,0.0,0.0,22268.0,83.0,83.0,88.0,3.73,6924.0,15344.0,8280.0,0.0,8280.0,8280.0,21.0,21.0,22.0,2.54,0.0,0.0,0.0,8280.0,0.0,0.0,0.0,0.0,2262.0,1303.0,959.0,10542.0,8.0,8.0,8.0,8.34,2287.0,1506.0,781.0,12829.0,8.0,8.0,9.0,10.24,2740.0,2193.0,547.0,15569.0,10.0,10.0,11.0,18.28,2203.0,842.0,1361.0,17772.0,7.0,7.0,7.0,5.14,4496.0,1080.0,3416.0,22268.0,29.0,29.0,31.0,8.49,,,,,,,,,,,,,,,,,,,,,,,,,
0a3ca5ec-e529-4fa8-9a0e-39ecb8066411,2025-12-07 15:49:16 UTC,False,17484.0,CFOP,Gan 12 UI Maglev,RandomForest,6071.0,17484.0,,,gan12,custom_rules,,,,8.0,0.0,0.0,17484.0,82.0,83.0,93.0,4.69,7116.0,10368.0,1642.0,0.0,1642.0,1642.0,9.0,9.0,10.0,5.48,2634.0,766.0,1868.0,4276.0,11.0,11.0,11.0,5.89,2765.0,1049.0,1716.0,7041.0,11.0,11.0,12.0,6.41,1265.0,838.0,427.0,8306.0,8.0,8.0,8.0,18.74,1887.0,1418.0,469.0,10193.0,8.0,8.0,9.0,17.06,3748.0,709.0,3039.0,13941.0,21.0,21.0,24.0,6.91,3543.0,2336.0,1207.0,17484.0,14.0,15.0,19.0,11.6,,,,,,,,,,,,,,,,,,,,,,,,,
5a79fe5a-c3b6-4be9-a390-87c8ec5ce44d,2025-12-07 15:49:53 UTC,False,13827.0,CFOP,Gan 12 UI Maglev,RandomForest,11127.0,13827.0,,,gan12,custom_rules,,,,8.0,0.0,0.0,13827.0,58.0,62.0,74.0,4.19,6707.0,7120.0,1370.0,0.0,1370.0,1370.0,6.0,6.0,6.0,4.38,1172.0,817.0,355.0,2542.0,4.0,4.0,4.0,11.27,1684.0,1080.0,604.0,4226.0,9.0,9.0,10.0,14.9,2437.0,604.0,1833.0,6663.0,15.0,15.0,17.0,8.18,2199.0,1168.0,1031.0,8862.0,8.0,8.0,10.0,7.76,2337.0,1346.0,991.0,11199.0,7.0,7.0,9.0,7.06,2628.0,1692.0,936.0,13827.0,9.0,13.0,18.0,9.62,,,,,,,,,,,,,,,,,,,,,,,,,
264c9948-452d-4fec-a685-04e13bef3418,2025-12-07 15:50:27 UTC,False,14426.0,CFOP,Gan 12 UI Maglev,RandomForest,9754.0,14426.0,,,gan12,custom_rules,,,,8.0,0.0,0.0,14426.0,63.0,68.0,76.0,4.37,4159.0,10267.0,1426.0,0.0,1426.0,1426.0,4.0,6.0,6.0,2.81,2034.0,363.0,1671.0,3460.0,11.0,11.0,12.0,6.58,1572.0,605.0,967.0,5032.0,8.0,8.0,9.0,8.27,1426.0,226.0,1200.0,6458.0,6.0,7.0,7.0,5.0,2466.0,1281.0,1185.0,8924.0,8.0,8.0,10.0,6.75,1796.0,894.0,902.0,10720.0,9.0,10.0,10.0,9.98,3706.0,790.0,2916.0,14426.0,18.0,18.0,22.0,6.17,,,,,,,,,,,,,,,,,,,,,,,,,
210caa14-0013-456d-bbcf-49bf566afb5a,2025-12-07 15:51:01 UTC,False,14333.0,CFOP,Gan 12 UI Maglev,RandomForest,10821.0,14333.0,,,gan12,custom_rules,,,,8.0,0.0,0.0,14333.0,68.0,68.0,75.0,4.74,4489.0,9844.0,1899.0,0.0,1899.0,1899.0,9.0,9.0,10.0,4.74,1056.0,346.0,710.0,2955.0,8.0,8.0,8.0,11.27,1621.0,718.0,903.0,4576.0,6.0,6.0,6.0,6.64,1746.0,104.0,1642.0,6322.0,11.0,11.0,12.0,6.7,1925.0,1386.0,539.0,8247.0,9.0,9.0,9.0,16.7,3146.0,735.0,2411.0,11393.0,13.0,13.0,13.0,5.39,2940.0,1200.0,1740.0,14333.0,14.0,14.0,17.0,8.05,,,,,,,,,,,,,,,,,,,,,,,,,
e852e1ef-7099-4f7c-a020-6e8f91425051,2025-12-07 15:51:48 UTC,False,18994.0,CFOP,Gan 12 UI Maglev,RandomForest,19735.0,18994.0,,,gan12,custom_rules,,,,8.0,0.0,0.0,18994.0,68.0,68.0,80.0,3.58,7104.0,11890.0,3836.0,0.0,3836.0,3836.0,11.0,11.0,13.0,2.87,2224.0,1596.0,628.0,6060.0,5.0,5.0,6.0,7.96,2835.0,1090.0,1745.0,8895.0,8.0,8.0,12.0,4.58,2383.0,1200.0,1183.0,11278.0,5.0,5.0,6.0,4.23,2211.0,1357.0,854.0,13489.0,9.0,9.0,9.0,10.54,2123.0,999.0,1124.0,15612.0,8.0,8.0,10.0,7.12,3382.0,862.0,2520.0,18994.0,22.0,22.0,24.0,8.73,,,,,,,,,,,,,,,,,,,,,,,,,
fada5d95-3540-42e2-818a-ec3375ff6cc8,2025-12-07 15:52:20 UTC,False,16579.0,CFOP,Gan 12 UI Maglev,RandomForest,5029.0,16579.0,,,gan12,custom_rules,,,,8.0,0.0,0.0,16579.0,68.0,74.0,88.0,4.1,4367.0,12212.0,1749.0,0.0,1749.0,1749.0,8.0,8.0,8.0,4.57,3681.0,1209.0,2472.0,5430.0,12.0,12.0,14.0,4.85,831.0,556.0,275.0,6261.0,4.0,4.0,4.0,14.55,2404.0,153.0,2251.0,8665.0,13.0,13.0,16.0,5.78,3358.0,403.0,2955.0,12023.0,11.0,11.0,12.0,3.72,1562.0,909.0,653.0,13585.0,8.0,8.0,8.0,12.25,2994.0,1137.0,1857.0,16579.0,13.0,19.0,26.0,7.0,,,,,,,,,,,,,,,,,,,,,,,,,
dbd26dc0-2ebd-4c99-9107-7d11ba4dde10,2025-12-07 15:53:04 UTC,False,20469.0,CFOP,Gan 12 UI Maglev,RandomForest,13617.0,20469.0,,,gan12,custom_rules,,,,8.0,0.0,0.0,20469.0,79.0,80.0,91.0,3.86,6258.0,14211.0,6526.0,0.0,6526.0,6526.0,20.0,21.0,22.0,3.06,0.0,0.0,0.0,6526.0,0.0,0.0,0.0,0.0,3097.0,1594.0,1503.0,9623.0,11.0,11.0,12.0,7.32,3159.0,1346.0,1813.0,12782.0,13.0,13.0,13.0,7.17,1669.0,773.0,896.0,14451.0,8.0,8.0,10.0,8.93,2407.0,1408.0,999.0,16858.0,10.0,10.0,14.0,10.01,3611.0,1137.0,2474.0,20469.0,17.0,17.0,20.0,6.87,,,,,,,,,,,,,,,,,,,,,,,,,
e94ef9e1-1f7b-45b9-9293-9ee16a866e92,2025-12-07 15:53:43 UTC,False,15187.0,CFOP,Gan 12 UI Maglev,RandomForest,16192.0,15187.0,,,gan12,custom_rules,,,,8.0,0.0,0.0,15187.0,71.0,73.0,80.0,4.68,7471.0,7716.0,854.0,0.0,854.0,854.0,5.0,5.0,5.0,5.85,994.0,483.0,511.0,1848.0,6.0,6.0,7.0,11.74,2845.0,1281.0,1564.0,4693.0,12.0,12.0,14.0,7.67,1943.0,1225.0,718.0,6636.0,8.0,8.0,9.0,11.14,2379.0,1501.0,878.0,9015.0,9.0,9.0,10.0,10.25,2507.0,1338.0,1169.0,11522.0,12.0,13.0,13.0,10.27,3665.0,1643.0,2022.0,15187.0,19.0,20.0,22.0,9.4,,,,,,,,,,,,,,,,,,,,,,,,,
aa01ea26-a209-427e-aa8c-d3f5b9075e0f,2025-12-07 15:54:27 UTC,False,16645.0,CFOP,Gan 12 UI Maglev,RandomForest,12456.0,16645.0,,,gan12,custom_rules,,,,8.0,0.0,0.0,16645.0,73.0,74.0,81.0,4.39,5339.0,11306.0,1200.0,0.0,1200.0,1200.0,5.0,5.0,6.0,4.17,2941.0,382.0,2559.0,4141.0,13.0,13.0,14.0,5.08,4752.0,1161.0,3591.0,8893.0,11.0,12.0,14.0,3.06,1950.0,1121.0,829.0,10843.0,8.0,8.0,9.0,9.65,2290.0,1243.0,1047.0,13133.0,9.0,9.0,9.0,8.6,1207.0,683.0,524.0,14340.0,8.0,8.0,9.0,15.27,2305.0,749.0,1556.0,16645.0,19.0,19.0,20.0,12.21,,,,,,,,,,,,,,,,,,,,,,,,,
4cdf2fa1-1442-4994-86ea-d40171fd76d1,2025-12-07 15:54:59 UTC,False,16740.0,CFOP,Gan 12 UI Maglev,RandomForest,6195.0,16740.0,,,gan12,custom_rules,,,,8.0,0.0,0.0,16740.0,85.0,86.0,98.0,5.08,5925.0,10815.0,1936.0,0.0,1936.0,1936.0,10.0,10.0,10.0,5.17,2168.0,1669.0,499.0,4104.0,8.0,8.0,10.0,16.03,2691.0,702.0,1989.0,6795.0,9.0,9.0,11.0,4.52,1279.0,830.0,449.0,8074.0,7.0,7.0,7.0,15.59,1678.0,967.0,711.0,9752.0,8.0,8.0,9.0,11.25,1782.0,773.0,1009.0,11534.0,12.0,12.0,13.0,11.89,5206.0,984.0,4222.0,16740.0,31.0,32.0,38.0,7.34,,,,,,,,,,,,,,,,,,,,,,,,,
00486c67-a13c-4f9f-bb06-5cb623066173,2025-12-07 15:55:35 UTC,False,15891.0,CFOP,Gan 12 UI Maglev,RandomForest,7392.0,15891.0,,,gan12,custom_rules,,,,8.0,0.0,0.0,15891.0,66.0,71.0,82.0,4.15,5558.0,10333.0,1249.0,0.0,1249.0,1249.0,7.0,7.0,7.0,5.6,2551.0,934.0,1617.0,3800.0,9.0,10.0,10.0,5.57,2707.0,1192.0,1515.0,6507.0,11.0,11.0,12.0,7.26,2982.0,693.0,2289.0,9489.0,11.0,11.0,12.0,4.81,1964.0,701.0,1263.0,11453.0,8.0,8.0,10.0,6.33,2312.0,790.0,1522.0,13765.0,12.0,12.0,13.0,7.88,2126.0,1248.0,878.0,15891.0,8.0,12.0,18.0,9.11,,,,,,,,,,,,,,,,,,,,,,,,,
be1f74a5-d56e-43f5-900d-ce4843cc59be,2025-12-07 15:56:07 UTC,False,19658.0,CFOP,Gan 12 UI Maglev,RandomForest,3347.0,19658.0,,,gan12,custom_rules,,,,8.0,0.0,0.0,19658.0,92.0,93.0,101.0,4.68,5454.0,14204.0,1112.0,0.0,1112.0,1112.0,5.0,5.0,5.0,4.5,3252.0,480.0,2772.0,4364.0,14.0,14.0,15.0,5.05,3233.0,291.0,2942.0,7597.0,12.0,12.0,13.0,4.08,2586.0,1780.0,806.0,10183.0,8.0,8.0,9.0,9.93,1772.0,611.0,1161.0,11955.0,12.0,12.0,13.0,10.34,3967.0,731.0,3236.0,15922.0,25.0,25.0,25.0,7.73,3736.0,1561.0,2175.0,19658.0,17.0,18.0,21.0,7.82,,,,,,,,,,,,,,,,,,,,,,,,,
0b6861b2-be1e-4442-ba20-a25c1628dd6b,2025-12-07 15:56:40 UTC,False,11368.0,CFOP,Gan 12 UI Maglev,RandomForest,11576.0,11368.0,,,gan12,custom_rules,,,,8.0,0.0,0.0,11368.0,57.0,59.0,62.0,5.01,4993.0,6375.0,757.0,0.0,757.0,757.0,4.0,5.0,6.0,5.28,936.0,637.0,299.0,1693.0,4.0,4.0,5.0,13.38,2043.0,547.0,1496.0,3736.0,9.0,10.0,10.0,6.02,1628.0,702.0,926.0,5364.0,8.0,8.0,8.0,8.64,942.0,741.0,201.0,6306.0,3.0,3.0,3.0,14.93,1997.0,885.0,1112.0,8303.0,13.0,13.0,13.0,11.69,3065.0,1481.0,1584.0,11368.0,17.0,17.0,17.0,10.73,,,,,,,,,,,,,,,,,,,,,,,,,
6fcd8dae-7fbd-4601-8b42-1099cb6b16fd,2025-12-07 15:57:40 UTC,False,21440.0,CFOP,Gan 12 UI Maglev,RandomForest,19207.0,21440.0,,,gan12,custom_rules,,,,8.0,0.0,0.0,21440.0,77.0,85.0,105.0,3.59,5612.0,15828.0,2581.0,0.0,2581.0,2581.0,9.0,9.0,11.0,3.49,4423.0,669.0,3754.0,7004.0,20.0,20.0,21.0,5.33,3730.0,1570.0,2160.0,10734.0,10.0,10.0,11.0,4.63,4279.0,1007.0,3272.0,15013.0,13.0,13.0,16.0,3.97,0.0,0.0,0.0,15013.0,0.0,0.0,0.0,0.0,1945.0,1088.0,857.0,16958.0,10.0,11.0,11.0,11.67,4482.0,1278.0,3204.0,21440.0,15.0,22.0,35.0,4.68,,,,,,,,,,,,,,,,,,,,,,,,,
046ca461-8749-4871-a3f6-d4fb462c1199,2025-12-07 15:58:16 UTC,False,15104.0,CFOP,Gan 12 UI Maglev,RandomForest,7376.0,15104.0,,,gan12,custom_rules,,,,8.0,0.0,0.0,15104.0,60.0,60.0,66.0,3.97,7951.0,7153.0,951.0,0.0,951.0,951.0,6.0,6.0,6.0,6.31,1893.0,1433.0,460.0,2844.0,6.0,6.0,6.0,13.04,3819.0,2094.0,1725.0,6663.0,10.0,10.0,13.0,5.8,1983.0,1080.0,903.0,8646.0,8.0,8.0,10.0,8.86,1732.0,1120.0,612.0,10378.0,8.0,8.0,8.0,13.07,1683.0,870.0,813.0,12061.0,6.0,6.0,6.0,7.38,3043.0,1354.0,1689.0,15104.0,16.0,16.0,17.0,9.47,,,,,,,,,,,,,,,,,,,,,,,,,
64b61103-cfbe-4c26-9636-36072775c77e,2025-12-07 15:58:47 UTC,False,15878.0,CFOP,Gan 12 UI Maglev,RandomForest,6867.0,15878.0,,,gan12,custom_rules,,,,8.0,0.0,0.0,15878.0,60.0,64.0,82.0,3.78,6933.0,8945.0,1714.0,0.0,1714.0,1714.0,7.0,7.0,8.0,4.08,2636.0,1798.0,838.0,4350.0,8.0,8.0,8.0,9.55,2592.0,1087.0,1505.0,6942.0,11.0,11.0,14.0,7.31,1924.0,774.0,1150.0,8866.0,8.0,8.0,8.0,6.96,2093.0,1279.0,814.0,10959.0,9.0,9.0,11.0,11.06,1963.0,956.0,1007.0,12922.0,9.0,9.0,12.0,8.94,2956.0,1039.0,1917.0,15878.0,8.0,12.0,21.0,4.17,,,,,,,,,,,,,,,,,,,,,,,,,
f35bf228-c861-4f31-b552-ff3b8985d577,2025-12-07 15:59:21 UTC,False,15569.0,CFOP,Gan 12 UI Maglev,RandomForest,9222.0,15569.0,,,gan12,custom_rules,,,,8.0,0.0,0.0,15569.0,70.0,70.0,75.0,4.5,7469.0,8100.0,1649.0,0.0,1649.0,1649.0,7.0,7.0,8.0,4.24,1709.0,564.0,1145.0,3358.0,8.0,8.0,9.0,6.99,3683.0,2361.0,1322.0,7041.0,13.0,13.0,14.0,9.83,1706.0,950.0,756.0,8747.0,8.0,8.0,9.0,10.58,2070.0,1506.0,564.0,10817.0,8.0,8.0,8.0,14.18,1498.0,742.0,756.0,12315.0,9.0,9.0,9.0,11.9,3254.0,1346.0,1908.0,15569.0,17.0,17.0,18.0,8.91,,,,,,,,,,,,,,,,,,,,,,,,,
00422a96-a1fe-439b-abeb-debbe2ab8e44,2025-12-07 15:59:53 UTC,False,19160.0,CFOP,Gan 12 UI Maglev,RandomForest,5023.0,19160.0,,,gan12,custom_rules,,,,8.0,0.0,0.0,19160.0,73.0,74.0,79.0,3.81,6434.0,12726.0,2517.0,0.0,2517.0,2517.0,4.0,5.0,5.0,1.59,5000.0,2149.0,2851.0,7517.0,11.0,11.0,11.0,3.86,1449.0,514.0,935.0,8966.0,8.0,8.0,10.0,8.56,1933.0,1216.0,717.0,10899.0,8.0,8.0,10.0,11.16,2737.0,1072.0,1665.0,13636.0,13.0,13.0,13.0,7.81,1523.0,790.0,733.0,15159.0,9.0,9.0,9.0,12.28,4001.0,693.0,3308.0,19160.0,20.0,20.0,21.0,6.05,,,,,,,,,,,,,,,,,,,,,,,,,
30d82e3f-e250-43c1-bf4e-ce13fa4f5053,2025-12-07 16:00:22 UTC,False,14683.0,CFOP,Gan 12 UI Maglev,RandomForest,4725.0,14683.0,,,gan12,custom_rules,,,,8.0,0.0,0.0,14683.0,63.0,65.0,68.0,4.29,4622.0,10061.0,4623.0,0.0,4623.0,4623.0,11.0,11.0,13.0,2.38,1469.0,768.0,701.0,6092.0,6.0,7.0,7.0,8.56,2304.0,579.0,1725.0,8396.0,11.0,11.0,11.0,6.38,1521.0,1168.0,353.0,9917.0,4.0,4.0,4.0,11.33,1024.0,524.0,500.0,10941.0,5.0,5.0,5.0,10.0,1592.0,625.0,967.0,12533.0,10.0,11.0,11.0,10.34,2150.0,958.0,1192.0,14683.0,16.0,16.0,17.0,13.42,,,,,,,,,,,,,,,,,,,,,,,,,
d0c5d762-a159-46e0-ab80-08718d2a146c,2025-12-07 16:00:59 UTC,False,18172.0,CFOP,Gan 12 UI Maglev,RandomForest,10452.0,18172.0,,,gan12,custom_rules,,,,8.0,0.0,0.0,18172.0,72.0,78.0,91.0,3.96,7027.0,11145.0,2326.0,0.0,2326.0,2326.0,7.0,7.0,8.0,3.01,2056.0,1153.0,903.0,4382.0,7.0,7.0,8.0,7.75,2146.0,1032.0,1114.0,6528.0,9.0,10.0,11.0,8.08,1706.0,828.0,878.0,8234.0,11.0,11.0,12.0,12.53,1983.0,1145.0,838.0,10217.0,9.0,9.0,9.0,10.74,2321.0,1160.0,1161.0,12538.0,9.0,10.0,10.0,7.75,5634.0,1709.0,3925.0,18172.0,20.0,24.0,33.0,5.1,,,,,,,,,,,,,,,,,,,,,,,,,
3115db66-ed15-4f1e-b2b0-8c4ac9c7b4b7,2025-12-07 16:01:39 UTC,False,19234.0,CFOP,Gan 12 UI Maglev,RandomForest,12039.0,19234.0,,,gan12,custom_rules,,,,8.0,0.0,0.0,19234.0,87.0,92.0,113.0,4.52,6260.0,12974.0,1298.0,0.0,1298.0,1298.0,5.0,5.0,7.0,3.85,1148.0,431.0,717.0,2446.0,8.0,8.0,8.0,11.16,4194.0,2077.0,2117.0,6640.0,12.0,12.0,15.0,5.67,3987.0,709.0,3278.0,10627.0,18.0,18.0,20.0,5.49,1280.0,459.0,821.0,11907.0,11.0,11.0,12.0,13.4,2399.0,1392.0,1007.0,14306.0,10.0,10.0,15.0,9.93,4928.0,1192.0,3736.0,19234.0,23.0,28.0,36.0,6.16,,,,,,,,,,,,,,,,,,,,,,,,,
3a0885a6-a60e-4db0-a71e-55ca2747a24f,2025-12-07 16:02:22 UTC,False,20524.0,CFOP,Gan 12 UI Maglev,RandomForest,11236.0,20524.0,,,gan12,custom_rules,,,,8.0,0.0,0.0,20524.0,70.0,76.0,90.0,3.41,10006.0,10421.0,1248.0,0.0,1248.0,1345.0,7.0,7.0,8.0,5.61,3562.0,2644.0,918.0,4907.0,9.0,9.0,10.0,9.8,2503.0,1448.0,1055.0,7410.0,7.0,7.0,7.0,6.64,1749.0,1395.0,354.0,9159.0,3.0,3.0,4.0,8.47,3359.0,2070.0,1289.0,12518.0,9.0,9.0,10.0,6.98,2165.0,918.0,1247.0,14683.0,12.0,14.0,15.0,9.62,5841.0,1531.0,4310.0,20524.0,23.0,27.0,36.0,5.34,,,,,,,,,,,,,,,,,,,,,,,,,
aa0e9d63-f5f4-4cd2-8fc5-4808aa707313,2025-12-07 16:03:04 UTC,False,23646.0,CFOP,Gan 12 UI Maglev,RandomForest,6731.0,23646.0,,,gan12,custom_rules,,,,8.0,0.0,0.0,23646.0,79.0,82.0,93.0,3.34,12791.0,10855.0,2210.0,0.0,2210.0,2210.0,8.0,10.0,15.0,3.62,6049.0,4905.0,1144.0,8259.0,8.0,8.0,8.0,6.99,4485.0,3117.0,1368.0,12744.0,8.0,8.0,9.0,5.85,1804.0,1007.0,797.0,14548.0,6.0,7.0,9.0,7.53,2892.0,902.0,1990.0,17440.0,13.0,13.0,15.0,6.53,3192.0,1354.0,1838.0,20632.0,17.0,17.0,18.0,9.25,3014.0,1506.0,1508.0,23646.0,19.0,19.0,19.0,12.6,,,,,,,,,,,,,,,,,,,,,,,,,
b7f40ed8-5d76-43f3-b4db-3027635a676b,2025-12-07 16:03:37 UTC,False,17630.0,CFOP,Gan 12 UI Maglev,RandomForest,7194.0,17630.0,,,gan12,custom_rules,,,,8.0,0.0,0.0,17630.0,66.0,68.0,73.0,3.74,5873.0,11757.0,2003.0,0.0,2003.0,2003.0,7.0,7.0,8.0,3.49,2544.0,886.0,1658.0,4547.0,8.0,8.0,9.0,4.83,1699.0,410.0,1289.0,6246.0,7.0,7.0,7.0,5.43,3763.0,1492.0,2271.0,10009.0,9.0,9.0,10.0,3.96,2449.0,1232.0,1217.0,12458.0,7.0,7.0,7.0,5.75,2272.0,588.0,1684.0,14730.0,11.0,12.0,12.0,6.53,2900.0,1265.0,1635.0,17630.0,17.0,18.0,20.0,10.4,,,,,,,,,,,,,,,,,,,,,,,,,
508b8b95-e5a6-4d34-87b8-0400c4e836b3,2025-12-07 16:04:07 UTC,False,16656.0,CFOP,Gan 12 UI Maglev,RandomForest,3806.0,16656.0,,,gan12,custom_rules,,,,8.0,0.0,0.0,16656.0,69.0,69.0,76.0,4.14,7388.0,9268.0,1963.0,0.0,1963.0,1963.0,7.0,7.0,8.0,3.57,2126.0,999.0,1127.0,4089.0,8.0,8.0,9.0,7.1,2216.0,1080.0,1136.0,6305.0,8.0,8.0,10.0,7.04,3061.0,2263.0,798.0,9366.0,9.0,9.0,10.0,11.28,1911.0,1202.0,709.0,11277.0,8.0,8.0,8.0,11.28,1773.0,871.0,902.0,13050.0,9.0,9.0,9.0,9.98,3606.0,973.0,2633.0,16656.0,20.0,20.0,22.0,7.6,,,,,,,,,,,,,,,,,,,,,,,,,
4268d5b3-dd81-4d5d-a284-14603b963481,2025-12-07 16:04:53 UTC,False,27358.0,CFOP,Gan 12 UI Maglev,RandomForest,9720.0,27358.0,,,gan12,custom_rules,,,,8.0,0.0,0.0,27358.0,58.0,59.0,67.0,2.12,7149.0,20209.0,2764.0,0.0,2764.0,2764.0,6.0,7.0,9.0,2.17,4007.0,2307.0,1700.0,6771.0,7.0,7.0,7.0,4.12,2305.0,1079.0,1226.0,9076.0,7.0,7.0,7.0,5.71,14214.0,2216.0,11998.0,23290.0,13.0,13.0,15.0,1.08,0.0,0.0,0.0,23290.0,0.0,0.0,0.0,0.0,1819.0,685.0,1134.0,25109.0,9.0,9.0,12.0,7.94,2249.0,862.0,1387.0,27358.0,16.0,16.0,17.0,11.54,,,,,,,,,,,,,,,,,,,,,,,,,
e807d987-8e5e-4177-bbd4-0de71a95917d,2025-12-07 16:05:35 UTC,False,21537.0,CFOP,Gan 12 UI Maglev,RandomForest,10512.0,21537.0,,,gan12,custom_rules,,,,8.0,0.0,0.0,21537.0,81.0,81.0,94.0,3.76,7740.0,13725.0,1798.0,0.0,1798.0,1870.0,6.0,6.0,9.0,3.34,4365.0,72.0,4293.0,6235.0,11.0,11.0,13.0,2.56,1932.0,1031.0,901.0,8167.0,8.0,8.0,9.0,8.88,2584.0,1569.0,1015.0,10751.0,8.0,8.0,8.0,7.88,2768.0,1747.0,1021.0,13519.0,10.0,10.0,12.0,9.79,3393.0,1024.0,2369.0,16912.0,16.0,16.0,18.0,6.75,4625.0,2297.0,2328.0,21537.0,23.0,23.0,25.0,9.88,,,,,,,,,,,,,,,,,,,,,,,,,
2d961dda-339e-4730-bac2-82211d55017e,2025-12-07 16:06:30 UTC,False,16923.0,CFOP,Gan 12 UI Maglev,RandomForest,28941.0,16923.0,,,gan12,custom_rules,,,,8.0,0.0,0.0,16923.0,68.0,69.0,78.0,4.02,8014.0,8844.0,2222.0,0.0,2222.0,2287.0,7.0,7.0,9.0,3.15,1258.0,766.0,492.0,3545.0,8.0,8.0,9.0,16.26,2745.0,797.0,1948.0,6290.0,8.0,8.0,9.0,4.11,1156.0,927.0,229.0,7446.0,4.0,4.0,4.0,17.47,3753.0,2432.0,1321.0,11199.0,14.0,14.0,15.0,10.6,2393.0,1555.0,838.0,13592.0,11.0,11.0,12.0,13.13,3331.0,1537.0,1794.0,16923.0,16.0,17.0,20.0,8.92,,,,,,,,,,,,,,,,,,,,,,,,,
1affa255-9918-48e2-8e6c-b5669c1c51d0,2025-12-07 16:07:23 UTC,False,12397.0,CFOP,Gan 12 UI Maglev,RandomForest,31525.0,12397.0,,,gan12,custom_rules,,,,8.0,0.0,0.0,12397.0,57.0,60.0,70.0,4.6,5310.0,7087.0,758.0,0.0,758.0,758.0,5.0,5.0,6.0,6.6,0.0,0.0,0.0,758.0,0.0,0.0,0.0,0.0,1864.0,768.0,1096.0,2622.0,8.0,8.0,9.0,7.3,2735.0,550.0,2185.0,5357.0,9.0,9.0,10.0,4.12,2127.0,1515.0,612.0,7484.0,8.0,8.0,11.0,13.07,1949.0,1117.0,832.0,9433.0,11.0,13.0,15.0,13.22,2964.0,1360.0,1604.0,12397.0,16.0,17.0,19.0,9.98,,,,,,,,,,,,,,,,,,,,,,,,,
eb3b5251-0ce3-49db-ad9b-1e078ef1d0b9,2025-12-07 16:08:12 UTC,False,17734.0,CFOP,Gan 12 UI Maglev,RandomForest,20448.0,17734.0,,,gan12,custom_rules,,,,8.0,0.0,0.0,17734.0,72.0,74.0,86.0,4.06,6661.0,11073.0,1975.0,0.0,1975.0,1975.0,5.0,5.0,7.0,2.53,3736.0,886.0,2850.0,5711.0,13.0,13.0,15.0,4.56,1574.0,677.0,897.0,7285.0,8.0,8.0,10.0,8.92,2611.0,1242.0,1369.0,9896.0,8.0,8.0,9.0,5.84,1820.0,1232.0,588.0,11716.0,8.0,8.0,8.0,13.61,2988.0,1448.0,1540.0,14704.0,14.0,14.0,16.0,9.09,3030.0,1176.0,1854.0,17734.0,16.0,18.0,21.0,8.63,,,,,,,,,,,,,,,,,,,,,,,,,
e6f4e86c-7584-460a-9171-e3fca31a09bf,2025-12-07 16:08:44 UTC,False,14086.0,CFOP,Gan 12 UI Maglev,RandomForest,8316.0,14086.0,,,gan12,custom_rules,,,,8.0,0.0,0.0,14086.0,55.0,60.0,75.0,3.9,6632.0,7454.0,2746.0,0.0,2746.0,2746.0,10.0,11.0,11.0,3.64,1427.0,1153.0,274.0,4173.0,4.0,4.0,5.0,14.6,3108.0,2215.0,893.0,7281.0,9.0,9.0,11.0,10.08,1645.0,580.0,1065.0,8926.0,7.0,7.0,8.0,6.57,1532.0,862.0,670.0,10458.0,8.0,8.0,8.0,11.94,1572.0,902.0,670.0,12030.0,9.0,9.0,10.0,13.43,2056.0,920.0,1136.0,14086.0,8.0,12.0,22.0,7.04,,,,,,,,,,,,,,,,,,,,,,,,,
a4bd6453-4071-4910-be05-8ce90fdece52,2025-12-07 16:09:14 UTC,False,13457.0,CFOP,Gan 12 UI Maglev,RandomForest,5132.0,13457.0,,,gan12,custom_rules,,,,8.0,0.0,0.0,13457.0,65.0,65.0,70.0,4.83,6689.0,6768.0,1796.0,0.0,1796.0,1796.0,8.0,8.0,9.0,4.45,2287.0,1642.0,645.0,4083.0,7.0,7.0,7.0,10.85,2280.0,1337.0,943.0,6363.0,8.0,8.0,9.0,8.48,1250.0,823.0,427.0,7613.0,6.0,6.0,7.0,14.05,1483.0,782.0,701.0,9096.0,8.0,8.0,8.0,11.41,2410.0,1387.0,1023.0,11506.0,12.0,12.0,13.0,11.73,1951.0,718.0,1233.0,13457.0,16.0,16.0,17.0,12.98,,,,,,,,,,,,,,,,,,,,,,,,,
1ad85753-632a-44f3-b938-0679b9c0ad73,2025-12-07 16:09:42 UTC,False,14932.0,CFOP,Gan 12 UI Maglev,RandomForest,3552.0,14932.0,,,gan12,custom_rules,,,,8.0,0.0,0.0,14932.0,59.0,63.0,77.0,3.95,4877.0,10055.0,2561.0,0.0,2561.0,2561.0,6.0,6.0,8.0,2.34,1891.0,803.0,1088.0,4452.0,8.0,8.0,9.0,7.35,2572.0,292.0,2280.0,7024.0,11.0,11.0,12.0,4.82,1538.0,475.0,1063.0,8562.0,7.0,7.0,8.0,6.59,2309.0,1109.0,1200.0,10871.0,7.0,7.0,8.0,5.83,2223.0,1167.0,1056.0,13094.0,13.0,13.0,15.0,12.31,1838.0,1031.0,807.0,14932.0,8.0,12.0,17.0,9.91,,,,,,,,,,,,,,,,,,,,,,,,,
6da15163-1e90-498e-a7d6-0a2a4262d219,2025-12-07 16:10:43 UTC,False,23545.0,CFOP,Gan 12 UI Maglev,RandomForest,8036.0,23545.0,,,gan12,custom_rules,,,,8.0,0.0,0.0,23545.0,83.0,84.0,93.0,3.53,8170.0,15375.0,2230.0,0.0,2230.0,2230.0,7.0,7.0,9.0,3.14,3401.0,2482.0,919.0,5631.0,8.0,8.0,9.0,8.71,1895.0,832.0,1063.0,7526.0,8.0,8.0,8.0,7.53,4195.0,1247.0,2948.0,11721.0,13.0,14.0,17.0,4.41,2228.0,435.0,1793.0,13949.0,9.0,9.0,9.0,5.02,5713.0,967.0,4746.0,19662.0,22.0,22.0,24.0,4.64,3883.0,2207.0,1676.0,23545.0,16.0,16.0,17.0,9.55,,,,,,,,,,,,,,,,,,,,,,,,,
6c195d1b-1757-42a9-8aab-5c4ae632a28c,2025-12-07 16:11:35 UTC,False,14883.0,CFOP,Gan 12 UI Maglev,RandomForest,7555.0,14883.0,,,gan12,custom_rules,,,,8.0,0.0,0.0,14883.0,58.0,62.0,74.0,3.9,6039.0,8844.0,2127.0,0.0,2127.0,2127.0,9.0,9.0,11.0,4.23,838.0,668.0,170.0,2965.0,3.0,3.0,3.0,17.65,2318.0,1408.0,910.0,5283.0,8.0,8.0,8.0,8.79,4805.0,1344.0,3461.0,10088.0,17.0,17.0,20.0,4.91,1265.0,500.0,765.0,11353.0,8.0,8.0,9.0,10.46,1500.0,902.0,598.0,12853.0,7.0,7.0,7.0,11.71,2030.0,1217.0,813.0,14883.0,7.0,11.0,16.0,8.61,,,,,,,,,,,,,,,,,,,,,,,,,
1ae8cb10-f5f0-4bd6-b804-33c4e8c0141d,2025-12-07 16:12:10 UTC,False,15812.0,CFOP,Gan 12 UI Maglev,RandomForest,7991.0,15812.0,,,gan12,custom_rules,,,,8.0,0.0,0.0,15812.0,62.0,63.0,70.0,3.92,7101.0,8711.0,1072.0,0.0,1072.0,1072.0,5.0,5.0,6.0,4.66,1233.0,452.0,781.0,2305.0,12.0,12.0,12.0,15.36,2942.0,2330.0,612.0,5247.0,8.0,8.0,8.0,13.07,6632.0,2336.0,4296.0,11879.0,15.0,15.0,18.0,3.49,0.0,0.0,0.0,11879.0,0.0,0.0,0.0,0.0,1960.0,1017.0,943.0,13839.0,9.0,9.0,10.0,9.54,1973.0,966.0,1007.0,15812.0,13.0,14.0,16.0,12.91,,,,,,,,,,,,,,,,,,,,,,,,,
1d9a08c3-b99e-4e42-b000-d2d9fe8f5c3f,2025-12-07 16:12:46 UTC,False,21424.0,CFOP,Gan 12 UI Maglev,RandomForest,5000.0,21424.0,,,gan12,custom_rules,,,,8.0,0.0,0.0,21424.0,80.0,81.0,94.0,3.73,8639.0,12785.0,1698.0,0.0,1698.0,1698.0,6.0,7.0,8.0,3.53,3518.0,628.0,2890.0,5216.0,10.0,10.0,11.0,3.46,3504.0,2562.0,942.0,8720.0,8.0,8.0,9.0,8.49,2410.0,759.0,1651.0,11130.0,10.0,10.0,13.0,6.06,4802.0,2563.0,2239.0,15932.0,14.0,14.0,15.0,6.25,2802.0,1184.0,1618.0,18734.0,13.0,13.0,18.0,8.03,2690.0,943.0,1747.0,21424.0,19.0,19.0,20.0,10.88,,,,,,,,,,,,,,,,,,,,,,,,,
b869b57b-42a8-40d6-991c-bf9b633097a5,2025-12-07 16:14:31 UTC,False,15353.0,CFOP,Gan 12 UI Maglev,RandomForest,79729.0,15353.0,,,gan12,custom_rules,,,,8.0,0.0,0.0,15353.0,66.0,67.0,73.0,4.3,6837.0,8516.0,1616.0,0.0,1616.0,1616.0,6.0,6.0,6.0,3.71,1552.0,621.0,931.0,3168.0,7.0,7.0,7.0,7.52,3058.0,2034.0,1024.0,6226.0,8.0,8.0,10.0,7.81,2920.0,1620.0,1300.0,9146.0,10.0,11.0,11.0,7.69,1501.0,733.0,768.0,10647.0,8.0,8.0,8.0,10.42,1855.0,765.0,1090.0,12502.0,9.0,9.0,12.0,8.26,2851.0,1064.0,1787.0,15353.0,18.0,18.0,19.0,10.07,,,,,,,,,,,,,,,,,,,,,,,,,
143c6d14-7611-46e6-9cf4-47b5b8f4b0cf,2025-12-07 16:15:05 UTC,False,19711.0,CFOP,Gan 12 UI Maglev,RandomForest,5661.0,19711.0,,,gan12,custom_rules,,,,8.0,0.0,0.0,19711.0,73.0,74.0,89.0,3.7,5366.0,14345.0,4622.0,0.0,4622.0,4622.0,11.0,11.0,14.0,2.38,3079.0,1814.0,1265.0,7701.0,7.0,7.0,8.0,5.53,2013.0,234.0,1779.0,9714.0,9.0,9.0,10.0,5.06,4230.0,484.0,3746.0,13944.0,16.0,16.0,20.0,4.27,2158.0,1473.0,685.0,16102.0,7.0,7.0,7.0,10.22,1757.0,669.0,1088.0,17859.0,9.0,9.0,14.0,8.27,1852.0,692.0,1160.0,19711.0,15.0,15.0,16.0,12.93,,,,,,,,,,,,,,,,,,,,,,,,,
f4dd2501-b5bd-45f8-88f0-bc8e24579ce6,2025-12-07 16:15:42 UTC,False,22186.0,CFOP,Gan 12 UI Maglev,RandomForest,5647.0,22186.0,,,gan12,custom_rules,,,,8.0,0.0,0.0,22186.0,71.0,76.0,93.0,3.2,6423.0,15706.0,1585.0,0.0,1585.0,1642.0,8.0,8.0,9.0,5.05,3047.0,1394.0,1653.0,4689.0,8.0,8.0,8.0,4.84,1766.0,662.0,1104.0,6455.0,8.0,8.0,10.0,7.25,8555.0,1130.0,7425.0,15010.0,21.0,21.0,25.0,2.83,1799.0,727.0,1072.0,16809.0,7.0,7.0,8.0,6.53,1652.0,734.0,918.0,18461.0,8.0,8.0,9.0,8.71,3725.0,1776.0,1949.0,22186.0,11.0,16.0,24.0,5.64,,,,,,,,,,,,,,,,,,,,,,,,,
d031af26-e5f0-4c0d-b23a-6434966fe8ec,2025-12-07 16:16:13 UTC,False,13694.0,CFOP,Gan 12 UI Maglev,RandomForest,5408.0,13694.0,,,gan12,custom_rules,,,,8.0,0.0,0.0,13694.0,59.0,64.0,77.0,4.31,5894.0,7800.0,2140.0,0.0,2140.0,2140.0,8.0,8.0,9.0,3.74,1374.0,629.0,745.0,3514.0,6.0,7.0,7.0,8.05,2615.0,1322.0,1293.0,6129.0,10.0,10.0,13.0,7.73,2483.0,1285.0,1198.0,8612.0,9.0,9.0,11.0,7.51,1578.0,757.0,821.0,10190.0,8.0,8.0,9.0,9.74,1297.0,661.0,636.0,11487.0,9.0,9.0,9.0,14.15,2207.0,1240.0,967.0,13694.0,9.0,13.0,19.0,9.31,,,,,,,,,,,,,,,,,,,,,,,,,
47ceefe2-7f60-4123-be6a-7dd48fc6adf0,2025-12-07 16:18:16 UTC,False,19446.0,CFOP,Gan 12 UI Maglev,RandomForest,12295.0,19446.0,,,gan12,custom_rules,,,,8.0,0.0,0.0,19446.0,75.0,77.0,85.0,3.86,6759.0,12687.0,2953.0,0.0,2953.0,2953.0,8.0,8.0,8.0,2.71,3335.0,619.0,2716.0,6288.0,11.0,11.0,12.0,4.05,2699.0,774.0,1925.0,8987.0,10.0,11.0,13.0,5.19,1950.0,1217.0,733.0,10937.0,9.0,9.0,9.0,12.28,1452.0,500.0,952.0,12389.0,8.0,8.0,9.0,8.4,2810.0,1344.0,1466.0,15199.0,14.0,14.0,15.0,9.55,4247.0,2305.0,1942.0,19446.0,16.0,17.0,19.0,8.24,,,,,,,,,,,,,,,,,,,,,,,,,
4b8b78af-9839-49f7-8f40-919f61ffc524,2025-12-07 16:18:48 UTC,False,14607.0,CFOP,Gan 12 UI Maglev,RandomForest,4676.0,14607.0,,,gan12,custom_rules,,,,8.0,0.0,0.0,14607.0,70.0,71.0,74.0,4.79,4536.0,10071.0,2998.0,0.0,2998.0,2998.0,11.0,11.0,11.0,3.67,3595.0,1757.0,1838.0,6593.0,11.0,11.0,12.0,5.98,1530.0,475.0,1055.0,8123.0,8.0,8.0,9.0,7.58,1168.0,234.0,934.0,9291.0,7.0,7.0,7.0,7.49,1676.0,580.0,1096.0,10967.0,7.0,7.0,7.0,6.39,1868.0,822.0,1046.0,12835.0,11.0,12.0,12.0,10.52,1772.0,668.0,1104.0,14607.0,15.0,15.0,16.0,13.59,,,,,,,,,,,,,,,,,,,,,,,,,
229cc3ce-ad75-4751-9b09-1619396b4c7e,2025-12-07 16:19:22 UTC,False,20458.0,CFOP,Gan 12 UI Maglev,RandomForest,3357.0,20458.0,,,gan12,custom_rules,,,,8.0,0.0,0.0,20458.0,68.0,69.0,75.0,3.32,7920.0,12538.0,4680.0,0.0,4680.0,4680.0,10.0,10.0,11.0,2.14,4410.0,1265.0,3145.0,9090.0,11.0,11.0,12.0,3.5,2844.0,2152.0,692.0,11934.0,7.0,7.0,8.0,10.12,2249.0,1323.0,926.0,14183.0,7.0,7.0,8.0,7.56,1564.0,1057.0,507.0,15747.0,8.0,8.0,9.0,15.78,2303.0,1127.0,1176.0,18050.0,9.0,10.0,10.0,7.65,2408.0,996.0,1412.0,20458.0,16.0,16.0,17.0,11.33,,,,,,,,,,,,,,,,,,,,,,,,,
2efc8d23-9fc9-43c5-8f60-00aeb92c3c38,2025-12-07 16:19:54 UTC,False,16726.0,CFOP,Gan 12 UI Maglev,RandomForest,5422.0,16726.0,,,gan12,custom_rules,,,,8.0,0.0,0.0,16726.0,62.0,66.0,82.0,3.71,6272.0,10454.0,5566.0,0.0,5566.0,5566.0,15.0,16.0,18.0,2.69,0.0,0.0,0.0,5566.0,0.0,0.0,0.0,0.0,3127.0,2458.0,669.0,8693.0,8.0,8.0,8.0,11.96,2247.0,974.0,1273.0,10940.0,11.0,11.0,14.0,8.64,1887.0,1170.0,717.0,12827.0,8.0,8.0,9.0,11.16,1860.0,764.0,1096.0,14687.0,10.0,10.0,15.0,9.12,2039.0,906.0,1133.0,16726.0,10.0,13.0,18.0,8.83,,,,,,,,,,,,,,,,,,,,,,,,,
2e166bd9-2f04-4fdd-b767-ecd6b61d7b15,2025-12-07 16:20:22 UTC,False,14173.0,CFOP,Gan 12 UI Maglev,RandomForest,4980.0,14173.0,,,gan12,custom_rules,,,,8.0,0.0,0.0,14173.0,62.0,63.0,73.0,4.37,5687.0,8486.0,1514.0,0.0,1514.0,1514.0,7.0,7.0,7.0,4.62,2161.0,685.0,1476.0,3675.0,12.0,12.0,14.0,8.13,2361.0,1193.0,1168.0,6036.0,7.0,7.0,8.0,5.99,1950.0,693.0,1257.0,7986.0,5.0,6.0,7.0,3.98,1441.0,998.0,443.0,9427.0,7.0,7.0,7.0,15.8,1597.0,685.0,912.0,11024.0,10.0,10.0,13.0,10.96,3149.0,1433.0,1716.0,14173.0,14.0,14.0,17.0,8.16,,,,,,,,,,,,,,,,,,,,,,,,,
7d8e8ef8-474b-4408-a912-09cb665b7e07,2025-12-07 16:21:06 UTC,False,20085.0,CFOP,Gan 12 UI Maglev,RandomForest,15098.0,20085.0,,,gan12,custom_rules,,,,8.0,0.0,0.0,20085.0,90.0,95.0,107.0,4.48,3362.0,16634.0,9941.0,0.0,9941.0,10030.0,40.0,45.0,54.0,4.02,0.0,0.0,0.0,10030.0,0.0,0.0,0.0,0.0,0.0,0.0,0.0,10030.0,0.0,0.0,0.0,0.0,1329.0,322.0,1007.0,11359.0,8.0,8.0,8.0,7.94,1822.0,976.0,846.0,13181.0,7.0,7.0,8.0,8.27,1645.0,727.0,918.0,14826.0,13.0,13.0,13.0,14.16,5259.0,1337.0,3922.0,20085.0,22.0,22.0,24.0,5.61,,,,,,,,,,,,,,,,,,,,,,,,,
71795d9d-2c28-4d97-9063-efe5d8829614,2025-12-07 16:21:42 UTC,False,18418.0,CFOP,Gan 12 UI Maglev,RandomForest,7748.0,18418.0,,,gan12,custom_rules,,,,8.0,0.0,0.0,18418.0,74.0,77.0,88.0,4.02,7032.0,11290.0,2572.0,0.0,2572.0,2668.0,7.0,7.0,9.0,2.72,2136.0,1314.0,822.0,4804.0,6.0,7.0,7.0,7.3,2577.0,1577.0,1000.0,7381.0,8.0,8.0,9.0,8.0,4558.0,814.0,3744.0,11939.0,15.0,16.0,19.0,4.01,1750.0,911.0,839.0,13689.0,12.0,12.0,14.0,14.3,1733.0,709.0,1024.0,15422.0,11.0,11.0,12.0,10.74,2996.0,1707.0,1289.0,18418.0,15.0,16.0,18.0,11.64,,,,,,,,,,,,,,,,,,,,,,,,,
3c512605-e3a8-464b-a579-2e970a40e7ca,2025-12-07 16:22:11 UTC,False,16835.0,CFOP,Gan 12 UI Maglev,RandomForest,3965.0,16835.0,,,gan12,custom_rules,,,,8.0,0.0,0.0,16835.0,58.0,63.0,79.0,3.45,5180.0,11655.0,2303.0,0.0,2303.0,2303.0,6.0,6.0,8.0,2.61,2489.0,435.0,2054.0,4792.0,9.0,9.0,12.0,4.38,1338.0,694.0,644.0,6130.0,6.0,6.0,9.0,9.32,2435.0,1283.0,1152.0,8565.0,8.0,8.0,10.0,6.94,2923.0,1247.0,1676.0,11488.0,8.0,8.0,8.0,4.77,3077.0,1424.0,1653.0,14565.0,10.0,11.0,11.0,6.05,2270.0,97.0,2173.0,16835.0,11.0,15.0,21.0,5.06,,,,,,,,,,,,,,,,,,,,,,,,,
620a9967-866f-4c6d-a3b4-e81cb01771ba,2025-12-07 16:22:39 UTC,False,15396.0,CFOP,Gan 12 UI Maglev,RandomForest,3606.0,15396.0,,,gan12,custom_rules,,,,8.0,0.0,0.0,15396.0,62.0,63.0,69.0,4.03,8187.0,7209.0,1426.0,0.0,1426.0,1426.0,6.0,6.0,7.0,4.21,2439.0,1198.0,1241.0,3865.0,8.0,8.0,8.0,6.45,3623.0,2575.0,1048.0,7488.0,11.0,11.0,11.0,10.5,1838.0,1136.0,702.0,9326.0,6.0,7.0,7.0,8.55,1424.0,764.0,660.0,10750.0,8.0,8.0,9.0,12.12,1707.0,877.0,830.0,12457.0,11.0,11.0,12.0,13.25,2939.0,1637.0,1302.0,15396.0,12.0,12.0,15.0,9.22,,,,,,,,,,,,,,,,,,,,,,,,,
7e70bba6-b6bd-4bc2-b3d5-153534f8cc02,2025-12-07 16:23:17 UTC,False,19360.0,CFOP,Gan 12 UI Maglev,RandomForest,8882.0,19360.0,,,gan12,custom_rules,,,,8.0,0.0,0.0,19360.0,66.0,72.0,80.0,3.41,3473.0,15887.0,10551.0,0.0,10551.0,10551.0,25.0,29.0,33.0,2.37,0.0,0.0,0.0,10551.0,0.0,0.0,0.0,0.0,0.0,0.0,0.0,10551.0,0.0,0.0,0.0,0.0,3162.0,902.0,2260.0,13713.0,13.0,14.0,16.0,5.75,1546.0,676.0,870.0,15259.0,7.0,7.0,7.0,8.05,1951.0,750.0,1201.0,17210.0,8.0,8.0,8.0,6.66,2150.0,1145.0,1005.0,19360.0,13.0,14.0,16.0,12.94,,,,,,,,,,,,,,,,,,,,,,,,,
92df2373-23b7-4474-9307-100e4e70f641,2025-12-07 16:24:09 UTC,False,14109.0,CFOP,Gan 12 UI Maglev,RandomForest,27037.0,14109.0,,,gan12,custom_rules,,,,8.0,0.0,0.0,14109.0,56.0,57.0,65.0,3.97,6899.0,7097.0,2188.0,0.0,2188.0,2301.0,8.0,9.0,9.0,3.66,766.0,564.0,202.0,3067.0,3.0,3.0,3.0,14.85,2893.0,1645.0,1248.0,5960.0,9.0,9.0,10.0,7.21,1979.0,1464.0,515.0,7939.0,8.0,8.0,9.0,15.53,1897.0,830.0,1067.0,9836.0,8.0,8.0,10.0,7.5,2198.0,1336.0,862.0,12034.0,11.0,11.0,12.0,12.76,2075.0,1060.0,1015.0,14109.0,9.0,9.0,12.0,8.87,,,,,,,,,,,,,,,,,,,,,,,,,
2d47fbaa-a569-4613-b58a-0ded7eebbf8e,2025-12-07 16:24:54 UTC,False,26696.0,CFOP,Gan 12 UI Maglev,RandomForest,4555.0,26696.0,,,gan12,custom_rules,,,,8.0,0.0,0.0,26696.0,109.0,115.0,130.0,4.08,5324.0,21372.0,2957.0,0.0,2957.0,2957.0,8.0,8.0,10.0,2.71,1794.0,660.0,1134.0,4751.0,12.0,12.0,13.0,10.58,1587.0,975.0,612.0,6338.0,8.0,8.0,9.0,13.07,2653.0,734.0,1919.0,8991.0,12.0,13.0,13.0,6.25,996.0,843.0,153.0,9987.0,5.0,5.0,5.0,32.68,1836.0,1337.0,499.0,11823.0,8.0,8.0,8.0,16.03,14873.0,775.0,14098.0,26696.0,57.0,61.0,72.0,4.04,,,,,,,,,,,,,,,,,,,,,,,,,
d8a0feac-a0b7-4841-8e11-b8df585fb29f,2025-12-07 16:25:25 UTC,False,14869.0,CFOP,Gan 12 UI Maglev,RandomForest,7270.0,14869.0,,,gan12,custom_rules,,,,8.0,0.0,0.0,14869.0,66.0,66.0,72.0,4.44,6052.0,8785.0,1755.0,0.0,1755.0,1787.0,6.0,6.0,9.0,3.42,3049.0,387.0,2662.0,4836.0,8.0,8.0,9.0,3.01,1858.0,1141.0,717.0,6694.0,11.0,11.0,11.0,15.34,2157.0,1287.0,870.0,8851.0,7.0,7.0,8.0,8.05,2331.0,1686.0,645.0,11182.0,8.0,8.0,8.0,12.4,1366.0,745.0,621.0,12548.0,8.0,8.0,9.0,12.88,2321.0,806.0,1515.0,14869.0,18.0,18.0,18.0,11.88,,,,,,,,,,,,,,,,,,,,,,,,,
0c64d8c3-3963-4034-a252-a9837054b57e,2025-12-07 16:25:57 UTC,False,15565.0,CFOP,Gan 12 UI Maglev,RandomForest,8915.0,15565.0,,,gan12,custom_rules,,,,8.0,0.0,0.0,15565.0,66.0,66.0,80.0,4.24,7722.0,7843.0,1897.0,0.0,1897.0,1897.0,9.0,9.0,10.0,4.74,4226.0,2834.0,1392.0,6123.0,12.0,12.0,14.0,8.62,1254.0,473.0,781.0,7377.0,8.0,8.0,8.0,10.24,1183.0,516.0,667.0,8560.0,8.0,8.0,9.0,11.99,2318.0,1674.0,644.0,10878.0,8.0,8.0,9.0,12.42,1841.0,794.0,1047.0,12719.0,10.0,10.0,15.0,9.55,2846.0,1431.0,1415.0,15565.0,11.0,11.0,15.0,7.77,,,,,,,,,,,,,,,,,,,,,,,,,
b6170bb4-9e84-4cff-9dca-1b6200de3ee2,2025-12-07 16:26:31 UTC,False,16703.0,CFOP,Gan 12 UI Maglev,RandomForest,6614.0,16703.0,,,gan12,custom_rules,,,,8.0,0.0,0.0,16703.0,66.0,68.0,76.0,3.95,3084.0,13619.0,9934.0,0.0,9934.0,9934.0,30.0,32.0,35.0,3.02,0.0,0.0,0.0,9934.0,0.0,0.0,0.0,0.0,0.0,0.0,0.0,9934.0,0.0,0.0,0.0,0.0,0.0,0.0,0.0,9934.0,0.0,0.0,0.0,0.0,1830.0,911.0,919.0,11764.0,8.0,8.0,9.0,8.71,2260.0,1150.0,1110.0,14024.0,10.0,10.0,13.0,9.01,2679.0,1023.0,1656.0,16703.0,18.0,18.0,19.0,10.87,,,,,,,,,,,,,,,,,,,,,,,,,
e128f772-f2fd-4991-88fe-85fe5480cc15,2025-12-07 16:27:03 UTC,False,17439.0,CFOP,Gan 12 UI Maglev,RandomForest,6412.0,17439.0,,,gan12,custom_rules,,,,8.0,0.0,0.0,17439.0,78.0,83.0,103.0,4.47,5556.0,11883.0,3863.0,0.0,3863.0,3863.0,8.0,8.0,13.0,2.07,1849.0,612.0,1237.0,5712.0,8.0,9.0,9.0,6.47,1098.0,360.0,738.0,6810.0,12.0,12.0,12.0,16.26,2144.0,1055.0,1089.0,8954.0,8.0,8.0,10.0,7.35,1971.0,1158.0,813.0,10925.0,9.0,9.0,12.0,11.07,1634.0,1005.0,629.0,12559.0,8.0,8.0,9.0,12.72,4880.0,1366.0,3514.0,17439.0,25.0,29.0,38.0,7.11,,,,,,,,,,,,,,,,,,,,,,,,,
b308c1e5-8462-48f7-ba9b-28f3a150ec4a,2025-12-07 16:27:42 UTC,False,17750.0,CFOP,Gan 12 UI Maglev,RandomForest,12036.0,17750.0,,,gan12,custom_rules,,,,8.0,0.0,0.0,17750.0,70.0,73.0,77.0,3.94,5298.0,12274.0,547.0,0.0,547.0,725.0,3.0,4.0,4.0,5.48,4073.0,476.0,3597.0,4798.0,16.0,16.0,17.0,4.45,1828.0,829.0,999.0,6626.0,9.0,10.0,10.0,9.01,716.0,523.0,193.0,7342.0,3.0,3.0,3.0,15.54,5238.0,1176.0,4062.0,12580.0,12.0,12.0,13.0,2.95,2288.0,1047.0,1241.0,14868.0,10.0,11.0,11.0,8.06,2882.0,1247.0,1635.0,17750.0,17.0,17.0,19.0,10.4,,,,,,,,,,,,,,,,,,,,,,,,,
2122d581-5020-45cf-818c-c252fe482edf,2025-12-07 16:28:09 UTC,False,12333.0,CFOP,Gan 12 UI Maglev,RandomForest,5919.0,12333.0,,,gan12,custom_rules,,,,8.0,0.0,0.0,12333.0,52.0,56.0,68.0,4.22,5936.0,6316.0,983.0,0.0,983.0,1064.0,6.0,6.0,8.0,6.1,2837.0,1685.0,1152.0,3901.0,6.0,6.0,7.0,5.21,1151.0,426.0,725.0,5052.0,6.0,6.0,7.0,8.28,1764.0,1079.0,685.0,6816.0,8.0,8.0,9.0,11.68,1498.0,1031.0,467.0,8314.0,8.0,8.0,9.0,17.13,1965.0,821.0,1144.0,10279.0,9.0,9.0,9.0,7.87,2054.0,894.0,1160.0,12333.0,9.0,13.0,19.0,7.76,,,,,,,,,,,,,,,,,,,,,,,,,
1abfbac0-fb11-484b-be17-bcf8e9da0c42,2025-12-07 16:29:00 UTC,False,30451.0,CFOP,Gan 12 UI Maglev,RandomForest,10422.0,30451.0,,,gan12,custom_rules,,,,8.0,0.0,0.0,30451.0,85.0,86.0,109.0,2.79,8653.0,21725.0,10506.0,0.0,10506.0,10579.0,13.0,13.0,18.0,1.24,4892.0,516.0,4376.0,15471.0,18.0,18.0,19.0,4.11,3828.0,2966.0,862.0,19299.0,8.0,8.0,9.0,9.28,2362.0,1153.0,1209.0,21661.0,10.0,10.0,14.0,8.27,2425.0,691.0,1734.0,24086.0,10.0,10.0,12.0,5.77,2627.0,1765.0,862.0,26713.0,11.0,11.0,15.0,12.76,3738.0,1562.0,2176.0,30451.0,17.0,18.0,22.0,7.81,,,,,,,,,,,,,,,,,,,,,,,,,
1e7d3463-3993-4819-88b7-27c1fceaeec0,2025-12-07 16:29:26 UTC,False,13901.0,CFOP,Gan 12 UI Maglev,RandomForest,4282.0,13901.0,,,gan12,custom_rules,,,,8.0,0.0,0.0,13901.0,60.0,64.0,78.0,4.32,7241.0,6660.0,878.0,0.0,878.0,878.0,5.0,5.0,6.0,5.69,3377.0,2464.0,913.0,4255.0,8.0,8.0,10.0,8.76,1813.0,782.0,1031.0,6068.0,8.0,8.0,10.0,7.76,1730.0,1481.0,249.0,7798.0,5.0,5.0,6.0,20.08,1170.0,443.0,727.0,8968.0,7.0,7.0,10.0,9.63,2620.0,959.0,1661.0,11588.0,18.0,18.0,18.0,10.84,2313.0,1112.0,1201.0,13901.0,9.0,13.0,18.0,7.49,,,,,,,,,,,,,,,,,,,,,,,,,
e9df25be-9baf-4d31-b2b5-64fb33287190,2025-12-07 16:29:59 UTC,False,19276.0,CFOP,Gan 12 UI Maglev,RandomForest,5140.0,19276.0,,,gan12,custom_rules,,,,8.0,0.0,0.0,19276.0,76.0,77.0,83.0,3.94,7703.0,11573.0,3564.0,0.0,3564.0,3564.0,9.0,9.0,11.0,2.53,3287.0,2674.0,613.0,6851.0,8.0,8.0,10.0,13.05,2809.0,514.0,2295.0,9660.0,11.0,11.0,11.0,4.79,1595.0,1014.0,581.0,11255.0,9.0,9.0,9.0,15.49,2552.0,2084.0,468.0,13807.0,5.0,5.0,6.0,10.68,2625.0,531.0,2094.0,16432.0,18.0,19.0,19.0,8.6,2844.0,886.0,1958.0,19276.0,16.0,16.0,17.0,8.17,,,,,,,,,,,,,,,,,,,,,,,,,
a082b5c2-3429-4264-b918-9c0f9ca39ee7,2025-12-07 16:30:32 UTC,False,14262.0,CFOP,Gan 12 UI Maglev,RandomForest,9338.0,14262.0,,,gan12,custom_rules,,,,8.0,0.0,0.0,14262.0,60.0,61.0,67.0,4.21,7262.0,7000.0,1539.0,0.0,1539.0,1539.0,6.0,6.0,7.0,3.9,1483.0,669.0,814.0,3022.0,5.0,6.0,7.0,6.14,2691.0,1370.0,1321.0,5713.0,7.0,7.0,7.0,5.3,1078.0,885.0,193.0,6791.0,4.0,4.0,6.0,20.73,3449.0,2129.0,1320.0,10240.0,13.0,13.0,14.0,9.85,1918.0,1064.0,854.0,12158.0,11.0,11.0,11.0,12.88,2104.0,1145.0,959.0,14262.0,14.0,14.0,15.0,14.6,,,,,,,,,,,,,,,,,,,,,,,,,
6cf81ac1-5938-4abf-aa25-e9488f46a2b4,2025-12-07 16:31:16 UTC,False,18441.0,CFOP,Gan 12 UI Maglev,RandomForest,15287.0,18441.0,,,gan12,custom_rules,,,,8.0,0.0,0.0,18441.0,73.0,74.0,80.0,3.96,6164.0,12188.0,3589.0,0.0,3589.0,3678.0,10.0,10.0,12.0,2.79,3340.0,2470.0,870.0,7018.0,8.0,8.0,8.0,9.2,1764.0,219.0,1545.0,8782.0,11.0,11.0,11.0,7.12,1998.0,918.0,1080.0,10780.0,8.0,8.0,9.0,7.41,2671.0,597.0,2074.0,13451.0,12.0,12.0,13.0,5.79,1653.0,646.0,1007.0,15104.0,9.0,9.0,9.0,8.94,3337.0,1314.0,2023.0,18441.0,17.0,17.0,18.0,8.4,,,,,,,,,,,,,,,,,,,,,,,,,
8567c69a-bc4f-4b7c-b204-c692a4f1658c,2025-12-07 16:31:56 UTC,False,14807.0,CFOP,Gan 12 UI Maglev,RandomForest,13471.0,14807.0,,,gan12,custom_rules,,,,8.0,0.0,0.0,14807.0,52.0,56.0,68.0,3.51,6341.0,8377.0,3828.0,0.0,3828.0,3917.0,11.0,11.0,13.0,2.87,1281.0,210.0,1071.0,5198.0,5.0,5.0,5.0,4.67,3028.0,1715.0,1313.0,8226.0,11.0,11.0,13.0,8.38,783.0,606.0,177.0,9009.0,4.0,4.0,4.0,22.6,1464.0,1319.0,145.0,10473.0,4.0,4.0,5.0,27.59,2474.0,1628.0,846.0,12947.0,9.0,9.0,11.0,10.64,1860.0,863.0,997.0,14807.0,8.0,12.0,17.0,8.02,,,,,,,,,,,,,,,,,,,,,,,,,
e85a61fb-5b8e-451e-a532-b7af7c44bfe1,2025-12-07 16:32:34 UTC,False,21962.0,CFOP,Gan 12 UI Maglev,RandomForest,5014.0,21962.0,,,gan12,custom_rules,,,,8.0,0.0,0.0,21962.0,71.0,71.0,80.0,3.23,7801.0,14161.0,3008.0,0.0,3008.0,3008.0,9.0,9.0,10.0,2.99,2935.0,1783.0,1152.0,5943.0,8.0,8.0,8.0,6.94,3128.0,937.0,2191.0,9071.0,13.0,13.0,13.0,5.93,2434.0,974.0,1460.0,11505.0,9.0,9.0,10.0,6.16,3801.0,1772.0,2029.0,15306.0,9.0,9.0,9.0,4.44,2393.0,991.0,1402.0,17699.0,12.0,12.0,14.0,8.56,4263.0,1344.0,2919.0,21962.0,11.0,11.0,16.0,3.77,,,,,,,,,,,,,,,,,,,,,,,,,
329f8ea4-22b3-4fe2-a092-0b651a414b47,2025-12-07 16:33:05 UTC,False,16851.0,CFOP,Gan 12 UI Maglev,RandomForest,5854.0,16851.0,,,gan12,custom_rules,,,,8.0,0.0,0.0,16851.0,71.0,72.0,87.0,4.21,5854.0,10932.0,3744.0,0.0,3744.0,3809.0,9.0,9.0,13.0,2.4,877.0,257.0,620.0,4686.0,5.0,5.0,6.0,8.06,2503.0,894.0,1609.0,7189.0,7.0,7.0,8.0,4.35,1442.0,572.0,870.0,8631.0,8.0,8.0,10.0,9.2,1392.0,121.0,1271.0,10023.0,10.0,10.0,12.0,7.87,2064.0,870.0,1194.0,12087.0,17.0,17.0,17.0,14.24,4764.0,3140.0,1624.0,16851.0,16.0,17.0,21.0,9.85,,,,,,,,,,,,,,,,,,,,,,,,,
26cb2db5-5b34-4c1c-90b0-b5339520f3b2,2025-12-07 16:33:33 UTC,False,14153.0,CFOP,Gan 12 UI Maglev,RandomForest,4478.0,14153.0,,,gan12,custom_rules,,,,8.0,0.0,0.0,14153.0,61.0,62.0,74.0,4.31,5568.0,8585.0,2182.0,0.0,2182.0,2182.0,7.0,7.0,9.0,3.21,936.0,701.0,235.0,3118.0,4.0,4.0,5.0,17.02,3055.0,1256.0,1799.0,6173.0,12.0,12.0,13.0,6.67,1661.0,621.0,1040.0,7834.0,7.0,7.0,7.0,6.73,1748.0,910.0,838.0,9582.0,9.0,9.0,11.0,10.74,1361.0,742.0,619.0,10943.0,6.0,6.0,6.0,9.69,3210.0,1338.0,1872.0,14153.0,17.0,18.0,23.0,9.08,,,,,,,,,,,,,,,,,,,,,,,,,
0ed78c05-4d19-4dd0-89b6-d06c275f8a42,2025-12-07 16:33:58 UTC,False,12914.0,CFOP,Gan 12 UI Maglev,RandomForest,2816.0,12914.0,,,gan12,custom_rules,,,,8.0,0.0,0.0,12914.0,60.0,65.0,81.0,4.65,5729.0,7185.0,1225.0,0.0,1225.0,1225.0,5.0,5.0,7.0,4.08,1966.0,381.0,1585.0,3191.0,11.0,12.0,12.0,6.94,1553.0,822.0,731.0,4744.0,8.0,8.0,9.0,10.94,2033.0,1024.0,1009.0,6777.0,8.0,8.0,10.0,7.93,1555.0,814.0,741.0,8332.0,8.0,8.0,8.0,10.8,2433.0,1498.0,935.0,10765.0,12.0,12.0,14.0,12.83,2149.0,1190.0,959.0,12914.0,8.0,12.0,21.0,8.34,,,,,,,,,,,,,,,,,,,,,,,,,
bb440b56-82a1-40fb-8f76-24cf39e609bf,2025-12-07 16:34:43 UTC,False,20614.0,CFOP,Gan 12 UI Maglev,RandomForest,7555.0,20614.0,,,gan12,custom_rules,,,,8.0,0.0,0.0,20614.0,69.0,70.0,76.0,3.35,5854.0,14760.0,9947.0,0.0,9947.0,9947.0,18.0,18.0,21.0,1.81,0.0,0.0,0.0,9947.0,0.0,0.0,0.0,0.0,2194.0,1138.0,1056.0,12141.0,8.0,8.0,8.0,7.58,1328.0,570.0,758.0,13469.0,6.0,7.0,7.0,7.92,3117.0,2408.0,709.0,16586.0,8.0,8.0,10.0,11.28,1668.0,709.0,959.0,18254.0,13.0,13.0,13.0,13.56,2360.0,1029.0,1331.0,20614.0,16.0,16.0,17.0,12.02,,,,,,,,,,,,,,,,,,,,,,,,,
66c38b66-34f5-4fa0-bb45-3d07f7ad895d,2025-12-07 16:35:21 UTC,False,23496.0,CFOP,Gan 12 UI Maglev,RandomForest,4057.0,23496.0,,,gan12,custom_rules,,,,8.0,0.0,0.0,23496.0,83.0,94.0,115.0,3.53,5539.0,17957.0,3841.0,0.0,3841.0,3841.0,10.0,10.0,12.0,2.6,1952.0,1122.0,830.0,5793.0,8.0,8.0,8.0,9.64,2626.0,920.0,1706.0,8419.0,9.0,10.0,12.0,5.28,4517.0,1056.0,3461.0,12936.0,13.0,13.0,17.0,3.76,1714.0,693.0,1021.0,14650.0,8.0,8.0,9.0,7.84,1838.0,669.0,1169.0,16488.0,13.0,13.0,13.0,11.12,7008.0,1079.0,5929.0,23496.0,22.0,32.0,44.0,3.71,,,,,,,,,,,,,,,,,,,,,,,,,
aab7f684-ad09-43a2-ad0f-c690c8653599,2025-12-07 16:35:55 UTC,False,19664.0,CFOP,Gan 12 UI Maglev,RandomForest,5811.0,19664.0,,,gan12,custom_rules,,,,8.0,0.0,0.0,19664.0,78.0,79.0,86.0,3.97,7579.0,12085.0,5480.0,0.0,5480.0,5480.0,17.0,17.0,18.0,3.1,0.0,0.0,0.0,5480.0,0.0,0.0,0.0,0.0,2770.0,1747.0,1023.0,8250.0,8.0,8.0,9.0,7.82,3576.0,2072.0,1504.0,11826.0,12.0,12.0,15.0,7.98,3303.0,2086.0,1217.0,15129.0,9.0,9.0,10.0,7.4,1497.0,772.0,725.0,16626.0,10.0,11.0,11.0,13.79,3038.0,902.0,2136.0,19664.0,22.0,22.0,23.0,10.3,,,,,,,,,,,,,,,,,,,,,,,,,
e002e126-4c1d-4a85-bf59-a5012322fb2c,2025-12-07 16:36:32 UTC,False,22265.0,CFOP,Gan 12 UI Maglev,RandomForest,5438.0,22265.0,,,gan12,custom_rules,,,,8.0,0.0,0.0,22265.0,83.0,84.0,95.0,3.73,6683.0,15582.0,3988.0,0.0,3988.0,3988.0,11.0,11.0,14.0,2.76,2045.0,1320.0,725.0,6033.0,8.0,8.0,10.0,11.03,4495.0,113.0,4382.0,10528.0,13.0,13.0,13.0,2.97,3951.0,2125.0,1826.0,14479.0,14.0,14.0,15.0,7.67,1402.0,943.0,459.0,15881.0,6.0,6.0,6.0,13.07,2226.0,1096.0,1130.0,18107.0,10.0,11.0,12.0,8.85,4158.0,1086.0,3072.0,22265.0,22.0,22.0,25.0,7.16,,,,,,,,,,,,,,,,,,,,,,,,,
dcf4f09e-4031-4ead-ab89-a945f743b2a3,2025-12-07 16:37:06 UTC,False,15471.0,CFOP,Gan 12 UI Maglev,RandomForest,9355.0,15471.0,,,gan12,custom_rules,,,,8.0,0.0,0.0,15471.0,58.0,58.0,66.0,3.75,8467.0,7004.0,1273.0,0.0,1273.0,1273.0,6.0,6.0,6.0,4.71,2805.0,1201.0,1604.0,4078.0,8.0,8.0,10.0,4.99,950.0,306.0,644.0,5028.0,5.0,5.0,7.0,7.76,2432.0,2086.0,346.0,7460.0,3.0,3.0,3.0,8.67,2434.0,1677.0,757.0,9894.0,8.0,8.0,9.0,10.57,2748.0,1981.0,767.0,12642.0,9.0,9.0,11.0,11.73,2829.0,1216.0,1613.0,15471.0,19.0,19.0,20.0,11.78,,,,,,,,,,,,,,,,,,,,,,,,,
719ec771-84c2-4f6d-856c-88ef4ba8b295,2025-12-07 16:37:44 UTC,False,23681.0,CFOP,Gan 12 UI Maglev,RandomForest,4736.0,23681.0,,,gan12,custom_rules,,,,8.0,0.0,0.0,23681.0,84.0,88.0,104.0,3.55,6187.0,17494.0,11388.0,0.0,11388.0,11388.0,32.0,36.0,41.0,2.81,0.0,0.0,0.0,11388.0,0.0,0.0,0.0,0.0,0.0,0.0,0.0,11388.0,0.0,0.0,0.0,0.0,2168.0,1612.0,556.0,13556.0,8.0,8.0,9.0,14.39,2625.0,1755.0,870.0,16181.0,8.0,8.0,8.0,9.2,4421.0,1247.0,3174.0,20602.0,25.0,25.0,30.0,7.88,3079.0,1573.0,1506.0,23681.0,11.0,11.0,16.0,7.3,,,,,,,,,,,,,,,,,,,,,,,,,
7ed1bcaf-ed13-4b09-9a70-cb3ca63d047c,2025-12-07 16:38:24 UTC,False,23113.0,CFOP,Gan 12 UI Maglev,RandomForest,8537.0,23113.0,,,gan12,custom_rules,,,,8.0,0.0,0.0,23113.0,70.0,72.0,85.0,3.03,11198.0,11915.0,3682.0,0.0,3682.0,3682.0,12.0,12.0,16.0,3.26,2680.0,1673.0,1007.0,6362.0,7.0,7.0,8.0,6.95,5714.0,2562.0,3152.0,12076.0,13.0,14.0,15.0,4.12,2923.0,1724.0,1199.0,14999.0,7.0,7.0,8.0,5.84,1185.0,910.0,275.0,16184.0,5.0,5.0,6.0,18.18,1963.0,1031.0,932.0,18147.0,8.0,8.0,10.0,8.58,4966.0,3298.0,1668.0,23113.0,18.0,19.0,22.0,10.79,,,,,,,,,,,,,,,,,,,,,,,,,
b1bbcb60-4c02-4954-a7ce-b81ba5a43015,2025-12-07 16:38:54 UTC,False,15152.0,CFOP,Gan 12 UI Maglev,RandomForest,4968.0,15152.0,,,gan12,custom_rules,,,,8.0,0.0,0.0,15152.0,68.0,69.0,84.0,4.49,5241.0,9862.0,1007.0,0.0,1007.0,1056.0,5.0,5.0,7.0,4.97,1931.0,1319.0,612.0,2987.0,8.0,8.0,8.0,13.07,4092.0,612.0,3480.0,7079.0,13.0,13.0,15.0,3.74,1459.0,460.0,999.0,8538.0,8.0,8.0,9.0,8.01,1916.0,563.0,1353.0,10454.0,10.0,10.0,13.0,7.39,2230.0,1258.0,972.0,12684.0,10.0,10.0,14.0,10.29,2468.0,1029.0,1439.0,15152.0,14.0,15.0,18.0,9.73,,,,,,,,,,,,,,,,,,,,,,,,,
5ecf3706-29ac-4dc6-9d1a-a61b0a7346c5,2025-12-07 16:39:20 UTC,False,13792.0,CFOP,Gan 12 UI Maglev,RandomForest,3880.0,13792.0,,,gan12,custom_rules,,,,8.0,0.0,0.0,13792.0,70.0,73.0,81.0,5.08,4726.0,8921.0,2185.0,0.0,2185.0,2330.0,9.0,9.0,10.0,4.12,1794.0,1053.0,741.0,4124.0,6.0,7.0,8.0,8.1,1956.0,444.0,1512.0,6080.0,11.0,11.0,12.0,7.28,1449.0,370.0,1079.0,7529.0,6.0,6.0,7.0,5.56,1181.0,314.0,867.0,8710.0,11.0,11.0,12.0,12.69,2416.0,1499.0,917.0,11126.0,12.0,14.0,15.0,13.09,2666.0,1046.0,1620.0,13792.0,15.0,15.0,17.0,9.26,,,,,,,,,,,,,,,,,,,,,,,,,
88c7f151-7eaa-412f-8e9f-9aeb536eaad9,2025-12-07 16:43:45 UTC,False,22043.0,CFOP,Gan 12 UI Maglev,RandomForest,28010.0,22043.0,,,gan12,custom_rules,,,,8.0,0.0,0.0,22043.0,70.0,71.0,83.0,3.18,5739.0,16304.0,5827.0,0.0,5827.0,5827.0,15.0,15.0,18.0,2.57,0.0,0.0,0.0,5827.0,0.0,0.0,0.0,0.0,2240.0,871.0,1369.0,8067.0,6.0,6.0,8.0,4.38,5023.0,824.0,4199.0,13090.0,15.0,15.0,17.0,3.57,2039.0,1168.0,871.0,15129.0,8.0,8.0,8.0,9.18,3820.0,1329.0,2491.0,18949.0,14.0,14.0,17.0,5.62,3094.0,1547.0,1547.0,22043.0,12.0,13.0,15.0,7.76,,,,,,,,,,,,,,,,,,,,,,,,,
68c9c24a-d9bd-43b2-a793-32e16ea93e3f,2025-12-07 16:44:27 UTC,False,26344.0,CFOP,Gan 12 UI Maglev,RandomForest,6045.0,26344.0,,,gan12,custom_rules,,,,8.0,0.0,0.0,26344.0,81.0,82.0,88.0,3.07,10101.0,16139.0,8791.0,0.0,8791.0,8895.0,10.0,10.0,13.0,1.14,3029.0,2247.0,782.0,11924.0,8.0,8.0,8.0,10.23,3779.0,1773.0,2006.0,15703.0,13.0,13.0,14.0,6.48,1708.0,1087.0,621.0,17411.0,8.0,8.0,8.0,12.88,1773.0,1241.0,532.0,19184.0,8.0,8.0,8.0,15.04,3125.0,1506.0,1619.0,22309.0,18.0,18.0,18.0,11.12,4035.0,2247.0,1788.0,26344.0,16.0,17.0,19.0,8.95,,,,,,,,,,,,,,,,,,,,,,,,,
1912dbc5-cddb-490c-a9aa-345a3a2e6637,2025-12-07 16:44:57 UTC,False,13256.0,CFOP,Gan 12 UI Maglev,RandomForest,5226.0,13256.0,,,gan12,custom_rules,,,,8.0,0.0,0.0,13256.0,62.0,62.0,68.0,4.68,6020.0,7236.0,1693.0,0.0,1693.0,1693.0,8.0,8.0,9.0,4.73,3206.0,2424.0,782.0,4899.0,8.0,8.0,9.0,10.23,1804.0,749.0,1055.0,6703.0,7.0,7.0,8.0,6.64,1340.0,752.0,588.0,8043.0,7.0,7.0,7.0,11.9,1265.0,323.0,942.0,9308.0,7.0,7.0,8.0,7.43,1199.0,572.0,627.0,10507.0,8.0,8.0,8.0,12.76,2749.0,1200.0,1549.0,13256.0,17.0,17.0,19.0,10.97,,,,,,,,,,,,,,,,,,,,,,,,,
36a11d80-2ceb-4f9a-a93f-0cd8b71eb5af,2025-12-07 16:45:27 UTC,False,17185.0,CFOP,Gan 12 UI Maglev,RandomForest,3497.0,17185.0,,,gan12,custom_rules,,,,8.0,0.0,0.0,17185.0,61.0,65.0,75.0,3.55,6937.0,10248.0,3764.0,0.0,3764.0,3764.0,12.0,12.0,14.0,3.19,1589.0,1388.0,201.0,5353.0,4.0,4.0,5.0,19.9,3457.0,1330.0,2127.0,8810.0,11.0,11.0,11.0,5.17,1371.0,290.0,1081.0,10181.0,10.0,10.0,11.0,9.25,1360.0,636.0,724.0,11541.0,7.0,7.0,7.0,9.67,3165.0,1634.0,1531.0,14706.0,11.0,11.0,11.0,7.18,2479.0,1659.0,820.0,17185.0,7.0,11.0,16.0,8.54,,,,,,,,,,,,,,,,,,,,,,,,,
9148700d-a9df-481f-92da-aebdc5ea9c58,2025-12-07 16:46:22 UTC,False,24640.0,CFOP,Gan 12 UI Maglev,RandomForest,8370.0,24640.0,,,gan12,custom_rules,,,,8.0,0.0,0.0,24640.0,77.0,94.0,133.0,3.13,3773.0,20867.0,3858.0,0.0,3858.0,3858.0,7.0,7.0,9.0,1.81,1355.0,292.0,1063.0,5213.0,7.0,7.0,7.0,6.59,2134.0,1071.0,1063.0,7347.0,7.0,7.0,7.0,6.59,1789.0,250.0,1539.0,9136.0,8.0,9.0,9.0,5.2,1070.0,458.0,612.0,10206.0,8.0,8.0,9.0,13.07,1740.0,806.0,934.0,11946.0,10.0,10.0,10.0,10.71,12694.0,896.0,11798.0,24640.0,31.0,46.0,82.0,2.63,,,,,,,,,,,,,,,,,,,,,,,,,
95b58560-ff25-4792-a8af-3bc6797e5102,2025-12-07 16:46:57 UTC,False,17663.0,CFOP,Gan 12 UI Maglev,RandomForest,7358.0,17663.0,,,gan12,custom_rules,,,,8.0,0.0,0.0,17663.0,70.0,71.0,80.0,3.96,8947.0,8716.0,2084.0,0.0,2084.0,2084.0,9.0,9.0,10.0,4.32,4433.0,2125.0,2308.0,6517.0,13.0,13.0,15.0,5.63,2944.0,2388.0,556.0,9461.0,8.0,8.0,8.0,14.39,1762.0,1263.0,499.0,11223.0,8.0,8.0,8.0,16.03,1634.0,1046.0,588.0,12857.0,8.0,8.0,8.0,13.61,1408.0,645.0,763.0,14265.0,7.0,7.0,8.0,9.17,3398.0,1480.0,1918.0,17663.0,17.0,18.0,23.0,8.86,,,,,,,,,,,,,,,,,,,,,,,,,
f07903b3-613c-439c-b61f-714839c7295b,2025-12-07 16:47:37 UTC,False,11065.0,CFOP,Gan 12 UI Maglev,RandomForest,19946.0,11065.0,,,gan12,custom_rules,,,,8.0,0.0,0.0,11065.0,49.0,54.0,69.0,4.43,4192.0,6873.0,2548.0,0.0,2548.0,2548.0,8.0,8.0,11.0,3.14,902.0,717.0,185.0,3450.0,4.0,4.0,5.0,21.62,1186.0,1001.0,185.0,4636.0,4.0,4.0,4.0,21.62,1586.0,274.0,1312.0,6222.0,8.0,8.0,11.0,6.1,1605.0,652.0,953.0,7827.0,8.0,8.0,11.0,8.39,1450.0,709.0,741.0,9277.0,9.0,9.0,9.0,12.15,1788.0,839.0,949.0,11065.0,9.0,13.0,18.0,9.48,,,,,,,,,,,,,,,,,,,,,,,,,
ef663b4f-a847-408b-90a9-6eafc19882df,2025-12-07 16:48:10 UTC,False,19021.0,CFOP,Gan 12 UI Maglev,RandomForest,4163.0,19021.0,,,gan12,custom_rules,,,,8.0,0.0,0.0,19021.0,68.0,71.0,76.0,3.57,8675.0,10346.0,797.0,0.0,797.0,797.0,6.0,7.0,7.0,7.53,3346.0,2119.0,1227.0,4143.0,9.0,9.0,11.0,7.33,3535.0,991.0,2544.0,7678.0,10.0,10.0,10.0,3.93,4036.0,1730.0,2306.0,11714.0,10.0,10.0,10.0,4.34,1595.0,1329.0,266.0,13309.0,4.0,4.0,5.0,15.04,2554.0,1289.0,1265.0,15863.0,12.0,13.0,13.0,9.49,3158.0,1217.0,1941.0,19021.0,17.0,18.0,20.0,8.76,,,,,,,,,,,,,,,,,,,,,,,,,
e106abd4-e409-4015-a42a-62409404bc3d,2025-12-07 16:48:46 UTC,False,19413.0,CFOP,Gan 12 UI Maglev,RandomForest,7889.0,19413.0,,,gan12,custom_rules,,,,8.0,0.0,0.0,19413.0,74.0,82.0,92.0,3.81,6548.0,12808.0,1154.0,0.0,1154.0,1211.0,5.0,5.0,6.0,4.33,3785.0,1939.0,1846.0,4996.0,11.0,11.0,12.0,5.96,3958.0,992.0,2966.0,8954.0,12.0,14.0,14.0,4.05,1605.0,1033.0,572.0,10559.0,8.0,8.0,8.0,13.99,1523.0,733.0,790.0,12082.0,8.0,8.0,8.0,10.13,5082.0,982.0,4100.0,17164.0,19.0,20.0,20.0,4.63,2249.0,869.0,1380.0,19413.0,11.0,16.0,24.0,7.97,,,,,,,,,,,,,,,,,,,,,,,,,
ee5a40bc-f280-4e08-ae20-898cb065bbd5,2025-12-07 16:49:19 UTC,False,18381.0,CFOP,Gan 12 UI Maglev,RandomForest,5294.0,18381.0,,,gan12,custom_rules,,,,8.0,0.0,0.0,18381.0,58.0,59.0,62.0,3.16,9168.0,9213.0,1716.0,0.0,1716.0,1716.0,7.0,7.0,7.0,4.08,5072.0,3882.0,1190.0,6788.0,7.0,7.0,7.0,5.88,1185.0,984.0,201.0,7973.0,3.0,3.0,3.0,14.93,3147.0,1213.0,1934.0,11120.0,9.0,10.0,11.0,4.65,1643.0,749.0,894.0,12763.0,7.0,7.0,7.0,7.83,2037.0,1159.0,878.0,14800.0,9.0,9.0,10.0,10.25,3581.0,1181.0,2400.0,18381.0,16.0,16.0,17.0,6.67,,,,,,,,,,,,,,,,,,,,,,,,,
df76f47e-07e5-40a6-ae00-9b11b06c0646,2025-12-07 16:49:51 UTC,False,15405.0,CFOP,Gan 12 UI Maglev,RandomForest,8914.0,15405.0,,,gan12,custom_rules,,,,8.0,0.0,0.0,15405.0,62.0,67.0,79.0,4.02,7266.0,8139.0,1857.0,0.0,1857.0,1857.0,7.0,7.0,9.0,3.77,2917.0,1877.0,1040.0,4774.0,6.0,7.0,8.0,5.77,2505.0,871.0,1634.0,7279.0,12.0,12.0,14.0,7.34,2433.0,1306.0,1127.0,9712.0,9.0,9.0,10.0,7.99,1802.0,1093.0,709.0,11514.0,8.0,8.0,9.0,11.28,1740.0,951.0,789.0,13254.0,11.0,11.0,11.0,13.94,2151.0,1168.0,983.0,15405.0,9.0,13.0,18.0,9.16,,,,,,,,,,,,,,,,,,,,,,,,,
d21cd7cd-b17d-4d5b-9012-31383efd6b6e,2025-12-07 16:50:26 UTC,False,19648.0,CFOP,Gan 12 UI Maglev,RandomForest,5123.0,19648.0,,,gan12,custom_rules,,,,8.0,0.0,0.0,19648.0,73.0,74.0,82.0,3.72,7465.0,12183.0,2660.0,0.0,2660.0,2660.0,9.0,9.0,9.0,3.38,2408.0,974.0,1434.0,5068.0,6.0,7.0,9.0,4.18,3618.0,1459.0,2159.0,8686.0,11.0,11.0,12.0,5.09,2955.0,1369.0,1586.0,11641.0,11.0,11.0,12.0,6.94,2426.0,1321.0,1105.0,14067.0,10.0,10.0,11.0,9.05,1619.0,765.0,854.0,15686.0,9.0,9.0,9.0,10.54,3962.0,1577.0,2385.0,19648.0,17.0,17.0,20.0,7.13,,,,,,,,,,,,,,,,,,,,,,,,,
24372291-819a-497f-9fb2-36d6b1d6c5c2,2025-12-07 16:51:05 UTC,False,19132.0,CFOP,Gan 12 UI Maglev,RandomForest,3701.0,19132.0,,,gan12,custom_rules,,,,8.0,0.0,0.0,19132.0,75.0,80.0,95.0,3.92,6035.0,13097.0,5876.0,0.0,5876.0,5876.0,17.0,18.0,20.0,2.89,531.0,338.0,193.0,6407.0,3.0,3.0,3.0,15.54,2441.0,1265.0,1176.0,8848.0,9.0,9.0,12.0,7.65,2296.0,1305.0,991.0,11144.0,8.0,8.0,8.0,8.07,1821.0,1007.0,814.0,12965.0,9.0,9.0,10.0,11.06,1936.0,953.0,983.0,14901.0,11.0,11.0,11.0,11.19,4231.0,1167.0,3064.0,19132.0,18.0,22.0,31.0,5.87,,,,,,,,,,,,,,,,,,,,,,,,,
4727ee4a-a1c4-4d04-91ee-6f39d30d4d14,2025-12-07 16:51:41 UTC,False,17756.0,CFOP,Gan 12 UI Maglev,RandomForest,8800.0,17756.0,,,gan12,custom_rules,,,,8.0,0.0,0.0,17756.0,71.0,71.0,79.0,4.0,7404.0,10352.0,1851.0,0.0,1851.0,1851.0,6.0,6.0,9.0,3.24,1693.0,1225.0,468.0,3544.0,6.0,6.0,7.0,12.82,4909.0,613.0,4296.0,8453.0,20.0,20.0,22.0,4.66,3043.0,2084.0,959.0,11496.0,7.0,7.0,8.0,7.3,1516.0,1315.0,201.0,13012.0,3.0,3.0,3.0,14.93,1829.0,927.0,902.0,14841.0,11.0,11.0,11.0,12.2,2915.0,1240.0,1675.0,17756.0,18.0,18.0,19.0,10.75,,,,,,,,,,,,,,,,,,,,,,,,,
b69484ea-637c-4eee-819c-367862d5df9a,2025-12-07 16:52:17 UTC,False,16455.0,CFOP,Gan 12 UI Maglev,RandomForest,10887.0,16455.0,,,gan12,custom_rules,,,,8.0,0.0,0.0,16455.0,73.0,73.0,81.0,4.44,5966.0,10489.0,3748.0,0.0,3748.0,3748.0,8.0,8.0,11.0,2.13,1998.0,1137.0,861.0,5746.0,8.0,8.0,8.0,9.29,1334.0,609.0,725.0,7080.0,6.0,6.0,7.0,8.28,1660.0,1193.0,467.0,8740.0,8.0,8.0,9.0,17.13,2191.0,1233.0,958.0,10931.0,8.0,8.0,8.0,8.35,3609.0,958.0,2651.0,14540.0,20.0,20.0,22.0,7.54,1915.0,836.0,1079.0,16455.0,15.0,15.0,16.0,13.9,,,,,,,,,,,,,,,,,,,,,,,,,
7dd8a5f1-397c-492a-9041-c1e3697fe53f,2025-12-07 16:54:26 UTC,False,16143.0,CFOP,Gan 12 UI Maglev,RandomForest,103023.0,16143.0,,,gan12,custom_rules,,,,8.0,0.0,0.0,16143.0,64.0,64.0,70.0,3.96,7138.0,9005.0,3131.0,0.0,3131.0,3131.0,9.0,9.0,10.0,2.87,2358.0,1158.0,1200.0,5489.0,9.0,9.0,11.0,7.5,2093.0,1374.0,719.0,7582.0,8.0,8.0,9.0,11.13,2840.0,1873.0,967.0,10422.0,6.0,6.0,7.0,6.2,1991.0,1121.0,870.0,12413.0,9.0,9.0,9.0,10.34,1457.0,700.0,757.0,13870.0,8.0,8.0,8.0,10.57,2273.0,912.0,1361.0,16143.0,15.0,15.0,16.0,11.02,,,,,,,,,,,,,,,,,,,,,,,,,
ec04308b-690d-4690-986d-a1b7b0908a0a,2025-12-07 19:20:53 UTC,False,19136.0,CFOP,Gan 12 UI Maglev,RandomForest,33865.0,19136.0,,,gan12,custom_rules,,,,8.0,0.0,0.0,19136.0,62.0,64.0,72.0,3.24,8444.0,10692.0,2551.0,0.0,2551.0,2551.0,7.0,7.0,7.0,2.74,4545.0,2873.0,1672.0,7096.0,8.0,8.0,8.0,4.78,1634.0,492.0,1142.0,8730.0,8.0,8.0,10.0,7.01,1662.0,1024.0,638.0,10392.0,7.0,7.0,8.0,10.97,2430.0,854.0,1576.0,12822.0,9.0,9.0,9.0,5.71,3213.0,1452.0,1761.0,16035.0,12.0,14.0,15.0,6.81,3101.0,1749.0,1352.0,19136.0,11.0,11.0,15.0,8.14,,,,,,,,,,,,,,,,,,,,,,,,,
49aca732-2eed-44d7-b30a-3fbca1618678,2025-12-07 19:21:36 UTC,False,23104.0,CFOP,Gan 12 UI Maglev,RandomForest,9926.0,23104.0,,,gan12,custom_rules,,,,8.0,0.0,0.0,23104.0,67.0,69.0,82.0,2.9,9895.0,13209.0,3321.0,0.0,3321.0,3321.0,9.0,9.0,10.0,2.71,3396.0,2106.0,1290.0,6717.0,5.0,5.0,6.0,3.88,3132.0,1783.0,1349.0,9849.0,8.0,8.0,10.0,5.93,1753.0,388.0,1365.0,11602.0,8.0,8.0,9.0,5.86,5028.0,2590.0,2438.0,16630.0,9.0,11.0,15.0,3.69,2482.0,1218.0,1264.0,19112.0,10.0,10.0,13.0,7.91,3992.0,1810.0,2182.0,23104.0,18.0,18.0,19.0,8.25,,,,,,,,,,,,,,,,,,,,,,,,,
145b5004-7015-495b-b0d9-3c41becaf3dd,2025-12-07 19:22:09 UTC,False,11342.0,CFOP,Gan 12 UI Maglev,RandomForest,8076.0,11342.0,,,gan12,custom_rules,,,,8.0,0.0,0.0,11342.0,52.0,56.0,66.0,4.58,4501.0,6841.0,814.0,0.0,814.0,814.0,4.0,4.0,4.0,4.91,2166.0,1270.0,896.0,2980.0,8.0,8.0,9.0,8.93,1743.0,654.0,1089.0,4723.0,8.0,8.0,10.0,7.35,1715.0,416.0,1299.0,6438.0,8.0,8.0,9.0,6.16,974.0,418.0,556.0,7412.0,8.0,8.0,8.0,14.39,1377.0,694.0,683.0,8789.0,7.0,7.0,8.0,10.25,2553.0,1049.0,1504.0,11342.0,9.0,13.0,18.0,5.98,,,,,,,,,,,,,,,,,,,,,,,,,
cb766686-06d4-4dac-b000-df7b7df1bd6a,2025-12-07 19:22:56 UTC,False,14807.0,CFOP,Gan 12 UI Maglev,RandomForest,10625.0,14807.0,,,gan12,custom_rules,,,,8.0,0.0,0.0,14807.0,58.0,59.0,71.0,3.92,6340.0,8410.0,1486.0,0.0,1486.0,1543.0,5.0,5.0,8.0,3.36,2022.0,1297.0,725.0,3565.0,8.0,8.0,8.0,11.03,3021.0,611.0,2410.0,6586.0,11.0,11.0,14.0,4.56,339.0,73.0,266.0,6925.0,3.0,3.0,3.0,11.28,3028.0,2222.0,806.0,9953.0,9.0,9.0,11.0,11.17,2258.0,1006.0,1252.0,12211.0,14.0,15.0,15.0,11.18,2596.0,1131.0,1465.0,14807.0,9.0,9.0,12.0,6.14,,,,,,,,,,,,,,,,,,,,,,,,,
833adca3-c226-4c2d-9f5b-cc03dbbe6cc0,2025-12-07 19:23:33 UTC,False,20518.0,CFOP,Gan 12 UI Maglev,RandomForest,6051.0,20518.0,,,gan12,custom_rules,,,,8.0,0.0,0.0,20518.0,75.0,76.0,84.0,3.66,9001.0,11517.0,5090.0,0.0,5090.0,5090.0,17.0,17.0,19.0,3.34,3599.0,2769.0,830.0,8689.0,10.0,10.0,11.0,12.05,2359.0,1449.0,910.0,11048.0,4.0,4.0,5.0,4.4,1595.0,830.0,765.0,12643.0,8.0,8.0,8.0,10.46,2901.0,961.0,1940.0,15544.0,15.0,15.0,16.0,7.73,2676.0,1936.0,740.0,18220.0,8.0,8.0,9.0,10.81,2298.0,1056.0,1242.0,20518.0,13.0,14.0,16.0,10.47,,,,,,,,,,,,,,,,,,,,,,,,,
febc807f-4763-46eb-a9f8-23e306af9af4,2025-12-07 19:29:07 UTC,False,14448.0,CFOP,Gan 12 UI Maglev,RandomForest,13024.0,14448.0,,,gan12,custom_rules,,,,8.0,0.0,0.0,14448.0,56.0,60.0,73.0,3.88,6674.0,7774.0,1313.0,0.0,1313.0,1313.0,5.0,5.0,6.0,3.81,2507.0,1371.0,1136.0,3820.0,8.0,8.0,9.0,7.04,2309.0,1320.0,989.0,6129.0,9.0,9.0,9.0,9.1,2025.0,370.0,1655.0,8154.0,7.0,7.0,8.0,4.23,2478.0,1717.0,761.0,10632.0,8.0,8.0,9.0,10.51,1813.0,991.0,822.0,12445.0,11.0,11.0,11.0,13.38,2003.0,905.0,1098.0,14448.0,8.0,12.0,21.0,7.29,,,,,,,,,,,,,,,,,,,,,,,,,
90802122-6da4-464c-b4c2-add8dc5ebd0d,2025-12-07 19:29:39 UTC,False,16944.0,CFOP,Gan 12 UI Maglev,RandomForest,6960.0,16944.0,,,gan12,custom_rules,,,,8.0,0.0,0.0,16944.0,63.0,64.0,72.0,3.72,5841.0,11103.0,3665.0,0.0,3665.0,3665.0,8.0,8.0,11.0,2.18,2237.0,1241.0,996.0,5902.0,8.0,8.0,10.0,8.03,1786.0,1528.0,258.0,7688.0,3.0,3.0,3.0,11.63,1827.0,669.0,1158.0,9515.0,8.0,8.0,9.0,6.91,886.0,338.0,548.0,10401.0,4.0,4.0,4.0,7.3,3646.0,907.0,2739.0,14047.0,16.0,16.0,16.0,5.84,2897.0,1158.0,1739.0,16944.0,16.0,17.0,19.0,9.2,,,,,,,,,,,,,,,,,,,,,,,,,
c53c5c1a-98ef-4ad4-8d83-8e94f9913f38,2025-12-07 19:30:20 UTC,False,22822.0,CFOP,Gan 12 UI Maglev,RandomForest,8365.0,22822.0,,,gan12,custom_rules,,,,8.0,0.0,0.0,22822.0,82.0,82.0,93.0,3.59,7707.0,15115.0,2916.0,0.0,2916.0,2916.0,8.0,8.0,10.0,2.74,5974.0,583.0,5391.0,8890.0,20.0,20.0,23.0,3.71,2015.0,1508.0,507.0,10905.0,9.0,9.0,10.0,17.75,3369.0,1068.0,2301.0,14274.0,12.0,12.0,14.0,5.22,2997.0,1686.0,1311.0,17271.0,9.0,9.0,9.0,6.86,2477.0,1612.0,865.0,19748.0,8.0,8.0,9.0,9.25,3074.0,1250.0,1824.0,22822.0,16.0,16.0,18.0,8.77,,,,,,,,,,,,,,,,,,,,,,,,,
c6b8acb8-c633-400c-b442-f09f86dac6e8,2025-12-07 19:31:05 UTC,False,26434.0,CFOP,Gan 12 UI Maglev,RandomForest,8156.0,26434.0,,,gan12,custom_rules,,,,8.0,0.0,0.0,26434.0,105.0,107.0,116.0,3.97,5679.0,20755.0,2993.0,0.0,2993.0,2993.0,7.0,7.0,8.0,2.34,4301.0,1873.0,2428.0,7294.0,10.0,10.0,10.0,4.12,1417.0,412.0,1005.0,8711.0,10.0,10.0,10.0,9.95,983.0,467.0,516.0,9694.0,6.0,6.0,8.0,11.63,1938.0,746.0,1192.0,11632.0,8.0,8.0,8.0,6.71,2415.0,900.0,1515.0,14047.0,10.0,10.0,11.0,6.6,12387.0,1281.0,11106.0,26434.0,55.0,57.0,61.0,4.95,,,,,,,,,,,,,,,,,,,,,,,,,
811abbc5-2a60-4c8e-b16d-477317bc85c8,2025-12-07 19:32:00 UTC,False,12575.0,CFOP,Gan 12 UI Maglev,RandomForest,33188.0,12575.0,,,gan12,custom_rules,,,,8.0,0.0,0.0,12575.0,49.0,58.0,79.0,3.9,4397.0,8178.0,4224.0,0.0,4224.0,4224.0,13.0,17.0,23.0,3.08,0.0,0.0,0.0,4224.0,0.0,0.0,0.0,0.0,0.0,0.0,0.0,4224.0,0.0,0.0,0.0,0.0,2154.0,1631.0,523.0,6378.0,8.0,8.0,10.0,15.3,1883.0,1024.0,859.0,8261.0,10.0,10.0,13.0,11.64,1837.0,854.0,983.0,10098.0,10.0,11.0,11.0,10.17,2477.0,888.0,1589.0,12575.0,8.0,12.0,22.0,5.03,,,,,,,,,,,,,,,,,,,,,,,,,
a0616329-1314-4454-a0cb-f08a6b8064c7,2025-12-07 19:32:38 UTC,False,19409.0,CFOP,Gan 12 UI Maglev,RandomForest,8969.0,19409.0,,,gan12,custom_rules,,,,8.0,0.0,0.0,19409.0,78.0,83.0,92.0,4.02,5119.0,14290.0,3045.0,0.0,3045.0,3045.0,11.0,13.0,18.0,3.61,2125.0,419.0,1706.0,5170.0,11.0,11.0,12.0,6.45,1506.0,547.0,959.0,6676.0,8.0,9.0,9.0,8.34,3114.0,1446.0,1668.0,9790.0,12.0,12.0,12.0,7.19,2344.0,500.0,1844.0,12134.0,7.0,7.0,7.0,3.8,3382.0,894.0,2488.0,15516.0,15.0,15.0,15.0,6.03,3893.0,1313.0,2580.0,19409.0,15.0,17.0,19.0,5.81,,,,,,,,,,,,,,,,,,,,,,,,,
af134775-4325-468e-a81d-3d71e74a9ca8,2025-12-07 19:33:11 UTC,False,18710.0,CFOP,Gan 12 UI Maglev,RandomForest,3923.0,18710.0,,,gan12,custom_rules,,,,8.0,0.0,0.0,18710.0,64.0,69.0,77.0,3.42,7247.0,11463.0,6434.0,0.0,6434.0,6434.0,23.0,24.0,24.0,3.57,0.0,0.0,0.0,6434.0,0.0,0.0,0.0,0.0,2851.0,2319.0,532.0,9285.0,8.0,8.0,8.0,15.04,2041.0,792.0,1249.0,11326.0,7.0,7.0,7.0,5.6,2081.0,1540.0,541.0,13407.0,9.0,9.0,10.0,16.64,1630.0,986.0,644.0,15037.0,9.0,9.0,10.0,13.98,3673.0,1610.0,2063.0,18710.0,8.0,12.0,18.0,3.88,,,,,,,,,,,,,,,,,,,,,,,,,
80b40ef6-edaa-4e18-baa3-976b1df9ab4a,2025-12-07 19:33:45 UTC,False,15120.0,CFOP,Gan 12 UI Maglev,RandomForest,9854.0,15120.0,,,gan12,custom_rules,,,,8.0,0.0,0.0,15120.0,56.0,57.0,70.0,3.7,6864.0,8256.0,2034.0,0.0,2034.0,2034.0,9.0,9.0,11.0,4.42,3438.0,1806.0,1632.0,5472.0,9.0,9.0,12.0,5.51,1807.0,1199.0,608.0,7279.0,8.0,8.0,10.0,13.16,2144.0,1079.0,1065.0,9423.0,7.0,7.0,8.0,6.57,1405.0,1156.0,249.0,10828.0,3.0,3.0,4.0,12.05,2352.0,845.0,1507.0,13180.0,10.0,11.0,12.0,6.64,1940.0,779.0,1161.0,15120.0,10.0,10.0,13.0,8.61,,,,,,,,,,,,,,,,,,,,,,,,,
ebc4c715-368d-45c6-919a-32040602749b,2025-12-07 19:34:16 UTC,False,17030.0,CFOP,Gan 12 UI Maglev,RandomForest,4116.0,17030.0,,,gan12,custom_rules,,,,8.0,0.0,0.0,17030.0,63.0,64.0,70.0,3.7,7215.0,9815.0,1560.0,0.0,1560.0,1560.0,8.0,8.0,9.0,5.13,3944.0,765.0,3179.0,5504.0,9.0,10.0,10.0,2.83,2345.0,1450.0,895.0,7849.0,8.0,8.0,8.0,8.94,2229.0,956.0,1273.0,10078.0,8.0,8.0,9.0,6.28,1632.0,1052.0,580.0,11710.0,8.0,8.0,8.0,13.79,2117.0,1046.0,1071.0,13827.0,12.0,12.0,13.0,11.2,3203.0,1946.0,1257.0,17030.0,10.0,10.0,13.0,7.96,,,,,,,,,,,,,,,,,,,,,,,,,
a518cab8-0460-40d2-9fd8-9853e5ff0435,2025-12-07 19:34:59 UTC,False,21971.0,CFOP,Gan 12 UI Maglev,RandomForest,11881.0,21971.0,,,gan12,custom_rules,,,,8.0,0.0,0.0,21971.0,70.0,77.0,94.0,3.19,6652.0,15319.0,1752.0,0.0,1752.0,1752.0,6.0,6.0,8.0,3.42,2270.0,1360.0,910.0,4022.0,9.0,10.0,10.0,9.89,5365.0,612.0,4753.0,9387.0,15.0,16.0,18.0,3.16,5352.0,1394.0,3958.0,14739.0,13.0,13.0,17.0,3.28,1185.0,830.0,355.0,15924.0,5.0,5.0,6.0,14.08,2543.0,989.0,1554.0,18467.0,12.0,12.0,13.0,7.72,3504.0,1467.0,2037.0,21971.0,10.0,15.0,22.0,4.91,,,,,,,,,,,,,,,,,,,,,,,,,
0b54835a-cd20-4b2d-8cdf-ccd8248246a8,2025-12-07 20:22:30 UTC,False,14497.0,CFOP,Gan 12 UI Maglev,RandomForest,34793.0,14497.0,,,gan12,custom_rules,,,,8.0,0.0,0.0,14497.0,74.0,74.0,83.0,5.1,3682.0,10815.0,2374.0,0.0,2374.0,2374.0,9.0,9.0,10.0,3.79,0.0,0.0,0.0,2374.0,0.0,0.0,0.0,0.0,2357.0,701.0,1656.0,4731.0,12.0,12.0,13.0,7.25,1915.0,1013.0,902.0,6646.0,8.0,8.0,8.0,8.87,1510.0,165.0,1345.0,8156.0,8.0,8.0,9.0,5.95,3505.0,870.0,2635.0,11661.0,22.0,22.0,26.0,8.35,2836.0,933.0,1903.0,14497.0,16.0,16.0,17.0,8.41,,,,,,,,,,,,,,,,,,,,,,,,,
7e188401-8f1d-4012-881b-b0450501663c,2025-12-07 20:23:13 UTC,False,14817.0,CFOP,Gan 12 UI Maglev,RandomForest,19858.0,14817.0,,,gan12,custom_rules,,,,8.0,0.0,0.0,14817.0,76.0,76.0,79.0,5.13,5697.0,9120.0,1442.0,0.0,1442.0,1442.0,6.0,6.0,6.0,4.16,1521.0,941.0,580.0,2963.0,5.0,5.0,6.0,8.62,2594.0,1611.0,983.0,5557.0,9.0,9.0,9.0,9.16,1061.0,335.0,726.0,6618.0,12.0,12.0,12.0,16.53,2689.0,644.0,2045.0,9307.0,11.0,11.0,11.0,5.38,2410.0,887.0,1523.0,11717.0,14.0,14.0,16.0,9.19,3100.0,1279.0,1821.0,14817.0,19.0,19.0,19.0,10.43,,,,,,,,,,,,,,,,,,,,,,,,,
375e1e7f-383b-4b4e-8586-3ff4036b891a,2025-12-07 20:23:57 UTC,False,14980.0,CFOP,Gan 12 UI Maglev,RandomForest,19106.0,14980.0,,,gan12,custom_rules,,,,8.0,0.0,0.0,14980.0,61.0,62.0,73.0,4.07,6937.0,8043.0,1959.0,0.0,1959.0,1959.0,7.0,7.0,10.0,3.57,1789.0,1032.0,757.0,3748.0,6.0,6.0,8.0,7.93,1417.0,636.0,781.0,5165.0,5.0,6.0,6.0,6.4,1740.0,1305.0,435.0,6905.0,9.0,9.0,11.0,20.69,2046.0,1015.0,1031.0,8951.0,10.0,10.0,11.0,9.7,1629.0,839.0,790.0,10580.0,9.0,9.0,9.0,11.39,4400.0,2110.0,2290.0,14980.0,16.0,16.0,18.0,6.99,,,,,,,,,,,,,,,,,,,,,,,,,
d8fb11b9-1d77-49e8-8500-0bae34ac0a44,2025-12-07 20:24:25 UTC,False,15775.0,CFOP,Gan 12 UI Maglev,RandomForest,4343.0,15775.0,,,gan12,custom_rules,,,,8.0,0.0,0.0,15775.0,73.0,74.0,83.0,4.63,5303.0,10472.0,1555.0,0.0,1555.0,1555.0,6.0,6.0,8.0,3.86,3365.0,523.0,2842.0,4920.0,12.0,12.0,14.0,4.22,1552.0,468.0,1084.0,6472.0,8.0,8.0,8.0,7.38,749.0,322.0,427.0,7221.0,7.0,7.0,7.0,16.39,1817.0,1213.0,604.0,9038.0,7.0,7.0,8.0,11.59,3590.0,1110.0,2480.0,12628.0,18.0,19.0,21.0,7.26,3147.0,1667.0,1480.0,15775.0,16.0,16.0,17.0,10.81,,,,,,,,,,,,,,,,,,,,,,,,,
3ce83431-07dc-4b55-b874-db418cec6660,2025-12-07 20:25:08 UTC,False,16129.0,CFOP,Gan 12 UI Maglev,RandomForest,16600.0,16129.0,,,gan12,custom_rules,,,,8.0,0.0,0.0,16129.0,58.0,62.0,74.0,3.6,6066.0,10006.0,1176.0,0.0,1176.0,1233.0,4.0,4.0,6.0,3.4,2698.0,781.0,1917.0,3931.0,8.0,8.0,9.0,4.17,2113.0,1863.0,250.0,6044.0,4.0,4.0,5.0,16.0,3128.0,338.0,2790.0,9172.0,12.0,12.0,14.0,4.3,2536.0,1190.0,1346.0,11708.0,12.0,12.0,13.0,8.92,1796.0,661.0,1135.0,13504.0,10.0,10.0,10.0,8.81,2625.0,1233.0,1392.0,16129.0,8.0,12.0,17.0,5.75,,,,,,,,,,,,,,,,,,,,,,,,,
4df43ca0-9657-40ea-9685-a2c42535bfb3,2025-12-07 20:25:56 UTC,False,16142.0,CFOP,Gan 12 UI Maglev,RandomForest,21801.0,16142.0,,,gan12,custom_rules,,,,8.0,0.0,0.0,16142.0,68.0,68.0,74.0,4.21,7145.0,8997.0,2378.0,0.0,2378.0,2378.0,10.0,10.0,11.0,4.21,3628.0,2852.0,776.0,6006.0,9.0,9.0,9.0,11.6,2127.0,790.0,1337.0,8133.0,6.0,6.0,7.0,4.49,1683.0,821.0,862.0,9816.0,8.0,8.0,8.0,9.28,1391.0,851.0,540.0,11207.0,7.0,7.0,8.0,12.96,1685.0,798.0,887.0,12892.0,8.0,8.0,9.0,9.02,3250.0,1033.0,2217.0,16142.0,20.0,20.0,22.0,9.02,,,,,,,,,,,,,,,,,,,,,,,,,
b939370c-d386-4847-ba3c-b026d991b8a1,2025-12-07 20:26:35 UTC,False,12620.0,CFOP,Gan 12 UI Maglev,RandomForest,16792.0,12620.0,,,gan12,custom_rules,,,,8.0,0.0,0.0,12620.0,65.0,67.0,71.0,5.15,4762.0,7858.0,854.0,0.0,854.0,854.0,5.0,5.0,5.0,5.85,1329.0,459.0,870.0,2183.0,8.0,8.0,8.0,9.2,1339.0,709.0,630.0,3522.0,9.0,9.0,9.0,14.29,1999.0,1072.0,927.0,5521.0,6.0,6.0,7.0,6.47,1481.0,435.0,1046.0,7002.0,11.0,11.0,12.0,10.52,2799.0,751.0,2048.0,9801.0,11.0,12.0,12.0,5.37,2819.0,1336.0,1483.0,12620.0,16.0,16.0,18.0,10.79,,,,,,,,,,,,,,,,,,,,,,,,,
9c18c3dc-a2d1-4553-9cf7-739134f20b00,2025-12-07 20:27:10 UTC,False,15997.0,CFOP,Gan 12 UI Maglev,RandomForest,8757.0,15997.0,,,gan12,custom_rules,,,,8.0,0.0,0.0,15997.0,65.0,65.0,77.0,4.06,8308.0,7689.0,548.0,0.0,548.0,548.0,5.0,5.0,5.0,9.12,3834.0,1777.0,2057.0,4382.0,12.0,12.0,13.0,5.83,2698.0,2022.0,676.0,7080.0,6.0,6.0,7.0,8.88,2758.0,1257.0,1501.0,9838.0,9.0,9.0,11.0,6.0,1338.0,483.0,855.0,11176.0,11.0,11.0,12.0,12.87,1809.0,950.0,859.0,12985.0,11.0,11.0,14.0,12.81,3012.0,1819.0,1193.0,15997.0,11.0,11.0,15.0,9.22,,,,,,,,,,,,,,,,,,,,,,,,,
92de50f9-1327-4edd-b61c-7bb9019538ab,2025-12-07 20:27:56 UTC,False,15592.0,CFOP,Gan 12 UI Maglev,RandomForest,5337.0,15592.0,,,gan12,custom_rules,,,,8.0,0.0,0.0,15592.0,75.0,77.0,85.0,4.81,7150.0,8442.0,1941.0,0.0,1941.0,1941.0,10.0,10.0,12.0,5.15,1525.0,620.0,905.0,3466.0,8.0,8.0,9.0,8.84,3578.0,1861.0,1717.0,7044.0,15.0,16.0,16.0,8.74,1835.0,1053.0,782.0,8879.0,8.0,8.0,8.0,10.23,1908.0,1207.0,701.0,10787.0,7.0,7.0,8.0,9.99,2501.0,1241.0,1260.0,13288.0,13.0,13.0,14.0,10.32,2304.0,1168.0,1136.0,15592.0,14.0,15.0,18.0,12.32,,,,,,,,,,,,,,,,,,,,,,,,,
c9ae21e2-6e8a-47d4-8ce4-3f21482376c1,2025-12-07 20:29:37 UTC,False,22352.0,CFOP,Gan 12 UI Maglev,RandomForest,7379.0,22352.0,,,gan12,custom_rules,,,,8.0,0.0,0.0,22352.0,72.0,73.0,82.0,3.22,10480.0,11872.0,4242.0,0.0,4242.0,4242.0,7.0,7.0,10.0,1.65,3706.0,2901.0,805.0,7948.0,8.0,8.0,10.0,9.94,3832.0,2530.0,1302.0,11780.0,8.0,8.0,9.0,6.14,1853.0,806.0,1047.0,13633.0,11.0,11.0,11.0,10.51,2290.0,757.0,1533.0,15923.0,11.0,11.0,12.0,7.18,2280.0,829.0,1451.0,18203.0,12.0,12.0,12.0,8.27,4149.0,2657.0,1492.0,22352.0,15.0,16.0,18.0,10.05,,,,,,,,,,,,,,,,,,,,,,,,,
8152c29a-57f4-4f1a-bf39-ebee0ce66f0c,2025-12-07 20:30:23 UTC,False,12792.0,CFOP,Gan 12 UI Maglev,RandomForest,20146.0,12792.0,,,gan12,custom_rules,,,,8.0,0.0,0.0,12792.0,49.0,55.0,70.0,3.83,2310.0,10482.0,7261.0,0.0,7261.0,7261.0,23.0,25.0,33.0,3.17,0.0,0.0,0.0,7261.0,0.0,0.0,0.0,0.0,0.0,0.0,0.0,7261.0,0.0,0.0,0.0,0.0,1840.0,649.0,1191.0,9101.0,11.0,11.0,12.0,9.24,1579.0,371.0,1208.0,10680.0,7.0,7.0,8.0,5.79,0.0,0.0,0.0,10680.0,0.0,0.0,0.0,0.0,2112.0,1290.0,822.0,12792.0,8.0,12.0,17.0,9.73,,,,,,,,,,,,,,,,,,,,,,,,,
80a07bbb-f55b-4c59-a796-96a1bf4a2a3f,2025-12-07 20:31:05 UTC,False,21184.0,CFOP,Gan 12 UI Maglev,RandomForest,12406.0,21184.0,,,gan12,custom_rules,,,,8.0,0.0,0.0,21184.0,80.0,82.0,92.0,3.78,7562.0,13550.0,2493.0,0.0,2493.0,2565.0,8.0,8.0,10.0,3.21,5428.0,1938.0,3490.0,7993.0,15.0,15.0,16.0,4.3,1795.0,814.0,981.0,9788.0,8.0,8.0,9.0,8.15,1521.0,186.0,1335.0,11309.0,10.0,10.0,11.0,7.49,2136.0,1435.0,701.0,13445.0,7.0,7.0,7.0,9.99,4147.0,1338.0,2809.0,17592.0,17.0,18.0,20.0,6.05,3592.0,1851.0,1741.0,21184.0,16.0,17.0,19.0,9.19,,,,,,,,,,,,,,,,,,,,,,,,,
0c5cbc8d-7bf5-487e-a7c9-3d9d7de99c87,2025-12-07 23:10:43 UTC,False,11733.0,CFOP,Gan 12 UI Maglev,RandomForest,14915.0,11733.0,,,gan12,custom_rules,,,,8.0,0.0,0.0,11733.0,53.0,57.0,65.0,4.52,5318.0,6415.0,891.0,0.0,891.0,891.0,5.0,5.0,6.0,5.61,1284.0,474.0,810.0,2175.0,6.0,7.0,7.0,7.41,1971.0,1294.0,677.0,4146.0,5.0,6.0,6.0,7.39,1831.0,1106.0,725.0,5977.0,8.0,8.0,9.0,11.03,1655.0,678.0,977.0,7632.0,8.0,8.0,9.0,8.19,2059.0,1045.0,1014.0,9691.0,11.0,13.0,15.0,10.85,2042.0,721.0,1321.0,11733.0,10.0,10.0,13.0,7.57,,,,,,,,,,,,,,,,,,,,,,,,,
3e038c86-f2e0-462b-834e-2447a54f65df,2025-12-07 23:11:59 UTC,False,14621.0,CFOP,Gan 12 UI Maglev,RandomForest,47415.0,14621.0,,,gan12,custom_rules,,,,8.0,0.0,0.0,14621.0,53.0,56.0,65.0,3.62,6578.0,8043.0,1399.0,0.0,1399.0,1399.0,5.0,5.0,6.0,3.57,0.0,0.0,0.0,1399.0,0.0,0.0,0.0,0.0,2127.0,1419.0,708.0,3526.0,6.0,7.0,8.0,8.47,3908.0,2081.0,1827.0,7434.0,10.0,11.0,13.0,5.47,1776.0,755.0,1021.0,9210.0,7.0,7.0,10.0,6.86,1779.0,887.0,892.0,10989.0,8.0,8.0,8.0,8.97,3632.0,1436.0,2196.0,14621.0,17.0,18.0,20.0,7.74,,,,,,,,,,,,,,,,,,,,,,,,,
a27de826-eccf-428f-b00f-41e60fffa1f5,2025-12-07 23:12:41 UTC,False,16525.0,CFOP,Gan 12 UI Maglev,RandomForest,13473.0,16525.0,,,gan12,custom_rules,,,,8.0,0.0,0.0,16525.0,56.0,62.0,72.0,3.39,7906.0,8619.0,3095.0,0.0,3095.0,3095.0,7.0,7.0,7.0,2.26,1126.0,813.0,313.0,4221.0,4.0,4.0,4.0,12.78,2009.0,1036.0,973.0,6230.0,9.0,10.0,11.0,9.25,2478.0,1875.0,603.0,8708.0,7.0,7.0,8.0,11.61,3056.0,2301.0,755.0,11764.0,9.0,9.0,10.0,11.92,2870.0,1018.0,1852.0,14634.0,12.0,12.0,14.0,6.48,1891.0,863.0,1028.0,16525.0,9.0,13.0,18.0,8.75,,,,,,,,,,,,,,,,,,,,,,,,,
6af78eab-c652-4a29-894c-a3782d747194,2025-12-07 23:13:24 UTC,False,16376.0,CFOP,Gan 12 UI Maglev,RandomForest,14675.0,16376.0,,,gan12,custom_rules,,,,8.0,0.0,0.0,16376.0,56.0,57.0,69.0,3.42,7295.0,9081.0,2707.0,0.0,2707.0,2707.0,7.0,8.0,9.0,2.59,1427.0,565.0,862.0,4134.0,6.0,6.0,8.0,6.96,1112.0,830.0,282.0,5246.0,3.0,3.0,3.0,10.64,2063.0,1572.0,491.0,7309.0,9.0,9.0,9.0,18.33,2940.0,1513.0,1427.0,10249.0,10.0,10.0,11.0,7.01,2159.0,1104.0,1055.0,12408.0,10.0,10.0,13.0,9.48,3968.0,1711.0,2257.0,16376.0,11.0,11.0,16.0,4.87,,,,,,,,,,,,,,,,,,,,,,,,,
4f6e4723-0d90-49e8-babc-5fb763d241d9,2025-12-07 23:14:22 UTC,False,22075.0,CFOP,Gan 12 UI Maglev,RandomForest,27815.0,22075.0,,,gan12,custom_rules,,,,8.0,0.0,0.0,22075.0,80.0,81.0,91.0,3.62,6046.0,16029.0,6690.0,0.0,6690.0,6690.0,12.0,12.0,13.0,1.79,1711.0,1292.0,419.0,8401.0,4.0,4.0,5.0,9.55,2917.0,760.0,2157.0,11318.0,12.0,12.0,13.0,5.56,2289.0,1202.0,1087.0,13607.0,8.0,8.0,10.0,7.36,1869.0,645.0,1224.0,15476.0,12.0,12.0,13.0,9.8,3547.0,962.0,2585.0,19023.0,15.0,16.0,17.0,5.8,3052.0,1185.0,1867.0,22075.0,17.0,17.0,20.0,9.11,,,,,,,,,,,,,,,,,,,,,,,,,
18dad4b9-ffea-40bd-bd2a-63459bd8b0fb,2025-12-07 23:15:02 UTC,False,20900.0,CFOP,Gan 12 UI Maglev,RandomForest,9486.0,20900.0,,,gan12,custom_rules,,,,8.0,0.0,0.0,20900.0,70.0,77.0,99.0,3.35,6491.0,14409.0,6488.0,0.0,6488.0,6488.0,17.0,18.0,21.0,2.62,0.0,0.0,0.0,6488.0,0.0,0.0,0.0,0.0,3644.0,1855.0,1789.0,10132.0,14.0,15.0,17.0,7.83,3174.0,1534.0,1640.0,13306.0,8.0,8.0,9.0,4.88,2185.0,1282.0,903.0,15491.0,8.0,8.0,10.0,8.86,2625.0,780.0,1845.0,18116.0,12.0,12.0,17.0,6.5,2784.0,1040.0,1744.0,20900.0,11.0,16.0,25.0,6.31,,,,,,,,,,,,,,,,,,,,,,,,,
9d84647d-33f8-4946-ab05-4dd1ea0bf52c,2025-12-07 23:15:34 UTC,False,14615.0,CFOP,Gan 12 UI Maglev,RandomForest,7923.0,14615.0,,,gan12,custom_rules,,,,8.0,0.0,0.0,14615.0,58.0,59.0,64.0,3.97,6364.0,8251.0,3201.0,0.0,3201.0,3201.0,7.0,7.0,7.0,2.19,1203.0,881.0,322.0,4404.0,3.0,3.0,3.0,9.32,2140.0,1480.0,660.0,6544.0,5.0,5.0,6.0,7.58,1883.0,844.0,1039.0,8427.0,8.0,8.0,10.0,7.7,2389.0,1257.0,1132.0,10816.0,10.0,10.0,11.0,8.83,1651.0,847.0,804.0,12467.0,10.0,11.0,11.0,12.44,2148.0,1055.0,1093.0,14615.0,15.0,15.0,16.0,13.72,,,,,,,,,,,,,,,,,,,,,,,,,
a59cd055-d597-42ba-a041-f34caf2f7f71,2025-12-07 23:16:15 UTC,False,19991.0,CFOP,Gan 12 UI Maglev,RandomForest,12337.0,19991.0,,,gan12,custom_rules,,,,8.0,0.0,0.0,19991.0,67.0,68.0,76.0,3.35,6515.0,13476.0,5765.0,0.0,5765.0,5765.0,10.0,10.0,12.0,1.73,4765.0,886.0,3879.0,10530.0,16.0,16.0,17.0,4.12,2340.0,2058.0,282.0,12870.0,4.0,4.0,5.0,14.18,1185.0,313.0,872.0,14055.0,8.0,8.0,8.0,9.17,2257.0,1403.0,854.0,16312.0,8.0,8.0,9.0,9.37,1324.0,652.0,672.0,17636.0,7.0,7.0,8.0,10.42,2355.0,1203.0,1152.0,19991.0,14.0,15.0,17.0,12.15,,,,,,,,,,,,,,,,,,,,,,,,,
1806ee99-5958-4d6c-930e-ffc1e741c36f,2025-12-07 23:16:58 UTC,False,23685.0,CFOP,Gan 12 UI Maglev,RandomForest,10621.0,23685.0,,,gan12,custom_rules,,,,8.0,0.0,0.0,23685.0,75.0,78.0,84.0,3.17,11948.0,11737.0,2155.0,0.0,2155.0,2155.0,9.0,9.0,9.0,4.18,4745.0,3593.0,1152.0,6900.0,9.0,9.0,10.0,7.81,3018.0,1308.0,1710.0,9918.0,9.0,9.0,10.0,5.26,4307.0,1811.0,2496.0,14225.0,7.0,8.0,9.0,2.8,3228.0,2712.0,516.0,17453.0,8.0,8.0,8.0,15.5,2790.0,964.0,1826.0,20243.0,17.0,17.0,17.0,9.31,3442.0,1560.0,1882.0,23685.0,16.0,18.0,21.0,8.5,,,,,,,,,,,,,,,,,,,,,,,,,
eb4f6d89-c478-4a98-8d4c-b780f0421499,2025-12-08 07:29:52 UTC,False,18785.0,CFOP,Gan 12 UI Maglev,RandomForest,9205.0,18785.0,,,gan12,custom_rules,,,,8.0,0.0,0.0,18785.0,70.0,71.0,79.0,3.73,6893.0,11892.0,1590.0,0.0,1590.0,1590.0,6.0,6.0,8.0,3.77,4458.0,507.0,3951.0,6048.0,14.0,14.0,15.0,3.54,3229.0,1389.0,1840.0,9277.0,12.0,12.0,12.0,6.52,2791.0,1394.0,1397.0,12068.0,8.0,8.0,9.0,5.73,1300.0,928.0,372.0,13368.0,4.0,4.0,4.0,10.75,3297.0,1805.0,1492.0,16665.0,12.0,12.0,14.0,8.04,2120.0,870.0,1250.0,18785.0,14.0,15.0,17.0,11.2,,,,,,,,,,,,,,,,,,,,,,,,,
ed741b73-64fe-4ede-870d-2fb727578b7d,2025-12-08 07:30:44 UTC,False,16297.0,CFOP,Gan 12 UI Maglev,RandomForest,23080.0,16297.0,,,gan12,custom_rules,,,,8.0,0.0,0.0,16297.0,64.0,65.0,72.0,3.93,6212.0,10085.0,3220.0,0.0,3220.0,3220.0,11.0,11.0,13.0,3.42,0.0,0.0,0.0,3220.0,0.0,0.0,0.0,0.0,2136.0,830.0,1306.0,5356.0,8.0,8.0,9.0,6.13,2677.0,1109.0,1568.0,8033.0,9.0,10.0,11.0,5.74,2877.0,1531.0,1346.0,10910.0,8.0,8.0,8.0,5.94,2908.0,1845.0,1063.0,13818.0,12.0,12.0,13.0,11.29,2479.0,897.0,1582.0,16297.0,16.0,16.0,18.0,10.11,,,,,,,,,,,,,,,,,,,,,,,,,
3b2e6e53-f4fd-4fc5-9bc8-267b4f536f43,2025-12-08 07:32:46 UTC,False,13159.0,CFOP,Gan 12 UI Maglev,RandomForest,44498.0,13159.0,,,gan12,custom_rules,,,,8.0,0.0,0.0,13159.0,72.0,77.0,81.0,5.47,3568.0,9591.0,1159.0,0.0,1159.0,1159.0,5.0,6.0,6.0,4.31,1315.0,638.0,677.0,2474.0,6.0,7.0,7.0,8.86,1590.0,687.0,903.0,4064.0,6.0,7.0,7.0,6.64,1414.0,298.0,1116.0,5478.0,8.0,8.0,9.0,7.17,1149.0,297.0,852.0,6627.0,4.0,4.0,4.0,4.69,1547.0,595.0,952.0,8174.0,11.0,11.0,12.0,11.55,4985.0,1053.0,3932.0,13159.0,32.0,34.0,36.0,8.14,,,,,,,,,,,,,,,,,,,,,,,,,
5a9a51de-0adf-4c59-9379-480c713e2d9b,2025-12-08 07:33:33 UTC,False,12764.0,CFOP,Gan 12 UI Maglev,RandomForest,13432.0,12764.0,,,gan12,custom_rules,,,,8.0,0.0,0.0,12764.0,58.0,59.0,69.0,4.54,5521.0,7243.0,1354.0,0.0,1354.0,1354.0,4.0,4.0,6.0,2.95,2659.0,638.0,2021.0,4013.0,10.0,10.0,14.0,4.95,1434.0,741.0,693.0,5447.0,8.0,8.0,8.0,11.54,1568.0,709.0,859.0,7015.0,8.0,8.0,9.0,9.31,2071.0,1636.0,435.0,9086.0,8.0,8.0,8.0,18.39,1487.0,886.0,601.0,10573.0,6.0,6.0,6.0,9.98,2191.0,911.0,1280.0,12764.0,14.0,15.0,18.0,10.94,,,,,,,,,,,,,,,,,,,,,,,,,
696fe745-1592-489b-a2d7-f41e2ddd1811,2025-12-08 07:34:02 UTC,False,13507.0,CFOP,Gan 12 UI Maglev,RandomForest,4798.0,13507.0,,,gan12,custom_rules,,,,8.0,0.0,0.0,13507.0,70.0,73.0,82.0,5.18,4478.0,8964.0,1573.0,0.0,1573.0,1638.0,7.0,7.0,9.0,4.45,2036.0,894.0,1142.0,3674.0,9.0,10.0,10.0,7.88,1610.0,749.0,861.0,5284.0,8.0,8.0,10.0,9.29,3018.0,442.0,2576.0,8302.0,14.0,14.0,15.0,5.43,1175.0,354.0,821.0,9477.0,11.0,11.0,11.0,13.4,1362.0,734.0,628.0,10839.0,8.0,8.0,8.0,12.74,2668.0,1305.0,1363.0,13507.0,15.0,17.0,19.0,11.01,,,,,,,,,,,,,,,,,,,,,,,,,
2d08f5de-bb0a-4ba5-ac23-9a6d0dfad594,2025-12-08 07:34:30 UTC,False,14082.0,CFOP,Gan 12 UI Maglev,RandomForest,5698.0,14082.0,,,gan12,custom_rules,,,,8.0,0.0,0.0,14082.0,66.0,71.0,79.0,4.69,6322.0,7760.0,1369.0,0.0,1369.0,1369.0,6.0,6.0,7.0,4.38,2420.0,1027.0,1393.0,3789.0,9.0,10.0,11.0,6.46,1743.0,814.0,929.0,5532.0,8.0,8.0,10.0,8.61,1439.0,467.0,972.0,6971.0,8.0,8.0,9.0,8.23,1916.0,1264.0,652.0,8887.0,8.0,8.0,8.0,12.27,2803.0,1796.0,1007.0,11690.0,11.0,13.0,14.0,10.92,2392.0,954.0,1438.0,14082.0,16.0,18.0,20.0,11.13,,,,,,,,,,,,,,,,,,,,,,,,,
927febc7-6f69-448c-b987-21223b192862,2025-12-08 07:35:18 UTC,False,28828.0,CFOP,Gan 12 UI Maglev,RandomForest,8617.0,28828.0,,,gan12,custom_rules,,,,8.0,0.0,0.0,28828.0,90.0,91.0,98.0,3.12,9174.0,19654.0,6797.0,0.0,6797.0,6797.0,18.0,18.0,18.0,2.65,2930.0,613.0,2317.0,9727.0,9.0,9.0,11.0,3.88,4578.0,597.0,3981.0,14305.0,18.0,18.0,18.0,4.52,5569.0,2150.0,3419.0,19874.0,14.0,14.0,18.0,4.09,1346.0,1120.0,226.0,21220.0,4.0,4.0,5.0,17.7,5144.0,3982.0,1162.0,26364.0,10.0,11.0,11.0,8.61,2464.0,712.0,1752.0,28828.0,17.0,17.0,17.0,9.7,,,,,,,,,,,,,,,,,,,,,,,,,
7fbbb768-b2fd-4105-b1ce-b85c32d9982c,2025-12-08 07:35:55 UTC,False,18779.0,CFOP,Gan 12 UI Maglev,RandomForest,5507.0,18779.0,,,gan12,custom_rules,,,,8.0,0.0,0.0,18779.0,66.0,74.0,82.0,3.51,7545.0,11234.0,1763.0,0.0,1763.0,1763.0,6.0,6.0,6.0,3.4,1686.0,765.0,921.0,3449.0,8.0,8.0,8.0,8.69,3435.0,2298.0,1137.0,6884.0,7.0,7.0,8.0,6.16,2879.0,943.0,1936.0,9763.0,12.0,12.0,12.0,6.2,1883.0,1392.0,491.0,11646.0,8.0,8.0,9.0,16.29,1428.0,703.0,725.0,13074.0,9.0,9.0,9.0,12.41,5705.0,1444.0,4261.0,18779.0,16.0,24.0,30.0,3.75,,,,,,,,,,,,,,,,,,,,,,,,,
148fae4c-bc8e-476b-8f7e-609cb5b651fa,2025-12-08 07:36:30 UTC,False,15309.0,CFOP,Gan 12 UI Maglev,RandomForest,10322.0,15309.0,,,gan12,custom_rules,,,,8.0,0.0,0.0,15309.0,68.0,70.0,77.0,4.44,7537.0,7772.0,1565.0,0.0,1565.0,1565.0,8.0,8.0,8.0,5.11,1505.0,1047.0,458.0,3070.0,6.0,7.0,7.0,13.1,1598.0,620.0,978.0,4668.0,8.0,8.0,9.0,8.18,2756.0,2200.0,556.0,7424.0,9.0,9.0,10.0,16.19,1922.0,1302.0,620.0,9346.0,8.0,8.0,9.0,12.9,3250.0,933.0,2317.0,12596.0,18.0,19.0,19.0,7.77,2713.0,1435.0,1278.0,15309.0,11.0,11.0,15.0,8.61,,,,,,,,,,,,,,,,,,,,,,,,,
2aebad1d-bdba-470a-8c71-1329bea29b2a,2025-12-08 07:37:09 UTC,False,18531.0,CFOP,Gan 12 UI Maglev,RandomForest,10408.0,18531.0,,,gan12,custom_rules,,,,8.0,0.0,0.0,18531.0,63.0,64.0,72.0,3.4,8045.0,10414.0,4096.0,0.0,4096.0,4168.0,8.0,8.0,9.0,1.95,1912.0,1096.0,816.0,6080.0,8.0,8.0,8.0,9.8,2606.0,1703.0,903.0,8686.0,8.0,8.0,8.0,8.86,2805.0,1564.0,1241.0,11491.0,7.0,7.0,7.0,5.64,1118.0,916.0,202.0,12609.0,4.0,4.0,4.0,19.8,2307.0,999.0,1308.0,14916.0,12.0,12.0,15.0,9.17,3615.0,1767.0,1848.0,18531.0,16.0,17.0,21.0,8.66,,,,,,,,,,,,,,,,,,,,,,,,,
eee1a892-5870-479a-b26d-5d9e2feb5b87,2025-12-08 07:37:36 UTC,False,13357.0,CFOP,Gan 12 UI Maglev,RandomForest,5180.0,13357.0,,,gan12,custom_rules,,,,8.0,0.0,0.0,13357.0,57.0,60.0,66.0,4.27,6763.0,6321.0,886.0,0.0,886.0,1159.0,4.0,6.0,7.0,4.51,1747.0,821.0,926.0,2906.0,8.0,8.0,8.0,8.64,2140.0,1890.0,250.0,5046.0,4.0,4.0,5.0,16.0,1568.0,770.0,798.0,6614.0,8.0,8.0,9.0,10.03,1476.0,1041.0,435.0,8090.0,7.0,7.0,7.0,16.09,2284.0,1366.0,918.0,10374.0,9.0,10.0,10.0,9.8,2983.0,875.0,2108.0,13357.0,17.0,17.0,20.0,8.06,,,,,,,,,,,,,,,,,,,,,,,,,
6ae8eb5f-caf3-496a-a829-e5aaec25e942,2025-12-08 07:38:06 UTC,False,14881.0,CFOP,Gan 12 UI Maglev,RandomForest,4611.0,14881.0,,,gan12,custom_rules,,,,8.0,0.0,0.0,14881.0,71.0,72.0,79.0,4.77,6258.0,8550.0,1247.0,0.0,1247.0,1320.0,5.0,5.0,8.0,4.01,3329.0,1815.0,1514.0,4649.0,12.0,12.0,13.0,7.93,2740.0,1726.0,1014.0,7389.0,9.0,10.0,10.0,8.88,1147.0,398.0,749.0,8536.0,7.0,7.0,8.0,9.35,2359.0,693.0,1666.0,10895.0,11.0,11.0,11.0,6.6,1580.0,831.0,749.0,12475.0,9.0,9.0,10.0,12.02,2406.0,795.0,1611.0,14881.0,18.0,18.0,19.0,11.17,,,,,,,,,,,,,,,,,,,,,,,,,
6906fbf2-1aa9-4783-b82d-e93c350dae28,2025-12-08 07:38:41 UTC,False,18414.0,CFOP,Gan 12 UI Maglev,RandomForest,4789.0,18414.0,,,gan12,custom_rules,,,,8.0,0.0,0.0,18414.0,58.0,63.0,76.0,3.15,8156.0,10258.0,1224.0,0.0,1224.0,1224.0,6.0,6.0,7.0,4.9,6358.0,1731.0,4627.0,7582.0,12.0,12.0,14.0,2.59,3123.0,2309.0,814.0,10705.0,6.0,7.0,7.0,7.37,1622.0,1388.0,234.0,12327.0,3.0,3.0,3.0,12.82,1994.0,830.0,1164.0,14321.0,12.0,12.0,13.0,10.31,1864.0,913.0,951.0,16185.0,10.0,10.0,13.0,10.52,2229.0,985.0,1244.0,18414.0,9.0,13.0,19.0,7.23,,,,,,,,,,,,,,,,,,,,,,,,,
3c99634c-0753-424b-b62b-84c67cd54ae8,2025-12-08 07:39:12 UTC,False,13430.0,CFOP,Gan 12 UI Maglev,RandomForest,7552.0,13430.0,,,gan12,custom_rules,,,,8.0,0.0,0.0,13430.0,57.0,61.0,71.0,4.24,5262.0,8168.0,2427.0,0.0,2427.0,2427.0,6.0,8.0,13.0,2.47,2057.0,961.0,1096.0,4484.0,8.0,8.0,9.0,7.3,1095.0,306.0,789.0,5579.0,7.0,7.0,7.0,8.87,1723.0,676.0,1047.0,7302.0,9.0,10.0,10.0,8.6,1258.0,960.0,298.0,8560.0,4.0,4.0,5.0,13.42,2079.0,854.0,1225.0,10639.0,12.0,13.0,13.0,9.8,2791.0,1505.0,1286.0,13430.0,11.0,11.0,14.0,8.55,,,,,,,,,,,,,,,,,,,,,,,,,
1bf994c2-04f1-4af6-9374-8f439a655cd5,2025-12-08 07:39:45 UTC,False,24301.0,CFOP,Gan 12 UI Maglev,RandomForest,2368.0,22301.0,D3,,gan12,custom_rules,,,,8.0,0.0,0.0,22301.0,70.0,75.0,90.0,3.14,9484.0,12817.0,1674.0,0.0,1674.0,1674.0,8.0,8.0,9.0,4.78,3098.0,1809.0,1289.0,4772.0,7.0,7.0,8.0,5.43,5477.0,645.0,4832.0,10249.0,19.0,19.0,21.0,3.93,2851.0,1360.0,1491.0,13100.0,8.0,8.0,10.0,5.37,3542.0,2874.0,668.0,16642.0,8.0,8.0,9.0,11.98,2230.0,1409.0,821.0,18872.0,9.0,9.0,10.0,10.96,3429.0,1387.0,2042.0,22301.0,10.0,15.0,22.0,4.9,,,,,,,,,,,,,,,,,,,,,,,,,
4d346ec7-8f0e-416d-84d1-880dfdcc7cba,2025-12-08 07:40:35 UTC,False,17534.0,CFOP,Gan 12 UI Maglev,RandomForest,23371.0,17534.0,,,gan12,custom_rules,,,,8.0,0.0,0.0,17534.0,75.0,76.0,85.0,4.28,7899.0,9635.0,1523.0,0.0,1523.0,1523.0,6.0,6.0,7.0,3.94,2367.0,323.0,2044.0,3890.0,11.0,11.0,14.0,5.38,3648.0,2979.0,669.0,7538.0,7.0,7.0,8.0,10.46,2476.0,1291.0,1185.0,10014.0,12.0,12.0,12.0,10.13,2429.0,773.0,1656.0,12443.0,11.0,11.0,12.0,6.64,1621.0,709.0,912.0,14064.0,13.0,13.0,13.0,14.25,3470.0,1824.0,1646.0,17534.0,15.0,16.0,19.0,9.11,,,,,,,,,,,,,,,,,,,,,,,,,
0b1b71dd-a083-463c-b1b0-43e6aa60ab80,2025-12-08 07:41:14 UTC,False,16114.0,CFOP,Gan 12 UI Maglev,RandomForest,12329.0,16114.0,,,gan12,custom_rules,,,,8.0,0.0,0.0,16114.0,64.0,66.0,69.0,3.97,6501.0,9613.0,1905.0,0.0,1905.0,1905.0,5.0,5.0,5.0,2.62,1289.0,612.0,677.0,3194.0,6.0,7.0,7.0,8.86,3030.0,929.0,2101.0,6224.0,9.0,9.0,9.0,4.28,1416.0,919.0,497.0,7640.0,7.0,7.0,8.0,14.08,2862.0,1104.0,1758.0,10502.0,11.0,11.0,12.0,6.26,2266.0,1256.0,1010.0,12768.0,11.0,11.0,11.0,10.89,3346.0,1681.0,1665.0,16114.0,15.0,16.0,17.0,9.01,,,,,,,,,,,,,,,,,,,,,,,,,
bc1ea324-0adc-4cea-a429-f9621abd3b54,2025-12-08 08:01:54 UTC,False,18090.0,CFOP,Gan 12 UI Maglev,RandomForest,11366.0,18090.0,,,Day 1,standard_cube_allowed,,,,8.0,0.0,0.0,18090.0,71.0,77.0,95.0,3.92,7489.0,10601.0,2040.0,0.0,2040.0,2040.0,9.0,9.0,9.0,4.41,3420.0,1794.0,1626.0,5460.0,9.0,9.0,13.0,5.54,2192.0,347.0,1845.0,7652.0,10.0,11.0,12.0,5.42,3521.0,1924.0,1597.0,11173.0,13.0,14.0,15.0,8.14,1732.0,902.0,830.0,12905.0,9.0,9.0,11.0,10.84,2601.0,1459.0,1142.0,15506.0,13.0,13.0,14.0,11.38,2584.0,1063.0,1521.0,18090.0,8.0,12.0,21.0,5.26,,,,,,,,,,,,,,,,,,,,,,,,,
18eaee82-1903-42df-bc22-0b821bce4ebe,2025-12-08 08:02:31 UTC,False,16445.0,CFOP,Gan 12 UI Maglev,RandomForest,8815.0,16445.0,,,Day 1,standard_cube_allowed,,,,8.0,0.0,0.0,16445.0,75.0,79.0,82.0,4.56,5019.0,11426.0,1224.0,0.0,1224.0,1224.0,6.0,6.0,6.0,4.9,4365.0,849.0,3516.0,5589.0,18.0,19.0,19.0,5.12,1133.0,652.0,481.0,6722.0,4.0,4.0,4.0,8.32,1811.0,951.0,860.0,8533.0,8.0,9.0,9.0,9.3,2081.0,472.0,1609.0,10614.0,14.0,14.0,15.0,8.7,2132.0,860.0,1272.0,12746.0,10.0,11.0,11.0,7.86,3699.0,1235.0,2464.0,16445.0,15.0,16.0,18.0,6.09,,,,,,,,,,,,,,,,,,,,,,,,,
035383f1-70eb-4d90-97b9-ffcd513bad5d,2025-12-08 08:03:09 UTC,False,11010.0,CFOP,Gan 12 UI Maglev,RandomForest,10810.0,11010.0,,,Day 1,standard_cube_allowed,,,,8.0,0.0,0.0,11010.0,52.0,57.0,65.0,4.72,5053.0,5957.0,523.0,0.0,523.0,523.0,3.0,4.0,4.0,5.74,1617.0,996.0,621.0,2140.0,8.0,8.0,10.0,12.88,1310.0,1012.0,298.0,3450.0,4.0,4.0,4.0,13.42,2162.0,693.0,1469.0,5612.0,11.0,11.0,11.0,7.49,1778.0,662.0,1116.0,7390.0,10.0,10.0,10.0,8.96,1585.0,677.0,908.0,8975.0,9.0,9.0,9.0,9.91,2035.0,1013.0,1022.0,11010.0,8.0,12.0,17.0,7.83,,,,,,,,,,,,,,,,,,,,,,,,,
ab668f0c-475c-4c09-8e46-8cdf387a9d44,2025-12-08 08:03:48 UTC,False,15001.0,CFOP,Gan 12 UI Maglev,RandomForest,11498.0,15001.0,,,Day 1,standard_cube_allowed,,,,8.0,0.0,0.0,15001.0,70.0,71.0,78.0,4.67,5681.0,9320.0,1386.0,0.0,1386.0,1386.0,6.0,6.0,7.0,4.33,3055.0,1049.0,2006.0,4441.0,9.0,9.0,10.0,4.49,967.0,250.0,717.0,5408.0,8.0,8.0,9.0,11.16,1503.0,721.0,782.0,6911.0,7.0,7.0,7.0,8.95,2267.0,1058.0,1209.0,9178.0,10.0,10.0,11.0,8.27,2264.0,887.0,1377.0,11442.0,13.0,13.0,13.0,9.44,3559.0,1716.0,1843.0,15001.0,17.0,18.0,21.0,9.22,,,,,,,,,,,,,,,,,,,,,,,,,
3a3d874a-f752-4a33-9239-b8e8720ed6ea,2025-12-08 08:04:26 UTC,False,15694.0,CFOP,Gan 12 UI Maglev,RandomForest,10919.0,15694.0,,,Day 1,standard_cube_allowed,,,,8.0,0.0,0.0,15694.0,70.0,73.0,79.0,4.46,6350.0,9344.0,1160.0,0.0,1160.0,1160.0,6.0,6.0,6.0,5.17,3976.0,909.0,3067.0,5136.0,11.0,12.0,12.0,3.59,1574.0,672.0,902.0,6710.0,8.0,8.0,8.0,8.87,624.0,486.0,138.0,7334.0,5.0,5.0,5.0,36.23,1785.0,1305.0,480.0,9119.0,8.0,8.0,8.0,16.67,3903.0,2004.0,1899.0,13022.0,15.0,16.0,19.0,7.9,2672.0,974.0,1698.0,15694.0,17.0,18.0,21.0,10.01,,,,,,,,,,,,,,,,,,,,,,,,,
998b9808-8f6b-44f3-84e7-b8b326e4981c,2025-12-08 08:05:03 UTC,False,15362.0,CFOP,Gan 12 UI Maglev,RandomForest,9388.0,15362.0,,,Day 1,standard_cube_allowed,,,,8.0,0.0,0.0,15362.0,69.0,72.0,79.0,4.49,4802.0,10560.0,2066.0,0.0,2066.0,2066.0,7.0,7.0,8.0,3.39,1094.0,185.0,909.0,3160.0,7.0,7.0,7.0,7.7,1200.0,435.0,765.0,4360.0,6.0,7.0,8.0,7.84,1807.0,558.0,1249.0,6167.0,8.0,8.0,9.0,6.41,1907.0,1044.0,863.0,8074.0,8.0,8.0,8.0,9.27,3147.0,1545.0,1602.0,11221.0,12.0,14.0,15.0,7.49,4141.0,1035.0,3106.0,15362.0,21.0,21.0,24.0,6.76,,,,,,,,,,,,,,,,,,,,,,,,,
17a35f7b-5946-4380-a236-9211aa0e83a2,2025-12-08 08:05:46 UTC,False,19463.0,CFOP,Gan 12 UI Maglev,RandomForest,15299.0,17463.0,,,Day 1,standard_cube_allowed,,,,8.0,0.0,0.0,17463.0,75.0,78.0,91.0,4.29,6661.0,10802.0,3177.0,0.0,3177.0,3177.0,10.0,12.0,20.0,3.15,3821.0,1459.0,2362.0,6998.0,13.0,14.0,14.0,5.5,1720.0,1148.0,572.0,8718.0,7.0,7.0,8.0,12.24,1736.0,930.0,806.0,10454.0,11.0,11.0,12.0,13.65,1981.0,1466.0,515.0,12435.0,8.0,8.0,9.0,15.53,1194.0,502.0,692.0,13629.0,8.0,8.0,8.0,11.56,3834.0,1156.0,2678.0,17463.0,19.0,19.0,20.0,7.09,,,,,,,,,,,,,,,,,,,,,,,,,
5dbe4884-f2ae-4f84-8d0f-09d1cb0a4c6f,2025-12-08 08:06:25 UTC,False,17604.0,CFOP,Gan 12 UI Maglev,RandomForest,11909.0,17604.0,,,Day 1,standard_cube_allowed,,,,8.0,0.0,0.0,17604.0,69.0,70.0,84.0,3.92,7315.0,10289.0,2205.0,0.0,2205.0,2205.0,7.0,7.0,11.0,3.17,1934.0,879.0,1055.0,4139.0,8.0,8.0,10.0,7.58,2014.0,532.0,1482.0,6153.0,7.0,7.0,8.0,4.72,2802.0,1378.0,1424.0,8955.0,10.0,10.0,11.0,7.02,1900.0,1328.0,572.0,10855.0,8.0,8.0,9.0,13.99,1928.0,669.0,1259.0,12783.0,9.0,9.0,12.0,7.15,4821.0,2529.0,2292.0,17604.0,20.0,21.0,23.0,8.73,,,,,,,,,,,,,,,,,,,,,,,,,
fab4692a-03da-49e1-bbc1-b10dd0293753,2025-12-08 08:07:06 UTC,False,18489.0,CFOP,Gan 12 UI Maglev,RandomForest,12079.0,18489.0,,,Day 1,standard_cube_allowed,,,,8.0,0.0,0.0,18489.0,73.0,73.0,78.0,3.95,9338.0,9151.0,1666.0,0.0,1666.0,1666.0,6.0,6.0,7.0,3.6,3333.0,1386.0,1947.0,4999.0,12.0,12.0,13.0,6.16,1439.0,1104.0,335.0,6438.0,4.0,4.0,5.0,11.94,2328.0,1893.0,435.0,8766.0,10.0,10.0,11.0,22.99,2987.0,1997.0,990.0,11753.0,11.0,11.0,12.0,11.11,2809.0,790.0,2019.0,14562.0,10.0,10.0,10.0,4.95,3927.0,2168.0,1759.0,18489.0,20.0,20.0,20.0,11.37,,,,,,,,,,,,,,,,,,,,,,,,,
ca8b940d-b190-442b-a144-b420f98d7a8d,2025-12-08 09:36:47 UTC,False,20074.0,CFOP,Gan 12 UI Maglev,RandomForest,6768.0,20074.0,,,slow solves de verdad,standard_cube_allowed,,,,8.0,0.0,0.0,20074.0,67.0,69.0,83.0,3.34,6149.0,13925.0,3657.0,0.0,3657.0,3657.0,7.0,7.0,9.0,1.91,3530.0,2001.0,1529.0,7187.0,8.0,8.0,10.0,5.23,3421.0,796.0,2625.0,10608.0,11.0,11.0,12.0,4.19,1791.0,411.0,1380.0,12399.0,8.0,8.0,8.0,5.8,1534.0,523.0,1011.0,13933.0,8.0,8.0,10.0,7.91,2327.0,1264.0,1063.0,16260.0,10.0,10.0,14.0,9.41,3814.0,1154.0,2660.0,20074.0,15.0,17.0,20.0,5.64,,,,,,,,,,,,,,,,,,,,,,,,,
2a7f637e-3f79-4b1d-8ad3-980f69f9cb1e,2025-12-08 09:37:12 UTC,True,,CFOP,Gan 12 UI Maglev,RandomForest,,,,,slow solves de verdad,standard_cube_allowed,,,,,,,,,,,,,,,,,,,,,,,,,,,,,,,,,,,,,,,,,,,,,,,,,,,,,,,,,,,,,,,,,,,,,,,,,,,,,,,,,,,,,,,,,,,,,,
9fb91ec3-1831-4ec2-ba4a-8b8d8e9fa74b,2025-12-08 09:39:27 UTC,False,17525.0,CFOP,Gan 12 UI Maglev,RandomForest,11434.0,17525.0,,,"slow solves, unl",custom_rules,,,,8.0,0.0,0.0,17525.0,62.0,63.0,75.0,3.54,3886.0,13639.0,3004.0,0.0,3004.0,3004.0,7.0,7.0,9.0,2.33,2050.0,532.0,1518.0,5054.0,8.0,8.0,10.0,5.27,1249.0,322.0,927.0,6303.0,6.0,7.0,7.0,6.47,3475.0,233.0,3242.0,9778.0,12.0,12.0,13.0,3.7,1807.0,782.0,1025.0,11585.0,8.0,8.0,10.0,7.8,1831.0,952.0,879.0,13416.0,8.0,8.0,9.0,9.1,4109.0,1065.0,3044.0,17525.0,13.0,13.0,17.0,4.27,,,,,,,,,,,,,,,,,,,,,,,,,
8c8e38bb-a3d3-4ace-9866-2e4b0b0dbf45,2025-12-08 09:40:05 UTC,False,17892.0,CFOP,Gan 12 UI Maglev,RandomForest,8752.0,17892.0,,,"slow solves, unl",custom_rules,,,,8.0,0.0,0.0,17892.0,72.0,75.0,84.0,4.02,6905.0,10987.0,1530.0,0.0,1530.0,1530.0,6.0,7.0,7.0,3.92,3208.0,1153.0,2055.0,4738.0,11.0,11.0,12.0,5.35,2140.0,484.0,1656.0,6878.0,10.0,11.0,12.0,6.04,2003.0,1072.0,931.0,8881.0,8.0,8.0,9.0,8.59,3196.0,1539.0,1657.0,12077.0,8.0,8.0,10.0,4.83,2202.0,1331.0,871.0,14279.0,9.0,9.0,10.0,10.33,3613.0,1326.0,2287.0,17892.0,20.0,21.0,24.0,8.75,,,,,,,,,,,,,,,,,,,,,,,,,
a2afa942-f93c-44e8-846f-8ba168bd47dc,2025-12-08 09:40:45 UTC,False,18590.0,CFOP,Gan 12 UI Maglev,RandomForest,12431.0,18590.0,,,"slow solves, unl",custom_rules,,,,8.0,0.0,0.0,18590.0,65.0,67.0,74.0,3.5,5344.0,13246.0,3593.0,0.0,3593.0,3593.0,8.0,8.0,9.0,2.23,1956.0,1473.0,483.0,5549.0,4.0,4.0,4.0,8.28,2307.0,1135.0,1172.0,7856.0,8.0,8.0,8.0,6.83,4497.0,736.0,3761.0,12353.0,12.0,12.0,15.0,3.19,1544.0,267.0,1277.0,13897.0,7.0,7.0,10.0,5.48,1853.0,846.0,1007.0,15750.0,9.0,10.0,10.0,8.94,2840.0,887.0,1953.0,18590.0,18.0,18.0,18.0,9.22,,,,,,,,,,,,,,,,,,,,,,,,,
17baf30b-67f2-4777-acbf-401e508dc926,2025-12-08 09:41:31 UTC,False,22893.0,CFOP,Gan 12 UI Maglev,RandomForest,15159.0,22893.0,,,"slow solves, unl",custom_rules,,,,8.0,0.0,0.0,22893.0,63.0,64.0,76.0,2.75,8354.0,14539.0,8201.0,0.0,8201.0,8201.0,10.0,10.0,11.0,1.22,1539.0,910.0,629.0,9740.0,6.0,7.0,8.0,9.54,1266.0,1032.0,234.0,11006.0,5.0,5.0,5.0,21.37,2081.0,1333.0,748.0,13087.0,7.0,7.0,7.0,9.36,3827.0,2796.0,1031.0,16914.0,8.0,8.0,9.0,7.76,2531.0,1219.0,1312.0,19445.0,10.0,10.0,15.0,7.62,3448.0,1064.0,2384.0,22893.0,17.0,17.0,21.0,7.13,,,,,,,,,,,,,,,,,,,,,,,,,
a1d4d45e-b6fb-4d29-aabc-cbe053a02f99,2025-12-08 09:42:02 UTC,False,16025.0,CFOP,Gan 12 UI Maglev,RandomForest,2878.0,16025.0,,,"slow solves, unl",custom_rules,,,,8.0,0.0,0.0,16025.0,72.0,74.0,85.0,4.49,4336.0,11689.0,2700.0,0.0,2700.0,2700.0,10.0,10.0,13.0,3.7,1445.0,281.0,1164.0,4145.0,6.0,6.0,7.0,5.15,2169.0,905.0,1264.0,6314.0,8.0,8.0,9.0,6.33,2543.0,742.0,1801.0,8857.0,7.0,7.0,8.0,3.89,1689.0,628.0,1061.0,10546.0,7.0,7.0,8.0,6.6,2261.0,1142.0,1119.0,12807.0,12.0,14.0,15.0,10.72,3218.0,638.0,2580.0,16025.0,22.0,22.0,25.0,8.53,,,,,,,,,,,,,,,,,,,,,,,,,
7a5ae1a1-ddf6-49ee-a77d-1d78d25d1a22,2025-12-08 09:42:45 UTC,False,18506.0,CFOP,Gan 12 UI Maglev,RandomForest,11326.0,18506.0,,,"slow solves, unl",custom_rules,,,,8.0,0.0,0.0,18506.0,62.0,67.0,77.0,3.35,7809.0,10697.0,2572.0,0.0,2572.0,2572.0,11.0,11.0,12.0,4.28,1666.0,443.0,1223.0,4238.0,7.0,7.0,8.0,5.72,3612.0,2388.0,1224.0,7850.0,9.0,10.0,10.0,7.35,3823.0,1598.0,2225.0,11673.0,11.0,11.0,12.0,4.94,2502.0,1197.0,1305.0,14175.0,8.0,8.0,9.0,6.13,1632.0,890.0,742.0,15807.0,7.0,7.0,7.0,9.43,2699.0,1293.0,1406.0,18506.0,9.0,13.0,19.0,6.4,,,,,,,,,,,,,,,,,,,,,,,,,
907f4b62-e821-44ae-a40a-dd24ce543d79,2025-12-08 09:43:20 UTC,False,21161.0,CFOP,Gan 12 UI Maglev,RandomForest,5473.0,21161.0,,,"slow solves, unl",custom_rules,,,,8.0,0.0,0.0,21161.0,73.0,74.0,87.0,3.45,8301.0,12860.0,2614.0,0.0,2614.0,2614.0,9.0,9.0,11.0,3.44,2716.0,711.0,2005.0,5330.0,13.0,13.0,13.0,6.48,6087.0,3005.0,3082.0,11417.0,13.0,13.0,15.0,4.22,2293.0,1262.0,1031.0,13710.0,8.0,8.0,9.0,7.76,1441.0,1038.0,403.0,15151.0,5.0,5.0,6.0,12.41,2514.0,1221.0,1293.0,17665.0,10.0,10.0,15.0,7.73,3496.0,1064.0,2432.0,21161.0,15.0,16.0,18.0,6.17,,,,,,,,,,,,,,,,,,,,,,,,,
18fb5e76-02ea-4c8c-91ac-5651f368dd80,2025-12-08 09:43:57 UTC,False,20971.0,CFOP,Gan 12 UI Maglev,RandomForest,6795.0,20971.0,,,"slow solves, unl",custom_rules,,,,8.0,0.0,0.0,20971.0,72.0,74.0,84.0,3.43,8916.0,12055.0,1931.0,0.0,1931.0,1931.0,7.0,7.0,8.0,3.63,2652.0,1073.0,1579.0,4583.0,7.0,7.0,9.0,4.43,3262.0,660.0,2602.0,7845.0,13.0,14.0,16.0,5.0,1291.0,1008.0,283.0,9136.0,4.0,4.0,4.0,14.13,5854.0,4177.0,1677.0,14990.0,15.0,15.0,15.0,8.94,2513.0,926.0,1587.0,17503.0,10.0,10.0,13.0,6.3,3468.0,1072.0,2396.0,20971.0,16.0,17.0,19.0,6.68,,,,,,,,,,,,,,,,,,,,,,,,,
c33a33ea-b0d5-4275-88eb-926e9e2faf29,2025-12-08 09:44:34 UTC,False,18189.0,CFOP,Gan 12 UI Maglev,RandomForest,8712.0,18189.0,,,"slow solves, unl",custom_rules,,,,8.0,0.0,0.0,18189.0,57.0,59.0,65.0,3.13,7887.0,10302.0,2495.0,0.0,2495.0,2495.0,8.0,9.0,9.0,3.21,3203.0,1088.0,2115.0,5698.0,7.0,7.0,8.0,3.31,4061.0,2297.0,1764.0,9759.0,7.0,7.0,8.0,3.97,1008.0,581.0,427.0,10767.0,4.0,4.0,4.0,9.37,1952.0,1203.0,749.0,12719.0,8.0,8.0,8.0,10.68,1608.0,661.0,947.0,14327.0,8.0,8.0,8.0,8.45,3862.0,2057.0,1805.0,18189.0,16.0,17.0,20.0,8.86,,,,,,,,,,,,,,,,,,,,,,,,,
9910d5bf-d8d6-4ffc-892f-e63def62ab1a,2025-12-08 09:45:13 UTC,False,21802.0,CFOP,Gan 12 UI Maglev,RandomForest,7929.0,21802.0,,,"slow solves, unl",custom_rules,,,,8.0,0.0,0.0,21802.0,68.0,68.0,77.0,3.12,8716.0,13086.0,5456.0,0.0,5456.0,5456.0,11.0,11.0,13.0,2.02,3701.0,2431.0,1270.0,9157.0,9.0,9.0,10.0,7.09,2681.0,1266.0,1415.0,11838.0,6.0,6.0,8.0,4.24,4034.0,2697.0,1337.0,15872.0,8.0,8.0,10.0,5.98,1295.0,701.0,594.0,17167.0,7.0,7.0,7.0,11.78,2269.0,959.0,1310.0,19436.0,12.0,12.0,13.0,9.16,2366.0,662.0,1704.0,21802.0,15.0,15.0,16.0,8.8,,,,,,,,,,,,,,,,,,,,,,,,,
9013da36-70b3-4ac4-8c79-225b79a969fa,2025-12-08 09:45:46 UTC,False,17071.0,CFOP,Gan 12 UI Maglev,RandomForest,7059.0,17071.0,,,"slow solves, unl",custom_rules,,,,8.0,0.0,0.0,17071.0,66.0,66.0,68.0,3.87,5692.0,11379.0,1552.0,0.0,1552.0,1552.0,5.0,5.0,5.0,3.22,4236.0,1128.0,3108.0,5788.0,11.0,11.0,12.0,3.54,2759.0,1623.0,1136.0,8547.0,7.0,7.0,7.0,6.16,2511.0,1080.0,1431.0,11058.0,8.0,8.0,8.0,5.59,2256.0,427.0,1829.0,13314.0,10.0,10.0,10.0,5.47,1311.0,661.0,650.0,14625.0,8.0,8.0,8.0,12.31,2446.0,773.0,1673.0,17071.0,18.0,18.0,18.0,10.76,,,,,,,,,,,,,,,,,,,,,,,,,
aab09383-f569-4ec9-8214-a1c6b834bb50,2025-12-08 09:46:24 UTC,False,15344.0,CFOP,Gan 12 UI Maglev,RandomForest,10630.0,15344.0,,,"slow solves, unl",custom_rules,,,,8.0,0.0,0.0,15344.0,64.0,65.0,77.0,4.17,4978.0,10366.0,2312.0,0.0,2312.0,2312.0,9.0,9.0,9.0,3.89,2481.0,718.0,1763.0,4793.0,7.0,7.0,8.0,3.97,2937.0,1137.0,1800.0,7730.0,9.0,9.0,11.0,5.0,2755.0,938.0,1817.0,10485.0,9.0,9.0,13.0,4.95,1311.0,589.0,722.0,11796.0,8.0,8.0,9.0,11.08,1357.0,709.0,648.0,13153.0,8.0,8.0,9.0,12.35,2191.0,887.0,1304.0,15344.0,14.0,15.0,18.0,10.74,,,,,,,,,,,,,,,,,,,,,,,,,
bf7c1dbb-b82d-48c6-80c6-ce580cdc0bee,2025-12-08 09:47:04 UTC,False,23363.0,CFOP,Gan 12 UI Maglev,RandomForest,6596.0,23363.0,,,"slow solves, unl",custom_rules,,,,8.0,0.0,0.0,23363.0,73.0,77.0,90.0,3.12,8940.0,14391.0,7406.0,0.0,7406.0,7438.0,10.0,13.0,20.0,1.35,2346.0,1249.0,1097.0,9784.0,7.0,7.0,7.0,6.38,1917.0,669.0,1248.0,11701.0,8.0,8.0,10.0,6.41,1791.0,913.0,878.0,13492.0,8.0,8.0,9.0,9.11,3544.0,2640.0,904.0,17036.0,9.0,9.0,12.0,9.96,2335.0,1111.0,1224.0,19371.0,12.0,13.0,13.0,9.8,3992.0,2358.0,1634.0,23363.0,19.0,19.0,19.0,11.63,,,,,,,,,,,,,,,,,,,,,,,,,
74c43fe4-a6cf-422a-ad15-838124160a50,2025-12-08 09:47:47 UTC,False,18634.0,CFOP,Gan 12 UI Maglev,RandomForest,15190.0,18634.0,,,"slow solves, unl",custom_rules,,,,8.0,0.0,0.0,18634.0,67.0,75.0,87.0,3.6,4033.0,14601.0,10524.0,0.0,10524.0,10524.0,28.0,32.0,35.0,2.66,0.0,0.0,0.0,10524.0,0.0,0.0,0.0,0.0,0.0,0.0,0.0,10524.0,0.0,0.0,0.0,0.0,2265.0,1096.0,1169.0,12789.0,12.0,12.0,12.0,10.27,1975.0,1145.0,830.0,14764.0,8.0,8.0,8.0,9.64,1758.0,751.0,1007.0,16522.0,10.0,10.0,13.0,9.93,2112.0,1041.0,1071.0,18634.0,9.0,13.0,19.0,8.4,,,,,,,,,,,,,,,,,,,,,,,,,
5ffe50d8-e694-4a96-b4c2-2fc277e60401,2025-12-08 09:48:34 UTC,False,28536.0,CFOP,Gan 12 UI Maglev,RandomForest,8191.0,28536.0,,,"slow solves, unl",custom_rules,,,,8.0,0.0,0.0,28536.0,90.0,91.0,97.0,3.15,6431.0,22105.0,8069.0,0.0,8069.0,8069.0,11.0,11.0,11.0,1.36,2789.0,1710.0,1079.0,10858.0,6.0,6.0,8.0,5.56,2678.0,1129.0,1549.0,13536.0,8.0,8.0,9.0,5.16,1849.0,701.0,1148.0,15385.0,9.0,9.0,10.0,7.84,6279.0,1102.0,5177.0,21664.0,21.0,21.0,21.0,4.06,3981.0,509.0,3472.0,25645.0,20.0,20.0,20.0,5.76,2891.0,1280.0,1611.0,28536.0,15.0,16.0,18.0,9.31,,,,,,,,,,,,,,,,,,,,,,,,,
4cff75d6-d564-4b52-a2d9-c66aad2fd7a1,2025-12-08 09:49:20 UTC,False,19109.0,CFOP,Gan 12 UI Maglev,RandomForest,14632.0,19109.0,,,"slow solves, unl",custom_rules,,,,8.0,0.0,0.0,19109.0,57.0,61.0,71.0,2.98,5315.0,13794.0,9764.0,0.0,9764.0,9764.0,24.0,28.0,30.0,2.46,0.0,0.0,0.0,9764.0,0.0,0.0,0.0,0.0,0.0,0.0,0.0,9764.0,0.0,0.0,0.0,0.0,2816.0,1720.0,1096.0,12580.0,7.0,7.0,8.0,6.39,1497.0,675.0,822.0,14077.0,8.0,8.0,10.0,9.73,1819.0,933.0,886.0,15896.0,7.0,7.0,8.0,7.9,3213.0,1987.0,1226.0,19109.0,11.0,11.0,15.0,8.97,,,,,,,,,,,,,,,,,,,,,,,,,
c561761c-9ef1-4530-9fd6-c0ce698543ef,2025-12-08 09:49:50 UTC,False,17084.0,CFOP,Gan 12 UI Maglev,RandomForest,4227.0,17084.0,,,"slow solves, unl",custom_rules,,,,8.0,0.0,0.0,17084.0,66.0,67.0,76.0,3.86,5308.0,11776.0,4215.0,0.0,4215.0,4215.0,7.0,7.0,11.0,1.66,2492.0,1144.0,1348.0,6707.0,8.0,8.0,8.0,5.93,3604.0,940.0,2664.0,10311.0,14.0,14.0,15.0,5.26,957.0,554.0,403.0,11268.0,4.0,4.0,4.0,9.93,1801.0,757.0,1044.0,13069.0,11.0,11.0,11.0,10.54,1684.0,725.0,959.0,14753.0,10.0,10.0,10.0,10.43,2331.0,1188.0,1143.0,17084.0,13.0,14.0,17.0,11.37,,,,,,,,,,,,,,,,,,,,,,,,,
241d6c80-9fea-4f24-9698-40c3f50ceefb,2025-12-08 09:50:35 UTC,False,18826.0,CFOP,Gan 12 UI Maglev,RandomForest,6197.0,18826.0,,,"slow solves, unl",custom_rules,,,,8.0,0.0,0.0,18826.0,58.0,62.0,71.0,3.08,8729.0,10097.0,1530.0,0.0,1530.0,1530.0,6.0,6.0,7.0,3.92,3054.0,1861.0,1193.0,4584.0,6.0,6.0,7.0,5.03,2449.0,1450.0,999.0,7033.0,4.0,4.0,4.0,4.0,3434.0,1897.0,1537.0,10467.0,8.0,8.0,9.0,5.2,1796.0,869.0,927.0,12263.0,8.0,8.0,8.0,8.63,3296.0,491.0,2805.0,15559.0,16.0,16.0,16.0,5.7,3267.0,2161.0,1106.0,18826.0,10.0,14.0,20.0,9.04,,,,,,,,,,,,,,,,,,,,,,,,,
e74cffed-8b55-46ec-a2b4-bff44043c5b7,2025-12-08 09:51:06 UTC,False,13809.0,CFOP,Gan 12 UI Maglev,RandomForest,9479.0,13809.0,,,"slow solves, unl",custom_rules,,,,8.0,0.0,0.0,13809.0,60.0,62.0,68.0,4.34,7688.0,6121.0,1048.0,0.0,1048.0,1048.0,5.0,5.0,6.0,4.77,2430.0,1672.0,758.0,3478.0,8.0,8.0,9.0,10.55,2503.0,1818.0,685.0,5981.0,8.0,8.0,9.0,11.68,1246.0,612.0,634.0,7227.0,8.0,8.0,8.0,12.62,2559.0,1850.0,709.0,9786.0,8.0,8.0,9.0,11.28,1368.0,779.0,589.0,11154.0,9.0,9.0,9.0,15.28,2655.0,957.0,1698.0,13809.0,14.0,16.0,18.0,8.24,,,,,,,,,,,,,,,,,,,,,,,,,
e7be6765-5384-4319-af7b-4093e72280df,2025-12-08 09:51:51 UTC,False,23614.0,CFOP,Gan 12 UI Maglev,RandomForest,11884.0,23614.0,,,"slow solves, unl",custom_rules,,,,8.0,0.0,0.0,23614.0,66.0,67.0,74.0,2.79,5854.0,17760.0,8895.0,0.0,8895.0,8895.0,11.0,12.0,14.0,1.24,2187.0,604.0,1583.0,11082.0,3.0,3.0,3.0,1.9,2472.0,1046.0,1426.0,13554.0,7.0,7.0,7.0,4.91,2406.0,1245.0,1161.0,15960.0,7.0,7.0,8.0,6.03,2156.0,483.0,1673.0,18116.0,12.0,12.0,13.0,7.17,2633.0,1642.0,991.0,20749.0,10.0,10.0,11.0,10.09,2865.0,834.0,2031.0,23614.0,16.0,16.0,18.0,7.88,,,,,,,,,,,,,,,,,,,,,,,,,
08a907d7-bf56-451e-b2c1-76dadfc87c39,2025-12-08 09:52:22 UTC,False,16634.0,CFOP,Gan 12 UI Maglev,RandomForest,5033.0,16634.0,,,"slow solves, unl",custom_rules,,,,8.0,0.0,0.0,16634.0,65.0,75.0,93.0,3.91,4879.0,11755.0,1785.0,0.0,1785.0,1785.0,6.0,6.0,8.0,3.36,1916.0,556.0,1360.0,3701.0,8.0,8.0,9.0,5.88,1694.0,443.0,1251.0,5395.0,7.0,7.0,8.0,5.6,2267.0,435.0,1832.0,7662.0,14.0,15.0,15.0,7.64,761.0,527.0,234.0,8423.0,3.0,3.0,3.0,12.82,3966.0,1643.0,2323.0,12389.0,12.0,14.0,15.0,5.17,4245.0,1275.0,2970.0,16634.0,15.0,22.0,35.0,5.05,,,,,,,,,,,,,,,,,,,,,,,,,
3be9f685-91a8-42b9-b234-1cc8dab6743e,2025-12-08 09:53:16 UTC,False,30335.0,CFOP,Gan 12 UI Maglev,RandomForest,15433.0,30335.0,,,"slow solves, unl",custom_rules,,,,8.0,0.0,0.0,30335.0,88.0,90.0,101.0,2.9,3095.0,27240.0,14517.0,0.0,14517.0,14517.0,26.0,26.0,30.0,1.79,0.0,0.0,0.0,14517.0,0.0,0.0,0.0,0.0,0.0,0.0,0.0,14517.0,0.0,0.0,0.0,0.0,9679.0,138.0,9541.0,24196.0,27.0,29.0,32.0,2.83,2318.0,1512.0,806.0,26514.0,9.0,9.0,10.0,11.17,1794.0,626.0,1168.0,28308.0,11.0,11.0,12.0,9.42,2027.0,819.0,1208.0,30335.0,15.0,15.0,17.0,12.42,,,,,,,,,,,,,,,,,,,,,,,,,
9dd027df-4a3d-4008-a18c-928872103d4c,2025-12-08 10:26:20 UTC,False,17988.0,CFOP,Gan 12 UI Maglev,RandomForest,12433.0,17988.0,,,gan12,custom_rules,,,,8.0,0.0,0.0,17988.0,59.0,60.0,66.0,3.28,8262.0,9726.0,1227.0,0.0,1227.0,1227.0,5.0,5.0,5.0,4.07,4613.0,1942.0,2671.0,5840.0,9.0,10.0,11.0,3.37,1795.0,1497.0,298.0,7635.0,4.0,4.0,4.0,13.42,2489.0,1055.0,1434.0,10124.0,8.0,8.0,10.0,5.58,3026.0,1923.0,1103.0,13150.0,10.0,10.0,10.0,9.07,1586.0,772.0,814.0,14736.0,9.0,9.0,9.0,11.06,3252.0,1073.0,2179.0,17988.0,14.0,14.0,17.0,6.42,,,,,,,,,,,,,,,,,,,,,,,,,
79bf5d75-514e-4b54-8c4f-9d8de83044e6,2025-12-08 10:27:14 UTC,False,20559.0,CFOP,Gan 12 UI Maglev,RandomForest,24778.0,20559.0,,,gan12,custom_rules,,,,8.0,0.0,0.0,20559.0,66.0,71.0,80.0,3.21,7627.0,12932.0,4135.0,0.0,4135.0,4135.0,8.0,8.0,9.0,1.93,1120.0,887.0,233.0,5255.0,4.0,4.0,4.0,17.17,3662.0,2663.0,999.0,8917.0,8.0,8.0,8.0,8.01,1649.0,279.0,1370.0,10566.0,7.0,7.0,8.0,5.11,4855.0,1590.0,3265.0,15421.0,19.0,19.0,20.0,5.82,2417.0,959.0,1458.0,17838.0,13.0,13.0,13.0,8.92,2721.0,1249.0,1472.0,20559.0,8.0,12.0,18.0,5.43,,,,,,,,,,,,,,,,,,,,,,,,,
788dd601-3b73-4817-a166-2e38be42919a,2025-12-08 10:27:59 UTC,False,21755.0,CFOP,Gan 12 UI Maglev,RandomForest,12596.0,21755.0,,,gan12,custom_rules,,,,8.0,0.0,0.0,21755.0,73.0,73.0,81.0,3.36,13009.0,8746.0,2045.0,0.0,2045.0,2045.0,10.0,10.0,11.0,4.89,3657.0,2803.0,854.0,5702.0,10.0,10.0,12.0,11.71,3960.0,3340.0,620.0,9662.0,6.0,6.0,7.0,9.68,3231.0,2522.0,709.0,12893.0,8.0,8.0,9.0,11.28,4326.0,2524.0,1802.0,17219.0,11.0,11.0,13.0,6.1,2032.0,1024.0,1008.0,19251.0,10.0,10.0,10.0,9.92,2504.0,796.0,1708.0,21755.0,18.0,18.0,19.0,10.54,,,,,,,,,,,,,,,,,,,,,,,,,
b50ca7df-61b9-4a47-aa59-6ea49528fb38,2025-12-08 10:28:34 UTC,False,15877.0,CFOP,Gan 12 UI Maglev,RandomForest,8827.0,15877.0,,,gan12,custom_rules,,,,8.0,0.0,0.0,15877.0,60.0,62.0,76.0,3.78,4291.0,11586.0,7912.0,0.0,7912.0,7912.0,23.0,25.0,32.0,2.91,0.0,0.0,0.0,7912.0,0.0,0.0,0.0,0.0,0.0,0.0,0.0,7912.0,0.0,0.0,0.0,0.0,1645.0,1443.0,202.0,9557.0,4.0,4.0,4.0,19.8,1713.0,1302.0,411.0,11270.0,8.0,8.0,9.0,19.46,2177.0,588.0,1589.0,13447.0,9.0,9.0,12.0,5.66,2430.0,958.0,1472.0,15877.0,16.0,16.0,19.0,10.87,,,,,,,,,,,,,,,,,,,,,,,,,
8f9fca49-5a3c-4874-b896-daffb6dc1fbd,2025-12-08 10:29:09 UTC,False,20050.0,CFOP,Gan 12 UI Maglev,RandomForest,7282.0,20050.0,,,gan12,custom_rules,,,,8.0,0.0,0.0,20050.0,72.0,73.0,83.0,3.59,6796.0,13254.0,4497.0,0.0,4497.0,4497.0,9.0,9.0,13.0,2.0,3014.0,1927.0,1087.0,7511.0,9.0,9.0,9.0,8.28,2115.0,1023.0,1092.0,9626.0,8.0,8.0,9.0,7.33,4671.0,1260.0,3411.0,14297.0,16.0,17.0,18.0,4.69,1824.0,491.0,1333.0,16121.0,11.0,11.0,11.0,8.25,1350.0,765.0,585.0,17471.0,8.0,8.0,9.0,13.68,2579.0,1330.0,1249.0,20050.0,11.0,11.0,14.0,8.81,,,,,,,,,,,,,,,,,,,,,,,,,
70174d4a-d3f6-4cf4-abd3-79ca78a13c99,2025-12-08 10:29:50 UTC,False,16533.0,CFOP,Gan 12 UI Maglev,RandomForest,15331.0,16533.0,,,gan12,custom_rules,,,,8.0,0.0,0.0,16533.0,73.0,75.0,82.0,4.42,6365.0,10168.0,1656.0,0.0,1656.0,1656.0,5.0,5.0,5.0,3.02,1606.0,314.0,1292.0,3262.0,7.0,7.0,8.0,5.42,1185.0,508.0,677.0,4447.0,7.0,7.0,8.0,10.34,3226.0,2230.0,996.0,7673.0,9.0,9.0,11.0,9.04,1651.0,701.0,950.0,9324.0,10.0,10.0,11.0,10.53,3904.0,928.0,2976.0,13228.0,17.0,19.0,21.0,5.71,3305.0,1684.0,1621.0,16533.0,18.0,18.0,18.0,11.1,,,,,,,,,,,,,,,,,,,,,,,,,
4b55a009-14c9-4552-9fe5-e2389cd07faa,2025-12-08 10:30:22 UTC,False,14216.0,CFOP,Gan 12 UI Maglev,RandomForest,9170.0,14216.0,,,gan12,custom_rules,,,,8.0,0.0,0.0,14216.0,66.0,67.0,71.0,4.64,5892.0,8324.0,2186.0,0.0,2186.0,2186.0,6.0,6.0,8.0,2.74,2366.0,1681.0,685.0,4552.0,5.0,6.0,7.0,7.3,1994.0,717.0,1277.0,6546.0,7.0,7.0,7.0,5.48,713.0,351.0,362.0,7259.0,4.0,4.0,4.0,11.05,2171.0,1389.0,782.0,9430.0,10.0,10.0,10.0,12.79,1959.0,815.0,1144.0,11389.0,14.0,14.0,14.0,12.24,2827.0,939.0,1888.0,14216.0,20.0,20.0,21.0,10.59,,,,,,,,,,,,,,,,,,,,,,,,,
fc29c2af-b35f-4e3b-9cae-41b9a5eb9bb2,2025-12-08 10:31:02 UTC,False,24643.0,CFOP,Gan 12 UI Maglev,RandomForest,7727.0,24643.0,,,gan12,custom_rules,,,,8.0,0.0,0.0,24643.0,70.0,72.0,84.0,2.84,10517.0,14126.0,6329.0,0.0,6329.0,6329.0,12.0,12.0,15.0,1.9,1297.0,1040.0,257.0,7626.0,5.0,5.0,5.0,19.46,4354.0,2310.0,2044.0,11980.0,14.0,15.0,16.0,6.85,3364.0,1662.0,1702.0,15344.0,10.0,10.0,13.0,5.88,3596.0,2498.0,1098.0,18940.0,8.0,8.0,9.0,7.29,2363.0,1136.0,1227.0,21303.0,10.0,11.0,11.0,8.15,3340.0,1871.0,1469.0,24643.0,11.0,11.0,15.0,7.49,,,,,,,,,,,,,,,,,,,,,,,,,
798cc071-d87a-465b-8a88-3b61254ff84f,2025-12-08 10:31:45 UTC,False,17696.0,CFOP,Gan 12 UI Maglev,RandomForest,15919.0,17696.0,,,gan12,custom_rules,,,,8.0,0.0,0.0,17696.0,66.0,68.0,77.0,3.73,8150.0,9546.0,1721.0,0.0,1721.0,1721.0,7.0,7.0,8.0,4.07,5891.0,2768.0,3123.0,7612.0,16.0,17.0,19.0,5.12,1633.0,845.0,788.0,9245.0,5.0,6.0,6.0,6.35,2221.0,1232.0,989.0,11466.0,7.0,7.0,8.0,7.08,1555.0,733.0,822.0,13021.0,8.0,8.0,9.0,9.73,2576.0,1783.0,793.0,15597.0,8.0,8.0,11.0,10.09,2099.0,789.0,1310.0,17696.0,15.0,15.0,16.0,11.45,,,,,,,,,,,,,,,,,,,,,,,,,
c15c2ce5-c9ef-4429-8b57-144d6c02e488,2025-12-08 10:32:13 UTC,False,13152.0,CFOP,Gan 12 UI Maglev,RandomForest,7594.0,13152.0,,,gan12,custom_rules,,,,8.0,0.0,0.0,13152.0,68.0,72.0,86.0,5.17,5319.0,7833.0,1578.0,0.0,1578.0,1578.0,10.0,10.0,11.0,6.34,1616.0,750.0,866.0,3194.0,8.0,8.0,9.0,9.24,1659.0,669.0,990.0,4853.0,8.0,8.0,9.0,8.08,1519.0,508.0,1011.0,6372.0,11.0,11.0,12.0,10.88,2176.0,1402.0,774.0,8548.0,8.0,8.0,9.0,10.34,2690.0,1031.0,1659.0,11238.0,14.0,14.0,18.0,8.44,1914.0,959.0,955.0,13152.0,9.0,13.0,18.0,9.42,,,,,,,,,,,,,,,,,,,,,,,,,
8133d939-e014-4b90-b883-27ebabe6e93f,2025-12-08 10:32:48 UTC,False,19938.0,CFOP,Gan 12 UI Maglev,RandomForest,6646.0,19938.0,,,gan12,custom_rules,,,,8.0,0.0,0.0,19938.0,74.0,76.0,93.0,3.71,7517.0,12421.0,3497.0,0.0,3497.0,3497.0,8.0,8.0,11.0,2.29,2102.0,532.0,1570.0,5599.0,9.0,9.0,12.0,5.73,2904.0,1285.0,1619.0,8503.0,12.0,12.0,14.0,7.41,1112.0,629.0,483.0,9615.0,7.0,7.0,8.0,14.49,3126.0,1606.0,1520.0,12741.0,11.0,11.0,12.0,7.24,2861.0,1781.0,1080.0,15602.0,12.0,12.0,15.0,11.11,4336.0,1684.0,2652.0,19938.0,16.0,18.0,21.0,6.03,,,,,,,,,,,,,,,,,,,,,,,,,
4558c1dd-e23a-41b7-82e2-84bceae95983,2025-12-08 10:33:29 UTC,False,17263.0,CFOP,Gan 12 UI Maglev,RandomForest,14636.0,17263.0,,,gan12,custom_rules,,,,8.0,0.0,0.0,17263.0,62.0,68.0,87.0,3.59,6424.0,10839.0,734.0,0.0,734.0,734.0,4.0,4.0,4.0,5.45,971.0,322.0,649.0,1705.0,5.0,6.0,6.0,7.7,2583.0,741.0,1842.0,4288.0,11.0,11.0,12.0,5.97,3279.0,714.0,2565.0,7567.0,10.0,10.0,12.0,3.9,2263.0,1602.0,661.0,9830.0,8.0,8.0,9.0,12.1,2233.0,1282.0,951.0,12063.0,11.0,11.0,14.0,11.57,5200.0,1763.0,3437.0,17263.0,13.0,18.0,30.0,3.78,,,,,,,,,,,,,,,,,,,,,,,,,
dfd6561d-a7c0-43e5-8d0b-0006fd2e2040,2025-12-08 10:34:14 UTC,False,15886.0,CFOP,Gan 12 UI Maglev,RandomForest,11829.0,15886.0,,,gan12,custom_rules,,,,8.0,0.0,0.0,15886.0,65.0,67.0,72.0,4.09,6421.0,9465.0,2379.0,0.0,2379.0,2379.0,7.0,8.0,10.0,2.94,3119.0,1851.0,1268.0,5498.0,8.0,8.0,10.0,6.31,1731.0,725.0,1006.0,7229.0,8.0,8.0,9.0,7.95,3097.0,1508.0,1589.0,10326.0,7.0,7.0,7.0,4.41,1048.0,645.0,403.0,11374.0,8.0,8.0,8.0,19.85,1302.0,626.0,676.0,12676.0,9.0,10.0,10.0,13.31,3210.0,1066.0,2144.0,15886.0,18.0,18.0,18.0,8.4,,,,,,,,,,,,,,,,,,,,,,,,,
4239fddd-b98f-482c-8e81-15ed62ad939b,2025-12-08 10:34:49 UTC,False,18532.0,CFOP,Gan 12 UI Maglev,RandomForest,5694.0,18532.0,,,gan12,custom_rules,,,,8.0,0.0,0.0,18532.0,71.0,71.0,79.0,3.83,9440.0,9092.0,1701.0,0.0,1701.0,1701.0,6.0,6.0,8.0,3.53,3785.0,2038.0,1747.0,5486.0,12.0,12.0,13.0,6.87,1759.0,1088.0,671.0,7245.0,7.0,7.0,7.0,10.43,3602.0,2400.0,1202.0,10847.0,9.0,9.0,10.0,7.49,1870.0,1007.0,863.0,12717.0,8.0,8.0,9.0,9.27,2376.0,1176.0,1200.0,15093.0,13.0,13.0,14.0,10.83,3439.0,1731.0,1708.0,18532.0,16.0,16.0,18.0,9.37,,,,,,,,,,,,,,,,,,,,,,,,,
a64c0e7d-4a5f-4153-94cc-441ef72dbdcf,2025-12-08 10:35:23 UTC,False,17898.0,CFOP,Gan 12 UI Maglev,RandomForest,7181.0,17898.0,,,gan12,custom_rules,,,,8.0,0.0,0.0,17898.0,58.0,59.0,69.0,3.24,7475.0,10423.0,4653.0,0.0,4653.0,4653.0,8.0,8.0,13.0,1.72,2276.0,1051.0,1225.0,6929.0,8.0,8.0,8.0,6.53,1988.0,900.0,1088.0,8917.0,8.0,8.0,9.0,7.35,3329.0,2813.0,516.0,12246.0,8.0,8.0,10.0,15.5,2621.0,1436.0,1185.0,14867.0,12.0,12.0,12.0,10.13,0.0,0.0,0.0,14867.0,0.0,0.0,0.0,0.0,3031.0,1275.0,1756.0,17898.0,14.0,15.0,17.0,7.97,,,,,,,,,,,,,,,,,,,,,,,,,
2ef0c298-cee8-4f5b-bc2b-2325921a6bc5,2025-12-08 10:36:04 UTC,False,19297.0,CFOP,Gan 12 UI Maglev,RandomForest,13039.0,19297.0,,,gan12,custom_rules,,,,8.0,0.0,0.0,19297.0,87.0,87.0,91.0,4.51,8609.0,10688.0,773.0,0.0,773.0,773.0,5.0,5.0,5.0,6.47,4032.0,1774.0,2258.0,4805.0,11.0,11.0,12.0,4.87,1689.0,1004.0,685.0,6494.0,9.0,9.0,9.0,13.14,3775.0,884.0,2891.0,10269.0,19.0,19.0,20.0,6.57,2721.0,2213.0,508.0,12990.0,8.0,8.0,9.0,15.75,2346.0,871.0,1475.0,15336.0,17.0,17.0,17.0,11.53,3961.0,1863.0,2098.0,19297.0,18.0,18.0,19.0,8.58,,,,,,,,,,,,,,,,,,,,,,,,,
a5072818-0b66-43fe-b790-faa85b3acf22,2025-12-08 10:36:43 UTC,False,21939.0,CFOP,Gan 12 UI Maglev,RandomForest,8850.0,21939.0,,,gan12,custom_rules,,,,8.0,0.0,0.0,21939.0,80.0,81.0,89.0,3.65,4886.0,17053.0,11600.0,0.0,11600.0,11600.0,31.0,31.0,34.0,2.67,0.0,0.0,0.0,11600.0,0.0,0.0,0.0,0.0,0.0,0.0,0.0,11600.0,0.0,0.0,0.0,0.0,2993.0,1658.0,1335.0,14593.0,8.0,8.0,9.0,5.99,1995.0,1366.0,629.0,16588.0,8.0,8.0,8.0,12.72,2647.0,902.0,1745.0,19235.0,14.0,15.0,17.0,8.02,2704.0,960.0,1744.0,21939.0,19.0,19.0,21.0,10.89,,,,,,,,,,,,,,,,,,,,,,,,,
ef126b47-f8bf-4002-a4f9-fdad064f0d9f,2025-12-08 10:37:12 UTC,False,15077.0,CFOP,Gan 12 UI Maglev,RandomForest,6380.0,15077.0,,,gan12,custom_rules,,,,8.0,0.0,0.0,15077.0,69.0,75.0,89.0,4.58,6719.0,8358.0,1587.0,0.0,1587.0,1587.0,7.0,7.0,7.0,4.41,1969.0,1402.0,567.0,3556.0,8.0,8.0,9.0,14.11,1839.0,1219.0,620.0,5395.0,7.0,7.0,8.0,11.29,1874.0,661.0,1213.0,7269.0,9.0,10.0,10.0,7.42,1152.0,991.0,161.0,8421.0,5.0,5.0,7.0,31.06,3146.0,749.0,2397.0,11567.0,22.0,22.0,23.0,9.18,3510.0,1697.0,1813.0,15077.0,11.0,16.0,25.0,6.07,,,,,,,,,,,,,,,,,,,,,,,,,
a3925dcc-53dd-45a0-9954-15ff6cb472c3,2025-12-08 10:37:56 UTC,False,18070.0,CFOP,Gan 12 UI Maglev,RandomForest,10782.0,18070.0,,,gan12,custom_rules,,,,8.0,0.0,0.0,18070.0,69.0,70.0,79.0,3.82,5564.0,12506.0,2586.0,0.0,2586.0,2586.0,7.0,7.0,9.0,2.71,5040.0,1220.0,3820.0,7626.0,11.0,11.0,13.0,2.88,1700.0,515.0,1185.0,9326.0,8.0,8.0,9.0,6.75,2404.0,827.0,1577.0,11730.0,11.0,11.0,11.0,6.98,2164.0,862.0,1302.0,13894.0,10.0,10.0,11.0,7.68,1441.0,693.0,748.0,15335.0,7.0,7.0,8.0,9.36,2735.0,1447.0,1288.0,18070.0,15.0,16.0,18.0,11.65,,,,,,,,,,,,,,,,,,,,,,,,,
577eccc4-6468-4571-9019-3554b5b5cece,2025-12-08 10:38:36 UTC,False,16797.0,CFOP,Gan 12 UI Maglev,RandomForest,14019.0,16797.0,,,gan12,custom_rules,,,,8.0,0.0,0.0,16797.0,72.0,77.0,84.0,4.29,8758.0,8039.0,1450.0,0.0,1450.0,1450.0,7.0,7.0,7.0,4.83,4467.0,3589.0,878.0,5917.0,10.0,10.0,11.0,11.39,2001.0,781.0,1220.0,7918.0,8.0,8.0,9.0,6.56,1777.0,899.0,878.0,9695.0,9.0,10.0,10.0,10.25,1357.0,543.0,814.0,11052.0,11.0,11.0,12.0,13.51,2573.0,1429.0,1144.0,13625.0,11.0,13.0,14.0,9.62,3172.0,1517.0,1655.0,16797.0,16.0,18.0,21.0,9.67,,,,,,,,,,,,,,,,,,,,,,,,,
12ceffdf-ff61-4925-b0dd-9ff8dfc7e3bc,2025-12-08 10:39:29 UTC,False,16290.0,CFOP,Gan 12 UI Maglev,RandomForest,26512.0,16290.0,,,gan12,custom_rules,,,,8.0,0.0,0.0,16290.0,69.0,73.0,85.0,4.24,6817.0,9473.0,1048.0,0.0,1048.0,1048.0,6.0,6.0,7.0,5.73,3180.0,1056.0,2124.0,4228.0,13.0,13.0,14.0,6.12,2785.0,1746.0,1039.0,7013.0,8.0,8.0,9.0,7.7,2776.0,706.0,2070.0,9789.0,8.0,8.0,9.0,3.86,1512.0,1015.0,497.0,11301.0,8.0,8.0,8.0,16.1,2414.0,1096.0,1318.0,13715.0,17.0,17.0,18.0,12.9,2575.0,1198.0,1377.0,16290.0,9.0,13.0,20.0,6.54,,,,,,,,,,,,,,,,,,,,,,,,,
ad11b829-3ba9-43fe-b7c6-096487a84d33,2025-12-08 10:40:13 UTC,False,20673.0,CFOP,Gan 12 UI Maglev,RandomForest,14886.0,20673.0,,,gan12,custom_rules,,,,8.0,0.0,0.0,20673.0,81.0,81.0,92.0,3.92,7133.0,13540.0,4148.0,0.0,4148.0,4148.0,10.0,10.0,13.0,2.41,4875.0,2435.0,2440.0,9023.0,13.0,13.0,15.0,5.33,3646.0,788.0,2858.0,12669.0,12.0,12.0,14.0,4.2,1173.0,560.0,613.0,13842.0,6.0,6.0,8.0,9.79,1759.0,1195.0,564.0,15601.0,8.0,8.0,8.0,14.18,2054.0,949.0,1105.0,17655.0,13.0,13.0,14.0,11.76,3018.0,1206.0,1812.0,20673.0,19.0,19.0,20.0,10.49,,,,,,,,,,,,,,,,,,,,,,,,,
adbd3f46-5c4c-43f2-8241-9745348860d6,2025-12-08 10:41:03 UTC,False,24462.0,CFOP,Gan 12 UI Maglev,RandomForest,14631.0,24462.0,,,gan12,custom_rules,,,,8.0,0.0,0.0,24462.0,96.0,103.0,122.0,3.92,6975.0,17487.0,3157.0,0.0,3157.0,3157.0,8.0,8.0,10.0,2.53,1859.0,749.0,1110.0,5016.0,9.0,10.0,11.0,8.11,3538.0,588.0,2950.0,8554.0,11.0,11.0,12.0,3.73,1139.0,492.0,647.0,9693.0,8.0,8.0,10.0,12.36,3544.0,2613.0,931.0,13237.0,10.0,10.0,13.0,10.74,2420.0,1324.0,1096.0,15657.0,10.0,11.0,11.0,9.12,8805.0,1209.0,7596.0,24462.0,40.0,45.0,55.0,5.27,,,,,,,,,,,,,,,,,,,,,,,,,
d4f1b7d3-d2a0-41c9-a127-7f2305b193b8,2025-12-08 10:41:38 UTC,False,19995.0,CFOP,Gan 12 UI Maglev,RandomForest,4907.0,19995.0,,,gan12,custom_rules,,,,8.0,0.0,0.0,19995.0,68.0,70.0,78.0,3.4,10194.0,9801.0,2814.0,0.0,2814.0,2814.0,7.0,7.0,8.0,2.49,5190.0,3343.0,1847.0,8004.0,8.0,8.0,9.0,4.33,3327.0,2585.0,742.0,11331.0,7.0,8.0,9.0,9.43,2138.0,1239.0,899.0,13469.0,9.0,9.0,10.0,10.01,1281.0,459.0,822.0,14750.0,8.0,8.0,8.0,9.73,2468.0,1425.0,1043.0,17218.0,13.0,13.0,14.0,12.46,2777.0,1143.0,1634.0,19995.0,16.0,17.0,20.0,9.79,,,,,,,,,,,,,,,,,,,,,,,,,
477a04fd-5691-4e39-b616-0b1d337350cf,2025-12-08 10:42:20 UTC,False,21824.0,CFOP,Gan 12 UI Maglev,RandomForest,11830.0,21824.0,,,gan12,custom_rules,,,,8.0,0.0,0.0,21824.0,78.0,79.0,87.0,3.57,8867.0,12957.0,3573.0,0.0,3573.0,3573.0,11.0,11.0,12.0,3.08,4739.0,3756.0,983.0,8312.0,8.0,8.0,10.0,8.14,774.0,588.0,186.0,9086.0,4.0,4.0,4.0,21.51,6139.0,1524.0,4615.0,15225.0,19.0,20.0,24.0,4.12,2273.0,1403.0,870.0,17498.0,9.0,9.0,10.0,10.34,1359.0,803.0,556.0,18857.0,9.0,9.0,9.0,16.19,2967.0,793.0,2174.0,21824.0,18.0,18.0,18.0,8.28,,,,,,,,,,,,,,,,,,,,,,,,,
4aabd24a-651e-4e46-9ce0-6540b17f4c7d,2025-12-08 10:42:53 UTC,False,14764.0,CFOP,Gan 12 UI Maglev,RandomForest,8629.0,14764.0,,,gan12,custom_rules,,,,8.0,0.0,0.0,14764.0,69.0,69.0,76.0,4.67,7359.0,7309.0,1873.0,0.0,1873.0,1969.0,7.0,7.0,9.0,3.74,2905.0,2035.0,870.0,4874.0,11.0,11.0,11.0,12.64,2270.0,1755.0,515.0,7144.0,8.0,8.0,8.0,15.53,2364.0,1510.0,854.0,9508.0,8.0,8.0,9.0,9.37,1349.0,398.0,951.0,10857.0,7.0,7.0,9.0,7.36,1824.0,737.0,1087.0,12681.0,13.0,13.0,13.0,11.96,2083.0,924.0,1159.0,14764.0,15.0,15.0,17.0,12.94,,,,,,,,,,,,,,,,,,,,,,,,,
03abb044-61c1-40a2-8cee-0c4a100dc002,2025-12-08 10:43:32 UTC,False,17059.0,CFOP,Gan 12 UI Maglev,RandomForest,9427.0,17059.0,,,gan12,custom_rules,,,,8.0,0.0,0.0,17059.0,59.0,63.0,78.0,3.46,6308.0,10751.0,5431.0,0.0,5431.0,5431.0,11.0,11.0,13.0,2.03,1222.0,576.0,646.0,6653.0,6.0,6.0,9.0,9.29,1138.0,437.0,701.0,7791.0,7.0,7.0,9.0,9.99,3139.0,1832.0,1307.0,10930.0,8.0,8.0,10.0,6.12,1965.0,1443.0,522.0,12895.0,8.0,8.0,8.0,15.33,2102.0,855.0,1247.0,14997.0,12.0,12.0,12.0,9.62,2062.0,1165.0,897.0,17059.0,8.0,12.0,17.0,8.92,,,,,,,,,,,,,,,,,,,,,,,,,
ba7b81c4-de47-4c32-b773-58a2b25ac1fa,2025-12-08 10:44:07 UTC,False,15088.0,CFOP,Gan 12 UI Maglev,RandomForest,11732.0,15088.0,,,gan12,custom_rules,,,,8.0,0.0,0.0,15088.0,70.0,70.0,78.0,4.64,7187.0,7901.0,2210.0,0.0,2210.0,2210.0,7.0,7.0,10.0,3.17,2690.0,1723.0,967.0,4900.0,8.0,8.0,8.0,8.27,1972.0,779.0,1193.0,6872.0,12.0,12.0,13.0,10.06,1388.0,1050.0,338.0,8260.0,3.0,3.0,4.0,8.88,2587.0,2015.0,572.0,10847.0,9.0,9.0,9.0,15.73,1895.0,944.0,951.0,12742.0,12.0,12.0,14.0,12.62,2346.0,676.0,1670.0,15088.0,19.0,19.0,20.0,11.38,,,,,,,,,,,,,,,,,,,,,,,,,
16af72fb-a468-4717-8556-00e610862e8f,2025-12-08 10:44:51 UTC,False,18200.0,CFOP,Gan 12 UI Maglev,RandomForest,15928.0,18200.0,,,gan12,custom_rules,,,,8.0,0.0,0.0,18200.0,66.0,72.0,84.0,3.63,6505.0,11623.0,2080.0,0.0,2080.0,2152.0,9.0,9.0,10.0,4.33,4074.0,596.0,3478.0,6226.0,14.0,15.0,17.0,4.03,2861.0,641.0,2220.0,9087.0,11.0,11.0,11.0,4.95,1681.0,941.0,740.0,10768.0,8.0,8.0,8.0,10.81,2277.0,1625.0,652.0,13045.0,7.0,7.0,7.0,10.74,2139.0,1286.0,853.0,15184.0,8.0,8.0,10.0,9.38,3016.0,1416.0,1600.0,18200.0,9.0,14.0,21.0,5.63,,,,,,,,,,,,,,,,,,,,,,,,,
137d3d12-7234-4c83-9f2e-709f92c99384,2025-12-08 10:45:24 UTC,False,20030.0,CFOP,Gan 12 UI Maglev,RandomForest,4987.0,20030.0,,,gan12,custom_rules,,,,8.0,0.0,0.0,20030.0,85.0,86.0,98.0,4.24,5504.0,14526.0,1225.0,0.0,1225.0,1225.0,6.0,6.0,7.0,4.9,1956.0,752.0,1204.0,3181.0,9.0,10.0,11.0,7.48,1281.0,323.0,958.0,4462.0,8.0,8.0,8.0,8.35,5568.0,813.0,4755.0,10030.0,22.0,22.0,22.0,4.63,3512.0,943.0,2569.0,13542.0,11.0,11.0,16.0,4.28,3312.0,1056.0,2256.0,16854.0,18.0,18.0,19.0,7.98,3176.0,1617.0,1559.0,20030.0,11.0,11.0,15.0,7.06,,,,,,,,,,,,,,,,,,,,,,,,,
a72971c0-383e-47b0-a54f-ec12337069ac,2025-12-08 10:45:53 UTC,False,14482.0,CFOP,Gan 12 UI Maglev,RandomForest,6667.0,14482.0,,,gan12,custom_rules,,,,8.0,0.0,0.0,14482.0,62.0,64.0,76.0,4.28,6422.0,7963.0,1421.0,0.0,1421.0,1518.0,4.0,5.0,8.0,2.81,1563.0,1192.0,371.0,3081.0,4.0,4.0,4.0,10.78,1337.0,596.0,741.0,4418.0,8.0,8.0,10.0,10.8,3849.0,2035.0,1814.0,8267.0,16.0,17.0,18.0,8.82,1351.0,465.0,886.0,9618.0,8.0,8.0,8.0,9.03,1566.0,850.0,716.0,11184.0,8.0,8.0,9.0,11.17,3298.0,1284.0,2014.0,14482.0,14.0,14.0,19.0,6.95,,,,,,,,,,,,,,,,,,,,,,,,,
ae10070a-dda4-4290-b407-017c0cd24c09,2025-12-08 10:46:31 UTC,False,16063.0,CFOP,Gan 12 UI Maglev,RandomForest,12880.0,16063.0,,,gan12,custom_rules,,,,8.0,0.0,0.0,16063.0,59.0,60.0,67.0,3.67,7766.0,8297.0,3842.0,0.0,3842.0,3842.0,8.0,8.0,9.0,2.08,1669.0,1386.0,283.0,5511.0,4.0,4.0,4.0,14.13,1578.0,1064.0,514.0,7089.0,6.0,7.0,8.0,11.67,3644.0,2294.0,1350.0,10733.0,9.0,9.0,11.0,6.67,1911.0,1193.0,718.0,12644.0,12.0,12.0,13.0,16.71,1502.0,870.0,632.0,14146.0,6.0,6.0,6.0,9.49,1917.0,959.0,958.0,16063.0,14.0,14.0,16.0,14.61,,,,,,,,,,,,,,,,,,,,,,,,,
28d01742-4f24-4b93-9a2f-af0d4c68f9cf,2025-12-08 10:47:53 UTC,False,22823.0,CFOP,Gan 12 UI Maglev,RandomForest,6357.0,22823.0,,,gan12,custom_rules,,,,8.0,0.0,0.0,22823.0,70.0,76.0,88.0,3.07,9506.0,13317.0,1997.0,0.0,1997.0,1997.0,6.0,7.0,7.0,3.0,2749.0,1475.0,1274.0,4746.0,8.0,8.0,10.0,6.28,7379.0,4122.0,3257.0,12125.0,7.0,7.0,7.0,2.15,2166.0,1217.0,949.0,14291.0,7.0,7.0,7.0,7.38,1095.0,581.0,514.0,15386.0,5.0,5.0,5.0,9.73,2376.0,975.0,1401.0,17762.0,13.0,13.0,15.0,9.28,5061.0,1136.0,3925.0,22823.0,24.0,29.0,37.0,6.11,,,,,,,,,,,,,,,,,,,,,,,,,
730a36ab-949d-474e-9370-6eb1e77f20c9,2025-12-08 10:48:45 UTC,False,18585.0,CFOP,Gan 12 UI Maglev,RandomForest,5482.0,18585.0,,,gan12,custom_rules,,,,8.0,0.0,0.0,18585.0,49.0,49.0,53.0,2.64,11676.0,6909.0,1552.0,0.0,1552.0,1552.0,5.0,5.0,5.0,3.22,3205.0,2996.0,209.0,4757.0,4.0,4.0,4.0,19.14,1918.0,1716.0,202.0,6675.0,3.0,3.0,3.0,14.85,5128.0,3127.0,2001.0,11803.0,11.0,11.0,11.0,5.5,1652.0,1345.0,307.0,13455.0,3.0,3.0,4.0,9.77,2815.0,1532.0,1283.0,16270.0,8.0,8.0,10.0,6.24,2315.0,960.0,1355.0,18585.0,15.0,15.0,16.0,11.07,,,,,,,,,,,,,,,,,,,,,,,,,
5f1fa5cc-d86f-431f-90de-c4a32d0d4936,2025-12-08 10:49:34 UTC,False,24552.0,CFOP,Gan 12 UI Maglev,RandomForest,11045.0,24552.0,,,gan12,custom_rules,,,,8.0,0.0,0.0,24552.0,73.0,75.0,84.0,2.97,9196.0,15356.0,7520.0,0.0,7520.0,7520.0,13.0,14.0,18.0,1.73,2875.0,1789.0,1086.0,10395.0,7.0,7.0,8.0,6.45,4368.0,2193.0,2175.0,14763.0,11.0,11.0,12.0,5.06,1847.0,1541.0,306.0,16610.0,4.0,4.0,6.0,13.07,2292.0,1245.0,1047.0,18902.0,12.0,12.0,12.0,11.46,2568.0,1052.0,1516.0,21470.0,9.0,10.0,10.0,5.94,3082.0,1376.0,1706.0,24552.0,17.0,17.0,18.0,9.96,,,,,,,,,,,,,,,,,,,,,,,,,
afb38b9c-bde7-4ad7-b4d1-25434e590525,2025-12-08 10:50:13 UTC,False,17802.0,CFOP,Gan 12 UI Maglev,RandomForest,10180.0,17802.0,,,gan12,custom_rules,,,,8.0,0.0,0.0,17802.0,69.0,71.0,83.0,3.88,6869.0,10933.0,1497.0,0.0,1497.0,1497.0,6.0,6.0,8.0,4.01,3595.0,490.0,3105.0,5092.0,12.0,13.0,15.0,3.86,3214.0,883.0,2331.0,8306.0,13.0,13.0,13.0,5.58,2908.0,1934.0,974.0,11214.0,8.0,8.0,10.0,8.21,2167.0,1258.0,909.0,13381.0,7.0,7.0,8.0,7.7,1904.0,1162.0,742.0,15285.0,8.0,8.0,10.0,10.78,2517.0,1142.0,1375.0,17802.0,15.0,16.0,19.0,10.91,,,,,,,,,,,,,,,,,,,,,,,,,
228aa928-6e0d-4857-ab06-e4a1918a25ad,2025-12-08 10:51:01 UTC,False,29351.0,CFOP,Gan 12 UI Maglev,RandomForest,9423.0,29351.0,,,gan12,custom_rules,,,,8.0,0.0,0.0,29351.0,79.0,80.0,93.0,2.69,5813.0,23538.0,14961.0,0.0,14961.0,14961.0,24.0,24.0,30.0,1.6,0.0,0.0,0.0,14961.0,0.0,0.0,0.0,0.0,2498.0,976.0,1522.0,17459.0,8.0,8.0,10.0,5.26,5628.0,2539.0,3089.0,23087.0,15.0,15.0,16.0,4.86,1365.0,310.0,1055.0,24452.0,7.0,7.0,7.0,6.64,1555.0,741.0,814.0,26007.0,8.0,8.0,9.0,9.83,3344.0,1247.0,2097.0,29351.0,17.0,18.0,21.0,8.11,,,,,,,,,,,,,,,,,,,,,,,,,
5457acae-72c1-4dbf-8fd8-faa6d78e6f7c,2025-12-08 10:51:50 UTC,False,22263.0,CFOP,Gan 12 UI Maglev,RandomForest,13421.0,22263.0,,,gan12,custom_rules,,,,8.0,0.0,0.0,22263.0,74.0,77.0,86.0,3.32,6527.0,15736.0,3996.0,0.0,3996.0,3996.0,9.0,9.0,11.0,2.25,5213.0,717.0,4496.0,9209.0,14.0,14.0,16.0,3.11,2567.0,554.0,2013.0,11776.0,10.0,10.0,11.0,4.97,2414.0,1286.0,1128.0,14190.0,8.0,8.0,10.0,7.09,2604.0,1750.0,854.0,16794.0,8.0,8.0,8.0,9.37,2589.0,1253.0,1336.0,19383.0,10.0,11.0,11.0,7.49,2880.0,967.0,1913.0,22263.0,15.0,17.0,19.0,7.84,,,,,,,,,,,,,,,,,,,,,,,,,
30039fe3-50a0-45c6-b59e-519872421ca9,2025-12-08 10:52:38 UTC,False,16368.0,CFOP,Gan 12 UI Maglev,RandomForest,22676.0,16368.0,,,gan12,custom_rules,,,,8.0,0.0,0.0,16368.0,66.0,66.0,72.0,4.03,6855.0,9513.0,3872.0,0.0,3872.0,3872.0,13.0,13.0,14.0,3.36,0.0,0.0,0.0,3872.0,0.0,0.0,0.0,0.0,2928.0,2315.0,613.0,6800.0,6.0,6.0,7.0,9.79,2680.0,1544.0,1136.0,9480.0,8.0,8.0,9.0,7.04,1535.0,1011.0,524.0,11015.0,8.0,8.0,9.0,15.27,2459.0,1317.0,1142.0,13474.0,13.0,13.0,14.0,11.38,2894.0,668.0,2226.0,16368.0,18.0,18.0,19.0,8.09,,,,,,,,,,,,,,,,,,,,,,,,,
6e2a9e94-2174-4403-adaf-f9dd8eebfdd7,2025-12-08 10:53:44 UTC,False,17007.0,CFOP,Gan 12 UI Maglev,RandomForest,38277.0,17007.0,,,gan12,custom_rules,,,,8.0,0.0,0.0,17007.0,70.0,71.0,79.0,4.12,6154.0,10853.0,3412.0,0.0,3412.0,3412.0,9.0,9.0,10.0,2.64,1532.0,678.0,854.0,4944.0,5.0,5.0,6.0,5.85,1205.0,899.0,306.0,6149.0,4.0,4.0,5.0,13.07,2449.0,1128.0,1321.0,8598.0,10.0,11.0,12.0,7.57,2051.0,790.0,1261.0,10649.0,8.0,8.0,10.0,6.34,2985.0,1321.0,1664.0,13634.0,16.0,16.0,17.0,9.62,3373.0,1338.0,2035.0,17007.0,18.0,18.0,19.0,8.85,,,,,,,,,,,,,,,,,,,,,,,,,
3417d7f4-7669-4e0e-a84f-4bd8fc0d24a6,2025-12-08 10:54:11 UTC,False,13132.0,CFOP,Gan 12 UI Maglev,RandomForest,5408.0,13132.0,,,gan12,custom_rules,,,,8.0,0.0,0.0,13132.0,54.0,60.0,72.0,4.11,5016.0,8116.0,2492.0,0.0,2492.0,2492.0,6.0,6.0,7.0,2.41,1023.0,734.0,289.0,3515.0,4.0,4.0,4.0,13.84,2085.0,1041.0,1044.0,5600.0,8.0,8.0,8.0,7.66,1957.0,877.0,1080.0,7557.0,8.0,8.0,9.0,7.41,871.0,347.0,524.0,8428.0,6.0,7.0,7.0,11.45,1856.0,873.0,983.0,10284.0,12.0,12.0,13.0,12.21,2848.0,1144.0,1704.0,13132.0,10.0,15.0,24.0,5.87,,,,,,,,,,,,,,,,,,,,,,,,,
c36fecff-0157-47f4-b408-b1c7a5bab435,2025-12-08 10:54:46 UTC,False,20290.0,CFOP,Gan 12 UI Maglev,RandomForest,4387.0,20290.0,,,gan12,custom_rules,,,,8.0,0.0,0.0,20290.0,57.0,61.0,74.0,2.81,11725.0,8565.0,2308.0,0.0,2308.0,2308.0,8.0,8.0,11.0,3.47,5475.0,4620.0,855.0,7783.0,8.0,8.0,8.0,9.36,3886.0,2200.0,1686.0,11669.0,7.0,7.0,8.0,4.15,2705.0,1624.0,1081.0,14374.0,8.0,8.0,10.0,7.4,2196.0,1276.0,920.0,16570.0,9.0,9.0,9.0,9.78,1415.0,802.0,613.0,17985.0,8.0,8.0,9.0,13.05,2305.0,1203.0,1102.0,20290.0,9.0,13.0,19.0,8.17,,,,,,,,,,,,,,,,,,,,,,,,,
fb429055-6d9c-489f-b8c1-7921e9de5380,2025-12-08 10:55:19 UTC,False,17490.0,CFOP,Gan 12 UI Maglev,RandomForest,7112.0,17490.0,,,gan12,custom_rules,,,,8.0,0.0,0.0,17490.0,63.0,63.0,71.0,3.6,9015.0,8475.0,2210.0,0.0,2210.0,2210.0,8.0,8.0,9.0,3.62,3641.0,2424.0,1217.0,5851.0,7.0,7.0,7.0,5.75,2618.0,1636.0,982.0,8469.0,8.0,8.0,10.0,8.15,1806.0,1573.0,233.0,10275.0,5.0,5.0,7.0,21.46,1353.0,612.0,741.0,11628.0,8.0,8.0,8.0,10.8,3123.0,1369.0,1754.0,14751.0,16.0,16.0,16.0,9.12,2739.0,1401.0,1338.0,17490.0,11.0,11.0,14.0,8.22,,,,,,,,,,,,,,,,,,,,,,,,,
2bb61868-bd29-49df-aaed-2485e9b68cd9,2025-12-08 10:56:01 UTC,False,15348.0,CFOP,Gan 12 UI Maglev,RandomForest,17032.0,15348.0,,,gan12,custom_rules,,,,8.0,0.0,0.0,15348.0,56.0,58.0,65.0,3.65,3488.0,11860.0,5732.0,0.0,5732.0,5732.0,15.0,15.0,16.0,2.62,0.0,0.0,0.0,5732.0,0.0,0.0,0.0,0.0,4081.0,634.0,3447.0,9813.0,10.0,10.0,12.0,2.9,886.0,580.0,306.0,10699.0,4.0,4.0,4.0,13.07,532.0,395.0,137.0,11231.0,4.0,4.0,4.0,29.2,1383.0,762.0,621.0,12614.0,8.0,8.0,9.0,12.88,2734.0,1117.0,1617.0,15348.0,15.0,17.0,20.0,9.28,,,,,,,,,,,,,,,,,,,,,,,,,
b6525fc9-7756-4d71-aa80-76c8e29d6661,2025-12-08 10:56:32 UTC,False,14480.0,CFOP,Gan 12 UI Maglev,RandomForest,4403.0,14480.0,,,gan12,custom_rules,,,,8.0,0.0,0.0,14480.0,60.0,65.0,79.0,4.14,5912.0,8568.0,935.0,0.0,935.0,935.0,4.0,4.0,6.0,4.28,1667.0,507.0,1160.0,2602.0,10.0,11.0,12.0,8.62,3207.0,1477.0,1730.0,5809.0,9.0,9.0,11.0,5.2,1509.0,637.0,872.0,7318.0,8.0,8.0,9.0,9.17,1703.0,1212.0,491.0,9021.0,8.0,8.0,8.0,16.29,2358.0,990.0,1368.0,11379.0,12.0,12.0,14.0,8.77,3101.0,1089.0,2012.0,14480.0,9.0,13.0,19.0,4.47,,,,,,,,,,,,,,,,,,,,,,,,,
ead85c45-3c04-4a67-bdb8-25484d995ff8,2025-12-08 10:57:11 UTC,False,22983.0,CFOP,Gan 12 UI Maglev,RandomForest,6231.0,22983.0,,,gan12,custom_rules,,,,8.0,0.0,0.0,22983.0,71.0,79.0,89.0,3.09,9556.0,13427.0,1449.0,0.0,1449.0,1449.0,6.0,6.0,7.0,4.14,5554.0,3196.0,2358.0,7003.0,14.0,15.0,16.0,5.94,1617.0,556.0,1061.0,8620.0,9.0,10.0,10.0,8.48,2370.0,1455.0,915.0,10990.0,3.0,3.0,3.0,3.28,2444.0,2056.0,388.0,13434.0,4.0,4.0,4.0,10.31,1871.0,1040.0,831.0,15305.0,8.0,8.0,10.0,9.63,7678.0,1253.0,6425.0,22983.0,27.0,33.0,39.0,4.2,,,,,,,,,,,,,,,,,,,,,,,,,
6f0a4a97-7a66-4595-ab0a-804e7cc5bd51,2025-12-08 10:57:43 UTC,False,16018.0,CFOP,Gan 12 UI Maglev,RandomForest,5725.0,16018.0,,,gan12,custom_rules,,,,8.0,0.0,0.0,16018.0,74.0,75.0,84.0,4.62,4973.0,11045.0,1780.0,0.0,1780.0,1780.0,8.0,8.0,9.0,4.49,4114.0,1385.0,2729.0,5894.0,13.0,13.0,14.0,4.76,2203.0,355.0,1848.0,8097.0,11.0,11.0,12.0,5.95,1671.0,500.0,1171.0,9768.0,8.0,8.0,10.0,6.83,1279.0,387.0,892.0,11047.0,7.0,7.0,7.0,7.85,1928.0,750.0,1178.0,12975.0,11.0,11.0,12.0,9.34,3043.0,1596.0,1447.0,16018.0,16.0,17.0,20.0,11.06,,,,,,,,,,,,,,,,,,,,,,,,,
4cc0e8c1-ca31-4ed4-b40c-3ae6abf4df32,2025-12-08 10:58:23 UTC,False,22816.0,CFOP,Gan 12 UI Maglev,RandomForest,8031.0,22816.0,,,gan12,custom_rules,,,,8.0,0.0,0.0,22816.0,87.0,88.0,98.0,3.81,7005.0,15811.0,7346.0,0.0,7346.0,7346.0,24.0,24.0,27.0,3.27,0.0,0.0,0.0,7346.0,0.0,0.0,0.0,0.0,3690.0,2362.0,1328.0,11036.0,8.0,8.0,9.0,6.02,2139.0,975.0,1164.0,13175.0,8.0,8.0,9.0,6.87,1989.0,1489.0,500.0,15164.0,8.0,8.0,9.0,16.0,2180.0,1350.0,830.0,17344.0,7.0,7.0,8.0,8.43,5472.0,829.0,4643.0,22816.0,32.0,33.0,36.0,6.89,,,,,,,,,,,,,,,,,,,,,,,,,
cc5e75b0-097d-419e-b325-41edfeb9a979,2025-12-08 10:59:12 UTC,False,15052.0,CFOP,Gan 12 UI Maglev,RandomForest,20859.0,15052.0,,,gan12,custom_rules,,,,8.0,0.0,0.0,15052.0,61.0,63.0,72.0,4.05,5226.0,9826.0,4231.0,0.0,4231.0,4231.0,6.0,6.0,8.0,1.42,893.0,498.0,395.0,5124.0,4.0,4.0,4.0,10.13,1466.0,484.0,982.0,6590.0,6.0,7.0,8.0,6.11,975.0,257.0,718.0,7565.0,8.0,8.0,9.0,11.14,2349.0,1777.0,572.0,9914.0,8.0,8.0,9.0,13.99,1998.0,742.0,1256.0,11912.0,13.0,13.0,14.0,10.35,3140.0,1468.0,1672.0,15052.0,16.0,17.0,20.0,9.57,,,,,,,,,,,,,,,,,,,,,,,,,
69f0350f-a08e-47f6-9bd0-2af542874910,2025-12-08 10:59:44 UTC,False,16023.0,CFOP,Gan 12 UI Maglev,RandomForest,7134.0,16023.0,,,gan12,custom_rules,,,,8.0,0.0,0.0,16023.0,57.0,58.0,64.0,3.56,7488.0,8462.0,1910.0,0.0,1910.0,1983.0,7.0,7.0,8.0,3.66,3400.0,2042.0,1358.0,5383.0,11.0,11.0,12.0,8.1,2474.0,781.0,1693.0,7857.0,7.0,7.0,7.0,4.13,2206.0,1376.0,830.0,10063.0,6.0,7.0,8.0,7.23,1385.0,869.0,516.0,11448.0,8.0,8.0,8.0,15.5,1721.0,701.0,1020.0,13169.0,9.0,9.0,9.0,8.82,2854.0,1719.0,1135.0,16023.0,9.0,9.0,12.0,7.93,,,,,,,,,,,,,,,,,,,,,,,,,
64b67829-fb78-4a6f-ac4b-ef9030ce04c1,2025-12-08 11:00:22 UTC,False,16569.0,CFOP,Gan 12 UI Maglev,RandomForest,6230.0,16569.0,,,gan12,custom_rules,,,,8.0,0.0,0.0,16569.0,63.0,65.0,77.0,3.8,7638.0,8882.0,2857.0,0.0,2857.0,2906.0,7.0,8.0,11.0,2.45,1220.0,1058.0,162.0,4126.0,4.0,4.0,4.0,24.69,2768.0,1665.0,1103.0,6894.0,8.0,8.0,11.0,7.25,3334.0,2072.0,1262.0,10228.0,8.0,8.0,10.0,6.34,1772.0,620.0,1152.0,12000.0,12.0,12.0,13.0,10.42,2054.0,1232.0,822.0,14054.0,9.0,9.0,10.0,10.95,2515.0,991.0,1524.0,16569.0,15.0,16.0,18.0,9.84,,,,,,,,,,,,,,,,,,,,,,,,,
415ffeb2-d62f-4a58-8f55-6ec531f976d6,2025-12-08 11:01:00 UTC,False,15815.0,CFOP,Gan 12 UI Maglev,RandomForest,12474.0,15815.0,,,gan12,custom_rules,,,,8.0,0.0,0.0,15815.0,78.0,83.0,92.0,4.93,5004.0,10811.0,2568.0,0.0,2568.0,2568.0,9.0,10.0,10.0,3.5,2539.0,1290.0,1249.0,5107.0,12.0,12.0,13.0,9.61,1147.0,381.0,766.0,6254.0,12.0,12.0,12.0,15.67,1357.0,745.0,612.0,7611.0,7.0,7.0,7.0,11.44,1207.0,396.0,811.0,8818.0,7.0,7.0,8.0,8.63,2240.0,1112.0,1128.0,11058.0,11.0,13.0,14.0,9.75,4757.0,1080.0,3677.0,15815.0,21.0,23.0,28.0,5.71,,,,,,,,,,,,,,,,,,,,,,,,,
bac3eb7d-36a6-428f-9a1f-6eb06ccd6533,2025-12-08 11:01:34 UTC,False,16480.0,CFOP,Gan 12 UI Maglev,RandomForest,7861.0,16480.0,,,gan12,custom_rules,,,,8.0,0.0,0.0,16480.0,58.0,58.0,68.0,3.52,8658.0,7822.0,1641.0,0.0,1641.0,1641.0,5.0,5.0,6.0,3.05,1650.0,951.0,699.0,3291.0,8.0,8.0,9.0,11.44,3334.0,1802.0,1532.0,6625.0,9.0,9.0,10.0,5.87,2615.0,1744.0,871.0,9240.0,8.0,8.0,10.0,9.18,1902.0,1628.0,274.0,11142.0,5.0,5.0,6.0,18.25,2330.0,1215.0,1115.0,13472.0,12.0,12.0,13.0,10.76,3008.0,1318.0,1690.0,16480.0,11.0,11.0,14.0,6.51,,,,,,,,,,,,,,,,,,,,,,,,,
fecb75f1-d71e-4316-b669-6fc7fc9591ef,2025-12-08 11:02:06 UTC,False,18328.0,CFOP,Gan 12 UI Maglev,RandomForest,5927.0,18328.0,,,gan12,custom_rules,,,,8.0,0.0,0.0,18328.0,66.0,67.0,79.0,3.6,9654.0,8674.0,1998.0,0.0,1998.0,1998.0,6.0,6.0,7.0,3.0,3215.0,2643.0,572.0,5213.0,8.0,8.0,9.0,13.99,3053.0,2272.0,781.0,8266.0,8.0,8.0,10.0,10.24,2698.0,1675.0,1023.0,10964.0,6.0,6.0,8.0,5.87,1498.0,524.0,974.0,12462.0,7.0,7.0,7.0,7.19,2360.0,1232.0,1128.0,14822.0,13.0,13.0,15.0,11.52,3506.0,1308.0,2198.0,18328.0,19.0,20.0,23.0,8.64,,,,,,,,,,,,,,,,,,,,,,,,,
39f263ed-6454-4fbe-a45a-c950402a4f82,2025-12-08 11:02:37 UTC,False,16373.0,CFOP,Gan 12 UI Maglev,RandomForest,5880.0,16373.0,,,gan12,custom_rules,,,,8.0,0.0,0.0,16373.0,67.0,69.0,78.0,4.09,8939.0,7434.0,951.0,0.0,951.0,951.0,5.0,5.0,5.0,5.26,2675.0,1457.0,1218.0,3626.0,8.0,8.0,9.0,6.57,2487.0,1402.0,1085.0,6113.0,7.0,7.0,7.0,6.45,1849.0,931.0,918.0,7962.0,12.0,12.0,13.0,13.07,2238.0,1690.0,548.0,10200.0,8.0,8.0,9.0,14.6,1724.0,878.0,846.0,11924.0,10.0,11.0,11.0,11.82,4449.0,2581.0,1868.0,16373.0,17.0,18.0,24.0,9.1,,,,,,,,,,,,,,,,,,,,,,,,,
0428f039-bcaf-443b-b32f-af8ce9186a4d,2025-12-08 11:03:24 UTC,False,17145.0,CFOP,Gan 12 UI Maglev,RandomForest,19843.0,17145.0,,,gan12,custom_rules,,,,8.0,0.0,0.0,17145.0,67.0,71.0,82.0,3.91,5955.0,11190.0,1732.0,0.0,1732.0,1732.0,7.0,7.0,9.0,4.04,2034.0,1031.0,1003.0,3766.0,5.0,5.0,6.0,4.99,3972.0,612.0,3360.0,7738.0,15.0,15.0,15.0,4.46,2902.0,1069.0,1833.0,10640.0,10.0,10.0,12.0,5.46,1823.0,1160.0,663.0,12463.0,9.0,9.0,9.0,13.57,2516.0,1034.0,1482.0,14979.0,14.0,14.0,14.0,9.45,2166.0,1049.0,1117.0,17145.0,8.0,12.0,17.0,7.16,,,,,,,,,,,,,,,,,,,,,,,,,
2089cd29-8287-4878-8a1c-c98dfdc6e12f,2025-12-08 11:03:56 UTC,False,18372.0,CFOP,Gan 12 UI Maglev,RandomForest,5185.0,18372.0,,,gan12,custom_rules,,,,8.0,0.0,0.0,18372.0,71.0,72.0,84.0,3.86,7718.0,10654.0,1573.0,0.0,1573.0,1573.0,6.0,6.0,7.0,3.81,3071.0,2079.0,992.0,4644.0,9.0,9.0,12.0,9.07,2702.0,396.0,2306.0,7346.0,12.0,12.0,14.0,5.2,2922.0,201.0,2721.0,10268.0,11.0,11.0,13.0,4.04,2303.0,2182.0,121.0,12571.0,5.0,5.0,5.0,41.32,2317.0,1430.0,887.0,14888.0,11.0,11.0,11.0,12.4,3484.0,1430.0,2054.0,18372.0,18.0,19.0,22.0,8.76,,,,,,,,,,,,,,,,,,,,,,,,,
543d6180-e27a-4b12-af4c-b470d40ad3a4,2025-12-08 11:04:35 UTC,False,22579.0,CFOP,Gan 12 UI Maglev,RandomForest,7331.0,22579.0,,,gan12,custom_rules,,,,8.0,0.0,0.0,22579.0,82.0,83.0,89.0,3.63,7796.0,14783.0,1513.0,0.0,1513.0,1513.0,8.0,8.0,8.0,5.29,4432.0,1063.0,3369.0,5945.0,12.0,12.0,13.0,3.56,1659.0,766.0,893.0,7604.0,7.0,7.0,8.0,7.84,2618.0,652.0,1966.0,10222.0,9.0,9.0,10.0,4.58,7765.0,2976.0,4789.0,17987.0,21.0,21.0,22.0,4.39,2690.0,1499.0,1191.0,20677.0,13.0,13.0,13.0,10.92,1902.0,840.0,1062.0,22579.0,12.0,13.0,15.0,11.3,,,,,,,,,,,,,,,,,,,,,,,,,
4decf2aa-09ed-4bf2-bd2c-f1a20e855311,2025-12-08 11:06:21 UTC,False,16147.0,CFOP,Gan 12 UI Maglev,RandomForest,6274.0,16147.0,,,gan12,custom_rules,,,,8.0,0.0,0.0,16147.0,68.0,68.0,75.0,4.21,5498.0,10649.0,2200.0,0.0,2200.0,2200.0,6.0,6.0,6.0,2.73,1749.0,411.0,1338.0,3949.0,7.0,7.0,9.0,5.23,4171.0,1087.0,3084.0,8120.0,9.0,9.0,10.0,2.92,1322.0,573.0,749.0,9442.0,8.0,8.0,10.0,10.68,1706.0,1046.0,660.0,11148.0,8.0,8.0,8.0,12.12,1927.0,814.0,1113.0,13075.0,13.0,13.0,13.0,11.68,3072.0,1567.0,1505.0,16147.0,17.0,17.0,19.0,11.3,,,,,,,,,,,,,,,,,,,,,,,,,
cd6c1f28-aa67-4ba7-a9ba-eea3d6ee9ab7,2025-12-08 11:07:05 UTC,False,17053.0,CFOP,Gan 12 UI Maglev,RandomForest,15873.0,17053.0,,,gan12,custom_rules,,,,8.0,0.0,0.0,17053.0,75.0,77.0,88.0,4.4,4897.0,12156.0,2996.0,0.0,2996.0,2996.0,7.0,7.0,9.0,2.34,3022.0,437.0,2585.0,6018.0,14.0,14.0,14.0,5.42,2685.0,290.0,2395.0,8703.0,11.0,11.0,16.0,4.59,3246.0,1803.0,1443.0,11949.0,8.0,8.0,10.0,5.54,951.0,371.0,580.0,12900.0,8.0,8.0,10.0,13.79,1596.0,870.0,726.0,14496.0,10.0,11.0,11.0,13.77,2557.0,1126.0,1431.0,17053.0,18.0,18.0,18.0,12.58,,,,,,,,,,,,,,,,,,,,,,,,,
d76d54f2-2f85-4700-af31-a66a00f05556,2025-12-08 11:07:32 UTC,False,14370.0,CFOP,Gan 12 UI Maglev,RandomForest,4533.0,14370.0,,,gan12,custom_rules,,,,8.0,0.0,0.0,14370.0,65.0,66.0,71.0,4.52,6506.0,7864.0,1169.0,0.0,1169.0,1169.0,4.0,5.0,5.0,3.42,3144.0,2325.0,819.0,4313.0,9.0,9.0,9.0,10.99,2055.0,910.0,1145.0,6368.0,8.0,8.0,8.0,6.99,1795.0,796.0,999.0,8163.0,12.0,12.0,12.0,12.01,1611.0,1048.0,563.0,9774.0,7.0,7.0,7.0,12.43,1354.0,702.0,652.0,11128.0,7.0,7.0,8.0,10.74,3242.0,725.0,2517.0,14370.0,19.0,19.0,22.0,7.55,,,,,,,,,,,,,,,,,,,,,,,,,
8e6742d3-0d6d-4999-bea9-6152c8834990,2025-12-08 11:08:06 UTC,False,14009.0,CFOP,Gan 12 UI Maglev,RandomForest,8484.0,14009.0,,,gan12,custom_rules,,,,8.0,0.0,0.0,14009.0,54.0,54.0,60.0,3.85,6438.0,7571.0,4545.0,0.0,4545.0,4545.0,13.0,13.0,14.0,2.86,0.0,0.0,0.0,4545.0,0.0,0.0,0.0,0.0,2880.0,2631.0,249.0,7425.0,3.0,3.0,3.0,12.05,403.0,266.0,137.0,7828.0,4.0,4.0,4.0,29.2,1633.0,1504.0,129.0,9461.0,5.0,5.0,6.0,38.76,2120.0,1274.0,846.0,11581.0,12.0,12.0,13.0,14.18,2428.0,763.0,1665.0,14009.0,17.0,17.0,20.0,10.21,,,,,,,,,,,,,,,,,,,,,,,,,
2c4635ad-ff11-45cf-b4ac-6e70cf1a624a,2025-12-08 11:08:35 UTC,False,13067.0,CFOP,Gan 12 UI Maglev,RandomForest,4626.0,13067.0,,,gan12,custom_rules,,,,8.0,0.0,0.0,13067.0,63.0,66.0,74.0,4.82,5775.0,7292.0,846.0,0.0,846.0,846.0,5.0,6.0,6.0,5.91,1803.0,852.0,951.0,2649.0,9.0,10.0,10.0,9.46,2132.0,939.0,1193.0,4781.0,7.0,7.0,7.0,5.87,1259.0,702.0,557.0,6040.0,7.0,7.0,8.0,12.57,2000.0,1170.0,830.0,8040.0,8.0,8.0,8.0,9.64,2021.0,788.0,1233.0,10061.0,10.0,10.0,13.0,8.11,3006.0,1324.0,1682.0,13067.0,18.0,19.0,22.0,10.7,,,,,,,,,,,,,,,,,,,,,,,,,
cbd61668-e39f-4b8a-9732-4f9a85aede63,2025-12-08 11:09:07 UTC,False,19374.0,CFOP,Gan 12 UI Maglev,RandomForest,3736.0,19374.0,,,gan12,custom_rules,,,,8.0,0.0,0.0,19374.0,70.0,71.0,76.0,3.61,4990.0,14384.0,2696.0,0.0,2696.0,2696.0,7.0,7.0,9.0,2.6,3064.0,1760.0,1304.0,5760.0,10.0,10.0,10.0,7.67,3637.0,469.0,3168.0,9397.0,14.0,14.0,14.0,4.42,4844.0,256.0,4588.0,14241.0,11.0,11.0,11.0,2.4,0.0,0.0,0.0,14241.0,0.0,0.0,0.0,0.0,2664.0,1278.0,1386.0,16905.0,14.0,14.0,16.0,10.1,2469.0,1227.0,1242.0,19374.0,15.0,15.0,16.0,12.08,,,,,,,,,,,,,,,,,,,,,,,,,
fba0187b-4b8f-4364-a1b8-96b0df5541ff,2025-12-08 11:09:51 UTC,False,17512.0,CFOP,Gan 12 UI Maglev,RandomForest,11711.0,17512.0,,,gan12,custom_rules,,,,8.0,0.0,0.0,17512.0,65.0,66.0,71.0,3.71,6249.0,11263.0,2784.0,0.0,2784.0,2784.0,10.0,10.0,11.0,3.59,2654.0,1542.0,1112.0,5438.0,6.0,7.0,7.0,5.4,1364.0,242.0,1122.0,6802.0,7.0,7.0,7.0,6.24,3203.0,1745.0,1458.0,10005.0,10.0,10.0,11.0,6.86,1754.0,618.0,1136.0,11759.0,8.0,8.0,9.0,7.04,1899.0,843.0,1056.0,13658.0,9.0,9.0,9.0,8.52,3854.0,1259.0,2595.0,17512.0,15.0,15.0,17.0,5.78,,,,,,,,,,,,,,,,,,,,,,,,,
81be1944-e594-4921-a370-6666a3541284,2025-12-08 11:10:30 UTC,False,22075.0,CFOP,Gan 12 UI Maglev,RandomForest,7242.0,22075.0,,,gan12,custom_rules,,,,8.0,0.0,0.0,22075.0,85.0,89.0,105.0,3.85,6860.0,15087.0,2132.0,0.0,2132.0,2260.0,7.0,7.0,10.0,3.28,3132.0,1385.0,1747.0,5392.0,9.0,9.0,10.0,5.15,3502.0,386.0,3116.0,8894.0,17.0,17.0,18.0,5.46,3786.0,1167.0,2619.0,12680.0,11.0,11.0,12.0,4.2,2179.0,1526.0,653.0,14859.0,8.0,8.0,8.0,12.25,4848.0,1317.0,3531.0,19707.0,24.0,24.0,27.0,6.8,2368.0,1079.0,1289.0,22075.0,9.0,13.0,20.0,6.98,,,,,,,,,,,,,,,,,,,,,,,,,
5af7f3e2-a3b1-46b1-8bcb-cd60f505e772,2025-12-08 11:11:05 UTC,False,20297.0,CFOP,Gan 12 UI Maglev,RandomForest,6041.0,20297.0,,,gan12,custom_rules,,,,8.0,0.0,0.0,20297.0,72.0,73.0,83.0,3.55,6262.0,14035.0,4223.0,0.0,4223.0,4223.0,8.0,8.0,9.0,1.89,3279.0,709.0,2570.0,7502.0,11.0,11.0,12.0,4.28,2808.0,1254.0,1554.0,10310.0,8.0,8.0,10.0,5.15,2105.0,967.0,1138.0,12415.0,8.0,8.0,8.0,7.03,1166.0,580.0,586.0,13581.0,7.0,7.0,7.0,11.95,2264.0,1152.0,1112.0,15845.0,13.0,13.0,15.0,11.69,4452.0,1600.0,2852.0,20297.0,18.0,19.0,22.0,6.31,,,,,,,,,,,,,,,,,,,,,,,,,
7bac1583-64af-4839-be45-4410ad4b9c41,2025-12-08 11:11:38 UTC,False,17747.0,CFOP,Gan 12 UI Maglev,RandomForest,7833.0,17747.0,,,gan12,custom_rules,,,,8.0,0.0,0.0,17747.0,79.0,83.0,95.0,4.45,5255.0,12492.0,1816.0,0.0,1816.0,1816.0,8.0,8.0,8.0,4.41,1952.0,677.0,1275.0,3768.0,11.0,11.0,12.0,8.63,6141.0,989.0,5152.0,9909.0,23.0,23.0,27.0,4.46,2042.0,620.0,1422.0,11951.0,11.0,11.0,11.0,7.74,1245.0,820.0,425.0,13196.0,8.0,8.0,8.0,18.82,2394.0,1047.0,1347.0,15590.0,9.0,9.0,10.0,6.68,2157.0,1102.0,1055.0,17747.0,9.0,13.0,19.0,8.53,,,,,,,,,,,,,,,,,,,,,,,,,
ee54c381-0837-43bc-840d-9f592e1e37b2,2025-12-08 12:57:20 UTC,False,14739.0,CFOP,Gan 12 UI Maglev,RandomForest,16277.0,14739.0,,,gan12,custom_rules,,,,8.0,0.0,0.0,14739.0,71.0,73.0,79.0,4.82,3706.0,11033.0,5203.0,0.0,5203.0,5203.0,19.0,21.0,22.0,3.65,0.0,0.0,0.0,5203.0,0.0,0.0,0.0,0.0,2052.0,680.0,1372.0,7255.0,7.0,7.0,7.0,5.1,1773.0,435.0,1338.0,9028.0,11.0,11.0,12.0,8.22,1505.0,750.0,755.0,10533.0,7.0,7.0,8.0,9.27,1930.0,864.0,1066.0,12463.0,12.0,12.0,14.0,11.26,2276.0,977.0,1299.0,14739.0,15.0,15.0,16.0,11.55,,,,,,,,,,,,,,,,,,,,,,,,,
99ae2ce4-5105-4c14-a5bd-1cfd20966813,2025-12-08 12:58:09 UTC,False,16665.0,CFOP,Gan 12 UI Maglev,RandomForest,20871.0,16665.0,,,gan12,custom_rules,,,,8.0,0.0,0.0,16665.0,68.0,68.0,75.0,4.08,7120.0,9545.0,1297.0,0.0,1297.0,1297.0,6.0,6.0,8.0,4.63,2897.0,2052.0,845.0,4194.0,6.0,6.0,8.0,7.1,2361.0,1087.0,1274.0,6555.0,11.0,11.0,11.0,8.63,3241.0,1251.0,1990.0,9796.0,7.0,7.0,8.0,3.52,1325.0,306.0,1019.0,11121.0,8.0,8.0,8.0,7.85,2489.0,1329.0,1160.0,13610.0,14.0,14.0,14.0,12.07,3055.0,1095.0,1960.0,16665.0,16.0,16.0,18.0,8.16,,,,,,,,,,,,,,,,,,,,,,,,,
c5062e7b-6c25-49eb-80be-c9c7253d9bab,2025-12-08 12:58:51 UTC,False,17555.0,CFOP,Gan 12 UI Maglev,RandomForest,11512.0,17555.0,,,gan12,custom_rules,,,,8.0,0.0,0.0,17555.0,69.0,69.0,80.0,3.93,5516.0,11676.0,2690.0,0.0,2690.0,3053.0,5.0,5.0,7.0,1.86,2913.0,1289.0,1624.0,5966.0,8.0,8.0,10.0,4.93,2907.0,394.0,2513.0,8873.0,15.0,15.0,15.0,5.97,1160.0,258.0,902.0,10033.0,8.0,8.0,9.0,8.87,1633.0,1286.0,347.0,11666.0,4.0,4.0,5.0,11.53,2532.0,1354.0,1178.0,14198.0,12.0,12.0,13.0,10.19,3357.0,935.0,2422.0,17555.0,17.0,17.0,21.0,7.02,,,,,,,,,,,,,,,,,,,,,,,,,
50c2a05a-e5ea-4094-b843-e80590676064,2025-12-08 12:59:23 UTC,False,16010.0,CFOP,Gan 12 UI Maglev,RandomForest,6273.0,16010.0,,,gan12,custom_rules,,,,8.0,0.0,0.0,16010.0,64.0,64.0,75.0,4.0,5926.0,10012.0,4696.0,0.0,4696.0,4768.0,15.0,15.0,21.0,3.19,0.0,0.0,0.0,4768.0,0.0,0.0,0.0,0.0,1764.0,967.0,797.0,6532.0,7.0,7.0,7.0,8.78,1761.0,828.0,933.0,8293.0,8.0,8.0,9.0,8.57,2340.0,1382.0,958.0,10633.0,7.0,7.0,8.0,7.31,2959.0,1523.0,1436.0,13592.0,14.0,14.0,16.0,9.75,2418.0,1226.0,1192.0,16010.0,13.0,13.0,14.0,10.91,,,,,,,,,,,,,,,,,,,,,,,,,
67372fc1-1e52-44f8-a19d-aff00d8a6579,2025-12-08 13:00:13 UTC,False,24252.0,CFOP,Gan 12 UI Maglev,RandomForest,12595.0,24252.0,,,gan12,custom_rules,,,,8.0,0.0,0.0,24252.0,76.0,78.0,83.0,3.13,5608.0,18644.0,8659.0,0.0,8659.0,8659.0,13.0,13.0,13.0,1.5,5169.0,1395.0,3774.0,13828.0,13.0,13.0,13.0,3.44,1073.0,322.0,751.0,14901.0,6.0,6.0,7.0,7.99,2125.0,1167.0,958.0,17026.0,8.0,8.0,8.0,8.35,1982.0,89.0,1893.0,19008.0,11.0,11.0,11.0,5.81,1464.0,678.0,786.0,20472.0,9.0,9.0,9.0,11.45,3780.0,1957.0,1823.0,24252.0,17.0,19.0,22.0,9.33,,,,,,,,,,,,,,,,,,,,,,,,,
2ad413b3-c2de-4a2f-b1b6-f2200059fea2,2025-12-08 13:00:56 UTC,False,17424.0,CFOP,Gan 12 UI Maglev,RandomForest,15957.0,17424.0,,,gan12,custom_rules,,,,8.0,0.0,0.0,17424.0,65.0,66.0,73.0,3.73,7465.0,9959.0,2824.0,0.0,2824.0,2824.0,8.0,8.0,9.0,2.83,2287.0,1030.0,1257.0,5111.0,8.0,8.0,9.0,6.36,2816.0,1759.0,1057.0,7927.0,8.0,8.0,9.0,7.57,1225.0,920.0,305.0,9152.0,5.0,5.0,5.0,16.39,2072.0,1136.0,936.0,11224.0,8.0,8.0,8.0,8.55,2696.0,1322.0,1374.0,13920.0,12.0,12.0,13.0,8.73,3504.0,1298.0,2206.0,17424.0,16.0,17.0,20.0,7.25,,,,,,,,,,,,,,,,,,,,,,,,,
e1e0499e-3c3b-4ccb-ae13-a81de850ab23,2025-12-08 13:01:47 UTC,False,16977.0,CFOP,Gan 12 UI Maglev,RandomForest,10715.0,16977.0,,,gan12,custom_rules,,,,8.0,0.0,0.0,16977.0,67.0,68.0,79.0,3.95,7599.0,9378.0,1814.0,0.0,1814.0,1814.0,6.0,6.0,8.0,3.31,2161.0,1611.0,550.0,3975.0,8.0,8.0,8.0,14.55,2173.0,1325.0,848.0,6148.0,7.0,7.0,7.0,8.25,2328.0,1139.0,1189.0,8476.0,9.0,9.0,11.0,7.57,2557.0,1154.0,1403.0,11033.0,8.0,8.0,11.0,5.7,2967.0,1267.0,1700.0,14000.0,14.0,14.0,16.0,8.24,2977.0,1103.0,1874.0,16977.0,15.0,16.0,18.0,8.0,,,,,,,,,,,,,,,,,,,,,,,,,
6d799460-9358-4309-9f3b-eff537a52f60,2025-12-08 13:02:39 UTC,False,21516.0,CFOP,Gan 12 UI Maglev,RandomForest,22146.0,21516.0,,,gan12,custom_rules,,,,8.0,0.0,0.0,21516.0,78.0,79.0,84.0,3.63,7387.0,14129.0,1619.0,0.0,1619.0,1619.0,5.0,6.0,6.0,3.09,2792.0,1027.0,1765.0,4411.0,7.0,7.0,7.0,3.97,3856.0,623.0,3233.0,8267.0,15.0,15.0,17.0,4.64,6196.0,2682.0,3514.0,14463.0,16.0,16.0,18.0,4.55,1611.0,1012.0,599.0,16074.0,8.0,8.0,8.0,13.36,2969.0,1098.0,1871.0,19043.0,11.0,11.0,11.0,5.88,2473.0,945.0,1528.0,21516.0,16.0,16.0,17.0,10.47,,,,,,,,,,,,,,,,,,,,,,,,,
d017e32d-bf75-48fe-99f9-4955e85b55aa,2025-12-08 13:03:22 UTC,False,21339.0,CFOP,Gan 12 UI Maglev,RandomForest,12927.0,21339.0,,,gan12,custom_rules,,,,8.0,0.0,0.0,21339.0,65.0,65.0,75.0,3.05,7259.0,14080.0,8343.0,0.0,8343.0,8343.0,13.0,13.0,16.0,1.56,788.0,563.0,225.0,9131.0,4.0,4.0,4.0,17.78,2849.0,1344.0,1505.0,11980.0,7.0,7.0,8.0,4.65,1723.0,1465.0,258.0,13703.0,5.0,5.0,5.0,19.38,2248.0,1386.0,862.0,15951.0,8.0,8.0,10.0,9.28,2811.0,1155.0,1656.0,18762.0,14.0,14.0,16.0,8.45,2577.0,1346.0,1231.0,21339.0,14.0,14.0,16.0,11.37,,,,,,,,,,,,,,,,,,,,,,,,,
6db4eadf-4ed8-4c31-9e2b-a027213f2190,2025-12-08 13:04:12 UTC,False,22943.0,CFOP,Gan 12 UI Maglev,RandomForest,18282.0,22943.0,,,gan12,custom_rules,,,,8.0,0.0,0.0,22943.0,77.0,77.0,83.0,3.36,8432.0,14511.0,4366.0,0.0,4366.0,4366.0,14.0,14.0,16.0,3.21,3157.0,2117.0,1040.0,7523.0,9.0,9.0,9.0,8.65,4886.0,339.0,4547.0,12409.0,11.0,11.0,13.0,2.42,2255.0,1151.0,1104.0,14664.0,8.0,8.0,10.0,7.25,3250.0,2258.0,992.0,17914.0,9.0,9.0,9.0,9.07,1682.0,963.0,719.0,19596.0,7.0,7.0,7.0,9.74,3347.0,1604.0,1743.0,22943.0,19.0,19.0,19.0,10.9,,,,,,,,,,,,,,,,,,,,,,,,,
b096b3ed-60e4-4a0c-a7ee-c355ee4d84d7,2025-12-08 13:05:16 UTC,False,14789.0,CFOP,Gan 12 UI Maglev,RandomForest,20315.0,14789.0,,,gan12,custom_rules,,,,8.0,0.0,0.0,14789.0,67.0,68.0,72.0,4.53,6227.0,8562.0,1732.0,0.0,1732.0,1732.0,7.0,8.0,8.0,4.04,2124.0,1056.0,1068.0,3856.0,8.0,8.0,8.0,7.49,2904.0,746.0,2158.0,6760.0,12.0,12.0,13.0,5.56,1532.0,1250.0,282.0,8292.0,4.0,4.0,6.0,14.18,635.0,428.0,207.0,8927.0,3.0,3.0,3.0,14.49,2669.0,1120.0,1549.0,11596.0,14.0,14.0,14.0,9.04,3193.0,1627.0,1566.0,14789.0,20.0,20.0,20.0,12.77,,,,,,,,,,,,,,,,,,,,,,,,,
a25aac96-187c-47d3-9209-18c2819797fa,2025-12-08 13:05:48 UTC,False,17153.0,CFOP,Gan 12 UI Maglev,RandomForest,6932.0,17153.0,,,gan12,custom_rules,,,,8.0,0.0,0.0,17153.0,57.0,57.0,64.0,3.32,9271.0,7882.0,2170.0,0.0,2170.0,2170.0,8.0,8.0,9.0,3.69,3907.0,3576.0,331.0,6077.0,4.0,4.0,5.0,12.08,3238.0,1097.0,2141.0,9315.0,14.0,14.0,15.0,6.54,1871.0,1226.0,645.0,11186.0,7.0,7.0,7.0,10.85,1665.0,1456.0,209.0,12851.0,4.0,4.0,4.0,19.14,1782.0,726.0,1056.0,14633.0,9.0,9.0,9.0,8.52,2520.0,1190.0,1330.0,17153.0,11.0,11.0,15.0,8.27,,,,,,,,,,,,,,,,,,,,,,,,,
328cfc2b-1da6-4185-a7f4-765d53aac317,2025-12-08 13:06:42 UTC,False,31886.0,CFOP,Gan 12 UI Maglev,RandomForest,11570.0,31886.0,,,gan12,custom_rules,,,,8.0,0.0,0.0,31886.0,92.0,95.0,108.0,2.89,6965.0,24825.0,13631.0,0.0,13631.0,13727.0,33.0,36.0,43.0,2.42,0.0,0.0,0.0,13727.0,0.0,0.0,0.0,0.0,0.0,0.0,0.0,13727.0,0.0,0.0,0.0,0.0,10354.0,3571.0,6783.0,24081.0,22.0,22.0,25.0,3.24,2229.0,1418.0,811.0,26310.0,8.0,8.0,8.0,9.86,2577.0,986.0,1591.0,28887.0,12.0,12.0,12.0,7.54,2999.0,990.0,2009.0,31886.0,17.0,17.0,20.0,8.46,,,,,,,,,,,,,,,,,,,,,,,,,
8ed8e92b-27fe-40d8-9778-ede1a77d688c,2025-12-08 13:23:16 UTC,False,17319.0,CFOP,Gan 12 UI Maglev,RandomForest,15166.0,17319.0,,,gan12,custom_rules,,,,8.0,0.0,0.0,17319.0,63.0,63.0,76.0,3.64,5430.0,11889.0,2919.0,0.0,2919.0,2919.0,9.0,9.0,10.0,3.08,2028.0,1111.0,917.0,4947.0,5.0,5.0,6.0,5.45,3553.0,233.0,3320.0,8500.0,11.0,11.0,13.0,3.31,2178.0,1148.0,1030.0,10678.0,7.0,7.0,10.0,6.8,1148.0,939.0,209.0,11826.0,4.0,4.0,4.0,19.14,2451.0,885.0,1566.0,14277.0,10.0,10.0,15.0,6.39,3042.0,1114.0,1928.0,17319.0,17.0,17.0,18.0,8.82,,,,,,,,,,,,,,,,,,,,,,,,,
67017fc4-34c2-4406-bb0f-a54fd1923a11,2025-12-08 13:24:11 UTC,False,18990.0,CFOP,Gan 12 UI Maglev,RandomForest,26332.0,18990.0,,,gan12,custom_rules,,,,8.0,0.0,0.0,18990.0,65.0,65.0,73.0,3.42,8080.0,10910.0,3399.0,0.0,3399.0,3399.0,9.0,9.0,11.0,2.65,1580.0,434.0,1146.0,4979.0,7.0,7.0,8.0,6.11,1603.0,361.0,1242.0,6582.0,7.0,7.0,7.0,5.64,4068.0,2276.0,1792.0,10650.0,8.0,8.0,8.0,4.46,3535.0,2709.0,826.0,14185.0,9.0,9.0,11.0,10.9,2063.0,968.0,1095.0,16248.0,9.0,9.0,10.0,8.22,2742.0,1332.0,1410.0,18990.0,16.0,16.0,18.0,11.35,,,,,,,,,,,,,,,,,,,,,,,,,
4eb322fc-85b3-464b-9b9b-844283ec9fe4,2025-12-08 13:24:53 UTC,False,22323.0,CFOP,Gan 12 UI Maglev,RandomForest,5577.0,22323.0,,,gan12,custom_rules,,,,8.0,0.0,0.0,22323.0,73.0,78.0,90.0,3.27,7781.0,14542.0,4926.0,0.0,4926.0,4926.0,9.0,9.0,10.0,1.83,2395.0,1193.0,1202.0,7321.0,8.0,8.0,10.0,6.66,3302.0,1337.0,1965.0,10623.0,8.0,8.0,8.0,4.07,1748.0,781.0,967.0,12371.0,8.0,8.0,8.0,8.27,2658.0,1619.0,1039.0,15029.0,8.0,8.0,8.0,7.7,1988.0,1158.0,830.0,17017.0,9.0,9.0,10.0,10.84,5306.0,1693.0,3613.0,22323.0,23.0,28.0,36.0,6.37,,,,,,,,,,,,,,,,,,,,,,,,,
7647c97a-f054-4312-84c3-d5eb536b9e86,2025-12-08 13:26:15 UTC,False,17472.0,CFOP,Gan 12 UI Maglev,RandomForest,11281.0,17472.0,,,gan12,custom_rules,,,,8.0,0.0,0.0,17472.0,56.0,58.0,63.0,3.21,7525.0,9947.0,3414.0,0.0,3414.0,3414.0,8.0,8.0,8.0,2.34,1492.0,1217.0,275.0,4906.0,5.0,5.0,5.0,18.18,3939.0,2626.0,1313.0,8845.0,6.0,6.0,8.0,4.57,2178.0,427.0,1751.0,11023.0,8.0,9.0,9.0,4.57,1765.0,1226.0,539.0,12788.0,8.0,8.0,8.0,14.84,1770.0,989.0,781.0,14558.0,9.0,9.0,10.0,11.52,2914.0,1040.0,1874.0,17472.0,12.0,13.0,15.0,6.4,,,,,,,,,,,,,,,,,,,,,,,,,
33ce9653-e702-4145-ab84-4e7b321f3f7f,2025-12-08 13:26:48 UTC,False,16845.0,CFOP,Gan 12 UI Maglev,RandomForest,7892.0,16845.0,,,gan12,custom_rules,,,,8.0,0.0,0.0,16845.0,72.0,73.0,84.0,4.27,6778.0,10067.0,1242.0,0.0,1242.0,1242.0,5.0,5.0,6.0,4.03,2410.0,1074.0,1336.0,3652.0,8.0,8.0,9.0,5.99,2123.0,541.0,1582.0,5775.0,12.0,12.0,13.0,7.59,2767.0,1207.0,1560.0,8542.0,11.0,11.0,13.0,7.05,3880.0,1868.0,2012.0,12422.0,11.0,11.0,13.0,5.47,1960.0,968.0,992.0,14382.0,11.0,11.0,12.0,11.09,2463.0,1120.0,1343.0,16845.0,14.0,15.0,18.0,10.42,,,,,,,,,,,,,,,,,,,,,,,,,
5adf11ee-d154-486f-9d68-e06c0c236d03,2025-12-08 13:27:29 UTC,False,23452.0,CFOP,Gan 12 UI Maglev,RandomForest,8340.0,23452.0,,,gan12,custom_rules,,,,8.0,0.0,0.0,23452.0,65.0,72.0,88.0,2.77,6403.0,17049.0,7542.0,0.0,7542.0,7542.0,16.0,16.0,18.0,2.12,0.0,0.0,0.0,7542.0,0.0,0.0,0.0,0.0,2625.0,1859.0,766.0,10167.0,8.0,8.0,9.0,10.44,3693.0,1614.0,2079.0,13860.0,7.0,7.0,7.0,3.37,1640.0,652.0,988.0,15500.0,8.0,8.0,9.0,8.1,2791.0,1071.0,1720.0,18291.0,11.0,11.0,13.0,6.4,5161.0,1207.0,3954.0,23452.0,15.0,22.0,32.0,3.79,,,,,,,,,,,,,,,,,,,,,,,,,
f8c4079b-113c-40cc-9d08-4da5b13e4c59,2025-12-08 13:28:03 UTC,False,18982.0,CFOP,Gan 12 UI Maglev,RandomForest,4725.0,18982.0,,,gan12,custom_rules,,,,8.0,0.0,0.0,18982.0,79.0,81.0,92.0,4.16,6430.0,12552.0,2198.0,0.0,2198.0,2198.0,9.0,9.0,10.0,4.09,2191.0,1813.0,378.0,4389.0,4.0,4.0,5.0,10.58,1190.0,330.0,860.0,5579.0,7.0,7.0,8.0,8.14,1099.0,580.0,519.0,6678.0,6.0,6.0,7.0,11.56,2790.0,812.0,1978.0,9468.0,15.0,15.0,16.0,7.58,2595.0,1129.0,1466.0,12063.0,13.0,14.0,14.0,8.87,6919.0,1766.0,5153.0,18982.0,25.0,26.0,32.0,4.85,,,,,,,,,,,,,,,,,,,,,,,,,
80230b6d-dcdc-45b6-83b5-4db4c4b5b8be,2025-12-08 13:28:33 UTC,False,14684.0,CFOP,Gan 12 UI Maglev,RandomForest,6980.0,14684.0,,,gan12,custom_rules,,,,8.0,0.0,0.0,14684.0,60.0,63.0,69.0,4.09,6241.0,8443.0,1840.0,0.0,1840.0,1840.0,6.0,7.0,7.0,3.26,1821.0,1546.0,275.0,3661.0,4.0,4.0,6.0,14.55,1751.0,484.0,1267.0,5412.0,8.0,8.0,10.0,6.31,1095.0,257.0,838.0,6507.0,5.0,6.0,6.0,5.97,2502.0,1191.0,1311.0,9009.0,11.0,11.0,13.0,8.39,1963.0,1167.0,796.0,10972.0,10.0,11.0,11.0,12.56,3712.0,1596.0,2116.0,14684.0,16.0,16.0,16.0,7.56,,,,,,,,,,,,,,,,,,,,,,,,,
cd128d8f-4bb0-41e7-a6de-bbfa62166271,2025-12-08 13:29:21 UTC,False,13430.0,CFOP,Gan 12 UI Maglev,RandomForest,25900.0,13430.0,,,gan12,custom_rules,,,,8.0,0.0,0.0,13430.0,58.0,59.0,67.0,4.32,5901.0,7471.0,1901.0,0.0,1901.0,1959.0,6.0,6.0,9.0,3.16,2209.0,975.0,1234.0,4168.0,8.0,9.0,9.0,6.48,2362.0,1202.0,1160.0,6530.0,10.0,10.0,11.0,8.62,2100.0,1439.0,661.0,8630.0,7.0,7.0,7.0,10.59,1552.0,972.0,580.0,10182.0,7.0,7.0,7.0,12.07,1342.0,668.0,674.0,11524.0,7.0,7.0,8.0,10.39,1906.0,645.0,1261.0,13430.0,14.0,14.0,16.0,11.1,,,,,,,,,,,,,,,,,,,,,,,,,
6646d952-d917-4d10-83e6-1bb635fcbd50,2025-12-08 13:31:33 UTC,False,16495.0,CFOP,Gan 12 UI Maglev,RandomForest,16766.0,16495.0,,,gan12,custom_rules,,,,8.0,0.0,0.0,16495.0,64.0,68.0,72.0,3.88,5965.0,10530.0,4353.0,0.0,4353.0,4353.0,12.0,12.0,12.0,2.76,0.0,0.0,0.0,4353.0,0.0,0.0,0.0,0.0,1576.0,691.0,885.0,5929.0,9.0,10.0,10.0,10.17,3329.0,1774.0,1555.0,9258.0,11.0,12.0,12.0,7.07,2423.0,1497.0,926.0,11681.0,8.0,8.0,9.0,8.64,2299.0,1004.0,1295.0,13980.0,10.0,11.0,12.0,7.72,2515.0,999.0,1516.0,16495.0,14.0,15.0,17.0,9.23,,,,,,,,,,,,,,,,,,,,,,,,,
9f8b2d33-0a75-4734-9de1-e6596b9507f3,2025-12-08 13:32:08 UTC,False,17158.0,CFOP,Gan 12 UI Maglev,RandomForest,9381.0,17158.0,,,gan12,custom_rules,,,,8.0,0.0,0.0,17158.0,64.0,64.0,67.0,3.73,5485.0,11673.0,3147.0,0.0,3147.0,3147.0,8.0,8.0,8.0,2.54,1559.0,882.0,677.0,4706.0,8.0,8.0,8.0,11.82,3141.0,903.0,2238.0,7847.0,8.0,8.0,9.0,3.57,2413.0,661.0,1752.0,10260.0,7.0,7.0,7.0,4.0,1111.0,950.0,161.0,11371.0,4.0,4.0,4.0,24.84,2364.0,1086.0,1278.0,13735.0,12.0,12.0,13.0,9.39,3423.0,1003.0,2420.0,17158.0,17.0,17.0,18.0,7.02,,,,,,,,,,,,,,,,,,,,,,,,,
ba5ecacd-b40f-483d-b474-2d6872b9a0d6,2025-12-08 13:32:51 UTC,False,18053.0,CFOP,Gan 12 UI Maglev,RandomForest,15283.0,18053.0,,,gan12,custom_rules,,,,8.0,0.0,0.0,18053.0,70.0,75.0,87.0,3.88,5933.0,12120.0,3056.0,0.0,3056.0,3056.0,6.0,6.0,7.0,1.96,2037.0,713.0,1324.0,5093.0,6.0,6.0,8.0,4.53,2194.0,1354.0,840.0,7287.0,12.0,12.0,12.0,14.29,1189.0,685.0,504.0,8476.0,3.0,3.0,3.0,5.95,2690.0,733.0,1957.0,11166.0,10.0,10.0,11.0,5.11,1343.0,593.0,750.0,12509.0,8.0,8.0,8.0,10.67,5544.0,1855.0,3689.0,18053.0,25.0,30.0,38.0,6.78,,,,,,,,,,,,,,,,,,,,,,,,,
453358cf-bd6d-404f-b6df-57c81142af08,2025-12-08 13:39:13 UTC,False,18325.0,CFOP,Gan 12 UI Maglev,RandomForest,8948.0,18325.0,,,gan12,custom_rules,,,,8.0,0.0,0.0,18325.0,62.0,65.0,70.0,3.38,9346.0,8979.0,2020.0,0.0,2020.0,2020.0,7.0,7.0,7.0,3.47,2714.0,1133.0,1581.0,4734.0,8.0,8.0,9.0,5.06,3042.0,1565.0,1477.0,7776.0,7.0,7.0,7.0,4.74,3413.0,2602.0,811.0,11189.0,8.0,8.0,9.0,9.86,2557.0,2035.0,522.0,13746.0,6.0,7.0,7.0,11.49,1811.0,731.0,1080.0,15557.0,11.0,11.0,12.0,10.19,2768.0,1280.0,1488.0,18325.0,15.0,17.0,19.0,10.08,,,,,,,,,,,,,,,,,,,,,,,,,
e677918e-da86-40da-8842-b8e77f455877,2025-12-08 13:39:48 UTC,False,16504.0,CFOP,Gan 12 UI Maglev,RandomForest,9429.0,16504.0,,,gan12,custom_rules,,,,8.0,0.0,0.0,16504.0,62.0,62.0,71.0,3.76,7679.0,8825.0,1829.0,0.0,1829.0,1829.0,7.0,7.0,10.0,3.83,3484.0,2243.0,1241.0,5313.0,8.0,8.0,10.0,6.45,1846.0,1103.0,743.0,7159.0,8.0,8.0,8.0,10.77,2390.0,2156.0,234.0,9549.0,4.0,4.0,4.0,17.09,1742.0,890.0,852.0,11291.0,8.0,8.0,9.0,9.39,1795.0,1175.0,620.0,13086.0,9.0,9.0,10.0,14.52,3418.0,112.0,3306.0,16504.0,19.0,19.0,20.0,5.75,,,,,,,,,,,,,,,,,,,,,,,,,
df0ec841-f1c7-4097-b38f-610a8e8fb803,2025-12-08 13:40:22 UTC,False,18152.0,CFOP,Gan 12 UI Maglev,RandomForest,6279.0,18152.0,,,gan12,custom_rules,,,,8.0,0.0,0.0,18152.0,66.0,69.0,78.0,3.64,6683.0,11469.0,3183.0,0.0,3183.0,3183.0,8.0,8.0,10.0,2.51,2520.0,1201.0,1319.0,5703.0,6.0,7.0,8.0,4.55,2494.0,1029.0,1465.0,8197.0,8.0,8.0,8.0,5.46,2201.0,411.0,1790.0,10398.0,9.0,9.0,9.0,5.03,2422.0,1238.0,1184.0,12820.0,12.0,12.0,14.0,10.14,2417.0,1372.0,1045.0,15237.0,12.0,14.0,15.0,11.48,2915.0,1432.0,1483.0,18152.0,11.0,11.0,14.0,7.42,,,,,,,,,,,,,,,,,,,,,,,,,
4d18923b-2922-4d3c-97dc-4fba847a2d6f,2025-12-08 13:40:59 UTC,False,18296.0,CFOP,Gan 12 UI Maglev,RandomForest,8930.0,18296.0,,,gan12,custom_rules,,,,8.0,0.0,0.0,18296.0,56.0,58.0,74.0,3.06,8332.0,9964.0,4622.0,0.0,4622.0,4622.0,9.0,11.0,16.0,1.95,3183.0,2861.0,322.0,7805.0,4.0,4.0,5.0,12.42,1457.0,346.0,1111.0,9262.0,8.0,8.0,9.0,7.2,1966.0,1749.0,217.0,11228.0,3.0,3.0,3.0,13.82,2277.0,1553.0,724.0,13505.0,8.0,8.0,10.0,11.05,2071.0,904.0,1167.0,15576.0,10.0,10.0,16.0,8.57,2720.0,919.0,1801.0,18296.0,14.0,14.0,15.0,7.77,,,,,,,,,,,,,,,,,,,,,,,,,
39c5a7ac-9a46-481e-b6f4-e90a320b0a7e,2025-12-08 13:41:32 UTC,False,20864.0,CFOP,Gan 12 UI Maglev,RandomForest,4397.0,20864.0,,,gan12,custom_rules,,,,8.0,0.0,0.0,20864.0,80.0,80.0,90.0,3.83,5685.0,15179.0,1873.0,0.0,1873.0,1873.0,6.0,6.0,8.0,3.2,1732.0,685.0,1047.0,3605.0,8.0,8.0,8.0,7.64,5956.0,2200.0,3756.0,9561.0,15.0,15.0,16.0,3.99,2895.0,1382.0,1513.0,12456.0,8.0,8.0,9.0,5.29,1185.0,443.0,742.0,13641.0,7.0,7.0,8.0,9.43,3438.0,435.0,3003.0,17079.0,18.0,18.0,18.0,5.99,3785.0,540.0,3245.0,20864.0,19.0,19.0,23.0,5.86,,,,,,,,,,,,,,,,,,,,,,,,,
a76a50b1-d0fa-4701-bb75-567bc477d829,2025-12-08 13:42:17 UTC,False,27422.0,CFOP,Gan 12 UI Maglev,RandomForest,7512.0,27422.0,,,gan12,custom_rules,,,,8.0,0.0,0.0,27422.0,99.0,103.0,115.0,3.61,6085.0,21337.0,2561.0,0.0,2561.0,2561.0,7.0,7.0,7.0,2.73,3484.0,395.0,3089.0,6045.0,11.0,11.0,12.0,3.56,7671.0,1270.0,6401.0,13716.0,26.0,26.0,28.0,4.06,2227.0,1011.0,1216.0,15943.0,8.0,8.0,11.0,6.58,4459.0,806.0,3653.0,20402.0,13.0,15.0,16.0,3.56,2768.0,942.0,1826.0,23170.0,14.0,14.0,16.0,7.67,4252.0,1661.0,2591.0,27422.0,20.0,22.0,25.0,7.72,,,,,,,,,,,,,,,,,,,,,,,,,
b317e5b6-9c07-494e-b01d-ffe2a632c88b,2025-12-08 13:42:55 UTC,False,22427.0,CFOP,Gan 12 UI Maglev,RandomForest,5584.0,22427.0,,,gan12,custom_rules,,,,8.0,0.0,0.0,22427.0,94.0,94.0,100.0,4.19,5581.0,16846.0,3956.0,0.0,3956.0,3956.0,8.0,8.0,8.0,2.02,4098.0,1033.0,3065.0,8054.0,15.0,15.0,16.0,4.89,2465.0,765.0,1700.0,10519.0,12.0,12.0,13.0,7.06,2236.0,587.0,1649.0,12755.0,11.0,11.0,12.0,6.67,3307.0,1230.0,2077.0,16062.0,15.0,15.0,16.0,7.22,3522.0,782.0,2740.0,19584.0,17.0,17.0,17.0,6.2,2843.0,1184.0,1659.0,22427.0,17.0,17.0,18.0,10.25,,,,,,,,,,,,,,,,,,,,,,,,,
f5689e88-e6da-4e37-9492-5bf2d6638643,2025-12-08 15:10:09 UTC,False,21182.0,CFOP,Gan 12 UI Maglev,RandomForest,11519.0,21182.0,,,gan12,custom_rules,,,,8.0,0.0,0.0,21182.0,60.0,61.0,69.0,2.83,13318.0,7864.0,1205.0,0.0,1205.0,1205.0,6.0,6.0,7.0,4.98,4661.0,4291.0,370.0,5866.0,6.0,6.0,7.0,16.22,5165.0,4057.0,1108.0,11031.0,8.0,8.0,9.0,7.22,2247.0,1291.0,956.0,13278.0,8.0,8.0,10.0,8.37,2485.0,1400.0,1085.0,15763.0,7.0,7.0,8.0,6.45,1624.0,1015.0,609.0,17387.0,9.0,9.0,10.0,14.78,3795.0,1264.0,2531.0,21182.0,16.0,17.0,18.0,6.32,,,,,,,,,,,,,,,,,,,,,,,,,
cdf34ecd-a10b-4d71-b967-9224600a4b6f,2025-12-08 15:11:20 UTC,False,24493.0,CFOP,Gan 12 UI Maglev,RandomForest,38606.0,24493.0,,,gan12,custom_rules,,,,8.0,0.0,0.0,24493.0,71.0,72.0,81.0,2.9,10535.0,13958.0,4851.0,0.0,4851.0,4851.0,9.0,9.0,10.0,1.86,5550.0,3176.0,2374.0,10401.0,8.0,8.0,10.0,3.37,3662.0,2649.0,1013.0,14063.0,8.0,8.0,9.0,7.9,2490.0,1660.0,830.0,16553.0,8.0,8.0,10.0,9.64,1958.0,1264.0,694.0,18511.0,7.0,7.0,8.0,10.09,1954.0,1060.0,894.0,20465.0,10.0,11.0,12.0,11.19,4028.0,726.0,3302.0,24493.0,21.0,21.0,22.0,6.36,,,,,,,,,,,,,,,,,,,,,,,,,
0e929e56-b988-4a0a-9912-2f2c7eccf838,2025-12-08 15:12:09 UTC,False,19744.0,CFOP,Gan 12 UI Maglev,RandomForest,11042.0,19744.0,,,gan12,custom_rules,,,,8.0,0.0,0.0,19744.0,74.0,75.0,85.0,3.75,8334.0,11329.0,2463.0,0.0,2463.0,2544.0,8.0,8.0,10.0,3.25,1470.0,701.0,769.0,4014.0,6.0,7.0,7.0,7.8,3884.0,2692.0,1192.0,7898.0,9.0,9.0,11.0,7.55,6042.0,2244.0,3798.0,13940.0,18.0,18.0,19.0,4.74,1459.0,590.0,869.0,15399.0,8.0,8.0,9.0,9.21,1483.0,805.0,678.0,16882.0,8.0,8.0,10.0,11.8,2862.0,1302.0,1560.0,19744.0,17.0,17.0,19.0,10.9,,,,,,,,,,,,,,,,,,,,,,,,,
3f7607fa-911b-4dac-8474-48cbb60ec3d6,2025-12-08 15:12:58 UTC,False,24378.0,CFOP,Gan 12 UI Maglev,RandomForest,15883.0,24378.0,,,gan12,custom_rules,,,,8.0,0.0,0.0,24378.0,84.0,85.0,91.0,3.45,12472.0,11906.0,1896.0,0.0,1896.0,1896.0,7.0,7.0,7.0,3.69,6469.0,4754.0,1715.0,8365.0,14.0,15.0,15.0,8.16,2143.0,925.0,1218.0,10508.0,8.0,8.0,8.0,6.57,2584.0,926.0,1658.0,13092.0,11.0,11.0,14.0,6.63,6186.0,3972.0,2214.0,19278.0,17.0,17.0,17.0,7.68,2421.0,1007.0,1414.0,21699.0,11.0,11.0,12.0,7.78,2679.0,888.0,1791.0,24378.0,16.0,16.0,18.0,8.93,,,,,,,,,,,,,,,,,,,,,,,,,
f9b40e86-78c4-44bd-877e-a6640d630742,2025-12-08 15:13:33 UTC,False,20081.0,CFOP,Gan 12 UI Maglev,RandomForest,5517.0,20081.0,,,gan12,custom_rules,,,,8.0,0.0,0.0,20081.0,75.0,76.0,84.0,3.73,5637.0,14444.0,4830.0,0.0,4830.0,4830.0,8.0,8.0,9.0,1.66,4246.0,677.0,3569.0,9076.0,15.0,15.0,17.0,4.2,2372.0,1576.0,796.0,11448.0,6.0,7.0,8.0,7.54,2379.0,210.0,2169.0,13827.0,11.0,11.0,12.0,5.07,1504.0,821.0,683.0,15331.0,8.0,8.0,10.0,11.71,1919.0,1233.0,686.0,17250.0,9.0,9.0,10.0,13.12,2831.0,1120.0,1711.0,20081.0,18.0,18.0,18.0,10.52,,,,,,,,,,,,,,,,,,,,,,,,,
0d5bc576-e99f-46a3-9ad4-9b42ffa515ce,2025-12-08 15:14:22 UTC,False,24017.0,CFOP,Gan 12 UI Maglev,RandomForest,16142.0,24017.0,,,gan12,custom_rules,,,,8.0,0.0,0.0,24017.0,66.0,67.0,74.0,2.75,11233.0,12784.0,5459.0,0.0,5459.0,5459.0,8.0,8.0,10.0,1.47,1699.0,1482.0,217.0,7158.0,3.0,3.0,3.0,13.82,3110.0,2151.0,959.0,10268.0,7.0,7.0,8.0,7.3,2474.0,1160.0,1314.0,12742.0,8.0,8.0,8.0,6.09,3416.0,2023.0,1393.0,16158.0,11.0,11.0,11.0,7.9,3999.0,2729.0,1270.0,20157.0,13.0,13.0,15.0,10.24,3860.0,1688.0,2172.0,24017.0,16.0,17.0,19.0,7.37,,,,,,,,,,,,,,,,,,,,,,,,,
3baff6eb-0340-4980-bcc6-f5163642a35d,2025-12-08 15:15:13 UTC,False,23193.0,CFOP,Gan 12 UI Maglev,RandomForest,17664.0,23193.0,,,gan12,custom_rules,,,,8.0,0.0,0.0,23193.0,63.0,63.0,72.0,2.72,8796.0,14397.0,8747.0,0.0,8747.0,8747.0,11.0,11.0,12.0,1.26,0.0,0.0,0.0,8747.0,0.0,0.0,0.0,0.0,4260.0,3576.0,684.0,13007.0,6.0,6.0,7.0,8.77,2574.0,911.0,1663.0,15581.0,12.0,12.0,13.0,7.22,2359.0,1602.0,757.0,17940.0,12.0,12.0,14.0,15.85,1981.0,957.0,1024.0,19921.0,11.0,11.0,11.0,10.74,3272.0,1750.0,1522.0,23193.0,11.0,11.0,15.0,7.23,,,,,,,,,,,,,,,,,,,,,,,,,
d65288b0-7b2e-4ae9-abb9-9bc724ef6b51,2025-12-08 15:15:46 UTC,False,14099.0,CFOP,Gan 12 UI Maglev,RandomForest,6479.0,14099.0,,,gan12,custom_rules,,,,8.0,0.0,0.0,14099.0,50.0,54.0,64.0,3.55,5423.0,8676.0,2051.0,0.0,2051.0,2051.0,6.0,6.0,7.0,2.93,1553.0,629.0,924.0,3604.0,7.0,7.0,7.0,7.58,2075.0,758.0,1317.0,5679.0,8.0,8.0,9.0,6.07,2132.0,1069.0,1063.0,7811.0,8.0,8.0,9.0,7.53,1106.0,792.0,314.0,8917.0,4.0,4.0,4.0,12.74,2437.0,717.0,1720.0,11354.0,8.0,8.0,9.0,4.65,2745.0,1458.0,1287.0,14099.0,9.0,13.0,19.0,6.99,,,,,,,,,,,,,,,,,,,,,,,,,
0a1727db-5b62-4076-84b8-d3f43837fdd5,2025-12-08 15:16:25 UTC,False,19636.0,CFOP,Gan 12 UI Maglev,RandomForest,8923.0,19636.0,,,gan12,custom_rules,,,,8.0,0.0,0.0,19636.0,65.0,65.0,78.0,3.31,8684.0,10904.0,5217.0,0.0,5217.0,5265.0,15.0,15.0,18.0,2.88,0.0,0.0,0.0,5265.0,0.0,0.0,0.0,0.0,3271.0,2529.0,742.0,8536.0,8.0,8.0,9.0,10.78,2429.0,1647.0,782.0,10965.0,12.0,12.0,13.0,15.35,2738.0,1626.0,1112.0,13703.0,7.0,7.0,8.0,6.29,1987.0,968.0,1019.0,15690.0,8.0,8.0,10.0,7.85,3946.0,1914.0,2032.0,19636.0,15.0,15.0,20.0,7.38,,,,,,,,,,,,,,,,,,,,,,,,,
4bd44b39-422a-48c0-864f-d67623359629,2025-12-08 15:16:54 UTC,False,15460.0,CFOP,Gan 12 UI Maglev,RandomForest,4749.0,15460.0,,,gan12,custom_rules,,,,8.0,0.0,0.0,15460.0,73.0,74.0,81.0,4.72,4999.0,10461.0,3375.0,0.0,3375.0,3375.0,9.0,9.0,10.0,2.67,1774.0,749.0,1025.0,5149.0,8.0,8.0,9.0,7.8,1454.0,912.0,542.0,6603.0,6.0,7.0,7.0,11.07,2152.0,800.0,1352.0,8755.0,8.0,8.0,9.0,5.92,1366.0,468.0,898.0,10121.0,8.0,8.0,9.0,8.91,2463.0,1282.0,1181.0,12584.0,14.0,14.0,15.0,11.85,2876.0,788.0,2088.0,15460.0,20.0,20.0,22.0,9.58,,,,,,,,,,,,,,,,,,,,,,,,,
0c426de2-abd7-41fb-8bf8-24c6bd3d373d,2025-12-08 15:17:29 UTC,False,19743.0,CFOP,Gan 12 UI Maglev,RandomForest,5769.0,19743.0,,,gan12,custom_rules,,,,8.0,0.0,0.0,19743.0,63.0,63.0,72.0,3.19,9855.0,9888.0,1585.0,0.0,1585.0,1585.0,5.0,5.0,5.0,3.15,4662.0,1649.0,3013.0,6247.0,12.0,12.0,15.0,3.98,2085.0,933.0,1152.0,8332.0,10.0,10.0,11.0,8.68,4155.0,3172.0,983.0,12487.0,5.0,5.0,6.0,5.09,2809.0,1988.0,821.0,15296.0,11.0,11.0,11.0,13.4,2224.0,1017.0,1207.0,17520.0,11.0,11.0,12.0,9.11,2223.0,1096.0,1127.0,19743.0,9.0,9.0,12.0,7.99,,,,,,,,,,,,,,,,,,,,,,,,,
2b40515a-88a6-4a0b-9476-e649a21c69ee,2025-12-08 15:18:06 UTC,False,21583.0,CFOP,Gan 12 UI Maglev,RandomForest,6761.0,21583.0,,,gan12,custom_rules,,,,8.0,0.0,0.0,21583.0,74.0,75.0,80.0,3.43,5806.0,15777.0,6801.0,0.0,6801.0,6801.0,12.0,12.0,12.0,1.76,3799.0,507.0,3292.0,10600.0,12.0,13.0,14.0,3.65,2445.0,1366.0,1079.0,13045.0,8.0,8.0,8.0,7.41,2286.0,1159.0,1127.0,15331.0,7.0,7.0,8.0,6.21,1512.0,755.0,757.0,16843.0,7.0,7.0,7.0,9.25,2362.0,929.0,1433.0,19205.0,14.0,14.0,15.0,9.77,2378.0,1090.0,1288.0,21583.0,14.0,14.0,16.0,10.87,,,,,,,,,,,,,,,,,,,,,,,,,
994e3b75-f44d-4693-81cf-fefd54d0f603,2025-12-08 15:18:47 UTC,False,18785.0,CFOP,Gan 12 UI Maglev,RandomForest,13321.0,18785.0,,,gan12,custom_rules,,,,8.0,0.0,0.0,18785.0,73.0,74.0,82.0,3.89,8025.0,10760.0,3379.0,0.0,3379.0,3379.0,8.0,8.0,10.0,2.37,3242.0,2429.0,813.0,6621.0,8.0,8.0,9.0,9.84,3940.0,1378.0,2562.0,10561.0,15.0,15.0,17.0,5.85,1673.0,1166.0,507.0,12234.0,6.0,6.0,7.0,11.83,2269.0,1706.0,563.0,14503.0,7.0,7.0,7.0,12.43,1550.0,662.0,888.0,16053.0,9.0,10.0,10.0,10.14,2732.0,684.0,2048.0,18785.0,20.0,20.0,22.0,9.77,,,,,,,,,,,,,,,,,,,,,,,,,
f0b2d36a-001b-4586-8770-22e2a4b86b1c,2025-12-08 15:19:23 UTC,False,16696.0,CFOP,Gan 12 UI Maglev,RandomForest,10123.0,16696.0,,,gan12,custom_rules,,,,8.0,0.0,0.0,16696.0,70.0,71.0,79.0,4.19,7113.0,9583.0,1947.0,0.0,1947.0,1947.0,10.0,10.0,11.0,5.14,0.0,0.0,0.0,1947.0,0.0,0.0,0.0,0.0,3189.0,2062.0,1127.0,5136.0,7.0,7.0,7.0,6.21,2995.0,1262.0,1733.0,8131.0,12.0,12.0,16.0,6.92,1733.0,1103.0,630.0,9864.0,8.0,8.0,8.0,12.7,3059.0,1238.0,1821.0,12923.0,17.0,17.0,17.0,9.34,3773.0,1448.0,2325.0,16696.0,16.0,17.0,20.0,6.88,,,,,,,,,,,,,,,,,,,,,,,,,
b0185f2d-fe18-4621-aea4-9fd99a293fa9,2025-12-08 15:19:53 UTC,False,16627.0,CFOP,Gan 12 UI Maglev,RandomForest,5662.0,16627.0,,,gan12,custom_rules,,,,8.0,0.0,0.0,16627.0,73.0,73.0,80.0,4.39,6816.0,9811.0,2815.0,0.0,2815.0,2815.0,9.0,9.0,10.0,3.2,2592.0,1859.0,733.0,5407.0,8.0,8.0,9.0,10.91,2786.0,814.0,1972.0,8193.0,10.0,10.0,10.0,5.07,2561.0,1803.0,758.0,10754.0,8.0,8.0,10.0,10.55,1799.0,1050.0,749.0,12553.0,8.0,8.0,10.0,10.68,1801.0,665.0,1136.0,14354.0,12.0,12.0,12.0,10.56,2273.0,625.0,1648.0,16627.0,18.0,18.0,19.0,10.92,,,,,,,,,,,,,,,,,,,,,,,,,
0a5535c4-e893-4e41-aa87-71bc19d5458c,2025-12-08 15:20:24 UTC,False,14792.0,CFOP,Gan 12 UI Maglev,RandomForest,6433.0,14792.0,,,gan12,custom_rules,,,,8.0,0.0,0.0,14792.0,68.0,68.0,78.0,4.6,5979.0,8813.0,2923.0,0.0,2923.0,2923.0,8.0,8.0,10.0,2.74,1955.0,980.0,975.0,4878.0,8.0,8.0,9.0,8.21,1446.0,704.0,742.0,6324.0,8.0,8.0,9.0,10.78,1482.0,806.0,676.0,7806.0,8.0,8.0,10.0,11.83,2367.0,1286.0,1081.0,10173.0,13.0,13.0,15.0,12.03,2242.0,1535.0,707.0,12415.0,8.0,8.0,9.0,11.32,2377.0,668.0,1709.0,14792.0,15.0,15.0,16.0,8.78,,,,,,,,,,,,,,,,,,,,,,,,,
06521606-6765-4e2c-b46a-8f4ba455b32b,2025-12-08 15:20:56 UTC,False,16330.0,CFOP,Gan 12 UI Maglev,RandomForest,7551.0,16330.0,,,gan12,custom_rules,,,,8.0,0.0,0.0,16330.0,57.0,63.0,75.0,3.49,6698.0,9632.0,4213.0,0.0,4213.0,4213.0,9.0,10.0,12.0,2.14,0.0,0.0,0.0,4213.0,0.0,0.0,0.0,0.0,2568.0,1625.0,943.0,6781.0,8.0,8.0,10.0,8.48,2239.0,939.0,1300.0,9020.0,8.0,8.0,8.0,6.15,3056.0,2233.0,823.0,12076.0,11.0,11.0,12.0,13.37,1890.0,1003.0,887.0,13966.0,9.0,9.0,10.0,10.15,2364.0,898.0,1466.0,16330.0,12.0,17.0,23.0,8.19,,,,,,,,,,,,,,,,,,,,,,,,,
443c98e4-7929-4a6e-8cbe-3c6ce03069c5,2025-12-08 15:21:43 UTC,False,16698.0,CFOP,Gan 12 UI Maglev,RandomForest,20376.0,16698.0,,,gan12,custom_rules,,,,8.0,0.0,0.0,16698.0,69.0,69.0,78.0,4.13,6702.0,9996.0,2515.0,0.0,2515.0,2515.0,8.0,8.0,10.0,3.18,3224.0,862.0,2362.0,5739.0,8.0,8.0,10.0,3.39,3341.0,1837.0,1504.0,9080.0,10.0,10.0,10.0,6.65,1314.0,1136.0,178.0,10394.0,4.0,4.0,4.0,22.47,1693.0,863.0,830.0,12087.0,9.0,9.0,11.0,10.84,1771.0,853.0,918.0,13858.0,11.0,11.0,12.0,11.98,2840.0,1151.0,1689.0,16698.0,19.0,19.0,21.0,11.25,,,,,,,,,,,,,,,,,,,,,,,,,
f9257b31-7cdb-4ae8-a482-0678946f2e0f,2025-12-08 15:22:16 UTC,False,16358.0,CFOP,Gan 12 UI Maglev,RandomForest,7278.0,16358.0,,,gan12,custom_rules,,,,8.0,0.0,0.0,16358.0,59.0,59.0,69.0,3.61,7463.0,8895.0,1086.0,0.0,1086.0,1086.0,5.0,5.0,7.0,4.6,4974.0,2255.0,2719.0,6060.0,9.0,9.0,11.0,3.31,1732.0,855.0,877.0,7792.0,7.0,7.0,8.0,7.98,2804.0,1677.0,1127.0,10596.0,11.0,11.0,12.0,9.76,1577.0,563.0,1014.0,12173.0,8.0,8.0,8.0,7.89,1755.0,1022.0,733.0,13928.0,8.0,8.0,9.0,10.91,2430.0,1091.0,1339.0,16358.0,11.0,11.0,14.0,8.22,,,,,,,,,,,,,,,,,,,,,,,,,
f099734b-acdd-4ba5-bf2c-75e3782d609b,2025-12-08 15:25:15 UTC,False,17033.0,CFOP,Gan 12 UI Maglev,RandomForest,11126.0,17033.0,,,gan12,custom_rules,,,,8.0,0.0,0.0,17033.0,75.0,78.0,85.0,4.4,5314.0,11719.0,2882.0,0.0,2882.0,2882.0,7.0,7.0,7.0,2.43,2842.0,568.0,2274.0,5724.0,9.0,9.0,10.0,3.96,2067.0,685.0,1382.0,7791.0,9.0,10.0,11.0,6.51,2211.0,631.0,1580.0,10002.0,14.0,15.0,15.0,8.86,1617.0,717.0,900.0,11619.0,12.0,12.0,12.0,13.33,1362.0,661.0,701.0,12981.0,8.0,8.0,8.0,11.41,4052.0,2052.0,2000.0,17033.0,17.0,18.0,22.0,8.5,,,,,,,,,,,,,,,,,,,,,,,,,
81f44670-ceff-428e-89ec-54a1e6c9fdd7,2025-12-08 15:25:58 UTC,False,26576.0,CFOP,Gan 12 UI Maglev,RandomForest,7513.0,26576.0,,,gan12,custom_rules,,,,8.0,0.0,0.0,26576.0,77.0,82.0,91.0,2.9,5287.0,21289.0,16200.0,0.0,16200.0,16200.0,33.0,37.0,42.0,2.04,0.0,0.0,0.0,16200.0,0.0,0.0,0.0,0.0,0.0,0.0,0.0,16200.0,0.0,0.0,0.0,0.0,2941.0,1240.0,1701.0,19141.0,11.0,11.0,12.0,6.47,2078.0,1482.0,596.0,21219.0,7.0,7.0,8.0,11.74,2233.0,1322.0,911.0,23452.0,10.0,11.0,11.0,10.98,3124.0,1243.0,1881.0,26576.0,16.0,16.0,18.0,8.51,,,,,,,,,,,,,,,,,,,,,,,,,
91f7ade0-e75c-47aa-aecb-c9e9cd124a78,2025-12-08 15:26:42 UTC,False,17018.0,CFOP,Gan 12 UI Maglev,RandomForest,18331.0,17018.0,,,gan12,custom_rules,,,,8.0,0.0,0.0,17018.0,70.0,75.0,81.0,4.11,322.0,16696.0,11527.0,0.0,11527.0,11527.0,36.0,39.0,44.0,3.12,0.0,0.0,0.0,11527.0,0.0,0.0,0.0,0.0,2125.0,113.0,2012.0,13652.0,14.0,16.0,17.0,6.96,3366.0,209.0,3157.0,17018.0,20.0,20.0,20.0,6.34,0.0,0.0,0.0,17018.0,0.0,0.0,0.0,0.0,0.0,0.0,0.0,17018.0,0.0,0.0,0.0,0.0,0.0,0.0,0.0,17018.0,0.0,0.0,0.0,0.0,,,,,,,,,,,,,,,,,,,,,,,,,
77fff207-1df9-4061-9786-2b9d88fdd71f,2025-12-08 15:27:19 UTC,False,13277.0,CFOP,Gan 12 UI Maglev,RandomForest,13083.0,13277.0,,,gan12,custom_rules,,,,8.0,0.0,0.0,13277.0,62.0,66.0,73.0,4.67,3983.0,9294.0,2913.0,0.0,2913.0,2913.0,10.0,12.0,14.0,3.43,0.0,0.0,0.0,2913.0,0.0,0.0,0.0,0.0,3023.0,1094.0,1929.0,5936.0,11.0,11.0,12.0,5.7,1724.0,903.0,821.0,7660.0,9.0,9.0,10.0,10.96,1448.0,731.0,717.0,9108.0,8.0,8.0,8.0,11.16,2725.0,714.0,2011.0,11833.0,11.0,13.0,15.0,5.47,1444.0,541.0,903.0,13277.0,13.0,13.0,14.0,14.4,,,,,,,,,,,,,,,,,,,,,,,,,
81173914-de0d-44fe-8f83-724781b14883,2025-12-08 15:27:52 UTC,False,18222.0,CFOP,Gan 12 UI Maglev,RandomForest,4385.0,18222.0,,,gan12,custom_rules,,,,8.0,0.0,0.0,18222.0,70.0,74.0,93.0,3.84,7458.0,10764.0,2561.0,0.0,2561.0,2561.0,11.0,11.0,12.0,4.3,2270.0,996.0,1274.0,4831.0,10.0,10.0,13.0,7.85,3185.0,2158.0,1027.0,8016.0,9.0,9.0,11.0,8.76,3273.0,515.0,2758.0,11289.0,12.0,12.0,14.0,4.35,2630.0,2010.0,620.0,13919.0,8.0,8.0,8.0,12.9,2425.0,924.0,1501.0,16344.0,12.0,12.0,13.0,7.99,1878.0,855.0,1023.0,18222.0,8.0,12.0,22.0,7.82,,,,,,,,,,,,,,,,,,,,,,,,,
f8d3bd81-7557-45c6-ba7e-7f15f0949ea8,2025-12-08 15:28:21 UTC,False,15078.0,CFOP,Gan 12 UI Maglev,RandomForest,4310.0,15078.0,,,gan12,custom_rules,,,,8.0,0.0,0.0,15078.0,67.0,68.0,73.0,4.44,6364.0,8714.0,1497.0,0.0,1497.0,1497.0,6.0,6.0,6.0,4.01,1911.0,1022.0,889.0,3408.0,8.0,8.0,8.0,9.0,2124.0,1254.0,870.0,5532.0,7.0,7.0,8.0,8.05,2481.0,774.0,1707.0,8013.0,13.0,14.0,14.0,7.62,2128.0,649.0,1479.0,10141.0,7.0,7.0,8.0,4.73,1883.0,1069.0,814.0,12024.0,9.0,9.0,10.0,11.06,3054.0,1596.0,1458.0,15078.0,17.0,17.0,19.0,11.66,,,,,,,,,,,,,,,,,,,,,,,,,
54e41766-a326-416a-8db2-b99ec2b14c29,2025-12-08 15:29:10 UTC,False,21895.0,CFOP,Gan 12 UI Maglev,RandomForest,17390.0,21895.0,,,gan12,custom_rules,,,,8.0,0.0,0.0,21895.0,75.0,76.0,92.0,3.43,10225.0,11670.0,2587.0,0.0,2587.0,2587.0,7.0,7.0,10.0,2.71,3560.0,2497.0,1063.0,6147.0,8.0,8.0,10.0,7.53,5497.0,2344.0,3153.0,11644.0,15.0,15.0,17.0,4.76,2930.0,1987.0,943.0,14574.0,13.0,13.0,13.0,13.79,1770.0,1270.0,500.0,16344.0,7.0,7.0,7.0,14.0,2211.0,1131.0,1080.0,18555.0,10.0,10.0,15.0,9.26,3340.0,996.0,2344.0,21895.0,15.0,16.0,20.0,6.4,,,,,,,,,,,,,,,,,,,,,,,,,
a72e61e9-135f-4415-85e0-dd264fe06f11,2025-12-08 15:29:43 UTC,False,17707.0,CFOP,Gan 12 UI Maglev,RandomForest,6091.0,17707.0,,,gan12,custom_rules,,,,8.0,0.0,0.0,17707.0,54.0,58.0,70.0,3.05,8275.0,9432.0,1113.0,0.0,1113.0,1113.0,5.0,5.0,7.0,4.49,3716.0,1989.0,1727.0,4829.0,8.0,8.0,10.0,4.63,2143.0,870.0,1273.0,6972.0,7.0,7.0,7.0,5.5,3425.0,1326.0,2099.0,10397.0,9.0,9.0,9.0,4.29,3036.0,1996.0,1040.0,13433.0,7.0,7.0,7.0,6.73,1969.0,881.0,1088.0,15402.0,10.0,10.0,13.0,9.19,2305.0,1213.0,1092.0,17707.0,8.0,12.0,17.0,7.33,,,,,,,,,,,,,,,,,,,,,,,,,
5bc2202e-0c1c-47cd-9aec-e7e4702352b7,2025-12-08 15:30:15 UTC,False,16173.0,CFOP,Gan 12 UI Maglev,RandomForest,5165.0,16173.0,,,gan12,custom_rules,,,,8.0,0.0,0.0,16173.0,70.0,72.0,78.0,4.33,5504.0,10669.0,822.0,0.0,822.0,822.0,5.0,5.0,5.0,6.08,2684.0,596.0,2088.0,3506.0,11.0,11.0,13.0,5.27,3809.0,420.0,3389.0,7315.0,18.0,18.0,21.0,5.31,596.0,435.0,161.0,7911.0,4.0,4.0,4.0,24.84,2162.0,1558.0,604.0,10073.0,9.0,9.0,9.0,14.9,2105.0,1009.0,1096.0,12178.0,7.0,7.0,7.0,6.39,3995.0,1486.0,2509.0,16173.0,16.0,18.0,19.0,6.38,,,,,,,,,,,,,,,,,,,,,,,,,
7cb1344f-ba0f-49c2-8f3f-f6e1a4c4528b,2025-12-08 15:30:43 UTC,False,14281.0,CFOP,Gan 12 UI Maglev,RandomForest,5480.0,14281.0,,,gan12,custom_rules,,,,8.0,0.0,0.0,14281.0,65.0,66.0,76.0,4.55,6068.0,8213.0,2069.0,0.0,2069.0,2069.0,7.0,7.0,8.0,3.38,1433.0,290.0,1143.0,3502.0,7.0,7.0,9.0,6.12,1603.0,942.0,661.0,5105.0,7.0,7.0,8.0,10.59,2776.0,1880.0,896.0,7881.0,8.0,9.0,11.0,8.93,2229.0,1208.0,1021.0,10110.0,8.0,8.0,9.0,7.84,1535.0,818.0,717.0,11645.0,8.0,8.0,9.0,11.16,2636.0,930.0,1706.0,14281.0,20.0,20.0,22.0,11.72,,,,,,,,,,,,,,,,,,,,,,,,,
ee99d16a-8325-4d6c-bd35-987b72573282,2025-12-08 15:31:25 UTC,False,18471.0,CFOP,Gan 12 UI Maglev,RandomForest,14457.0,18471.0,,,gan12,custom_rules,,,,8.0,0.0,0.0,18471.0,67.0,69.0,76.0,3.63,6771.0,11700.0,4960.0,0.0,4960.0,4960.0,10.0,10.0,11.0,2.02,1323.0,961.0,362.0,6283.0,3.0,3.0,3.0,8.29,2137.0,1275.0,862.0,8420.0,9.0,10.0,11.0,10.44,2102.0,1191.0,911.0,10522.0,7.0,7.0,7.0,7.68,1905.0,1004.0,901.0,12427.0,7.0,7.0,7.0,7.77,2202.0,1065.0,1137.0,14629.0,14.0,14.0,15.0,12.31,3842.0,1275.0,2567.0,18471.0,17.0,18.0,22.0,6.62,,,,,,,,,,,,,,,,,,,,,,,,,
adbed10e-2f0d-4554-a948-43d0ce7b9df1,2025-12-08 15:32:01 UTC,False,18639.0,CFOP,Gan 12 UI Maglev,RandomForest,8952.0,18639.0,,,gan12,custom_rules,,,,8.0,0.0,0.0,18639.0,67.0,72.0,83.0,3.59,8304.0,10335.0,1176.0,0.0,1176.0,1176.0,6.0,6.0,6.0,5.1,3730.0,2547.0,1183.0,4906.0,10.0,10.0,11.0,8.45,5880.0,2047.0,3833.0,10786.0,18.0,18.0,20.0,4.7,1579.0,283.0,1296.0,12365.0,7.0,7.0,7.0,5.4,1625.0,676.0,949.0,13990.0,11.0,11.0,12.0,11.59,2362.0,1548.0,814.0,16352.0,8.0,8.0,9.0,9.83,2287.0,1203.0,1084.0,18639.0,9.0,13.0,18.0,8.3,,,,,,,,,,,,,,,,,,,,,,,,,
e99db293-4d57-497c-92e5-bde039a349f5,2025-12-08 15:32:33 UTC,False,17631.0,CFOP,Gan 12 UI Maglev,RandomForest,5896.0,17631.0,,,gan12,custom_rules,,,,8.0,0.0,0.0,17631.0,69.0,76.0,85.0,3.91,4468.0,13163.0,5507.0,0.0,5507.0,5507.0,17.0,18.0,18.0,3.09,0.0,0.0,0.0,5507.0,0.0,0.0,0.0,0.0,4312.0,1313.0,2999.0,9819.0,19.0,20.0,21.0,6.34,2211.0,347.0,1864.0,12030.0,6.0,6.0,6.0,3.22,1855.0,1177.0,678.0,13885.0,9.0,9.0,9.0,13.27,1354.0,651.0,703.0,15239.0,7.0,7.0,8.0,9.96,2392.0,980.0,1412.0,17631.0,11.0,16.0,23.0,7.79,,,,,,,,,,,,,,,,,,,,,,,,,
a53578f0-39f0-4494-9ed7-7ced3aa238ff,2025-12-08 15:33:23 UTC,False,21625.0,CFOP,Gan 12 UI Maglev,RandomForest,19682.0,21625.0,,,gan12,custom_rules,,,,8.0,0.0,0.0,21625.0,69.0,69.0,83.0,3.19,5585.0,16040.0,4229.0,0.0,4229.0,4229.0,9.0,9.0,10.0,2.13,3421.0,274.0,3147.0,7650.0,10.0,10.0,11.0,3.18,1894.0,571.0,1323.0,9544.0,6.0,6.0,7.0,4.54,3288.0,339.0,2949.0,12832.0,11.0,11.0,14.0,3.73,2090.0,1039.0,1051.0,14922.0,7.0,7.0,8.0,6.66,2811.0,1187.0,1624.0,17733.0,10.0,10.0,13.0,6.16,3892.0,2175.0,1717.0,21625.0,17.0,17.0,20.0,9.9,,,,,,,,,,,,,,,,,,,,,,,,,
6c373fea-f61e-48c7-9761-cfed1a09ff4d,2025-12-08 15:34:22 UTC,False,17369.0,CFOP,Gan 12 UI Maglev,RandomForest,14548.0,17369.0,,,gan12,custom_rules,,,,8.0,0.0,0.0,17369.0,57.0,58.0,69.0,3.28,9625.0,7687.0,1854.0,0.0,1854.0,1911.0,5.0,5.0,7.0,2.7,1369.0,1176.0,193.0,3280.0,4.0,4.0,4.0,20.73,1464.0,1279.0,185.0,4744.0,4.0,4.0,4.0,21.62,2518.0,1072.0,1446.0,7262.0,8.0,8.0,10.0,5.53,2278.0,1658.0,620.0,9540.0,8.0,8.0,11.0,12.9,2214.0,708.0,1506.0,11754.0,12.0,12.0,13.0,7.97,5615.0,3732.0,1883.0,17369.0,16.0,17.0,20.0,8.5,,,,,,,,,,,,,,,,,,,,,,,,,
4d634d62-891c-4a72-9904-810093046e7d,2025-12-08 15:35:01 UTC,False,19133.0,CFOP,Gan 12 UI Maglev,RandomForest,9604.0,19133.0,,,gan12,custom_rules,,,,8.0,0.0,0.0,19133.0,70.0,70.0,75.0,3.66,9480.0,9557.0,3544.0,0.0,3544.0,3640.0,8.0,8.0,9.0,2.26,2633.0,1618.0,1015.0,6273.0,7.0,7.0,7.0,6.9,2374.0,1680.0,694.0,8647.0,8.0,8.0,9.0,11.53,2621.0,2106.0,515.0,11268.0,9.0,9.0,9.0,17.48,2250.0,1339.0,911.0,13518.0,9.0,9.0,10.0,9.88,2545.0,1030.0,1515.0,16063.0,13.0,13.0,13.0,8.58,3070.0,1707.0,1363.0,19133.0,16.0,16.0,18.0,11.74,,,,,,,,,,,,,,,,,,,,,,,,,
0a847921-ab8c-4c6a-a782-0eed8b06a43a,2025-12-08 15:35:39 UTC,False,22015.0,CFOP,Gan 12 UI Maglev,RandomForest,7331.0,22015.0,,,gan12,custom_rules,,,,8.0,0.0,0.0,22015.0,84.0,89.0,100.0,3.82,4278.0,17672.0,2573.0,0.0,2573.0,2638.0,9.0,9.0,11.0,3.5,0.0,0.0,0.0,2638.0,0.0,0.0,0.0,0.0,4693.0,780.0,3913.0,7331.0,16.0,16.0,20.0,4.09,1926.0,797.0,1129.0,9257.0,8.0,8.0,8.0,7.09,2235.0,881.0,1354.0,11492.0,9.0,9.0,9.0,6.65,7983.0,890.0,7093.0,19475.0,28.0,32.0,35.0,3.95,2540.0,930.0,1610.0,22015.0,14.0,15.0,17.0,8.7,,,,,,,,,,,,,,,,,,,,,,,,,
6d8d19a5-294d-477e-8129-6f751eac33c6,2025-12-08 15:36:13 UTC,False,15094.0,CFOP,Gan 12 UI Maglev,RandomForest,9808.0,15094.0,,,gan12,custom_rules,,,,8.0,0.0,0.0,15094.0,58.0,58.0,72.0,3.84,4150.0,10944.0,2793.0,0.0,2793.0,2793.0,10.0,10.0,11.0,3.58,2575.0,1454.0,1121.0,5368.0,7.0,7.0,9.0,6.24,2122.0,645.0,1477.0,7490.0,10.0,10.0,10.0,6.77,3360.0,129.0,3231.0,10850.0,14.0,14.0,16.0,4.33,1238.0,370.0,868.0,12088.0,8.0,8.0,9.0,9.22,2356.0,902.0,1454.0,14444.0,10.0,10.0,15.0,6.88,650.0,650.0,0.0,15094.0,1.0,1.0,2.0,,,,,,,,,,,,,,,,,,,,,,,,,,
c2f98450-47e4-43d5-948e-b7c1fcddddfd,2025-12-08 15:36:46 UTC,False,19464.0,CFOP,Gan 12 UI Maglev,RandomForest,4637.0,19464.0,,,gan12,custom_rules,,,,8.0,0.0,0.0,19464.0,70.0,74.0,85.0,3.6,6776.0,12567.0,3799.0,0.0,3799.0,3920.0,9.0,9.0,12.0,2.37,4334.0,2523.0,1811.0,8254.0,11.0,11.0,12.0,6.07,1986.0,676.0,1310.0,10240.0,8.0,8.0,9.0,6.11,2479.0,869.0,1610.0,12719.0,12.0,12.0,13.0,7.45,2049.0,798.0,1251.0,14768.0,8.0,8.0,8.0,6.39,2727.0,838.0,1889.0,17495.0,13.0,13.0,13.0,6.88,1969.0,1072.0,897.0,19464.0,9.0,13.0,18.0,10.03,,,,,,,,,,,,,,,,,,,,,,,,,
9b11eae3-1380-43f4-b7c9-3a2fe00ccbe4,2025-12-08 15:37:31 UTC,False,29637.0,CFOP,Gan 12 UI Maglev,RandomForest,7683.0,29637.0,,,gan12,custom_rules,,,,8.0,0.0,0.0,29637.0,108.0,113.0,127.0,3.64,2512.0,27125.0,19846.0,0.0,19846.0,19846.0,61.0,65.0,75.0,3.07,0.0,0.0,0.0,19846.0,0.0,0.0,0.0,0.0,0.0,0.0,0.0,19846.0,0.0,0.0,0.0,0.0,0.0,0.0,0.0,19846.0,0.0,0.0,0.0,0.0,3086.0,457.0,2629.0,22932.0,12.0,12.0,13.0,4.56,2308.0,902.0,1406.0,25240.0,14.0,14.0,14.0,9.96,4397.0,1153.0,3244.0,29637.0,21.0,22.0,25.0,6.47,,,,,,,,,,,,,,,,,,,,,,,,,
c1a524fc-0e5a-49cf-9cd9-fe2a29222416,2025-12-08 15:38:10 UTC,False,17654.0,CFOP,Gan 12 UI Maglev,RandomForest,7781.0,17654.0,,,gan12,custom_rules,,,,8.0,0.0,0.0,17654.0,71.0,75.0,82.0,4.02,7807.0,9847.0,1937.0,0.0,1937.0,1937.0,6.0,7.0,7.0,3.1,1339.0,1054.0,285.0,3276.0,4.0,4.0,4.0,14.04,3094.0,1438.0,1656.0,6370.0,11.0,11.0,12.0,6.64,1232.0,468.0,764.0,7602.0,8.0,8.0,10.0,10.47,2807.0,2243.0,564.0,10409.0,10.0,10.0,10.0,17.73,2514.0,971.0,1543.0,12923.0,12.0,14.0,14.0,7.78,4731.0,1633.0,3098.0,17654.0,20.0,21.0,25.0,6.46,,,,,,,,,,,,,,,,,,,,,,,,,
06a031d6-141e-412d-a461-bae89ada0b05,2025-12-08 15:38:46 UTC,False,20382.0,CFOP,Gan 12 UI Maglev,RandomForest,7413.0,20382.0,,,gan12,custom_rules,,,,8.0,0.0,0.0,20382.0,82.0,83.0,91.0,4.02,8307.0,12075.0,5732.0,0.0,5732.0,5732.0,17.0,17.0,19.0,2.97,781.0,588.0,193.0,6513.0,4.0,4.0,4.0,20.73,2928.0,1712.0,1216.0,9441.0,10.0,10.0,10.0,8.22,1764.0,1112.0,652.0,11205.0,8.0,8.0,10.0,12.27,3453.0,2968.0,485.0,14658.0,8.0,8.0,8.0,16.49,1943.0,877.0,1066.0,16601.0,11.0,11.0,12.0,10.32,3781.0,1050.0,2731.0,20382.0,24.0,25.0,28.0,8.79,,,,,,,,,,,,,,,,,,,,,,,,,
55be7466-da0d-4166-be32-732387c7effd,2025-12-08 15:39:30 UTC,False,18482.0,CFOP,Gan 12 UI Maglev,RandomForest,8927.0,18482.0,,,gan12,custom_rules,,,,8.0,0.0,0.0,18482.0,69.0,70.0,79.0,3.73,10084.0,8398.0,1967.0,0.0,1967.0,1967.0,7.0,7.0,9.0,3.56,2584.0,1932.0,652.0,4551.0,8.0,8.0,9.0,12.27,3386.0,2685.0,701.0,7937.0,8.0,8.0,9.0,11.41,1818.0,900.0,918.0,9755.0,8.0,8.0,9.0,8.71,2577.0,1481.0,1096.0,12332.0,8.0,8.0,9.0,7.3,1695.0,769.0,926.0,14027.0,13.0,13.0,13.0,14.04,4455.0,2317.0,2138.0,18482.0,17.0,18.0,21.0,7.95,,,,,,,,,,,,,,,,,,,,,,,,,
7f86f1c9-c720-4a5c-b5f2-603a753bc65c,2025-12-08 15:40:36 UTC,False,25139.0,CFOP,Gan 12 UI Maglev,RandomForest,4809.0,25139.0,,,gan12,custom_rules,,,,8.0,0.0,0.0,25139.0,87.0,91.0,101.0,3.46,8898.0,16241.0,1762.0,0.0,1762.0,1762.0,6.0,8.0,14.0,3.41,10082.0,2277.0,7805.0,11844.0,26.0,27.0,30.0,3.33,3680.0,2423.0,1257.0,15524.0,7.0,7.0,7.0,5.57,2251.0,1373.0,878.0,17775.0,8.0,8.0,8.0,9.11,2309.0,602.0,1707.0,20084.0,10.0,10.0,10.0,5.86,2593.0,1289.0,1304.0,22677.0,14.0,15.0,15.0,10.74,2462.0,934.0,1528.0,25139.0,16.0,16.0,17.0,10.47,,,,,,,,,,,,,,,,,,,,,,,,,
c7e49e3e-4a19-4f46-8339-b3d4cd6f19e3,2025-12-08 15:42:09 UTC,False,16234.0,CFOP,Gan 12 UI Maglev,RandomForest,6939.0,16234.0,,,gan12,custom_rules,,,,8.0,0.0,0.0,16234.0,68.0,73.0,87.0,4.19,5848.0,10386.0,1629.0,0.0,1629.0,1629.0,6.0,6.0,8.0,3.68,1443.0,1193.0,250.0,3072.0,3.0,3.0,3.0,12.0,2880.0,1311.0,1569.0,5952.0,8.0,8.0,10.0,5.1,2055.0,871.0,1184.0,8007.0,12.0,12.0,13.0,10.14,1381.0,765.0,616.0,9388.0,7.0,7.0,8.0,11.36,4383.0,612.0,3771.0,13771.0,21.0,21.0,22.0,5.57,2463.0,1096.0,1367.0,16234.0,11.0,16.0,23.0,8.05,,,,,,,,,,,,,,,,,,,,,,,,,
cdcc9461-20fa-4ad9-a59b-c7b97a4f4953,2025-12-08 15:42:47 UTC,False,19603.0,CFOP,Gan 12 UI Maglev,RandomForest,7985.0,19603.0,,,gan12,custom_rules,,,,8.0,0.0,0.0,19603.0,84.0,85.0,93.0,4.29,7150.0,12453.0,3148.0,0.0,3148.0,3148.0,9.0,10.0,10.0,2.86,4169.0,1754.0,2415.0,7317.0,15.0,15.0,18.0,6.21,2300.0,1334.0,966.0,9617.0,8.0,8.0,9.0,8.28,2177.0,1222.0,955.0,11794.0,11.0,11.0,12.0,11.52,2767.0,540.0,2227.0,14561.0,11.0,11.0,13.0,4.94,2285.0,1261.0,1024.0,16846.0,11.0,11.0,12.0,10.74,2757.0,1039.0,1718.0,19603.0,19.0,19.0,19.0,11.06,,,,,,,,,,,,,,,,,,,,,,,,,
c78b2fe6-7f0b-422d-88b1-2382e4b44395,2025-12-08 15:44:08 UTC,False,20750.0,CFOP,Gan 12 UI Maglev,RandomForest,10947.0,20750.0,,,gan12,custom_rules,,,,8.0,0.0,0.0,20750.0,73.0,79.0,89.0,3.52,5886.0,14864.0,3986.0,0.0,3986.0,3986.0,10.0,10.0,10.0,2.51,2262.0,976.0,1286.0,6248.0,9.0,10.0,10.0,7.0,4233.0,1053.0,3180.0,10481.0,11.0,11.0,13.0,3.46,1677.0,718.0,959.0,12158.0,6.0,6.0,8.0,6.26,2437.0,866.0,1571.0,14595.0,11.0,11.0,12.0,7.0,3725.0,972.0,2753.0,18320.0,18.0,19.0,19.0,6.54,2430.0,1301.0,1129.0,20750.0,8.0,12.0,17.0,7.09,,,,,,,,,,,,,,,,,,,,,,,,,
efc9f343-066c-4db7-86e5-aa65a58ebcfe,2025-12-08 15:44:44 UTC,False,16707.0,CFOP,Gan 12 UI Maglev,RandomForest,7211.0,16707.0,,,gan12,custom_rules,,,,8.0,0.0,0.0,16707.0,70.0,72.0,82.0,4.19,7330.0,9264.0,911.0,0.0,911.0,1024.0,4.0,4.0,6.0,4.39,3112.0,2315.0,797.0,4136.0,9.0,9.0,11.0,11.29,2514.0,347.0,2167.0,6650.0,11.0,12.0,13.0,5.08,1962.0,1220.0,742.0,8612.0,11.0,11.0,11.0,14.82,2529.0,810.0,1719.0,11141.0,11.0,11.0,13.0,6.4,1992.0,862.0,1130.0,13133.0,9.0,9.0,10.0,7.96,3574.0,1776.0,1798.0,16707.0,15.0,16.0,18.0,8.34,,,,,,,,,,,,,,,,,,,,,,,,,
42f85335-8a02-44f6-8515-62bc706e4e52,2025-12-08 15:45:31 UTC,False,24085.0,CFOP,Gan 12 UI Maglev,RandomForest,10060.0,24085.0,,,gan12,custom_rules,,,,8.0,0.0,0.0,24085.0,60.0,60.0,68.0,2.49,13518.0,10567.0,3432.0,0.0,3432.0,3432.0,8.0,8.0,10.0,2.33,7821.0,6708.0,1113.0,11253.0,6.0,6.0,8.0,5.39,2340.0,1583.0,757.0,13593.0,8.0,8.0,8.0,10.57,4482.0,2028.0,2454.0,18075.0,10.0,10.0,11.0,4.07,1347.0,1081.0,266.0,19422.0,4.0,4.0,4.0,15.04,1970.0,1233.0,737.0,21392.0,8.0,8.0,9.0,10.85,2693.0,885.0,1808.0,24085.0,16.0,16.0,18.0,8.85,,,,,,,,,,,,,,,,,,,,,,,,,
90e543d2-a98e-479e-992f-e53716bb4236,2025-12-08 15:46:11 UTC,False,19167.0,CFOP,Gan 12 UI Maglev,RandomForest,9725.0,19167.0,,,gan12,custom_rules,,,,8.0,0.0,0.0,19167.0,68.0,70.0,79.0,3.55,6320.0,12783.0,4180.0,0.0,4180.0,4244.0,7.0,7.0,9.0,1.67,3710.0,1848.0,1862.0,7954.0,8.0,8.0,9.0,4.3,2004.0,661.0,1343.0,9958.0,10.0,11.0,12.0,7.45,2420.0,851.0,1569.0,12378.0,8.0,8.0,9.0,5.1,1241.0,661.0,580.0,13619.0,6.0,6.0,7.0,10.34,2129.0,937.0,1192.0,15748.0,13.0,13.0,14.0,10.91,3419.0,1362.0,2057.0,19167.0,16.0,17.0,19.0,7.78,,,,,,,,,,,,,,,,,,,,,,,,,
901015f1-6a6a-482a-8f25-a8a1be197af7,2025-12-08 15:46:49 UTC,False,18831.0,CFOP,Gan 12 UI Maglev,RandomForest,8927.0,18831.0,,,gan12,custom_rules,,,,8.0,0.0,0.0,18831.0,59.0,60.0,68.0,3.13,9183.0,9648.0,4123.0,0.0,4123.0,4123.0,8.0,8.0,10.0,1.94,3620.0,2573.0,1047.0,7743.0,8.0,8.0,8.0,7.64,1920.0,711.0,1209.0,9663.0,7.0,7.0,8.0,5.79,919.0,621.0,298.0,10582.0,4.0,4.0,4.0,13.42,2056.0,1460.0,596.0,12638.0,8.0,8.0,9.0,13.42,2317.0,1359.0,958.0,14955.0,7.0,7.0,8.0,7.31,3876.0,2459.0,1417.0,18831.0,17.0,18.0,21.0,12.0,,,,,,,,,,,,,,,,,,,,,,,,,
fa4b3a72-47d5-4167-890b-40a29335b7cb,2025-12-08 15:47:48 UTC,False,25622.0,CFOP,Gan 12 UI Maglev,RandomForest,11983.0,25622.0,,,gan12,custom_rules,,,,8.0,0.0,0.0,25622.0,66.0,68.0,76.0,2.58,12006.0,13616.0,6518.0,0.0,6518.0,6518.0,9.0,9.0,11.0,1.38,3683.0,2553.0,1130.0,10201.0,9.0,9.0,10.0,7.96,2523.0,1547.0,976.0,12724.0,8.0,8.0,8.0,8.2,4078.0,2923.0,1155.0,16802.0,10.0,10.0,10.0,8.66,2489.0,1304.0,1185.0,19291.0,8.0,8.0,9.0,6.75,2545.0,1578.0,967.0,21836.0,7.0,7.0,7.0,7.24,3786.0,2101.0,1685.0,25622.0,15.0,17.0,21.0,8.9,,,,,,,,,,,,,,,,,,,,,,,,,
d9ece996-3a2c-423f-b05e-49323713d71c,2025-12-08 15:49:39 UTC,False,12199.0,CFOP,Gan 12 UI Maglev,RandomForest,89183.0,12199.0,,,gan12,custom_rules,,,,8.0,0.0,0.0,12199.0,57.0,59.0,68.0,4.67,5276.0,6923.0,1152.0,0.0,1152.0,1152.0,5.0,5.0,6.0,4.34,1790.0,726.0,1064.0,2942.0,7.0,8.0,9.0,6.58,1837.0,297.0,1540.0,4779.0,11.0,11.0,12.0,7.14,1000.0,711.0,289.0,5779.0,3.0,3.0,4.0,10.38,1890.0,850.0,1040.0,7669.0,11.0,11.0,12.0,10.58,1752.0,987.0,765.0,9421.0,10.0,11.0,12.0,13.07,2778.0,1705.0,1073.0,12199.0,10.0,10.0,13.0,9.32,,,,,,,,,,,,,,,,,,,,,,,,,
46127b55-b6f3-4f63-afb8-6da074b07a13,2025-12-08 15:51:23 UTC,False,20486.0,CFOP,Gan 12 UI Maglev,RandomForest,4841.0,20486.0,,,gan12,custom_rules,,,,8.0,0.0,0.0,20486.0,81.0,86.0,100.0,3.95,6277.0,14209.0,7192.0,0.0,7192.0,7192.0,23.0,24.0,30.0,3.2,0.0,0.0,0.0,7192.0,0.0,0.0,0.0,0.0,3229.0,893.0,2336.0,10421.0,20.0,20.0,22.0,8.56,2568.0,1506.0,1062.0,12989.0,8.0,8.0,8.0,7.53,2500.0,1749.0,751.0,15489.0,8.0,8.0,9.0,10.65,2564.0,977.0,1587.0,18053.0,13.0,13.0,13.0,8.19,2433.0,1152.0,1281.0,20486.0,9.0,13.0,18.0,7.03,,,,,,,,,,,,,,,,,,,,,,,,,
f3cbcc74-ea57-42fb-9393-96d281b1a276,2025-12-08 15:51:57 UTC,False,20290.0,CFOP,Gan 12 UI Maglev,RandomForest,4383.0,20290.0,,,gan12,custom_rules,,,,8.0,0.0,0.0,20290.0,72.0,72.0,90.0,3.55,8658.0,11575.0,1313.0,0.0,1313.0,1370.0,5.0,5.0,8.0,3.81,3645.0,2446.0,1199.0,5015.0,8.0,8.0,9.0,6.67,4038.0,2352.0,1686.0,9053.0,13.0,13.0,17.0,7.71,1645.0,798.0,847.0,10698.0,8.0,8.0,9.0,9.45,1901.0,596.0,1305.0,12599.0,8.0,8.0,9.0,6.13,1939.0,1190.0,749.0,14538.0,8.0,8.0,10.0,10.68,5752.0,1276.0,4476.0,20290.0,22.0,22.0,28.0,4.92,,,,,,,,,,,,,,,,,,,,,,,,,
fd2dcfd1-3b6d-4f7e-a588-1f7f26928447,2025-12-08 15:52:37 UTC,False,19882.0,CFOP,Gan 12 UI Maglev,RandomForest,9828.0,19882.0,,,gan12,custom_rules,,,,8.0,0.0,0.0,19882.0,75.0,76.0,81.0,3.77,9995.0,9887.0,1458.0,0.0,1458.0,1458.0,7.0,7.0,7.0,4.8,3057.0,1508.0,1549.0,4515.0,7.0,7.0,7.0,4.52,3544.0,2310.0,1234.0,8059.0,8.0,8.0,10.0,6.48,4609.0,2999.0,1610.0,12668.0,9.0,9.0,9.0,5.59,1518.0,555.0,963.0,14186.0,11.0,11.0,11.0,11.42,2254.0,838.0,1416.0,16440.0,17.0,17.0,17.0,12.01,3442.0,1785.0,1657.0,19882.0,16.0,17.0,20.0,9.66,,,,,,,,,,,,,,,,,,,,,,,,,
822bbb9c-f8a0-48ca-b427-44435f5a689e,2025-12-08 15:53:12 UTC,False,19924.0,CFOP,Gan 12 UI Maglev,RandomForest,6293.0,19924.0,,,gan12,custom_rules,,,,8.0,0.0,0.0,19924.0,71.0,75.0,80.0,3.56,7927.0,11997.0,4614.0,0.0,4614.0,4614.0,9.0,10.0,12.0,1.95,2355.0,1356.0,999.0,6969.0,9.0,10.0,10.0,9.01,2578.0,1186.0,1392.0,9547.0,14.0,15.0,15.0,10.06,3469.0,2219.0,1250.0,13016.0,7.0,7.0,8.0,5.6,1500.0,1008.0,492.0,14516.0,7.0,7.0,7.0,14.23,2536.0,1343.0,1193.0,17052.0,9.0,10.0,10.0,7.54,2872.0,815.0,2057.0,19924.0,16.0,16.0,18.0,7.78,,,,,,,,,,,,,,,,,,,,,,,,,
006c8c6b-82c2-4f86-b442-c6229290098d,2025-12-08 15:54:12 UTC,False,17584.0,CFOP,Gan 12 UI Maglev,RandomForest,15661.0,17584.0,,,gan12,custom_rules,,,,8.0,0.0,0.0,17584.0,64.0,66.0,69.0,3.64,7425.0,10159.0,4659.0,0.0,4659.0,4659.0,8.0,8.0,8.0,1.72,1959.0,1032.0,927.0,6618.0,7.0,7.0,7.0,7.55,1569.0,1158.0,411.0,8187.0,4.0,4.0,4.0,9.73,2302.0,1214.0,1088.0,10489.0,8.0,8.0,9.0,7.35,2582.0,2013.0,569.0,13071.0,9.0,9.0,10.0,15.82,2354.0,1136.0,1218.0,15425.0,12.0,14.0,14.0,9.85,2159.0,872.0,1287.0,17584.0,16.0,16.0,17.0,12.43,,,,,,,,,,,,,,,,,,,,,,,,,
45a64349-bf59-48c5-96bd-8f2d5acb5ff1,2025-12-08 15:54:45 UTC,False,16528.0,CFOP,Gan 12 UI Maglev,RandomForest,6271.0,16528.0,,,gan12,custom_rules,,,,8.0,0.0,0.0,16528.0,73.0,74.0,84.0,4.42,6364.0,10164.0,1826.0,0.0,1826.0,1826.0,7.0,7.0,9.0,3.83,2535.0,1577.0,958.0,4361.0,8.0,8.0,10.0,8.35,1921.0,946.0,975.0,6282.0,8.0,8.0,11.0,8.21,2861.0,1475.0,1386.0,9143.0,11.0,11.0,11.0,7.94,3069.0,839.0,2230.0,12212.0,12.0,12.0,13.0,5.38,2297.0,730.0,1567.0,14509.0,12.0,13.0,13.0,7.66,2019.0,797.0,1222.0,16528.0,15.0,15.0,17.0,12.27,,,,,,,,,,,,,,,,,,,,,,,,,
28fb58a4-e3d4-42e3-ab4d-5d6ba0bf2525,2025-12-08 15:55:18 UTC,False,16909.0,CFOP,Gan 12 UI Maglev,RandomForest,4754.0,16909.0,,,gan12,custom_rules,,,,8.0,0.0,0.0,16909.0,81.0,84.0,90.0,4.79,5878.0,11031.0,1305.0,0.0,1305.0,1305.0,5.0,5.0,6.0,3.83,1544.0,493.0,1051.0,2849.0,8.0,9.0,9.0,7.61,2613.0,1096.0,1517.0,5462.0,12.0,13.0,13.0,7.91,1928.0,730.0,1198.0,7390.0,7.0,7.0,9.0,5.84,1696.0,1057.0,639.0,9086.0,8.0,8.0,9.0,12.52,4803.0,936.0,3867.0,13889.0,25.0,25.0,25.0,6.46,3020.0,1566.0,1454.0,16909.0,16.0,17.0,19.0,11.0,,,,,,,,,,,,,,,,,,,,,,,,,
45fd6f89-548e-40a4-9323-e1ecb857f008,2025-12-08 15:56:03 UTC,False,16267.0,CFOP,Gan 12 UI Maglev,RandomForest,17235.0,16267.0,,,gan12,custom_rules,,,,8.0,0.0,0.0,16267.0,67.0,67.0,76.0,4.12,7710.0,8557.0,2250.0,0.0,2250.0,2250.0,6.0,6.0,7.0,2.67,3007.0,2047.0,960.0,5257.0,8.0,8.0,9.0,8.33,2077.0,973.0,1104.0,7334.0,8.0,8.0,10.0,7.25,2480.0,1521.0,959.0,9814.0,8.0,8.0,10.0,8.34,2485.0,1737.0,748.0,12299.0,8.0,8.0,10.0,10.7,1886.0,708.0,1178.0,14185.0,13.0,13.0,13.0,11.04,2082.0,724.0,1358.0,16267.0,16.0,16.0,17.0,11.78,,,,,,,,,,,,,,,,,,,,,,,,,
4d6e53b6-b8db-4fd7-852a-b062fa26cfb9,2025-12-08 15:56:45 UTC,False,18162.0,CFOP,Gan 12 UI Maglev,RandomForest,6284.0,18162.0,,,gan12,custom_rules,,,,8.0,0.0,0.0,18162.0,71.0,73.0,82.0,3.91,5957.0,12205.0,1654.0,0.0,1654.0,1654.0,5.0,5.0,7.0,3.02,3678.0,1804.0,1874.0,5332.0,8.0,8.0,9.0,4.27,4374.0,325.0,4049.0,9706.0,18.0,18.0,19.0,4.45,1352.0,789.0,563.0,11058.0,6.0,7.0,7.0,10.66,2089.0,804.0,1285.0,13147.0,8.0,8.0,9.0,6.23,2268.0,1016.0,1252.0,15415.0,10.0,11.0,12.0,7.99,2747.0,1219.0,1528.0,18162.0,16.0,16.0,19.0,10.47,,,,,,,,,,,,,,,,,,,,,,,,,
0e061353-9993-4970-98ab-e2a65c093050,2025-12-08 15:57:31 UTC,False,22392.0,CFOP,Gan 12 UI Maglev,RandomForest,12986.0,22392.0,,,gan12,custom_rules,,,,8.0,0.0,0.0,22392.0,68.0,71.0,80.0,3.04,12709.0,9410.0,1794.0,0.0,1794.0,2067.0,5.0,7.0,9.0,2.79,7114.0,4694.0,2420.0,9181.0,12.0,12.0,15.0,4.96,1475.0,928.0,547.0,10656.0,7.0,7.0,8.0,12.8,4664.0,3101.0,1563.0,15320.0,10.0,10.0,10.0,6.4,1031.0,265.0,766.0,16351.0,8.0,8.0,8.0,10.44,2662.0,1778.0,884.0,19013.0,11.0,11.0,12.0,12.44,3379.0,1943.0,1436.0,22392.0,15.0,16.0,18.0,10.45,,,,,,,,,,,,,,,,,,,,,,,,,
aeb60b02-9696-4d10-b892-75c659cf6a26,2025-12-08 15:58:07 UTC,False,20390.0,CFOP,Gan 12 UI Maglev,RandomForest,6585.0,20390.0,,,gan12,custom_rules,,,,8.0,0.0,0.0,20390.0,74.0,77.0,86.0,3.63,8839.0,11551.0,1071.0,0.0,1071.0,1071.0,5.0,6.0,7.0,4.67,6433.0,3883.0,2550.0,7504.0,12.0,12.0,13.0,4.71,1831.0,623.0,1208.0,9335.0,8.0,8.0,9.0,6.62,3120.0,1385.0,1735.0,12455.0,12.0,12.0,14.0,6.92,1576.0,798.0,778.0,14031.0,7.0,7.0,8.0,9.0,3961.0,1161.0,2800.0,17992.0,14.0,16.0,17.0,5.0,2398.0,989.0,1409.0,20390.0,16.0,16.0,18.0,11.36,,,,,,,,,,,,,,,,,,,,,,,,,
07b11e8d-a810-4e29-acc7-32c5251d56d1,2025-12-08 15:58:43 UTC,False,19336.0,CFOP,Gan 12 UI Maglev,RandomForest,6384.0,19336.0,,,gan12,custom_rules,,,,8.0,0.0,0.0,19336.0,76.0,77.0,86.0,3.93,6524.0,12812.0,2235.0,0.0,2235.0,2235.0,8.0,8.0,8.0,3.58,3725.0,1174.0,2551.0,5960.0,11.0,11.0,12.0,4.31,1600.0,394.0,1206.0,7560.0,8.0,8.0,9.0,6.63,1999.0,1693.0,306.0,9559.0,3.0,3.0,4.0,9.8,2665.0,1176.0,1489.0,12224.0,11.0,11.0,12.0,7.39,4634.0,1057.0,3577.0,16858.0,20.0,21.0,25.0,5.59,2478.0,1030.0,1448.0,19336.0,15.0,15.0,16.0,10.36,,,,,,,,,,,,,,,,,,,,,,,,,
9cfe6efd-222b-438b-a8f2-308e1b9ca926,2025-12-08 15:59:15 UTC,False,16105.0,CFOP,Gan 12 UI Maglev,RandomForest,7309.0,16105.0,,,gan12,custom_rules,,,,8.0,0.0,0.0,16105.0,71.0,72.0,79.0,4.41,7273.0,8832.0,1153.0,0.0,1153.0,1153.0,5.0,5.0,6.0,4.34,4755.0,3829.0,926.0,5908.0,7.0,7.0,7.0,7.56,2264.0,475.0,1789.0,8172.0,14.0,15.0,15.0,7.83,1660.0,652.0,1008.0,9832.0,8.0,8.0,10.0,7.94,2829.0,806.0,2023.0,12661.0,14.0,14.0,15.0,6.92,1539.0,822.0,717.0,14200.0,8.0,8.0,9.0,11.16,1905.0,689.0,1216.0,16105.0,15.0,15.0,17.0,12.34,,,,,,,,,,,,,,,,,,,,,,,,,
17431811-b2a3-47cc-9802-128f00d46873,2025-12-08 15:59:53 UTC,False,14196.0,CFOP,Gan 12 UI Maglev,RandomForest,10170.0,14196.0,,,gan12,custom_rules,,,,8.0,0.0,0.0,14196.0,67.0,67.0,69.0,4.72,4541.0,9655.0,2613.0,0.0,2613.0,2613.0,8.0,8.0,8.0,3.06,1606.0,427.0,1179.0,4219.0,8.0,8.0,8.0,6.79,2584.0,781.0,1803.0,6803.0,11.0,11.0,12.0,6.1,1954.0,926.0,1028.0,8757.0,8.0,8.0,8.0,7.78,1023.0,314.0,709.0,9780.0,7.0,7.0,8.0,9.87,1526.0,913.0,613.0,11306.0,8.0,8.0,8.0,13.05,2890.0,1180.0,1710.0,14196.0,17.0,17.0,17.0,9.94,,,,,,,,,,,,,,,,,,,,,,,,,
299f1cc3-b51f-4fa8-b35a-3a8ca8334020,2025-12-08 16:00:37 UTC,False,17456.0,CFOP,Gan 12 UI Maglev,RandomForest,16782.0,17456.0,,,gan12,custom_rules,,,,8.0,0.0,0.0,17456.0,72.0,73.0,84.0,4.12,4506.0,12950.0,2128.0,0.0,2128.0,2128.0,7.0,7.0,9.0,3.29,0.0,0.0,0.0,2128.0,0.0,0.0,0.0,0.0,1991.0,515.0,1476.0,4119.0,14.0,14.0,15.0,9.49,4789.0,724.0,4065.0,8908.0,15.0,15.0,17.0,3.69,1438.0,668.0,770.0,10346.0,8.0,8.0,10.0,10.39,3247.0,1463.0,1784.0,13593.0,13.0,13.0,14.0,7.29,3863.0,1136.0,2727.0,17456.0,15.0,16.0,19.0,5.5,,,,,,,,,,,,,,,,,,,,,,,,,
df1dcf7c-c691-44f7-9d82-d18ef54899bd,2025-12-08 16:02:09 UTC,False,15964.0,CFOP,Gan 12 UI Maglev,RandomForest,26951.0,15964.0,,,gan12,custom_rules,,,,8.0,0.0,0.0,15964.0,59.0,64.0,76.0,3.7,5370.0,10530.0,1345.0,0.0,1345.0,1409.0,5.0,5.0,6.0,3.72,2106.0,466.0,1640.0,3515.0,9.0,9.0,9.0,5.49,3399.0,966.0,2433.0,6914.0,8.0,8.0,8.0,3.29,2666.0,868.0,1798.0,9580.0,10.0,11.0,12.0,5.56,1881.0,1070.0,811.0,11461.0,8.0,8.0,9.0,9.86,1963.0,717.0,1246.0,13424.0,10.0,10.0,13.0,8.03,2540.0,1283.0,1257.0,15964.0,9.0,13.0,19.0,7.16,,,,,,,,,,,,,,,,,,,,,,,,,
bd456b00-ebe3-419d-a2b9-49af0458fe15,2025-12-08 16:02:43 UTC,False,16231.0,CFOP,Gan 12 UI Maglev,RandomForest,9102.0,16231.0,,,gan12,custom_rules,,,,8.0,0.0,0.0,16231.0,61.0,63.0,72.0,3.76,7458.0,8773.0,1616.0,0.0,1616.0,1616.0,6.0,6.0,8.0,3.71,3103.0,1144.0,1959.0,4719.0,7.0,7.0,8.0,3.57,2943.0,2082.0,861.0,7662.0,8.0,8.0,9.0,9.29,3295.0,1351.0,1944.0,10957.0,12.0,12.0,14.0,6.17,1153.0,830.0,323.0,12110.0,4.0,4.0,4.0,12.38,1173.0,593.0,580.0,13283.0,8.0,8.0,8.0,13.79,2948.0,1458.0,1490.0,16231.0,16.0,18.0,21.0,10.74,,,,,,,,,,,,,,,,,,,,,,,,,
d2920096-9969-4bfd-8d65-1e6c8141eff9,2025-12-08 16:03:12 UTC,False,16573.0,CFOP,Gan 12 UI Maglev,RandomForest,4681.0,16573.0,,,gan12,custom_rules,,,,8.0,0.0,0.0,16573.0,61.0,61.0,67.0,3.68,8389.0,8184.0,2064.0,0.0,2064.0,2064.0,7.0,7.0,7.0,3.39,1187.0,1043.0,144.0,3251.0,3.0,3.0,3.0,20.83,3124.0,1722.0,1402.0,6375.0,8.0,8.0,11.0,5.71,2740.0,1759.0,981.0,9115.0,8.0,8.0,10.0,8.15,3208.0,1992.0,1216.0,12323.0,9.0,9.0,9.0,7.4,2314.0,1081.0,1233.0,14637.0,11.0,11.0,11.0,8.92,1936.0,792.0,1144.0,16573.0,15.0,15.0,16.0,13.11,,,,,,,,,,,,,,,,,,,,,,,,,
3cb3c71b-1214-47a5-b6f4-1b7c08a3e352,2025-12-08 16:04:08 UTC,False,15666.0,CFOP,Gan 12 UI Maglev,RandomForest,11072.0,15666.0,,,gan12,custom_rules,,,,8.0,0.0,0.0,15666.0,60.0,65.0,77.0,3.83,6824.0,8842.0,2857.0,0.0,2857.0,2857.0,6.0,7.0,8.0,2.1,3180.0,1600.0,1580.0,6037.0,11.0,11.0,14.0,6.96,1383.0,605.0,778.0,7420.0,8.0,8.0,9.0,10.28,2785.0,1592.0,1193.0,10205.0,9.0,9.0,10.0,7.54,2129.0,1323.0,806.0,12334.0,9.0,9.0,9.0,11.17,1341.0,760.0,581.0,13675.0,8.0,8.0,9.0,13.77,1991.0,944.0,1047.0,15666.0,9.0,13.0,18.0,8.6,,,,,,,,,,,,,,,,,,,,,,,,,
875cc470-d428-4e37-a6af-a5594d59033b,2025-12-08 16:04:44 UTC,False,17938.0,CFOP,Gan 12 UI Maglev,RandomForest,8250.0,17938.0,,,gan12,custom_rules,,,,8.0,0.0,0.0,17938.0,74.0,77.0,83.0,4.13,7687.0,10251.0,1621.0,0.0,1621.0,1621.0,8.0,8.0,8.0,4.94,3750.0,1820.0,1930.0,5371.0,12.0,12.0,12.0,6.22,3877.0,2927.0,950.0,9248.0,9.0,10.0,12.0,9.47,1851.0,613.0,1238.0,11099.0,8.0,8.0,10.0,6.46,1289.0,201.0,1088.0,12388.0,7.0,7.0,7.0,6.43,2985.0,1107.0,1878.0,15373.0,14.0,16.0,17.0,7.45,2565.0,1019.0,1546.0,17938.0,16.0,16.0,17.0,10.35,,,,,,,,,,,,,,,,,,,,,,,,,
14afc632-5297-4e38-b60e-0f024c979962,2025-12-08 16:05:23 UTC,False,19980.0,CFOP,Gan 12 UI Maglev,RandomForest,9653.0,19980.0,,,gan12,custom_rules,,,,8.0,0.0,0.0,19980.0,59.0,65.0,78.0,2.95,10528.0,9380.0,1532.0,0.0,1532.0,1604.0,5.0,5.0,8.0,3.26,2594.0,1749.0,845.0,4198.0,8.0,8.0,8.0,9.47,4798.0,2721.0,2077.0,8996.0,9.0,9.0,10.0,4.33,4828.0,3412.0,1416.0,13824.0,7.0,7.0,7.0,4.94,2578.0,1427.0,1151.0,16402.0,12.0,12.0,13.0,10.43,1647.0,577.0,1070.0,18049.0,9.0,10.0,10.0,8.41,1931.0,642.0,1289.0,19980.0,10.0,15.0,22.0,7.76,,,,,,,,,,,,,,,,,,,,,,,,,
e1a22bd8-49c8-4cbf-9a09-3af461826249,2025-12-08 16:05:56 UTC,False,15123.0,CFOP,Gan 12 UI Maglev,RandomForest,7714.0,15123.0,,,gan12,custom_rules,,,,8.0,0.0,0.0,15123.0,58.0,59.0,70.0,3.84,5991.0,9132.0,2187.0,0.0,2187.0,2187.0,6.0,6.0,9.0,2.74,2142.0,1247.0,895.0,4329.0,8.0,8.0,9.0,8.94,2018.0,881.0,1137.0,6347.0,10.0,11.0,12.0,8.8,1898.0,721.0,1177.0,8245.0,8.0,8.0,8.0,6.8,2009.0,1412.0,597.0,10254.0,8.0,8.0,8.0,13.4,2211.0,873.0,1338.0,12465.0,9.0,9.0,12.0,6.73,2658.0,857.0,1801.0,15123.0,9.0,9.0,12.0,5.0,,,,,,,,,,,,,,,,,,,,,,,,,
76f9c5ba-7200-40d7-b102-c9a4b96d5f4b,2025-12-08 16:06:34 UTC,False,21174.0,CFOP,Gan 12 UI Maglev,RandomForest,7410.0,21174.0,,,gan12,custom_rules,,,,8.0,0.0,0.0,21174.0,72.0,74.0,84.0,3.4,11379.0,9795.0,1297.0,0.0,1297.0,1297.0,6.0,6.0,7.0,4.63,4083.0,3182.0,901.0,5380.0,7.0,7.0,8.0,7.77,3383.0,1921.0,1462.0,8763.0,12.0,12.0,15.0,8.21,4487.0,2564.0,1923.0,13250.0,11.0,11.0,11.0,5.72,2750.0,1558.0,1192.0,16000.0,10.0,10.0,13.0,8.39,2015.0,817.0,1198.0,18015.0,11.0,12.0,12.0,9.18,3159.0,1337.0,1822.0,21174.0,15.0,16.0,18.0,8.23,,,,,,,,,,,,,,,,,,,,,,,,,
4c489ea7-cda9-492f-9635-33f3ed7c1e7f,2025-12-08 16:07:23 UTC,False,28600.0,CFOP,Gan 12 UI Maglev,RandomForest,11183.0,28600.0,,,gan12,custom_rules,,,,8.0,0.0,0.0,28600.0,72.0,76.0,86.0,2.52,13458.0,15142.0,6318.0,0.0,6318.0,6318.0,10.0,10.0,10.0,1.58,2591.0,1712.0,879.0,8909.0,8.0,8.0,9.0,9.1,2091.0,1011.0,1080.0,11000.0,7.0,7.0,7.0,6.48,4519.0,2013.0,2506.0,15519.0,9.0,9.0,10.0,3.59,6801.0,5289.0,1512.0,22320.0,15.0,15.0,16.0,9.92,4256.0,2259.0,1997.0,26576.0,14.0,14.0,15.0,7.01,2024.0,1174.0,850.0,28600.0,9.0,13.0,19.0,10.59,,,,,,,,,,,,,,,,,,,,,,,,,
345f415d-33f1-4493-8439-d1567674ed33,2025-12-08 16:08:15 UTC,False,16056.0,CFOP,Gan 12 UI Maglev,RandomForest,16572.0,16056.0,,,gan12,custom_rules,,,,8.0,0.0,0.0,16056.0,67.0,68.0,75.0,4.17,6728.0,9328.0,2911.0,0.0,2911.0,2911.0,7.0,7.0,10.0,2.4,904.0,574.0,330.0,3815.0,3.0,3.0,4.0,9.09,2774.0,1711.0,1063.0,6589.0,7.0,8.0,9.0,6.59,2097.0,678.0,1419.0,8686.0,12.0,12.0,13.0,8.46,3151.0,2104.0,1047.0,11837.0,10.0,10.0,10.0,9.55,1709.0,814.0,895.0,13546.0,9.0,9.0,9.0,10.06,2510.0,847.0,1663.0,16056.0,19.0,19.0,20.0,11.43,,,,,,,,,,,,,,,,,,,,,,,,,
a73d4d9a-36a3-419a-af38-bc2e7d5c0d43,2025-12-08 16:09:30 UTC,False,19191.0,CFOP,Gan 12 UI Maglev,RandomForest,4830.0,19191.0,,,gan12,custom_rules,,,,8.0,0.0,0.0,19191.0,81.0,85.0,98.0,4.22,6514.0,12677.0,2177.0,0.0,2177.0,2177.0,8.0,8.0,9.0,3.67,2989.0,1603.0,1386.0,5166.0,8.0,8.0,10.0,5.77,2233.0,1081.0,1152.0,7399.0,7.0,7.0,8.0,6.08,2254.0,1023.0,1231.0,9653.0,11.0,11.0,11.0,8.94,2421.0,939.0,1482.0,12074.0,10.0,10.0,11.0,6.75,2560.0,982.0,1578.0,14634.0,12.0,12.0,13.0,7.6,4557.0,886.0,3671.0,19191.0,25.0,29.0,36.0,6.81,,,,,,,,,,,,,,,,,,,,,,,,,
b363da54-d2cb-494e-a0ef-6abfca39063d,2025-12-08 16:10:05 UTC,False,18758.0,CFOP,Gan 12 UI Maglev,RandomForest,6207.0,18758.0,,,gan12,custom_rules,,,,8.0,0.0,0.0,18758.0,66.0,67.0,78.0,3.52,8603.0,10155.0,2343.0,0.0,2343.0,2343.0,7.0,7.0,10.0,2.99,1961.0,904.0,1057.0,4304.0,8.0,8.0,9.0,7.57,2187.0,1574.0,613.0,6491.0,8.0,8.0,8.0,13.05,3333.0,747.0,2586.0,9824.0,11.0,11.0,11.0,4.25,3758.0,2847.0,911.0,13582.0,9.0,9.0,10.0,9.88,1941.0,1127.0,814.0,15523.0,8.0,8.0,10.0,9.83,3235.0,1404.0,1831.0,18758.0,16.0,17.0,20.0,8.74,,,,,,,,,,,,,,,,,,,,,,,,,
a69ae14b-47f8-4314-bd2a-b12281eea358,2025-12-08 16:10:55 UTC,False,31808.0,CFOP,Gan 12 UI Maglev,RandomForest,7740.0,31808.0,,,gan12,custom_rules,,,,8.0,0.0,0.0,31808.0,93.0,97.0,112.0,2.92,6213.0,25595.0,13616.0,0.0,13616.0,13616.0,32.0,32.0,35.0,2.35,0.0,0.0,0.0,13616.0,0.0,0.0,0.0,0.0,4086.0,1299.0,2787.0,17702.0,11.0,11.0,11.0,3.95,2374.0,1160.0,1214.0,20076.0,8.0,8.0,9.0,6.59,5483.0,1128.0,4355.0,25559.0,20.0,20.0,24.0,4.59,3464.0,1466.0,1998.0,29023.0,13.0,13.0,13.0,6.51,2785.0,1160.0,1625.0,31808.0,9.0,13.0,20.0,5.54,,,,,,,,,,,,,,,,,,,,,,,,,
e7f12004-e111-4fd8-98ee-806f4a86cabd,2025-12-08 18:51:35 UTC,False,19066.0,CFOP,Gan 12 UI Maglev,RandomForest,15414.0,19066.0,,,gan12,custom_rules,,,,8.0,0.0,0.0,19066.0,58.0,63.0,78.0,3.04,6335.0,12731.0,2036.0,0.0,2036.0,2036.0,5.0,5.0,6.0,2.46,5350.0,671.0,4679.0,7386.0,9.0,9.0,10.0,1.92,3809.0,2010.0,1799.0,11195.0,10.0,11.0,12.0,5.56,1737.0,678.0,1059.0,12932.0,7.0,7.0,9.0,6.61,2005.0,844.0,1161.0,14937.0,8.0,8.0,9.0,6.89,2052.0,1036.0,1016.0,16989.0,10.0,10.0,14.0,9.84,2077.0,1096.0,981.0,19066.0,9.0,13.0,18.0,9.17,,,,,,,,,,,,,,,,,,,,,,,,,
c3fe38f0-8318-4565-a940-a6a0a3a578c5,2025-12-08 18:52:14 UTC,False,18152.0,CFOP,Gan 12 UI Maglev,RandomForest,9778.0,18152.0,,,gan12,custom_rules,,,,8.0,0.0,0.0,18152.0,64.0,64.0,76.0,3.53,9711.0,8361.0,2269.0,0.0,2269.0,2349.0,9.0,9.0,10.0,3.97,4207.0,2910.0,1297.0,6556.0,10.0,10.0,12.0,7.71,1208.0,652.0,556.0,7764.0,6.0,6.0,7.0,10.79,1932.0,902.0,1030.0,9696.0,7.0,7.0,9.0,6.8,2606.0,1614.0,992.0,12302.0,8.0,8.0,10.0,8.06,1737.0,1052.0,685.0,14039.0,7.0,7.0,7.0,10.22,4113.0,2581.0,1532.0,18152.0,17.0,17.0,21.0,11.1,,,,,,,,,,,,,,,,,,,,,,,,,
3eff3883-4ccb-4a54-9b24-f7e1583fd661,2025-12-08 18:52:42 UTC,False,11270.0,CFOP,Gan 12 UI Maglev,RandomForest,7854.0,11270.0,,,gan12,custom_rules,,,,8.0,0.0,0.0,11270.0,48.0,52.0,64.0,4.26,5320.0,5894.0,1063.0,0.0,1063.0,1119.0,5.0,5.0,6.0,4.7,1873.0,1391.0,482.0,2992.0,4.0,4.0,5.0,8.3,1567.0,504.0,1063.0,4559.0,8.0,8.0,9.0,7.53,1814.0,856.0,958.0,6373.0,8.0,8.0,10.0,8.35,1488.0,731.0,757.0,7861.0,8.0,8.0,9.0,10.57,1403.0,750.0,653.0,9264.0,7.0,7.0,7.0,10.72,2006.0,1088.0,918.0,11270.0,8.0,12.0,18.0,8.71,,,,,,,,,,,,,,,,,,,,,,,,,
ec4ebec1-0e11-4ebb-85e8-21fe30dc86d5,2025-12-08 18:53:38 UTC,False,17208.0,CFOP,Gan 12 UI Maglev,RandomForest,26563.0,17208.0,,,gan12,custom_rules,,,,8.0,0.0,0.0,17208.0,75.0,76.0,82.0,4.36,3628.0,13580.0,7527.0,0.0,7527.0,7527.0,24.0,24.0,28.0,3.19,0.0,0.0,0.0,7527.0,0.0,0.0,0.0,0.0,0.0,0.0,0.0,7527.0,0.0,0.0,0.0,0.0,1488.0,523.0,965.0,9015.0,8.0,9.0,9.0,8.29,1793.0,945.0,848.0,10808.0,8.0,8.0,8.0,9.43,2703.0,1128.0,1575.0,13511.0,16.0,16.0,17.0,10.16,3697.0,1032.0,2665.0,17208.0,19.0,19.0,20.0,7.13,,,,,,,,,,,,,,,,,,,,,,,,,
ed84be39-9981-4ad8-88e9-047bb7d30922,2025-12-08 18:54:07 UTC,False,14619.0,CFOP,Gan 12 UI Maglev,RandomForest,5902.0,14619.0,,,gan12,custom_rules,,,,8.0,0.0,0.0,14619.0,64.0,66.0,75.0,4.38,5079.0,9540.0,3046.0,0.0,3046.0,3046.0,6.0,6.0,9.0,1.97,2777.0,1204.0,1573.0,5823.0,7.0,7.0,9.0,4.45,1274.0,411.0,863.0,7097.0,7.0,7.0,7.0,8.11,1201.0,621.0,580.0,8298.0,7.0,7.0,7.0,12.07,1579.0,943.0,636.0,9877.0,7.0,7.0,8.0,11.01,2141.0,903.0,1238.0,12018.0,14.0,14.0,15.0,11.31,2601.0,997.0,1604.0,14619.0,16.0,18.0,20.0,9.98,,,,,,,,,,,,,,,,,,,,,,,,,
62bab168-4881-4010-98d7-84c562d484b4,2025-12-08 18:54:37 UTC,False,15611.0,CFOP,Gan 12 UI Maglev,RandomForest,3671.0,15611.0,,,gan12,custom_rules,,,,8.0,0.0,0.0,15611.0,77.0,78.0,88.0,4.93,6707.0,8904.0,1409.0,0.0,1409.0,1409.0,6.0,6.0,8.0,4.26,3595.0,2677.0,918.0,5004.0,8.0,8.0,9.0,8.71,1748.0,733.0,1015.0,6752.0,9.0,9.0,11.0,8.87,1592.0,650.0,942.0,8344.0,8.0,8.0,8.0,8.49,1410.0,483.0,927.0,9754.0,12.0,12.0,13.0,12.94,2304.0,812.0,1492.0,12058.0,17.0,17.0,17.0,11.39,3553.0,1352.0,2201.0,15611.0,17.0,18.0,22.0,7.72,,,,,,,,,,,,,,,,,,,,,,,,,
ce7c7bf8-db12-49d7-82f1-f31912109a6c,2025-12-08 18:55:18 UTC,False,15045.0,CFOP,Gan 12 UI Maglev,RandomForest,16751.0,15045.0,,,gan12,custom_rules,,,,8.0,0.0,0.0,15045.0,73.0,76.0,85.0,4.85,7215.0,7830.0,733.0,0.0,733.0,733.0,4.0,5.0,5.0,5.46,1868.0,564.0,1304.0,2601.0,11.0,11.0,12.0,8.44,2006.0,1111.0,895.0,4607.0,8.0,8.0,9.0,8.94,2748.0,1293.0,1455.0,7355.0,15.0,15.0,15.0,10.31,2524.0,1904.0,620.0,9879.0,8.0,8.0,10.0,12.9,1599.0,616.0,983.0,11478.0,10.0,11.0,11.0,10.17,3567.0,1727.0,1840.0,15045.0,17.0,18.0,23.0,9.24,,,,,,,,,,,,,,,,,,,,,,,,,
3bf32f0c-6833-48f6-8f52-cf8e34685b81,2025-12-08 18:55:53 UTC,False,19421.0,CFOP,Gan 12 UI Maglev,RandomForest,6127.0,19421.0,,,gan12,custom_rules,,,,8.0,0.0,0.0,19421.0,70.0,76.0,91.0,3.6,6304.0,13117.0,3902.0,0.0,3902.0,3902.0,8.0,8.0,9.0,2.05,669.0,500.0,169.0,4571.0,4.0,4.0,5.0,23.67,2142.0,1490.0,652.0,6713.0,6.0,6.0,9.0,9.2,3250.0,97.0,3153.0,9963.0,12.0,12.0,13.0,3.81,1706.0,1302.0,404.0,11669.0,8.0,8.0,8.0,19.8,2861.0,1558.0,1303.0,14530.0,10.0,11.0,12.0,7.67,4891.0,1357.0,3534.0,19421.0,23.0,28.0,35.0,6.51,,,,,,,,,,,,,,,,,,,,,,,,,
d95f1108-c9cc-47fe-8e21-0da16c48d8e9,2025-12-08 18:56:27 UTC,False,16427.0,CFOP,Gan 12 UI Maglev,RandomForest,7628.0,16427.0,,,gan12,custom_rules,,,,8.0,0.0,0.0,16427.0,67.0,67.0,78.0,4.08,5111.0,11316.0,2159.0,0.0,2159.0,2159.0,7.0,7.0,9.0,3.24,4223.0,112.0,4111.0,6382.0,14.0,14.0,15.0,3.41,2156.0,1253.0,903.0,8538.0,7.0,7.0,7.0,7.75,1961.0,1704.0,257.0,10499.0,4.0,4.0,5.0,15.56,1861.0,532.0,1329.0,12360.0,11.0,11.0,12.0,8.28,1739.0,812.0,927.0,14099.0,10.0,10.0,13.0,10.79,2328.0,698.0,1630.0,16427.0,15.0,15.0,17.0,9.2,,,,,,,,,,,,,,,,,,,,,,,,,
756de1ab-8279-4184-bc55-cbf688222922,2025-12-08 18:57:02 UTC,False,19072.0,CFOP,Gan 12 UI Maglev,RandomForest,6429.0,19072.0,,,gan12,custom_rules,,,,8.0,0.0,0.0,19072.0,76.0,82.0,94.0,3.98,6097.0,12975.0,1071.0,0.0,1071.0,1071.0,5.0,6.0,6.0,4.67,2266.0,1074.0,1192.0,3337.0,11.0,11.0,13.0,9.23,3413.0,618.0,2795.0,6750.0,12.0,12.0,13.0,4.29,2249.0,1363.0,886.0,8999.0,8.0,8.0,9.0,9.03,1080.0,419.0,661.0,10079.0,8.0,8.0,8.0,12.1,2737.0,1257.0,1480.0,12816.0,10.0,11.0,11.0,6.76,6256.0,1366.0,4890.0,19072.0,22.0,26.0,34.0,4.5,,,,,,,,,,,,,,,,,,,,,,,,,
3e44f496-937b-46e5-8874-98d47b1521e1,2025-12-08 18:57:55 UTC,False,20089.0,CFOP,Gan 12 UI Maglev,RandomForest,23524.0,20089.0,,,gan12,custom_rules,,,,8.0,0.0,0.0,20089.0,77.0,80.0,91.0,3.83,6790.0,13299.0,3578.0,0.0,3578.0,3578.0,14.0,14.0,16.0,3.91,0.0,0.0,0.0,3578.0,0.0,0.0,0.0,0.0,2891.0,1385.0,1506.0,6469.0,7.0,7.0,8.0,4.65,1943.0,1516.0,427.0,8412.0,8.0,8.0,9.0,18.74,2016.0,1581.0,435.0,10428.0,8.0,8.0,8.0,18.39,3056.0,1233.0,1823.0,13484.0,11.0,12.0,13.0,6.03,6605.0,1075.0,5530.0,20089.0,29.0,31.0,37.0,5.24,,,,,,,,,,,,,,,,,,,,,,,,,
6e5b2ce1-a0ed-4ba7-8317-c01a72f2f557,2025-12-08 18:58:29 UTC,False,18556.0,CFOP,Gan 12 UI Maglev,RandomForest,7134.0,18556.0,,,gan12,custom_rules,,,,8.0,0.0,0.0,18556.0,76.0,86.0,104.0,4.1,5173.0,13383.0,2027.0,0.0,2027.0,2027.0,6.0,6.0,6.0,2.96,3255.0,1088.0,2167.0,5282.0,14.0,15.0,15.0,6.46,1327.0,739.0,588.0,6609.0,6.0,7.0,7.0,10.2,2795.0,681.0,2114.0,9404.0,12.0,12.0,14.0,5.68,1475.0,613.0,862.0,10879.0,8.0,8.0,10.0,9.28,1856.0,903.0,953.0,12735.0,12.0,12.0,14.0,12.59,5821.0,1149.0,4672.0,18556.0,18.0,26.0,38.0,3.85,,,,,,,,,,,,,,,,,,,,,,,,,
3348fb23-b569-49a8-a693-0cfad6c18005,2025-12-08 18:59:14 UTC,False,17570.0,CFOP,Gan 12 UI Maglev,RandomForest,13024.0,17570.0,,,gan12,custom_rules,,,,8.0,0.0,0.0,17570.0,71.0,71.0,83.0,4.04,6715.0,10855.0,2233.0,0.0,2233.0,2233.0,9.0,9.0,10.0,4.03,2167.0,539.0,1628.0,4400.0,12.0,12.0,13.0,7.37,3826.0,1333.0,2493.0,8226.0,13.0,13.0,14.0,5.21,862.0,693.0,169.0,9088.0,4.0,4.0,4.0,23.67,2894.0,1399.0,1495.0,11982.0,8.0,8.0,10.0,5.35,2309.0,733.0,1576.0,14291.0,14.0,14.0,17.0,8.88,3279.0,2018.0,1261.0,17570.0,11.0,11.0,15.0,8.72,,,,,,,,,,,,,,,,,,,,,,,,,
7709c51d-fb1a-4cf8-a91c-7d0c7d169d3c,2025-12-08 19:00:18 UTC,False,10355.0,CFOP,Gan 12 UI Maglev,RandomForest,45477.0,10355.0,,,gan12,custom_rules,,,,8.0,0.0,0.0,10355.0,48.0,48.0,56.0,4.64,5735.0,4620.0,717.0,0.0,717.0,717.0,4.0,4.0,4.0,5.58,954.0,379.0,575.0,1671.0,5.0,5.0,6.0,8.7,1455.0,1224.0,231.0,3126.0,5.0,5.0,6.0,21.65,1828.0,975.0,853.0,4954.0,7.0,7.0,8.0,8.21,1386.0,1208.0,178.0,6340.0,4.0,4.0,5.0,22.47,1726.0,975.0,751.0,8066.0,8.0,8.0,10.0,10.65,2289.0,974.0,1315.0,10355.0,15.0,15.0,17.0,11.41,,,,,,,,,,,,,,,,,,,,,,,,,
8a111bad-eee1-4dab-8f26-9d2cdb7d83ce,2025-12-08 19:02:25 UTC,False,21603.0,CFOP,Gan 12 UI Maglev,RandomForest,9011.0,21603.0,,,gan12,custom_rules,,,,8.0,0.0,0.0,21603.0,81.0,83.0,90.0,3.75,9214.0,12389.0,1434.0,0.0,1434.0,1434.0,7.0,7.0,7.0,4.88,2519.0,612.0,1907.0,3953.0,9.0,9.0,9.0,4.72,5077.0,1928.0,3149.0,9030.0,16.0,16.0,17.0,5.08,5490.0,3482.0,2008.0,14520.0,12.0,12.0,14.0,5.98,1981.0,579.0,1402.0,16501.0,12.0,12.0,13.0,8.56,1868.0,1088.0,780.0,18369.0,9.0,10.0,10.0,11.54,3234.0,1525.0,1709.0,21603.0,16.0,17.0,20.0,9.36,,,,,,,,,,,,,,,,,,,,,,,,,
7d35b00e-05b7-4dcf-8327-2f2326226556,2025-12-08 19:03:05 UTC,False,23523.0,CFOP,Gan 12 UI Maglev,RandomForest,7277.0,23523.0,,,gan12,custom_rules,,,,8.0,0.0,0.0,23523.0,75.0,79.0,86.0,3.19,9535.0,13988.0,3493.0,0.0,3493.0,3493.0,10.0,10.0,10.0,2.86,3538.0,234.0,3304.0,7031.0,12.0,13.0,15.0,3.63,1983.0,862.0,1121.0,9014.0,8.0,8.0,8.0,7.14,5668.0,3965.0,1703.0,14682.0,11.0,12.0,14.0,6.46,2106.0,515.0,1591.0,16788.0,10.0,10.0,10.0,6.29,2307.0,1106.0,1201.0,19095.0,12.0,14.0,14.0,9.99,4428.0,2853.0,1575.0,23523.0,12.0,12.0,15.0,7.62,,,,,,,,,,,,,,,,,,,,,,,,,
d83772b1-1ddf-4f8b-80f2-be06a2b47a14,2025-12-08 20:15:32 UTC,False,21908.0,CFOP,Gan 12 UI Maglev,RandomForest,8825.0,21908.0,,,gan12,custom_rules,,,,8.0,0.0,0.0,21908.0,62.0,62.0,69.0,2.83,8204.0,13704.0,8586.0,0.0,8586.0,8586.0,20.0,20.0,20.0,2.33,0.0,0.0,0.0,8586.0,0.0,0.0,0.0,0.0,2415.0,1425.0,990.0,11001.0,6.0,6.0,8.0,6.06,2369.0,1395.0,974.0,13370.0,8.0,8.0,8.0,8.21,2794.0,1896.0,898.0,16164.0,8.0,8.0,9.0,8.91,2080.0,1265.0,815.0,18244.0,9.0,9.0,10.0,11.04,3664.0,2223.0,1441.0,21908.0,11.0,11.0,14.0,7.63,,,,,,,,,,,,,,,,,,,,,,,,,
d0ed3d2f-1a04-4df5-803e-3602c13d788a,2025-12-08 20:16:06 UTC,False,17824.0,CFOP,Gan 12 UI Maglev,RandomForest,7013.0,17824.0,,,gan12,custom_rules,,,,8.0,0.0,0.0,17824.0,59.0,61.0,70.0,3.31,8026.0,9798.0,1708.0,0.0,1708.0,1708.0,6.0,7.0,9.0,3.51,5680.0,3357.0,2323.0,7388.0,10.0,11.0,12.0,4.3,1771.0,506.0,1265.0,9159.0,8.0,8.0,9.0,6.32,1574.0,632.0,942.0,10733.0,8.0,8.0,9.0,8.49,1505.0,771.0,734.0,12238.0,6.0,6.0,6.0,8.17,2434.0,812.0,1622.0,14672.0,10.0,10.0,10.0,6.17,3152.0,1948.0,1204.0,17824.0,11.0,11.0,15.0,9.14,,,,,,,,,,,,,,,,,,,,,,,,,
5ed14114-8fc4-45ff-ba6d-2dd7bdf56f94,2025-12-08 20:16:56 UTC,False,22061.0,CFOP,Gan 12 UI Maglev,RandomForest,19677.0,22061.0,,,gan12,custom_rules,,,,8.0,0.0,0.0,22061.0,73.0,76.0,89.0,3.31,7162.0,14899.0,8414.0,0.0,8414.0,8414.0,15.0,15.0,18.0,1.78,3083.0,2495.0,588.0,11497.0,4.0,4.0,5.0,6.8,1581.0,478.0,1103.0,13078.0,9.0,9.0,10.0,8.16,2567.0,1035.0,1532.0,15645.0,12.0,12.0,13.0,7.83,1283.0,507.0,776.0,16928.0,7.0,7.0,8.0,9.02,2609.0,1505.0,1104.0,19537.0,12.0,14.0,16.0,10.87,2524.0,1142.0,1382.0,22061.0,14.0,15.0,19.0,10.13,,,,,,,,,,,,,,,,,,,,,,,,,
1c7633fb-4568-4a60-bc50-922e886166f9,2025-12-08 20:17:34 UTC,False,19271.0,CFOP,Gan 12 UI Maglev,RandomForest,9501.0,19271.0,,,gan12,custom_rules,,,,8.0,0.0,0.0,19271.0,69.0,70.0,80.0,3.58,8058.0,11213.0,2895.0,0.0,2895.0,2895.0,9.0,9.0,9.0,3.11,2262.0,1126.0,1136.0,5157.0,6.0,6.0,7.0,5.28,2132.0,1528.0,604.0,7289.0,6.0,6.0,7.0,9.93,2096.0,1145.0,951.0,9385.0,6.0,6.0,7.0,6.31,2332.0,1582.0,750.0,11717.0,8.0,8.0,8.0,10.67,3749.0,1857.0,1892.0,15466.0,19.0,19.0,21.0,10.04,3805.0,820.0,2985.0,19271.0,15.0,16.0,21.0,5.03,,,,,,,,,,,,,,,,,,,,,,,,,
30d56a46-dab4-43d9-a24d-22828a354fe6,2025-12-08 20:18:20 UTC,False,18653.0,CFOP,Gan 12 UI Maglev,RandomForest,20006.0,18653.0,,,gan12,custom_rules,,,,8.0,0.0,0.0,18653.0,78.0,82.0,88.0,4.18,4542.0,14103.0,9850.0,0.0,9850.0,9858.0,30.0,34.0,38.0,3.05,0.0,0.0,0.0,9858.0,0.0,0.0,0.0,0.0,0.0,0.0,0.0,9858.0,0.0,0.0,0.0,0.0,1784.0,1285.0,499.0,11642.0,8.0,8.0,9.0,16.03,2565.0,1494.0,1071.0,14207.0,9.0,9.0,9.0,8.4,1992.0,1001.0,991.0,16199.0,12.0,12.0,13.0,12.11,2454.0,762.0,1692.0,18653.0,19.0,19.0,19.0,11.23,,,,,,,,,,,,,,,,,,,,,,,,,
fe7d0765-5f9e-450c-8857-2870bcda4cf3,2025-12-08 20:18:57 UTC,False,20500.0,CFOP,Gan 12 UI Maglev,RandomForest,6693.0,20500.0,,,gan12,custom_rules,,,,8.0,0.0,0.0,20500.0,77.0,77.0,82.0,3.76,10004.0,10496.0,2449.0,0.0,2449.0,2449.0,7.0,7.0,8.0,2.86,5974.0,4172.0,1802.0,8423.0,9.0,9.0,10.0,4.99,2677.0,1871.0,806.0,11100.0,8.0,8.0,8.0,9.93,1902.0,1031.0,871.0,13002.0,8.0,8.0,8.0,9.18,1937.0,970.0,967.0,14939.0,11.0,11.0,12.0,11.38,2696.0,1032.0,1664.0,17635.0,13.0,13.0,13.0,7.81,2865.0,928.0,1937.0,20500.0,21.0,21.0,23.0,10.84,,,,,,,,,,,,,,,,,,,,,,,,,
8c107a5b-0613-4d0f-a23f-6851f768fe7f,2025-12-08 20:19:28 UTC,False,15041.0,CFOP,Gan 12 UI Maglev,RandomForest,6439.0,15041.0,,,gan12,custom_rules,,,,8.0,0.0,0.0,15041.0,61.0,65.0,74.0,4.06,5016.0,10025.0,1080.0,0.0,1080.0,1080.0,6.0,6.0,6.0,5.56,4308.0,560.0,3748.0,5388.0,11.0,11.0,11.0,2.93,1467.0,500.0,967.0,6855.0,7.0,7.0,8.0,7.24,1800.0,986.0,814.0,8655.0,8.0,8.0,8.0,9.83,1469.0,849.0,620.0,10124.0,7.0,7.0,9.0,11.29,2961.0,1089.0,1872.0,13085.0,14.0,14.0,15.0,7.48,1956.0,1032.0,924.0,15041.0,8.0,12.0,17.0,8.66,,,,,,,,,,,,,,,,,,,,,,,,,
8b21934f-6538-47d6-8997-80701722cb11,2025-12-09 16:57:15 UTC,False,17924.0,CFOP,Gan 12 UI Maglev,RandomForest,20938.0,17924.0,,,gan12,custom_rules,,,,8.0,0.0,0.0,17924.0,71.0,73.0,78.0,3.96,7066.0,10858.0,3392.0,0.0,3392.0,3392.0,9.0,9.0,10.0,2.65,1908.0,479.0,1429.0,5300.0,7.0,7.0,8.0,4.9,1958.0,770.0,1188.0,7258.0,8.0,8.0,10.0,6.73,2286.0,1550.0,736.0,9544.0,10.0,10.0,10.0,13.59,1973.0,1371.0,602.0,11517.0,7.0,7.0,7.0,11.63,2372.0,973.0,1399.0,13889.0,11.0,11.0,11.0,7.86,4035.0,1923.0,2112.0,17924.0,19.0,21.0,22.0,9.0,,,,,,,,,,,,,,,,,,,,,,,,,
145d7498-3152-4040-aeda-36ad73a2ce86,2025-12-09 16:57:55 UTC,False,19496.0,CFOP,Gan 12 UI Maglev,RandomForest,9519.0,19496.0,,,gan12,custom_rules,,,,8.0,0.0,0.0,19496.0,65.0,67.0,78.0,3.33,10865.0,8631.0,1518.0,0.0,1518.0,1518.0,6.0,6.0,8.0,3.95,2013.0,1054.0,959.0,3531.0,8.0,8.0,9.0,8.34,5032.0,3378.0,1654.0,8563.0,7.0,7.0,8.0,4.23,1679.0,1424.0,255.0,10242.0,4.0,4.0,4.0,15.69,2539.0,1871.0,668.0,12781.0,9.0,9.0,11.0,13.47,2831.0,970.0,1861.0,15612.0,15.0,15.0,18.0,8.06,3884.0,2168.0,1716.0,19496.0,16.0,18.0,20.0,9.32,,,,,,,,,,,,,,,,,,,,,,,,,
5392f6ad-fb78-45c4-8891-7e038125beb4,2025-12-09 16:58:28 UTC,False,13879.0,CFOP,Gan 12 UI Maglev,RandomForest,8661.0,13879.0,,,gan12,custom_rules,,,,8.0,0.0,0.0,13879.0,62.0,62.0,69.0,4.47,5843.0,8036.0,1784.0,0.0,1784.0,1784.0,7.0,7.0,9.0,3.92,2554.0,1338.0,1216.0,4338.0,8.0,8.0,9.0,6.58,1919.0,896.0,1023.0,6257.0,8.0,8.0,10.0,7.82,942.0,515.0,427.0,7199.0,3.0,3.0,3.0,7.03,999.0,798.0,201.0,8198.0,4.0,4.0,4.0,19.9,3142.0,1191.0,1951.0,11340.0,17.0,17.0,17.0,8.71,2539.0,1105.0,1434.0,13879.0,16.0,16.0,17.0,11.16,,,,,,,,,,,,,,,,,,,,,,,,,
334e8fe4-c3e1-4f91-84c6-919554590eaf,2025-12-09 16:59:21 UTC,False,27409.0,CFOP,Gan 12 UI Maglev,RandomForest,14901.0,27409.0,,,gan12,custom_rules,,,,8.0,0.0,0.0,27409.0,70.0,71.0,78.0,2.55,8260.0,19149.0,11124.0,0.0,11124.0,11124.0,16.0,16.0,18.0,1.44,0.0,0.0,0.0,11124.0,0.0,0.0,0.0,0.0,5326.0,4730.0,596.0,16450.0,4.0,4.0,4.0,6.71,2735.0,492.0,2243.0,19185.0,14.0,14.0,15.0,6.24,3288.0,1596.0,1692.0,22473.0,9.0,9.0,12.0,5.32,2141.0,572.0,1569.0,24614.0,9.0,10.0,10.0,5.74,2795.0,870.0,1925.0,27409.0,18.0,18.0,19.0,9.35,,,,,,,,,,,,,,,,,,,,,,,,,
9dcb8051-e537-4342-a8fb-4558be940b19,2025-12-09 17:00:00 UTC,False,18313.0,CFOP,Gan 12 UI Maglev,RandomForest,9426.0,18313.0,,,gan12,custom_rules,,,,8.0,0.0,0.0,18313.0,68.0,68.0,77.0,3.71,5882.0,12431.0,6178.0,0.0,6178.0,6178.0,12.0,12.0,15.0,1.94,0.0,0.0,0.0,6178.0,0.0,0.0,0.0,0.0,1563.0,829.0,734.0,7741.0,8.0,8.0,9.0,10.9,2367.0,1386.0,981.0,10108.0,7.0,7.0,7.0,7.14,2909.0,1756.0,1153.0,13017.0,10.0,10.0,12.0,8.67,2242.0,1032.0,1210.0,15259.0,12.0,12.0,13.0,9.92,3054.0,879.0,2175.0,18313.0,19.0,19.0,21.0,8.74,,,,,,,,,,,,,,,,,,,,,,,,,
bdf67066-1276-4ab6-b13a-d27afe2ce4b3,2025-12-09 17:00:44 UTC,False,12087.0,CFOP,Gan 12 UI Maglev,RandomForest,21985.0,12087.0,,,gan12,custom_rules,,,,8.0,0.0,0.0,12087.0,60.0,60.0,67.0,4.96,5262.0,6825.0,967.0,0.0,967.0,967.0,7.0,7.0,8.0,7.24,1701.0,742.0,959.0,2668.0,7.0,7.0,7.0,7.3,1943.0,1169.0,774.0,4611.0,7.0,7.0,8.0,9.04,2068.0,1069.0,999.0,6679.0,7.0,7.0,8.0,7.01,1567.0,705.0,862.0,8246.0,7.0,7.0,8.0,8.12,1489.0,828.0,661.0,9735.0,8.0,8.0,10.0,12.1,2352.0,749.0,1603.0,12087.0,17.0,17.0,18.0,10.61,,,,,,,,,,,,,,,,,,,,,,,,,
308477b4-86b3-4e72-bc0c-fc13f4a2f9b8,2025-12-09 17:01:20 UTC,False,14866.0,CFOP,Gan 12 UI Maglev,RandomForest,8106.0,14866.0,,,gan12,custom_rules,,,,8.0,0.0,0.0,14866.0,69.0,71.0,77.0,4.64,7095.0,7682.0,386.0,0.0,386.0,475.0,4.0,4.0,5.0,10.36,2883.0,2327.0,556.0,3358.0,8.0,8.0,8.0,14.39,1372.0,693.0,679.0,4730.0,6.0,7.0,8.0,8.84,1851.0,443.0,1408.0,6581.0,7.0,7.0,8.0,4.97,1523.0,677.0,846.0,8104.0,12.0,12.0,12.0,14.18,3235.0,677.0,2558.0,11339.0,16.0,16.0,17.0,6.25,3527.0,2278.0,1249.0,14866.0,16.0,17.0,19.0,12.81,,,,,,,,,,,,,,,,,,,,,,,,,
79bf8e2a-b667-4f49-9b99-6f439c396bd6,2025-12-09 17:06:09 UTC,False,23562.0,CFOP,Gan 12 UI Maglev,RandomForest,9219.0,23562.0,,,gan12,custom_rules,,,,8.0,0.0,0.0,23562.0,68.0,71.0,80.0,2.89,8693.0,14869.0,5825.0,0.0,5825.0,5825.0,10.0,10.0,13.0,1.72,2094.0,1039.0,1055.0,7919.0,6.0,7.0,8.0,5.69,4594.0,1901.0,2693.0,12513.0,11.0,11.0,12.0,4.08,1972.0,1086.0,886.0,14485.0,8.0,8.0,10.0,9.03,3299.0,1620.0,1679.0,17784.0,7.0,7.0,7.0,4.17,2941.0,1870.0,1071.0,20725.0,10.0,11.0,11.0,9.34,2837.0,1177.0,1660.0,23562.0,16.0,17.0,19.0,9.64,,,,,,,,,,,,,,,,,,,,,,,,,
2872d71e-5769-41df-9460-e7325bb207b9,2025-12-09 17:07:32 UTC,False,16526.0,CFOP,Gan 12 UI Maglev,RandomForest,5908.0,16526.0,,,gan12,custom_rules,,,,8.0,0.0,0.0,16526.0,67.0,69.0,81.0,4.05,6397.0,10072.0,862.0,0.0,862.0,919.0,4.0,4.0,5.0,4.64,2198.0,1215.0,983.0,3117.0,8.0,8.0,10.0,8.14,1401.0,555.0,846.0,4518.0,7.0,7.0,8.0,8.27,2786.0,861.0,1925.0,7304.0,12.0,12.0,14.0,6.23,2362.0,1758.0,604.0,9666.0,8.0,8.0,9.0,13.25,1791.0,1001.0,790.0,11457.0,9.0,9.0,10.0,11.39,5069.0,1007.0,4062.0,16526.0,20.0,22.0,25.0,4.92,,,,,,,,,,,,,,,,,,,,,,,,,
fda12f16-4364-4615-ab2b-594b2b1f06e3,2025-12-09 17:09:22 UTC,False,16893.0,CFOP,Gan 12 UI Maglev,RandomForest,12705.0,16893.0,,,gan12,custom_rules,,,,8.0,0.0,0.0,16893.0,70.0,70.0,84.0,4.14,6026.0,10867.0,1996.0,0.0,1996.0,1996.0,6.0,6.0,8.0,3.01,1273.0,838.0,435.0,3269.0,4.0,4.0,5.0,9.2,1805.0,661.0,1144.0,5074.0,7.0,7.0,7.0,6.12,3490.0,813.0,2677.0,8564.0,15.0,15.0,16.0,5.6,2924.0,2014.0,910.0,11488.0,8.0,8.0,10.0,8.79,1706.0,644.0,1062.0,13194.0,9.0,9.0,14.0,8.47,3699.0,1056.0,2643.0,16893.0,22.0,22.0,24.0,8.32,,,,,,,,,,,,,,,,,,,,,,,,,
3c040a60-c326-4474-af72-c603d4d91c76,2025-12-09 17:10:05 UTC,False,16090.0,CFOP,Gan 12 UI Maglev,RandomForest,8935.0,16090.0,,,gan12,custom_rules,,,,8.0,0.0,0.0,16090.0,53.0,53.0,60.0,3.29,6794.0,9296.0,2183.0,0.0,2183.0,2183.0,8.0,8.0,8.0,3.66,2087.0,1386.0,701.0,4270.0,6.0,6.0,7.0,8.56,3083.0,1143.0,1940.0,7353.0,8.0,8.0,8.0,4.12,2085.0,830.0,1255.0,9438.0,8.0,8.0,9.0,6.37,1289.0,757.0,532.0,10727.0,4.0,4.0,4.0,7.52,1959.0,936.0,1023.0,12686.0,8.0,8.0,10.0,7.82,3404.0,1742.0,1662.0,16090.0,11.0,11.0,14.0,6.62,,,,,,,,,,,,,,,,,,,,,,,,,
9bf493cd-83cc-499f-848a-76e429c89f32,2025-12-09 19:26:49 UTC,False,15702.0,CFOP,Gan 12 UI Maglev,RandomForest,8495.0,15702.0,,,gan12,custom_rules,,,,8.0,0.0,0.0,15702.0,52.0,53.0,57.0,3.31,8742.0,6960.0,1734.0,0.0,1734.0,1734.0,6.0,6.0,7.0,3.46,1368.0,516.0,852.0,3102.0,8.0,8.0,9.0,9.39,3719.0,2710.0,1009.0,6821.0,10.0,10.0,10.0,9.91,2369.0,1772.0,597.0,9190.0,8.0,8.0,9.0,13.4,1947.0,1367.0,580.0,11137.0,9.0,9.0,9.0,15.52,3696.0,1508.0,2188.0,14833.0,10.0,11.0,11.0,4.57,869.0,869.0,0.0,15702.0,1.0,1.0,2.0,,,,,,,,,,,,,,,,,,,,,,,,,,
9bebe7e4-7a20-4def-84ca-c07a770e9347,2025-12-09 19:27:44 UTC,False,26585.0,CFOP,Gan 12 UI Maglev,RandomForest,11228.0,26585.0,,,gan12,custom_rules,,,,8.0,0.0,0.0,26585.0,88.0,90.0,103.0,3.31,11200.0,15329.0,2159.0,0.0,2159.0,2215.0,7.0,7.0,9.0,3.24,6540.0,4407.0,2133.0,8755.0,11.0,11.0,12.0,5.16,4836.0,2437.0,2399.0,13591.0,12.0,13.0,15.0,5.0,4261.0,770.0,3491.0,17852.0,15.0,15.0,17.0,4.3,1746.0,1319.0,427.0,19598.0,8.0,8.0,9.0,18.74,1932.0,740.0,1192.0,21530.0,12.0,12.0,13.0,10.07,5055.0,1527.0,3528.0,26585.0,23.0,24.0,28.0,6.52,,,,,,,,,,,,,,,,,,,,,,,,,
046fefd6-b56d-4a10-8c86-38abc478d2bf,2025-12-09 19:28:25 UTC,False,16518.0,CFOP,Gan 12 UI Maglev,RandomForest,15173.0,16518.0,,,gan12,custom_rules,,,,8.0,0.0,0.0,16518.0,65.0,65.0,74.0,3.94,7701.0,8817.0,1632.0,0.0,1632.0,1632.0,6.0,6.0,6.0,3.68,4168.0,3249.0,919.0,5800.0,8.0,8.0,10.0,8.71,1719.0,656.0,1063.0,7519.0,7.0,7.0,8.0,6.59,2029.0,924.0,1105.0,9548.0,7.0,7.0,7.0,6.33,1042.0,434.0,608.0,10590.0,8.0,8.0,9.0,13.16,2294.0,934.0,1360.0,12884.0,13.0,13.0,14.0,9.56,3634.0,1504.0,2130.0,16518.0,16.0,16.0,20.0,7.51,,,,,,,,,,,,,,,,,,,,,,,,,
d75060e9-7663-42a9-abba-e95c8284e251,2025-12-09 19:29:01 UTC,False,16507.0,CFOP,Gan 12 UI Maglev,RandomForest,9979.0,16507.0,,,gan12,custom_rules,,,,8.0,0.0,0.0,16507.0,68.0,71.0,87.0,4.12,7567.0,8940.0,1897.0,0.0,1897.0,1897.0,6.0,6.0,8.0,3.16,2325.0,1438.0,887.0,4222.0,7.0,7.0,9.0,7.89,2763.0,2215.0,548.0,6985.0,6.0,6.0,7.0,10.95,2129.0,876.0,1253.0,9114.0,10.0,11.0,13.0,7.98,1570.0,716.0,854.0,10684.0,8.0,8.0,9.0,9.37,2580.0,1256.0,1324.0,13264.0,13.0,15.0,17.0,9.82,3243.0,1066.0,2177.0,16507.0,18.0,18.0,24.0,8.27,,,,,,,,,,,,,,,,,,,,,,,,,
b8142636-f365-4089-93cd-12fd9558509a,2025-12-09 19:29:43 UTC,False,21851.0,CFOP,Gan 12 UI Maglev,RandomForest,9497.0,21851.0,,,gan12,custom_rules,,,,8.0,0.0,0.0,21851.0,74.0,79.0,93.0,3.39,6905.0,14946.0,2026.0,0.0,2026.0,2026.0,8.0,8.0,9.0,3.95,6604.0,660.0,5944.0,8630.0,17.0,17.0,18.0,2.86,3591.0,1241.0,2350.0,12221.0,8.0,8.0,10.0,3.4,2649.0,1690.0,959.0,14870.0,9.0,9.0,11.0,9.38,1585.0,1069.0,516.0,16455.0,8.0,8.0,8.0,15.5,2991.0,1192.0,1799.0,19446.0,13.0,13.0,14.0,7.23,2405.0,1053.0,1352.0,21851.0,11.0,16.0,23.0,8.14,,,,,,,,,,,,,,,,,,,,,,,,,
8a35c583-f2cb-4cbe-9849-050dddfb8520,2025-12-09 19:30:21 UTC,False,16571.0,CFOP,Gan 12 UI Maglev,RandomForest,11048.0,16571.0,,,gan12,custom_rules,,,,8.0,0.0,0.0,16571.0,80.0,81.0,87.0,4.83,6185.0,10386.0,977.0,0.0,977.0,977.0,4.0,5.0,5.0,4.09,3619.0,1000.0,2619.0,4596.0,15.0,15.0,18.0,5.73,1701.0,854.0,847.0,6297.0,7.0,7.0,8.0,8.26,1365.0,1058.0,307.0,7662.0,5.0,5.0,5.0,16.29,2355.0,670.0,1685.0,10017.0,11.0,11.0,13.0,6.53,3113.0,1072.0,2041.0,13130.0,19.0,19.0,19.0,9.31,3441.0,1531.0,1910.0,16571.0,19.0,19.0,19.0,9.95,,,,,,,,,,,,,,,,,,,,,,,,,
11689fd3-4265-434b-8f59-aff480d5dee2,2025-12-09 19:31:03 UTC,False,26408.0,CFOP,Gan 12 UI Maglev,RandomForest,5626.0,26408.0,,,gan12,custom_rules,,,,8.0,0.0,0.0,26408.0,80.0,81.0,93.0,3.03,8538.0,17870.0,2656.0,0.0,2656.0,2656.0,8.0,8.0,9.0,3.01,8995.0,1829.0,7166.0,11651.0,21.0,22.0,23.0,2.93,1900.0,888.0,1012.0,13551.0,7.0,7.0,8.0,6.92,5464.0,1332.0,4132.0,19015.0,12.0,12.0,14.0,2.9,3309.0,2514.0,795.0,22324.0,9.0,9.0,13.0,11.32,2080.0,1123.0,957.0,24404.0,8.0,8.0,10.0,8.36,2004.0,852.0,1152.0,26408.0,15.0,15.0,16.0,13.02,,,,,,,,,,,,,,,,,,,,,,,,,
44574024-edb1-4753-b0ca-1554dccdd4a1,2025-12-09 19:31:44 UTC,False,17712.0,CFOP,Gan 12 UI Maglev,RandomForest,14119.0,17712.0,,,gan12,custom_rules,,,,8.0,0.0,0.0,17712.0,72.0,73.0,87.0,4.07,7238.0,10474.0,3027.0,0.0,3027.0,3027.0,7.0,7.0,8.0,2.31,2794.0,1795.0,999.0,5821.0,9.0,9.0,12.0,9.01,2402.0,713.0,1689.0,8223.0,7.0,7.0,9.0,4.14,2594.0,1434.0,1160.0,10817.0,11.0,11.0,14.0,9.48,2116.0,932.0,1184.0,12933.0,12.0,12.0,12.0,10.14,2023.0,976.0,1047.0,14956.0,12.0,12.0,14.0,11.46,2756.0,1388.0,1368.0,17712.0,14.0,15.0,18.0,10.23,,,,,,,,,,,,,,,,,,,,,,,,,
0485eeb3-02eb-4172-931f-471798eacc9b,2025-12-09 19:32:28 UTC,False,24294.0,CFOP,Gan 12 UI Maglev,RandomForest,9131.0,24294.0,,,gan12,custom_rules,,,,8.0,0.0,0.0,24294.0,79.0,82.0,92.0,3.25,7959.0,16335.0,1878.0,0.0,1878.0,1878.0,9.0,9.0,10.0,4.79,4585.0,1096.0,3489.0,6463.0,10.0,10.0,12.0,2.87,4908.0,2146.0,2762.0,11371.0,8.0,9.0,10.0,2.9,6229.0,888.0,5341.0,17600.0,19.0,19.0,21.0,3.56,2487.0,1722.0,765.0,20087.0,9.0,9.0,11.0,11.76,1717.0,887.0,830.0,21804.0,10.0,11.0,11.0,12.05,2490.0,1220.0,1270.0,24294.0,14.0,15.0,17.0,11.02,,,,,,,,,,,,,,,,,,,,,,,,,
e60a7b01-ab2f-4222-8c7f-4cd1a34076bf,2025-12-09 19:32:57 UTC,False,14455.0,CFOP,Gan 12 UI Maglev,RandomForest,6311.0,14455.0,,,gan12,custom_rules,,,,8.0,0.0,0.0,14455.0,60.0,61.0,68.0,4.15,6653.0,7802.0,1786.0,0.0,1786.0,1786.0,6.0,6.0,8.0,3.36,1233.0,653.0,580.0,3019.0,6.0,6.0,7.0,10.34,3037.0,1498.0,1539.0,6056.0,9.0,9.0,9.0,5.85,1775.0,822.0,953.0,7831.0,7.0,7.0,9.0,7.35,2815.0,1630.0,1185.0,10646.0,11.0,11.0,11.0,9.28,1300.0,672.0,628.0,11946.0,6.0,6.0,6.0,9.55,2509.0,1378.0,1131.0,14455.0,15.0,16.0,18.0,13.26,,,,,,,,,,,,,,,,,,,,,,,,,
975b4c32-f922-4b83-886f-f673355a30c2,2025-12-09 19:34:02 UTC,False,15168.0,CFOP,Gan 12 UI Maglev,RandomForest,40382.0,15168.0,,,gan12,custom_rules,,,,8.0,0.0,0.0,15168.0,70.0,71.0,80.0,4.61,7119.0,7993.0,798.0,0.0,798.0,854.0,4.0,5.0,6.0,5.01,1271.0,627.0,644.0,2125.0,5.0,5.0,6.0,7.76,2429.0,726.0,1703.0,4554.0,8.0,8.0,9.0,4.7,2178.0,1976.0,202.0,6732.0,5.0,5.0,5.0,24.75,1905.0,1161.0,744.0,8637.0,9.0,9.0,10.0,12.1,2812.0,718.0,2094.0,11449.0,16.0,16.0,19.0,7.64,3719.0,1911.0,1808.0,15168.0,23.0,23.0,25.0,12.72,,,,,,,,,,,,,,,,,,,,,,,,,
6b5dabbd-b4bc-4644-8638-9a7e2746e9ac,2025-12-09 19:34:40 UTC,False,21487.0,CFOP,Gan 12 UI Maglev,RandomForest,6530.0,21487.0,,,gan12,custom_rules,,,,8.0,0.0,0.0,21487.0,77.0,78.0,85.0,3.58,5040.0,16447.0,1911.0,0.0,1911.0,1911.0,8.0,8.0,8.0,4.19,8875.0,266.0,8609.0,10786.0,20.0,20.0,21.0,2.32,1428.0,638.0,790.0,12214.0,8.0,8.0,9.0,10.13,2612.0,1130.0,1482.0,14826.0,11.0,11.0,14.0,7.42,2401.0,1846.0,555.0,17227.0,8.0,8.0,8.0,14.41,1607.0,580.0,1027.0,18834.0,9.0,10.0,10.0,8.76,2653.0,580.0,2073.0,21487.0,14.0,14.0,15.0,6.75,,,,,,,,,,,,,,,,,,,,,,,,,
1d19c6bb-0bcb-4364-a6a5-091cd461db5c,2025-12-09 19:35:14 UTC,False,13343.0,CFOP,Gan 12 UI Maglev,RandomForest,9574.0,13343.0,,,gan12,custom_rules,,,,8.0,0.0,0.0,13343.0,67.0,68.0,74.0,5.02,7141.0,6202.0,1774.0,0.0,1774.0,1774.0,7.0,7.0,7.0,3.95,1584.0,862.0,722.0,3358.0,13.0,13.0,14.0,18.01,2463.0,2277.0,186.0,5821.0,6.0,6.0,7.0,32.26,2778.0,1506.0,1272.0,8599.0,11.0,11.0,13.0,8.65,1095.0,620.0,475.0,9694.0,8.0,8.0,8.0,16.84,1371.0,702.0,669.0,11065.0,9.0,9.0,9.0,13.45,2278.0,1174.0,1104.0,13343.0,13.0,14.0,16.0,11.78,,,,,,,,,,,,,,,,,,,,,,,,,
2c95c38f-990e-4120-b413-483dd5212001,2025-12-09 19:35:51 UTC,False,17562.0,CFOP,Gan 12 UI Maglev,RandomForest,10576.0,17562.0,,,gan12,custom_rules,,,,8.0,0.0,0.0,17562.0,70.0,71.0,81.0,3.99,7043.0,10519.0,3216.0,0.0,3216.0,3216.0,7.0,7.0,10.0,2.18,1962.0,572.0,1390.0,5178.0,8.0,8.0,9.0,5.76,2255.0,1666.0,589.0,7433.0,6.0,6.0,8.0,10.19,2578.0,878.0,1700.0,10011.0,10.0,10.0,11.0,5.88,2226.0,1662.0,564.0,12237.0,7.0,7.0,8.0,12.41,2669.0,927.0,1742.0,14906.0,17.0,17.0,17.0,9.76,2656.0,1338.0,1318.0,17562.0,15.0,16.0,18.0,11.38,,,,,,,,,,,,,,,,,,,,,,,,,
b6b447d8-8fbb-465c-8279-dd33908acafa,2025-12-09 19:36:30 UTC,False,13337.0,CFOP,Gan 12 UI Maglev,RandomForest,13659.0,13337.0,,,gan12,custom_rules,,,,8.0,0.0,0.0,13337.0,66.0,69.0,77.0,4.95,5818.0,7446.0,902.0,0.0,902.0,975.0,4.0,5.0,5.0,4.43,1170.0,682.0,488.0,2145.0,6.0,7.0,7.0,12.3,2616.0,1198.0,1418.0,4761.0,10.0,11.0,11.0,7.05,2131.0,785.0,1346.0,6892.0,12.0,12.0,13.0,8.92,1981.0,1522.0,459.0,8873.0,8.0,8.0,9.0,17.43,1833.0,762.0,1071.0,10706.0,10.0,10.0,13.0,9.34,2631.0,869.0,1762.0,13337.0,16.0,16.0,19.0,9.08,,,,,,,,,,,,,,,,,,,,,,,,,
4417e8e5-25f0-4893-93dc-76bf7e4e98d6,2025-12-09 19:37:13 UTC,False,14610.0,CFOP,Gan 12 UI Maglev,RandomForest,20284.0,14610.0,,,gan12,custom_rules,,,,8.0,0.0,0.0,14610.0,66.0,66.0,72.0,4.52,4285.0,10245.0,2721.0,0.0,2721.0,2801.0,10.0,10.0,12.0,3.68,4109.0,777.0,3332.0,6910.0,12.0,12.0,12.0,3.6,1052.0,778.0,274.0,7962.0,4.0,4.0,6.0,14.6,1992.0,653.0,1339.0,9954.0,10.0,10.0,10.0,7.47,0.0,0.0,0.0,9954.0,0.0,0.0,0.0,0.0,1941.0,774.0,1167.0,11895.0,13.0,13.0,13.0,11.14,2715.0,1303.0,1412.0,14610.0,17.0,17.0,19.0,12.04,,,,,,,,,,,,,,,,,,,,,,,,,
3e2ffef2-8226-4c6d-a603-5927488aba74,2025-12-09 19:37:42 UTC,False,16708.0,CFOP,Gan 12 UI Maglev,RandomForest,2915.0,16708.0,,,gan12,custom_rules,,,,8.0,0.0,0.0,16708.0,69.0,69.0,84.0,4.13,7210.0,9498.0,1663.0,0.0,1663.0,1663.0,5.0,5.0,8.0,3.01,2226.0,1249.0,977.0,3889.0,8.0,8.0,9.0,8.19,1545.0,524.0,1021.0,5434.0,9.0,9.0,11.0,8.81,2127.0,1272.0,855.0,7561.0,7.0,7.0,8.0,8.19,4005.0,844.0,3161.0,11566.0,22.0,22.0,24.0,6.96,2025.0,1373.0,652.0,13591.0,8.0,8.0,11.0,12.27,3117.0,1948.0,1169.0,16708.0,10.0,10.0,13.0,8.55,,,,,,,,,,,,,,,,,,,,,,,,,
860c14f2-86ae-4d1d-bfad-efe73a6c05db,2025-12-09 19:38:15 UTC,False,15398.0,CFOP,Gan 12 UI Maglev,RandomForest,9180.0,15398.0,,,gan12,custom_rules,,,,8.0,0.0,0.0,15398.0,69.0,69.0,76.0,4.48,5538.0,9860.0,2123.0,0.0,2123.0,2123.0,7.0,7.0,9.0,3.3,0.0,0.0,0.0,2123.0,0.0,0.0,0.0,0.0,1658.0,766.0,892.0,3781.0,11.0,11.0,12.0,12.33,4642.0,1679.0,2963.0,8423.0,10.0,10.0,11.0,3.37,1953.0,1333.0,620.0,10376.0,9.0,9.0,9.0,14.52,2731.0,1003.0,1728.0,13107.0,16.0,16.0,18.0,9.26,2291.0,757.0,1534.0,15398.0,16.0,16.0,17.0,10.43,,,,,,,,,,,,,,,,,,,,,,,,,
cb5f282d-b84e-4387-ad57-f285fa2305e5,2025-12-09 19:38:54 UTC,False,15595.0,CFOP,Gan 12 UI Maglev,RandomForest,11325.0,15595.0,,,gan12,custom_rules,,,,8.0,0.0,0.0,15595.0,65.0,71.0,81.0,4.17,4430.0,11165.0,2099.0,0.0,2099.0,2099.0,9.0,9.0,10.0,4.29,1776.0,122.0,1654.0,3875.0,8.0,9.0,9.0,4.84,2230.0,911.0,1319.0,6105.0,11.0,11.0,12.0,8.34,3627.0,414.0,3213.0,9732.0,10.0,11.0,12.0,3.11,1612.0,531.0,1081.0,11344.0,12.0,12.0,13.0,11.1,1203.0,631.0,572.0,12547.0,6.0,6.0,6.0,10.49,3048.0,1821.0,1227.0,15595.0,10.0,14.0,19.0,8.15,,,,,,,,,,,,,,,,,,,,,,,,,
70edd19a-23a1-42f3-9684-49d6de91936e,2025-12-09 19:39:27 UTC,False,14824.0,CFOP,Gan 12 UI Maglev,RandomForest,6430.0,14824.0,,,gan12,custom_rules,,,,8.0,0.0,0.0,14824.0,64.0,68.0,84.0,4.32,5167.0,9657.0,1112.0,0.0,1112.0,1112.0,6.0,6.0,8.0,5.4,3732.0,745.0,2987.0,4844.0,15.0,15.0,17.0,5.02,2339.0,994.0,1345.0,7183.0,8.0,8.0,9.0,5.95,1385.0,395.0,990.0,8568.0,7.0,7.0,9.0,7.07,2287.0,959.0,1328.0,10855.0,10.0,11.0,12.0,7.53,2041.0,1066.0,975.0,12896.0,8.0,8.0,10.0,8.21,1928.0,1008.0,920.0,14824.0,10.0,13.0,19.0,10.87,,,,,,,,,,,,,,,,,,,,,,,,,
e4927487-20ff-418d-8fd3-b7287cecc155,2025-12-09 19:40:03 UTC,False,14520.0,CFOP,Gan 12 UI Maglev,RandomForest,10895.0,14520.0,,,gan12,custom_rules,,,,8.0,0.0,0.0,14520.0,67.0,70.0,73.0,4.61,6925.0,7595.0,911.0,0.0,911.0,911.0,7.0,7.0,7.0,7.68,2692.0,1612.0,1080.0,3603.0,7.0,7.0,7.0,6.48,1759.0,1308.0,451.0,5362.0,8.0,8.0,9.0,17.74,3466.0,1273.0,2193.0,8828.0,15.0,16.0,16.0,6.84,919.0,741.0,178.0,9747.0,4.0,4.0,4.0,22.47,1567.0,620.0,947.0,11314.0,9.0,10.0,10.0,9.5,3206.0,1371.0,1835.0,14520.0,17.0,18.0,20.0,9.26,,,,,,,,,,,,,,,,,,,,,,,,,
538316cd-d27e-4bb6-b25e-57cfec4b2092,2025-12-09 19:40:46 UTC,False,18447.0,CFOP,Gan 12 UI Maglev,RandomForest,15451.0,18447.0,,,gan12,custom_rules,,,,8.0,0.0,0.0,18447.0,74.0,78.0,85.0,4.01,2187.0,16196.0,12905.0,0.0,12905.0,12969.0,43.0,47.0,53.0,3.33,0.0,0.0,0.0,12969.0,0.0,0.0,0.0,0.0,0.0,0.0,0.0,12969.0,0.0,0.0,0.0,0.0,0.0,0.0,0.0,12969.0,0.0,0.0,0.0,0.0,0.0,0.0,0.0,12969.0,0.0,0.0,0.0,0.0,2707.0,1140.0,1567.0,15676.0,14.0,14.0,15.0,8.93,2771.0,1047.0,1724.0,18447.0,17.0,17.0,17.0,9.86,,,,,,,,,,,,,,,,,,,,,,,,,
75efbc2d-9cca-4a0b-a35a-dd8a9f4dcd4e,2025-12-09 19:41:21 UTC,False,15566.0,CFOP,Gan 12 UI Maglev,RandomForest,7882.0,15566.0,,,gan12,custom_rules,,,,8.0,0.0,0.0,15566.0,73.0,73.0,84.0,4.69,6208.0,9358.0,1918.0,0.0,1918.0,1918.0,8.0,8.0,8.0,4.17,2937.0,1369.0,1568.0,4855.0,9.0,9.0,11.0,5.74,1417.0,387.0,1030.0,6272.0,8.0,8.0,10.0,7.77,1909.0,1280.0,629.0,8181.0,8.0,8.0,10.0,12.72,2814.0,1485.0,1329.0,10995.0,11.0,11.0,11.0,8.28,1812.0,910.0,902.0,12807.0,9.0,9.0,12.0,9.98,2759.0,777.0,1982.0,15566.0,20.0,20.0,22.0,10.09,,,,,,,,,,,,,,,,,,,,,,,,,
313f2e57-ae07-4cd1-bf7b-24b7a516e2a9,2025-12-09 19:42:00 UTC,False,16297.0,CFOP,Gan 12 UI Maglev,RandomForest,14024.0,16297.0,,,gan12,custom_rules,,,,8.0,0.0,0.0,16297.0,58.0,60.0,68.0,3.56,7051.0,9246.0,4710.0,0.0,4710.0,4710.0,14.0,14.0,18.0,2.97,0.0,0.0,0.0,4710.0,0.0,0.0,0.0,0.0,2847.0,1791.0,1056.0,7557.0,8.0,8.0,8.0,7.58,2466.0,1555.0,911.0,10023.0,9.0,9.0,11.0,9.88,988.0,778.0,210.0,11011.0,3.0,3.0,3.0,14.29,2704.0,1511.0,1193.0,13715.0,10.0,11.0,11.0,8.38,2582.0,1416.0,1166.0,16297.0,14.0,15.0,17.0,12.01,,,,,,,,,,,,,,,,,,,,,,,,,
42661fb6-ddb6-4b66-9e8b-1eeaab3156ec,2025-12-09 19:42:33 UTC,False,17190.0,CFOP,Gan 12 UI Maglev,RandomForest,7151.0,17190.0,,,gan12,custom_rules,,,,8.0,0.0,0.0,17190.0,68.0,73.0,88.0,3.96,3299.0,13891.0,2080.0,0.0,2080.0,2080.0,7.0,7.0,7.0,3.37,1945.0,137.0,1808.0,4025.0,8.0,8.0,8.0,4.42,6322.0,185.0,6137.0,10347.0,23.0,23.0,30.0,3.75,0.0,0.0,0.0,10347.0,0.0,0.0,0.0,0.0,1898.0,999.0,899.0,12245.0,8.0,8.0,9.0,8.9,2021.0,797.0,1224.0,14266.0,11.0,11.0,12.0,8.99,2924.0,1181.0,1743.0,17190.0,11.0,16.0,22.0,6.31,,,,,,,,,,,,,,,,,,,,,,,,,
6f2d61a4-1e5d-4513-962b-dca22be69f89,2025-12-09 19:43:08 UTC,False,15713.0,CFOP,Gan 12 UI Maglev,RandomForest,10173.0,15713.0,,,gan12,custom_rules,,,,8.0,0.0,0.0,15713.0,60.0,60.0,67.0,3.82,8845.0,6868.0,1515.0,0.0,1515.0,1515.0,8.0,8.0,8.0,5.28,1803.0,1142.0,661.0,3318.0,8.0,8.0,8.0,12.1,2601.0,1780.0,821.0,5919.0,8.0,8.0,10.0,9.74,2153.0,1324.0,829.0,8072.0,7.0,7.0,8.0,8.44,914.0,774.0,140.0,8986.0,4.0,4.0,4.0,28.57,3435.0,2187.0,1248.0,12421.0,14.0,14.0,14.0,11.22,3292.0,1638.0,1654.0,15713.0,11.0,11.0,15.0,6.65,,,,,,,,,,,,,,,,,,,,,,,,,
8872181d-8a37-48d2-860b-7cb750ce537a,2025-12-09 19:43:43 UTC,False,14355.0,CFOP,Gan 12 UI Maglev,RandomForest,12269.0,14355.0,,,gan12,custom_rules,,,,8.0,0.0,0.0,14355.0,52.0,57.0,67.0,3.62,6601.0,7754.0,2110.0,0.0,2110.0,2110.0,8.0,8.0,8.0,3.79,2085.0,677.0,1408.0,4195.0,6.0,6.0,6.0,4.26,1141.0,887.0,254.0,5336.0,3.0,3.0,3.0,11.81,2607.0,1519.0,1088.0,7943.0,8.0,8.0,10.0,7.35,2155.0,1209.0,946.0,10098.0,8.0,8.0,10.0,8.46,2266.0,1354.0,912.0,12364.0,11.0,12.0,13.0,12.06,1991.0,955.0,1036.0,14355.0,8.0,12.0,17.0,7.72,,,,,,,,,,,,,,,,,,,,,,,,,
2daa6dda-3ab2-4b86-b277-dae40efef4bb,2025-12-09 19:44:19 UTC,False,16124.0,CFOP,Gan 12 UI Maglev,RandomForest,11530.0,16124.0,,,gan12,custom_rules,,,,8.0,0.0,0.0,16124.0,60.0,60.0,64.0,3.72,9223.0,6901.0,1995.0,0.0,1995.0,1995.0,7.0,7.0,8.0,3.51,3605.0,3097.0,508.0,5600.0,5.0,5.0,5.0,9.84,2473.0,1556.0,917.0,8073.0,8.0,8.0,10.0,8.72,1714.0,1561.0,153.0,9787.0,3.0,3.0,3.0,19.61,2265.0,1361.0,904.0,12052.0,8.0,8.0,8.0,8.85,2024.0,857.0,1167.0,14076.0,13.0,13.0,13.0,11.14,2048.0,791.0,1257.0,16124.0,16.0,16.0,17.0,12.73,,,,,,,,,,,,,,,,,,,,,,,,,
600e7ef8-a241-42ad-a512-569b94f16886,2025-12-09 19:44:55 UTC,False,16741.0,CFOP,Gan 12 UI Maglev,RandomForest,8258.0,16741.0,,,gan12,custom_rules,,,,8.0,0.0,0.0,16741.0,62.0,64.0,73.0,3.7,7025.0,9611.0,2701.0,0.0,2701.0,2806.0,8.0,8.0,9.0,2.96,2322.0,520.0,1802.0,5128.0,8.0,8.0,9.0,4.44,2501.0,1413.0,1088.0,7629.0,8.0,8.0,9.0,7.35,2863.0,1917.0,946.0,10492.0,9.0,10.0,12.0,9.51,1472.0,899.0,573.0,11964.0,7.0,7.0,9.0,12.22,1479.0,894.0,585.0,13443.0,7.0,7.0,7.0,11.97,3298.0,1382.0,1916.0,16741.0,15.0,16.0,18.0,7.83,,,,,,,,,,,,,,,,,,,,,,,,,
4c171652-7b35-4fac-a216-1e3b3775c20b,2025-12-09 19:45:30 UTC,False,15737.0,CFOP,Gan 12 UI Maglev,RandomForest,9984.0,15737.0,,,gan12,custom_rules,,,,8.0,0.0,0.0,15737.0,67.0,71.0,80.0,4.26,6324.0,9413.0,1362.0,0.0,1362.0,1362.0,6.0,6.0,7.0,4.41,4153.0,888.0,3265.0,5515.0,14.0,16.0,16.0,4.29,2131.0,1317.0,814.0,7646.0,8.0,8.0,8.0,9.83,1498.0,765.0,733.0,9144.0,6.0,6.0,8.0,8.19,2078.0,1112.0,966.0,11222.0,8.0,8.0,11.0,8.28,1684.0,918.0,766.0,12906.0,9.0,9.0,10.0,11.75,2831.0,1324.0,1507.0,15737.0,16.0,18.0,20.0,10.62,,,,,,,,,,,,,,,,,,,,,,,,,
481be035-9beb-4ab9-aeed-829cab4c9849,2025-12-09 19:46:07 UTC,False,19438.0,CFOP,Gan 12 UI Maglev,RandomForest,7345.0,19438.0,,,gan12,custom_rules,,,,8.0,0.0,0.0,19438.0,68.0,75.0,83.0,3.5,3391.0,16047.0,3677.0,0.0,3677.0,3677.0,8.0,8.0,9.0,2.18,2133.0,233.0,1900.0,5810.0,6.0,6.0,6.0,3.16,7696.0,379.0,7317.0,13506.0,28.0,31.0,35.0,3.83,0.0,0.0,0.0,13506.0,0.0,0.0,0.0,0.0,0.0,0.0,0.0,13506.0,0.0,0.0,0.0,0.0,2517.0,1320.0,1197.0,16023.0,12.0,14.0,15.0,10.03,3415.0,1459.0,1956.0,19438.0,14.0,16.0,18.0,7.16,,,,,,,,,,,,,,,,,,,,,,,,,
a6237ba1-a5f9-48fd-8ec9-888a20af43fd,2025-12-09 19:46:37 UTC,False,16275.0,CFOP,Gan 12 UI Maglev,RandomForest,6080.0,16275.0,,,gan12,custom_rules,,,,8.0,0.0,0.0,16275.0,68.0,71.0,84.0,4.18,7836.0,8374.0,1529.0,0.0,1529.0,1594.0,8.0,8.0,10.0,5.23,1502.0,870.0,632.0,3096.0,6.0,6.0,7.0,9.49,4439.0,3161.0,1278.0,7535.0,13.0,13.0,14.0,10.17,2057.0,814.0,1243.0,9592.0,7.0,7.0,8.0,5.63,2418.0,717.0,1701.0,12010.0,11.0,13.0,15.0,6.47,2390.0,1511.0,879.0,14400.0,10.0,10.0,14.0,11.38,1875.0,763.0,1112.0,16275.0,13.0,14.0,16.0,11.69,,,,,,,,,,,,,,,,,,,,,,,,,
432c75df-e2ab-4f1a-98a2-3c3abbf01889,2025-12-09 19:47:10 UTC,False,17424.0,CFOP,Gan 12 UI Maglev,RandomForest,7195.0,17424.0,,,gan12,custom_rules,,,,8.0,0.0,0.0,17424.0,68.0,69.0,76.0,3.9,7263.0,10161.0,2094.0,0.0,2094.0,2094.0,7.0,7.0,8.0,3.34,3284.0,976.0,2308.0,5378.0,10.0,10.0,10.0,4.33,2683.0,1612.0,1071.0,8061.0,7.0,7.0,8.0,6.54,2396.0,1550.0,846.0,10457.0,8.0,8.0,9.0,9.46,2312.0,890.0,1422.0,12769.0,11.0,11.0,13.0,7.74,2084.0,1257.0,827.0,14853.0,11.0,11.0,11.0,13.3,2571.0,978.0,1593.0,17424.0,14.0,15.0,17.0,8.79,,,,,,,,,,,,,,,,,,,,,,,,,
f085d571-13d0-4b63-999a-a707c1568eed,2025-12-09 19:47:49 UTC,False,19905.0,CFOP,Gan 12 UI Maglev,RandomForest,10497.0,19905.0,,,gan12,custom_rules,,,,8.0,0.0,0.0,19905.0,74.0,81.0,87.0,3.72,364.0,19541.0,14786.0,0.0,14786.0,14786.0,50.0,53.0,55.0,3.38,0.0,0.0,0.0,14786.0,0.0,0.0,0.0,0.0,1602.0,146.0,1456.0,16388.0,4.0,6.0,8.0,2.75,3517.0,218.0,3299.0,19905.0,20.0,22.0,24.0,6.06,0.0,0.0,0.0,19905.0,0.0,0.0,0.0,0.0,0.0,0.0,0.0,19905.0,0.0,0.0,0.0,0.0,0.0,0.0,0.0,19905.0,0.0,0.0,0.0,0.0,,,,,,,,,,,,,,,,,,,,,,,,,
984b909f-1935-4ebe-bda2-5bb8f54f1d63,2025-12-09 19:48:18 UTC,False,12143.0,CFOP,Gan 12 UI Maglev,RandomForest,6119.0,12143.0,,,gan12,custom_rules,,,,8.0,0.0,0.0,12143.0,65.0,66.0,71.0,5.35,5875.0,6268.0,1387.0,0.0,1387.0,1387.0,7.0,7.0,8.0,5.05,1912.0,1130.0,782.0,3299.0,6.0,7.0,9.0,7.67,1927.0,1000.0,927.0,5226.0,8.0,8.0,9.0,8.63,872.0,445.0,427.0,6098.0,8.0,8.0,8.0,18.74,2143.0,1515.0,628.0,8241.0,8.0,8.0,8.0,12.74,1614.0,768.0,846.0,9855.0,11.0,11.0,11.0,13.0,2288.0,1017.0,1271.0,12143.0,17.0,17.0,18.0,13.38,,,,,,,,,,,,,,,,,,,,,,,,,
4aaada9d-fbd8-444c-b370-26fd9612990e,2025-12-09 19:48:52 UTC,False,18988.0,CFOP,Gan 12 UI Maglev,RandomForest,5643.0,18988.0,,,gan12,custom_rules,,,,8.0,0.0,0.0,18988.0,83.0,85.0,91.0,4.37,5210.0,13778.0,1281.0,0.0,1281.0,1281.0,8.0,9.0,9.0,6.25,2291.0,1323.0,968.0,3572.0,7.0,8.0,8.0,7.23,2143.0,578.0,1565.0,5715.0,9.0,9.0,9.0,5.75,3621.0,65.0,3556.0,9336.0,13.0,13.0,15.0,3.66,4723.0,1374.0,3349.0,14059.0,14.0,14.0,15.0,4.18,2791.0,894.0,1897.0,16850.0,19.0,19.0,19.0,10.02,2138.0,976.0,1162.0,18988.0,14.0,14.0,16.0,12.05,,,,,,,,,,,,,,,,,,,,,,,,,
88474a91-e77c-45ae-931e-081f0d46104b,2025-12-09 19:49:30 UTC,False,15490.0,CFOP,Gan 12 UI Maglev,RandomForest,12332.0,15490.0,,,gan12,custom_rules,,,,8.0,0.0,0.0,15490.0,57.0,61.0,81.0,3.68,6405.0,9085.0,3390.0,0.0,3390.0,3390.0,9.0,9.0,14.0,2.65,0.0,0.0,0.0,3390.0,0.0,0.0,0.0,0.0,3428.0,2659.0,769.0,6818.0,8.0,8.0,13.0,10.4,3076.0,756.0,2320.0,9894.0,11.0,11.0,13.0,4.74,1517.0,507.0,1010.0,11411.0,12.0,12.0,13.0,11.88,1505.0,781.0,724.0,12916.0,8.0,8.0,9.0,11.05,2574.0,1702.0,872.0,15490.0,10.0,14.0,19.0,11.47,,,,,,,,,,,,,,,,,,,,,,,,,
84de27bc-ad7d-4007-86f5-09e088826a76,2025-12-09 19:50:04 UTC,False,12555.0,CFOP,Gan 12 UI Maglev,RandomForest,12796.0,12555.0,,,gan12,custom_rules,,,,8.0,0.0,0.0,12555.0,61.0,64.0,69.0,4.86,4954.0,7601.0,1378.0,0.0,1378.0,1378.0,6.0,6.0,7.0,4.35,1899.0,883.0,1016.0,3277.0,6.0,7.0,8.0,5.91,1609.0,779.0,830.0,4886.0,9.0,10.0,10.0,10.84,1105.0,421.0,684.0,5991.0,7.0,7.0,7.0,10.23,1408.0,1013.0,395.0,7399.0,8.0,8.0,8.0,20.25,2939.0,1237.0,1702.0,10338.0,13.0,13.0,14.0,7.64,2217.0,621.0,1596.0,12555.0,12.0,13.0,15.0,7.52,,,,,,,,,,,,,,,,,,,,,,,,,
56c03c2f-b79a-489e-8362-c404310a6682,2025-12-09 19:50:41 UTC,False,17576.0,CFOP,Gan 12 UI Maglev,RandomForest,10232.0,17576.0,,,gan12,custom_rules,,,,8.0,0.0,0.0,17576.0,66.0,73.0,80.0,3.76,6682.0,10894.0,6126.0,0.0,6126.0,6126.0,15.0,19.0,20.0,2.45,0.0,0.0,0.0,6126.0,0.0,0.0,0.0,0.0,3497.0,2642.0,855.0,9623.0,10.0,11.0,11.0,11.7,1594.0,810.0,784.0,11217.0,6.0,7.0,8.0,7.65,1829.0,1313.0,516.0,13046.0,8.0,8.0,9.0,15.5,1853.0,709.0,1144.0,14899.0,13.0,13.0,14.0,11.36,2677.0,1208.0,1469.0,17576.0,14.0,15.0,18.0,9.53,,,,,,,,,,,,,,,,,,,,,,,,,
c8767f40-880a-4aaf-b08c-9ae161156527,2025-12-09 19:51:13 UTC,False,15199.0,CFOP,Gan 12 UI Maglev,RandomForest,5114.0,15199.0,,,gan12,custom_rules,,,,8.0,0.0,0.0,15199.0,64.0,66.0,77.0,4.21,6081.0,9069.0,1086.0,0.0,1086.0,1135.0,5.0,6.0,6.0,4.6,1872.0,1018.0,854.0,3007.0,8.0,8.0,10.0,9.37,4454.0,1344.0,3110.0,7461.0,15.0,15.0,16.0,4.82,1506.0,1272.0,234.0,8967.0,3.0,3.0,4.0,12.82,2267.0,401.0,1866.0,11234.0,11.0,11.0,15.0,5.89,1468.0,878.0,590.0,12702.0,8.0,8.0,8.0,13.56,2497.0,1168.0,1329.0,15199.0,15.0,16.0,18.0,11.29,,,,,,,,,,,,,,,,,,,,,,,,,
a46d3a19-7f7d-4a89-8147-dc3afb4c1eb4,2025-12-09 19:51:43 UTC,False,14254.0,CFOP,Gan 12 UI Maglev,RandomForest,4187.0,14254.0,,,gan12,custom_rules,,,,8.0,0.0,0.0,14254.0,51.0,54.0,69.0,3.58,6291.0,7963.0,910.0,0.0,910.0,910.0,5.0,5.0,5.0,5.49,1647.0,1397.0,250.0,2557.0,4.0,4.0,5.0,16.0,2824.0,708.0,2116.0,5381.0,11.0,11.0,13.0,5.2,2278.0,1192.0,1086.0,7659.0,7.0,7.0,8.0,6.45,1045.0,645.0,400.0,8704.0,4.0,4.0,4.0,10.0,2365.0,652.0,1713.0,11069.0,9.0,9.0,14.0,5.25,3185.0,1697.0,1488.0,14254.0,11.0,14.0,20.0,7.39,,,,,,,,,,,,,,,,,,,,,,,,,
ce3b27f9-d7ba-4371-890e-55034ac1143d,2025-12-09 19:52:13 UTC,False,16031.0,CFOP,Gan 12 UI Maglev,RandomForest,5422.0,16031.0,,,gan12,custom_rules,,,,8.0,0.0,0.0,16031.0,66.0,67.0,75.0,4.12,6906.0,9125.0,3153.0,0.0,3153.0,3153.0,9.0,9.0,11.0,2.85,2160.0,1443.0,717.0,5313.0,9.0,9.0,9.0,12.55,1265.0,1095.0,170.0,6578.0,4.0,4.0,4.0,23.53,1581.0,935.0,646.0,8159.0,7.0,7.0,8.0,10.84,1874.0,806.0,1068.0,10033.0,8.0,8.0,8.0,7.49,2008.0,903.0,1105.0,12041.0,12.0,12.0,14.0,10.86,3990.0,1724.0,2266.0,16031.0,17.0,18.0,21.0,7.5,,,,,,,,,,,,,,,,,,,,,,,,,
e956655c-14ab-4b47-9979-49aa92db5710,2025-12-09 19:52:44 UTC,False,16223.0,CFOP,Gan 12 UI Maglev,RandomForest,5183.0,16223.0,,,gan12,custom_rules,,,,8.0,0.0,0.0,16223.0,64.0,65.0,71.0,3.95,7735.0,8488.0,1688.0,0.0,1688.0,1688.0,5.0,5.0,7.0,2.96,2027.0,1345.0,682.0,3715.0,8.0,8.0,8.0,11.73,2112.0,926.0,1186.0,5827.0,6.0,6.0,7.0,5.06,1924.0,1369.0,555.0,7751.0,8.0,8.0,9.0,14.41,2526.0,1222.0,1304.0,10277.0,7.0,7.0,8.0,5.37,1792.0,987.0,805.0,12069.0,10.0,11.0,11.0,12.42,4154.0,1886.0,2268.0,16223.0,20.0,20.0,21.0,8.82,,,,,,,,,,,,,,,,,,,,,,,,,
86d65fbb-080b-4d38-bc3d-edd3e04a5714,2025-12-09 19:53:16 UTC,False,15482.0,CFOP,Gan 12 UI Maglev,RandomForest,8078.0,15482.0,,,gan12,custom_rules,,,,8.0,0.0,0.0,15482.0,60.0,65.0,79.0,3.88,6877.0,8605.0,1698.0,0.0,1698.0,1698.0,7.0,7.0,8.0,4.12,2167.0,1572.0,595.0,3865.0,8.0,8.0,8.0,13.45,2047.0,1041.0,1006.0,5912.0,7.0,7.0,7.0,6.96,2351.0,1184.0,1167.0,8263.0,8.0,8.0,11.0,6.86,1656.0,524.0,1132.0,9919.0,10.0,10.0,11.0,8.83,2498.0,1055.0,1443.0,12417.0,10.0,10.0,10.0,6.93,3065.0,1501.0,1564.0,15482.0,11.0,16.0,24.0,7.03,,,,,,,,,,,,,,,,,,,,,,,,,
94b0eba1-9615-4d1c-88a4-30b211232be0,2025-12-09 19:53:50 UTC,False,17910.0,CFOP,Gan 12 UI Maglev,RandomForest,7774.0,17910.0,,,gan12,custom_rules,,,,8.0,0.0,0.0,17910.0,59.0,63.0,72.0,3.29,5700.0,12210.0,8656.0,0.0,8656.0,8656.0,29.0,32.0,34.0,3.35,0.0,0.0,0.0,8656.0,0.0,0.0,0.0,0.0,0.0,0.0,0.0,8656.0,0.0,0.0,0.0,0.0,3275.0,2638.0,637.0,11931.0,8.0,9.0,11.0,12.56,1044.0,875.0,169.0,12975.0,4.0,4.0,4.0,23.67,1671.0,645.0,1026.0,14646.0,7.0,7.0,8.0,6.82,3264.0,1542.0,1722.0,17910.0,11.0,11.0,15.0,6.39,,,,,,,,,,,,,,,,,,,,,,,,,
3f8ec73e-9bf0-4712-b870-091b07e209ba,2025-12-09 19:54:48 UTC,False,26837.0,CFOP,Gan 12 UI Maglev,RandomForest,21391.0,26837.0,,,gan12,custom_rules,,,,8.0,0.0,0.0,26837.0,88.0,90.0,101.0,3.28,4229.0,22608.0,12714.0,0.0,12714.0,12714.0,25.0,27.0,29.0,1.97,0.0,0.0,0.0,12714.0,0.0,0.0,0.0,0.0,0.0,0.0,0.0,12714.0,0.0,0.0,0.0,0.0,2239.0,1103.0,1136.0,14953.0,10.0,10.0,10.0,8.8,6423.0,548.0,5875.0,21376.0,24.0,24.0,28.0,4.09,2547.0,1427.0,1120.0,23923.0,10.0,10.0,15.0,8.93,2914.0,1151.0,1763.0,26837.0,19.0,19.0,19.0,10.78,,,,,,,,,,,,,,,,,,,,,,,,,
cf0e5f82-a40f-46d2-b54a-33ca7555a52e,2025-12-09 19:55:26 UTC,False,14208.0,CFOP,Gan 12 UI Maglev,RandomForest,13630.0,14208.0,,,gan12,custom_rules,,,,8.0,0.0,0.0,14208.0,68.0,69.0,75.0,4.79,5348.0,8795.0,862.0,0.0,862.0,927.0,4.0,4.0,6.0,4.64,1174.0,484.0,690.0,2101.0,5.0,5.0,5.0,7.25,1819.0,886.0,933.0,3920.0,12.0,12.0,12.0,12.86,3471.0,564.0,2907.0,7391.0,11.0,11.0,13.0,3.78,2313.0,1394.0,919.0,9704.0,11.0,11.0,11.0,11.97,1689.0,996.0,693.0,11393.0,10.0,11.0,11.0,14.43,2815.0,1024.0,1791.0,14208.0,15.0,15.0,17.0,8.38,,,,,,,,,,,,,,,,,,,,,,,,,
91829c09-3187-4537-8919-91a81a079194,2025-12-09 19:56:06 UTC,False,20199.0,CFOP,Gan 12 UI Maglev,RandomForest,5231.0,20199.0,,,gan12,custom_rules,,,,8.0,0.0,0.0,20199.0,79.0,80.0,93.0,3.91,6765.0,13394.0,2884.0,0.0,2884.0,2924.0,8.0,8.0,12.0,2.77,5061.0,814.0,4247.0,7985.0,17.0,18.0,21.0,4.0,3640.0,1332.0,2308.0,11625.0,9.0,9.0,11.0,3.9,885.0,628.0,257.0,12510.0,4.0,4.0,4.0,15.56,1442.0,467.0,975.0,13952.0,8.0,8.0,8.0,8.21,3292.0,2362.0,930.0,17244.0,13.0,13.0,15.0,13.98,2955.0,1162.0,1793.0,20199.0,20.0,20.0,22.0,11.15,,,,,,,,,,,,,,,,,,,,,,,,,
f4a49189-6497-4c52-96f8-874094da5f92,2025-12-09 19:56:40 UTC,False,15800.0,CFOP,Gan 12 UI Maglev,RandomForest,10165.0,15800.0,,,gan12,custom_rules,,,,8.0,0.0,0.0,15800.0,75.0,75.0,82.0,4.75,5783.0,10017.0,700.0,0.0,700.0,700.0,4.0,4.0,4.0,5.71,1975.0,952.0,1023.0,2675.0,8.0,8.0,9.0,7.82,3579.0,1189.0,2390.0,6254.0,15.0,15.0,16.0,6.28,2658.0,1783.0,875.0,8912.0,8.0,8.0,10.0,9.14,2170.0,113.0,2057.0,11082.0,12.0,12.0,12.0,5.83,1914.0,789.0,1125.0,12996.0,10.0,10.0,10.0,8.89,2804.0,957.0,1847.0,15800.0,19.0,19.0,21.0,10.29,,,,,,,,,,,,,,,,,,,,,,,,,
8c54b903-f33b-4676-9d09-eff06f737fba,2025-12-09 19:57:30 UTC,False,19587.0,CFOP,Gan 12 UI Maglev,RandomForest,19748.0,19587.0,,,gan12,custom_rules,,,,8.0,0.0,0.0,19587.0,69.0,72.0,82.0,3.52,4485.0,14974.0,10163.0,0.0,10163.0,10291.0,35.0,37.0,41.0,3.44,0.0,0.0,0.0,10291.0,0.0,0.0,0.0,0.0,0.0,0.0,0.0,10291.0,0.0,0.0,0.0,0.0,0.0,0.0,0.0,10291.0,0.0,0.0,0.0,0.0,3259.0,1722.0,1537.0,13550.0,11.0,11.0,13.0,7.16,2603.0,1192.0,1411.0,16153.0,10.0,11.0,11.0,7.09,3434.0,1571.0,1863.0,19587.0,13.0,13.0,17.0,6.98,,,,,,,,,,,,,,,,,,,,,,,,,
44964c46-3d2a-4a8a-b893-fe9ccad2114c,2025-12-09 19:58:08 UTC,False,21181.0,CFOP,Gan 12 UI Maglev,RandomForest,9344.0,21181.0,,,gan12,custom_rules,,,,8.0,0.0,0.0,21181.0,84.0,86.0,97.0,3.97,7421.0,13760.0,1810.0,0.0,1810.0,1810.0,8.0,8.0,8.0,4.42,5366.0,1830.0,3536.0,7176.0,12.0,12.0,15.0,3.39,2434.0,1596.0,838.0,9610.0,8.0,8.0,9.0,9.55,1557.0,679.0,878.0,11167.0,7.0,7.0,9.0,7.97,1599.0,524.0,1075.0,12766.0,12.0,12.0,12.0,11.16,2491.0,1444.0,1047.0,15257.0,11.0,13.0,15.0,10.51,5924.0,1348.0,4576.0,21181.0,26.0,26.0,29.0,5.68,,,,,,,,,,,,,,,,,,,,,,,,,
0623b0cc-1a12-482c-8960-466d60299ec3,2025-12-09 19:58:39 UTC,False,14428.0,CFOP,Gan 12 UI Maglev,RandomForest,7031.0,14428.0,,,gan12,custom_rules,,,,8.0,0.0,0.0,14428.0,62.0,67.0,81.0,4.3,5516.0,8840.0,1471.0,0.0,1471.0,1543.0,5.0,5.0,8.0,3.4,1685.0,394.0,1291.0,3228.0,9.0,9.0,10.0,6.97,2688.0,854.0,1834.0,5916.0,8.0,8.0,9.0,4.36,1360.0,361.0,999.0,7276.0,8.0,8.0,9.0,8.01,2177.0,1540.0,637.0,9453.0,8.0,8.0,10.0,12.56,2542.0,1519.0,1023.0,11995.0,12.0,12.0,13.0,11.73,2433.0,848.0,1585.0,14428.0,12.0,17.0,22.0,7.57,,,,,,,,,,,,,,,,,,,,,,,,,
68cbe829-9feb-408d-97d7-38fd6943eb29,2025-12-09 19:59:15 UTC,False,17247.0,CFOP,Gan 12 UI Maglev,RandomForest,9539.0,17247.0,,,gan12,custom_rules,,,,8.0,0.0,0.0,17247.0,65.0,65.0,73.0,3.77,5067.0,11664.0,3577.0,0.0,3577.0,4093.0,7.0,7.0,10.0,1.96,2126.0,927.0,1199.0,6219.0,11.0,11.0,12.0,9.17,3860.0,1193.0,2667.0,10079.0,9.0,9.0,10.0,3.37,1807.0,510.0,1297.0,11886.0,7.0,7.0,8.0,5.4,2229.0,900.0,1329.0,14115.0,8.0,8.0,8.0,6.02,1343.0,812.0,531.0,15458.0,9.0,9.0,9.0,16.95,1789.0,725.0,1064.0,17247.0,15.0,15.0,16.0,14.1,,,,,,,,,,,,,,,,,,,,,,,,,
6e87007b-4a04-408b-913e-fdf454ca020d,2025-12-09 20:00:17 UTC,False,29956.0,CFOP,Gan 12 UI Maglev,RandomForest,23430.0,29956.0,,,gan12,custom_rules,,,,8.0,0.0,0.0,29956.0,103.0,106.0,117.0,3.44,8861.0,21095.0,3488.0,0.0,3488.0,3488.0,9.0,9.0,10.0,2.58,3371.0,1606.0,1765.0,6859.0,13.0,13.0,14.0,7.37,7830.0,556.0,7274.0,14689.0,29.0,29.0,31.0,3.99,1090.0,757.0,333.0,15779.0,5.0,5.0,5.0,15.02,1596.0,628.0,968.0,17375.0,8.0,8.0,8.0,8.26,2140.0,1047.0,1093.0,19515.0,10.0,10.0,13.0,9.15,10441.0,4267.0,6174.0,29956.0,29.0,32.0,36.0,4.7,,,,,,,,,,,,,,,,,,,,,,,,,
39984442-0506-4729-9583-159dbde8dc3d,2025-12-09 20:01:16 UTC,False,15232.0,CFOP,Gan 12 UI Maglev,RandomForest,7736.0,15232.0,,,gan12,custom_rules,,,,8.0,0.0,0.0,15232.0,72.0,73.0,81.0,4.73,5366.0,9866.0,1779.0,0.0,1779.0,1779.0,6.0,6.0,9.0,3.37,2970.0,1080.0,1890.0,4749.0,10.0,10.0,11.0,5.29,1567.0,527.0,1040.0,6316.0,9.0,9.0,9.0,8.65,1824.0,889.0,935.0,8140.0,8.0,8.0,8.0,8.56,1743.0,655.0,1088.0,9883.0,8.0,8.0,10.0,7.35,2730.0,692.0,2038.0,12613.0,18.0,18.0,18.0,8.83,2619.0,1523.0,1096.0,15232.0,13.0,14.0,16.0,11.86,,,,,,,,,,,,,,,,,,,,,,,,,
f7fde3e7-5b7c-423f-80bd-a41fa6ab6646,2025-12-09 20:01:55 UTC,False,17499.0,CFOP,Gan 12 UI Maglev,RandomForest,10707.0,17499.0,,,gan12,custom_rules,,,,8.0,0.0,0.0,17499.0,67.0,68.0,82.0,3.83,6465.0,10978.0,1455.0,0.0,1455.0,1511.0,6.0,6.0,8.0,4.12,1434.0,725.0,709.0,2945.0,6.0,7.0,7.0,8.46,1956.0,1235.0,721.0,4901.0,9.0,9.0,10.0,12.48,2389.0,1624.0,765.0,7290.0,8.0,8.0,9.0,10.46,934.0,749.0,185.0,8224.0,4.0,4.0,4.0,21.62,1840.0,822.0,1018.0,10064.0,9.0,9.0,12.0,8.84,7435.0,1310.0,6125.0,17499.0,25.0,25.0,32.0,4.08,,,,,,,,,,,,,,,,,,,,,,,,,
694e0536-3799-4d12-9ab3-7bd63506926e,2025-12-09 20:02:34 UTC,False,16818.0,CFOP,Gan 12 UI Maglev,RandomForest,6512.0,16818.0,,,gan12,custom_rules,,,,8.0,0.0,0.0,16818.0,69.0,72.0,79.0,4.1,7306.0,9512.0,1646.0,0.0,1646.0,1646.0,6.0,6.0,7.0,3.65,4043.0,1703.0,2340.0,5689.0,12.0,12.0,13.0,5.13,2610.0,991.0,1619.0,8299.0,9.0,10.0,11.0,5.56,1466.0,654.0,812.0,9765.0,7.0,7.0,8.0,8.62,2185.0,1001.0,1184.0,11950.0,11.0,11.0,12.0,9.29,2706.0,1914.0,792.0,14656.0,11.0,12.0,12.0,13.89,2162.0,1043.0,1119.0,16818.0,13.0,14.0,16.0,11.62,,,,,,,,,,,,,,,,,,,,,,,,,
81c14c29-7a45-4104-b96d-177eba3d426a,2025-12-09 20:03:25 UTC,False,19530.0,CFOP,Gan 12 UI Maglev,RandomForest,22588.0,19530.0,,,gan12,custom_rules,,,,8.0,0.0,0.0,19530.0,80.0,84.0,93.0,4.1,3846.0,15684.0,10160.0,0.0,10160.0,10160.0,35.0,37.0,41.0,3.44,0.0,0.0,0.0,10160.0,0.0,0.0,0.0,0.0,0.0,0.0,0.0,10160.0,0.0,0.0,0.0,0.0,2271.0,965.0,1306.0,12431.0,10.0,11.0,11.0,7.66,1829.0,749.0,1080.0,14260.0,8.0,8.0,9.0,7.41,2529.0,1133.0,1396.0,16789.0,10.0,11.0,12.0,7.16,2741.0,999.0,1742.0,19530.0,17.0,17.0,20.0,9.76,,,,,,,,,,,,,,,,,,,,,,,,,
35c0b544-38eb-4f87-8432-1a4034173688,2025-12-09 20:04:15 UTC,False,18559.0,CFOP,Gan 12 UI Maglev,RandomForest,19920.0,18559.0,,,gan12,custom_rules,,,,8.0,0.0,0.0,18559.0,70.0,72.0,81.0,3.77,7446.0,11113.0,4448.0,0.0,4448.0,4448.0,11.0,11.0,12.0,2.47,2008.0,1144.0,864.0,6456.0,5.0,6.0,6.0,5.79,2349.0,1048.0,1301.0,8805.0,10.0,11.0,12.0,7.69,3248.0,1627.0,1621.0,12053.0,9.0,9.0,12.0,5.55,1754.0,1217.0,537.0,13807.0,8.0,8.0,9.0,14.9,1873.0,918.0,955.0,15680.0,10.0,10.0,13.0,10.47,2879.0,1492.0,1387.0,18559.0,17.0,17.0,17.0,12.26,,,,,,,,,,,,,,,,,,,,,,,,,
e56be8d4-0c96-4203-849a-bcb32513ff66,2025-12-09 20:04:42 UTC,False,13581.0,CFOP,Gan 12 UI Maglev,RandomForest,4968.0,13581.0,,,gan12,custom_rules,,,,8.0,0.0,0.0,13581.0,61.0,62.0,73.0,4.49,5867.0,7714.0,1506.0,0.0,1506.0,1506.0,8.0,8.0,10.0,5.31,1646.0,878.0,768.0,3152.0,6.0,7.0,8.0,7.81,1217.0,1096.0,121.0,4369.0,4.0,4.0,4.0,33.06,2619.0,670.0,1949.0,6988.0,11.0,11.0,12.0,5.64,1796.0,983.0,813.0,8784.0,8.0,8.0,9.0,9.84,2273.0,1097.0,1176.0,11057.0,14.0,14.0,15.0,11.9,2524.0,1143.0,1381.0,13581.0,11.0,11.0,15.0,7.97,,,,,,,,,,,,,,,,,,,,,,,,,
50749cb5-6c95-415c-ae41-107f03fe7485,2025-12-09 20:05:21 UTC,False,18698.0,CFOP,Gan 12 UI Maglev,RandomForest,11778.0,18698.0,,,gan12,custom_rules,,,,8.0,0.0,0.0,18698.0,91.0,93.0,100.0,4.87,4514.0,14184.0,4855.0,0.0,4855.0,4855.0,19.0,20.0,22.0,3.91,0.0,0.0,0.0,4855.0,0.0,0.0,0.0,0.0,1931.0,562.0,1369.0,6786.0,11.0,11.0,12.0,8.04,1791.0,735.0,1056.0,8577.0,8.0,8.0,9.0,7.58,1611.0,1039.0,572.0,10188.0,8.0,8.0,8.0,13.99,1391.0,829.0,562.0,11579.0,7.0,7.0,7.0,12.46,7119.0,1349.0,5770.0,18698.0,38.0,39.0,42.0,6.59,,,,,,,,,,,,,,,,,,,,,,,,,
a948c5b6-5a6f-475f-84f9-cddb048d1fb8,2025-12-09 20:05:51 UTC,False,17131.0,CFOP,Gan 12 UI Maglev,RandomForest,3026.0,17131.0,,,gan12,custom_rules,,,,8.0,0.0,0.0,17131.0,68.0,73.0,89.0,3.97,6510.0,10621.0,1677.0,0.0,1677.0,1677.0,5.0,5.0,7.0,2.98,3744.0,1746.0,1998.0,5421.0,14.0,15.0,16.0,7.01,1711.0,749.0,962.0,7132.0,7.0,7.0,8.0,7.28,3309.0,596.0,2713.0,10441.0,14.0,14.0,15.0,5.16,2508.0,991.0,1517.0,12949.0,11.0,11.0,13.0,7.25,1695.0,785.0,910.0,14644.0,9.0,9.0,10.0,9.89,2487.0,1643.0,844.0,17131.0,9.0,13.0,20.0,10.66,,,,,,,,,,,,,,,,,,,,,,,,,
e1d090a3-00c8-4716-adc4-db9a1264211c,2025-12-09 20:06:24 UTC,False,18047.0,CFOP,Gan 12 UI Maglev,RandomForest,5117.0,18047.0,,,gan12,custom_rules,,,,8.0,0.0,0.0,18047.0,75.0,75.0,88.0,4.16,6851.0,11196.0,1273.0,0.0,1273.0,1273.0,6.0,6.0,7.0,4.71,2693.0,757.0,1936.0,3966.0,12.0,12.0,13.0,6.2,3005.0,274.0,2731.0,6971.0,14.0,14.0,15.0,5.13,3249.0,1647.0,1602.0,10220.0,11.0,11.0,11.0,6.87,2786.0,1441.0,1345.0,13006.0,12.0,12.0,13.0,8.92,1983.0,891.0,1092.0,14989.0,10.0,10.0,14.0,9.16,3058.0,1841.0,1217.0,18047.0,11.0,11.0,15.0,9.04,,,,,,,,,,,,,,,,,,,,,,,,,
9f11907c-ec58-435d-998f-188bf546de3e,2025-12-09 20:07:01 UTC,False,21563.0,CFOP,Gan 12 UI Maglev,RandomForest,5785.0,21563.0,,,gan12,custom_rules,,,,8.0,0.0,0.0,21563.0,90.0,91.0,101.0,4.17,6369.0,15194.0,1510.0,0.0,1510.0,1510.0,6.0,6.0,7.0,3.97,5638.0,1111.0,4527.0,7148.0,22.0,22.0,26.0,4.86,1796.0,749.0,1047.0,8944.0,9.0,9.0,9.0,8.6,4123.0,976.0,3147.0,13067.0,11.0,11.0,11.0,3.5,2573.0,709.0,1864.0,15640.0,11.0,11.0,13.0,5.9,2694.0,890.0,1804.0,18334.0,17.0,17.0,17.0,9.42,3229.0,1934.0,1295.0,21563.0,14.0,15.0,18.0,10.81,,,,,,,,,,,,,,,,,,,,,,,,,
7d93d3a8-4635-4fe5-8539-51d8ae354be3,2025-12-09 20:07:29 UTC,False,13557.0,CFOP,Gan 12 UI Maglev,RandomForest,5253.0,13557.0,,,gan12,custom_rules,,,,8.0,0.0,0.0,13557.0,62.0,62.0,67.0,4.57,5933.0,7624.0,1338.0,0.0,1338.0,1338.0,6.0,6.0,7.0,4.48,1967.0,1169.0,798.0,3305.0,8.0,8.0,8.0,10.03,1844.0,1176.0,668.0,5149.0,8.0,8.0,10.0,11.98,2895.0,760.0,2135.0,8044.0,12.0,12.0,12.0,5.62,1343.0,701.0,642.0,9387.0,7.0,7.0,8.0,10.9,1991.0,1370.0,621.0,11378.0,8.0,8.0,8.0,12.88,2179.0,757.0,1422.0,13557.0,13.0,13.0,14.0,9.14,,,,,,,,,,,,,,,,,,,,,,,,,
bc3b3db4-9523-483b-a95d-ef774324855c,2025-12-09 20:08:04 UTC,False,15637.0,CFOP,Gan 12 UI Maglev,RandomForest,8773.0,15637.0,,,gan12,custom_rules,,,,8.0,0.0,0.0,15637.0,55.0,56.0,64.0,3.52,7741.0,7896.0,2108.0,0.0,2108.0,2108.0,7.0,7.0,8.0,3.32,1782.0,1113.0,669.0,3890.0,5.0,5.0,6.0,7.47,2131.0,1003.0,1128.0,6021.0,8.0,8.0,9.0,7.09,2427.0,1588.0,839.0,8448.0,8.0,8.0,9.0,9.54,1942.0,1201.0,741.0,10390.0,8.0,8.0,8.0,10.8,1981.0,1013.0,968.0,12371.0,10.0,11.0,12.0,10.33,3266.0,1823.0,1443.0,15637.0,9.0,9.0,12.0,6.24,,,,,,,,,,,,,,,,,,,,,,,,,
d62b536d-26e7-4990-9a54-695b0f73e79d,2025-12-09 20:08:44 UTC,False,20369.0,CFOP,Gan 12 UI Maglev,RandomForest,10041.0,20369.0,,,gan12,custom_rules,,,,8.0,0.0,0.0,20369.0,62.0,68.0,80.0,3.04,10350.0,10019.0,2864.0,0.0,2864.0,2864.0,8.0,8.0,10.0,2.79,3571.0,2531.0,1040.0,6435.0,7.0,7.0,7.0,6.73,3691.0,1757.0,1934.0,10126.0,9.0,9.0,11.0,4.65,2839.0,2194.0,645.0,12965.0,9.0,9.0,10.0,13.95,1754.0,828.0,926.0,14719.0,8.0,8.0,9.0,8.64,2980.0,1464.0,1516.0,17699.0,13.0,15.0,16.0,8.58,2670.0,1576.0,1094.0,20369.0,8.0,12.0,17.0,7.31,,,,,,,,,,,,,,,,,,,,,,,,,
25332321-101a-4831-881e-e3379d4f0724,2025-12-09 20:09:20 UTC,False,17062.0,CFOP,Gan 12 UI Maglev,RandomForest,10974.0,17062.0,,,gan12,custom_rules,,,,8.0,0.0,0.0,17062.0,65.0,68.0,73.0,3.81,7037.0,10025.0,5465.0,0.0,5465.0,5465.0,13.0,13.0,14.0,2.38,1837.0,1540.0,297.0,7302.0,4.0,4.0,4.0,13.47,1548.0,1041.0,507.0,8850.0,8.0,8.0,8.0,15.78,2685.0,1838.0,847.0,11535.0,8.0,8.0,9.0,9.45,1212.0,613.0,599.0,12747.0,8.0,8.0,9.0,13.36,1626.0,701.0,925.0,14373.0,9.0,10.0,10.0,9.73,2689.0,1304.0,1385.0,17062.0,15.0,17.0,19.0,10.83,,,,,,,,,,,,,,,,,,,,,,,,,
3f397e08-dcd3-4326-bdf7-775ce0582689,2025-12-09 20:09:52 UTC,False,18077.0,CFOP,Gan 12 UI Maglev,RandomForest,5487.0,18077.0,,,gan12,custom_rules,,,,8.0,0.0,0.0,18077.0,68.0,71.0,83.0,3.76,6757.0,11199.0,749.0,0.0,749.0,870.0,4.0,5.0,6.0,5.34,1206.0,604.0,602.0,2076.0,6.0,7.0,7.0,9.97,4450.0,1416.0,3034.0,6526.0,18.0,19.0,21.0,5.93,2179.0,1183.0,996.0,8705.0,7.0,7.0,8.0,7.03,1853.0,660.0,1193.0,10558.0,7.0,7.0,7.0,5.87,3991.0,1022.0,2969.0,14549.0,16.0,16.0,19.0,5.39,3528.0,1872.0,1656.0,18077.0,11.0,11.0,15.0,6.64,,,,,,,,,,,,,,,,,,,,,,,,,
ace4630f-dfe0-46c0-8c81-1bb1f52bfb0d,2025-12-09 20:10:28 UTC,False,20458.0,CFOP,Gan 12 UI Maglev,RandomForest,5019.0,20458.0,,,gan12,custom_rules,,,,8.0,0.0,0.0,20458.0,63.0,67.0,86.0,3.08,9314.0,11055.0,3862.0,0.0,3862.0,3951.0,8.0,8.0,12.0,2.07,4228.0,2450.0,1778.0,8179.0,8.0,8.0,9.0,4.5,3156.0,2780.0,376.0,11335.0,6.0,6.0,7.0,15.96,2309.0,742.0,1567.0,13644.0,11.0,11.0,15.0,7.02,1934.0,1426.0,508.0,15578.0,7.0,7.0,7.0,13.78,2044.0,749.0,1295.0,17622.0,16.0,16.0,16.0,12.36,2836.0,1167.0,1669.0,20458.0,7.0,11.0,20.0,4.19,,,,,,,,,,,,,,,,,,,,,,,,,
6ed4416d-a117-44f4-a9c0-7f4eea5d1f52,2025-12-09 20:10:58 UTC,False,14964.0,CFOP,Gan 12 UI Maglev,RandomForest,4784.0,14964.0,,,gan12,custom_rules,,,,8.0,0.0,0.0,14964.0,66.0,69.0,81.0,4.41,7030.0,7861.0,2129.0,0.0,2129.0,2202.0,9.0,9.0,12.0,4.23,2091.0,966.0,1125.0,4293.0,9.0,9.0,11.0,8.0,1362.0,900.0,462.0,5655.0,6.0,7.0,8.0,12.99,1952.0,1034.0,918.0,7607.0,8.0,8.0,8.0,8.71,2537.0,1708.0,829.0,10144.0,7.0,7.0,9.0,8.44,1698.0,866.0,832.0,11842.0,10.0,11.0,12.0,12.02,3122.0,1556.0,1566.0,14964.0,17.0,18.0,21.0,10.86,,,,,,,,,,,,,,,,,,,,,,,,,
6ce323df-f41d-4216-b34d-cb7bb13f30c8,2025-12-09 22:01:38 UTC,False,18966.0,CFOP,Gan 12 UI Maglev,RandomForest,7873.0,18966.0,,,"slow solves, unl",custom_rules,,,,8.0,0.0,0.0,18966.0,62.0,64.0,73.0,3.27,5644.0,13322.0,4450.0,0.0,4450.0,4450.0,9.0,9.0,10.0,2.02,1587.0,902.0,685.0,6037.0,4.0,4.0,4.0,5.84,2923.0,903.0,2020.0,8960.0,8.0,8.0,9.0,3.96,2540.0,957.0,1583.0,11500.0,8.0,8.0,9.0,5.05,2106.0,349.0,1757.0,13606.0,10.0,12.0,13.0,5.69,2276.0,895.0,1381.0,15882.0,13.0,13.0,13.0,9.41,3084.0,1638.0,1446.0,18966.0,11.0,11.0,15.0,7.61,,,,,,,,,,,,,,,,,,,,,,,,,
d9027f5d-bb07-42ac-985e-8e6f84a191ac,2025-12-09 22:02:19 UTC,False,18147.0,CFOP,Gan 12 UI Maglev,RandomForest,9605.0,18147.0,,,"slow solves, unl",custom_rules,,,,8.0,0.0,0.0,18147.0,59.0,59.0,65.0,3.25,9772.0,8375.0,1443.0,0.0,1443.0,1443.0,6.0,6.0,6.0,4.16,2325.0,1933.0,392.0,3768.0,5.0,5.0,5.0,12.76,3003.0,1907.0,1096.0,6771.0,9.0,9.0,9.0,8.21,3459.0,1225.0,2234.0,10230.0,13.0,13.0,14.0,5.82,2909.0,2128.0,781.0,13139.0,8.0,8.0,8.0,10.24,1478.0,689.0,789.0,14617.0,7.0,7.0,8.0,8.87,3530.0,1890.0,1640.0,18147.0,11.0,11.0,15.0,6.71,,,,,,,,,,,,,,,,,,,,,,,,,
4d3da2b7-6f67-44a8-bae8-1a139697e3de,2025-12-09 22:02:57 UTC,False,19885.0,CFOP,Gan 12 UI Maglev,RandomForest,5471.0,19885.0,,,"slow solves, unl",custom_rules,,,,8.0,0.0,0.0,19885.0,71.0,76.0,91.0,3.57,4068.0,15817.0,1651.0,0.0,1651.0,1651.0,6.0,6.0,7.0,3.63,3101.0,901.0,2200.0,4752.0,8.0,8.0,9.0,3.64,3607.0,547.0,3060.0,8359.0,11.0,11.0,12.0,3.59,5665.0,322.0,5343.0,14024.0,20.0,20.0,23.0,3.74,1840.0,660.0,1180.0,15864.0,8.0,8.0,9.0,6.78,1800.0,878.0,922.0,17664.0,8.0,8.0,9.0,8.68,2221.0,760.0,1461.0,19885.0,10.0,15.0,22.0,6.84,,,,,,,,,,,,,,,,,,,,,,,,,
015a4edd-478f-41f8-a424-cb6336747ae3,2025-12-09 22:03:27 UTC,False,16158.0,CFOP,Gan 12 UI Maglev,RandomForest,4190.0,16158.0,,,"slow solves, unl",custom_rules,,,,8.0,0.0,0.0,16158.0,56.0,57.0,67.0,3.47,6354.0,9804.0,2839.0,0.0,2839.0,2839.0,8.0,8.0,11.0,2.82,4268.0,2407.0,1861.0,7107.0,11.0,11.0,11.0,5.91,1460.0,484.0,976.0,8567.0,6.0,6.0,7.0,6.15,1282.0,476.0,806.0,9849.0,6.0,7.0,7.0,7.44,2100.0,1150.0,950.0,11949.0,8.0,8.0,9.0,8.42,2018.0,1015.0,1003.0,13967.0,8.0,8.0,10.0,7.98,2191.0,822.0,1369.0,16158.0,9.0,9.0,12.0,6.57,,,,,,,,,,,,,,,,,,,,,,,,,
31546270-6008-4349-9891-7b3903fa33de,2025-12-09 22:04:01 UTC,False,15348.0,CFOP,Gan 12 UI Maglev,RandomForest,4829.0,15348.0,,,"slow solves, unl",custom_rules,,,,8.0,0.0,0.0,15348.0,64.0,65.0,73.0,4.17,4661.0,10687.0,2612.0,0.0,2612.0,2612.0,7.0,7.0,7.0,2.68,2664.0,387.0,2277.0,5276.0,10.0,10.0,10.0,4.39,1349.0,688.0,661.0,6625.0,6.0,7.0,7.0,9.08,1733.0,379.0,1354.0,8358.0,7.0,7.0,8.0,5.17,1230.0,427.0,803.0,9588.0,8.0,8.0,8.0,9.96,2414.0,1568.0,846.0,12002.0,9.0,9.0,11.0,10.64,3346.0,1212.0,2134.0,15348.0,17.0,17.0,22.0,7.97,,,,,,,,,,,,,,,,,,,,,,,,,
46f029db-9500-4c6a-8fb7-f15785ea9bac,2025-12-09 22:04:54 UTC,False,18819.0,CFOP,Gan 12 UI Maglev,RandomForest,24737.0,18819.0,,,"slow solves, unl",custom_rules,,,,8.0,0.0,0.0,18819.0,75.0,78.0,88.0,3.99,5109.0,13710.0,2531.0,0.0,2531.0,2531.0,9.0,9.0,9.0,3.56,1685.0,306.0,1379.0,4216.0,7.0,7.0,7.0,5.08,2483.0,545.0,1938.0,6699.0,7.0,7.0,8.0,3.61,2753.0,686.0,2067.0,9452.0,11.0,11.0,12.0,5.32,1862.0,1137.0,725.0,11314.0,8.0,8.0,9.0,11.03,4958.0,1403.0,3555.0,16272.0,20.0,21.0,25.0,5.63,2547.0,1032.0,1515.0,18819.0,14.0,16.0,18.0,9.24,,,,,,,,,,,,,,,,,,,,,,,,,
9be9161b-dd2a-4441-a895-c0ce756534d3,2025-12-09 22:05:29 UTC,False,17707.0,CFOP,Gan 12 UI Maglev,RandomForest,7035.0,17707.0,,,"slow solves, unl",custom_rules,,,,8.0,0.0,0.0,17707.0,63.0,64.0,78.0,3.56,7619.0,10088.0,1606.0,0.0,1606.0,1606.0,5.0,5.0,7.0,3.11,2686.0,1329.0,1357.0,4292.0,9.0,9.0,11.0,6.63,2310.0,933.0,1377.0,6602.0,8.0,8.0,9.0,5.81,1742.0,735.0,1007.0,8344.0,8.0,8.0,9.0,7.94,2439.0,1473.0,966.0,10783.0,8.0,8.0,11.0,8.28,3460.0,1404.0,2056.0,14243.0,11.0,11.0,14.0,5.35,3464.0,1745.0,1719.0,17707.0,14.0,15.0,17.0,8.14,,,,,,,,,,,,,,,,,,,,,,,,,
15c0eec2-2683-4e58-aff5-2db0ebcd3437,2025-12-09 22:06:10 UTC,False,20729.0,CFOP,Gan 12 UI Maglev,RandomForest,5152.0,20729.0,,,"slow solves, unl",custom_rules,,,,8.0,0.0,0.0,20729.0,81.0,81.0,89.0,3.91,8841.0,11888.0,1329.0,0.0,1329.0,1329.0,5.0,5.0,6.0,3.76,4166.0,1929.0,2237.0,5495.0,12.0,12.0,13.0,5.36,3182.0,926.0,2256.0,8677.0,11.0,11.0,13.0,4.88,3833.0,2082.0,1751.0,12510.0,12.0,12.0,13.0,6.85,2800.0,2179.0,621.0,15310.0,8.0,8.0,8.0,12.88,2430.0,742.0,1688.0,17740.0,16.0,16.0,16.0,9.48,2989.0,983.0,2006.0,20729.0,17.0,17.0,20.0,8.47,,,,,,,,,,,,,,,,,,,,,,,,,
512e603c-937e-4b3e-b99a-f7cf153c21d4,2025-12-09 22:06:54 UTC,False,28647.0,CFOP,Gan 12 UI Maglev,RandomForest,6313.0,28647.0,,,"slow solves, unl",custom_rules,,,,8.0,0.0,0.0,28647.0,93.0,93.0,103.0,3.25,5788.0,22859.0,2267.0,0.0,2267.0,2267.0,5.0,5.0,6.0,2.21,2245.0,797.0,1448.0,4512.0,8.0,8.0,9.0,5.52,2317.0,490.0,1827.0,6829.0,7.0,7.0,8.0,3.83,9786.0,548.0,9238.0,16615.0,28.0,28.0,32.0,3.03,2273.0,797.0,1476.0,18888.0,8.0,8.0,8.0,5.42,7041.0,2073.0,4968.0,25929.0,21.0,21.0,22.0,4.23,2718.0,1083.0,1635.0,28647.0,16.0,16.0,18.0,9.79,,,,,,,,,,,,,,,,,,,,,,,,,
2e7c844d-93d5-4436-84b5-3a08d3f7c41d,2025-12-09 22:08:27 UTC,False,18821.0,CFOP,Gan 12 UI Maglev,RandomForest,64273.0,18821.0,,,"slow solves, unl",custom_rules,,,,8.0,0.0,0.0,18821.0,71.0,72.0,78.0,3.77,7639.0,11126.0,2038.0,0.0,2038.0,2094.0,6.0,7.0,8.0,2.94,3111.0,1967.0,1144.0,5205.0,8.0,8.0,8.0,6.99,2266.0,199.0,2067.0,7471.0,11.0,11.0,12.0,5.32,3150.0,1193.0,1957.0,10621.0,10.0,10.0,11.0,5.11,2229.0,1278.0,951.0,12850.0,8.0,8.0,8.0,8.41,2945.0,1544.0,1401.0,15795.0,12.0,12.0,13.0,8.57,3026.0,1458.0,1568.0,18821.0,17.0,17.0,18.0,10.84,,,,,,,,,,,,,,,,,,,,,,,,,
6f9aacbf-5790-47e1-a49b-9b0460eadcbd,2025-12-09 22:09:25 UTC,False,25442.0,CFOP,Gan 12 UI Maglev,RandomForest,21887.0,25442.0,,,"slow solves, unl",custom_rules,,,,8.0,0.0,0.0,25442.0,74.0,74.0,79.0,2.91,7285.0,18157.0,11003.0,0.0,11003.0,11003.0,23.0,23.0,25.0,2.09,0.0,0.0,0.0,11003.0,0.0,0.0,0.0,0.0,3465.0,2193.0,1272.0,14468.0,7.0,7.0,8.0,5.5,3643.0,2321.0,1322.0,18111.0,7.0,7.0,8.0,5.3,1647.0,777.0,870.0,19758.0,8.0,8.0,8.0,9.2,2175.0,869.0,1306.0,21933.0,11.0,11.0,12.0,8.42,3509.0,1125.0,2384.0,25442.0,18.0,18.0,18.0,7.55,,,,,,,,,,,,,,,,,,,,,,,,,
1d081c95-6c25-4e88-b4ff-71fa00d41f59,2025-12-09 22:10:04 UTC,False,21136.0,CFOP,Gan 12 UI Maglev,RandomForest,9005.0,21136.0,,,"slow solves, unl",custom_rules,,,,8.0,0.0,0.0,21136.0,68.0,68.0,76.0,3.22,7197.0,13939.0,4232.0,0.0,4232.0,4232.0,8.0,8.0,8.0,1.89,2766.0,967.0,1799.0,6998.0,8.0,8.0,9.0,4.45,3296.0,1595.0,1701.0,10294.0,12.0,12.0,12.0,7.05,1701.0,684.0,1017.0,11995.0,7.0,7.0,7.0,6.88,2789.0,1620.0,1169.0,14784.0,8.0,8.0,10.0,6.84,1854.0,725.0,1129.0,16638.0,12.0,12.0,13.0,10.63,4498.0,1606.0,2892.0,21136.0,13.0,13.0,17.0,4.5,,,,,,,,,,,,,,,,,,,,,,,,,
0733a7da-0f42-45c6-acc2-572da8a6ec6c,2025-12-09 22:10:36 UTC,False,15770.0,CFOP,Gan 12 UI Maglev,RandomForest,4734.0,15770.0,,,"slow solves, unl",custom_rules,,,,8.0,0.0,0.0,15770.0,59.0,62.0,71.0,3.74,5695.0,10075.0,2074.0,0.0,2074.0,2074.0,7.0,7.0,8.0,3.38,1784.0,953.0,831.0,3858.0,4.0,4.0,5.0,4.81,4144.0,1820.0,2324.0,8002.0,9.0,9.0,10.0,3.87,1982.0,878.0,1104.0,9984.0,6.0,7.0,9.0,5.43,1238.0,395.0,843.0,11222.0,8.0,8.0,9.0,9.49,1716.0,604.0,1112.0,12938.0,9.0,10.0,10.0,8.09,2832.0,1045.0,1787.0,15770.0,16.0,17.0,20.0,8.95,,,,,,,,,,,,,,,,,,,,,,,,,
7e1a7406-7c9c-43d5-bb07-85efa858b53b,2025-12-09 22:11:11 UTC,False,13147.0,CFOP,Gan 12 UI Maglev,RandomForest,11501.0,13147.0,,,"slow solves, unl",custom_rules,,,,8.0,0.0,0.0,13147.0,56.0,57.0,66.0,4.26,5841.0,7306.0,925.0,0.0,925.0,925.0,4.0,4.0,5.0,4.32,1399.0,386.0,1013.0,2324.0,5.0,5.0,7.0,4.94,2575.0,1480.0,1095.0,4899.0,9.0,9.0,9.0,8.22,1463.0,385.0,1078.0,6362.0,8.0,8.0,9.0,7.42,2474.0,1258.0,1216.0,8836.0,9.0,9.0,11.0,7.4,2055.0,1355.0,700.0,10891.0,7.0,7.0,8.0,10.0,2256.0,977.0,1279.0,13147.0,14.0,15.0,17.0,10.95,,,,,,,,,,,,,,,,,,,,,,,,,
8624a7d5-54d0-4c18-9067-d0c1b5c59edb,2025-12-09 22:11:51 UTC,False,16656.0,CFOP,Gan 12 UI Maglev,RandomForest,10128.0,16656.0,,,"slow solves, unl",custom_rules,,,,8.0,0.0,0.0,16656.0,56.0,58.0,62.0,3.36,6398.0,10177.0,1504.0,0.0,1504.0,1585.0,5.0,5.0,6.0,3.32,3241.0,710.0,2531.0,4826.0,8.0,8.0,8.0,3.16,957.0,306.0,651.0,5783.0,3.0,3.0,3.0,4.61,3023.0,1821.0,1202.0,8806.0,9.0,9.0,10.0,7.49,2071.0,1369.0,702.0,10877.0,8.0,8.0,8.0,11.4,2534.0,894.0,1640.0,13411.0,8.0,8.0,8.0,4.88,3245.0,1298.0,1947.0,16656.0,15.0,17.0,19.0,7.7,,,,,,,,,,,,,,,,,,,,,,,,,
563f062c-1348-4b7e-919f-0a4f4f2b7e8b,2025-12-09 22:12:19 UTC,False,11526.0,CFOP,Gan 12 UI Maglev,RandomForest,6379.0,11526.0,,,"slow solves, unl",custom_rules,,,,8.0,0.0,0.0,11526.0,43.0,43.0,48.0,3.73,4402.0,7124.0,1241.0,0.0,1241.0,1241.0,5.0,5.0,6.0,4.03,1768.0,664.0,1104.0,3009.0,6.0,6.0,7.0,5.43,1859.0,609.0,1250.0,4868.0,6.0,6.0,6.0,4.8,1834.0,644.0,1190.0,6702.0,8.0,8.0,8.0,6.72,1305.0,999.0,306.0,8007.0,5.0,5.0,5.0,16.34,2688.0,938.0,1750.0,10695.0,12.0,12.0,13.0,6.86,831.0,548.0,283.0,11526.0,2.0,2.0,3.0,7.07,,,,,,,,,,,,,,,,,,,,,,,,,
a20d3851-de88-46eb-a26b-ce025852afe9,2025-12-09 22:12:59 UTC,False,16455.0,CFOP,Gan 12 UI Maglev,RandomForest,13385.0,16455.0,,,"slow solves, unl",custom_rules,,,,8.0,0.0,0.0,16455.0,69.0,69.0,75.0,4.19,5133.0,11322.0,3905.0,0.0,3905.0,3905.0,15.0,15.0,17.0,3.84,1527.0,177.0,1350.0,5432.0,7.0,7.0,7.0,5.19,1296.0,426.0,870.0,6728.0,8.0,8.0,8.0,9.2,2972.0,1534.0,1438.0,9700.0,8.0,8.0,10.0,5.56,627.0,482.0,145.0,10327.0,3.0,3.0,3.0,20.69,2444.0,760.0,1684.0,12771.0,12.0,12.0,12.0,7.13,3684.0,1754.0,1930.0,16455.0,18.0,18.0,18.0,9.33,,,,,,,,,,,,,,,,,,,,,,,,,
1cc71d2f-479a-4931-8772-3e2dadc102a5,2025-12-09 22:13:37 UTC,False,18208.0,CFOP,Gan 12 UI Maglev,RandomForest,9929.0,18208.0,,,"slow solves, unl",custom_rules,,,,8.0,0.0,0.0,18208.0,61.0,63.0,71.0,3.35,8947.0,9261.0,1568.0,0.0,1568.0,1568.0,5.0,5.0,5.0,3.19,4299.0,3404.0,895.0,5867.0,9.0,9.0,10.0,10.06,2210.0,687.0,1523.0,8077.0,9.0,10.0,10.0,5.91,3227.0,1439.0,1788.0,11304.0,7.0,7.0,8.0,3.91,2320.0,1225.0,1095.0,13624.0,7.0,7.0,9.0,6.39,1567.0,907.0,660.0,15191.0,8.0,8.0,10.0,12.12,3017.0,1285.0,1732.0,18208.0,16.0,17.0,19.0,9.24,,,,,,,,,,,,,,,,,,,,,,,,,
decab2b8-ee02-4ecd-8d01-b9c3c6dd31bc,2025-12-09 22:14:18 UTC,False,21785.0,CFOP,Gan 12 UI Maglev,RandomForest,7228.0,21785.0,,,"slow solves, unl",custom_rules,,,,8.0,0.0,0.0,21785.0,68.0,68.0,75.0,3.12,10734.0,11051.0,1519.0,0.0,1519.0,1519.0,4.0,4.0,4.0,2.63,2868.0,2046.0,822.0,4387.0,6.0,6.0,8.0,7.3,2881.0,1652.0,1229.0,7268.0,8.0,8.0,9.0,6.51,4836.0,2185.0,2651.0,12104.0,13.0,13.0,15.0,4.9,2400.0,1618.0,782.0,14504.0,7.0,7.0,7.0,8.95,3576.0,1505.0,2071.0,18080.0,12.0,12.0,13.0,5.79,3705.0,1728.0,1977.0,21785.0,18.0,18.0,19.0,9.1,,,,,,,,,,,,,,,,,,,,,,,,,
a8cab874-42e1-45ab-bd2e-5625abdbd5b1,2025-12-09 22:14:57 UTC,False,18366.0,CFOP,Gan 12 UI Maglev,RandomForest,11852.0,18366.0,,,"slow solves, unl",custom_rules,,,,8.0,0.0,0.0,18366.0,66.0,70.0,83.0,3.59,5763.0,12603.0,7077.0,0.0,7077.0,7077.0,22.0,22.0,24.0,3.11,0.0,0.0,0.0,7077.0,0.0,0.0,0.0,0.0,2907.0,1755.0,1152.0,9984.0,7.0,7.0,7.0,6.08,1546.0,242.0,1304.0,11530.0,11.0,11.0,12.0,8.44,2424.0,1570.0,854.0,13954.0,7.0,7.0,9.0,8.2,2385.0,1221.0,1164.0,16339.0,10.0,10.0,13.0,8.59,2027.0,975.0,1052.0,18366.0,9.0,13.0,18.0,8.56,,,,,,,,,,,,,,,,,,,,,,,,,
02627758-5b43-4910-a2ca-4c6aacc6d354,2025-12-09 22:15:37 UTC,False,22018.0,CFOP,Gan 12 UI Maglev,RandomForest,7456.0,22018.0,,,"slow solves, unl",custom_rules,,,,8.0,0.0,0.0,22018.0,73.0,73.0,85.0,3.32,9400.0,12618.0,4292.0,0.0,4292.0,4292.0,9.0,9.0,11.0,2.1,2881.0,1399.0,1482.0,7173.0,8.0,8.0,10.0,5.4,2113.0,995.0,1118.0,9286.0,8.0,8.0,9.0,7.16,2928.0,1712.0,1216.0,12214.0,8.0,8.0,9.0,6.58,2194.0,777.0,1417.0,14408.0,11.0,11.0,12.0,7.76,3971.0,2925.0,1046.0,18379.0,12.0,12.0,13.0,11.47,3639.0,1592.0,2047.0,22018.0,17.0,17.0,21.0,8.3,,,,,,,,,,,,,,,,,,,,,,,,,
eb647156-f451-4a14-b1b7-d12241340759,2025-12-09 22:16:17 UTC,False,23199.0,CFOP,Gan 12 UI Maglev,RandomForest,6490.0,23199.0,,,"slow solves, unl",custom_rules,,,,8.0,0.0,0.0,23199.0,69.0,74.0,87.0,2.97,8851.0,14348.0,1249.0,0.0,1249.0,1249.0,6.0,6.0,6.0,4.8,4418.0,1528.0,2890.0,5667.0,9.0,9.0,12.0,3.11,4716.0,3259.0,1457.0,10383.0,10.0,10.0,12.0,6.86,6279.0,732.0,5547.0,16662.0,18.0,18.0,19.0,3.24,1348.0,566.0,782.0,18010.0,7.0,7.0,8.0,8.95,2590.0,1180.0,1410.0,20600.0,11.0,12.0,12.0,7.8,2599.0,1586.0,1013.0,23199.0,9.0,13.0,18.0,8.88,,,,,,,,,,,,,,,,,,,,,,,,,
feeb40f4-ec2f-47db-8b7a-a9ade022aa27,2025-12-09 22:19:09 UTC,False,14732.0,CFOP,Gan 12 UI Maglev,RandomForest,9623.0,14732.0,,,gan12,custom_rules,,,,8.0,0.0,0.0,14732.0,66.0,67.0,74.0,4.48,5202.0,9482.0,1024.0,0.0,1024.0,1072.0,6.0,6.0,7.0,5.86,3284.0,1585.0,1699.0,4356.0,11.0,11.0,13.0,6.47,2350.0,798.0,1552.0,6706.0,8.0,8.0,9.0,5.15,1888.0,578.0,1310.0,8594.0,6.0,6.0,7.0,4.58,911.0,266.0,645.0,9505.0,7.0,7.0,8.0,10.85,2867.0,1177.0,1690.0,12372.0,13.0,14.0,14.0,7.69,2360.0,798.0,1562.0,14732.0,15.0,15.0,16.0,9.6,,,,,,,,,,,,,,,,,,,,,,,,,
c5b20932-e962-4041-b87c-c6343db2542d,2025-12-09 22:19:55 UTC,False,21106.0,CFOP,Gan 12 UI Maglev,RandomForest,15923.0,21106.0,,,gan12,custom_rules,,,,8.0,0.0,0.0,21106.0,71.0,71.0,77.0,3.36,6068.0,15038.0,2401.0,0.0,2401.0,2401.0,7.0,7.0,7.0,2.92,5524.0,581.0,4943.0,7925.0,9.0,9.0,11.0,1.82,2701.0,1541.0,1160.0,10626.0,7.0,7.0,7.0,6.03,2587.0,1260.0,1327.0,13213.0,8.0,8.0,8.0,6.03,1817.0,588.0,1229.0,15030.0,11.0,11.0,11.0,8.95,2775.0,1268.0,1507.0,17805.0,10.0,10.0,13.0,6.64,3301.0,830.0,2471.0,21106.0,19.0,19.0,20.0,7.69,,,,,,,,,,,,,,,,,,,,,,,,,
72878f7d-cff3-4c29-a34b-133e619c20f8,2025-12-09 22:20:30 UTC,False,19046.0,CFOP,Gan 12 UI Maglev,RandomForest,7279.0,19046.0,,,gan12,custom_rules,,,,8.0,0.0,0.0,19046.0,60.0,64.0,69.0,3.15,6686.0,12288.0,1271.0,0.0,1271.0,1343.0,5.0,5.0,6.0,3.93,5127.0,390.0,4737.0,6470.0,10.0,10.0,10.0,2.11,1728.0,448.0,1280.0,8198.0,6.0,6.0,6.0,4.69,2256.0,1297.0,959.0,10454.0,5.0,6.0,7.0,5.21,2360.0,952.0,1408.0,12814.0,7.0,7.0,7.0,4.97,2297.0,1453.0,844.0,15111.0,11.0,12.0,13.0,13.03,3935.0,2146.0,1789.0,19046.0,16.0,18.0,20.0,8.94,,,,,,,,,,,,,,,,,,,,,,,,,
c5107444-c5fe-4e28-b196-28b97060cbeb,2025-12-09 22:21:00 UTC,False,12958.0,CFOP,Gan 12 UI Maglev,RandomForest,7123.0,12958.0,,,gan12,custom_rules,,,,8.0,0.0,0.0,12958.0,54.0,57.0,65.0,4.17,5383.0,7575.0,1928.0,0.0,1928.0,1928.0,7.0,7.0,9.0,3.63,0.0,0.0,0.0,1928.0,0.0,0.0,0.0,0.0,1968.0,764.0,1204.0,3896.0,9.0,10.0,11.0,7.48,2559.0,1729.0,830.0,6455.0,8.0,8.0,8.0,9.64,1732.0,572.0,1160.0,8187.0,8.0,8.0,9.0,6.9,2649.0,1479.0,1170.0,10836.0,12.0,14.0,15.0,10.26,2122.0,839.0,1283.0,12958.0,10.0,10.0,13.0,7.79,,,,,,,,,,,,,,,,,,,,,,,,,
50c75c20-298a-4287-bdbc-d8e9df00fccb,2025-12-09 22:21:31 UTC,False,15732.0,CFOP,Gan 12 UI Maglev,RandomForest,5534.0,15732.0,,,gan12,custom_rules,,,,8.0,0.0,0.0,15732.0,56.0,60.0,75.0,3.56,7818.0,7914.0,2333.0,0.0,2333.0,2333.0,7.0,7.0,8.0,3.0,2608.0,1440.0,1168.0,4941.0,5.0,5.0,7.0,4.28,2406.0,1624.0,782.0,7347.0,8.0,8.0,8.0,10.23,1511.0,681.0,830.0,8858.0,8.0,8.0,10.0,9.64,2481.0,1805.0,676.0,11339.0,8.0,8.0,8.0,11.83,2121.0,961.0,1160.0,13460.0,12.0,12.0,13.0,10.34,2272.0,1307.0,965.0,15732.0,8.0,12.0,21.0,8.29,,,,,,,,,,,,,,,,,,,,,,,,,
d12fd12f-4771-47d9-9ca4-82f2c4880455,2025-12-09 22:22:06 UTC,False,17975.0,CFOP,Gan 12 UI Maglev,RandomForest,7834.0,17975.0,,,gan12,custom_rules,,,,8.0,0.0,0.0,17975.0,58.0,58.0,64.0,3.23,9078.0,8897.0,1904.0,0.0,1904.0,1904.0,9.0,9.0,9.0,4.73,4467.0,2108.0,2359.0,6371.0,11.0,11.0,12.0,4.66,4210.0,3333.0,877.0,10581.0,9.0,9.0,10.0,10.26,2211.0,1235.0,976.0,12792.0,8.0,8.0,8.0,8.2,2368.0,627.0,1741.0,15160.0,8.0,8.0,10.0,4.6,2815.0,1775.0,1040.0,17975.0,13.0,13.0,15.0,12.5,0.0,0.0,0.0,17975.0,0.0,0.0,0.0,0.0,,,,,,,,,,,,,,,,,,,,,,,,,
0d30ac83-5bfd-4e2b-8669-5e9944f1cb26,2025-12-09 22:22:36 UTC,False,15223.0,CFOP,Gan 12 UI Maglev,RandomForest,5228.0,15223.0,,,gan12,custom_rules,,,,8.0,0.0,0.0,15223.0,62.0,62.0,70.0,4.07,7579.0,7644.0,2043.0,0.0,2043.0,2043.0,7.0,7.0,9.0,3.43,2506.0,1144.0,1362.0,4549.0,7.0,7.0,7.0,5.14,1365.0,599.0,766.0,5914.0,7.0,7.0,8.0,9.14,2045.0,1585.0,460.0,7959.0,8.0,8.0,9.0,17.39,2995.0,2181.0,814.0,10954.0,9.0,9.0,10.0,11.06,1517.0,776.0,741.0,12471.0,8.0,8.0,9.0,10.8,2752.0,1294.0,1458.0,15223.0,16.0,16.0,18.0,10.97,,,,,,,,,,,,,,,,,,,,,,,,,
4c410d8a-9e9c-4e30-beec-17c4faff2613,2025-12-09 22:23:11 UTC,False,18169.0,CFOP,Gan 12 UI Maglev,RandomForest,6281.0,18169.0,,,gan12,custom_rules,,,,8.0,0.0,0.0,18169.0,65.0,65.0,73.0,3.58,7791.0,10378.0,3630.0,0.0,3630.0,3630.0,9.0,9.0,10.0,2.48,4036.0,2647.0,1389.0,7666.0,8.0,8.0,8.0,5.76,2258.0,918.0,1340.0,9924.0,8.0,8.0,9.0,5.97,781.0,572.0,209.0,10705.0,3.0,3.0,3.0,14.35,2013.0,1313.0,700.0,12718.0,8.0,8.0,8.0,11.43,2106.0,1052.0,1054.0,14824.0,12.0,12.0,14.0,11.39,3345.0,1289.0,2056.0,18169.0,17.0,17.0,21.0,8.27,,,,,,,,,,,,,,,,,,,,,,,,,
2b733701-a667-4697-8105-d332cda38561,2025-12-09 22:24:02 UTC,False,16910.0,CFOP,Gan 12 UI Maglev,RandomForest,25921.0,16910.0,,,gan12,custom_rules,,,,8.0,0.0,0.0,16910.0,59.0,70.0,88.0,3.49,6772.0,10138.0,2059.0,0.0,2059.0,2059.0,5.0,5.0,8.0,2.43,0.0,0.0,0.0,2059.0,0.0,0.0,0.0,0.0,3067.0,2415.0,652.0,5126.0,8.0,8.0,9.0,12.27,1895.0,808.0,1087.0,7021.0,7.0,7.0,9.0,6.44,3817.0,1753.0,2064.0,10838.0,14.0,16.0,17.0,6.78,1612.0,580.0,1032.0,12450.0,9.0,10.0,10.0,8.72,4460.0,1216.0,3244.0,16910.0,16.0,24.0,35.0,4.93,,,,,,,,,,,,,,,,,,,,,,,,,
176cadf4-0f40-49ad-b562-965c59e8f2d3,2025-12-09 22:24:49 UTC,False,21995.0,CFOP,Gan 12 UI Maglev,RandomForest,13165.0,21995.0,,,gan12,custom_rules,,,,8.0,0.0,0.0,21995.0,75.0,78.0,90.0,3.41,7015.0,14980.0,4867.0,0.0,4867.0,4867.0,15.0,15.0,15.0,3.08,1772.0,1031.0,741.0,6639.0,8.0,8.0,8.0,10.8,7318.0,2744.0,4574.0,13957.0,17.0,17.0,19.0,3.72,1465.0,1232.0,233.0,15422.0,4.0,4.0,4.0,17.17,2129.0,580.0,1549.0,17551.0,11.0,11.0,13.0,7.1,2664.0,763.0,1901.0,20215.0,10.0,10.0,13.0,5.26,1780.0,665.0,1115.0,21995.0,10.0,13.0,18.0,8.97,,,,,,,,,,,,,,,,,,,,,,,,,
bc2f16f4-9223-418c-9406-de1ed01a8f50,2025-12-09 22:25:23 UTC,False,15262.0,CFOP,Gan 12 UI Maglev,RandomForest,8222.0,15262.0,,,gan12,custom_rules,,,,8.0,0.0,0.0,15262.0,69.0,69.0,77.0,4.52,7238.0,8024.0,1120.0,0.0,1120.0,1120.0,4.0,4.0,6.0,3.57,2135.0,1112.0,1023.0,3255.0,8.0,8.0,11.0,7.82,1834.0,1471.0,363.0,5089.0,4.0,4.0,4.0,11.02,1538.0,886.0,652.0,6627.0,6.0,6.0,7.0,9.2,2304.0,1305.0,999.0,8931.0,9.0,9.0,10.0,9.01,2819.0,1057.0,1762.0,11750.0,19.0,19.0,19.0,10.78,3512.0,1407.0,2105.0,15262.0,19.0,19.0,20.0,9.03,,,,,,,,,,,,,,,,,,,,,,,,,
e9779d6c-cdae-4419-8613-094710c3d320,2025-12-09 22:25:56 UTC,False,16906.0,CFOP,Gan 12 UI Maglev,RandomForest,7424.0,16906.0,,,gan12,custom_rules,,,,8.0,0.0,0.0,16906.0,82.0,83.0,87.0,4.85,7048.0,9858.0,1466.0,0.0,1466.0,1466.0,7.0,7.0,7.0,4.77,1704.0,480.0,1224.0,3170.0,6.0,6.0,6.0,4.9,1878.0,823.0,1055.0,5048.0,8.0,8.0,8.0,7.58,1580.0,742.0,838.0,6628.0,12.0,12.0,13.0,14.32,4689.0,2523.0,2166.0,11317.0,20.0,20.0,20.0,9.23,2581.0,1134.0,1447.0,13898.0,14.0,14.0,15.0,9.68,3008.0,1346.0,1662.0,16906.0,15.0,16.0,18.0,9.03,,,,,,,,,,,,,,,,,,,,,,,,,
201138ce-dea4-4f8b-9771-278ca00747cc,2025-12-09 22:26:30 UTC,False,18902.0,CFOP,Gan 12 UI Maglev,RandomForest,5728.0,18902.0,,,gan12,custom_rules,,,,8.0,0.0,0.0,18902.0,76.0,78.0,89.0,4.02,5299.0,13603.0,6104.0,0.0,6104.0,6104.0,20.0,20.0,23.0,3.28,0.0,0.0,0.0,6104.0,0.0,0.0,0.0,0.0,3148.0,1457.0,1691.0,9252.0,13.0,13.0,16.0,7.69,3349.0,621.0,2728.0,12601.0,12.0,12.0,13.0,4.4,1252.0,954.0,298.0,13853.0,5.0,5.0,5.0,16.78,1782.0,910.0,872.0,15635.0,10.0,10.0,11.0,11.47,3267.0,1357.0,1910.0,18902.0,16.0,18.0,21.0,8.38,,,,,,,,,,,,,,,,,,,,,,,,,
750d4a0d-0d3a-4430-ad8c-525c37063586,2025-12-09 22:27:19 UTC,False,16008.0,CFOP,Gan 12 UI Maglev,RandomForest,22920.0,16008.0,,,gan12,custom_rules,,,,8.0,0.0,0.0,16008.0,55.0,59.0,71.0,3.44,5085.0,10923.0,7293.0,0.0,7293.0,7293.0,23.0,23.0,27.0,3.15,0.0,0.0,0.0,7293.0,0.0,0.0,0.0,0.0,0.0,0.0,0.0,7293.0,0.0,0.0,0.0,0.0,2438.0,1689.0,749.0,9731.0,8.0,8.0,9.0,10.68,2222.0,1240.0,982.0,11953.0,7.0,7.0,8.0,7.13,1621.0,711.0,910.0,13574.0,10.0,10.0,10.0,10.99,2434.0,1445.0,989.0,16008.0,8.0,12.0,17.0,8.09,,,,,,,,,,,,,,,,,,,,,,,,,
0846050f-b2e3-4ba4-82cb-f10cdb62553b,2025-12-09 22:28:01 UTC,False,20713.0,CFOP,Gan 12 UI Maglev,RandomForest,11585.0,20713.0,,,gan12,custom_rules,,,,8.0,0.0,0.0,20713.0,70.0,72.0,79.0,3.38,9123.0,11590.0,4850.0,0.0,4850.0,4850.0,10.0,10.0,12.0,2.06,3436.0,2444.0,992.0,8286.0,8.0,8.0,9.0,8.06,2971.0,1458.0,1513.0,11257.0,8.0,8.0,9.0,5.29,2486.0,1632.0,854.0,13743.0,7.0,8.0,8.0,8.2,982.0,797.0,185.0,14725.0,4.0,4.0,4.0,21.62,2897.0,1245.0,1652.0,17622.0,18.0,18.0,19.0,10.9,3091.0,1547.0,1544.0,20713.0,15.0,16.0,18.0,9.72,,,,,,,,,,,,,,,,,,,,,,,,,
d0a3f5f3-c9ab-4886-94f9-f4a4871cde0c,2025-12-09 22:28:32 UTC,False,14733.0,CFOP,Gan 12 UI Maglev,RandomForest,6266.0,14733.0,,,gan12,custom_rules,,,,8.0,0.0,0.0,14733.0,63.0,63.0,73.0,4.28,7721.0,7012.0,1491.0,0.0,1491.0,1491.0,7.0,7.0,9.0,4.69,1614.0,1040.0,574.0,3105.0,7.0,7.0,8.0,12.2,1740.0,1587.0,153.0,4845.0,4.0,4.0,4.0,26.14,2404.0,1298.0,1106.0,7249.0,9.0,9.0,11.0,8.14,2164.0,1657.0,507.0,9413.0,7.0,7.0,7.0,13.81,2251.0,1002.0,1249.0,11664.0,9.0,9.0,12.0,7.21,3069.0,1137.0,1932.0,14733.0,20.0,20.0,22.0,10.35,,,,,,,,,,,,,,,,,,,,,,,,,
05c66005-26db-4f28-bb89-d217f5717a57,2025-12-09 22:29:15 UTC,False,13924.0,CFOP,Gan 12 UI Maglev,RandomForest,19986.0,13924.0,,,gan12,custom_rules,,,,8.0,0.0,0.0,13924.0,61.0,62.0,70.0,4.38,6211.0,7544.0,919.0,0.0,919.0,1088.0,4.0,5.0,6.0,4.35,2763.0,739.0,2024.0,3851.0,12.0,12.0,13.0,5.93,1116.0,420.0,696.0,4967.0,6.0,6.0,7.0,8.62,2819.0,1885.0,934.0,7786.0,7.0,7.0,7.0,7.49,1189.0,371.0,818.0,8975.0,9.0,9.0,10.0,11.0,1926.0,903.0,1023.0,10901.0,12.0,12.0,13.0,11.73,3023.0,1893.0,1130.0,13924.0,11.0,11.0,14.0,9.73,,,,,,,,,,,,,,,,,,,,,,,,,
f340f312-d153-4cab-89e2-57ce6d47b7d3,2025-12-09 22:29:51 UTC,False,17090.0,CFOP,Gan 12 UI Maglev,RandomForest,7045.0,17090.0,,,gan12,custom_rules,,,,8.0,0.0,0.0,17090.0,61.0,65.0,77.0,3.57,8305.0,8728.0,1418.0,0.0,1418.0,1475.0,5.0,5.0,7.0,3.53,2177.0,749.0,1428.0,3652.0,7.0,7.0,7.0,4.9,1979.0,1209.0,770.0,5631.0,8.0,8.0,9.0,10.39,2248.0,1418.0,830.0,7879.0,9.0,9.0,11.0,10.84,4006.0,2045.0,1961.0,11885.0,12.0,12.0,13.0,6.12,2430.0,1044.0,1386.0,14315.0,12.0,12.0,13.0,8.66,2775.0,1840.0,935.0,17090.0,8.0,12.0,17.0,8.56,,,,,,,,,,,,,,,,,,,,,,,,,
b9dd3713-ac29-4497-83c9-afdad13c47ea,2025-12-09 22:30:18 UTC,False,14128.0,CFOP,Gan 12 UI Maglev,RandomForest,4180.0,14128.0,,,gan12,custom_rules,,,,8.0,0.0,0.0,14128.0,49.0,50.0,58.0,3.47,6894.0,7234.0,2131.0,0.0,2131.0,2131.0,6.0,6.0,8.0,2.82,1740.0,1305.0,435.0,3871.0,4.0,4.0,4.0,9.2,935.0,282.0,653.0,4806.0,5.0,6.0,6.0,7.66,964.0,746.0,218.0,5770.0,3.0,3.0,3.0,13.76,2611.0,1975.0,636.0,8381.0,8.0,8.0,8.0,12.58,2762.0,981.0,1781.0,11143.0,14.0,14.0,15.0,7.86,2985.0,1605.0,1380.0,14128.0,10.0,10.0,14.0,7.25,,,,,,,,,,,,,,,,,,,,,,,,,
7ccd2818-2e77-49df-a9e6-3d54e18752da,2025-12-09 22:31:27 UTC,False,30722.0,CFOP,Gan 12 UI Maglev,RandomForest,28366.0,30722.0,,,gan12,custom_rules,,,,8.0,0.0,0.0,30722.0,77.0,79.0,91.0,2.51,9095.0,20967.0,10334.0,0.0,10334.0,10994.0,12.0,12.0,14.0,1.16,2194.0,1518.0,676.0,13188.0,8.0,8.0,10.0,11.83,3497.0,1468.0,2029.0,16685.0,10.0,10.0,14.0,4.93,2864.0,1070.0,1794.0,19549.0,9.0,10.0,11.0,5.02,5940.0,3210.0,2730.0,25489.0,10.0,11.0,12.0,3.66,2675.0,799.0,1876.0,28164.0,11.0,11.0,12.0,5.86,2558.0,1030.0,1528.0,30722.0,17.0,17.0,18.0,11.13,,,,,,,,,,,,,,,,,,,,,,,,,
961fc960-4888-4bc8-984b-99aeabe309bc,2025-12-10 06:50:22 UTC,False,19932.0,CFOP,Gan 12 UI Maglev,RandomForest,57897.0,19932.0,,,gan12,custom_rules,,,,8.0,0.0,0.0,19932.0,77.0,78.0,88.0,3.86,7714.0,12218.0,733.0,0.0,733.0,733.0,4.0,4.0,4.0,5.46,2466.0,1120.0,1346.0,3199.0,7.0,7.0,8.0,5.2,3222.0,1714.0,1508.0,6421.0,10.0,10.0,11.0,6.63,1706.0,1214.0,492.0,8127.0,6.0,6.0,7.0,12.2,1169.0,903.0,266.0,9296.0,4.0,4.0,4.0,15.04,2606.0,983.0,1623.0,11902.0,14.0,14.0,16.0,8.63,8030.0,1780.0,6250.0,19932.0,32.0,33.0,38.0,5.12,,,,,,,,,,,,,,,,,,,,,,,,,
88984254-6cda-462c-9891-f483c2fd98fa,2025-12-10 06:51:48 UTC,False,13506.0,CFOP,Gan 12 UI Maglev,RandomForest,56427.0,13506.0,,,gan12,custom_rules,,,,8.0,0.0,0.0,13506.0,71.0,72.0,79.0,5.26,5089.0,8417.0,1484.0,0.0,1484.0,1484.0,5.0,6.0,7.0,3.37,1933.0,1233.0,700.0,3417.0,6.0,6.0,8.0,8.57,1238.0,475.0,763.0,4655.0,11.0,11.0,11.0,14.42,1689.0,1039.0,650.0,6344.0,8.0,8.0,8.0,12.31,990.0,531.0,459.0,7334.0,8.0,8.0,8.0,17.43,2977.0,1055.0,1922.0,10311.0,17.0,17.0,18.0,8.84,3195.0,756.0,2439.0,13506.0,16.0,16.0,19.0,6.56,,,,,,,,,,,,,,,,,,,,,,,,,
2919304e-c525-4b36-b309-de4249fd5eb0,2025-12-10 06:52:42 UTC,False,17725.0,CFOP,Gan 12 UI Maglev,RandomForest,21771.0,17725.0,,,gan12,custom_rules,,,,8.0,0.0,0.0,17725.0,68.0,68.0,81.0,3.84,6219.0,11417.0,4778.0,0.0,4778.0,4867.0,16.0,16.0,20.0,3.35,0.0,0.0,0.0,4867.0,0.0,0.0,0.0,0.0,1071.0,346.0,725.0,5938.0,7.0,7.0,8.0,9.66,2561.0,1759.0,802.0,8499.0,8.0,8.0,10.0,9.98,2238.0,879.0,1359.0,10737.0,8.0,8.0,9.0,5.89,3475.0,1354.0,2121.0,14212.0,12.0,12.0,17.0,5.66,3513.0,1881.0,1632.0,17725.0,17.0,17.0,17.0,10.42,,,,,,,,,,,,,,,,,,,,,,,,,
2a4d822a-8969-4097-9e6e-c403a5560d48,2025-12-10 06:53:33 UTC,False,20221.0,CFOP,Gan 12 UI Maglev,RandomForest,19394.0,20221.0,,,gan12,custom_rules,,,,8.0,0.0,0.0,20221.0,74.0,74.0,80.0,3.66,5494.0,14727.0,9623.0,0.0,9623.0,9623.0,21.0,21.0,25.0,2.18,507.0,234.0,273.0,10130.0,3.0,3.0,3.0,10.99,884.0,683.0,201.0,11014.0,4.0,4.0,4.0,19.9,2673.0,1788.0,885.0,13687.0,8.0,8.0,9.0,9.04,1904.0,922.0,982.0,15591.0,8.0,8.0,9.0,8.15,2282.0,1009.0,1273.0,17873.0,13.0,13.0,13.0,10.21,2348.0,858.0,1490.0,20221.0,17.0,17.0,17.0,11.41,,,,,,,,,,,,,,,,,,,,,,,,,
21f406da-aa20-4c97-90ac-813dda1c0871,2025-12-10 06:54:13 UTC,False,17743.0,CFOP,Gan 12 UI Maglev,RandomForest,9539.0,17743.0,,,gan12,custom_rules,,,,8.0,0.0,0.0,17743.0,66.0,67.0,70.0,3.72,8062.0,9681.0,2863.0,0.0,2863.0,2863.0,6.0,6.0,6.0,2.1,2793.0,754.0,2039.0,5656.0,10.0,10.0,11.0,4.9,3114.0,2268.0,846.0,8770.0,9.0,9.0,11.0,10.64,2322.0,1400.0,922.0,11092.0,8.0,8.0,8.0,8.68,1321.0,1023.0,298.0,12413.0,5.0,5.0,5.0,16.78,1998.0,919.0,1079.0,14411.0,10.0,11.0,11.0,9.27,3332.0,1698.0,1634.0,17743.0,18.0,18.0,18.0,11.02,,,,,,,,,,,,,,,,,,,,,,,,,
e0bd58e2-8213-4c4d-850f-fae26f190734,2025-12-10 06:55:05 UTC,False,21071.0,CFOP,Gan 12 UI Maglev,RandomForest,22113.0,21071.0,,,gan12,custom_rules,,,,8.0,0.0,0.0,21071.0,77.0,81.0,87.0,3.65,4563.0,16508.0,2495.0,0.0,2495.0,2495.0,7.0,7.0,8.0,2.81,8123.0,16.0,8107.0,10618.0,17.0,17.0,18.0,2.1,1533.0,636.0,897.0,12151.0,6.0,7.0,7.0,6.69,1756.0,1064.0,692.0,13907.0,8.0,8.0,10.0,11.56,1626.0,925.0,701.0,15533.0,9.0,9.0,9.0,12.84,1797.0,886.0,911.0,17330.0,10.0,10.0,11.0,10.98,3741.0,1036.0,2705.0,21071.0,21.0,23.0,24.0,7.76,,,,,,,,,,,,,,,,,,,,,,,,,
c53122c4-29ae-407e-b08d-a435daefb51e,2025-12-10 06:55:51 UTC,False,18589.0,CFOP,Gan 12 UI Maglev,RandomForest,18616.0,18589.0,,,gan12,custom_rules,,,,8.0,0.0,0.0,18589.0,63.0,65.0,72.0,3.39,5197.0,13392.0,2245.0,0.0,2245.0,2245.0,8.0,8.0,9.0,3.56,2293.0,806.0,1487.0,4538.0,7.0,7.0,7.0,4.71,3292.0,824.0,2468.0,7830.0,10.0,11.0,13.0,4.05,2970.0,661.0,2309.0,10800.0,8.0,8.0,9.0,3.46,2296.0,709.0,1587.0,13096.0,7.0,7.0,8.0,4.41,2445.0,1038.0,1407.0,15541.0,9.0,10.0,10.0,6.4,3048.0,1159.0,1889.0,18589.0,15.0,15.0,16.0,7.94,,,,,,,,,,,,,,,,,,,,,,,,,
e312d0b8-a276-4f4c-9e99-0091491412d3,2025-12-10 06:56:31 UTC,False,16631.0,CFOP,Gan 12 UI Maglev,RandomForest,9022.0,16631.0,,,gan12,custom_rules,,,,8.0,0.0,0.0,16631.0,68.0,68.0,80.0,4.09,7038.0,9593.0,1466.0,0.0,1466.0,1466.0,7.0,7.0,8.0,4.77,2228.0,1004.0,1224.0,3694.0,7.0,7.0,7.0,5.72,2717.0,856.0,1861.0,6411.0,12.0,12.0,15.0,6.45,2132.0,1213.0,919.0,8543.0,8.0,8.0,10.0,8.71,3208.0,1582.0,1626.0,11751.0,13.0,13.0,13.0,8.0,1846.0,749.0,1097.0,13597.0,10.0,10.0,13.0,9.12,3034.0,1634.0,1400.0,16631.0,11.0,11.0,14.0,7.86,,,,,,,,,,,,,,,,,,,,,,,,,
ec8972d0-16a4-412d-bd05-a8386389d265,2025-12-10 06:57:13 UTC,False,13734.0,CFOP,Gan 12 UI Maglev,RandomForest,19280.0,13734.0,,,gan12,custom_rules,,,,8.0,0.0,0.0,13734.0,60.0,61.0,71.0,4.37,5527.0,8207.0,1200.0,0.0,1200.0,1200.0,6.0,6.0,6.0,5.0,2160.0,318.0,1842.0,3360.0,11.0,11.0,11.0,5.97,2052.0,926.0,1126.0,5412.0,6.0,6.0,7.0,5.33,2459.0,1307.0,1152.0,7871.0,8.0,8.0,10.0,6.94,1596.0,735.0,861.0,9467.0,7.0,7.0,9.0,8.13,2172.0,1371.0,801.0,11639.0,9.0,9.0,11.0,11.24,2095.0,870.0,1225.0,13734.0,13.0,14.0,17.0,10.61,,,,,,,,,,,,,,,,,,,,,,,,,
0d80ef09-3019-4303-9628-770db7d9b798,2025-12-10 06:57:51 UTC,False,15044.0,CFOP,Gan 12 UI Maglev,RandomForest,13503.0,15044.0,,,gan12,custom_rules,,,,8.0,0.0,0.0,15044.0,66.0,66.0,72.0,4.39,4421.0,10623.0,3426.0,0.0,3426.0,3426.0,15.0,15.0,16.0,4.38,0.0,0.0,0.0,3426.0,0.0,0.0,0.0,0.0,2324.0,677.0,1647.0,5750.0,6.0,6.0,7.0,3.64,2292.0,1350.0,942.0,8042.0,8.0,8.0,9.0,8.49,2876.0,476.0,2400.0,10918.0,13.0,13.0,13.0,5.42,1754.0,940.0,814.0,12672.0,9.0,9.0,10.0,11.06,2372.0,978.0,1394.0,15044.0,16.0,16.0,17.0,11.48,,,,,,,,,,,,,,,,,,,,,,,,,
b00cb4bc-33dd-4e6e-8938-e103a8031de7,2025-12-10 06:58:29 UTC,False,18347.0,CFOP,Gan 12 UI Maglev,RandomForest,9729.0,18347.0,,,gan12,custom_rules,,,,8.0,0.0,0.0,18347.0,78.0,79.0,88.0,4.25,4609.0,13738.0,6858.0,0.0,6858.0,6858.0,23.0,24.0,25.0,3.35,0.0,0.0,0.0,6858.0,0.0,0.0,0.0,0.0,2704.0,725.0,1979.0,9562.0,11.0,11.0,14.0,5.56,3932.0,1686.0,2246.0,13494.0,12.0,12.0,13.0,5.34,548.0,378.0,170.0,14042.0,4.0,4.0,5.0,23.53,2084.0,958.0,1126.0,16126.0,12.0,12.0,14.0,10.66,2221.0,862.0,1359.0,18347.0,16.0,16.0,17.0,11.77,,,,,,,,,,,,,,,,,,,,,,,,,
fa90c5c9-f3a9-4020-9ff4-50cf94a7fc22,2025-12-10 06:59:23 UTC,False,20051.0,CFOP,Gan 12 UI Maglev,RandomForest,23981.0,20051.0,,,gan12,custom_rules,,,,8.0,0.0,0.0,20051.0,66.0,68.0,71.0,3.29,8570.0,11481.0,2695.0,0.0,2695.0,2695.0,9.0,9.0,9.0,3.34,4840.0,1232.0,3608.0,7535.0,12.0,12.0,12.0,3.33,4381.0,2835.0,1546.0,11916.0,8.0,8.0,8.0,5.17,1813.0,1225.0,588.0,13729.0,3.0,3.0,4.0,5.1,1604.0,1047.0,557.0,15333.0,8.0,8.0,8.0,14.36,2425.0,1362.0,1063.0,17758.0,11.0,13.0,14.0,10.35,2293.0,869.0,1424.0,20051.0,15.0,15.0,16.0,10.53,,,,,,,,,,,,,,,,,,,,,,,,,
336680ff-1785-4ef8-8d46-f442d322b805,2025-12-10 07:00:13 UTC,False,18331.0,CFOP,Gan 12 UI Maglev,RandomForest,23005.0,18331.0,,,gan12,custom_rules,,,,8.0,0.0,0.0,18331.0,61.0,64.0,72.0,3.33,7408.0,10851.0,2453.0,0.0,2453.0,2525.0,5.0,6.0,8.0,2.04,2760.0,1566.0,1194.0,5285.0,8.0,8.0,9.0,6.7,3255.0,572.0,2683.0,8540.0,10.0,10.0,11.0,3.73,3172.0,2084.0,1088.0,11712.0,8.0,8.0,8.0,7.35,1792.0,857.0,935.0,13504.0,7.0,7.0,8.0,7.49,1898.0,1108.0,790.0,15402.0,9.0,9.0,10.0,11.39,2929.0,1221.0,1708.0,18331.0,14.0,16.0,18.0,8.2,,,,,,,,,,,,,,,,,,,,,,,,,
358ee3bc-a375-426f-a73a-44a048e84464,2025-12-10 07:01:09 UTC,False,16252.0,CFOP,Gan 12 UI Maglev,RandomForest,16829.0,16252.0,,,"slow solves, unl",custom_rules,,,,8.0,0.0,0.0,16252.0,58.0,62.0,75.0,3.57,5397.0,10855.0,4886.0,0.0,4886.0,4886.0,18.0,18.0,22.0,3.68,0.0,0.0,0.0,4886.0,0.0,0.0,0.0,0.0,0.0,0.0,0.0,4886.0,0.0,0.0,0.0,0.0,3132.0,1969.0,1163.0,8018.0,9.0,9.0,11.0,7.74,1620.0,871.0,749.0,9638.0,8.0,8.0,8.0,10.68,3874.0,894.0,2980.0,13512.0,15.0,15.0,16.0,5.03,2740.0,1663.0,1077.0,16252.0,8.0,12.0,18.0,7.43,,,,,,,,,,,,,,,,,,,,,,,,,
f2678984-db06-4208-91d3-2468fa33072d,2025-12-10 07:01:50 UTC,False,22653.0,CFOP,Gan 12 UI Maglev,RandomForest,8413.0,22653.0,,,"slow solves, unl",custom_rules,,,,8.0,0.0,0.0,22653.0,85.0,88.0,93.0,3.75,5389.0,17264.0,2207.0,0.0,2207.0,2207.0,7.0,8.0,8.0,3.17,1891.0,879.0,1012.0,4098.0,5.0,5.0,6.0,4.94,7974.0,620.0,7354.0,12072.0,22.0,23.0,25.0,2.99,2345.0,1069.0,1276.0,14417.0,9.0,10.0,11.0,7.05,1442.0,403.0,1039.0,15859.0,8.0,8.0,9.0,7.7,2653.0,1068.0,1585.0,18512.0,17.0,17.0,17.0,10.73,4141.0,1350.0,2791.0,22653.0,17.0,17.0,17.0,6.09,,,,,,,,,,,,,,,,,,,,,,,,,
047f2371-06dd-4c92-92a2-9ff1f3bd4323,2025-12-10 07:02:36 UTC,False,28875.0,CFOP,Gan 12 UI Maglev,RandomForest,7682.0,28875.0,,,"slow solves, unl",custom_rules,,,,8.0,0.0,0.0,28875.0,68.0,76.0,96.0,2.35,10091.0,18680.0,6586.0,0.0,6586.0,6690.0,9.0,9.0,12.0,1.37,2099.0,1574.0,525.0,8789.0,4.0,4.0,4.0,7.62,6861.0,3368.0,3493.0,15650.0,12.0,12.0,14.0,3.44,3188.0,1709.0,1479.0,18838.0,7.0,7.0,7.0,4.73,1738.0,435.0,1303.0,20576.0,7.0,7.0,9.0,5.37,2866.0,1577.0,1289.0,23442.0,12.0,12.0,13.0,9.31,5433.0,1428.0,4005.0,28875.0,17.0,25.0,37.0,4.24,,,,,,,,,,,,,,,,,,,,,,,,,
c2fb6dd6-34cf-4404-ab89-e940fe748313,2025-12-10 07:03:08 UTC,False,15758.0,CFOP,Gan 12 UI Maglev,RandomForest,6042.0,15758.0,,,"slow solves, unl",custom_rules,,,,8.0,0.0,0.0,15758.0,59.0,60.0,64.0,3.74,6395.0,9363.0,1521.0,0.0,1521.0,1521.0,5.0,5.0,7.0,3.29,1475.0,976.0,499.0,2996.0,4.0,4.0,4.0,8.02,2442.0,694.0,1748.0,5438.0,8.0,8.0,8.0,4.58,3056.0,1806.0,1250.0,8494.0,9.0,9.0,9.0,7.2,1200.0,983.0,217.0,9694.0,4.0,4.0,4.0,18.43,1817.0,874.0,943.0,11511.0,10.0,11.0,11.0,10.6,4247.0,1062.0,3185.0,15758.0,19.0,19.0,21.0,5.97,,,,,,,,,,,,,,,,,,,,,,,,,
4fe74b99-f8ca-4133-8eff-46e73b85e5af,2025-12-10 07:03:41 UTC,False,18109.0,CFOP,Gan 12 UI Maglev,RandomForest,5209.0,18109.0,,,"slow solves, unl",custom_rules,,,,8.0,0.0,0.0,18109.0,76.0,78.0,83.0,4.2,7375.0,10734.0,2155.0,0.0,2155.0,2155.0,7.0,7.0,8.0,3.25,3681.0,2099.0,1582.0,5836.0,8.0,8.0,8.0,5.06,2421.0,660.0,1761.0,8257.0,9.0,10.0,10.0,5.11,1984.0,522.0,1462.0,10241.0,11.0,11.0,11.0,7.52,1858.0,1157.0,701.0,12099.0,8.0,8.0,9.0,11.41,2404.0,899.0,1505.0,14503.0,17.0,17.0,17.0,11.3,3606.0,2038.0,1568.0,18109.0,16.0,17.0,20.0,10.2,,,,,,,,,,,,,,,,,,,,,,,,,
d1c16159-1a45-44cf-8170-e1d4e585b5bd,2025-12-10 07:04:18 UTC,False,20299.0,CFOP,Gan 12 UI Maglev,RandomForest,5985.0,20299.0,,,"slow solves, unl",custom_rules,,,,8.0,0.0,0.0,20299.0,70.0,71.0,82.0,3.45,5864.0,14371.0,1632.0,0.0,1632.0,1696.0,6.0,6.0,7.0,3.68,2465.0,1249.0,1216.0,4161.0,6.0,7.0,8.0,4.93,6331.0,1319.0,5012.0,10492.0,19.0,19.0,21.0,3.79,2022.0,580.0,1442.0,12514.0,8.0,8.0,8.0,5.55,2778.0,1139.0,1639.0,15292.0,10.0,10.0,11.0,6.1,2347.0,774.0,1573.0,17639.0,9.0,9.0,12.0,5.72,2660.0,803.0,1857.0,20299.0,12.0,12.0,15.0,6.46,,,,,,,,,,,,,,,,,,,,,,,,,
4a47c9f4-719e-4ce6-af14-0cb3dca4e491,2025-12-10 07:04:52 UTC,False,19860.0,CFOP,Gan 12 UI Maglev,RandomForest,5181.0,19860.0,,,"slow solves, unl",custom_rules,,,,8.0,0.0,0.0,19860.0,61.0,63.0,70.0,3.07,9438.0,10309.0,1168.0,0.0,1168.0,1281.0,6.0,6.0,7.0,5.14,5405.0,3640.0,1765.0,6686.0,7.0,7.0,7.0,3.97,3837.0,2603.0,1234.0,10523.0,8.0,8.0,10.0,6.48,2071.0,750.0,1321.0,12594.0,8.0,8.0,9.0,6.06,1949.0,762.0,1187.0,14543.0,8.0,8.0,9.0,6.74,2352.0,829.0,1523.0,16895.0,10.0,11.0,11.0,6.57,2965.0,854.0,2111.0,19860.0,14.0,15.0,17.0,6.63,,,,,,,,,,,,,,,,,,,,,,,,,
a24c044c-7cc5-4319-994e-205aa7bb4c30,2025-12-10 07:05:28 UTC,False,15517.0,CFOP,Gan 12 UI Maglev,RandomForest,8268.0,15517.0,,,"slow solves, unl",custom_rules,,,,8.0,0.0,0.0,15517.0,44.0,49.0,59.0,2.84,5461.0,9960.0,3435.0,0.0,3435.0,3531.0,8.0,8.0,11.0,2.33,2679.0,1397.0,1282.0,6210.0,6.0,6.0,6.0,4.68,3055.0,1150.0,1905.0,9265.0,7.0,7.0,7.0,3.67,2016.0,854.0,1162.0,11281.0,8.0,8.0,9.0,6.88,1434.0,274.0,1160.0,12715.0,7.0,7.0,7.0,6.03,0.0,0.0,0.0,12715.0,0.0,0.0,0.0,0.0,2802.0,1786.0,1016.0,15517.0,9.0,13.0,19.0,8.86,,,,,,,,,,,,,,,,,,,,,,,,,
9a8c2d7a-7bb3-49ac-8e36-5b6eace2ab37,2025-12-10 07:06:08 UTC,False,16680.0,CFOP,Gan 12 UI Maglev,RandomForest,13605.0,16680.0,,,"slow solves, unl",custom_rules,,,,8.0,0.0,0.0,16680.0,71.0,72.0,77.0,4.26,5655.0,11025.0,2586.0,0.0,2586.0,2586.0,7.0,7.0,8.0,2.71,2872.0,1495.0,1377.0,5458.0,8.0,8.0,8.0,5.81,3519.0,1209.0,2310.0,8977.0,14.0,15.0,16.0,6.06,1569.0,496.0,1073.0,10546.0,8.0,8.0,8.0,7.46,2005.0,806.0,1199.0,12551.0,9.0,9.0,9.0,7.51,1664.0,988.0,676.0,14215.0,9.0,9.0,10.0,13.31,2465.0,661.0,1804.0,16680.0,16.0,16.0,18.0,8.87,,,,,,,,,,,,,,,,,,,,,,,,,
1a805b73-a963-41b5-aca6-6b2b45249feb,2025-12-10 07:06:40 UTC,False,14470.0,CFOP,Gan 12 UI Maglev,RandomForest,7002.0,14470.0,,,"slow solves, unl",custom_rules,,,,8.0,0.0,0.0,14470.0,66.0,66.0,73.0,4.56,4594.0,9795.0,1483.0,0.0,1483.0,1564.0,6.0,6.0,7.0,4.05,1805.0,580.0,1225.0,3369.0,7.0,7.0,7.0,5.71,2481.0,604.0,1877.0,5850.0,10.0,10.0,11.0,5.33,2043.0,467.0,1576.0,7893.0,9.0,9.0,9.0,5.71,1884.0,1038.0,846.0,9777.0,7.0,7.0,7.0,8.27,2700.0,1293.0,1407.0,12477.0,13.0,13.0,16.0,9.24,1993.0,612.0,1381.0,14470.0,14.0,14.0,16.0,10.14,,,,,,,,,,,,,,,,,,,,,,,,,
bfa14867-7f16-4135-91b7-92a47a0e271c,2025-12-10 07:07:31 UTC,False,20788.0,CFOP,Gan 12 UI Maglev,RandomForest,19074.0,20788.0,,,"slow solves, unl",custom_rules,,,,8.0,0.0,0.0,20788.0,62.0,66.0,77.0,2.98,7076.0,13712.0,6547.0,0.0,6547.0,6547.0,11.0,11.0,12.0,1.68,0.0,0.0,0.0,6547.0,0.0,0.0,0.0,0.0,4589.0,709.0,3880.0,11136.0,17.0,17.0,19.0,4.38,2250.0,1967.0,283.0,13386.0,4.0,4.0,5.0,14.13,2671.0,1986.0,685.0,16057.0,7.0,7.0,7.0,10.22,2647.0,1156.0,1491.0,18704.0,14.0,14.0,15.0,9.39,2084.0,1258.0,826.0,20788.0,9.0,13.0,19.0,10.9,,,,,,,,,,,,,,,,,,,,,,,,,
c4b54ad4-9485-4f82-966c-b207b8db0159,2025-12-10 07:08:08 UTC,False,21223.0,CFOP,Gan 12 UI Maglev,RandomForest,6387.0,21223.0,,,"slow solves, unl",custom_rules,,,,8.0,0.0,0.0,21223.0,91.0,92.0,103.0,4.29,6477.0,14640.0,1542.0,0.0,1542.0,1648.0,5.0,5.0,8.0,3.24,3006.0,121.0,2885.0,4654.0,12.0,12.0,15.0,4.16,3781.0,1323.0,2458.0,8435.0,11.0,11.0,12.0,4.48,2953.0,1663.0,1290.0,11388.0,12.0,12.0,12.0,9.3,1618.0,644.0,974.0,13006.0,8.0,8.0,9.0,8.21,1745.0,668.0,1077.0,14751.0,12.0,12.0,12.0,11.14,6472.0,2058.0,4414.0,21223.0,32.0,33.0,35.0,7.25,,,,,,,,,,,,,,,,,,,,,,,,,
dd0a3d04-d858-4e4c-ae55-12011325432b,2025-12-10 07:08:38 UTC,False,14634.0,CFOP,Gan 12 UI Maglev,RandomForest,5824.0,14634.0,,,"slow solves, unl",custom_rules,,,,8.0,0.0,0.0,14634.0,67.0,68.0,72.0,4.58,5505.0,9129.0,2165.0,0.0,2165.0,2165.0,5.0,5.0,8.0,2.31,1803.0,1079.0,724.0,3968.0,8.0,8.0,8.0,11.05,1296.0,725.0,571.0,5264.0,3.0,3.0,3.0,5.25,2452.0,1767.0,685.0,7716.0,8.0,8.0,8.0,11.68,1330.0,395.0,935.0,9046.0,8.0,8.0,8.0,8.56,2937.0,814.0,2123.0,11983.0,16.0,17.0,17.0,7.54,2651.0,725.0,1926.0,14634.0,19.0,19.0,20.0,9.87,,,,,,,,,,,,,,,,,,,,,,,,,
3c66a4a4-36c6-4b9b-8348-23b22f484fb2,2025-12-10 07:09:10 UTC,False,14502.0,CFOP,Gan 12 UI Maglev,RandomForest,8116.0,14502.0,,,"slow solves, unl",custom_rules,,,,8.0,0.0,0.0,14502.0,56.0,57.0,65.0,3.86,7036.0,7401.0,1136.0,0.0,1136.0,1201.0,5.0,5.0,7.0,4.4,2859.0,1540.0,1319.0,4060.0,7.0,7.0,8.0,5.31,1208.0,846.0,362.0,5268.0,3.0,3.0,3.0,8.29,2207.0,1280.0,927.0,7475.0,8.0,8.0,8.0,8.63,2642.0,1653.0,989.0,10117.0,8.0,8.0,10.0,8.09,1482.0,726.0,756.0,11599.0,9.0,9.0,9.0,11.9,2903.0,991.0,1912.0,14502.0,16.0,17.0,20.0,8.37,,,,,,,,,,,,,,,,,,,,,,,,,
521b4049-db41-421e-9784-d9b2a9c94f4a,2025-12-10 07:09:41 UTC,False,15294.0,CFOP,Gan 12 UI Maglev,RandomForest,4717.0,15294.0,,,"slow solves, unl",custom_rules,,,,8.0,0.0,0.0,15294.0,70.0,70.0,76.0,4.58,4852.0,10361.0,1592.0,0.0,1592.0,1673.0,7.0,7.0,8.0,4.4,2491.0,1354.0,1137.0,4164.0,8.0,8.0,8.0,7.04,2213.0,859.0,1354.0,6377.0,8.0,8.0,9.0,5.91,2702.0,449.0,2253.0,9079.0,12.0,12.0,13.0,5.33,1839.0,379.0,1460.0,10918.0,7.0,7.0,8.0,4.79,1781.0,838.0,943.0,12699.0,13.0,13.0,13.0,13.79,2595.0,973.0,1622.0,15294.0,16.0,16.0,17.0,9.86,,,,,,,,,,,,,,,,,,,,,,,,,
4808eb2d-cd93-411a-b6af-2752a0ef6353,2025-12-10 07:10:16 UTC,False,17210.0,CFOP,Gan 12 UI Maglev,RandomForest,5483.0,17210.0,,,"slow solves, unl",custom_rules,,,,8.0,0.0,0.0,17210.0,68.0,70.0,76.0,3.95,5304.0,11818.0,2267.0,0.0,2267.0,2355.0,7.0,7.0,9.0,3.09,1380.0,387.0,993.0,3735.0,6.0,6.0,6.0,6.04,5657.0,2411.0,3246.0,9392.0,12.0,12.0,13.0,3.7,1172.0,653.0,519.0,10564.0,4.0,4.0,4.0,7.71,2011.0,540.0,1471.0,12575.0,12.0,12.0,13.0,8.16,2044.0,661.0,1383.0,14619.0,10.0,11.0,11.0,7.23,2591.0,652.0,1939.0,17210.0,17.0,18.0,20.0,8.77,,,,,,,,,,,,,,,,,,,,,,,,,
ba0ba855-d081-424c-bb89-da1a7d382ecf,2025-12-10 07:10:52 UTC,False,16136.0,CFOP,Gan 12 UI Maglev,RandomForest,3247.0,16136.0,,,"slow solves, unl",custom_rules,,,,8.0,0.0,0.0,16136.0,68.0,72.0,87.0,4.21,5591.0,10545.0,2081.0,0.0,2081.0,2081.0,10.0,10.0,11.0,4.81,2089.0,1162.0,927.0,4170.0,6.0,6.0,8.0,6.47,3645.0,572.0,3073.0,7815.0,13.0,13.0,15.0,4.23,2840.0,1109.0,1731.0,10655.0,11.0,11.0,14.0,6.35,1619.0,491.0,1128.0,12274.0,10.0,10.0,11.0,8.87,2072.0,1266.0,806.0,14346.0,9.0,9.0,10.0,11.17,1790.0,991.0,799.0,16136.0,9.0,13.0,18.0,11.26,,,,,,,,,,,,,,,,,,,,,,,,,
d37accda-e578-4eee-a0df-12bfa43c3199,2025-12-10 07:11:38 UTC,False,23245.0,CFOP,Gan 12 UI Maglev,RandomForest,11342.0,23245.0,,,"slow solves, unl",custom_rules,,,,8.0,0.0,0.0,23245.0,71.0,72.0,84.0,3.05,6494.0,16751.0,3480.0,0.0,3480.0,3480.0,8.0,8.0,10.0,2.3,3014.0,717.0,2297.0,6494.0,12.0,12.0,13.0,5.22,7523.0,1542.0,5981.0,14017.0,20.0,20.0,25.0,3.34,1789.0,516.0,1273.0,15806.0,6.0,6.0,7.0,4.71,1562.0,1232.0,330.0,17368.0,3.0,3.0,3.0,9.09,2095.0,1298.0,797.0,19463.0,8.0,8.0,9.0,10.04,3782.0,1189.0,2593.0,23245.0,14.0,15.0,17.0,5.4,,,,,,,,,,,,,,,,,,,,,,,,,
936cbf5d-b1f0-4b48-85eb-64f98b7b9cc5,2025-12-10 07:12:10 UTC,False,18302.0,CFOP,Gan 12 UI Maglev,RandomForest,3726.0,18302.0,,,"slow solves, unl",custom_rules,,,,8.0,0.0,0.0,18302.0,63.0,64.0,75.0,3.44,8956.0,9249.0,1948.0,0.0,1948.0,2045.0,7.0,7.0,8.0,3.59,1080.0,838.0,242.0,3125.0,3.0,3.0,3.0,12.4,3390.0,3065.0,325.0,6515.0,5.0,5.0,6.0,15.38,3628.0,1224.0,2404.0,10143.0,11.0,11.0,15.0,4.58,2293.0,1451.0,842.0,12436.0,8.0,8.0,9.0,9.5,2246.0,717.0,1529.0,14682.0,13.0,13.0,14.0,8.5,3620.0,1661.0,1959.0,18302.0,16.0,17.0,20.0,8.17,,,,,,,,,,,,,,,,,,,,,,,,,
f5aa93f8-c34e-4ca8-96f3-2b6c26886c38,2025-12-10 07:12:45 UTC,False,18833.0,CFOP,Gan 12 UI Maglev,RandomForest,7197.0,18833.0,,,"slow solves, unl",custom_rules,,,,8.0,0.0,0.0,18833.0,71.0,72.0,78.0,3.77,7251.0,11582.0,2599.0,0.0,2599.0,2599.0,7.0,7.0,9.0,2.69,2054.0,532.0,1522.0,4653.0,9.0,9.0,9.0,5.91,1778.0,457.0,1321.0,6431.0,7.0,7.0,7.0,5.3,2589.0,1309.0,1280.0,9020.0,9.0,9.0,11.0,7.03,4029.0,2141.0,1888.0,13049.0,12.0,12.0,12.0,6.36,2142.0,830.0,1312.0,15191.0,12.0,12.0,12.0,9.15,3642.0,1982.0,1660.0,18833.0,15.0,16.0,18.0,9.04,,,,,,,,,,,,,,,,,,,,,,,,,
9dfb1ad2-93ae-4b69-be4c-dd562a1abd27,2025-12-10 07:13:19 UTC,False,19248.0,CFOP,Gan 12 UI Maglev,RandomForest,4556.0,19248.0,,,"slow solves, unl",custom_rules,,,,8.0,0.0,0.0,19248.0,67.0,68.0,76.0,3.48,5146.0,14102.0,3860.0,0.0,3860.0,3860.0,8.0,8.0,10.0,2.07,2816.0,483.0,2333.0,6676.0,11.0,11.0,11.0,4.71,3507.0,2491.0,1016.0,10183.0,9.0,9.0,10.0,8.86,2676.0,302.0,2374.0,12859.0,11.0,11.0,11.0,4.63,1844.0,265.0,1579.0,14703.0,7.0,7.0,8.0,4.43,2162.0,784.0,1378.0,16865.0,12.0,12.0,12.0,8.71,2383.0,821.0,1562.0,19248.0,10.0,10.0,14.0,6.4,,,,,,,,,,,,,,,,,,,,,,,,,
7bcc0531-e7f6-4a13-9a1b-a681543985ce,2025-12-10 07:14:02 UTC,False,22105.0,CFOP,Gan 12 UI Maglev,RandomForest,3478.0,22105.0,,,"slow solves, unl",custom_rules,,,,8.0,0.0,0.0,22105.0,70.0,70.0,80.0,3.17,8099.0,14006.0,1782.0,0.0,1782.0,1782.0,6.0,6.0,6.0,3.37,4511.0,2627.0,1884.0,6293.0,9.0,9.0,12.0,4.78,4254.0,236.0,4018.0,10547.0,11.0,11.0,12.0,2.74,4795.0,1704.0,3091.0,15342.0,13.0,13.0,16.0,4.21,2178.0,1056.0,1122.0,17520.0,7.0,7.0,7.0,6.24,1263.0,655.0,608.0,18783.0,8.0,8.0,8.0,13.16,3322.0,1821.0,1501.0,22105.0,17.0,17.0,19.0,11.33,,,,,,,,,,,,,,,,,,,,,,,,,
d63ff670-37f3-4a01-bad6-8901bf9cb512,2025-12-10 07:14:36 UTC,False,14567.0,CFOP,Gan 12 UI Maglev,RandomForest,9784.0,14567.0,,,"slow solves, unl",custom_rules,,,,8.0,0.0,0.0,14567.0,63.0,64.0,72.0,4.32,6439.0,8128.0,1772.0,0.0,1772.0,1772.0,7.0,7.0,9.0,3.95,2909.0,1543.0,1366.0,4681.0,8.0,8.0,10.0,5.86,1775.0,741.0,1034.0,6456.0,8.0,8.0,9.0,7.74,1292.0,305.0,987.0,7748.0,6.0,6.0,7.0,6.08,2517.0,1968.0,549.0,10265.0,8.0,8.0,10.0,14.57,1562.0,657.0,905.0,11827.0,9.0,10.0,10.0,9.94,2740.0,1225.0,1515.0,14567.0,17.0,17.0,17.0,11.22,,,,,,,,,,,,,,,,,,,,,,,,,
31a921d9-8e64-45a7-a705-d635c7ae5cca,2025-12-10 07:15:46 UTC,False,20076.0,CFOP,Gan 12 UI Maglev,RandomForest,40633.0,20076.0,,,"slow solves, unl",custom_rules,,,,8.0,0.0,0.0,20076.0,62.0,63.0,68.0,3.09,8978.0,11098.0,3288.0,0.0,3288.0,3288.0,6.0,6.0,6.0,1.82,4021.0,1741.0,2280.0,7309.0,11.0,11.0,12.0,4.82,1680.0,1342.0,338.0,8989.0,3.0,3.0,3.0,8.88,4075.0,2012.0,2063.0,13064.0,12.0,12.0,13.0,5.82,1613.0,1106.0,507.0,14677.0,7.0,7.0,7.0,13.81,3004.0,1544.0,1460.0,17681.0,14.0,15.0,15.0,9.59,2395.0,1233.0,1162.0,20076.0,9.0,9.0,12.0,7.75,,,,,,,,,,,,,,,,,,,,,,,,,
c28b0286-03a2-4704-a7a0-db93e202da5b,2025-12-10 18:49:30 UTC,False,19127.0,CFOP,Gan 12 UI Maglev,RandomForest,8811.0,19127.0,,,"slow solves, unl",custom_rules,,,,8.0,0.0,0.0,19127.0,67.0,67.0,74.0,3.5,5947.0,13036.0,3126.0,0.0,3126.0,3270.0,10.0,10.0,11.0,3.2,2413.0,1965.0,448.0,5683.0,4.0,4.0,6.0,8.93,2626.0,529.0,2097.0,8309.0,8.0,8.0,9.0,3.81,2891.0,573.0,2318.0,11200.0,10.0,10.0,11.0,4.31,1908.0,465.0,1443.0,13108.0,8.0,8.0,9.0,5.54,2055.0,915.0,1140.0,15163.0,9.0,9.0,9.0,7.89,3964.0,1500.0,2464.0,19127.0,18.0,18.0,19.0,7.31,,,,,,,,,,,,,,,,,,,,,,,,,
17b55343-8b1c-4cf8-bf4d-39a96a070f41,2025-12-10 18:50:15 UTC,False,21182.0,CFOP,Gan 12 UI Maglev,RandomForest,14359.0,21182.0,,,"slow solves, unl",custom_rules,,,,8.0,0.0,0.0,21182.0,71.0,72.0,79.0,3.35,7049.0,14133.0,3487.0,0.0,3487.0,3487.0,7.0,7.0,7.0,2.01,3574.0,1571.0,2003.0,7061.0,8.0,8.0,9.0,3.99,2616.0,861.0,1755.0,9677.0,7.0,7.0,7.0,3.99,3505.0,872.0,2633.0,13182.0,12.0,12.0,12.0,4.56,2137.0,923.0,1214.0,15319.0,8.0,8.0,10.0,6.59,2794.0,1384.0,1410.0,18113.0,12.0,12.0,13.0,8.51,3069.0,1438.0,1631.0,21182.0,17.0,18.0,21.0,10.42,,,,,,,,,,,,,,,,,,,,,,,,,
03dd8570-03ec-40a8-9753-61da64d7f74a,2025-12-10 18:50:57 UTC,False,18214.0,CFOP,Gan 12 UI Maglev,RandomForest,8175.0,18214.0,,,"slow solves, unl",custom_rules,,,,8.0,0.0,0.0,18214.0,68.0,68.0,73.0,3.73,7840.0,10374.0,1988.0,0.0,1988.0,1988.0,7.0,7.0,8.0,3.52,2386.0,976.0,1410.0,4374.0,8.0,8.0,8.0,5.67,3294.0,1841.0,1453.0,7668.0,8.0,8.0,9.0,5.51,2158.0,886.0,1272.0,9826.0,7.0,7.0,8.0,5.5,2820.0,1330.0,1490.0,12646.0,9.0,9.0,10.0,6.04,2263.0,1191.0,1072.0,14909.0,12.0,12.0,13.0,11.19,3305.0,1616.0,1689.0,18214.0,17.0,17.0,17.0,10.07,,,,,,,,,,,,,,,,,,,,,,,,,
610941ce-5ce0-4d7a-b252-9e1bac13bfda,2025-12-10 18:51:32 UTC,False,20004.0,CFOP,Gan 12 UI Maglev,RandomForest,5668.0,20004.0,,,"slow solves, unl",custom_rules,,,,8.0,0.0,0.0,20004.0,60.0,60.0,68.0,3.0,5095.0,14909.0,3207.0,0.0,3207.0,3207.0,7.0,7.0,9.0,2.18,6951.0,959.0,5992.0,10158.0,14.0,14.0,16.0,2.34,3107.0,1087.0,2020.0,13265.0,8.0,8.0,10.0,3.96,1513.0,886.0,627.0,14778.0,4.0,4.0,4.0,6.38,1337.0,556.0,781.0,16115.0,3.0,3.0,3.0,3.84,1444.0,732.0,712.0,17559.0,9.0,9.0,9.0,12.64,2445.0,875.0,1570.0,20004.0,15.0,15.0,17.0,9.55,,,,,,,,,,,,,,,,,,,,,,,,,
45f8691d-a4e9-4ac8-ae68-15396c6c9622,2025-12-10 18:52:14 UTC,False,23483.0,CFOP,Gan 12 UI Maglev,RandomForest,7962.0,23483.0,,,"slow solves, unl",custom_rules,,,,8.0,0.0,0.0,23483.0,66.0,67.0,73.0,2.81,7361.0,16122.0,2650.0,0.0,2650.0,2650.0,8.0,8.0,8.0,3.02,3158.0,881.0,2277.0,5808.0,6.0,6.0,7.0,2.64,4470.0,1983.0,2487.0,10278.0,8.0,8.0,8.0,3.22,1687.0,339.0,1348.0,11965.0,5.0,5.0,6.0,3.71,2561.0,491.0,2070.0,14526.0,7.0,7.0,8.0,3.38,3727.0,862.0,2865.0,18253.0,17.0,17.0,17.0,5.93,5230.0,2805.0,2425.0,23483.0,16.0,17.0,19.0,6.6,,,,,,,,,,,,,,,,,,,,,,,,,
2cae7a76-3702-49ad-9da2-ae3aea57e07c,2025-12-10 18:52:51 UTC,False,21878.0,CFOP,Gan 12 UI Maglev,RandomForest,4865.0,21878.0,,,"slow solves, unl",custom_rules,,,,8.0,0.0,0.0,21878.0,67.0,71.0,86.0,3.06,7643.0,14235.0,1711.0,0.0,1711.0,1711.0,6.0,6.0,6.0,3.51,6379.0,2017.0,4362.0,8090.0,11.0,11.0,16.0,2.52,2346.0,627.0,1719.0,10436.0,6.0,6.0,8.0,3.49,2883.0,1460.0,1423.0,13319.0,8.0,8.0,9.0,5.62,3005.0,1646.0,1359.0,16324.0,9.0,9.0,9.0,6.62,3634.0,876.0,2758.0,19958.0,18.0,18.0,20.0,6.53,1920.0,1017.0,903.0,21878.0,9.0,13.0,18.0,9.97,,,,,,,,,,,,,,,,,,,,,,,,,
b3695ab7-9b7b-4b78-9085-ed7747dc562c,2025-12-10 18:53:33 UTC,False,18763.0,CFOP,Gan 12 UI Maglev,RandomForest,12429.0,18763.0,,,"slow solves, unl",custom_rules,,,,8.0,0.0,0.0,18763.0,67.0,67.0,76.0,3.57,5485.0,13278.0,3329.0,0.0,3329.0,3329.0,8.0,8.0,10.0,2.4,3408.0,573.0,2835.0,6737.0,9.0,9.0,11.0,3.17,2905.0,1483.0,1422.0,9642.0,8.0,8.0,8.0,5.63,1258.0,686.0,572.0,10900.0,4.0,4.0,4.0,6.99,1990.0,306.0,1684.0,12890.0,8.0,8.0,8.0,4.75,2899.0,1599.0,1300.0,15789.0,11.0,11.0,14.0,8.46,2974.0,838.0,2136.0,18763.0,20.0,20.0,21.0,9.36,,,,,,,,,,,,,,,,,,,,,,,,,
25081629-9bce-4ea7-8dea-a8651cd5b440,2025-12-10 18:54:06 UTC,False,19488.0,CFOP,Gan 12 UI Maglev,RandomForest,4529.0,19488.0,,,"slow solves, unl",custom_rules,,,,8.0,0.0,0.0,19488.0,59.0,59.0,64.0,3.03,5586.0,13902.0,3165.0,0.0,3165.0,3165.0,8.0,8.0,8.0,2.53,2014.0,524.0,1490.0,5179.0,8.0,8.0,8.0,5.37,2768.0,934.0,1834.0,7947.0,8.0,8.0,9.0,4.36,5196.0,1735.0,3461.0,13143.0,11.0,11.0,12.0,3.18,1753.0,420.0,1333.0,14896.0,7.0,7.0,7.0,5.25,1549.0,773.0,776.0,16445.0,6.0,6.0,6.0,7.73,3043.0,1200.0,1843.0,19488.0,11.0,11.0,14.0,5.97,,,,,,,,,,,,,,,,,,,,,,,,,
695204b3-2134-4bbd-97fc-f7efd1f76a9d,2025-12-10 18:54:55 UTC,False,25765.0,CFOP,Gan 12 UI Maglev,RandomForest,10967.0,25765.0,,,"slow solves, unl",custom_rules,,,,8.0,0.0,0.0,25765.0,70.0,75.0,93.0,2.72,6959.0,18806.0,3175.0,0.0,3175.0,3175.0,7.0,7.0,10.0,2.2,4700.0,1067.0,3633.0,7875.0,9.0,10.0,11.0,2.48,5318.0,1120.0,4198.0,13193.0,13.0,13.0,15.0,3.1,4207.0,2422.0,1785.0,17400.0,8.0,8.0,9.0,4.48,1731.0,379.0,1352.0,19131.0,7.0,7.0,8.0,5.18,4225.0,827.0,3398.0,23356.0,17.0,17.0,20.0,5.0,2409.0,1144.0,1265.0,25765.0,9.0,13.0,20.0,7.11,,,,,,,,,,,,,,,,,,,,,,,,,
373db2fd-b4d9-4f86-b9e2-24f3ea0c89bc,2025-12-10 18:55:23 UTC,False,16484.0,CFOP,Gan 12 UI Maglev,RandomForest,3030.0,16484.0,,,"slow solves, unl",custom_rules,,,,8.0,0.0,0.0,16484.0,50.0,50.0,60.0,3.03,6978.0,9506.0,1739.0,0.0,1739.0,1739.0,6.0,6.0,8.0,3.45,1812.0,1031.0,781.0,3551.0,4.0,4.0,5.0,5.12,2557.0,477.0,2080.0,6108.0,7.0,7.0,8.0,3.37,2635.0,1369.0,1266.0,8743.0,8.0,8.0,8.0,6.32,2609.0,1537.0,1072.0,11352.0,9.0,9.0,9.0,8.4,2525.0,1133.0,1392.0,13877.0,8.0,8.0,10.0,5.75,2607.0,1431.0,1176.0,16484.0,9.0,9.0,12.0,7.65,,,,,,,,,,,,,,,,,,,,,,,,,
13597bd1-7ea9-4930-a5a7-8160f85d3f20,2025-12-10 18:56:02 UTC,False,18229.0,CFOP,Gan 12 UI Maglev,RandomForest,5832.0,18229.0,,,"slow solves, unl",custom_rules,,,,8.0,0.0,0.0,18229.0,61.0,61.0,69.0,3.35,5555.0,12674.0,2761.0,0.0,2761.0,2761.0,7.0,7.0,7.0,2.54,2790.0,847.0,1943.0,5551.0,7.0,7.0,7.0,3.6,1873.0,580.0,1293.0,7424.0,6.0,6.0,7.0,4.64,2840.0,596.0,2244.0,10264.0,7.0,7.0,8.0,3.12,2292.0,758.0,1534.0,12556.0,7.0,7.0,9.0,4.56,2189.0,819.0,1370.0,14745.0,12.0,12.0,13.0,8.76,3484.0,1955.0,1529.0,18229.0,16.0,16.0,18.0,10.46,,,,,,,,,,,,,,,,,,,,,,,,,
2e2ee2f8-c182-404a-8abd-6f40710cb4c3,2025-12-10 18:56:41 UTC,False,19477.0,CFOP,Gan 12 UI Maglev,RandomForest,9731.0,19477.0,,,"slow solves, unl",custom_rules,,,,8.0,0.0,0.0,19477.0,58.0,62.0,77.0,2.98,5089.0,14388.0,2083.0,0.0,2083.0,2083.0,6.0,6.0,7.0,2.88,2675.0,596.0,2079.0,4758.0,8.0,8.0,8.0,3.85,5504.0,749.0,4755.0,10262.0,11.0,11.0,13.0,2.31,2044.0,370.0,1674.0,12306.0,5.0,5.0,7.0,2.99,2542.0,797.0,1745.0,14848.0,8.0,8.0,10.0,4.58,2406.0,1296.0,1110.0,17254.0,11.0,11.0,14.0,9.91,2223.0,1281.0,942.0,19477.0,9.0,13.0,18.0,9.55,,,,,,,,,,,,,,,,,,,,,,,,,
efb8628c-2c8b-4640-b3e5-b487e2ce53ad,2025-12-10 18:57:21 UTC,False,16413.0,CFOP,Gan 12 UI Maglev,RandomForest,14080.0,16413.0,,,"slow solves, unl",custom_rules,,,,8.0,0.0,0.0,16413.0,64.0,66.0,79.0,3.9,5819.0,10594.0,2767.0,0.0,2767.0,2767.0,8.0,8.0,10.0,2.89,2147.0,1588.0,559.0,4914.0,4.0,4.0,5.0,7.16,2132.0,1015.0,1117.0,7046.0,6.0,6.0,7.0,5.37,2336.0,427.0,1909.0,9382.0,10.0,11.0,12.0,5.24,2260.0,1075.0,1185.0,11642.0,10.0,10.0,11.0,8.44,1921.0,717.0,1204.0,13563.0,9.0,9.0,14.0,7.48,2850.0,997.0,1853.0,16413.0,17.0,18.0,20.0,9.17,,,,,,,,,,,,,,,,,,,,,,,,,
dc9c00d9-90bf-4ee1-98d5-14cef485eced,2025-12-10 18:58:03 UTC,False,18820.0,CFOP,Gan 12 UI Maglev,RandomForest,13196.0,18820.0,,,"slow solves, unl",custom_rules,,,,8.0,0.0,0.0,18820.0,63.0,63.0,75.0,3.35,6464.0,12356.0,2560.0,0.0,2560.0,2560.0,6.0,6.0,8.0,2.34,3014.0,1405.0,1609.0,5574.0,8.0,8.0,9.0,4.97,1987.0,702.0,1285.0,7561.0,5.0,5.0,6.0,3.89,3201.0,1004.0,2197.0,10762.0,7.0,7.0,8.0,3.19,2249.0,773.0,1476.0,13011.0,11.0,11.0,12.0,7.45,2525.0,1655.0,870.0,15536.0,9.0,9.0,11.0,10.34,3284.0,925.0,2359.0,18820.0,17.0,17.0,21.0,7.21,,,,,,,,,,,,,,,,,,,,,,,,,
6d8b12bb-a137-4468-bc3b-5547fd9f953a,2025-12-10 18:58:44 UTC,False,23271.0,CFOP,Gan 12 UI Maglev,RandomForest,8204.0,23271.0,,,"slow solves, unl",custom_rules,,,,8.0,0.0,0.0,23271.0,72.0,76.0,86.0,3.09,8247.0,15024.0,3042.0,0.0,3042.0,3042.0,8.0,8.0,8.0,2.63,7030.0,1259.0,5771.0,10072.0,23.0,23.0,24.0,3.99,4191.0,830.0,3361.0,14263.0,11.0,11.0,12.0,3.27,1529.0,1054.0,475.0,15792.0,4.0,4.0,5.0,8.42,1223.0,917.0,306.0,17015.0,6.0,6.0,7.0,19.61,3912.0,2922.0,990.0,20927.0,12.0,12.0,12.0,12.12,2344.0,1265.0,1079.0,23271.0,8.0,12.0,18.0,7.41,,,,,,,,,,,,,,,,,,,,,,,,,
bd326b8e-0ab6-4baf-ab78-1a99409065e7,2025-12-10 18:59:25 UTC,False,22066.0,CFOP,Gan 12 UI Maglev,RandomForest,9890.0,22066.0,,,"slow solves, unl",custom_rules,,,,8.0,0.0,0.0,22066.0,78.0,79.0,86.0,3.53,8486.0,13508.0,1936.0,0.0,1936.0,2008.0,6.0,6.0,8.0,3.1,3834.0,1811.0,2023.0,5842.0,8.0,8.0,8.0,3.95,4156.0,1162.0,2994.0,9998.0,11.0,11.0,11.0,3.67,3831.0,1515.0,2316.0,13829.0,12.0,12.0,14.0,5.18,2308.0,1357.0,951.0,16137.0,7.0,7.0,7.0,7.36,2714.0,1115.0,1599.0,18851.0,17.0,17.0,18.0,10.63,3215.0,1526.0,1689.0,22066.0,17.0,18.0,20.0,10.07,,,,,,,,,,,,,,,,,,,,,,,,,
6a6b860f-9d43-41d4-a879-1b31bf239df3,2025-12-10 19:00:06 UTC,False,21737.0,CFOP,Gan 12 UI Maglev,RandomForest,8222.0,21737.0,,,"slow solves, unl",custom_rules,,,,8.0,0.0,0.0,21737.0,66.0,68.0,79.0,3.04,7648.0,14001.0,1758.0,0.0,1758.0,1846.0,6.0,6.0,7.0,3.41,3350.0,942.0,2408.0,5196.0,11.0,11.0,12.0,4.57,2817.0,1520.0,1297.0,8013.0,8.0,8.0,9.0,6.17,2411.0,496.0,1915.0,10424.0,7.0,7.0,8.0,3.66,4626.0,1144.0,3482.0,15050.0,11.0,11.0,13.0,3.16,3639.0,1805.0,1834.0,18689.0,12.0,14.0,15.0,6.54,3048.0,1741.0,1307.0,21737.0,11.0,11.0,15.0,8.42,,,,,,,,,,,,,,,,,,,,,,,,,
a763d021-3bf2-4339-b0c4-f6e10b3910c8,2025-12-10 19:01:27 UTC,False,16694.0,CFOP,Gan 12 UI Maglev,RandomForest,47221.0,16694.0,,,gan12,custom_rules,,,,8.0,0.0,0.0,16694.0,69.0,70.0,78.0,4.13,5139.0,11555.0,5940.0,0.0,5940.0,5940.0,17.0,17.0,21.0,2.86,0.0,0.0,0.0,5940.0,0.0,0.0,0.0,0.0,2219.0,1317.0,902.0,8159.0,8.0,8.0,10.0,8.87,2520.0,1174.0,1346.0,10679.0,7.0,7.0,8.0,5.2,1361.0,846.0,515.0,12040.0,6.0,7.0,7.0,11.65,2073.0,934.0,1139.0,14113.0,13.0,13.0,13.0,11.41,2581.0,868.0,1713.0,16694.0,18.0,18.0,19.0,10.51,,,,,,,,,,,,,,,,,,,,,,,,,
81b1e742-0e41-4620-bdda-2e14cfaea821,2025-12-10 19:02:25 UTC,False,19389.0,CFOP,Gan 12 UI Maglev,RandomForest,27301.0,19389.0,,,gan12,custom_rules,,,,8.0,0.0,0.0,19389.0,82.0,86.0,103.0,4.23,4029.0,15360.0,2939.0,0.0,2939.0,2939.0,14.0,16.0,22.0,4.76,2834.0,267.0,2567.0,5773.0,12.0,12.0,13.0,4.67,4423.0,234.0,4189.0,10196.0,10.0,10.0,13.0,2.39,829.0,644.0,185.0,11025.0,4.0,4.0,4.0,21.62,1498.0,226.0,1272.0,12523.0,11.0,11.0,12.0,8.65,2655.0,1463.0,1192.0,15178.0,13.0,13.0,14.0,10.91,4211.0,1195.0,3016.0,19389.0,20.0,21.0,25.0,6.63,,,,,,,,,,,,,,,,,,,,,,,,,
21ad479c-4aa8-4e60-a667-ecc6a9295796,2025-12-10 19:03:37 UTC,False,13968.0,CFOP,Gan 12 UI Maglev,RandomForest,43429.0,13968.0,,,gan12,custom_rules,,,,8.0,0.0,0.0,13968.0,72.0,74.0,82.0,5.15,5499.0,8469.0,737.0,0.0,737.0,737.0,4.0,5.0,5.0,5.43,1583.0,0.0,1583.0,2320.0,8.0,9.0,9.0,5.05,3617.0,2133.0,1484.0,5937.0,9.0,9.0,10.0,6.06,1964.0,996.0,968.0,7901.0,8.0,8.0,10.0,8.26,1210.0,201.0,1009.0,9111.0,11.0,11.0,12.0,10.9,2522.0,952.0,1570.0,11633.0,16.0,16.0,18.0,10.19,2335.0,1217.0,1118.0,13968.0,16.0,16.0,18.0,14.31,,,,,,,,,,,,,,,,,,,,,,,,,
099dd158-a598-4601-9081-21f1eb4bd5cc,2025-12-10 19:04:46 UTC,False,22167.0,CFOP,Gan 12 UI Maglev,RandomForest,20134.0,22167.0,,,gan12,custom_rules,,,,8.0,0.0,0.0,22167.0,72.0,74.0,88.0,3.25,8077.0,13993.0,5266.0,0.0,5266.0,5363.0,12.0,14.0,17.0,2.28,1436.0,526.0,910.0,6799.0,7.0,7.0,7.0,7.69,963.0,346.0,617.0,7762.0,6.0,6.0,8.0,9.72,6963.0,2770.0,4193.0,14725.0,17.0,17.0,21.0,4.05,2958.0,2282.0,676.0,17683.0,4.0,4.0,4.0,5.92,2057.0,1083.0,974.0,19740.0,10.0,10.0,14.0,10.27,2427.0,1070.0,1357.0,22167.0,16.0,16.0,17.0,11.79,,,,,,,,,,,,,,,,,,,,,,,,,
4725214a-9c7a-4d22-bac3-b2de8e093849,2025-12-10 19:05:38 UTC,False,20599.0,CFOP,Gan 12 UI Maglev,RandomForest,21318.0,20599.0,,,gan12,custom_rules,,,,8.0,0.0,0.0,20599.0,83.0,84.0,92.0,4.03,4833.0,15766.0,5959.0,0.0,5959.0,5959.0,14.0,14.0,15.0,2.35,508.0,403.0,105.0,6467.0,4.0,4.0,4.0,38.1,2293.0,851.0,1442.0,8760.0,11.0,11.0,13.0,7.63,2576.0,1005.0,1571.0,11336.0,11.0,11.0,12.0,7.0,3162.0,765.0,2397.0,14498.0,19.0,19.0,20.0,7.93,3397.0,797.0,2600.0,17895.0,14.0,15.0,15.0,5.38,2704.0,1012.0,1692.0,20599.0,10.0,10.0,13.0,5.91,,,,,,,,,,,,,,,,,,,,,,,,,
dbf7641e-178c-4f9d-90d5-85541902e2be,2025-12-10 19:06:14 UTC,False,16945.0,CFOP,Gan 12 UI Maglev,RandomForest,9515.0,16945.0,,,gan12,custom_rules,,,,8.0,0.0,0.0,16945.0,60.0,62.0,72.0,3.54,8176.0,8769.0,2001.0,0.0,2001.0,2001.0,9.0,9.0,10.0,4.5,2070.0,1361.0,709.0,4071.0,6.0,6.0,8.0,8.46,3344.0,2595.0,749.0,7415.0,6.0,7.0,8.0,8.01,2922.0,1673.0,1249.0,10337.0,9.0,10.0,11.0,7.21,1040.0,387.0,653.0,11377.0,7.0,7.0,8.0,10.72,1814.0,1128.0,686.0,13191.0,7.0,7.0,8.0,10.2,3754.0,1032.0,2722.0,16945.0,16.0,16.0,19.0,5.88,,,,,,,,,,,,,,,,,,,,,,,,,
efc6b817-7d93-4759-b5c5-aac065cfa8bd,2025-12-10 19:07:23 UTC,False,12739.0,CFOP,Gan 12 UI Maglev,RandomForest,43851.0,12739.0,,,gan12,custom_rules,,,,8.0,0.0,0.0,12739.0,67.0,71.0,82.0,5.26,5099.0,7640.0,1964.0,0.0,1964.0,1964.0,8.0,8.0,10.0,4.07,1472.0,387.0,1085.0,3436.0,7.0,7.0,8.0,6.45,1047.0,330.0,717.0,4483.0,8.0,8.0,8.0,11.16,2023.0,1223.0,800.0,6506.0,12.0,12.0,12.0,15.0,2180.0,1225.0,955.0,8686.0,11.0,11.0,13.0,11.52,1994.0,858.0,1136.0,10680.0,13.0,13.0,13.0,11.44,2059.0,1076.0,983.0,12739.0,8.0,12.0,18.0,8.14,,,,,,,,,,,,,,,,,,,,,,,,,
d57dcddf-68e2-464c-816d-662945c54d63,2025-12-10 19:08:14 UTC,False,19854.0,CFOP,Gan 12 UI Maglev,RandomForest,21413.0,19854.0,,,gan12,custom_rules,,,,8.0,0.0,0.0,19854.0,75.0,78.0,93.0,3.78,4349.0,15505.0,9977.0,0.0,9977.0,9977.0,29.0,31.0,40.0,2.91,0.0,0.0,0.0,9977.0,0.0,0.0,0.0,0.0,0.0,0.0,0.0,9977.0,0.0,0.0,0.0,0.0,0.0,0.0,0.0,9977.0,0.0,0.0,0.0,0.0,2402.0,1604.0,798.0,12379.0,10.0,10.0,11.0,12.53,3791.0,791.0,3000.0,16170.0,18.0,18.0,20.0,6.0,3684.0,1954.0,1730.0,19854.0,18.0,19.0,22.0,10.4,,,,,,,,,,,,,,,,,,,,,,,,,
7113c103-dd29-4bb7-bcd0-50fabee5370e,2025-12-10 19:08:50 UTC,False,16464.0,CFOP,Gan 12 UI Maglev,RandomForest,9337.0,16464.0,,,gan12,custom_rules,,,,8.0,0.0,0.0,16464.0,66.0,67.0,73.0,4.01,6389.0,10075.0,2233.0,0.0,2233.0,2233.0,8.0,8.0,8.0,3.58,2554.0,2215.0,339.0,4787.0,5.0,5.0,6.0,14.75,2096.0,637.0,1459.0,6883.0,8.0,8.0,8.0,5.48,1767.0,640.0,1127.0,8650.0,7.0,7.0,7.0,6.21,1821.0,485.0,1336.0,10471.0,8.0,8.0,9.0,5.99,2082.0,1028.0,1054.0,12553.0,12.0,12.0,14.0,11.39,3911.0,1384.0,2527.0,16464.0,18.0,19.0,21.0,7.12,,,,,,,,,,,,,,,,,,,,,,,,,
e225326c-576b-4bab-8613-58cafe41d5bf,2025-12-10 19:09:50 UTC,False,23329.0,CFOP,Gan 12 UI Maglev,RandomForest,26573.0,23329.0,,,gan12,custom_rules,,,,8.0,0.0,0.0,23329.0,81.0,98.0,123.0,3.47,1273.0,22056.0,9380.0,0.0,9380.0,9380.0,37.0,37.0,42.0,3.94,0.0,0.0,0.0,9380.0,0.0,0.0,0.0,0.0,8659.0,395.0,8264.0,18039.0,30.0,39.0,43.0,3.63,5290.0,878.0,4412.0,23329.0,16.0,24.0,38.0,3.63,0.0,0.0,0.0,23329.0,0.0,0.0,0.0,0.0,0.0,0.0,0.0,23329.0,0.0,0.0,0.0,0.0,0.0,0.0,0.0,23329.0,0.0,0.0,0.0,0.0,,,,,,,,,,,,,,,,,,,,,,,,,
2a379bcc-f376-4f47-b524-220eb4787bc1,2025-12-10 19:10:43 UTC,False,24889.0,CFOP,Gan 12 UI Maglev,RandomForest,17464.0,24889.0,,,gan12,custom_rules,,,,8.0,0.0,0.0,24889.0,83.0,86.0,95.0,3.33,7663.0,17153.0,13257.0,0.0,13257.0,13330.0,41.0,43.0,49.0,3.09,0.0,0.0,0.0,13330.0,0.0,0.0,0.0,0.0,0.0,0.0,0.0,13330.0,0.0,0.0,0.0,0.0,4409.0,3684.0,725.0,17739.0,7.0,7.0,8.0,9.66,2458.0,1805.0,653.0,20197.0,7.0,7.0,7.0,10.72,1905.0,866.0,1039.0,22102.0,13.0,13.0,13.0,12.51,2787.0,1308.0,1479.0,24889.0,15.0,16.0,18.0,10.14,,,,,,,,,,,,,,,,,,,,,,,,,
7edb95d2-824e-4c71-8fba-ae9105449cfb,2025-12-10 19:11:24 UTC,False,18566.0,CFOP,Gan 12 UI Maglev,RandomForest,11880.0,18566.0,,,gan12,custom_rules,,,,8.0,0.0,0.0,18566.0,68.0,69.0,81.0,3.66,6416.0,12078.0,2372.0,0.0,2372.0,2444.0,7.0,7.0,10.0,2.95,2650.0,859.0,1791.0,5094.0,8.0,8.0,10.0,4.47,2781.0,483.0,2298.0,7875.0,11.0,11.0,11.0,4.79,2904.0,1126.0,1778.0,10779.0,12.0,12.0,15.0,6.75,2379.0,1478.0,901.0,13158.0,9.0,9.0,9.0,9.99,2334.0,1392.0,942.0,15492.0,10.0,11.0,12.0,10.62,3074.0,1078.0,1996.0,18566.0,11.0,11.0,14.0,5.51,,,,,,,,,,,,,,,,,,,,,,,,,
e89b4aa7-2a4e-440a-b292-ee6dcae44b01,2025-12-10 19:12:06 UTC,False,15066.0,CFOP,Gan 12 UI Maglev,RandomForest,17467.0,15066.0,,,gan12,custom_rules,,,,8.0,0.0,0.0,15066.0,58.0,59.0,66.0,3.85,6366.0,8700.0,1784.0,0.0,1784.0,1784.0,6.0,6.0,6.0,3.36,1919.0,1637.0,282.0,3703.0,5.0,5.0,5.0,17.73,1641.0,508.0,1133.0,5344.0,7.0,7.0,7.0,6.18,2237.0,177.0,2060.0,7581.0,9.0,9.0,10.0,4.37,1654.0,824.0,830.0,9235.0,7.0,7.0,8.0,8.43,1998.0,958.0,1040.0,11233.0,9.0,9.0,9.0,8.65,3833.0,2262.0,1571.0,15066.0,17.0,18.0,21.0,10.82,,,,,,,,,,,,,,,,,,,,,,,,,
2c5a61c8-b191-4c3a-968c-5db8e5946f93,2025-12-10 19:12:40 UTC,False,13999.0,CFOP,Gan 12 UI Maglev,RandomForest,10178.0,13999.0,,,gan12,custom_rules,,,,8.0,0.0,0.0,13999.0,59.0,60.0,70.0,4.21,5612.0,8387.0,1990.0,0.0,1990.0,1990.0,6.0,6.0,8.0,3.02,2723.0,927.0,1796.0,4713.0,10.0,11.0,11.0,5.57,1208.0,918.0,290.0,5921.0,4.0,4.0,5.0,13.79,1018.0,645.0,373.0,6939.0,3.0,3.0,3.0,8.04,1875.0,1041.0,834.0,8814.0,7.0,7.0,9.0,8.39,2020.0,636.0,1384.0,10834.0,10.0,10.0,14.0,7.23,3165.0,1445.0,1720.0,13999.0,19.0,19.0,20.0,11.05,,,,,,,,,,,,,,,,,,,,,,,,,
1b7ad352-69cd-47ad-b155-1ddc2a290c2f,2025-12-10 19:13:12 UTC,False,16382.0,CFOP,Gan 12 UI Maglev,RandomForest,5460.0,16382.0,,,gan12,custom_rules,,,,8.0,0.0,0.0,16382.0,68.0,72.0,80.0,4.15,5391.0,10991.0,3188.0,0.0,3188.0,3188.0,9.0,9.0,11.0,2.82,1725.0,588.0,1137.0,4913.0,8.0,8.0,9.0,7.04,2379.0,1339.0,1040.0,7292.0,6.0,7.0,7.0,5.77,2404.0,664.0,1740.0,9696.0,14.0,15.0,15.0,8.05,2206.0,911.0,1295.0,11902.0,9.0,9.0,11.0,6.95,1279.0,516.0,763.0,13181.0,8.0,8.0,8.0,10.48,3201.0,1373.0,1828.0,16382.0,15.0,17.0,19.0,8.21,,,,,,,,,,,,,,,,,,,,,,,,,
fb4f828c-e8f0-47da-aec5-9f4b7c2dc293,2025-12-10 19:13:53 UTC,False,22421.0,CFOP,Gan 12 UI Maglev,RandomForest,9866.0,22421.0,,,gan12,custom_rules,,,,8.0,0.0,0.0,22421.0,66.0,67.0,77.0,2.94,10206.0,12126.0,4182.0,0.0,4182.0,4271.0,10.0,10.0,11.0,2.39,2657.0,1964.0,693.0,6928.0,6.0,6.0,7.0,8.66,4739.0,2954.0,1785.0,11667.0,10.0,11.0,14.0,5.6,2508.0,1799.0,709.0,14175.0,5.0,5.0,6.0,7.05,3873.0,1621.0,2252.0,18048.0,7.0,7.0,9.0,3.11,2070.0,814.0,1256.0,20118.0,13.0,13.0,13.0,10.35,2303.0,1054.0,1249.0,22421.0,15.0,15.0,17.0,12.01,,,,,,,,,,,,,,,,,,,,,,,,,
638b980a-1fc4-4cec-90f1-161aff6f7d9d,2025-12-10 19:14:21 UTC,False,14004.0,CFOP,Gan 12 UI Maglev,RandomForest,5226.0,14004.0,,,gan12,custom_rules,,,,8.0,0.0,0.0,14004.0,61.0,62.0,70.0,4.36,6304.0,7700.0,1321.0,0.0,1321.0,1321.0,5.0,5.0,6.0,3.79,2788.0,1232.0,1556.0,4109.0,7.0,7.0,7.0,4.5,1723.0,1216.0,507.0,5832.0,9.0,9.0,9.0,17.75,2021.0,1023.0,998.0,7853.0,8.0,8.0,9.0,8.02,1644.0,1088.0,556.0,9497.0,8.0,8.0,8.0,14.39,2270.0,596.0,1674.0,11767.0,12.0,12.0,14.0,7.17,2237.0,1149.0,1088.0,14004.0,13.0,14.0,17.0,11.95,,,,,,,,,,,,,,,,,,,,,,,,,
5c0de423-6e92-4342-93ac-9e3580307369,2025-12-10 19:14:54 UTC,False,17430.0,CFOP,Gan 12 UI Maglev,RandomForest,6687.0,17430.0,,,gan12,custom_rules,,,,8.0,0.0,0.0,17430.0,57.0,57.0,65.0,3.27,7609.0,9821.0,621.0,0.0,621.0,621.0,4.0,4.0,5.0,6.44,6579.0,2688.0,3891.0,7200.0,10.0,10.0,12.0,2.57,2221.0,564.0,1657.0,9421.0,7.0,7.0,8.0,4.22,1465.0,699.0,766.0,10886.0,8.0,8.0,8.0,10.44,2074.0,1470.0,604.0,12960.0,8.0,8.0,8.0,13.25,1771.0,860.0,911.0,14731.0,9.0,9.0,9.0,9.88,2699.0,1328.0,1371.0,17430.0,11.0,11.0,15.0,8.02,,,,,,,,,,,,,,,,,,,,,,,,,
72ea5bf1-e5b8-4d35-a570-538563399f14,2025-12-10 19:15:22 UTC,False,14032.0,CFOP,Gan 12 UI Maglev,RandomForest,3644.0,14032.0,,,gan12,custom_rules,,,,8.0,0.0,0.0,14032.0,51.0,56.0,65.0,3.63,6282.0,7702.0,991.0,0.0,991.0,1039.0,6.0,6.0,7.0,6.05,2943.0,1309.0,1634.0,3982.0,8.0,8.0,9.0,4.9,2706.0,1080.0,1626.0,6688.0,8.0,8.0,9.0,4.92,841.0,511.0,330.0,7529.0,3.0,3.0,3.0,9.09,2012.0,943.0,1069.0,9541.0,7.0,7.0,8.0,6.55,2309.0,1311.0,998.0,11850.0,10.0,11.0,11.0,10.02,2182.0,1128.0,1054.0,14032.0,9.0,13.0,18.0,8.54,,,,,,,,,,,,,,,,,,,,,,,,,
62c0ecd3-a014-42b6-b902-fee94bc5670b,2025-12-10 19:15:54 UTC,False,17244.0,CFOP,Gan 12 UI Maglev,RandomForest,4863.0,17244.0,,,gan12,custom_rules,,,,8.0,0.0,0.0,17244.0,62.0,68.0,76.0,3.6,6951.0,10293.0,3489.0,0.0,3489.0,3489.0,9.0,9.0,9.0,2.58,2093.0,1054.0,1039.0,5582.0,7.0,8.0,8.0,6.74,1592.0,514.0,1078.0,7174.0,8.0,8.0,9.0,7.42,2767.0,2582.0,185.0,9941.0,5.0,5.0,6.0,27.03,1702.0,797.0,905.0,11643.0,9.0,9.0,9.0,9.94,2470.0,1056.0,1414.0,14113.0,12.0,12.0,14.0,8.49,3131.0,948.0,2183.0,17244.0,12.0,17.0,21.0,5.5,,,,,,,,,,,,,,,,,,,,,,,,,
0ac24891-703c-4db1-9d18-1ba1009bcf9a,2025-12-10 19:16:35 UTC,False,22530.0,CFOP,Gan 12 UI Maglev,RandomForest,9481.0,22530.0,,,gan12,custom_rules,,,,8.0,0.0,0.0,22530.0,87.0,87.0,94.0,3.86,7804.0,14726.0,1992.0,0.0,1992.0,1992.0,8.0,8.0,9.0,4.02,3523.0,305.0,3218.0,5515.0,10.0,10.0,10.0,3.11,1587.0,982.0,605.0,7102.0,8.0,8.0,9.0,13.22,2491.0,1588.0,903.0,9593.0,8.0,8.0,8.0,8.86,3184.0,2072.0,1112.0,12777.0,8.0,8.0,10.0,7.19,1811.0,1125.0,686.0,14588.0,10.0,10.0,10.0,14.58,7942.0,1732.0,6210.0,22530.0,35.0,35.0,38.0,5.64,,,,,,,,,,,,,,,,,,,,,,,,,
484a6626-6c8f-4918-b303-cd2cdaf06137,2025-12-10 19:17:20 UTC,False,18032.0,CFOP,Gan 12 UI Maglev,RandomForest,17193.0,18032.0,,,gan12,custom_rules,,,,8.0,0.0,0.0,18032.0,64.0,64.0,72.0,3.55,7856.0,10176.0,2035.0,0.0,2035.0,2035.0,7.0,7.0,9.0,3.44,2593.0,1368.0,1225.0,4628.0,6.0,6.0,6.0,4.9,4575.0,2701.0,1874.0,9203.0,7.0,7.0,7.0,3.74,1956.0,895.0,1061.0,11159.0,11.0,11.0,12.0,10.37,1986.0,1099.0,887.0,13145.0,8.0,8.0,9.0,9.02,1617.0,795.0,822.0,14762.0,8.0,8.0,9.0,9.73,3270.0,998.0,2272.0,18032.0,17.0,17.0,20.0,7.48,,,,,,,,,,,,,,,,,,,,,,,,,
9b79b891-2cfc-453e-a3c9-c3cca570a2cf,2025-12-10 19:17:57 UTC,False,15417.0,CFOP,Gan 12 UI Maglev,RandomForest,11199.0,15417.0,,,gan12,custom_rules,,,,8.0,0.0,0.0,15417.0,54.0,55.0,67.0,3.5,8924.0,6493.0,652.0,0.0,652.0,652.0,4.0,4.0,4.0,6.13,2189.0,1036.0,1153.0,2841.0,6.0,6.0,7.0,5.2,2883.0,1593.0,1290.0,5724.0,9.0,10.0,11.0,6.98,1803.0,1111.0,692.0,7527.0,8.0,8.0,11.0,11.56,1962.0,1229.0,733.0,9489.0,8.0,8.0,9.0,10.91,2562.0,1691.0,871.0,12051.0,9.0,9.0,11.0,10.33,3366.0,2264.0,1102.0,15417.0,10.0,10.0,14.0,9.07,,,,,,,,,,,,,,,,,,,,,,,,,
82dafaa1-7389-4c25-a0ba-ee2785964519,2025-12-10 19:18:32 UTC,False,14792.0,CFOP,Gan 12 UI Maglev,RandomForest,5159.0,14792.0,,,gan12,custom_rules,,,,8.0,0.0,0.0,14792.0,66.0,66.0,79.0,4.46,4714.0,10078.0,1875.0,0.0,1875.0,1875.0,6.0,6.0,9.0,3.2,2681.0,887.0,1794.0,4556.0,7.0,7.0,9.0,3.9,2516.0,166.0,2350.0,7072.0,11.0,11.0,12.0,4.68,1617.0,693.0,924.0,8689.0,8.0,8.0,11.0,8.66,1580.0,927.0,653.0,10269.0,8.0,8.0,9.0,12.25,1700.0,669.0,1031.0,11969.0,11.0,11.0,12.0,10.67,2823.0,1372.0,1451.0,14792.0,16.0,16.0,17.0,11.03,,,,,,,,,,,,,,,,,,,,,,,,,
f776ea60-d24a-4c2f-ad9d-d2ffbe62472b,2025-12-10 19:19:23 UTC,False,15885.0,CFOP,Gan 12 UI Maglev,RandomForest,23364.0,15885.0,,,gan12,custom_rules,,,,8.0,0.0,0.0,15885.0,61.0,61.0,70.0,3.84,6325.0,9560.0,3485.0,0.0,3485.0,3485.0,9.0,9.0,12.0,2.58,0.0,0.0,0.0,3485.0,0.0,0.0,0.0,0.0,2055.0,967.0,1088.0,5540.0,7.0,7.0,8.0,6.43,2313.0,878.0,1435.0,7853.0,7.0,7.0,7.0,4.88,2870.0,2082.0,788.0,10723.0,8.0,8.0,10.0,10.15,2244.0,1072.0,1172.0,12967.0,14.0,14.0,15.0,11.95,2918.0,1326.0,1592.0,15885.0,16.0,16.0,18.0,10.05,,,,,,,,,,,,,,,,,,,,,,,,,
6242bd5b-469c-454d-9c2c-9709cb9ef196,2025-12-10 19:20:06 UTC,False,26384.0,CFOP,Gan 12 UI Maglev,RandomForest,6547.0,26384.0,,,gan12,custom_rules,,,,8.0,0.0,0.0,26384.0,83.0,99.0,117.0,3.15,5543.0,20736.0,1249.0,0.0,1249.0,1354.0,5.0,5.0,8.0,4.0,2714.0,884.0,1830.0,4068.0,12.0,12.0,13.0,6.56,2451.0,1023.0,1428.0,6519.0,9.0,10.0,12.0,6.3,1888.0,607.0,1281.0,8407.0,7.0,8.0,8.0,5.46,1526.0,913.0,613.0,9933.0,8.0,8.0,8.0,13.05,2421.0,1189.0,1232.0,12354.0,10.0,11.0,11.0,8.12,14030.0,927.0,13103.0,26384.0,32.0,45.0,57.0,2.44,,,,,,,,,,,,,,,,,,,,,,,,,
72532410-a343-46e5-acf8-9c196029a7f7,2025-12-10 19:21:04 UTC,False,24361.0,CFOP,Gan 12 UI Maglev,RandomForest,20964.0,24361.0,,,gan12,custom_rules,,,,8.0,0.0,0.0,24361.0,73.0,74.0,81.0,3.0,11172.0,13189.0,1281.0,0.0,1281.0,1281.0,6.0,6.0,7.0,4.68,3548.0,1377.0,2171.0,4829.0,13.0,14.0,15.0,5.99,4411.0,2928.0,1483.0,9240.0,8.0,8.0,11.0,5.39,4880.0,1612.0,3268.0,14120.0,11.0,11.0,12.0,3.37,4466.0,2642.0,1824.0,18586.0,8.0,8.0,9.0,4.39,2253.0,1012.0,1241.0,20839.0,10.0,10.0,10.0,8.06,3522.0,1601.0,1921.0,24361.0,17.0,17.0,17.0,8.85,,,,,,,,,,,,,,,,,,,,,,,,,
22b580b6-3337-487e-81c0-bbc0bf72ed4d,2025-12-10 19:36:14 UTC,False,21536.0,CFOP,Gan 12 UI Maglev,RandomForest,16781.0,21536.0,,,gan12,custom_rules,,,,8.0,0.0,0.0,21536.0,88.0,89.0,101.0,4.09,7714.0,13822.0,1182.0,0.0,1182.0,1182.0,6.0,6.0,7.0,5.08,1374.0,835.0,539.0,2556.0,8.0,8.0,8.0,14.84,5769.0,636.0,5133.0,8325.0,22.0,22.0,25.0,4.29,3754.0,1986.0,1768.0,12079.0,12.0,12.0,16.0,6.79,2067.0,1608.0,459.0,14146.0,8.0,8.0,8.0,17.43,3446.0,1001.0,2445.0,17592.0,15.0,15.0,15.0,6.13,3944.0,1648.0,2296.0,21536.0,17.0,18.0,22.0,7.4,,,,,,,,,,,,,,,,,,,,,,,,,
12d84141-012a-4d9b-898a-217731e68a08,2025-12-10 19:36:39 UTC,False,11718.0,CFOP,Gan 12 UI Maglev,RandomForest,4094.0,11718.0,,,gan12,custom_rules,,,,8.0,0.0,0.0,11718.0,54.0,55.0,62.0,4.61,6122.0,5596.0,877.0,0.0,877.0,877.0,5.0,5.0,5.0,5.7,2196.0,1414.0,782.0,3073.0,7.0,7.0,7.0,8.95,1684.0,935.0,749.0,4757.0,6.0,6.0,8.0,8.01,1585.0,1069.0,516.0,6342.0,8.0,8.0,9.0,15.5,1562.0,935.0,627.0,7904.0,7.0,7.0,8.0,11.16,1803.0,919.0,884.0,9707.0,8.0,8.0,9.0,9.05,2011.0,850.0,1161.0,11718.0,13.0,14.0,16.0,11.2,,,,,,,,,,,,,,,,,,,,,,,,,
c85741a3-c2a7-4797-bb7d-58b565bc8e73,2025-12-10 19:38:25 UTC,False,17856.0,CFOP,Gan 12 UI Maglev,RandomForest,33241.0,17856.0,,,gan12,custom_rules,,,,8.0,0.0,0.0,17856.0,78.0,79.0,92.0,4.37,5179.0,12604.0,3344.0,0.0,3344.0,3417.0,16.0,16.0,19.0,4.78,0.0,0.0,0.0,3417.0,0.0,0.0,0.0,0.0,4344.0,1314.0,3030.0,7761.0,13.0,14.0,16.0,4.29,1122.0,848.0,274.0,8883.0,4.0,4.0,5.0,14.6,1942.0,1080.0,862.0,10825.0,11.0,11.0,11.0,12.76,3486.0,879.0,2607.0,14311.0,17.0,17.0,20.0,6.52,3545.0,1058.0,2487.0,17856.0,17.0,17.0,21.0,6.84,,,,,,,,,,,,,,,,,,,,,,,,,
8bc537b8-e9f4-487c-810c-ed574f5ac141,2025-12-10 19:39:32 UTC,False,20466.0,CFOP,Gan 12 UI Maglev,RandomForest,16564.0,20466.0,,,gan12,custom_rules,,,,8.0,0.0,0.0,20466.0,72.0,75.0,85.0,3.52,8427.0,12039.0,3402.0,0.0,3402.0,3402.0,11.0,12.0,13.0,3.23,3531.0,1537.0,1994.0,6933.0,9.0,9.0,10.0,4.51,3080.0,1904.0,1176.0,10013.0,8.0,8.0,9.0,6.8,2195.0,1446.0,749.0,12208.0,5.0,6.0,6.0,6.68,2426.0,1492.0,934.0,14634.0,8.0,8.0,10.0,8.57,3416.0,1044.0,2372.0,18050.0,15.0,16.0,20.0,6.32,2416.0,1004.0,1412.0,20466.0,16.0,16.0,17.0,11.33,,,,,,,,,,,,,,,,,,,,,,,,,
7979bf53-18ec-434a-8b45-cd3d29d730c4,2025-12-10 19:40:42 UTC,False,21656.0,CFOP,Gan 12 UI Maglev,RandomForest,30166.0,21656.0,,,gan12,custom_rules,,,,8.0,0.0,0.0,21656.0,66.0,70.0,79.0,3.05,3841.0,17815.0,10200.0,0.0,10200.0,10200.0,25.0,25.0,27.0,2.45,0.0,0.0,0.0,10200.0,0.0,0.0,0.0,0.0,0.0,0.0,0.0,10200.0,0.0,0.0,0.0,0.0,5771.0,1266.0,4505.0,15971.0,14.0,14.0,16.0,3.11,1346.0,428.0,918.0,17317.0,7.0,7.0,7.0,7.63,2159.0,962.0,1197.0,19476.0,13.0,13.0,13.0,10.86,2180.0,1185.0,995.0,21656.0,7.0,11.0,16.0,7.04,,,,,,,,,,,,,,,,,,,,,,,,,
b7b7f98f-ff14-47a1-b6ff-1a02b11e537f,2025-12-10 19:41:23 UTC,False,19695.0,CFOP,Gan 12 UI Maglev,RandomForest,9425.0,19695.0,,,gan12,custom_rules,,,,8.0,0.0,0.0,19695.0,60.0,60.0,76.0,3.05,7426.0,12221.0,4405.0,0.0,4405.0,4453.0,9.0,9.0,10.0,2.04,1112.0,669.0,443.0,5565.0,4.0,4.0,4.0,9.03,2263.0,837.0,1426.0,7828.0,6.0,6.0,7.0,4.21,2217.0,1250.0,967.0,10045.0,8.0,8.0,10.0,8.27,2850.0,1913.0,937.0,12895.0,8.0,8.0,12.0,8.54,1786.0,1109.0,677.0,14681.0,8.0,8.0,10.0,11.82,5014.0,1648.0,3366.0,19695.0,17.0,17.0,23.0,5.05,,,,,,,,,,,,,,,,,,,,,,,,,
778c69b0-0a65-4b4f-bb24-dc4a94d4507a,2025-12-10 19:41:54 UTC,False,13813.0,CFOP,Gan 12 UI Maglev,RandomForest,8195.0,13813.0,,,gan12,custom_rules,,,,8.0,0.0,0.0,13813.0,49.0,49.0,59.0,3.55,6755.0,7058.0,1575.0,0.0,1575.0,1575.0,6.0,6.0,7.0,3.81,1991.0,1144.0,847.0,3566.0,8.0,8.0,9.0,9.45,1375.0,613.0,762.0,4941.0,5.0,5.0,6.0,6.56,2288.0,1547.0,741.0,7229.0,8.0,8.0,9.0,10.8,1453.0,1098.0,355.0,8682.0,4.0,4.0,4.0,11.27,1673.0,1078.0,595.0,10355.0,7.0,7.0,8.0,11.76,3458.0,1275.0,2183.0,13813.0,11.0,11.0,16.0,5.04,,,,,,,,,,,,,,,,,,,,,,,,,
65a10857-418c-4c89-b50d-777ac5bf659b,2025-12-10 19:42:29 UTC,False,15900.0,CFOP,Gan 12 UI Maglev,RandomForest,7363.0,15900.0,,,gan12,custom_rules,,,,8.0,0.0,0.0,15900.0,77.0,79.0,88.0,4.84,3820.0,12080.0,1427.0,0.0,1427.0,1427.0,7.0,7.0,9.0,4.91,2924.0,345.0,2579.0,4351.0,10.0,10.0,12.0,3.88,1440.0,330.0,1110.0,5791.0,8.0,8.0,8.0,7.21,4967.0,604.0,4363.0,10758.0,21.0,21.0,22.0,4.81,1111.0,522.0,589.0,11869.0,8.0,8.0,9.0,13.58,1275.0,709.0,566.0,13144.0,8.0,8.0,9.0,14.13,2756.0,1310.0,1446.0,15900.0,15.0,17.0,19.0,10.37,,,,,,,,,,,,,,,,,,,,,,,,,
0ca94a5c-035b-45e2-8f4d-211dcf3884a7,2025-12-10 19:43:03 UTC,False,18618.0,CFOP,Gan 12 UI Maglev,RandomForest,6147.0,18618.0,,,gan12,custom_rules,,,,8.0,0.0,0.0,18618.0,70.0,73.0,80.0,3.76,3403.0,15159.0,11232.0,0.0,11232.0,11288.0,38.0,40.0,45.0,3.38,0.0,0.0,0.0,11288.0,0.0,0.0,0.0,0.0,0.0,0.0,0.0,11288.0,0.0,0.0,0.0,0.0,0.0,0.0,0.0,11288.0,0.0,0.0,0.0,0.0,1404.0,953.0,451.0,12692.0,4.0,4.0,4.0,8.87,2199.0,1450.0,749.0,14891.0,10.0,11.0,12.0,13.35,3727.0,1000.0,2727.0,18618.0,18.0,18.0,19.0,6.6,,,,,,,,,,,,,,,,,,,,,,,,,
13586481-eed8-4f53-bc0f-6d6c1c2c092c,2025-12-10 19:43:36 UTC,False,17486.0,CFOP,Gan 12 UI Maglev,RandomForest,5697.0,17486.0,,,gan12,custom_rules,,,,8.0,0.0,0.0,17486.0,66.0,69.0,78.0,3.77,7118.0,10368.0,2473.0,0.0,2473.0,2473.0,8.0,8.0,9.0,3.23,2338.0,1516.0,822.0,4811.0,5.0,6.0,6.0,6.08,1533.0,572.0,961.0,6344.0,8.0,8.0,8.0,8.32,2543.0,346.0,2197.0,8887.0,10.0,11.0,14.0,4.55,2502.0,1945.0,557.0,11389.0,8.0,8.0,9.0,14.36,2894.0,1410.0,1484.0,14283.0,12.0,12.0,13.0,8.09,3203.0,1329.0,1874.0,17486.0,15.0,16.0,19.0,8.0,,,,,,,,,,,,,,,,,,,,,,,,,
d21e83dc-60da-48a9-acca-c7acce6a671b,2025-12-10 19:44:17 UTC,False,21243.0,CFOP,Gan 12 UI Maglev,RandomForest,7931.0,21243.0,,,gan12,custom_rules,,,,8.0,0.0,0.0,21243.0,74.0,81.0,91.0,3.48,6477.0,14540.0,4330.0,0.0,4330.0,4556.0,8.0,9.0,9.0,1.85,5834.0,1499.0,4335.0,10390.0,19.0,19.0,21.0,4.38,2145.0,960.0,1185.0,12535.0,7.0,7.0,8.0,5.91,2079.0,514.0,1565.0,14614.0,12.0,12.0,12.0,7.67,2777.0,1370.0,1407.0,17391.0,12.0,14.0,14.0,8.53,1786.0,1021.0,765.0,19177.0,8.0,8.0,9.0,10.46,2066.0,1113.0,953.0,21243.0,8.0,12.0,18.0,8.39,,,,,,,,,,,,,,,,,,,,,,,,,
d1bb5daf-f5c1-4bbb-8d47-592f53e7aeb9,2025-12-10 19:44:49 UTC,False,14954.0,CFOP,Gan 12 UI Maglev,RandomForest,5396.0,14954.0,,,gan12,custom_rules,,,,8.0,0.0,0.0,14954.0,62.0,65.0,72.0,4.15,5933.0,9021.0,824.0,0.0,824.0,824.0,4.0,4.0,5.0,4.85,2645.0,1251.0,1394.0,3469.0,8.0,8.0,8.0,5.74,1202.0,437.0,765.0,4671.0,6.0,7.0,7.0,7.84,3061.0,902.0,2159.0,7732.0,6.0,6.0,7.0,2.78,2595.0,1225.0,1370.0,10327.0,11.0,11.0,12.0,8.03,1630.0,825.0,805.0,11957.0,10.0,11.0,12.0,12.42,2997.0,1293.0,1704.0,14954.0,17.0,18.0,21.0,9.98,,,,,,,,,,,,,,,,,,,,,,,,,
4fb4767a-7e67-471a-81b9-6819c276be09,2025-12-10 19:45:19 UTC,False,15357.0,CFOP,Gan 12 UI Maglev,RandomForest,5546.0,15357.0,,,gan12,custom_rules,,,,8.0,0.0,0.0,15357.0,58.0,64.0,75.0,3.78,8067.0,7290.0,1282.0,0.0,1282.0,1282.0,6.0,6.0,8.0,4.68,3281.0,2554.0,727.0,4563.0,9.0,9.0,11.0,12.38,2248.0,919.0,1329.0,6811.0,8.0,8.0,8.0,6.02,2834.0,2012.0,822.0,9645.0,8.0,8.0,8.0,9.73,1485.0,653.0,832.0,11130.0,8.0,8.0,10.0,9.62,2332.0,945.0,1387.0,13462.0,11.0,13.0,13.0,7.93,1895.0,984.0,911.0,15357.0,8.0,12.0,17.0,8.78,,,,,,,,,,,,,,,,,,,,,,,,,
8320dabe-f48a-41e4-b267-f5b86fed3f5a,2025-12-10 19:45:53 UTC,False,20162.0,CFOP,Gan 12 UI Maglev,RandomForest,4217.0,20162.0,,,gan12,custom_rules,,,,8.0,0.0,0.0,20162.0,81.0,81.0,91.0,4.02,8681.0,11481.0,2689.0,0.0,2689.0,2689.0,9.0,9.0,11.0,3.35,4292.0,2800.0,1492.0,6981.0,11.0,11.0,12.0,7.37,1076.0,524.0,552.0,8057.0,6.0,6.0,7.0,10.87,1979.0,1270.0,709.0,10036.0,8.0,8.0,9.0,11.28,2797.0,1678.0,1119.0,12833.0,10.0,10.0,10.0,8.94,2795.0,1277.0,1518.0,15628.0,14.0,14.0,17.0,9.22,4534.0,1132.0,3402.0,20162.0,23.0,23.0,25.0,6.76,,,,,,,,,,,,,,,,,,,,,,,,,
cae8f217-af8f-4123-97f0-4d1c7bc76262,2025-12-10 19:46:25 UTC,False,14482.0,CFOP,Gan 12 UI Maglev,RandomForest,8247.0,14482.0,,,gan12,custom_rules,,,,8.0,0.0,0.0,14482.0,64.0,65.0,74.0,4.42,5151.0,9331.0,1954.0,0.0,1954.0,1954.0,8.0,8.0,9.0,4.09,2133.0,1256.0,877.0,4087.0,8.0,8.0,8.0,9.12,1279.0,266.0,1013.0,5366.0,7.0,7.0,9.0,6.91,2366.0,531.0,1835.0,7732.0,10.0,10.0,11.0,5.45,1682.0,933.0,749.0,9414.0,8.0,8.0,8.0,10.68,1906.0,794.0,1112.0,11320.0,12.0,12.0,13.0,10.79,3162.0,1371.0,1791.0,14482.0,12.0,12.0,16.0,6.7,,,,,,,,,,,,,,,,,,,,,,,,,
a6045fc3-4127-4d24-b887-c32e44872e15,2025-12-10 19:47:03 UTC,False,21795.0,CFOP,Gan 12 UI Maglev,RandomForest,7181.0,21795.0,,,gan12,custom_rules,,,,8.0,0.0,0.0,21795.0,66.0,67.0,80.0,3.03,10347.0,11392.0,4283.0,0.0,4283.0,4339.0,14.0,14.0,16.0,3.27,1440.0,467.0,973.0,5779.0,7.0,7.0,8.0,7.19,6634.0,5101.0,1533.0,12413.0,9.0,9.0,12.0,5.87,1120.0,394.0,726.0,13533.0,6.0,6.0,8.0,8.26,2231.0,1235.0,996.0,15764.0,4.0,4.0,4.0,4.02,2434.0,749.0,1685.0,18198.0,12.0,12.0,15.0,7.12,3597.0,2401.0,1196.0,21795.0,14.0,15.0,17.0,11.71,,,,,,,,,,,,,,,,,,,,,,,,,
033d17e7-9dd8-449a-8541-b36877ad7e39,2025-12-10 19:47:49 UTC,False,16934.0,CFOP,Gan 12 UI Maglev,RandomForest,14535.0,16934.0,,,gan12,custom_rules,,,,8.0,0.0,0.0,16934.0,54.0,54.0,66.0,3.19,6315.0,10619.0,1883.0,0.0,1883.0,1883.0,5.0,5.0,7.0,2.66,3241.0,1880.0,1361.0,5124.0,9.0,9.0,10.0,6.61,1834.0,819.0,1015.0,6958.0,7.0,7.0,7.0,6.9,4254.0,923.0,3331.0,11212.0,11.0,11.0,12.0,3.3,653.0,483.0,170.0,11865.0,4.0,4.0,5.0,23.53,1710.0,913.0,797.0,13575.0,8.0,8.0,10.0,10.04,3359.0,1297.0,2062.0,16934.0,10.0,10.0,15.0,4.85,,,,,,,,,,,,,,,,,,,,,,,,,
adbebcb2-9e9b-40f9-96aa-f8050f4036aa,2025-12-10 19:48:21 UTC,False,18364.0,CFOP,Gan 12 UI Maglev,RandomForest,3035.0,18364.0,,,gan12,custom_rules,,,,8.0,0.0,0.0,18364.0,72.0,77.0,85.0,3.92,7696.0,10668.0,1450.0,0.0,1450.0,1450.0,8.0,8.0,10.0,5.52,2836.0,1467.0,1369.0,4286.0,10.0,11.0,11.0,7.3,3086.0,1918.0,1168.0,7372.0,7.0,7.0,8.0,5.99,4680.0,789.0,3891.0,12052.0,14.0,15.0,16.0,3.6,1390.0,660.0,730.0,13442.0,8.0,8.0,8.0,10.96,2512.0,1513.0,999.0,15954.0,12.0,14.0,15.0,12.01,2410.0,1349.0,1061.0,18364.0,13.0,14.0,17.0,12.25,,,,,,,,,,,,,,,,,,,,,,,,,
e5d195b8-e7af-46bd-8763-907d325a8780,2025-12-10 19:48:51 UTC,False,16017.0,CFOP,Gan 12 UI Maglev,RandomForest,4105.0,16017.0,,,gan12,custom_rules,,,,8.0,0.0,0.0,16017.0,67.0,72.0,87.0,4.18,5017.0,11000.0,1619.0,0.0,1619.0,1619.0,6.0,6.0,7.0,3.71,2279.0,1143.0,1136.0,3898.0,6.0,6.0,6.0,5.28,1885.0,202.0,1683.0,5783.0,7.0,7.0,8.0,4.16,1510.0,556.0,954.0,7293.0,8.0,8.0,10.0,8.39,1978.0,798.0,1180.0,9271.0,12.0,12.0,13.0,10.17,3384.0,1053.0,2331.0,12655.0,19.0,19.0,20.0,8.15,3362.0,1265.0,2097.0,16017.0,10.0,15.0,23.0,4.77,,,,,,,,,,,,,,,,,,,,,,,,,
dd7595b9-88be-4d4a-a458-9dc863caa7d0,2025-12-10 19:49:26 UTC,False,16185.0,CFOP,Gan 12 UI Maglev,RandomForest,9692.0,16185.0,,,gan12,custom_rules,,,,8.0,0.0,0.0,16185.0,69.0,77.0,97.0,4.26,6378.0,9807.0,1475.0,0.0,1475.0,1475.0,7.0,7.0,8.0,4.75,1463.0,616.0,847.0,2938.0,8.0,8.0,8.0,9.45,3049.0,1329.0,1720.0,5987.0,12.0,12.0,14.0,6.98,1990.0,1200.0,790.0,7977.0,8.0,8.0,8.0,10.13,1615.0,492.0,1123.0,9592.0,8.0,8.0,10.0,7.12,2385.0,1322.0,1063.0,11977.0,10.0,10.0,15.0,9.41,4208.0,1419.0,2789.0,16185.0,16.0,24.0,34.0,5.74,,,,,,,,,,,,,,,,,,,,,,,,,
d340ea21-4e77-49c5-87e5-e8398b7d835a,2025-12-10 19:51:20 UTC,False,21190.0,CFOP,Gan 12 UI Maglev,RandomForest,82931.0,21190.0,,,gan12,custom_rules,,,,8.0,0.0,0.0,21190.0,84.0,84.0,94.0,3.96,5861.0,15329.0,5885.0,0.0,5885.0,5885.0,18.0,18.0,21.0,3.06,0.0,0.0,0.0,5885.0,0.0,0.0,0.0,0.0,0.0,0.0,0.0,5885.0,0.0,0.0,0.0,0.0,3095.0,1497.0,1598.0,8980.0,8.0,8.0,10.0,5.01,1938.0,991.0,947.0,10918.0,8.0,8.0,9.0,8.45,3255.0,2257.0,998.0,14173.0,13.0,13.0,14.0,13.03,7017.0,1116.0,5901.0,21190.0,37.0,37.0,40.0,6.27,,,,,,,,,,,,,,,,,,,,,,,,,
4df245d2-4034-41c4-bd4a-3f2b309030d2,2025-12-10 19:52:03 UTC,False,18543.0,CFOP,Gan 12 UI Maglev,RandomForest,11501.0,18543.0,,,gan12,custom_rules,,,,8.0,0.0,0.0,18543.0,64.0,66.0,77.0,3.45,6055.0,12391.0,2092.0,0.0,2092.0,2189.0,8.0,8.0,12.0,3.82,6552.0,588.0,5964.0,8741.0,16.0,16.0,19.0,2.68,3545.0,2587.0,958.0,12286.0,8.0,8.0,9.0,8.35,1603.0,716.0,887.0,13889.0,6.0,6.0,6.0,6.76,636.0,346.0,290.0,14525.0,4.0,4.0,4.0,13.79,1570.0,861.0,709.0,16095.0,8.0,8.0,9.0,11.28,2448.0,957.0,1491.0,18543.0,14.0,16.0,18.0,9.39,,,,,,,,,,,,,,,,,,,,,,,,,
03ac9e63-a9bc-4e5b-9e5d-3793e2693805,2025-12-10 19:53:43 UTC,False,23472.0,CFOP,Gan 12 UI Maglev,RandomForest,67239.0,23472.0,,,gan12,custom_rules,,,,8.0,0.0,0.0,23472.0,81.0,83.0,96.0,3.45,7639.0,15736.0,1865.0,0.0,1865.0,1962.0,6.0,6.0,8.0,3.22,5299.0,1261.0,4038.0,7261.0,11.0,11.0,12.0,2.72,4936.0,1599.0,3337.0,12197.0,13.0,13.0,15.0,3.9,2873.0,1149.0,1724.0,15070.0,10.0,11.0,12.0,5.8,1632.0,1068.0,564.0,16702.0,8.0,8.0,8.0,14.18,3523.0,1128.0,2395.0,20225.0,16.0,16.0,19.0,6.68,3247.0,1434.0,1813.0,23472.0,17.0,18.0,22.0,9.38,,,,,,,,,,,,,,,,,,,,,,,,,
0d9b12e2-58fc-4458-bb65-63573053487a,2025-12-10 19:54:19 UTC,False,17659.0,CFOP,Gan 12 UI Maglev,RandomForest,9333.0,17659.0,,,gan12,custom_rules,,,,8.0,0.0,0.0,17659.0,60.0,61.0,67.0,3.4,9829.0,7830.0,1450.0,0.0,1450.0,1450.0,7.0,7.0,8.0,4.83,4073.0,2510.0,1563.0,5523.0,9.0,9.0,10.0,5.76,1973.0,958.0,1015.0,7496.0,9.0,10.0,11.0,8.87,1701.0,1217.0,484.0,9197.0,6.0,6.0,6.0,12.4,2737.0,2294.0,443.0,11934.0,4.0,4.0,4.0,9.03,2132.0,1471.0,661.0,14066.0,8.0,8.0,8.0,12.1,3593.0,1379.0,2214.0,17659.0,17.0,17.0,20.0,7.68,,,,,,,,,,,,,,,,,,,,,,,,,
9c4880e6-079f-46a1-9a0f-4b96ce20cf9f,2025-12-10 19:54:49 UTC,False,13352.0,CFOP,Gan 12 UI Maglev,RandomForest,6880.0,13352.0,,,gan12,custom_rules,,,,8.0,0.0,0.0,13352.0,51.0,55.0,70.0,3.82,5314.0,8038.0,1890.0,0.0,1890.0,1890.0,6.0,6.0,8.0,3.17,2031.0,492.0,1539.0,3921.0,8.0,8.0,10.0,5.2,2235.0,1444.0,791.0,6156.0,4.0,4.0,4.0,5.06,1360.0,378.0,982.0,7516.0,8.0,8.0,9.0,8.15,2222.0,1279.0,943.0,9738.0,8.0,8.0,10.0,8.48,1820.0,973.0,847.0,11558.0,8.0,8.0,10.0,9.45,1794.0,748.0,1046.0,13352.0,9.0,13.0,19.0,8.6,,,,,,,,,,,,,,,,,,,,,,,,,
bda8bf9c-3cb5-438d-9392-929324be8ad4,2025-12-10 19:55:27 UTC,False,21914.0,CFOP,Gan 12 UI Maglev,RandomForest,6743.0,21914.0,,,gan12,custom_rules,,,,8.0,0.0,0.0,21914.0,82.0,88.0,108.0,3.74,6496.0,15418.0,4874.0,0.0,4874.0,4874.0,8.0,8.0,11.0,1.64,2420.0,1397.0,1023.0,7294.0,8.0,8.0,9.0,7.82,2650.0,913.0,1737.0,9944.0,7.0,7.0,9.0,4.03,1666.0,427.0,1239.0,11610.0,8.0,8.0,9.0,6.46,2360.0,1208.0,1152.0,13970.0,14.0,14.0,15.0,12.15,2536.0,1516.0,1020.0,16506.0,13.0,13.0,16.0,12.75,5408.0,1035.0,4373.0,21914.0,24.0,30.0,39.0,5.49,,,,,,,,,,,,,,,,,,,,,,,,,
e77069d8-2127-463a-952a-4a0b0cfdddb2,2025-12-10 19:56:00 UTC,False,13843.0,CFOP,Gan 12 UI Maglev,RandomForest,10818.0,13843.0,,,gan12,custom_rules,,,,8.0,0.0,0.0,13843.0,64.0,65.0,72.0,4.62,6058.0,7785.0,1946.0,0.0,1946.0,1946.0,7.0,7.0,8.0,3.6,1605.0,959.0,646.0,3551.0,6.0,6.0,7.0,9.29,1875.0,588.0,1287.0,5426.0,7.0,7.0,7.0,5.44,1836.0,589.0,1247.0,7262.0,12.0,12.0,14.0,9.62,1920.0,1404.0,516.0,9182.0,8.0,8.0,8.0,15.5,1416.0,765.0,651.0,10598.0,8.0,8.0,9.0,12.29,3245.0,1753.0,1492.0,13843.0,16.0,17.0,19.0,10.72,,,,,,,,,,,,,,,,,,,,,,,,,
17b094c2-b876-4bf3-9bca-ca8231c1a290,2025-12-10 19:56:28 UTC,False,14136.0,CFOP,Gan 12 UI Maglev,RandomForest,5429.0,14136.0,,,gan12,custom_rules,,,,8.0,0.0,0.0,14136.0,57.0,62.0,73.0,4.03,6208.0,7928.0,1257.0,0.0,1257.0,1257.0,9.0,10.0,10.0,7.16,3520.0,2351.0,1169.0,4777.0,7.0,7.0,7.0,5.99,1557.0,598.0,959.0,6334.0,8.0,8.0,8.0,8.34,2713.0,592.0,2121.0,9047.0,9.0,9.0,11.0,4.24,1506.0,749.0,757.0,10553.0,8.0,8.0,9.0,10.57,1521.0,823.0,698.0,12074.0,8.0,8.0,10.0,11.46,2062.0,1095.0,967.0,14136.0,8.0,12.0,18.0,8.27,,,,,,,,,,,,,,,,,,,,,,,,,
50284361-8a30-438d-9518-8f53f1201bc5,2025-12-10 19:57:02 UTC,False,15219.0,CFOP,Gan 12 UI Maglev,RandomForest,8349.0,15219.0,,,gan12,custom_rules,,,,8.0,0.0,0.0,15219.0,73.0,74.0,82.0,4.8,5158.0,10061.0,1394.0,0.0,1394.0,1394.0,6.0,6.0,7.0,4.3,2861.0,809.0,2052.0,4255.0,9.0,10.0,10.0,4.39,1074.0,177.0,897.0,5329.0,6.0,6.0,6.0,6.69,1448.0,1184.0,264.0,6777.0,4.0,4.0,5.0,15.15,2043.0,966.0,1077.0,8820.0,8.0,8.0,10.0,7.43,2950.0,854.0,2096.0,11770.0,20.0,20.0,22.0,9.54,3449.0,1168.0,2281.0,15219.0,20.0,20.0,22.0,8.77,,,,,,,,,,,,,,,,,,,,,,,,,
7bbd9c8f-8fc0-481e-a942-98a9a89b9043,2025-12-10 19:57:38 UTC,False,20327.0,CFOP,Gan 12 UI Maglev,RandomForest,6978.0,20327.0,,,gan12,custom_rules,,,,8.0,0.0,0.0,20327.0,74.0,75.0,79.0,3.64,5356.0,14971.0,1712.0,0.0,1712.0,1712.0,6.0,6.0,6.0,3.5,4566.0,1474.0,3092.0,6278.0,15.0,16.0,16.0,4.85,5932.0,811.0,5121.0,12210.0,14.0,14.0,15.0,2.73,1723.0,451.0,1272.0,13933.0,7.0,7.0,7.0,5.5,1226.0,792.0,434.0,15159.0,4.0,4.0,5.0,9.22,2202.0,793.0,1409.0,17361.0,8.0,8.0,8.0,5.68,2966.0,1035.0,1931.0,20327.0,20.0,20.0,22.0,10.36,,,,,,,,,,,,,,,,,,,,,,,,,
4a41d60f-b7aa-44a2-b8eb-c6319137c31b,2025-12-10 19:58:13 UTC,False,16251.0,CFOP,Gan 12 UI Maglev,RandomForest,9818.0,16251.0,,,gan12,custom_rules,,,,8.0,0.0,0.0,16251.0,62.0,64.0,76.0,3.82,7158.0,9093.0,2441.0,0.0,2441.0,2441.0,7.0,7.0,10.0,2.87,1992.0,655.0,1337.0,4433.0,8.0,8.0,9.0,5.98,1517.0,1250.0,267.0,5950.0,5.0,5.0,5.0,18.73,2957.0,873.0,2084.0,8907.0,11.0,11.0,12.0,5.28,2772.0,1854.0,918.0,11679.0,8.0,8.0,10.0,8.71,1560.0,1020.0,540.0,13239.0,8.0,8.0,10.0,14.81,3012.0,1506.0,1506.0,16251.0,15.0,17.0,20.0,9.96,,,,,,,,,,,,,,,,,,,,,,,,,
643b8b35-07e7-45be-b0f8-b839c3bc0813,2025-12-10 19:58:49 UTC,False,18263.0,CFOP,Gan 12 UI Maglev,RandomForest,9587.0,18263.0,,,gan12,custom_rules,,,,8.0,0.0,0.0,18263.0,67.0,68.0,78.0,3.67,8848.0,9415.0,3602.0,0.0,3602.0,3602.0,9.0,9.0,11.0,2.5,1837.0,1556.0,281.0,5439.0,4.0,4.0,5.0,14.23,4148.0,2268.0,1880.0,9587.0,12.0,12.0,14.0,6.38,1277.0,604.0,673.0,10864.0,8.0,8.0,10.0,11.89,1860.0,1209.0,651.0,12724.0,9.0,9.0,10.0,13.82,3259.0,2325.0,934.0,15983.0,11.0,11.0,11.0,11.78,2280.0,886.0,1394.0,18263.0,14.0,15.0,17.0,10.04,,,,,,,,,,,,,,,,,,,,,,,,,
a958c21b-73ee-407d-aa24-a9db1fa8c31a,2025-12-10 19:59:31 UTC,False,17500.0,CFOP,Gan 12 UI Maglev,RandomForest,16994.0,17500.0,,,gan12,custom_rules,,,,8.0,0.0,0.0,17500.0,65.0,67.0,74.0,3.71,7156.0,10344.0,2500.0,0.0,2500.0,2500.0,7.0,7.0,7.0,2.8,2883.0,1355.0,1528.0,5383.0,8.0,8.0,9.0,5.24,2935.0,2149.0,786.0,8318.0,9.0,9.0,9.0,11.45,1409.0,467.0,942.0,9727.0,8.0,8.0,10.0,8.49,2475.0,975.0,1500.0,12202.0,8.0,8.0,9.0,5.33,2777.0,824.0,1953.0,14979.0,11.0,12.0,13.0,5.63,2521.0,1386.0,1135.0,17500.0,14.0,15.0,17.0,12.33,,,,,,,,,,,,,,,,,,,,,,,,,
3c36e45a-3ae9-4488-a5a5-af65bb85ec59,2025-12-10 20:00:09 UTC,False,16877.0,CFOP,Gan 12 UI Maglev,RandomForest,13231.0,16877.0,,,gan12,custom_rules,,,,8.0,0.0,0.0,16877.0,64.0,68.0,78.0,3.79,4428.0,12449.0,2680.0,0.0,2680.0,2680.0,7.0,7.0,8.0,2.61,4084.0,414.0,3670.0,6764.0,11.0,11.0,11.0,3.0,2702.0,838.0,1864.0,9466.0,8.0,8.0,9.0,4.29,1769.0,415.0,1354.0,11235.0,8.0,8.0,9.0,5.91,1971.0,826.0,1145.0,13206.0,12.0,12.0,13.0,10.48,1680.0,1039.0,641.0,14886.0,9.0,9.0,9.0,14.04,1991.0,896.0,1095.0,16877.0,9.0,13.0,19.0,8.22,,,,,,,,,,,,,,,,,,,,,,,,,
1d3c6253-5444-4b2e-91ef-926d404fb0eb,2025-12-10 20:00:58 UTC,False,22643.0,CFOP,Gan 12 UI Maglev,RandomForest,12229.0,22643.0,,,gan12,custom_rules,,,,8.0,0.0,0.0,22643.0,77.0,77.0,92.0,3.4,10868.0,11775.0,2184.0,0.0,2184.0,2184.0,7.0,7.0,7.0,3.21,3140.0,2335.0,805.0,5324.0,7.0,7.0,8.0,8.7,5298.0,2862.0,2436.0,10622.0,12.0,12.0,13.0,4.93,3143.0,2216.0,927.0,13765.0,10.0,10.0,12.0,10.79,3316.0,1182.0,2134.0,17081.0,14.0,14.0,15.0,6.56,2260.0,1128.0,1132.0,19341.0,10.0,10.0,15.0,8.83,3302.0,1145.0,2157.0,22643.0,17.0,17.0,22.0,7.88,,,,,,,,,,,,,,,,,,,,,,,,,
0eb50c60-2d98-4c2c-9ac3-841181310362,2025-12-10 20:01:25 UTC,False,13416.0,CFOP,Gan 12 UI Maglev,RandomForest,3921.0,13416.0,,,gan12,custom_rules,,,,8.0,0.0,0.0,13416.0,71.0,72.0,80.0,5.29,4391.0,9025.0,1814.0,0.0,1814.0,1814.0,7.0,7.0,8.0,3.86,1819.0,556.0,1263.0,3633.0,9.0,10.0,10.0,7.13,1320.0,708.0,612.0,4953.0,6.0,6.0,8.0,9.8,1538.0,726.0,812.0,6491.0,8.0,8.0,8.0,9.85,1824.0,267.0,1557.0,8315.0,11.0,11.0,13.0,7.06,2089.0,903.0,1186.0,10404.0,12.0,12.0,13.0,10.12,3012.0,1231.0,1781.0,13416.0,19.0,19.0,20.0,10.67,,,,,,,,,,,,,,,,,,,,,,,,,
2ae23a2c-4e45-4e61-a322-d19f3bfbd90c,2025-12-10 20:01:55 UTC,False,13321.0,CFOP,Gan 12 UI Maglev,RandomForest,7932.0,13321.0,,,gan12,custom_rules,,,,8.0,0.0,0.0,13321.0,61.0,63.0,69.0,4.58,5406.0,7915.0,2637.0,0.0,2637.0,2637.0,8.0,8.0,8.0,3.03,1110.0,854.0,256.0,3747.0,4.0,4.0,5.0,15.63,1523.0,782.0,741.0,5270.0,6.0,7.0,7.0,8.1,1686.0,339.0,1347.0,6956.0,11.0,11.0,12.0,8.17,2259.0,1646.0,613.0,9215.0,9.0,9.0,9.0,14.68,1622.0,751.0,871.0,10837.0,8.0,8.0,9.0,9.18,2484.0,1034.0,1450.0,13321.0,15.0,16.0,19.0,10.34,,,,,,,,,,,,,,,,,,,,,,,,,
f86f820d-91af-4249-8ea0-efd9c3e58d08,2025-12-10 20:02:27 UTC,False,16046.0,CFOP,Gan 12 UI Maglev,RandomForest,7977.0,16046.0,,,gan12,custom_rules,,,,8.0,0.0,0.0,16046.0,66.0,67.0,74.0,4.11,5000.0,10950.0,2843.0,0.0,2843.0,2939.0,7.0,7.0,8.0,2.46,2204.0,153.0,2051.0,5143.0,11.0,11.0,11.0,5.36,2976.0,1302.0,1674.0,8119.0,10.0,10.0,11.0,5.97,878.0,298.0,580.0,8997.0,3.0,3.0,4.0,5.17,2693.0,746.0,1947.0,11690.0,13.0,13.0,13.0,6.68,1835.0,1295.0,540.0,13525.0,8.0,8.0,8.0,14.81,2521.0,1206.0,1315.0,16046.0,15.0,16.0,19.0,11.41,,,,,,,,,,,,,,,,,,,,,,,,,
58d42c08-63e6-43a6-b7db-544289e5f04f,2025-12-10 20:03:11 UTC,False,16684.0,CFOP,Gan 12 UI Maglev,RandomForest,17528.0,16684.0,,,gan12,custom_rules,,,,8.0,0.0,0.0,16684.0,73.0,73.0,79.0,4.38,5689.0,10995.0,1289.0,0.0,1289.0,1289.0,7.0,7.0,7.0,5.43,2817.0,1416.0,1401.0,4106.0,9.0,9.0,11.0,6.42,1345.0,556.0,789.0,5451.0,8.0,8.0,10.0,10.14,3604.0,1340.0,2264.0,9055.0,8.0,8.0,9.0,3.53,1010.0,540.0,470.0,10065.0,7.0,7.0,7.0,14.89,3194.0,999.0,2195.0,13259.0,14.0,14.0,14.0,6.38,3425.0,838.0,2587.0,16684.0,20.0,20.0,21.0,7.73,,,,,,,,,,,,,,,,,,,,,,,,,
bd5c0172-fbcd-42a5-94dd-28bba1ffab17,2025-12-10 20:03:50 UTC,False,15155.0,CFOP,Gan 12 UI Maglev,RandomForest,14884.0,15155.0,,,gan12,custom_rules,,,,8.0,0.0,0.0,15155.0,59.0,65.0,74.0,3.89,6081.0,9074.0,347.0,0.0,347.0,347.0,3.0,3.0,3.0,8.65,1425.0,499.0,926.0,1772.0,7.0,7.0,8.0,7.56,3201.0,1008.0,2193.0,4973.0,9.0,10.0,11.0,4.1,1877.0,1360.0,517.0,6850.0,8.0,8.0,8.0,15.47,2635.0,1257.0,1378.0,9485.0,9.0,9.0,10.0,6.53,3345.0,903.0,2442.0,12830.0,15.0,16.0,17.0,6.14,2325.0,1054.0,1271.0,15155.0,8.0,12.0,17.0,6.29,,,,,,,,,,,,,,,,,,,,,,,,,
62c73a4b-2097-4bfe-a36d-35cfb29bb79d,2025-12-10 20:04:26 UTC,False,14618.0,CFOP,Gan 12 UI Maglev,RandomForest,13383.0,14618.0,,,gan12,custom_rules,,,,8.0,0.0,0.0,14618.0,66.0,67.0,69.0,4.51,4962.0,9656.0,4090.0,0.0,4090.0,4090.0,14.0,14.0,14.0,3.42,0.0,0.0,0.0,4090.0,0.0,0.0,0.0,0.0,2503.0,991.0,1512.0,6593.0,9.0,10.0,10.0,5.95,1617.0,594.0,1023.0,8210.0,8.0,8.0,8.0,7.82,1307.0,767.0,540.0,9517.0,7.0,7.0,7.0,12.96,1774.0,798.0,976.0,11291.0,9.0,9.0,9.0,9.22,3327.0,1812.0,1515.0,14618.0,19.0,19.0,21.0,12.54,,,,,,,,,,,,,,,,,,,,,,,,,
228a3671-3a43-4db1-8249-05fef8831b9c,2025-12-10 20:05:01 UTC,False,17358.0,CFOP,Gan 12 UI Maglev,RandomForest,4199.0,17358.0,,,gan12,custom_rules,,,,8.0,0.0,0.0,17358.0,71.0,72.0,80.0,4.09,7013.0,10345.0,2422.0,0.0,2422.0,2422.0,8.0,8.0,8.0,3.3,1360.0,452.0,908.0,3782.0,8.0,8.0,8.0,8.81,1289.0,806.0,483.0,5071.0,7.0,7.0,7.0,14.49,3261.0,2158.0,1103.0,8332.0,8.0,8.0,11.0,7.25,2511.0,1019.0,1492.0,10843.0,10.0,10.0,11.0,6.7,2715.0,806.0,1909.0,13558.0,14.0,14.0,14.0,7.33,3800.0,1772.0,2028.0,17358.0,16.0,17.0,21.0,7.89,,,,,,,,,,,,,,,,,,,,,,,,,
76a81374-9289-46b5-b8fa-bcfc49c61b7f,2025-12-10 20:05:34 UTC,False,14501.0,CFOP,Gan 12 UI Maglev,RandomForest,9680.0,14501.0,,,gan12,custom_rules,,,,8.0,0.0,0.0,14501.0,68.0,70.0,77.0,4.69,6901.0,7600.0,854.0,0.0,854.0,854.0,5.0,5.0,5.0,5.85,2915.0,1661.0,1254.0,3769.0,8.0,8.0,8.0,6.38,1015.0,411.0,604.0,4784.0,8.0,8.0,9.0,13.25,2559.0,1584.0,975.0,7343.0,8.0,8.0,9.0,8.21,1482.0,990.0,492.0,8825.0,8.0,8.0,8.0,16.26,2332.0,1092.0,1240.0,11157.0,14.0,15.0,15.0,11.29,3344.0,1163.0,2181.0,14501.0,17.0,18.0,23.0,7.79,,,,,,,,,,,,,,,,,,,,,,,,,
b87e89a4-9107-4b7d-a152-ce2ef7315b9b,2025-12-10 20:06:00 UTC,False,13043.0,CFOP,Gan 12 UI Maglev,RandomForest,3900.0,13043.0,,,gan12,custom_rules,,,,8.0,0.0,0.0,13043.0,54.0,57.0,63.0,4.14,5918.0,7125.0,1345.0,0.0,1345.0,1345.0,4.0,6.0,7.0,2.97,3870.0,1796.0,2074.0,5215.0,11.0,12.0,16.0,5.3,1289.0,362.0,927.0,6504.0,7.0,7.0,7.0,7.55,1727.0,809.0,918.0,8231.0,10.0,10.0,10.0,10.89,2976.0,2105.0,871.0,11207.0,13.0,13.0,14.0,14.93,1836.0,846.0,990.0,13043.0,9.0,9.0,9.0,9.09,0.0,0.0,0.0,13043.0,0.0,0.0,0.0,0.0,,,,,,,,,,,,,,,,,,,,,,,,,
caa1c3e4-ba5c-4855-bf5b-71f99bf5463b,2025-12-10 20:06:36 UTC,False,13753.0,CFOP,Gan 12 UI Maglev,RandomForest,7124.0,13753.0,,,gan12,custom_rules,,,,8.0,0.0,0.0,13753.0,66.0,66.0,76.0,4.8,5127.0,8529.0,773.0,0.0,773.0,870.0,4.0,4.0,6.0,5.17,1708.0,251.0,1457.0,2578.0,7.0,7.0,8.0,4.8,1674.0,1118.0,556.0,4252.0,6.0,6.0,7.0,10.79,1687.0,1003.0,684.0,5939.0,8.0,8.0,9.0,11.7,2126.0,716.0,1410.0,8065.0,11.0,11.0,13.0,7.8,3727.0,1303.0,2424.0,11792.0,15.0,15.0,15.0,6.19,1961.0,736.0,1225.0,13753.0,15.0,15.0,18.0,12.24,,,,,,,,,,,,,,,,,,,,,,,,,
2d52d411-62ad-464d-ab34-7a7776629618,2025-12-10 20:07:13 UTC,False,16699.0,CFOP,Gan 12 UI Maglev,RandomForest,10945.0,16699.0,,,gan12,custom_rules,,,,8.0,0.0,0.0,16699.0,64.0,65.0,74.0,3.83,7424.0,9234.0,2165.0,0.0,2165.0,2206.0,7.0,7.0,8.0,3.23,2314.0,1638.0,676.0,4520.0,6.0,7.0,8.0,8.88,2581.0,618.0,1963.0,7101.0,11.0,11.0,12.0,5.6,2115.0,1632.0,483.0,9216.0,8.0,8.0,8.0,16.56,2116.0,891.0,1225.0,11332.0,12.0,12.0,12.0,9.8,1700.0,829.0,871.0,13032.0,8.0,8.0,10.0,9.18,3667.0,1816.0,1851.0,16699.0,12.0,12.0,16.0,6.48,,,,,,,,,,,,,,,,,,,,,,,,,
df489e58-f5d8-442d-973c-31d4d4619d51,2025-12-10 20:07:48 UTC,False,15442.0,CFOP,Gan 12 UI Maglev,RandomForest,10109.0,15442.0,,,gan12,custom_rules,,,,8.0,0.0,0.0,15442.0,64.0,66.0,73.0,4.14,5061.0,10381.0,4541.0,0.0,4541.0,4541.0,11.0,11.0,11.0,2.42,0.0,0.0,0.0,4541.0,0.0,0.0,0.0,0.0,2989.0,1903.0,1086.0,7530.0,8.0,8.0,11.0,7.37,1685.0,403.0,1282.0,9215.0,8.0,8.0,9.0,6.24,1526.0,822.0,704.0,10741.0,7.0,7.0,7.0,9.94,2345.0,1330.0,1015.0,13086.0,11.0,13.0,15.0,10.84,2356.0,603.0,1753.0,15442.0,19.0,19.0,20.0,10.84,,,,,,,,,,,,,,,,,,,,,,,,,
1dc8ebf6-b67e-4b2b-ad2f-35970b336687,2025-12-10 20:08:20 UTC,False,18449.0,CFOP,Gan 12 UI Maglev,RandomForest,4284.0,18449.0,,,gan12,custom_rules,,,,8.0,0.0,0.0,18449.0,66.0,66.0,74.0,3.58,6780.0,11669.0,3121.0,0.0,3121.0,3121.0,9.0,9.0,10.0,2.88,1932.0,788.0,1144.0,5053.0,8.0,8.0,9.0,6.99,2646.0,1104.0,1542.0,7699.0,7.0,7.0,8.0,4.54,1989.0,1177.0,812.0,9688.0,8.0,8.0,8.0,9.85,3914.0,903.0,3011.0,13602.0,12.0,12.0,14.0,3.99,2304.0,1369.0,935.0,15906.0,13.0,13.0,13.0,13.9,2543.0,1439.0,1104.0,18449.0,9.0,9.0,12.0,8.15,,,,,,,,,,,,,,,,,,,,,,,,,
224c3520-62aa-432b-bba9-752c6c59fc52,2025-12-10 20:09:02 UTC,False,28665.0,CFOP,Gan 12 UI Maglev,RandomForest,3182.0,28665.0,,,gan12,custom_rules,,,,8.0,0.0,0.0,28665.0,120.0,122.0,136.0,4.19,6735.0,21930.0,1568.0,0.0,1568.0,1568.0,7.0,7.0,7.0,4.46,1946.0,532.0,1414.0,3514.0,10.0,10.0,10.0,7.07,2314.0,1517.0,797.0,5828.0,8.0,8.0,11.0,10.04,1335.0,354.0,981.0,7163.0,9.0,10.0,10.0,9.17,1696.0,955.0,741.0,8859.0,4.0,4.0,4.0,5.4,2707.0,1749.0,958.0,11566.0,12.0,12.0,12.0,12.53,17099.0,1628.0,15471.0,28665.0,70.0,71.0,82.0,4.52,,,,,,,,,,,,,,,,,,,,,,,,,
72d8330a-2362-4104-bd66-e77a544cfabb,2025-12-11 16:57:25 UTC,False,13528.0,CFOP,Gan 12 UI Maglev,RandomForest,20181.0,13528.0,,,gan12,custom_rules,,,,8.0,0.0,0.0,13528.0,58.0,63.0,79.0,4.29,4253.0,9275.0,947.0,0.0,947.0,947.0,5.0,5.0,6.0,5.28,2324.0,770.0,1554.0,3271.0,8.0,8.0,9.0,5.15,1359.0,313.0,1046.0,4630.0,8.0,8.0,9.0,7.65,3422.0,458.0,2964.0,8052.0,14.0,15.0,19.0,4.72,1562.0,959.0,603.0,9614.0,7.0,7.0,9.0,11.61,1730.0,765.0,965.0,11344.0,8.0,8.0,9.0,8.29,2184.0,988.0,1196.0,13528.0,8.0,12.0,18.0,6.69,,,,,,,,,,,,,,,,,,,,,,,,,
a7af2792-bb00-4fb4-b45c-984c9a4bce28,2025-12-11 16:58:04 UTC,False,22002.0,CFOP,Gan 12 UI Maglev,RandomForest,4870.0,22002.0,,,gan12,custom_rules,,,,8.0,0.0,0.0,22002.0,83.0,88.0,103.0,3.77,4413.0,17589.0,4781.0,0.0,4781.0,4781.0,12.0,12.0,12.0,2.51,0.0,0.0,0.0,4781.0,0.0,0.0,0.0,0.0,3282.0,322.0,2960.0,8063.0,15.0,15.0,18.0,5.07,2405.0,861.0,1544.0,10468.0,9.0,9.0,10.0,5.83,4970.0,1324.0,3646.0,15438.0,16.0,16.0,19.0,4.39,1281.0,789.0,492.0,16719.0,9.0,9.0,9.0,18.29,5283.0,1117.0,4166.0,22002.0,22.0,27.0,35.0,5.28,,,,,,,,,,,,,,,,,,,,,,,,,
7a0a69db-05d1-4997-a1c1-4f3f557c74bf,2025-12-11 16:59:03 UTC,False,29083.0,CFOP,Gan 12 UI Maglev,RandomForest,17925.0,29083.0,,,gan12,custom_rules,,,,8.0,0.0,0.0,29083.0,100.0,106.0,126.0,3.44,7510.0,21573.0,6744.0,0.0,6744.0,6744.0,18.0,20.0,24.0,2.67,0.0,0.0,0.0,6744.0,0.0,0.0,0.0,0.0,4153.0,2531.0,1622.0,10897.0,8.0,8.0,10.0,4.93,7930.0,668.0,7262.0,18827.0,38.0,38.0,39.0,5.23,3478.0,1543.0,1935.0,22305.0,11.0,11.0,13.0,5.68,4480.0,1672.0,2808.0,26785.0,16.0,16.0,21.0,5.7,2298.0,1096.0,1202.0,29083.0,9.0,13.0,19.0,7.49,,,,,,,,,,,,,,,,,,,,,,,,,
c83b8dad-2f44-4b49-9333-1f561f6e8268,2025-12-11 16:59:49 UTC,False,25644.0,CFOP,Gan 12 UI Maglev,RandomForest,9207.0,25644.0,,,gan12,custom_rules,,,,8.0,0.0,0.0,25644.0,74.0,75.0,82.0,2.89,5908.0,19736.0,1861.0,0.0,1861.0,1861.0,9.0,9.0,9.0,4.84,7615.0,925.0,6690.0,9476.0,15.0,15.0,16.0,2.24,0.0,0.0,0.0,9476.0,0.0,0.0,0.0,0.0,2419.0,1646.0,773.0,11895.0,9.0,9.0,10.0,11.64,7439.0,1017.0,6422.0,19334.0,15.0,16.0,16.0,2.34,2439.0,902.0,1537.0,21773.0,10.0,10.0,13.0,6.51,3871.0,1418.0,2453.0,25644.0,16.0,16.0,18.0,6.52,,,,,,,,,,,,,,,,,,,,,,,,,
203c0db6-bd30-4268-b975-985d00169a6d,2025-12-11 17:00:44 UTC,False,26838.0,CFOP,Gan 12 UI Maglev,RandomForest,16728.0,26838.0,,,gan12,custom_rules,,,,8.0,0.0,0.0,26838.0,97.0,98.0,110.0,3.61,8119.0,18719.0,2997.0,0.0,2997.0,2997.0,8.0,8.0,11.0,2.67,6324.0,1268.0,5056.0,9321.0,26.0,27.0,28.0,5.14,2182.0,1481.0,701.0,11503.0,8.0,8.0,10.0,11.41,2616.0,1442.0,1174.0,14119.0,8.0,8.0,10.0,6.81,6022.0,1088.0,4934.0,20141.0,17.0,17.0,19.0,3.45,2416.0,911.0,1505.0,22557.0,14.0,14.0,14.0,9.3,4281.0,1929.0,2352.0,26838.0,16.0,16.0,18.0,6.8,,,,,,,,,,,,,,,,,,,,,,,,,
a59e5418-7741-4537-a3bb-5832a264ea22,2025-12-11 17:01:29 UTC,False,27795.0,CFOP,Gan 12 UI Maglev,RandomForest,6581.0,27795.0,,,gan12,custom_rules,,,,8.0,0.0,0.0,27795.0,81.0,86.0,97.0,2.91,6180.0,21615.0,16223.0,0.0,16223.0,16223.0,33.0,36.0,40.0,2.03,0.0,0.0,0.0,16223.0,0.0,0.0,0.0,0.0,2229.0,998.0,1231.0,18452.0,8.0,8.0,10.0,6.5,938.0,655.0,283.0,19390.0,4.0,4.0,4.0,14.13,2075.0,1238.0,837.0,21465.0,8.0,8.0,9.0,9.56,2336.0,1200.0,1136.0,23801.0,11.0,13.0,15.0,9.68,3994.0,2089.0,1905.0,27795.0,17.0,17.0,19.0,8.92,,,,,,,,,,,,,,,,,,,,,,,,,
169651a3-2f07-4f47-a1af-389b51c34adf,2025-12-11 17:02:32 UTC,False,16514.0,CFOP,Gan 12 UI Maglev,RandomForest,36232.0,16514.0,,,gan12,custom_rules,,,,8.0,0.0,0.0,16514.0,65.0,66.0,77.0,3.94,5000.0,11514.0,871.0,0.0,871.0,871.0,4.0,4.0,5.0,4.59,3238.0,468.0,2770.0,4109.0,11.0,11.0,13.0,3.97,1829.0,564.0,1265.0,5938.0,7.0,7.0,8.0,5.53,2745.0,436.0,2309.0,8683.0,7.0,7.0,7.0,3.03,2313.0,1274.0,1039.0,10996.0,12.0,12.0,14.0,11.55,1766.0,1016.0,750.0,12762.0,8.0,8.0,9.0,10.67,3752.0,1242.0,2510.0,16514.0,16.0,17.0,21.0,6.37,,,,,,,,,,,,,,,,,,,,,,,,,
38560dfb-1017-4f45-aed4-fca1874bccf9,2025-12-11 17:03:20 UTC,False,15922.0,CFOP,Gan 12 UI Maglev,RandomForest,21293.0,15922.0,,,gan12,custom_rules,,,,8.0,0.0,0.0,15922.0,67.0,70.0,78.0,4.21,7086.0,8723.0,2463.0,0.0,2463.0,2576.0,7.0,7.0,9.0,2.84,1997.0,1006.0,991.0,4573.0,8.0,8.0,9.0,8.07,2049.0,1300.0,749.0,6622.0,6.0,7.0,7.0,8.01,1946.0,1269.0,677.0,8568.0,8.0,8.0,9.0,11.82,1929.0,1103.0,826.0,10497.0,8.0,8.0,10.0,9.69,2738.0,1225.0,1513.0,13235.0,14.0,14.0,14.0,9.25,2687.0,1183.0,1504.0,15922.0,16.0,18.0,20.0,10.64,,,,,,,,,,,,,,,,,,,,,,,,,
4b73f1e1-8693-4efc-b3b3-057ca15233b4,2025-12-11 17:04:30 UTC,False,16956.0,CFOP,Gan 12 UI Maglev,RandomForest,43532.0,16956.0,,,gan12,custom_rules,,,,8.0,0.0,0.0,16956.0,60.0,64.0,77.0,3.54,6330.0,10626.0,3324.0,0.0,3324.0,3324.0,9.0,9.0,9.0,2.71,0.0,0.0,0.0,3324.0,0.0,0.0,0.0,0.0,4200.0,1919.0,2281.0,7524.0,11.0,11.0,14.0,4.82,2456.0,525.0,1931.0,9980.0,11.0,11.0,12.0,5.7,2520.0,1448.0,1072.0,12500.0,8.0,8.0,10.0,7.46,2519.0,1399.0,1120.0,15019.0,12.0,12.0,13.0,10.71,1937.0,1039.0,898.0,16956.0,9.0,13.0,19.0,10.02,,,,,,,,,,,,,,,,,,,,,,,,,
93bb7a43-2225-42cf-a164-cb4db0abea7e,2025-12-11 17:05:19 UTC,False,21363.0,CFOP,Gan 12 UI Maglev,RandomForest,17105.0,21363.0,,,gan12,custom_rules,,,,8.0,0.0,0.0,21363.0,91.0,98.0,119.0,4.26,4493.0,16870.0,1773.0,0.0,1773.0,1773.0,6.0,6.0,7.0,3.38,2595.0,500.0,2095.0,4368.0,9.0,9.0,10.0,4.3,1194.0,315.0,879.0,5562.0,8.0,8.0,9.0,9.1,1553.0,306.0,1247.0,7115.0,7.0,7.0,8.0,5.61,2995.0,725.0,2270.0,10110.0,16.0,16.0,18.0,7.05,3059.0,822.0,2237.0,13169.0,16.0,16.0,18.0,7.15,8194.0,1825.0,6369.0,21363.0,30.0,37.0,49.0,4.71,,,,,,,,,,,,,,,,,,,,,,,,,
268a0dd3-b15a-45e4-962a-b89559de174b,2025-12-11 17:06:05 UTC,False,29305.0,CFOP,Gan 12 UI Maglev,RandomForest,3465.0,29305.0,,,gan12,custom_rules,,,,8.0,0.0,0.0,29305.0,95.0,97.0,108.0,3.24,6243.0,23062.0,8983.0,0.0,8983.0,8983.0,24.0,24.0,28.0,2.67,0.0,0.0,0.0,8983.0,0.0,0.0,0.0,0.0,1920.0,1453.0,467.0,10903.0,6.0,6.0,6.0,12.85,2158.0,1392.0,766.0,13061.0,7.0,7.0,7.0,9.14,7353.0,1700.0,5653.0,20414.0,23.0,23.0,24.0,4.07,2224.0,901.0,1323.0,22638.0,9.0,9.0,10.0,6.8,6667.0,797.0,5870.0,29305.0,26.0,28.0,33.0,4.43,,,,,,,,,,,,,,,,,,,,,,,,,
bffeea29-9e0e-4961-b1a2-8da57df87472,2025-12-11 17:07:19 UTC,False,18375.0,CFOP,Gan 12 UI Maglev,RandomForest,41580.0,18375.0,,,gan12,custom_rules,,,,8.0,0.0,0.0,18375.0,70.0,77.0,86.0,3.81,4684.0,13691.0,6731.0,0.0,6731.0,6731.0,23.0,29.0,35.0,3.42,0.0,0.0,0.0,6731.0,0.0,0.0,0.0,0.0,0.0,0.0,0.0,6731.0,0.0,0.0,0.0,0.0,1517.0,1324.0,193.0,8248.0,4.0,4.0,4.0,20.73,3623.0,862.0,2761.0,11871.0,11.0,11.0,11.0,3.98,2864.0,1054.0,1810.0,14735.0,12.0,13.0,15.0,6.63,3640.0,1444.0,2196.0,18375.0,20.0,20.0,21.0,9.11,,,,,,,,,,,,,,,,,,,,,,,,,
ef82b285-2adc-4941-b5a9-402e5d82fdcd,2025-12-11 17:07:53 UTC,False,18747.0,CFOP,Gan 12 UI Maglev,RandomForest,7296.0,18747.0,,,gan12,custom_rules,,,,8.0,0.0,0.0,18747.0,79.0,80.0,87.0,4.21,6715.0,12032.0,1772.0,0.0,1772.0,1772.0,7.0,7.0,8.0,3.95,5434.0,1265.0,4169.0,7206.0,19.0,20.0,23.0,4.56,1962.0,931.0,1031.0,9168.0,9.0,9.0,10.0,8.73,2954.0,1877.0,1077.0,12122.0,8.0,8.0,10.0,7.43,2086.0,999.0,1087.0,14208.0,9.0,9.0,9.0,8.28,1715.0,853.0,862.0,15923.0,9.0,9.0,9.0,10.44,2824.0,790.0,2034.0,18747.0,18.0,18.0,18.0,8.85,,,,,,,,,,,,,,,,,,,,,,,,,
6c108a06-b63a-4fb5-a755-ecafb0f38735,2025-12-11 17:08:25 UTC,False,16780.0,CFOP,Gan 12 UI Maglev,RandomForest,5469.0,16780.0,,,gan12,custom_rules,,,,8.0,0.0,0.0,16780.0,65.0,67.0,79.0,3.87,7239.0,9485.0,2053.0,0.0,2053.0,2109.0,7.0,7.0,8.0,3.41,3309.0,2211.0,1098.0,5418.0,8.0,8.0,9.0,7.29,2774.0,1747.0,1027.0,8192.0,8.0,9.0,10.0,7.79,1960.0,1283.0,677.0,10152.0,8.0,8.0,8.0,11.82,1868.0,121.0,1747.0,12020.0,11.0,11.0,12.0,6.3,2553.0,966.0,1587.0,14573.0,10.0,10.0,15.0,6.3,2207.0,911.0,1296.0,16780.0,14.0,15.0,17.0,10.8,,,,,,,,,,,,,,,,,,,,,,,,,
69e85079-1625-46ac-bc78-0fd25d22ca5e,2025-12-11 17:09:03 UTC,False,19384.0,CFOP,Gan 12 UI Maglev,RandomForest,10983.0,19384.0,,,gan12,custom_rules,,,,8.0,0.0,0.0,19384.0,73.0,75.0,83.0,3.77,6681.0,12703.0,1258.0,0.0,1258.0,1258.0,6.0,6.0,6.0,4.77,6867.0,1944.0,4923.0,8125.0,16.0,17.0,21.0,3.25,1928.0,323.0,1605.0,10053.0,10.0,10.0,10.0,6.23,2243.0,1478.0,765.0,12296.0,7.0,7.0,8.0,9.15,2035.0,645.0,1390.0,14331.0,10.0,10.0,11.0,7.19,2162.0,1001.0,1161.0,16493.0,10.0,11.0,12.0,8.61,2891.0,1290.0,1601.0,19384.0,14.0,14.0,15.0,8.74,,,,,,,,,,,,,,,,,,,,,,,,,
80562a4f-0c0a-4853-b13b-20826a21193e,2025-12-11 17:09:39 UTC,False,16603.0,CFOP,Gan 12 UI Maglev,RandomForest,9395.0,16603.0,,,gan12,custom_rules,,,,8.0,0.0,0.0,16603.0,63.0,70.0,85.0,3.79,4258.0,12345.0,5775.0,0.0,5775.0,5775.0,18.0,20.0,26.0,3.12,0.0,0.0,0.0,5775.0,0.0,0.0,0.0,0.0,1329.0,314.0,1015.0,7104.0,7.0,7.0,7.0,6.9,2089.0,1413.0,676.0,9193.0,8.0,8.0,9.0,11.83,1824.0,760.0,1064.0,11017.0,11.0,11.0,11.0,10.34,1616.0,713.0,903.0,12633.0,8.0,8.0,8.0,8.86,3970.0,1058.0,2912.0,16603.0,12.0,17.0,24.0,4.12,,,,,,,,,,,,,,,,,,,,,,,,,
997e5b6d-ca49-45b4-9fb9-0cce76e47595,2025-12-11 17:10:17 UTC,False,20484.0,CFOP,Gan 12 UI Maglev,RandomForest,4234.0,20484.0,,,gan12,custom_rules,,,,8.0,0.0,0.0,20484.0,73.0,73.0,85.0,3.56,9331.0,11153.0,3433.0,0.0,3433.0,3433.0,10.0,10.0,12.0,2.91,1072.0,879.0,193.0,4505.0,4.0,4.0,5.0,20.73,4226.0,2216.0,2010.0,8731.0,8.0,8.0,10.0,3.98,1898.0,1229.0,669.0,10629.0,8.0,8.0,10.0,11.96,4516.0,2916.0,1600.0,15145.0,12.0,12.0,15.0,7.5,1924.0,910.0,1014.0,17069.0,12.0,12.0,13.0,11.83,3415.0,1181.0,2234.0,20484.0,19.0,19.0,20.0,8.5,,,,,,,,,,,,,,,,,,,,,,,,,
e94a69ae-d52a-4ed8-8398-1fa54bebd270,2025-12-11 17:10:51 UTC,False,19312.0,CFOP,Gan 12 UI Maglev,RandomForest,3433.0,19312.0,,,gan12,custom_rules,,,,8.0,0.0,0.0,19312.0,64.0,76.0,96.0,3.31,5545.0,13767.0,1937.0,0.0,1937.0,1937.0,6.0,6.0,8.0,3.1,668.0,475.0,193.0,2605.0,4.0,4.0,4.0,20.73,2714.0,1466.0,1248.0,5319.0,9.0,9.0,10.0,7.21,2835.0,950.0,1885.0,8154.0,9.0,9.0,11.0,4.77,1480.0,749.0,731.0,9634.0,8.0,8.0,9.0,10.94,1743.0,644.0,1099.0,11377.0,9.0,9.0,12.0,8.19,7935.0,1261.0,6674.0,19312.0,20.0,32.0,42.0,3.0,,,,,,,,,,,,,,,,,,,,,,,,,
42b47d52-134a-4694-b649-6a84687aa8be,2025-12-11 17:11:31 UTC,False,18402.0,CFOP,Gan 12 UI Maglev,RandomForest,11278.0,18402.0,,,gan12,custom_rules,,,,8.0,0.0,0.0,18402.0,73.0,76.0,88.0,3.97,3840.0,14513.0,7951.0,0.0,7951.0,8000.0,24.0,27.0,31.0,3.02,0.0,0.0,0.0,8000.0,0.0,0.0,0.0,0.0,0.0,0.0,0.0,8000.0,0.0,0.0,0.0,0.0,3817.0,1322.0,2495.0,11817.0,12.0,12.0,16.0,4.81,1460.0,484.0,976.0,13277.0,8.0,8.0,9.0,8.2,1712.0,935.0,777.0,14989.0,7.0,7.0,8.0,9.01,3413.0,1099.0,2314.0,18402.0,22.0,22.0,24.0,9.51,,,,,,,,,,,,,,,,,,,,,,,,,
ddebcc0e-e507-4c0c-9002-a174e07d61ae,2025-12-11 17:12:09 UTC,False,19804.0,CFOP,Gan 12 UI Maglev,RandomForest,8080.0,19804.0,,,gan12,custom_rules,,,,8.0,0.0,0.0,19804.0,76.0,77.0,83.0,3.84,7505.0,12299.0,1481.0,0.0,1481.0,1481.0,6.0,6.0,8.0,4.05,6424.0,701.0,5723.0,7905.0,19.0,20.0,23.0,3.32,1518.0,1294.0,224.0,9423.0,4.0,4.0,4.0,17.86,1939.0,676.0,1263.0,11362.0,7.0,7.0,7.0,5.54,2569.0,1917.0,652.0,13931.0,9.0,9.0,9.0,13.8,2141.0,967.0,1174.0,16072.0,11.0,11.0,11.0,9.37,3732.0,1950.0,1782.0,19804.0,20.0,20.0,21.0,11.22,,,,,,,,,,,,,,,,,,,,,,,,,
9a54cd4c-637a-4589-a88f-93bf854ad945,2025-12-11 17:12:54 UTC,False,16783.0,CFOP,Gan 12 UI Maglev,RandomForest,19096.0,16783.0,,,gan12,custom_rules,,,,8.0,0.0,0.0,16783.0,63.0,66.0,75.0,3.75,7610.0,9125.0,2167.0,0.0,2167.0,2215.0,7.0,7.0,9.0,3.23,2570.0,1780.0,790.0,4785.0,6.0,6.0,8.0,7.59,2851.0,1871.0,980.0,7636.0,9.0,9.0,9.0,9.18,1763.0,991.0,772.0,9399.0,5.0,6.0,7.0,6.48,1922.0,315.0,1607.0,11321.0,10.0,10.0,11.0,6.22,2267.0,1135.0,1132.0,13588.0,10.0,10.0,10.0,8.83,3195.0,1518.0,1677.0,16783.0,16.0,18.0,21.0,9.54,,,,,,,,,,,,,,,,,,,,,,,,,
5c21e3be-df82-4abc-b724-593feb54d46f,2025-12-11 17:13:32 UTC,False,18651.0,CFOP,Gan 12 UI Maglev,RandomForest,9031.0,18651.0,,,gan12,custom_rules,,,,8.0,0.0,0.0,18651.0,60.0,63.0,70.0,3.22,8835.0,9816.0,1233.0,0.0,1233.0,1233.0,4.0,4.0,5.0,3.24,2957.0,1478.0,1479.0,4190.0,8.0,8.0,8.0,5.41,4616.0,1676.0,2940.0,8806.0,11.0,11.0,14.0,3.74,3788.0,2967.0,821.0,12594.0,6.0,7.0,7.0,7.31,1741.0,686.0,1055.0,14335.0,8.0,8.0,9.0,7.58,1700.0,668.0,1032.0,16035.0,9.0,10.0,10.0,8.72,2616.0,1360.0,1256.0,18651.0,14.0,15.0,17.0,11.15,,,,,,,,,,,,,,,,,,,,,,,,,
7d1c42c0-4e06-42e0-812a-fd4b415b3de0,2025-12-11 17:14:06 UTC,False,12811.0,CFOP,Gan 12 UI Maglev,RandomForest,11573.0,12811.0,,,gan12,custom_rules,,,,8.0,0.0,0.0,12811.0,66.0,68.0,78.0,5.15,4187.0,8624.0,2769.0,0.0,2769.0,2769.0,9.0,9.0,11.0,3.25,1277.0,495.0,782.0,4046.0,6.0,6.0,8.0,7.67,1609.0,483.0,1126.0,5655.0,8.0,8.0,9.0,7.1,1455.0,706.0,749.0,7110.0,8.0,8.0,9.0,10.68,1309.0,516.0,793.0,8419.0,11.0,11.0,12.0,13.87,1353.0,790.0,563.0,9772.0,8.0,8.0,9.0,14.21,3039.0,1197.0,1842.0,12811.0,16.0,18.0,20.0,8.69,,,,,,,,,,,,,,,,,,,,,,,,,
4496c24a-d15d-4411-999b-8edeb442f3da,2025-12-11 17:14:35 UTC,False,13113.0,CFOP,Gan 12 UI Maglev,RandomForest,5905.0,13113.0,,,gan12,custom_rules,,,,8.0,0.0,0.0,13113.0,66.0,66.0,73.0,5.03,4947.0,8166.0,2037.0,0.0,2037.0,2037.0,6.0,6.0,7.0,2.95,1312.0,595.0,717.0,3349.0,8.0,8.0,9.0,11.16,2294.0,724.0,1570.0,5643.0,9.0,9.0,11.0,5.73,2243.0,1422.0,821.0,7886.0,8.0,8.0,8.0,9.74,1590.0,543.0,1047.0,9476.0,8.0,8.0,9.0,7.64,1785.0,842.0,943.0,11261.0,13.0,13.0,13.0,13.79,1852.0,821.0,1031.0,13113.0,14.0,14.0,16.0,13.58,,,,,,,,,,,,,,,,,,,,,,,,,
2371f52f-5642-4158-bce4-7d48978d9812,2025-12-11 17:15:32 UTC,False,16345.0,CFOP,Gan 12 UI Maglev,RandomForest,28533.0,16345.0,,,gan12,custom_rules,,,,8.0,0.0,0.0,16345.0,71.0,75.0,88.0,4.34,4624.0,11721.0,2311.0,0.0,2311.0,2311.0,11.0,11.0,12.0,4.76,3496.0,386.0,3110.0,5807.0,11.0,11.0,14.0,3.54,2159.0,846.0,1313.0,7966.0,7.0,7.0,8.0,5.33,3077.0,619.0,2458.0,11043.0,16.0,16.0,17.0,6.51,1707.0,804.0,903.0,12750.0,8.0,8.0,10.0,8.86,1474.0,822.0,652.0,14224.0,9.0,9.0,9.0,13.8,2121.0,1147.0,974.0,16345.0,9.0,13.0,18.0,9.24,,,,,,,,,,,,,,,,,,,,,,,,,
60f16332-891e-4269-b03c-4c0b0396162e,2025-12-11 17:16:06 UTC,False,16362.0,CFOP,Gan 12 UI Maglev,RandomForest,7668.0,16362.0,,,gan12,custom_rules,,,,8.0,0.0,0.0,16362.0,75.0,76.0,88.0,4.58,7266.0,9096.0,1305.0,0.0,1305.0,1305.0,5.0,5.0,8.0,3.83,1983.0,943.0,1040.0,3288.0,8.0,8.0,9.0,7.69,1518.0,616.0,902.0,4806.0,8.0,8.0,8.0,8.87,2970.0,2043.0,927.0,7776.0,10.0,10.0,12.0,10.79,2172.0,996.0,1176.0,9948.0,10.0,10.0,12.0,8.5,2758.0,1011.0,1747.0,12706.0,17.0,17.0,17.0,9.73,3656.0,1657.0,1999.0,16362.0,17.0,18.0,22.0,8.5,,,,,,,,,,,,,,,,,,,,,,,,,
49bd25e8-fd37-40f8-b515-57b3ecaf9248,2025-12-11 17:16:41 UTC,False,15911.0,CFOP,Gan 12 UI Maglev,RandomForest,8687.0,15911.0,,,gan12,custom_rules,,,,8.0,0.0,0.0,15911.0,58.0,65.0,79.0,3.65,4577.0,11334.0,3561.0,0.0,3561.0,3561.0,12.0,12.0,15.0,3.37,1397.0,492.0,905.0,4958.0,8.0,8.0,8.0,8.84,1273.0,572.0,701.0,6231.0,6.0,6.0,7.0,8.56,2255.0,1063.0,1192.0,8486.0,7.0,7.0,7.0,5.87,700.0,137.0,563.0,9186.0,7.0,7.0,7.0,12.43,2696.0,975.0,1721.0,11882.0,9.0,10.0,10.0,5.23,4029.0,1338.0,2691.0,15911.0,10.0,16.0,25.0,3.72,,,,,,,,,,,,,,,,,,,,,,,,,
b841e626-15f5-4154-9bed-744eac68d581,2025-12-11 17:17:41 UTC,False,22871.0,CFOP,Gan 12 UI Maglev,RandomForest,21317.0,22871.0,,,gan12,custom_rules,,,,8.0,0.0,0.0,22871.0,67.0,69.0,78.0,2.93,6738.0,16133.0,11253.0,0.0,11253.0,11253.0,23.0,25.0,31.0,2.04,0.0,0.0,0.0,11253.0,0.0,0.0,0.0,0.0,2500.0,1431.0,1069.0,13753.0,8.0,8.0,9.0,7.48,2127.0,1789.0,338.0,15880.0,4.0,4.0,5.0,11.83,2544.0,1321.0,1223.0,18424.0,9.0,9.0,9.0,7.36,1661.0,902.0,759.0,20085.0,9.0,9.0,9.0,11.86,2786.0,1295.0,1491.0,22871.0,14.0,14.0,15.0,9.39,,,,,,,,,,,,,,,,,,,,,,,,,
03f8262d-a7a9-4b56-8720-a712a6a7a23d,2025-12-11 17:18:41 UTC,False,23766.0,CFOP,Gan 12 UI Maglev,RandomForest,7732.0,21766.0,U3,,gan12,custom_rules,,,,8.0,0.0,0.0,21766.0,68.0,75.0,91.0,3.12,5898.0,15868.0,5390.0,0.0,5390.0,5390.0,11.0,13.0,16.0,2.04,0.0,0.0,0.0,5390.0,0.0,0.0,0.0,0.0,8477.0,1450.0,7027.0,13867.0,24.0,25.0,26.0,3.42,1297.0,605.0,692.0,15164.0,7.0,7.0,7.0,10.12,3150.0,1990.0,1160.0,18314.0,12.0,12.0,13.0,10.34,1273.0,596.0,677.0,19587.0,7.0,7.0,8.0,10.34,2179.0,1257.0,922.0,21766.0,7.0,11.0,20.0,7.59,,,,,,,,,,,,,,,,,,,,,,,,,
6c9198ee-61f3-4cc5-b449-89935a582d74,2025-12-11 17:19:12 UTC,False,18092.0,CFOP,Gan 12 UI Maglev,RandomForest,4180.0,18092.0,,,gan12,custom_rules,,,,8.0,0.0,0.0,18092.0,69.0,70.0,77.0,3.81,8311.0,9781.0,1079.0,0.0,1079.0,1079.0,5.0,6.0,6.0,4.63,2610.0,1484.0,1126.0,3689.0,7.0,7.0,9.0,6.22,3311.0,1266.0,2045.0,7000.0,9.0,9.0,10.0,4.4,1992.0,662.0,1330.0,8992.0,11.0,11.0,11.0,8.27,4197.0,3312.0,885.0,13189.0,8.0,8.0,10.0,9.04,2111.0,710.0,1401.0,15300.0,12.0,12.0,13.0,8.57,2792.0,877.0,1915.0,18092.0,17.0,17.0,18.0,8.88,,,,,,,,,,,,,,,,,,,,,,,,,
45b4d09c-42a3-41a8-825a-64a00d5f9bdf,2025-12-11 17:21:03 UTC,False,19541.0,CFOP,Gan 12 UI Maglev,RandomForest,68043.0,19541.0,,,gan12,custom_rules,,,,8.0,0.0,0.0,19541.0,73.0,75.0,93.0,3.74,5453.0,14088.0,2793.0,0.0,2793.0,2793.0,7.0,7.0,11.0,2.51,1389.0,347.0,1042.0,4182.0,7.0,7.0,8.0,6.72,1947.0,555.0,1392.0,6129.0,10.0,11.0,12.0,7.18,2848.0,1507.0,1341.0,8977.0,11.0,11.0,14.0,8.2,4070.0,1143.0,2927.0,13047.0,14.0,14.0,17.0,4.78,2371.0,1153.0,1218.0,15418.0,7.0,7.0,7.0,5.75,4123.0,748.0,3375.0,19541.0,18.0,19.0,24.0,5.33,,,,,,,,,,,,,,,,,,,,,,,,,
52a30776-efce-4143-a7c7-58dee2bde183,2025-12-11 17:21:59 UTC,False,20224.0,CFOP,Gan 12 UI Maglev,RandomForest,24831.0,20224.0,,,gan12,custom_rules,,,,8.0,0.0,0.0,20224.0,70.0,71.0,79.0,3.46,5706.0,14518.0,1544.0,0.0,1544.0,1544.0,7.0,8.0,8.0,4.53,7581.0,1378.0,6203.0,9125.0,14.0,14.0,16.0,2.26,2456.0,855.0,1601.0,11581.0,7.0,7.0,7.0,4.37,2599.0,1039.0,1560.0,14180.0,7.0,7.0,8.0,4.49,1601.0,758.0,843.0,15781.0,9.0,9.0,9.0,10.68,2055.0,839.0,1216.0,17836.0,10.0,10.0,13.0,8.22,2388.0,837.0,1551.0,20224.0,16.0,16.0,18.0,10.32,,,,,,,,,,,,,,,,,,,,,,,,,
14d17e9c-2d56-45e6-b82c-b39982815ab3,2025-12-11 17:22:36 UTC,False,18831.0,CFOP,Gan 12 UI Maglev,RandomForest,6444.0,18831.0,,,gan12,custom_rules,,,,8.0,0.0,0.0,18831.0,68.0,70.0,86.0,3.61,8690.0,10141.0,1859.0,0.0,1859.0,1859.0,6.0,8.0,14.0,3.23,2267.0,1429.0,838.0,4126.0,8.0,8.0,8.0,9.55,4173.0,2043.0,2130.0,8299.0,11.0,11.0,12.0,5.16,2012.0,1207.0,805.0,10311.0,6.0,6.0,6.0,7.45,1728.0,882.0,846.0,12039.0,8.0,8.0,11.0,9.46,2392.0,1168.0,1224.0,14431.0,11.0,11.0,14.0,8.99,4400.0,1961.0,2439.0,18831.0,18.0,18.0,21.0,7.38,,,,,,,,,,,,,,,,,,,,,,,,,
c37dcdd2-fca0-49a8-b9ff-a5036b6fd5b6,2025-12-11 17:23:16 UTC,False,24481.0,CFOP,Gan 12 UI Maglev,RandomForest,6915.0,24481.0,,,gan12,custom_rules,,,,8.0,0.0,0.0,24481.0,89.0,93.0,100.0,3.64,1634.0,22847.0,12110.0,0.0,12110.0,12110.0,33.0,36.0,40.0,2.73,0.0,0.0,0.0,12110.0,0.0,0.0,0.0,0.0,0.0,0.0,0.0,12110.0,0.0,0.0,0.0,0.0,4141.0,1336.0,2805.0,16251.0,17.0,17.0,19.0,6.06,8182.0,250.0,7932.0,24433.0,39.0,39.0,40.0,4.92,0.0,0.0,0.0,24433.0,0.0,0.0,0.0,0.0,48.0,48.0,0.0,24481.0,1.0,1.0,1.0,,,,,,,,,,,,,,,,,,,,,,,,,,
b67df48a-8154-4c4b-961e-3d2782bd424f,2025-12-11 17:24:36 UTC,False,16720.0,CFOP,Gan 12 UI Maglev,RandomForest,7684.0,16720.0,,,gan12,custom_rules,,,,8.0,0.0,0.0,16720.0,68.0,69.0,79.0,4.07,6852.0,9868.0,1988.0,0.0,1988.0,1988.0,7.0,7.0,8.0,3.52,1904.0,629.0,1275.0,3892.0,8.0,9.0,9.0,6.27,1722.0,628.0,1094.0,5614.0,7.0,7.0,8.0,6.4,3516.0,2498.0,1018.0,9130.0,8.0,8.0,10.0,7.86,1657.0,742.0,915.0,10787.0,7.0,7.0,7.0,7.65,2754.0,1263.0,1491.0,13541.0,12.0,12.0,15.0,8.05,3179.0,1092.0,2087.0,16720.0,20.0,20.0,22.0,9.58,,,,,,,,,,,,,,,,,,,,,,,,,
56d7f849-25c8-4dd2-804e-c522e8961bdb,2025-12-11 17:25:10 UTC,False,15993.0,CFOP,Gan 12 UI Maglev,RandomForest,8615.0,15993.0,,,gan12,custom_rules,,,,8.0,0.0,0.0,15993.0,62.0,66.0,71.0,3.88,7597.0,8372.0,1704.0,0.0,1704.0,1728.0,8.0,9.0,9.0,4.69,3782.0,2405.0,1377.0,5510.0,8.0,9.0,9.0,5.81,1625.0,546.0,1079.0,7135.0,7.0,7.0,8.0,6.49,1121.0,871.0,250.0,8256.0,3.0,3.0,3.0,12.0,991.0,805.0,186.0,9247.0,5.0,5.0,5.0,26.88,2776.0,1659.0,1117.0,12023.0,12.0,14.0,15.0,10.74,3970.0,1311.0,2659.0,15993.0,19.0,19.0,22.0,7.15,,,,,,,,,,,,,,,,,,,,,,,,,
83813394-a2cf-4398-bcf4-38fe55344718,2025-12-11 17:25:47 UTC,False,15948.0,CFOP,Gan 12 UI Maglev,RandomForest,12975.0,15948.0,,,gan12,custom_rules,,,,8.0,0.0,0.0,15948.0,70.0,73.0,81.0,4.39,7764.0,8184.0,1418.0,0.0,1418.0,1418.0,6.0,6.0,7.0,4.23,2246.0,1214.0,1032.0,3664.0,9.0,10.0,10.0,8.72,1867.0,965.0,902.0,5531.0,12.0,12.0,12.0,13.3,2800.0,1994.0,806.0,8331.0,7.0,7.0,9.0,8.68,2236.0,1310.0,926.0,10567.0,7.0,7.0,8.0,7.56,1929.0,770.0,1159.0,12496.0,12.0,12.0,13.0,10.35,3452.0,1511.0,1941.0,15948.0,17.0,19.0,22.0,8.76,,,,,,,,,,,,,,,,,,,,,,,,,
0ea5087a-2cae-498f-aeb0-440c7d457dd9,2025-12-11 17:26:36 UTC,False,19784.0,CFOP,Gan 12 UI Maglev,RandomForest,18105.0,19784.0,,,gan12,custom_rules,,,,8.0,0.0,0.0,19784.0,86.0,89.0,105.0,4.35,5822.0,13962.0,2510.0,0.0,2510.0,2510.0,9.0,9.0,10.0,3.59,1851.0,789.0,1062.0,4361.0,9.0,10.0,10.0,8.47,1408.0,435.0,973.0,5769.0,8.0,8.0,9.0,8.22,2653.0,636.0,2017.0,8422.0,11.0,11.0,14.0,5.45,2001.0,693.0,1308.0,10423.0,11.0,11.0,13.0,8.41,2929.0,1120.0,1809.0,13352.0,10.0,10.0,14.0,5.53,6432.0,2149.0,4283.0,19784.0,28.0,30.0,35.0,6.54,,,,,,,,,,,,,,,,,,,,,,,,,
14a8af7f-b723-4a3c-90f1-cc0bd3481efa,2025-12-11 17:27:06 UTC,False,16913.0,CFOP,Gan 12 UI Maglev,RandomForest,3852.0,16913.0,,,gan12,custom_rules,,,,8.0,0.0,0.0,16913.0,71.0,71.0,82.0,4.2,5265.0,11648.0,4868.0,0.0,4868.0,4868.0,10.0,10.0,15.0,2.05,0.0,0.0,0.0,4868.0,0.0,0.0,0.0,0.0,2777.0,1378.0,1399.0,7645.0,12.0,12.0,12.0,8.58,1937.0,1413.0,524.0,9582.0,8.0,8.0,9.0,15.27,2158.0,329.0,1829.0,11740.0,14.0,14.0,14.0,7.65,1670.0,951.0,719.0,13410.0,8.0,8.0,9.0,11.13,3503.0,1194.0,2309.0,16913.0,19.0,19.0,23.0,8.23,,,,,,,,,,,,,,,,,,,,,,,,,
4e5b6fc6-dcac-4911-8778-d98330eb02c6,2025-12-11 17:27:45 UTC,False,15250.0,CFOP,Gan 12 UI Maglev,RandomForest,13593.0,15250.0,,,gan12,custom_rules,,,,8.0,0.0,0.0,15250.0,65.0,66.0,75.0,4.26,5070.0,10180.0,4262.0,0.0,4262.0,4262.0,13.0,14.0,15.0,3.05,0.0,0.0,0.0,4262.0,0.0,0.0,0.0,0.0,3172.0,1170.0,2002.0,7434.0,12.0,12.0,14.0,5.99,2077.0,1352.0,725.0,9511.0,6.0,6.0,8.0,8.28,1252.0,576.0,676.0,10763.0,7.0,7.0,7.0,10.36,2028.0,950.0,1078.0,12791.0,12.0,12.0,13.0,11.13,2459.0,1022.0,1437.0,15250.0,16.0,16.0,18.0,11.13,,,,,,,,,,,,,,,,,,,,,,,,,
d204a628-cc88-45d3-8408-dd08dfc0ba29,2025-12-11 17:28:24 UTC,False,19104.0,CFOP,Gan 12 UI Maglev,RandomForest,9479.0,19104.0,,,gan12,custom_rules,,,,8.0,0.0,0.0,19104.0,65.0,65.0,78.0,3.4,6448.0,12583.0,4394.0,0.0,4394.0,4467.0,8.0,8.0,11.0,1.82,1440.0,1062.0,378.0,5907.0,3.0,3.0,4.0,7.94,3807.0,1008.0,2799.0,9714.0,12.0,12.0,15.0,4.29,2103.0,1134.0,969.0,11817.0,8.0,8.0,8.0,8.26,1801.0,564.0,1237.0,13618.0,10.0,10.0,11.0,8.08,2026.0,1200.0,826.0,15644.0,8.0,8.0,9.0,9.69,3460.0,1480.0,1980.0,19104.0,17.0,17.0,20.0,8.59,,,,,,,,,,,,,,,,,,,,,,,,,
849fff94-56bb-4575-b1a8-3ce14c431070,2025-12-11 17:28:50 UTC,False,13757.0,CFOP,Gan 12 UI Maglev,RandomForest,3752.0,13757.0,,,gan12,custom_rules,,,,8.0,0.0,0.0,13757.0,49.0,49.0,57.0,3.56,7209.0,6548.0,2279.0,0.0,2279.0,2279.0,7.0,7.0,8.0,3.07,1537.0,798.0,739.0,3816.0,7.0,7.0,7.0,9.47,2118.0,1836.0,282.0,5934.0,4.0,4.0,4.0,14.18,1265.0,459.0,806.0,7199.0,8.0,8.0,8.0,9.93,1574.0,1380.0,194.0,8773.0,4.0,4.0,4.0,20.62,2436.0,1380.0,1056.0,11209.0,10.0,10.0,14.0,9.47,2548.0,1356.0,1192.0,13757.0,9.0,9.0,12.0,7.55,,,,,,,,,,,,,,,,,,,,,,,,,
fdec7a8a-c367-4a93-81d5-ab7d7a71981a,2025-12-11 17:29:20 UTC,False,16087.0,CFOP,Gan 12 UI Maglev,RandomForest,5088.0,16087.0,,,gan12,custom_rules,,,,8.0,0.0,0.0,16087.0,70.0,70.0,77.0,4.35,7619.0,8420.0,1088.0,0.0,1088.0,1136.0,4.0,4.0,6.0,3.68,2590.0,826.0,1764.0,3726.0,10.0,10.0,10.0,5.67,2284.0,1496.0,788.0,6010.0,8.0,8.0,8.0,10.15,2237.0,1432.0,805.0,8247.0,9.0,9.0,10.0,11.18,2012.0,1215.0,797.0,10259.0,12.0,12.0,12.0,15.06,2772.0,1901.0,871.0,13031.0,8.0,8.0,11.0,9.18,3056.0,749.0,2307.0,16087.0,19.0,19.0,20.0,8.24,,,,,,,,,,,,,,,,,,,,,,,,,
7fb9f370-76cd-4607-a0a8-25344248a8fd,2025-12-11 17:30:01 UTC,False,17452.0,CFOP,Gan 12 UI Maglev,RandomForest,11934.0,17452.0,,,gan12,custom_rules,,,,8.0,0.0,0.0,17452.0,65.0,68.0,76.0,3.72,6937.0,10515.0,2125.0,0.0,2125.0,2125.0,6.0,6.0,7.0,2.82,1674.0,1031.0,643.0,3799.0,6.0,7.0,7.0,9.33,2493.0,1607.0,886.0,6292.0,6.0,7.0,8.0,6.77,2607.0,610.0,1997.0,8899.0,8.0,8.0,9.0,4.01,3024.0,1573.0,1451.0,11923.0,9.0,9.0,10.0,6.2,2309.0,1101.0,1208.0,14232.0,10.0,11.0,12.0,8.28,3220.0,1015.0,2205.0,17452.0,20.0,20.0,23.0,9.07,,,,,,,,,,,,,,,,,,,,,,,,,
848b7401-3580-47d0-839e-85a24d50c016,2025-12-11 17:30:33 UTC,False,14341.0,CFOP,Gan 12 UI Maglev,RandomForest,7076.0,14341.0,,,gan12,custom_rules,,,,8.0,0.0,0.0,14341.0,70.0,71.0,79.0,4.88,5991.0,8350.0,2055.0,0.0,2055.0,2055.0,6.0,6.0,7.0,2.92,1471.0,548.0,923.0,3526.0,12.0,12.0,12.0,13.0,1583.0,1297.0,286.0,5109.0,4.0,4.0,5.0,13.99,3220.0,1345.0,1875.0,8329.0,12.0,12.0,16.0,6.4,1363.0,838.0,525.0,9692.0,7.0,7.0,7.0,13.33,2132.0,677.0,1455.0,11824.0,14.0,14.0,14.0,9.62,2517.0,1286.0,1231.0,14341.0,15.0,16.0,18.0,12.19,,,,,,,,,,,,,,,,,,,,,,,,,
e3b5da0e-2d33-4bde-8195-cbe988fb83ed,2025-12-11 17:31:02 UTC,False,13072.0,CFOP,Gan 12 UI Maglev,RandomForest,6321.0,13072.0,,,gan12,custom_rules,,,,8.0,0.0,0.0,13072.0,52.0,56.0,71.0,3.98,6406.0,6578.0,1931.0,0.0,1931.0,2019.0,8.0,8.0,10.0,4.14,0.0,0.0,0.0,2019.0,0.0,0.0,0.0,0.0,2767.0,2139.0,628.0,4786.0,9.0,9.0,10.0,14.33,1646.0,709.0,937.0,6432.0,8.0,8.0,9.0,8.54,2213.0,1391.0,822.0,8645.0,8.0,8.0,8.0,9.73,2205.0,1077.0,1128.0,10850.0,10.0,10.0,15.0,8.87,2222.0,1090.0,1132.0,13072.0,9.0,13.0,19.0,7.95,,,,,,,,,,,,,,,,,,,,,,,,,
8ce952d5-2bcb-4de0-991f-14bc9d83eba3,2025-12-11 17:31:38 UTC,False,16721.0,CFOP,Gan 12 UI Maglev,RandomForest,9962.0,16721.0,,,gan12,custom_rules,,,,8.0,0.0,0.0,16721.0,63.0,69.0,79.0,3.77,4772.0,11949.0,2661.0,0.0,2661.0,2661.0,10.0,10.0,11.0,3.76,2578.0,1126.0,1452.0,5239.0,9.0,10.0,10.0,6.2,1482.0,497.0,985.0,6721.0,8.0,8.0,8.0,8.12,1851.0,473.0,1378.0,8572.0,8.0,8.0,9.0,5.81,1539.0,823.0,716.0,10111.0,8.0,8.0,9.0,11.17,2674.0,798.0,1876.0,12785.0,11.0,12.0,12.0,5.86,3936.0,1055.0,2881.0,16721.0,9.0,13.0,20.0,3.12,,,,,,,,,,,,,,,,,,,,,,,,,
9f5e836f-d7dc-479f-95d0-92929aed307f,2025-12-11 17:32:30 UTC,False,16970.0,CFOP,Gan 12 UI Maglev,RandomForest,24606.0,16970.0,,,gan12,custom_rules,,,,8.0,0.0,0.0,16970.0,62.0,67.0,78.0,3.65,9319.0,7651.0,1314.0,0.0,1314.0,1314.0,5.0,5.0,7.0,3.81,1291.0,1000.0,291.0,2605.0,4.0,4.0,5.0,13.75,1886.0,1249.0,637.0,4491.0,6.0,6.0,7.0,9.42,5251.0,3881.0,1370.0,9742.0,14.0,14.0,14.0,10.22,2633.0,1061.0,1572.0,12375.0,15.0,15.0,16.0,9.54,2426.0,1006.0,1420.0,14801.0,10.0,11.0,12.0,7.04,2169.0,1122.0,1047.0,16970.0,8.0,12.0,17.0,7.64,,,,,,,,,,,,,,,,,,,,,,,,,
3b360fe5-423c-4735-87ac-0380363dd0aa,2025-12-11 17:33:55 UTC,False,17926.0,CFOP,Gan 12 UI Maglev,RandomForest,10720.0,17926.0,,,gan12,custom_rules,,,,8.0,0.0,0.0,17926.0,76.0,78.0,89.0,4.24,7424.0,10502.0,2132.0,0.0,2132.0,2132.0,8.0,8.0,8.0,3.75,3857.0,548.0,3309.0,5989.0,19.0,19.0,20.0,5.74,2241.0,912.0,1329.0,8230.0,8.0,8.0,10.0,6.02,2615.0,1898.0,717.0,10845.0,9.0,9.0,12.0,12.55,2902.0,2173.0,729.0,13747.0,9.0,9.0,11.0,12.35,1621.0,854.0,767.0,15368.0,10.0,11.0,12.0,13.04,2558.0,1039.0,1519.0,17926.0,13.0,14.0,16.0,8.56,,,,,,,,,,,,,,,,,,,,,,,,,
f1c6a4f8-25fc-46d5-aea8-c70334524cd3,2025-12-11 17:34:39 UTC,False,22476.0,CFOP,Gan 12 UI Maglev,RandomForest,10582.0,22476.0,,,gan12,custom_rules,,,,8.0,0.0,0.0,22476.0,74.0,77.0,90.0,3.29,8787.0,13608.0,2213.0,0.0,2213.0,2294.0,7.0,7.0,10.0,3.16,3769.0,2891.0,878.0,6063.0,6.0,7.0,7.0,6.83,3591.0,2060.0,1531.0,9654.0,10.0,10.0,11.0,6.53,6372.0,733.0,5639.0,16026.0,26.0,26.0,30.0,4.61,1064.0,782.0,282.0,17090.0,4.0,4.0,4.0,14.18,2716.0,1491.0,1225.0,19806.0,10.0,12.0,13.0,8.16,2670.0,830.0,1840.0,22476.0,11.0,11.0,15.0,5.98,,,,,,,,,,,,,,,,,,,,,,,,,
05083d03-31a5-4728-bdc1-e5850ac5b99c,2025-12-11 17:35:38 UTC,False,12770.0,CFOP,Gan 12 UI Maglev,RandomForest,34522.0,12770.0,,,gan12,custom_rules,,,,8.0,0.0,0.0,12770.0,59.0,61.0,67.0,4.62,4819.0,7951.0,2071.0,0.0,2071.0,2071.0,8.0,8.0,10.0,3.86,0.0,0.0,0.0,2071.0,0.0,0.0,0.0,0.0,2151.0,733.0,1418.0,4222.0,6.0,6.0,8.0,4.23,2003.0,1004.0,999.0,6225.0,8.0,8.0,8.0,8.01,802.0,351.0,451.0,7027.0,8.0,8.0,8.0,17.74,2296.0,967.0,1329.0,9323.0,13.0,13.0,13.0,9.78,3447.0,1764.0,1683.0,12770.0,16.0,18.0,20.0,9.51,,,,,,,,,,,,,,,,,,,,,,,,,
a76747d5-8cb8-41a9-8a69-f94e8a7288e6,2025-12-11 17:36:33 UTC,False,16869.0,CFOP,Gan 12 UI Maglev,RandomForest,10683.0,16869.0,,,gan12,custom_rules,,,,8.0,0.0,0.0,16869.0,71.0,75.0,84.0,4.21,6033.0,10836.0,1232.0,0.0,1232.0,1232.0,5.0,5.0,5.0,4.06,914.0,375.0,539.0,2146.0,6.0,6.0,7.0,11.13,3834.0,1462.0,2372.0,5980.0,12.0,12.0,15.0,5.06,1719.0,620.0,1099.0,7699.0,8.0,9.0,9.0,7.28,3401.0,676.0,2725.0,11100.0,12.0,12.0,13.0,4.4,2557.0,1539.0,1018.0,13657.0,13.0,13.0,14.0,12.77,3212.0,1361.0,1851.0,16869.0,16.0,18.0,21.0,8.64,,,,,,,,,,,,,,,,,,,,,,,,,
feb0b476-bf48-45ac-96d7-70ad25b17785,2025-12-11 17:37:16 UTC,False,19774.0,CFOP,Gan 12 UI Maglev,RandomForest,13182.0,19774.0,,,gan12,custom_rules,,,,8.0,0.0,0.0,19774.0,80.0,81.0,90.0,4.05,7137.0,12637.0,1787.0,0.0,1787.0,1787.0,7.0,7.0,8.0,3.92,2596.0,1015.0,1581.0,4383.0,8.0,8.0,10.0,5.06,2323.0,1093.0,1230.0,6706.0,8.0,8.0,11.0,6.5,3679.0,798.0,2881.0,10385.0,17.0,17.0,18.0,5.9,2362.0,1838.0,524.0,12747.0,9.0,9.0,10.0,17.18,3290.0,1228.0,2062.0,16037.0,12.0,13.0,13.0,5.82,3737.0,1165.0,2572.0,19774.0,19.0,19.0,20.0,7.39,,,,,,,,,,,,,,,,,,,,,,,,,
d9d17d85-90a9-4a58-8d0d-6abb3b97f974,2025-12-11 17:38:05 UTC,False,16656.0,CFOP,Gan 12 UI Maglev,RandomForest,24291.0,16656.0,,,gan12,custom_rules,,,,8.0,0.0,0.0,16656.0,72.0,75.0,84.0,4.32,4711.0,11945.0,1353.0,0.0,1353.0,1353.0,5.0,5.0,6.0,3.7,4596.0,1381.0,3215.0,5949.0,13.0,13.0,15.0,4.04,1177.0,395.0,782.0,7126.0,6.0,6.0,8.0,7.67,3273.0,745.0,2528.0,10399.0,15.0,15.0,16.0,5.93,1660.0,411.0,1249.0,12059.0,9.0,9.0,9.0,7.21,2177.0,1113.0,1064.0,14236.0,11.0,13.0,14.0,10.34,2420.0,666.0,1754.0,16656.0,13.0,14.0,16.0,7.41,,,,,,,,,,,,,,,,,,,,,,,,,
a05a039a-0f3f-483f-990d-d5adae90afb5,2025-12-11 17:38:54 UTC,False,18270.0,CFOP,Gan 12 UI Maglev,RandomForest,20299.0,18270.0,,,gan12,custom_rules,,,,8.0,0.0,0.0,18270.0,72.0,73.0,81.0,3.94,6769.0,11501.0,1621.0,0.0,1621.0,1621.0,5.0,5.0,7.0,3.08,3402.0,1394.0,2008.0,5023.0,8.0,8.0,9.0,3.98,1622.0,685.0,937.0,6645.0,8.0,8.0,9.0,8.54,2953.0,1623.0,1330.0,9598.0,7.0,7.0,8.0,5.26,1346.0,886.0,460.0,10944.0,8.0,8.0,9.0,17.39,2674.0,1359.0,1315.0,13618.0,13.0,13.0,14.0,9.89,4652.0,822.0,3830.0,18270.0,23.0,24.0,25.0,6.01,,,,,,,,,,,,,,,,,,,,,,,,,
15ad5472-ac5b-4679-94bd-476e1d622a89,2025-12-11 17:39:35 UTC,False,15656.0,CFOP,Gan 12 UI Maglev,RandomForest,15765.0,15656.0,,,gan12,custom_rules,,,,8.0,0.0,0.0,15656.0,74.0,75.0,83.0,4.73,4962.0,10694.0,2442.0,0.0,2442.0,2442.0,7.0,7.0,9.0,2.87,3036.0,1322.0,1714.0,5478.0,12.0,12.0,15.0,7.0,1743.0,927.0,816.0,7221.0,8.0,8.0,8.0,9.8,1781.0,661.0,1120.0,9002.0,6.0,6.0,6.0,5.36,1323.0,677.0,646.0,10325.0,8.0,8.0,8.0,12.38,3139.0,451.0,2688.0,13464.0,19.0,20.0,20.0,7.07,2192.0,924.0,1268.0,15656.0,15.0,15.0,17.0,11.83,,,,,,,,,,,,,,,,,,,,,,,,,
e52f1ad3-ee72-4d72-ad03-1ccb5308f4fe,2025-12-11 17:40:13 UTC,False,21277.0,CFOP,Gan 12 UI Maglev,RandomForest,8082.0,21277.0,,,gan12,custom_rules,,,,8.0,0.0,0.0,21277.0,69.0,69.0,79.0,3.24,6476.0,14801.0,1071.0,0.0,1071.0,1071.0,5.0,5.0,6.0,4.67,6491.0,959.0,5532.0,7562.0,16.0,16.0,16.0,2.89,3621.0,767.0,2854.0,11183.0,12.0,12.0,12.0,4.2,3206.0,1868.0,1338.0,14389.0,8.0,8.0,10.0,5.98,2631.0,886.0,1745.0,17020.0,9.0,9.0,10.0,5.16,2225.0,1155.0,1070.0,19245.0,10.0,10.0,13.0,9.35,2032.0,841.0,1191.0,21277.0,9.0,9.0,12.0,7.56,,,,,,,,,,,,,,,,,,,,,,,,,
fefb401b-04fb-4b63-863b-1b5aa6014fc7,2025-12-11 17:40:53 UTC,False,21026.0,CFOP,Gan 12 UI Maglev,RandomForest,6065.0,21026.0,,,gan12,custom_rules,,,,8.0,0.0,0.0,21026.0,73.0,77.0,83.0,3.47,8546.0,12480.0,1916.0,0.0,1916.0,1916.0,7.0,7.0,7.0,3.65,1872.0,1590.0,282.0,3788.0,3.0,3.0,3.0,10.64,4375.0,1014.0,3361.0,8163.0,16.0,18.0,19.0,4.76,2351.0,910.0,1441.0,10514.0,9.0,10.0,12.0,6.25,3895.0,1497.0,2398.0,14409.0,10.0,10.0,11.0,4.17,2406.0,1103.0,1303.0,16815.0,12.0,12.0,12.0,9.21,4211.0,2432.0,1779.0,21026.0,16.0,17.0,19.0,8.99,,,,,,,,,,,,,,,,,,,,,,,,,
1d1d0d00-4818-471f-9256-8a257e033841,2025-12-11 17:41:45 UTC,False,21683.0,CFOP,Gan 12 UI Maglev,RandomForest,19010.0,21683.0,,,gan12,custom_rules,,,,8.0,0.0,0.0,21683.0,76.0,76.0,85.0,3.51,8289.0,13394.0,2043.0,0.0,2043.0,2043.0,5.0,5.0,5.0,2.45,693.0,540.0,153.0,2736.0,4.0,4.0,4.0,26.14,4245.0,1973.0,2272.0,6981.0,14.0,14.0,16.0,6.16,3922.0,1391.0,2531.0,10903.0,10.0,10.0,12.0,3.95,4299.0,1422.0,2877.0,15202.0,14.0,14.0,16.0,4.87,2593.0,1497.0,1096.0,17795.0,12.0,12.0,14.0,10.95,3888.0,1466.0,2422.0,21683.0,17.0,17.0,18.0,7.02,,,,,,,,,,,,,,,,,,,,,,,,,
e6728cbf-e571-4f2e-b461-eaff86b5d116,2025-12-11 18:38:34 UTC,False,48267.0,CFOP,Gan 12 UI Maglev,RandomForest,16208.0,48267.0,,,"slow solves, unl",custom_rules,,,,8.0,0.0,0.0,48267.0,80.0,89.0,105.0,1.66,641.0,47626.0,20967.0,0.0,20967.0,20967.0,36.0,38.0,42.0,1.72,0.0,0.0,0.0,20967.0,0.0,0.0,0.0,0.0,1503.0,194.0,1309.0,22470.0,4.0,6.0,8.0,3.06,25713.0,363.0,25350.0,48183.0,42.0,47.0,54.0,1.66,0.0,0.0,0.0,48183.0,0.0,0.0,0.0,0.0,0.0,0.0,0.0,48183.0,0.0,0.0,0.0,0.0,84.0,84.0,0.0,48267.0,1.0,1.0,1.0,,,,,,,,,,,,,,,,,,,,,,,,,,
eb23e487-2f3d-40b5-b0f2-a2a8e752230a,2025-12-11 18:39:15 UTC,False,19531.0,CFOP,Gan 12 UI Maglev,RandomForest,9693.0,19531.0,,,"slow solves, unl",custom_rules,,,,8.0,0.0,0.0,19531.0,70.0,70.0,77.0,3.58,5580.0,13806.0,2935.0,0.0,2935.0,3080.0,8.0,8.0,10.0,2.73,3809.0,1971.0,1838.0,6889.0,8.0,8.0,9.0,4.35,2715.0,775.0,1940.0,9604.0,7.0,7.0,7.0,3.61,3234.0,475.0,2759.0,12838.0,10.0,10.0,10.0,3.62,1411.0,468.0,943.0,14249.0,8.0,8.0,8.0,8.48,3100.0,1132.0,1968.0,17349.0,15.0,15.0,16.0,7.62,2182.0,759.0,1423.0,19531.0,15.0,15.0,17.0,10.54,,,,,,,,,,,,,,,,,,,,,,,,,
0fff2c9a-29cd-4596-a337-32b10a5d01f8,2025-12-11 18:39:58 UTC,False,26165.0,CFOP,Gan 12 UI Maglev,RandomForest,8172.0,26165.0,,,"slow solves, unl",custom_rules,,,,8.0,0.0,0.0,26165.0,82.0,86.0,98.0,3.13,5076.0,21089.0,10374.0,0.0,10374.0,10374.0,23.0,23.0,24.0,2.22,0.0,0.0,0.0,10374.0,0.0,0.0,0.0,0.0,3075.0,1482.0,1593.0,13449.0,8.0,8.0,9.0,5.02,2568.0,623.0,1945.0,16017.0,8.0,8.0,9.0,4.11,1703.0,653.0,1050.0,17720.0,7.0,7.0,9.0,6.67,5995.0,1017.0,4978.0,23715.0,27.0,27.0,29.0,5.42,2450.0,1301.0,1149.0,26165.0,9.0,13.0,18.0,7.83,,,,,,,,,,,,,,,,,,,,,,,,,
4b7db3d1-3d91-4f49-b0f1-da18f6d08940,2025-12-11 18:40:32 UTC,False,15979.0,CFOP,Gan 12 UI Maglev,RandomForest,9261.0,15979.0,,,"slow solves, unl",custom_rules,,,,8.0,0.0,0.0,15979.0,61.0,62.0,68.0,3.82,4524.0,11455.0,2210.0,0.0,2210.0,2210.0,5.0,5.0,7.0,2.26,597.0,266.0,331.0,2807.0,3.0,3.0,3.0,9.06,1750.0,322.0,1428.0,4557.0,8.0,8.0,9.0,5.6,2371.0,564.0,1807.0,6928.0,11.0,11.0,12.0,6.09,2375.0,1288.0,1087.0,9303.0,9.0,9.0,9.0,8.28,1895.0,981.0,914.0,11198.0,8.0,8.0,9.0,8.75,4781.0,1103.0,3678.0,15979.0,17.0,18.0,19.0,4.62,,,,,,,,,,,,,,,,,,,,,,,,,
a9a0e944-6b6b-4aab-afd6-0cca2fa0539f,2025-12-11 18:41:30 UTC,False,19131.0,CFOP,Gan 12 UI Maglev,RandomForest,23699.0,19131.0,,,"slow solves, unl",custom_rules,,,,8.0,0.0,0.0,19131.0,69.0,70.0,79.0,3.61,5104.0,14027.0,2643.0,0.0,2643.0,2643.0,6.0,6.0,8.0,2.27,4029.0,1488.0,2541.0,6672.0,7.0,7.0,8.0,2.75,2380.0,234.0,2146.0,9052.0,7.0,7.0,8.0,3.26,2056.0,588.0,1468.0,11108.0,8.0,8.0,8.0,5.45,2147.0,653.0,1494.0,13255.0,12.0,12.0,13.0,8.03,2663.0,1150.0,1513.0,15918.0,11.0,12.0,13.0,7.27,3213.0,991.0,2222.0,19131.0,19.0,19.0,21.0,8.55,,,,,,,,,,,,,,,,,,,,,,,,,
c373591b-25e6-4643-a6a1-49271e3354e5,2025-12-11 18:42:16 UTC,False,22097.0,CFOP,Gan 12 UI Maglev,RandomForest,9495.0,22097.0,,,"slow solves, unl",custom_rules,,,,8.0,0.0,0.0,22097.0,61.0,63.0,70.0,2.76,7780.0,14317.0,4485.0,0.0,4485.0,4485.0,8.0,8.0,8.0,1.78,4624.0,3077.0,1547.0,9109.0,8.0,8.0,9.0,5.17,3987.0,918.0,3069.0,13096.0,14.0,14.0,14.0,4.56,4031.0,1731.0,2300.0,17127.0,8.0,8.0,11.0,3.48,790.0,298.0,492.0,17917.0,4.0,4.0,4.0,8.13,1876.0,845.0,1031.0,19793.0,7.0,7.0,8.0,6.79,2304.0,911.0,1393.0,22097.0,13.0,14.0,16.0,9.33,,,,,,,,,,,,,,,,,,,,,,,,,
73d31fa5-56fc-4926-8f0b-e948012c8607,2025-12-11 18:43:08 UTC,False,22089.0,CFOP,Gan 12 UI Maglev,RandomForest,11785.0,22089.0,,,"slow solves, unl",custom_rules,,,,8.0,0.0,0.0,22089.0,77.0,79.0,85.0,3.49,5012.0,17077.0,6072.0,0.0,6072.0,6072.0,13.0,13.0,14.0,2.14,0.0,0.0,0.0,6072.0,0.0,0.0,0.0,0.0,3202.0,944.0,2258.0,9274.0,12.0,12.0,12.0,5.31,2133.0,378.0,1755.0,11407.0,7.0,7.0,8.0,3.99,4998.0,877.0,4121.0,16405.0,17.0,17.0,18.0,4.13,1516.0,549.0,967.0,17921.0,10.0,11.0,11.0,10.34,4168.0,2264.0,1904.0,22089.0,18.0,19.0,22.0,9.45,,,,,,,,,,,,,,,,,,,,,,,,,
3f69c7d9-cc51-420d-a237-f65e232662c0,2025-12-11 18:43:43 UTC,False,18193.0,CFOP,Gan 12 UI Maglev,RandomForest,4530.0,18193.0,,,"slow solves, unl",custom_rules,,,,8.0,0.0,0.0,18193.0,72.0,73.0,83.0,3.96,5658.0,12535.0,2340.0,0.0,2340.0,2340.0,8.0,8.0,10.0,3.42,3815.0,1370.0,2445.0,6155.0,12.0,12.0,14.0,4.91,2355.0,748.0,1607.0,8510.0,8.0,8.0,9.0,4.98,2480.0,846.0,1634.0,10990.0,8.0,8.0,8.0,4.9,1646.0,309.0,1337.0,12636.0,8.0,8.0,9.0,5.98,2252.0,1248.0,1004.0,14888.0,11.0,12.0,13.0,10.96,3305.0,1137.0,2168.0,18193.0,17.0,17.0,20.0,7.84,,,,,,,,,,,,,,,,,,,,,,,,,
b8b92176-b849-47ce-b0c7-29c6c91c2619,2025-12-11 18:44:19 UTC,False,18157.0,CFOP,Gan 12 UI Maglev,RandomForest,7688.0,18157.0,,,"slow solves, unl",custom_rules,,,,8.0,0.0,0.0,18157.0,70.0,72.0,77.0,3.86,5791.0,12165.0,395.0,0.0,395.0,596.0,2.0,3.0,4.0,5.06,2263.0,1087.0,1176.0,2859.0,7.0,7.0,8.0,5.95,4807.0,1300.0,3507.0,7666.0,14.0,15.0,16.0,3.99,2085.0,788.0,1297.0,9751.0,5.0,5.0,6.0,3.86,2018.0,546.0,1472.0,11769.0,8.0,8.0,9.0,5.43,2940.0,830.0,2110.0,14709.0,17.0,17.0,17.0,8.06,3448.0,1240.0,2208.0,18157.0,17.0,17.0,17.0,7.7,,,,,,,,,,,,,,,,,,,,,,,,,
b4da9aa4-ee25-490c-95da-2847143700d4,2025-12-11 18:45:06 UTC,False,15206.0,CFOP,Gan 12 UI Maglev,RandomForest,22772.0,15206.0,,,"slow solves, unl",custom_rules,,,,8.0,0.0,0.0,15206.0,61.0,62.0,70.0,4.01,5921.0,9285.0,1993.0,0.0,1993.0,1993.0,6.0,6.0,7.0,3.01,1760.0,597.0,1163.0,3753.0,5.0,5.0,6.0,4.3,2840.0,846.0,1994.0,6593.0,10.0,10.0,11.0,5.02,1523.0,1160.0,363.0,8116.0,4.0,4.0,6.0,11.02,1682.0,886.0,796.0,9798.0,8.0,8.0,8.0,10.05,2036.0,765.0,1271.0,11834.0,11.0,11.0,11.0,8.65,3372.0,1667.0,1705.0,15206.0,17.0,18.0,21.0,9.97,,,,,,,,,,,,,,,,,,,,,,,,,
be1517d7-391c-49f1-87dc-ff361b62e1cb,2025-12-11 18:45:35 UTC,False,14359.0,CFOP,Gan 12 UI Maglev,RandomForest,6372.0,14359.0,,,"slow solves, unl",custom_rules,,,,8.0,0.0,0.0,14359.0,55.0,56.0,69.0,3.83,4360.0,9838.0,1634.0,0.0,1634.0,1795.0,6.0,6.0,7.0,3.67,2062.0,580.0,1482.0,3857.0,8.0,8.0,10.0,5.4,2190.0,932.0,1258.0,6047.0,7.0,7.0,7.0,5.56,2112.0,391.0,1721.0,8159.0,7.0,7.0,8.0,4.07,1565.0,267.0,1298.0,9724.0,7.0,7.0,9.0,5.39,1687.0,709.0,978.0,11411.0,8.0,8.0,9.0,8.18,2948.0,1481.0,1467.0,14359.0,14.0,15.0,19.0,9.54,,,,,,,,,,,,,,,,,,,,,,,,,
0bf66b2c-64cf-458f-a0bf-848264679f8d,2025-12-11 18:46:15 UTC,False,22798.0,CFOP,Gan 12 UI Maglev,RandomForest,7086.0,22798.0,,,"slow solves, unl",custom_rules,,,,8.0,0.0,0.0,22798.0,69.0,71.0,83.0,3.03,5267.0,17531.0,7199.0,0.0,7199.0,7199.0,15.0,16.0,21.0,2.08,0.0,0.0,0.0,7199.0,0.0,0.0,0.0,0.0,6684.0,1787.0,4897.0,13883.0,18.0,19.0,21.0,3.68,2029.0,252.0,1777.0,15912.0,7.0,7.0,7.0,3.94,2388.0,1332.0,1056.0,18300.0,8.0,8.0,10.0,7.58,1674.0,659.0,1015.0,19974.0,7.0,7.0,8.0,6.9,2824.0,1237.0,1587.0,22798.0,15.0,15.0,16.0,9.45,,,,,,,,,,,,,,,,,,,,,,,,,
92107d54-4d95-4d2f-ba29-3ee6702d0746,2025-12-11 18:47:25 UTC,False,23650.0,CFOP,Gan 12 UI Maglev,RandomForest,33071.0,23650.0,,,"slow solves, unl",custom_rules,,,,8.0,0.0,0.0,23650.0,81.0,84.0,97.0,3.42,7609.0,15928.0,2116.0,0.0,2116.0,2229.0,6.0,6.0,9.0,2.84,2443.0,959.0,1484.0,4672.0,8.0,8.0,9.0,5.39,4233.0,265.0,3968.0,8905.0,13.0,13.0,15.0,3.28,2674.0,1072.0,1602.0,11579.0,5.0,5.0,6.0,3.12,2573.0,1264.0,1309.0,14152.0,12.0,12.0,12.0,9.17,5033.0,1901.0,3132.0,19185.0,19.0,21.0,22.0,6.07,4465.0,2148.0,2317.0,23650.0,19.0,20.0,24.0,8.2,,,,,,,,,,,,,,,,,,,,,,,,,
86990b30-3446-44b0-b89e-f5915fae28c6,2025-12-11 18:48:05 UTC,False,15695.0,CFOP,Gan 12 UI Maglev,RandomForest,13699.0,15695.0,,,"slow solves, unl",custom_rules,,,,8.0,0.0,0.0,15695.0,63.0,64.0,71.0,4.01,4943.0,10752.0,2769.0,0.0,2769.0,2769.0,8.0,8.0,8.0,2.89,2308.0,1058.0,1250.0,5077.0,8.0,8.0,9.0,6.4,1667.0,291.0,1376.0,6744.0,7.0,7.0,7.0,5.09,2139.0,322.0,1817.0,8883.0,10.0,10.0,10.0,5.5,877.0,588.0,289.0,9760.0,4.0,4.0,4.0,13.84,2638.0,1446.0,1192.0,12398.0,11.0,11.0,15.0,9.23,3297.0,1238.0,2059.0,15695.0,15.0,16.0,18.0,7.29,,,,,,,,,,,,,,,,,,,,,,,,,
15f49358-03ee-4fc7-89e5-7cd4e3e3d173,2025-12-11 18:48:43 UTC,False,20082.0,CFOP,Gan 12 UI Maglev,RandomForest,7771.0,20082.0,,,"slow solves, unl",custom_rules,,,,8.0,0.0,0.0,20082.0,63.0,65.0,76.0,3.14,9678.0,10404.0,1730.0,0.0,1730.0,1730.0,7.0,7.0,8.0,4.05,2702.0,1703.0,999.0,4432.0,6.0,6.0,8.0,6.01,2723.0,1126.0,1597.0,7155.0,8.0,8.0,10.0,5.01,2219.0,764.0,1455.0,9374.0,7.0,7.0,7.0,4.81,3346.0,2460.0,886.0,12720.0,10.0,10.0,12.0,11.29,3908.0,2248.0,1660.0,16628.0,10.0,11.0,13.0,6.02,3454.0,1377.0,2077.0,20082.0,15.0,16.0,18.0,7.22,,,,,,,,,,,,,,,,,,,,,,,,,
2f1c6a4a-b1b5-4803-83ad-79f06a839496,2025-12-11 18:49:50 UTC,False,16379.0,CFOP,Gan 12 UI Maglev,RandomForest,10615.0,16379.0,,,"slow solves, unl",custom_rules,,,,8.0,0.0,0.0,16379.0,71.0,71.0,77.0,4.33,4633.0,11593.0,2055.0,0.0,2055.0,2208.0,5.0,5.0,6.0,2.43,2135.0,378.0,1757.0,4343.0,7.0,7.0,7.0,3.98,2661.0,729.0,1932.0,7004.0,11.0,11.0,12.0,5.69,2568.0,926.0,1642.0,9572.0,8.0,8.0,8.0,4.87,1960.0,426.0,1534.0,11532.0,12.0,12.0,13.0,7.82,2592.0,1378.0,1214.0,14124.0,13.0,13.0,14.0,10.71,2255.0,796.0,1459.0,16379.0,15.0,15.0,17.0,10.28,,,,,,,,,,,,,,,,,,,,,,,,,
6b3a8599-295c-4920-a211-3f9e93e01887,2025-12-11 18:50:23 UTC,False,15162.0,CFOP,Gan 12 UI Maglev,RandomForest,6384.0,15162.0,,,"slow solves, unl",custom_rules,,,,8.0,0.0,0.0,15162.0,56.0,56.0,59.0,3.69,5191.0,9971.0,3100.0,0.0,3100.0,3100.0,6.0,6.0,6.0,1.94,2464.0,615.0,1849.0,5564.0,8.0,8.0,9.0,4.33,1853.0,1458.0,395.0,7417.0,3.0,3.0,3.0,7.59,2011.0,733.0,1278.0,9428.0,8.0,8.0,9.0,6.26,957.0,685.0,272.0,10385.0,4.0,4.0,5.0,14.71,1806.0,733.0,1073.0,12191.0,9.0,9.0,9.0,8.39,2971.0,967.0,2004.0,15162.0,18.0,18.0,18.0,8.98,,,,,,,,,,,,,,,,,,,,,,,,,
deaf5893-525a-4d65-a1c7-252cc7522f0b,2025-12-11 18:51:05 UTC,False,20364.0,CFOP,Gan 12 UI Maglev,RandomForest,11196.0,20364.0,,,"slow solves, unl",custom_rules,,,,8.0,0.0,0.0,20364.0,71.0,72.0,80.0,3.49,9336.0,11028.0,1799.0,0.0,1799.0,1799.0,7.0,7.0,7.0,3.89,4660.0,3212.0,1448.0,6459.0,8.0,8.0,9.0,5.52,2619.0,1088.0,1531.0,9078.0,9.0,9.0,10.0,5.88,2136.0,783.0,1353.0,11214.0,8.0,8.0,9.0,5.91,1955.0,926.0,1029.0,13169.0,8.0,8.0,8.0,7.77,2252.0,821.0,1431.0,15421.0,13.0,13.0,13.0,9.08,4943.0,2506.0,2437.0,20364.0,18.0,19.0,24.0,7.39,,,,,,,,,,,,,,,,,,,,,,,,,
8a227307-3988-4794-8307-72e2d8199444,2025-12-11 18:51:50 UTC,False,26058.0,CFOP,Gan 12 UI Maglev,RandomForest,9677.0,26058.0,,,"slow solves, unl",custom_rules,,,,8.0,0.0,0.0,26058.0,73.0,74.0,81.0,2.8,8074.0,17984.0,1792.0,0.0,1792.0,1792.0,5.0,5.0,5.0,2.79,8813.0,1313.0,7500.0,10605.0,19.0,19.0,21.0,2.53,2336.0,749.0,1587.0,12941.0,9.0,10.0,10.0,5.67,2168.0,740.0,1428.0,15109.0,8.0,8.0,9.0,5.6,2754.0,443.0,2311.0,17863.0,11.0,11.0,12.0,4.76,2137.0,1244.0,893.0,20000.0,8.0,8.0,9.0,8.96,6058.0,3585.0,2473.0,26058.0,13.0,13.0,15.0,5.26,,,,,,,,,,,,,,,,,,,,,,,,,
3a5dd5bd-b99f-41e1-92e7-6add4056fc35,2025-12-11 18:52:33 UTC,False,24764.0,CFOP,Gan 12 UI Maglev,RandomForest,8903.0,24764.0,,,"slow solves, unl",custom_rules,,,,8.0,0.0,0.0,24764.0,65.0,66.0,75.0,2.62,9223.0,15541.0,7972.0,0.0,7972.0,7972.0,19.0,19.0,21.0,2.38,0.0,0.0,0.0,7972.0,0.0,0.0,0.0,0.0,3877.0,2258.0,1619.0,11849.0,6.0,6.0,6.0,3.71,1967.0,516.0,1451.0,13816.0,7.0,7.0,8.0,4.82,2494.0,927.0,1567.0,16310.0,11.0,11.0,11.0,7.02,1354.0,629.0,725.0,17664.0,7.0,7.0,8.0,9.66,7100.0,4893.0,2207.0,24764.0,17.0,18.0,21.0,7.7,,,,,,,,,,,,,,,,,,,,,,,,,
587d8232-f2e9-4821-bd90-5d20d59f0efd,2025-12-11 18:53:52 UTC,False,14994.0,CFOP,Gan 12 UI Maglev,RandomForest,24191.0,14994.0,,,gan12,custom_rules,,,,8.0,0.0,0.0,14994.0,61.0,62.0,70.0,4.07,6945.0,8049.0,2245.0,0.0,2245.0,2245.0,8.0,8.0,10.0,3.56,2544.0,2174.0,370.0,4789.0,5.0,5.0,5.0,13.51,2950.0,870.0,2080.0,7739.0,11.0,11.0,15.0,5.29,1263.0,403.0,860.0,9002.0,5.0,5.0,6.0,5.81,935.0,628.0,307.0,9937.0,5.0,5.0,5.0,16.29,2514.0,1608.0,906.0,12451.0,11.0,12.0,13.0,12.14,2543.0,1262.0,1281.0,14994.0,16.0,16.0,16.0,12.49,,,,,,,,,,,,,,,,,,,,,,,,,
00957bbe-4553-4b5a-9017-4c7c5955ab49,2025-12-11 18:54:38 UTC,False,27433.0,CFOP,Gan 12 UI Maglev,RandomForest,9458.0,27433.0,,,gan12,custom_rules,,,,8.0,0.0,0.0,27433.0,60.0,66.0,88.0,2.19,5083.0,22350.0,4716.0,0.0,4716.0,4716.0,10.0,12.0,15.0,2.12,0.0,0.0,0.0,4716.0,0.0,0.0,0.0,0.0,1415.0,730.0,685.0,6131.0,7.0,7.0,8.0,10.22,13628.0,568.0,13060.0,19759.0,19.0,19.0,28.0,1.45,2695.0,919.0,1776.0,22454.0,7.0,7.0,8.0,3.94,2615.0,1721.0,894.0,25069.0,9.0,9.0,11.0,10.07,2364.0,1145.0,1219.0,27433.0,8.0,12.0,18.0,6.56,,,,,,,,,,,,,,,,,,,,,,,,,
5ffdaac8-883f-40e2-a2d9-a050fbbdf4b6,2025-12-11 18:55:15 UTC,False,18003.0,CFOP,Gan 12 UI Maglev,RandomForest,8533.0,18003.0,,,gan12,custom_rules,,,,8.0,0.0,0.0,18003.0,64.0,67.0,76.0,3.55,3900.0,14103.0,8470.0,0.0,8470.0,8470.0,22.0,22.0,26.0,2.6,0.0,0.0,0.0,8470.0,0.0,0.0,0.0,0.0,0.0,0.0,0.0,8470.0,0.0,0.0,0.0,0.0,1997.0,1183.0,814.0,10467.0,5.0,6.0,6.0,6.14,2104.0,1040.0,1064.0,12571.0,8.0,8.0,10.0,7.52,3078.0,830.0,2248.0,15649.0,14.0,14.0,15.0,6.23,2354.0,847.0,1507.0,18003.0,15.0,17.0,19.0,9.95,,,,,,,,,,,,,,,,,,,,,,,,,
583f74a4-1b5d-4567-8529-7cb58de67aec,2025-12-11 18:55:46 UTC,False,15849.0,CFOP,Gan 12 UI Maglev,RandomForest,3276.0,15849.0,,,gan12,custom_rules,,,,8.0,0.0,0.0,15849.0,67.0,68.0,77.0,4.23,7096.0,8753.0,2620.0,0.0,2620.0,2620.0,7.0,7.0,9.0,2.67,4125.0,2556.0,1569.0,6745.0,10.0,10.0,11.0,6.37,1441.0,797.0,644.0,8186.0,8.0,8.0,8.0,12.42,504.0,311.0,193.0,8690.0,4.0,4.0,4.0,20.73,1934.0,1031.0,903.0,10624.0,10.0,10.0,12.0,11.07,2414.0,1134.0,1280.0,13038.0,14.0,14.0,16.0,10.94,2811.0,1267.0,1544.0,15849.0,14.0,15.0,17.0,9.07,,,,,,,,,,,,,,,,,,,,,,,,,
ba96e393-4c81-4c47-bc76-4f74251271f3,2025-12-11 18:56:20 UTC,False,16122.0,CFOP,Gan 12 UI Maglev,RandomForest,8102.0,16122.0,,,gan12,custom_rules,,,,8.0,0.0,0.0,16122.0,55.0,58.0,66.0,3.41,6757.0,9107.0,2881.0,0.0,2881.0,3139.0,7.0,8.0,10.0,2.43,2062.0,974.0,1088.0,5201.0,8.0,8.0,9.0,7.35,1538.0,934.0,604.0,6739.0,4.0,4.0,5.0,6.62,1997.0,1207.0,790.0,8736.0,6.0,7.0,7.0,7.59,1578.0,474.0,1104.0,10314.0,9.0,10.0,10.0,8.15,2567.0,1238.0,1329.0,12881.0,10.0,10.0,10.0,7.52,3241.0,1930.0,1311.0,16122.0,11.0,11.0,15.0,8.39,,,,,,,,,,,,,,,,,,,,,,,,,
c6c7acb5-0a85-42fe-9b68-c60997dc1726,2025-12-11 18:56:52 UTC,False,14339.0,CFOP,Gan 12 UI Maglev,RandomForest,7699.0,14339.0,,,gan12,custom_rules,,,,8.0,0.0,0.0,14339.0,58.0,65.0,77.0,4.04,2846.0,11493.0,7941.0,0.0,7941.0,7941.0,29.0,32.0,37.0,3.65,0.0,0.0,0.0,7941.0,0.0,0.0,0.0,0.0,0.0,0.0,0.0,7941.0,0.0,0.0,0.0,0.0,0.0,0.0,0.0,7941.0,0.0,0.0,0.0,0.0,1228.0,644.0,584.0,9169.0,6.0,6.0,6.0,10.27,2752.0,1063.0,1689.0,11921.0,14.0,14.0,15.0,8.29,2418.0,1139.0,1279.0,14339.0,9.0,13.0,19.0,7.04,,,,,,,,,,,,,,,,,,,,,,,,,
e21b5801-93a0-4f87-b987-c9813f416e87,2025-12-11 18:57:26 UTC,False,16269.0,CFOP,Gan 12 UI Maglev,RandomForest,8858.0,16269.0,,,gan12,custom_rules,,,,8.0,0.0,0.0,16269.0,62.0,64.0,75.0,3.81,5807.0,10462.0,3064.0,0.0,3064.0,3064.0,7.0,7.0,9.0,2.28,2751.0,467.0,2284.0,5815.0,10.0,10.0,11.0,4.38,2064.0,573.0,1491.0,7879.0,7.0,7.0,8.0,4.69,1502.0,898.0,604.0,9381.0,8.0,8.0,8.0,13.25,1603.0,1079.0,524.0,10984.0,7.0,7.0,7.0,13.36,2300.0,1187.0,1113.0,13284.0,11.0,13.0,15.0,9.88,2985.0,1603.0,1382.0,16269.0,12.0,12.0,17.0,8.68,,,,,,,,,,,,,,,,,,,,,,,,,
40cf4dc2-0fa6-4837-8db4-924edb90b794,2025-12-11 18:57:56 UTC,False,15663.0,CFOP,Gan 12 UI Maglev,RandomForest,5114.0,15663.0,,,gan12,custom_rules,,,,8.0,0.0,0.0,15663.0,61.0,64.0,73.0,3.89,6071.0,9592.0,1602.0,0.0,1602.0,1602.0,7.0,7.0,8.0,4.37,1241.0,629.0,612.0,2843.0,6.0,6.0,7.0,9.8,1591.0,914.0,677.0,4434.0,8.0,8.0,8.0,11.82,1851.0,828.0,1023.0,6285.0,6.0,7.0,9.0,5.87,3542.0,856.0,2686.0,9827.0,7.0,7.0,8.0,2.61,2912.0,1728.0,1184.0,12739.0,12.0,12.0,14.0,10.14,2924.0,1116.0,1808.0,15663.0,15.0,17.0,19.0,8.3,,,,,,,,,,,,,,,,,,,,,,,,,
be7e7052-7bc1-4b99-ae57-f13df50febf5,2025-12-11 18:58:25 UTC,False,14495.0,CFOP,Gan 12 UI Maglev,RandomForest,4932.0,14495.0,,,gan12,custom_rules,,,,8.0,0.0,0.0,14495.0,55.0,57.0,66.0,3.79,6474.0,7941.0,1305.0,0.0,1305.0,1385.0,7.0,8.0,8.0,5.36,2527.0,1182.0,1345.0,3912.0,8.0,8.0,10.0,5.95,1208.0,942.0,266.0,5120.0,3.0,3.0,3.0,11.28,1925.0,636.0,1289.0,7045.0,8.0,8.0,10.0,6.21,2518.0,1060.0,1458.0,9563.0,8.0,8.0,10.0,5.49,1625.0,787.0,838.0,11188.0,10.0,11.0,11.0,11.93,3307.0,1867.0,1440.0,14495.0,11.0,11.0,14.0,7.64,,,,,,,,,,,,,,,,,,,,,,,,,
a8bf0b06-f4b1-4c32-804e-748261152d68,2025-12-11 18:59:00 UTC,False,19704.0,CFOP,Gan 12 UI Maglev,RandomForest,4871.0,19704.0,,,gan12,custom_rules,,,,8.0,0.0,0.0,19704.0,71.0,73.0,80.0,3.6,5031.0,14673.0,2882.0,0.0,2882.0,2882.0,7.0,7.0,7.0,2.43,2324.0,1092.0,1232.0,5206.0,8.0,8.0,10.0,6.49,3154.0,703.0,2451.0,8360.0,7.0,7.0,7.0,2.86,1576.0,790.0,786.0,9936.0,7.0,7.0,7.0,8.91,2202.0,870.0,1332.0,12138.0,9.0,9.0,10.0,6.76,4680.0,488.0,4192.0,16818.0,18.0,19.0,19.0,4.29,2886.0,1088.0,1798.0,19704.0,15.0,16.0,20.0,8.34,,,,,,,,,,,,,,,,,,,,,,,,,
022466c9-f5ab-469b-b7fa-c23839f31833,2025-12-11 18:59:38 UTC,False,18628.0,CFOP,Gan 12 UI Maglev,RandomForest,8429.0,18628.0,,,gan12,custom_rules,,,,8.0,0.0,0.0,18628.0,61.0,63.0,74.0,3.27,9241.0,9387.0,1585.0,0.0,1585.0,1585.0,5.0,5.0,8.0,3.15,1945.0,911.0,1034.0,3530.0,8.0,8.0,9.0,7.74,4019.0,2802.0,1217.0,7549.0,8.0,8.0,9.0,6.57,4703.0,2352.0,2351.0,12252.0,9.0,9.0,12.0,3.83,1647.0,1156.0,491.0,13899.0,7.0,7.0,7.0,14.26,1632.0,814.0,818.0,15531.0,9.0,9.0,10.0,11.0,3097.0,1206.0,1891.0,18628.0,15.0,17.0,19.0,7.93,,,,,,,,,,,,,,,,,,,,,,,,,
2f09edcb-20fd-4cbd-bccb-10a5976e01e6,2025-12-11 19:02:11 UTC,False,16536.0,CFOP,Gan 12 UI Maglev,RandomForest,125886.0,16536.0,,,gan12,custom_rules,,,,8.0,0.0,0.0,16536.0,78.0,79.0,91.0,4.72,4987.0,11549.0,3308.0,0.0,3308.0,3308.0,15.0,15.0,16.0,4.53,1913.0,898.0,1015.0,5221.0,8.0,8.0,8.0,7.88,1336.0,594.0,742.0,6557.0,6.0,6.0,8.0,8.09,2872.0,379.0,2493.0,9429.0,12.0,12.0,16.0,4.81,1378.0,765.0,613.0,10807.0,8.0,8.0,8.0,13.05,2272.0,1129.0,1143.0,13079.0,12.0,12.0,13.0,10.5,3457.0,1222.0,2235.0,16536.0,17.0,18.0,22.0,7.61,,,,,,,,,,,,,,,,,,,,,,,,,
937a7c08-6c6c-4811-9754-9784b3f19820,2025-12-11 19:02:44 UTC,False,13453.0,CFOP,Gan 12 UI Maglev,RandomForest,10939.0,13453.0,,,gan12,custom_rules,,,,8.0,0.0,0.0,13453.0,73.0,73.0,79.0,5.43,4351.0,9006.0,2325.0,0.0,2325.0,2421.0,9.0,9.0,10.0,3.87,1697.0,681.0,1016.0,4118.0,6.0,6.0,8.0,5.91,1586.0,651.0,935.0,5704.0,8.0,8.0,8.0,8.56,2311.0,1195.0,1116.0,8015.0,8.0,8.0,9.0,7.17,1039.0,354.0,685.0,9054.0,8.0,8.0,9.0,11.68,2061.0,821.0,1240.0,11115.0,17.0,17.0,17.0,13.71,2338.0,649.0,1689.0,13453.0,17.0,17.0,18.0,10.07,,,,,,,,,,,,,,,,,,,,,,,,,
cec857c6-653d-46e9-b742-15757c7a2cee,2025-12-11 19:03:28 UTC,False,24743.0,CFOP,Gan 12 UI Maglev,RandomForest,9440.0,24743.0,,,gan12,custom_rules,,,,8.0,0.0,0.0,24743.0,81.0,84.0,91.0,3.27,6326.0,18312.0,9894.0,0.0,9894.0,9999.0,18.0,18.0,21.0,1.82,0.0,0.0,0.0,9999.0,0.0,0.0,0.0,0.0,3702.0,1474.0,2228.0,13701.0,13.0,14.0,15.0,5.83,1838.0,1024.0,814.0,15539.0,7.0,7.0,7.0,8.6,2479.0,526.0,1953.0,18018.0,12.0,13.0,15.0,6.14,3117.0,1707.0,1410.0,21135.0,12.0,13.0,14.0,8.51,3608.0,1595.0,2013.0,24743.0,19.0,19.0,19.0,9.44,,,,,,,,,,,,,,,,,,,,,,,,,
d6257170-3dff-4d19-947d-163dded0e600,2025-12-11 19:04:10 UTC,False,16962.0,CFOP,Gan 12 UI Maglev,RandomForest,14879.0,16962.0,,,gan12,custom_rules,,,,8.0,0.0,0.0,16962.0,59.0,64.0,79.0,3.48,5986.0,10976.0,2240.0,0.0,2240.0,2240.0,9.0,9.0,9.0,4.02,2446.0,2067.0,379.0,4686.0,5.0,5.0,6.0,13.19,2486.0,775.0,1711.0,7172.0,11.0,11.0,14.0,6.43,3480.0,637.0,2843.0,10652.0,11.0,11.0,12.0,3.87,1701.0,499.0,1202.0,12353.0,7.0,7.0,8.0,5.82,1913.0,1016.0,897.0,14266.0,7.0,7.0,8.0,7.8,2696.0,992.0,1704.0,16962.0,10.0,15.0,22.0,5.87,,,,,,,,,,,,,,,,,,,,,,,,,
a854aa67-8acb-4252-9e1e-c1bd9cc2e986,2025-12-11 19:04:56 UTC,False,19958.0,CFOP,Gan 12 UI Maglev,RandomForest,16930.0,19958.0,,,gan12,custom_rules,,,,8.0,0.0,0.0,19958.0,70.0,75.0,88.0,3.51,6049.0,13844.0,5592.0,0.0,5592.0,5657.0,13.0,13.0,16.0,2.32,3636.0,556.0,3080.0,9293.0,12.0,12.0,13.0,3.9,2039.0,1387.0,652.0,11332.0,8.0,8.0,8.0,12.27,2161.0,759.0,1402.0,13493.0,8.0,8.0,9.0,5.71,2041.0,1380.0,661.0,15534.0,8.0,8.0,8.0,12.1,1930.0,964.0,966.0,17464.0,10.0,10.0,10.0,10.35,2494.0,1003.0,1491.0,19958.0,11.0,16.0,24.0,7.38,,,,,,,,,,,,,,,,,,,,,,,,,
f0d0a6f5-e85b-445a-8b9d-2e9294a2556c,2025-12-11 19:05:53 UTC,False,28879.0,CFOP,Gan 12 UI Maglev,RandomForest,19798.0,28879.0,,,gan12,custom_rules,,,,8.0,0.0,0.0,28879.0,97.0,98.0,105.0,3.36,7053.0,21826.0,4439.0,0.0,4439.0,4439.0,14.0,15.0,15.0,3.15,1465.0,1240.0,225.0,5904.0,3.0,3.0,3.0,13.33,2129.0,1597.0,532.0,8033.0,7.0,7.0,7.0,13.16,2779.0,1676.0,1103.0,10812.0,9.0,9.0,9.0,8.16,4210.0,597.0,3613.0,15022.0,15.0,15.0,15.0,4.15,2704.0,958.0,1746.0,17726.0,17.0,17.0,17.0,9.74,11153.0,985.0,10168.0,28879.0,32.0,32.0,39.0,3.15,,,,,,,,,,,,,,,,,,,,,,,,,
adc15424-a39f-4cdf-a5c0-2258917b4638,2025-12-11 19:06:41 UTC,False,18551.0,CFOP,Gan 12 UI Maglev,RandomForest,5103.0,18551.0,,,gan12,custom_rules,,,,8.0,0.0,0.0,18551.0,71.0,71.0,79.0,3.83,5971.0,12580.0,1793.0,0.0,1793.0,1793.0,7.0,7.0,10.0,3.9,2544.0,1530.0,1014.0,4337.0,8.0,8.0,9.0,7.89,1441.0,1062.0,379.0,5778.0,4.0,4.0,5.0,10.55,4145.0,547.0,3598.0,9923.0,12.0,12.0,13.0,3.34,1731.0,950.0,781.0,11654.0,8.0,8.0,8.0,10.24,3100.0,964.0,2136.0,14754.0,15.0,15.0,15.0,7.02,3797.0,918.0,2879.0,18551.0,18.0,18.0,19.0,6.25,,,,,,,,,,,,,,,,,,,,,,,,,
02eb938b-d51b-4e0b-a7ff-cff3b2069243,2025-12-11 19:07:24 UTC,False,20216.0,CFOP,Gan 12 UI Maglev,RandomForest,13831.0,20216.0,,,gan12,custom_rules,,,,8.0,0.0,0.0,20216.0,67.0,67.0,74.0,3.31,7656.0,12560.0,4232.0,0.0,4232.0,4232.0,7.0,7.0,10.0,1.65,3313.0,404.0,2909.0,7545.0,11.0,11.0,12.0,3.78,1960.0,993.0,967.0,9505.0,8.0,8.0,9.0,8.27,2986.0,1048.0,1938.0,12491.0,14.0,14.0,15.0,7.22,2187.0,1930.0,257.0,14678.0,4.0,4.0,4.0,15.56,1457.0,839.0,618.0,16135.0,6.0,6.0,6.0,9.71,4081.0,2442.0,1639.0,20216.0,17.0,17.0,18.0,10.37,,,,,,,,,,,,,,,,,,,,,,,,,
8117f4a3-2772-41dc-b2cc-88583abb3e55,2025-12-11 19:08:03 UTC,False,21076.0,CFOP,Gan 12 UI Maglev,RandomForest,6795.0,21076.0,,,gan12,custom_rules,,,,8.0,0.0,0.0,21076.0,78.0,78.0,84.0,3.7,10618.0,10458.0,1039.0,0.0,1039.0,1039.0,5.0,5.0,5.0,4.81,3252.0,1141.0,2111.0,4291.0,11.0,11.0,12.0,5.21,4421.0,2629.0,1792.0,8712.0,12.0,12.0,14.0,6.7,2631.0,2083.0,548.0,11343.0,9.0,9.0,9.0,16.42,4248.0,2486.0,1762.0,15591.0,13.0,13.0,14.0,7.38,1778.0,709.0,1069.0,17369.0,9.0,9.0,9.0,8.42,3707.0,1570.0,2137.0,21076.0,19.0,19.0,21.0,8.89,,,,,,,,,,,,,,,,,,,,,,,,,
e075dc7e-e16c-4a5b-8a94-6bc9c8b63bb9,2025-12-11 19:08:28 UTC,False,12774.0,CFOP,Gan 12 UI Maglev,RandomForest,3431.0,12774.0,,,gan12,custom_rules,,,,8.0,0.0,0.0,12774.0,62.0,62.0,69.0,4.85,4976.0,7798.0,1337.0,0.0,1337.0,1337.0,4.0,4.0,5.0,2.99,1599.0,688.0,911.0,2936.0,7.0,7.0,8.0,7.68,1389.0,560.0,829.0,4325.0,7.0,7.0,8.0,8.44,1621.0,662.0,959.0,5946.0,7.0,7.0,7.0,7.3,2269.0,1592.0,677.0,8215.0,8.0,8.0,10.0,11.82,1128.0,548.0,580.0,9343.0,8.0,8.0,8.0,13.79,3431.0,926.0,2505.0,12774.0,21.0,21.0,23.0,8.38,,,,,,,,,,,,,,,,,,,,,,,,,
bafa7503-f495-4b88-b5c6-ae52e92a188e,2025-12-11 19:09:06 UTC,False,14807.0,CFOP,Gan 12 UI Maglev,RandomForest,11334.0,14807.0,,,gan12,custom_rules,,,,8.0,0.0,0.0,14807.0,62.0,65.0,72.0,4.19,6183.0,8624.0,3151.0,0.0,3151.0,3151.0,9.0,9.0,10.0,2.86,2244.0,1567.0,677.0,5395.0,6.0,6.0,8.0,8.86,3077.0,1859.0,1218.0,8472.0,10.0,10.0,11.0,8.21,959.0,653.0,306.0,9431.0,4.0,4.0,5.0,13.07,1255.0,457.0,798.0,10686.0,8.0,8.0,8.0,10.03,1442.0,612.0,830.0,12128.0,9.0,10.0,10.0,10.84,2679.0,1035.0,1644.0,14807.0,16.0,18.0,20.0,9.73,,,,,,,,,,,,,,,,,,,,,,,,,
6c183ec8-40a2-433b-ae2b-744a2d26c89b,2025-12-11 19:09:38 UTC,False,17209.0,CFOP,Gan 12 UI Maglev,RandomForest,5773.0,17209.0,,,gan12,custom_rules,,,,8.0,0.0,0.0,17209.0,66.0,68.0,79.0,3.84,9456.0,7753.0,1362.0,0.0,1362.0,1362.0,5.0,5.0,8.0,3.67,1270.0,658.0,612.0,2632.0,6.0,6.0,7.0,9.8,2657.0,1080.0,1577.0,5289.0,10.0,10.0,11.0,6.34,3791.0,3066.0,725.0,9080.0,10.0,10.0,10.0,13.79,2285.0,1656.0,629.0,11365.0,8.0,8.0,10.0,12.72,2756.0,1625.0,1131.0,14121.0,11.0,13.0,16.0,9.73,3088.0,1371.0,1717.0,17209.0,16.0,16.0,17.0,9.32,,,,,,,,,,,,,,,,,,,,,,,,,
dfdf37c1-cfb0-4dbd-9e56-c520bd00cfc2,2025-12-11 19:10:07 UTC,False,15113.0,CFOP,Gan 12 UI Maglev,RandomForest,5173.0,15113.0,,,gan12,custom_rules,,,,8.0,0.0,0.0,15113.0,63.0,68.0,75.0,4.17,6278.0,8835.0,1176.0,0.0,1176.0,1176.0,4.0,5.0,5.0,3.4,2235.0,1309.0,926.0,3411.0,7.0,7.0,8.0,7.56,2262.0,1521.0,741.0,5673.0,7.0,8.0,8.0,9.45,3357.0,903.0,2454.0,9030.0,12.0,12.0,14.0,4.89,1617.0,915.0,702.0,10647.0,8.0,8.0,9.0,11.4,1867.0,764.0,1103.0,12514.0,10.0,11.0,12.0,9.07,2599.0,866.0,1733.0,15113.0,15.0,17.0,19.0,8.66,,,,,,,,,,,,,,,,,,,,,,,,,
204be18e-e9b5-4969-840d-ffa68f3559a4,2025-12-11 19:10:35 UTC,False,15046.0,CFOP,Gan 12 UI Maglev,RandomForest,4491.0,15046.0,,,gan12,custom_rules,,,,8.0,0.0,0.0,15046.0,56.0,62.0,75.0,3.72,6253.0,8793.0,1675.0,0.0,1675.0,1675.0,6.0,6.0,7.0,3.58,1443.0,847.0,596.0,3118.0,6.0,6.0,7.0,10.07,2950.0,1701.0,1249.0,6068.0,7.0,7.0,8.0,5.6,2075.0,1124.0,951.0,8143.0,8.0,8.0,9.0,8.41,1778.0,859.0,919.0,9921.0,8.0,8.0,9.0,8.71,2859.0,631.0,2228.0,12780.0,13.0,15.0,16.0,5.83,2266.0,1091.0,1175.0,15046.0,9.0,13.0,19.0,7.66,,,,,,,,,,,,,,,,,,,,,,,,,
7fc5f04c-1a19-4efb-9c00-6e90aa12fa78,2025-12-11 19:11:09 UTC,False,19942.0,CFOP,Gan 12 UI Maglev,RandomForest,4577.0,19942.0,,,gan12,custom_rules,,,,8.0,0.0,0.0,19942.0,85.0,87.0,103.0,4.26,5501.0,14377.0,1617.0,0.0,1617.0,1681.0,6.0,6.0,8.0,3.71,2593.0,1634.0,959.0,4274.0,9.0,9.0,11.0,9.38,4024.0,483.0,3541.0,8298.0,14.0,15.0,17.0,3.95,1453.0,556.0,897.0,9751.0,8.0,8.0,9.0,8.92,2351.0,588.0,1763.0,12102.0,10.0,10.0,12.0,5.67,5360.0,968.0,4392.0,17462.0,25.0,25.0,29.0,5.69,2480.0,1272.0,1208.0,19942.0,13.0,14.0,17.0,10.76,,,,,,,,,,,,,,,,,,,,,,,,,
c8db718b-3ad0-42c3-8bb6-1ae9449be206,2025-12-11 19:11:50 UTC,False,18763.0,CFOP,Gan 12 UI Maglev,RandomForest,12119.0,18763.0,,,gan12,custom_rules,,,,8.0,0.0,0.0,18763.0,67.0,68.0,74.0,3.57,5362.0,13401.0,1853.0,0.0,1853.0,1853.0,7.0,7.0,9.0,3.78,4638.0,499.0,4139.0,6491.0,13.0,14.0,16.0,3.14,4053.0,799.0,3254.0,10544.0,9.0,9.0,9.0,2.77,1549.0,1211.0,338.0,12093.0,4.0,4.0,4.0,11.83,1973.0,991.0,982.0,14066.0,8.0,8.0,8.0,8.15,1841.0,882.0,959.0,15907.0,10.0,10.0,10.0,10.43,2856.0,980.0,1876.0,18763.0,16.0,16.0,18.0,8.53,,,,,,,,,,,,,,,,,,,,,,,,,
35f3fe09-c626-4541-9718-4367dd2a3ca1,2025-12-11 19:12:25 UTC,False,17133.0,CFOP,Gan 12 UI Maglev,RandomForest,8206.0,17133.0,,,gan12,custom_rules,,,,8.0,0.0,0.0,17133.0,78.0,78.0,88.0,4.55,5284.0,11849.0,1967.0,0.0,1967.0,1967.0,7.0,7.0,8.0,3.56,2700.0,927.0,1773.0,4667.0,11.0,11.0,13.0,6.2,1884.0,693.0,1191.0,6551.0,8.0,8.0,9.0,6.72,2563.0,419.0,2144.0,9114.0,9.0,9.0,10.0,4.2,2845.0,1072.0,1773.0,11959.0,13.0,13.0,14.0,7.33,2006.0,830.0,1176.0,13965.0,14.0,14.0,14.0,11.9,3168.0,1343.0,1825.0,17133.0,17.0,17.0,20.0,9.32,,,,,,,,,,,,,,,,,,,,,,,,,
c8836c94-ab5c-4838-85b9-d7ef8b76661a,2025-12-11 19:12:52 UTC,False,12569.0,CFOP,Gan 12 UI Maglev,RandomForest,6298.0,12569.0,,,gan12,custom_rules,,,,8.0,0.0,0.0,12569.0,49.0,56.0,67.0,3.9,6750.0,5819.0,1746.0,0.0,1746.0,1746.0,5.0,5.0,7.0,2.86,1451.0,1185.0,266.0,3197.0,4.0,4.0,5.0,15.04,1564.0,767.0,797.0,4761.0,6.0,7.0,7.0,7.53,2338.0,1763.0,575.0,7099.0,10.0,10.0,12.0,17.39,976.0,806.0,170.0,8075.0,3.0,3.0,3.0,17.65,2452.0,1230.0,1222.0,10527.0,12.0,14.0,15.0,9.82,2042.0,999.0,1043.0,12569.0,9.0,13.0,18.0,8.63,,,,,,,,,,,,,,,,,,,,,,,,,
9de77286-4f33-4752-93e6-0bc4c7c3b95f,2025-12-11 19:13:31 UTC,False,21818.0,CFOP,Gan 12 UI Maglev,RandomForest,7459.0,21818.0,,,gan12,custom_rules,,,,8.0,0.0,0.0,21818.0,71.0,71.0,76.0,3.25,6723.0,15095.0,4262.0,0.0,4262.0,4262.0,7.0,7.0,8.0,1.64,3282.0,1168.0,2114.0,7544.0,6.0,6.0,6.0,2.84,2953.0,1817.0,1136.0,10497.0,5.0,5.0,6.0,4.4,4466.0,828.0,3638.0,14963.0,16.0,16.0,17.0,4.4,1706.0,379.0,1327.0,16669.0,8.0,8.0,9.0,6.03,2272.0,1362.0,910.0,18941.0,10.0,10.0,10.0,10.99,2877.0,1169.0,1708.0,21818.0,19.0,19.0,20.0,11.12,,,,,,,,,,,,,,,,,,,,,,,,,
f2df61bf-b2cc-4504-8409-e10fdb5aae08,2025-12-11 19:14:03 UTC,False,18418.0,CFOP,Gan 12 UI Maglev,RandomForest,4927.0,18418.0,,,gan12,custom_rules,,,,8.0,0.0,0.0,18418.0,61.0,61.0,68.0,3.31,9916.0,8389.0,1577.0,0.0,1577.0,1690.0,6.0,6.0,8.0,3.8,2623.0,1168.0,1455.0,4313.0,6.0,6.0,6.0,4.12,2949.0,2610.0,339.0,7262.0,4.0,4.0,4.0,11.8,1876.0,1256.0,620.0,9138.0,9.0,9.0,9.0,14.52,3969.0,2427.0,1542.0,13107.0,8.0,8.0,10.0,5.19,2230.0,1088.0,1142.0,15337.0,12.0,12.0,14.0,10.51,3081.0,1367.0,1714.0,18418.0,16.0,16.0,17.0,9.33,,,,,,,,,,,,,,,,,,,,,,,,,
72fdf452-df2e-49e1-9ab9-3655deb61a81,2025-12-11 19:14:44 UTC,False,14516.0,CFOP,Gan 12 UI Maglev,RandomForest,17082.0,14516.0,,,gan12,custom_rules,,,,8.0,0.0,0.0,14516.0,51.0,59.0,70.0,3.51,1897.0,12619.0,11138.0,0.0,11138.0,11138.0,33.0,37.0,41.0,2.96,0.0,0.0,0.0,11138.0,0.0,0.0,0.0,0.0,0.0,0.0,0.0,11138.0,0.0,0.0,0.0,0.0,0.0,0.0,0.0,11138.0,0.0,0.0,0.0,0.0,0.0,0.0,0.0,11138.0,0.0,0.0,0.0,0.0,1402.0,862.0,540.0,12540.0,9.0,9.0,10.0,16.67,1976.0,1035.0,941.0,14516.0,9.0,13.0,19.0,9.56,,,,,,,,,,,,,,,,,,,,,,,,,
ef7578e4-059a-49dc-b2ac-ae9f831693fd,2025-12-11 19:15:27 UTC,False,24215.0,CFOP,Gan 12 UI Maglev,RandomForest,9883.0,24215.0,,,gan12,custom_rules,,,,8.0,0.0,0.0,24215.0,69.0,71.0,78.0,2.85,16388.0,7827.0,1869.0,0.0,1869.0,1869.0,8.0,8.0,8.0,4.28,4071.0,2909.0,1162.0,5940.0,11.0,12.0,13.0,9.47,1838.0,1338.0,500.0,7778.0,8.0,8.0,9.0,16.0,2063.0,1305.0,758.0,9841.0,8.0,8.0,10.0,10.55,5197.0,4375.0,822.0,15038.0,8.0,8.0,8.0,9.73,2066.0,865.0,1201.0,17104.0,12.0,12.0,13.0,9.99,7111.0,5596.0,1515.0,24215.0,14.0,15.0,17.0,9.24,,,,,,,,,,,,,,,,,,,,,,,,,
0be2a3e6-55d2-4857-a120-13ea656016da,2025-12-11 19:16:00 UTC,False,15829.0,CFOP,Gan 12 UI Maglev,RandomForest,8490.0,15829.0,,,gan12,custom_rules,,,,8.0,0.0,0.0,15829.0,67.0,67.0,74.0,4.23,8070.0,7759.0,1908.0,0.0,1908.0,1908.0,10.0,10.0,10.0,5.24,2001.0,1031.0,970.0,3909.0,8.0,8.0,9.0,8.25,2312.0,1522.0,790.0,6221.0,9.0,9.0,9.0,11.39,1141.0,939.0,202.0,7362.0,4.0,4.0,4.0,19.8,1370.0,1177.0,193.0,8732.0,4.0,4.0,4.0,20.73,3752.0,1411.0,2341.0,12484.0,21.0,21.0,23.0,8.97,3345.0,1990.0,1355.0,15829.0,11.0,11.0,15.0,8.12,,,,,,,,,,,,,,,,,,,,,,,,,
1f8fe707-8580-4673-9b5b-f7fe6dc08d44,2025-12-11 19:16:44 UTC,False,25272.0,CFOP,Gan 12 UI Maglev,RandomForest,10197.0,25272.0,,,gan12,custom_rules,,,,8.0,0.0,0.0,25272.0,92.0,93.0,109.0,3.64,9473.0,15799.0,5422.0,0.0,5422.0,5422.0,15.0,15.0,18.0,2.77,0.0,0.0,0.0,5422.0,0.0,0.0,0.0,0.0,2921.0,1877.0,1044.0,8343.0,11.0,11.0,13.0,10.54,3815.0,2215.0,1600.0,12158.0,11.0,11.0,14.0,6.88,5354.0,3506.0,1848.0,17512.0,13.0,13.0,14.0,7.03,2314.0,956.0,1358.0,19826.0,10.0,10.0,14.0,7.36,5446.0,919.0,4527.0,25272.0,32.0,33.0,36.0,7.07,,,,,,,,,,,,,,,,,,,,,,,,,
762d0f78-1ee9-4230-9a37-65642de94da3,2025-12-11 19:17:30 UTC,False,17860.0,CFOP,Gan 12 UI Maglev,RandomForest,18041.0,17860.0,,,gan12,custom_rules,,,,8.0,0.0,0.0,17860.0,62.0,62.0,68.0,3.47,7407.0,10453.0,2889.0,0.0,2889.0,2889.0,6.0,6.0,7.0,2.08,2574.0,1705.0,869.0,5463.0,8.0,8.0,9.0,9.21,2696.0,1512.0,1184.0,8159.0,9.0,9.0,10.0,7.6,3056.0,1459.0,1597.0,11215.0,8.0,8.0,8.0,5.01,1917.0,999.0,918.0,13132.0,7.0,7.0,8.0,7.63,2014.0,733.0,1281.0,15146.0,8.0,8.0,9.0,6.25,2714.0,999.0,1715.0,17860.0,16.0,16.0,17.0,9.33,,,,,,,,,,,,,,,,,,,,,,,,,
03f51e9c-a171-4a37-adab-a4edc78142e7,2025-12-11 19:18:01 UTC,False,15893.0,CFOP,Gan 12 UI Maglev,RandomForest,7121.0,15893.0,,,gan12,custom_rules,,,,8.0,0.0,0.0,15893.0,69.0,70.0,76.0,4.34,4296.0,11597.0,2965.0,0.0,2965.0,2965.0,7.0,7.0,7.0,2.36,2208.0,1297.0,911.0,5173.0,6.0,6.0,8.0,6.59,1314.0,315.0,999.0,6487.0,7.0,7.0,8.0,7.01,1696.0,233.0,1463.0,8183.0,7.0,7.0,8.0,4.78,2476.0,363.0,2113.0,10659.0,15.0,15.0,16.0,7.1,1530.0,694.0,836.0,12189.0,9.0,10.0,10.0,10.77,3704.0,1394.0,2310.0,15893.0,18.0,18.0,19.0,7.79,,,,,,,,,,,,,,,,,,,,,,,,,
846d18a3-89e6-4b06-a742-490cc7e355cf,2025-12-11 19:18:29 UTC,False,15965.0,CFOP,Gan 12 UI Maglev,RandomForest,2936.0,15965.0,,,gan12,custom_rules,,,,8.0,0.0,0.0,15965.0,68.0,72.0,86.0,4.26,5899.0,10066.0,1313.0,0.0,1313.0,1313.0,6.0,6.0,7.0,4.57,1852.0,539.0,1313.0,3165.0,7.0,7.0,8.0,5.33,2494.0,1560.0,934.0,5659.0,8.0,8.0,10.0,8.57,2554.0,1297.0,1257.0,8213.0,8.0,8.0,10.0,6.36,1463.0,1077.0,386.0,9676.0,3.0,3.0,3.0,7.77,1645.0,637.0,1008.0,11321.0,11.0,11.0,12.0,10.91,4644.0,789.0,3855.0,15965.0,25.0,29.0,36.0,6.49,,,,,,,,,,,,,,,,,,,,,,,,,
0b16c4f4-ab74-4f4d-a59d-04b1f4622f44,2025-12-11 19:19:03 UTC,False,18423.0,CFOP,Gan 12 UI Maglev,RandomForest,5339.0,18423.0,,,gan12,custom_rules,,,,8.0,0.0,0.0,18423.0,74.0,74.0,89.0,4.02,6734.0,11689.0,1894.0,0.0,1894.0,1894.0,6.0,6.0,8.0,3.17,3347.0,1677.0,1670.0,5241.0,11.0,11.0,12.0,6.59,3638.0,322.0,3316.0,8879.0,14.0,14.0,18.0,4.22,2072.0,911.0,1161.0,10951.0,8.0,8.0,10.0,6.89,2496.0,1150.0,1346.0,13447.0,11.0,11.0,13.0,8.17,1814.0,1047.0,767.0,15261.0,8.0,8.0,10.0,10.43,3162.0,1627.0,1535.0,18423.0,16.0,16.0,18.0,10.42,,,,,,,,,,,,,,,,,,,,,,,,,
083cfa3b-3ad8-4e64-82c0-f7b995b44f9f,2025-12-11 19:19:42 UTC,False,17283.0,CFOP,Gan 12 UI Maglev,RandomForest,8534.0,17283.0,,,gan12,custom_rules,,,,8.0,0.0,0.0,17283.0,58.0,61.0,70.0,3.36,6711.0,10572.0,1736.0,0.0,1736.0,1736.0,5.0,5.0,7.0,2.88,2381.0,1225.0,1156.0,4117.0,8.0,8.0,8.0,6.92,2509.0,201.0,2308.0,6626.0,9.0,9.0,10.0,3.9,3134.0,1667.0,1467.0,9760.0,6.0,6.0,7.0,4.09,1587.0,982.0,605.0,11347.0,7.0,7.0,7.0,11.57,1503.0,854.0,649.0,12850.0,8.0,8.0,10.0,12.33,4433.0,1782.0,2651.0,17283.0,16.0,18.0,21.0,6.04,,,,,,,,,,,,,,,,,,,,,,,,,
d1d33c7f-42d2-4d4c-a347-62065bad346b,2025-12-11 19:20:17 UTC,False,15665.0,CFOP,Gan 12 UI Maglev,RandomForest,10531.0,15665.0,,,gan12,custom_rules,,,,8.0,0.0,0.0,15665.0,60.0,64.0,74.0,3.83,6129.0,9536.0,1631.0,0.0,1631.0,1631.0,6.0,7.0,9.0,3.68,1662.0,991.0,671.0,3293.0,6.0,6.0,7.0,8.94,2396.0,1136.0,1260.0,5689.0,8.0,9.0,9.0,6.35,4698.0,1337.0,3361.0,10387.0,15.0,15.0,17.0,4.46,499.0,234.0,265.0,10886.0,3.0,3.0,4.0,11.32,1328.0,573.0,755.0,12214.0,7.0,7.0,8.0,9.27,3451.0,1858.0,1593.0,15665.0,16.0,18.0,20.0,10.04,,,,,,,,,,,,,,,,,,,,,,,,,
fc0a52da-a420-410c-abd7-f3a673c39e7e,2025-12-11 19:20:52 UTC,False,18879.0,CFOP,Gan 12 UI Maglev,RandomForest,7008.0,18879.0,,,gan12,custom_rules,,,,8.0,0.0,0.0,18879.0,82.0,83.0,88.0,4.34,3190.0,15689.0,5287.0,0.0,5287.0,5287.0,11.0,12.0,12.0,2.08,5800.0,543.0,5257.0,11087.0,24.0,24.0,26.0,4.57,991.0,185.0,806.0,12078.0,6.0,6.0,6.0,7.44,1377.0,322.0,1055.0,13455.0,7.0,7.0,7.0,6.64,1166.0,626.0,540.0,14621.0,8.0,8.0,8.0,14.81,1286.0,749.0,537.0,15907.0,7.0,7.0,7.0,13.04,2972.0,765.0,2207.0,18879.0,20.0,20.0,22.0,9.06,,,,,,,,,,,,,,,,,,,,,,,,,
e3c7b2c2-ca88-4a8f-9bac-9daba6d1084b,2025-12-11 19:21:33 UTC,False,17594.0,CFOP,Gan 12 UI Maglev,RandomForest,10410.0,17594.0,,,gan12,custom_rules,,,,8.0,0.0,0.0,17594.0,73.0,78.0,92.0,4.15,4929.0,12665.0,661.0,0.0,661.0,661.0,4.0,4.0,5.0,6.05,3906.0,500.0,3406.0,4567.0,12.0,12.0,15.0,3.52,1350.0,612.0,738.0,5917.0,6.0,6.0,8.0,8.13,2264.0,998.0,1266.0,8181.0,8.0,8.0,8.0,6.32,1541.0,556.0,985.0,9722.0,12.0,12.0,12.0,12.18,2144.0,1193.0,951.0,11866.0,10.0,10.0,11.0,10.52,5728.0,1070.0,4658.0,17594.0,21.0,26.0,33.0,4.51,,,,,,,,,,,,,,,,,,,,,,,,,
95da5fc2-eb33-4f6e-8528-c6b6e0a82851,2025-12-11 19:22:11 UTC,False,16407.0,CFOP,Gan 12 UI Maglev,RandomForest,7601.0,16407.0,,,gan12,custom_rules,,,,8.0,0.0,0.0,16407.0,65.0,67.0,77.0,3.96,5973.0,10434.0,1968.0,0.0,1968.0,1968.0,9.0,10.0,10.0,4.57,2148.0,298.0,1850.0,4116.0,9.0,9.0,12.0,4.86,3296.0,908.0,2388.0,7412.0,8.0,8.0,10.0,3.35,1679.0,833.0,846.0,9091.0,6.0,6.0,8.0,7.09,1752.0,906.0,846.0,10843.0,8.0,8.0,8.0,9.46,2587.0,1518.0,1069.0,13430.0,9.0,9.0,9.0,8.42,2977.0,1510.0,1467.0,16407.0,16.0,17.0,20.0,10.91,,,,,,,,,,,,,,,,,,,,,,,,,
4bed04dd-54ae-438b-8570-b6ea2c445e38,2025-12-11 19:22:46 UTC,False,19882.0,CFOP,Gan 12 UI Maglev,RandomForest,6581.0,19882.0,,,gan12,custom_rules,,,,8.0,0.0,0.0,19882.0,86.0,88.0,95.0,4.33,4700.0,15182.0,6023.0,0.0,6023.0,6023.0,19.0,19.0,20.0,3.15,3783.0,339.0,3444.0,9806.0,16.0,17.0,17.0,4.65,1354.0,733.0,621.0,11160.0,6.0,6.0,8.0,9.66,2232.0,1201.0,1031.0,13392.0,8.0,8.0,9.0,7.76,1099.0,431.0,668.0,14491.0,8.0,8.0,9.0,11.98,3164.0,929.0,2235.0,17655.0,17.0,17.0,17.0,7.61,2227.0,1067.0,1160.0,19882.0,12.0,13.0,15.0,10.34,,,,,,,,,,,,,,,,,,,,,,,,,
6f45c891-43cf-4a21-9d8f-c7664ff442cc,2025-12-11 19:23:19 UTC,False,17601.0,CFOP,Gan 12 UI Maglev,RandomForest,6694.0,17601.0,,,gan12,custom_rules,,,,8.0,0.0,0.0,17601.0,72.0,76.0,93.0,4.09,5661.0,11851.0,2856.0,0.0,2856.0,2945.0,6.0,6.0,9.0,2.1,1984.0,1034.0,950.0,4929.0,9.0,9.0,10.0,9.47,4451.0,688.0,3763.0,9380.0,19.0,19.0,20.0,5.05,2114.0,625.0,1489.0,11494.0,11.0,11.0,11.0,7.39,1789.0,1241.0,548.0,13283.0,8.0,8.0,8.0,14.6,2073.0,946.0,1127.0,15356.0,12.0,12.0,13.0,10.65,2245.0,1127.0,1118.0,17601.0,8.0,12.0,22.0,7.16,,,,,,,,,,,,,,,,,,,,,,,,,
62f42afb-95fc-4dd5-b9c4-534ba9e6c285,2025-12-11 19:23:49 UTC,False,17943.0,CFOP,Gan 12 UI Maglev,RandomForest,4064.0,17943.0,,,gan12,custom_rules,,,,8.0,0.0,0.0,17943.0,69.0,70.0,82.0,3.85,5333.0,12610.0,4971.0,0.0,4971.0,4971.0,10.0,10.0,12.0,2.01,0.0,0.0,0.0,4971.0,0.0,0.0,0.0,0.0,1647.0,693.0,954.0,6618.0,11.0,11.0,12.0,11.53,3482.0,1661.0,1821.0,10100.0,8.0,8.0,11.0,4.39,1523.0,806.0,717.0,11623.0,7.0,7.0,8.0,9.76,2188.0,1261.0,927.0,13811.0,10.0,10.0,10.0,10.79,4132.0,912.0,3220.0,17943.0,23.0,24.0,29.0,7.14,,,,,,,,,,,,,,,,,,,,,,,,,
9637ea77-d64b-4f2a-b81b-422ea109c3e9,2025-12-11 19:24:25 UTC,False,15718.0,CFOP,Gan 12 UI Maglev,RandomForest,5329.0,15718.0,,,gan12,custom_rules,,,,8.0,0.0,0.0,15718.0,51.0,56.0,70.0,3.24,7330.0,8388.0,3738.0,0.0,3738.0,3738.0,9.0,10.0,11.0,2.41,2112.0,1298.0,814.0,5850.0,5.0,5.0,6.0,6.14,2007.0,799.0,1208.0,7857.0,8.0,8.0,9.0,6.62,1951.0,1709.0,242.0,9808.0,4.0,4.0,7.0,16.53,2416.0,1779.0,637.0,12224.0,8.0,8.0,10.0,12.56,1489.0,635.0,854.0,13713.0,9.0,9.0,9.0,10.54,2005.0,1110.0,895.0,15718.0,8.0,12.0,18.0,8.94,,,,,,,,,,,,,,,,,,,,,,,,,
fdeb23a7-2873-4fef-84e3-cc9842813cee,2025-12-11 19:25:06 UTC,False,26639.0,CFOP,Gan 12 UI Maglev,RandomForest,3512.0,26639.0,,,gan12,custom_rules,,,,8.0,0.0,0.0,26639.0,75.0,77.0,92.0,2.82,11301.0,15338.0,5294.0,0.0,5294.0,5294.0,10.0,10.0,15.0,1.89,7175.0,5107.0,2068.0,12469.0,10.0,10.0,11.0,4.84,4021.0,1545.0,2476.0,16490.0,12.0,12.0,15.0,4.85,2775.0,1376.0,1399.0,19265.0,8.0,8.0,9.0,5.72,2092.0,1169.0,923.0,21357.0,8.0,8.0,9.0,8.67,1830.0,921.0,909.0,23187.0,10.0,11.0,11.0,11.0,3452.0,1183.0,2269.0,26639.0,17.0,18.0,22.0,7.49,,,,,,,,,,,,,,,,,,,,,,,,,
8f43efee-8f63-498c-8c76-4a30c5ee1fe1,2025-12-11 19:25:41 UTC,False,22080.0,CFOP,Gan 12 UI Maglev,RandomForest,3677.0,22080.0,,,gan12,custom_rules,,,,8.0,0.0,0.0,22080.0,75.0,77.0,84.0,3.4,7992.0,14088.0,2172.0,0.0,2172.0,2172.0,9.0,9.0,10.0,4.14,3109.0,934.0,2175.0,5281.0,10.0,10.0,11.0,4.6,3930.0,2540.0,1390.0,9211.0,9.0,9.0,10.0,6.47,2152.0,821.0,1331.0,11363.0,8.0,8.0,9.0,6.01,2256.0,1208.0,1048.0,13619.0,12.0,12.0,13.0,11.45,1526.0,850.0,676.0,15145.0,6.0,6.0,6.0,8.88,6935.0,1639.0,5296.0,22080.0,21.0,23.0,25.0,3.97,,,,,,,,,,,,,,,,,,,,,,,,,
d03402d7-743c-4829-b983-8d522bfe5c59,2025-12-11 19:26:17 UTC,False,16851.0,CFOP,Gan 12 UI Maglev,RandomForest,10729.0,16851.0,,,gan12,custom_rules,,,,8.0,0.0,0.0,16851.0,64.0,64.0,72.0,3.8,7537.0,9314.0,2127.0,0.0,2127.0,2127.0,8.0,8.0,8.0,3.76,3300.0,2769.0,531.0,5427.0,5.0,5.0,5.0,9.42,2143.0,878.0,1265.0,7570.0,7.0,7.0,7.0,5.53,2418.0,1451.0,967.0,9988.0,8.0,8.0,11.0,8.27,1993.0,604.0,1389.0,11981.0,10.0,10.0,12.0,7.2,1901.0,652.0,1249.0,13882.0,9.0,9.0,9.0,7.21,2969.0,1183.0,1786.0,16851.0,17.0,17.0,20.0,9.52,,,,,,,,,,,,,,,,,,,,,,,,,
46d9252e-138a-41ba-8e2f-69d5a6169641,2025-12-11 19:26:50 UTC,False,20471.0,CFOP,Gan 12 UI Maglev,RandomForest,4054.0,20471.0,,,gan12,custom_rules,,,,8.0,0.0,0.0,20471.0,76.0,82.0,92.0,3.71,8057.0,12414.0,1857.0,0.0,1857.0,1857.0,7.0,7.0,9.0,3.77,4796.0,999.0,3797.0,6653.0,17.0,18.0,20.0,4.48,1303.0,669.0,634.0,7956.0,6.0,7.0,7.0,9.46,3552.0,1468.0,2084.0,11508.0,11.0,11.0,14.0,5.28,2961.0,1817.0,1144.0,14469.0,8.0,8.0,9.0,6.99,2951.0,1644.0,1307.0,17420.0,12.0,14.0,14.0,9.18,3051.0,1460.0,1591.0,20471.0,15.0,17.0,19.0,9.43,,,,,,,,,,,,,,,,,,,,,,,,,
07c73402-4d55-44ed-9cfa-c0c9ef774154,2025-12-11 19:27:23 UTC,False,21754.0,CFOP,Gan 12 UI Maglev,RandomForest,3332.0,21754.0,,,gan12,custom_rules,,,,8.0,0.0,0.0,21754.0,69.0,76.0,97.0,3.17,8105.0,13424.0,1536.0,0.0,1536.0,1761.0,5.0,5.0,7.0,3.26,1958.0,532.0,1426.0,3719.0,9.0,9.0,11.0,6.31,2885.0,1653.0,1232.0,6604.0,8.0,8.0,9.0,6.49,3565.0,902.0,2663.0,10169.0,11.0,11.0,12.0,4.13,2468.0,1582.0,886.0,12637.0,11.0,11.0,13.0,12.42,2409.0,1664.0,745.0,15046.0,7.0,7.0,8.0,9.4,6708.0,1772.0,4936.0,21754.0,18.0,25.0,37.0,3.65,,,,,,,,,,,,,,,,,,,,,,,,,
8dd42ed8-ae73-4c81-9680-95c3baf367cf,2025-12-12 14:34:25 UTC,False,17248.0,CFOP,Gan 12 UI Maglev,RandomForest,30580.0,17248.0,,,"slow solves, unl",custom_rules,,,,8.0,0.0,0.0,17248.0,72.0,73.0,78.0,4.17,6901.0,10347.0,3010.0,0.0,3010.0,3010.0,14.0,14.0,15.0,4.65,0.0,0.0,0.0,3010.0,0.0,0.0,0.0,0.0,4517.0,3755.0,762.0,7527.0,10.0,10.0,11.0,13.12,2731.0,1101.0,1630.0,10258.0,8.0,8.0,8.0,4.91,1559.0,314.0,1245.0,11817.0,7.0,7.0,7.0,5.62,2039.0,934.0,1105.0,13856.0,10.0,11.0,11.0,9.05,3392.0,797.0,2595.0,17248.0,23.0,23.0,26.0,8.86,,,,,,,,,,,,,,,,,,,,,,,,,
b64df11d-12c7-4e6f-88f0-88a102c8d5d0,2025-12-12 14:35:47 UTC,False,15211.0,CFOP,Gan 12 UI Maglev,RandomForest,56725.0,15211.0,,,"slow solves, unl",custom_rules,,,,8.0,0.0,0.0,15211.0,60.0,60.0,74.0,3.94,5089.0,10122.0,370.0,0.0,370.0,370.0,2.0,2.0,3.0,5.41,1582.0,685.0,897.0,1952.0,6.0,6.0,7.0,6.69,2079.0,387.0,1692.0,4031.0,7.0,7.0,9.0,4.14,2427.0,1177.0,1250.0,6458.0,9.0,9.0,11.0,7.2,3549.0,929.0,2620.0,10007.0,13.0,13.0,16.0,4.96,2610.0,744.0,1866.0,12617.0,9.0,9.0,12.0,4.82,2594.0,1167.0,1427.0,15211.0,14.0,14.0,16.0,9.81,,,,,,,,,,,,,,,,,,,,,,,,,
4d66e7ee-83a2-41a8-8bf7-6e553bde1387,2025-12-12 14:36:26 UTC,False,22552.0,CFOP,Gan 12 UI Maglev,RandomForest,5720.0,22552.0,,,"slow solves, unl",custom_rules,,,,8.0,0.0,0.0,22552.0,64.0,64.0,79.0,2.84,7792.0,14599.0,3031.0,0.0,3031.0,3192.0,7.0,7.0,8.0,2.31,1678.0,494.0,1184.0,4870.0,6.0,6.0,8.0,5.07,3244.0,529.0,2715.0,8114.0,10.0,10.0,11.0,3.68,2126.0,990.0,1136.0,10240.0,6.0,6.0,9.0,5.28,3163.0,1015.0,2148.0,13403.0,11.0,11.0,14.0,5.12,3341.0,1229.0,2112.0,16744.0,14.0,14.0,15.0,6.63,5808.0,3535.0,2273.0,22552.0,10.0,10.0,14.0,4.4,,,,,,,,,,,,,,,,,,,,,,,,,
3cf8a584-9f65-4d69-868d-b3deacd59e69,2025-12-12 14:37:15 UTC,False,20821.0,CFOP,Gan 12 UI Maglev,RandomForest,17332.0,20821.0,,,"slow solves, unl",custom_rules,,,,8.0,0.0,0.0,20821.0,73.0,76.0,84.0,3.51,5819.0,14898.0,5749.0,0.0,5749.0,5853.0,12.0,13.0,14.0,2.09,0.0,0.0,0.0,5853.0,0.0,0.0,0.0,0.0,1892.0,1313.0,579.0,7745.0,4.0,4.0,4.0,6.91,6194.0,1161.0,5033.0,13939.0,24.0,25.0,27.0,4.77,1145.0,758.0,387.0,15084.0,4.0,4.0,5.0,10.34,3205.0,1373.0,1832.0,18289.0,15.0,15.0,17.0,8.19,2532.0,1214.0,1318.0,20821.0,14.0,15.0,17.0,10.62,,,,,,,,,,,,,,,,,,,,,,,,,
32e2bf28-7bce-433f-b925-96f505c2f9b0,2025-12-12 14:38:01 UTC,False,17794.0,CFOP,Gan 12 UI Maglev,RandomForest,12571.0,17794.0,,,"slow solves, unl",custom_rules,,,,8.0,0.0,0.0,17794.0,63.0,64.0,71.0,3.54,5423.0,12371.0,1746.0,0.0,1746.0,1746.0,6.0,6.0,7.0,3.44,4037.0,427.0,3610.0,5783.0,12.0,12.0,14.0,3.32,2804.0,661.0,2143.0,8587.0,8.0,8.0,8.0,3.73,3370.0,1863.0,1507.0,11957.0,8.0,8.0,10.0,5.31,1751.0,661.0,1090.0,13708.0,8.0,8.0,8.0,7.34,1896.0,918.0,978.0,15604.0,8.0,8.0,8.0,8.18,2190.0,893.0,1297.0,17794.0,13.0,14.0,16.0,10.02,,,,,,,,,,,,,,,,,,,,,,,,,
661106e0-4c7f-4c16-8e2a-2ff6b0c8df47,2025-12-12 14:38:40 UTC,False,21256.0,CFOP,Gan 12 UI Maglev,RandomForest,8570.0,21256.0,,,"slow solves, unl",custom_rules,,,,8.0,0.0,0.0,21256.0,79.0,80.0,89.0,3.72,5404.0,15852.0,1783.0,0.0,1783.0,1783.0,5.0,5.0,6.0,2.8,3477.0,806.0,2671.0,5260.0,11.0,11.0,12.0,4.12,2277.0,564.0,1713.0,7537.0,8.0,8.0,9.0,4.67,4038.0,971.0,3067.0,11575.0,12.0,12.0,13.0,3.91,2214.0,741.0,1473.0,13789.0,12.0,12.0,12.0,8.15,4309.0,1159.0,3150.0,18098.0,17.0,17.0,19.0,5.4,3158.0,1163.0,1995.0,21256.0,14.0,15.0,18.0,7.02,,,,,,,,,,,,,,,,,,,,,,,,,
f488ce13-0711-44c9-a561-39e8a802ec61,2025-12-12 14:39:18 UTC,False,19042.0,CFOP,Gan 12 UI Maglev,RandomForest,9727.0,19042.0,,,"slow solves, unl",custom_rules,,,,8.0,0.0,0.0,19042.0,58.0,64.0,76.0,3.05,4104.0,14938.0,3448.0,0.0,3448.0,3448.0,10.0,11.0,12.0,2.9,4656.0,1080.0,3576.0,8104.0,10.0,10.0,10.0,2.8,2948.0,766.0,2182.0,11052.0,10.0,10.0,11.0,4.58,0.0,0.0,0.0,11052.0,0.0,0.0,0.0,0.0,3455.0,527.0,2928.0,14507.0,11.0,11.0,12.0,3.76,1490.0,708.0,782.0,15997.0,6.0,6.0,6.0,7.67,3045.0,1023.0,2022.0,19042.0,11.0,16.0,25.0,5.44,,,,,,,,,,,,,,,,,,,,,,,,,
40752799-b928-4ddb-b0e9-0c46e22bd3e9,2025-12-12 14:39:51 UTC,False,18390.0,CFOP,Gan 12 UI Maglev,RandomForest,5129.0,18390.0,,,"slow solves, unl",custom_rules,,,,8.0,0.0,0.0,18390.0,58.0,59.0,65.0,3.15,4619.0,13658.0,5198.0,0.0,5198.0,5311.0,5.0,5.0,6.0,0.96,3070.0,1130.0,1940.0,8381.0,6.0,6.0,8.0,3.09,2190.0,516.0,1674.0,10571.0,8.0,8.0,9.0,4.78,1842.0,524.0,1318.0,12413.0,7.0,7.0,7.0,5.31,1931.0,1087.0,844.0,14344.0,8.0,8.0,9.0,9.48,1960.0,701.0,1259.0,16304.0,9.0,10.0,10.0,7.15,2086.0,661.0,1425.0,18390.0,15.0,15.0,16.0,10.53,,,,,,,,,,,,,,,,,,,,,,,,,
780c684c-1cad-4b88-9a38-2b84d903cb5e,2025-12-12 14:40:28 UTC,False,17344.0,CFOP,Gan 12 UI Maglev,RandomForest,5578.0,17344.0,,,"slow solves, unl",custom_rules,,,,8.0,0.0,0.0,17344.0,74.0,75.0,84.0,4.27,5077.0,12267.0,1280.0,0.0,1280.0,1280.0,6.0,6.0,7.0,4.69,3879.0,690.0,3189.0,5159.0,12.0,12.0,14.0,3.76,3217.0,620.0,2597.0,8376.0,12.0,12.0,13.0,4.62,1710.0,628.0,1082.0,10086.0,6.0,6.0,7.0,5.55,2454.0,1136.0,1318.0,12540.0,10.0,10.0,11.0,7.59,2101.0,723.0,1378.0,14641.0,12.0,12.0,13.0,8.71,2703.0,1280.0,1423.0,17344.0,16.0,17.0,19.0,11.24,,,,,,,,,,,,,,,,,,,,,,,,,
533200bc-5514-472a-bba3-5fe62de7fc25,2025-12-12 14:41:03 UTC,False,20234.0,CFOP,Gan 12 UI Maglev,RandomForest,4402.0,20234.0,,,"slow solves, unl",custom_rules,,,,8.0,0.0,0.0,20234.0,72.0,73.0,76.0,3.56,6697.0,13537.0,1345.0,0.0,1345.0,1345.0,5.0,5.0,5.0,3.72,7854.0,2762.0,5092.0,9199.0,13.0,13.0,14.0,2.55,1403.0,952.0,451.0,10602.0,4.0,4.0,5.0,8.87,1995.0,265.0,1730.0,12597.0,7.0,7.0,7.0,4.05,2110.0,597.0,1513.0,14707.0,11.0,11.0,12.0,7.27,2298.0,1009.0,1289.0,17005.0,13.0,13.0,13.0,10.09,3229.0,1112.0,2117.0,20234.0,20.0,20.0,20.0,9.45,,,,,,,,,,,,,,,,,,,,,,,,,
c09797fc-eac4-4e43-8362-35d40a45efa8,2025-12-12 14:41:45 UTC,False,28381.0,CFOP,Gan 12 UI Maglev,RandomForest,5629.0,28381.0,,,"slow solves, unl",custom_rules,,,,8.0,0.0,0.0,28381.0,68.0,69.0,80.0,2.4,12670.0,15711.0,3231.0,0.0,3231.0,3231.0,8.0,8.0,9.0,2.48,2201.0,270.0,1931.0,5432.0,7.0,7.0,7.0,3.63,6187.0,2681.0,3506.0,11619.0,8.0,8.0,11.0,2.28,3838.0,2327.0,1511.0,15457.0,8.0,8.0,11.0,5.29,1942.0,749.0,1193.0,17399.0,9.0,9.0,9.0,7.54,2827.0,1311.0,1516.0,20226.0,13.0,13.0,15.0,8.58,8155.0,5332.0,2823.0,28381.0,15.0,16.0,18.0,5.31,,,,,,,,,,,,,,,,,,,,,,,,,
249cd2a0-90e9-453a-bdc3-2754f51cf9dc,2025-12-12 14:42:40 UTC,False,18103.0,CFOP,Gan 12 UI Maglev,RandomForest,27675.0,18103.0,,,"slow solves, unl",custom_rules,,,,8.0,0.0,0.0,18103.0,66.0,67.0,80.0,3.65,4781.0,13322.0,5133.0,0.0,5133.0,5133.0,14.0,14.0,15.0,2.73,0.0,0.0,0.0,5133.0,0.0,0.0,0.0,0.0,2792.0,1496.0,1296.0,7925.0,7.0,7.0,8.0,5.4,2173.0,603.0,1570.0,10098.0,8.0,8.0,9.0,5.1,1697.0,213.0,1484.0,11795.0,9.0,9.0,9.0,6.06,2281.0,903.0,1378.0,14076.0,10.0,10.0,16.0,7.26,4027.0,1566.0,2461.0,18103.0,18.0,19.0,23.0,7.31,,,,,,,,,,,,,,,,,,,,,,,,,
4c9f9dda-c2e0-4671-8dea-01c440b68aa3,2025-12-12 14:43:18 UTC,False,19161.0,CFOP,Gan 12 UI Maglev,RandomForest,9328.0,19161.0,,,"slow solves, unl",custom_rules,,,,8.0,0.0,0.0,19161.0,67.0,76.0,97.0,3.5,5874.0,13287.0,2533.0,0.0,2533.0,2533.0,6.0,6.0,8.0,2.37,2774.0,1701.0,1073.0,5307.0,8.0,8.0,8.0,7.46,1859.0,468.0,1391.0,7166.0,8.0,8.0,9.0,5.75,3816.0,992.0,2824.0,10982.0,13.0,14.0,15.0,4.6,1084.0,653.0,431.0,12066.0,5.0,5.0,5.0,11.6,2527.0,984.0,1543.0,14593.0,11.0,11.0,15.0,7.13,4568.0,1076.0,3492.0,19161.0,16.0,24.0,37.0,4.58,,,,,,,,,,,,,,,,,,,,,,,,,
c99549af-7e5f-4289-b381-395e4782b1e2,2025-12-12 14:44:00 UTC,False,19251.0,CFOP,Gan 12 UI Maglev,RandomForest,9026.0,19251.0,,,"slow solves, unl",custom_rules,,,,8.0,0.0,0.0,19251.0,62.0,63.0,73.0,3.22,7022.0,12229.0,2275.0,0.0,2275.0,2275.0,8.0,8.0,8.0,3.52,3088.0,531.0,2557.0,5363.0,10.0,10.0,11.0,3.91,3332.0,2095.0,1237.0,8695.0,6.0,6.0,9.0,4.85,2433.0,669.0,1764.0,11128.0,8.0,8.0,8.0,4.54,2040.0,865.0,1175.0,13168.0,8.0,8.0,8.0,6.81,3307.0,1338.0,1969.0,16475.0,11.0,12.0,15.0,5.59,2776.0,1524.0,1252.0,19251.0,11.0,11.0,14.0,8.79,,,,,,,,,,,,,,,,,,,,,,,,,
672948bf-64df-4d64-9eab-fea294fb9e10,2025-12-12 14:44:41 UTC,False,26192.0,CFOP,Gan 12 UI Maglev,RandomForest,5440.0,26192.0,,,"slow solves, unl",custom_rules,,,,8.0,0.0,0.0,26192.0,78.0,78.0,90.0,2.98,11702.0,14490.0,1369.0,0.0,1369.0,1369.0,5.0,5.0,6.0,3.65,3926.0,1620.0,2306.0,5295.0,11.0,11.0,13.0,4.77,6005.0,266.0,5739.0,11300.0,20.0,20.0,23.0,3.48,3500.0,2565.0,935.0,14800.0,8.0,8.0,8.0,8.56,2004.0,1311.0,693.0,16804.0,9.0,9.0,9.0,12.99,3097.0,1762.0,1335.0,19901.0,10.0,10.0,13.0,7.49,6291.0,4178.0,2113.0,26192.0,16.0,16.0,18.0,7.57,,,,,,,,,,,,,,,,,,,,,,,,,
317148de-3060-4af5-8e39-f592fe193bd1,2025-12-12 14:45:22 UTC,False,24051.0,CFOP,Gan 12 UI Maglev,RandomForest,6745.0,24051.0,,,"slow solves, unl",custom_rules,,,,8.0,0.0,0.0,24051.0,73.0,78.0,90.0,3.04,8338.0,15713.0,1895.0,0.0,1895.0,1895.0,7.0,7.0,7.0,3.69,2926.0,306.0,2620.0,4821.0,9.0,9.0,11.0,3.44,6625.0,387.0,6238.0,11446.0,24.0,27.0,31.0,3.85,0.0,0.0,0.0,11446.0,0.0,0.0,0.0,0.0,3260.0,2121.0,1139.0,14706.0,10.0,10.0,11.0,8.78,1991.0,1014.0,977.0,16697.0,8.0,8.0,10.0,8.19,7354.0,4510.0,2844.0,24051.0,15.0,17.0,20.0,5.27,,,,,,,,,,,,,,,,,,,,,,,,,
19a1eabb-dabd-4b27-b9dd-f72ab0531d87,2025-12-12 14:46:13 UTC,False,16056.0,CFOP,Gan 12 UI Maglev,RandomForest,7178.0,16056.0,,,"slow solves, unl",custom_rules,,,,8.0,0.0,0.0,16056.0,58.0,63.0,74.0,3.61,6186.0,9742.0,1845.0,0.0,1845.0,1973.0,7.0,7.0,8.0,3.79,2860.0,1459.0,1401.0,4833.0,8.0,8.0,9.0,5.71,1742.0,904.0,838.0,6575.0,6.0,7.0,7.0,7.16,2215.0,762.0,1453.0,8790.0,7.0,7.0,7.0,4.82,2077.0,992.0,1085.0,10867.0,8.0,8.0,9.0,7.37,2798.0,822.0,1976.0,13665.0,14.0,14.0,17.0,7.09,2391.0,1247.0,1144.0,16056.0,8.0,12.0,17.0,6.99,,,,,,,,,,,,,,,,,,,,,,,,,
0ec5813f-ee8d-4ea8-b7b5-60056a855367,2025-12-12 14:46:47 UTC,False,19088.0,CFOP,Gan 12 UI Maglev,RandomForest,6583.0,19088.0,,,"slow solves, unl",custom_rules,,,,8.0,0.0,0.0,19088.0,60.0,60.0,72.0,3.14,8284.0,10804.0,2452.0,0.0,2452.0,2452.0,6.0,6.0,9.0,2.45,2276.0,817.0,1459.0,4728.0,6.0,6.0,7.0,4.11,3430.0,2476.0,954.0,8158.0,8.0,8.0,9.0,8.39,2629.0,1298.0,1331.0,10787.0,8.0,8.0,10.0,6.01,1835.0,610.0,1225.0,12622.0,7.0,7.0,8.0,5.71,2602.0,1188.0,1414.0,15224.0,13.0,13.0,14.0,9.19,3864.0,1895.0,1969.0,19088.0,12.0,12.0,15.0,6.09,,,,,,,,,,,,,,,,,,,,,,,,,
88c1c0f9-9231-4699-99f9-6468428f9356,2025-12-12 14:47:29 UTC,False,23228.0,CFOP,Gan 12 UI Maglev,RandomForest,9053.0,23228.0,,,"slow solves, unl",custom_rules,,,,8.0,0.0,0.0,23228.0,68.0,70.0,80.0,2.93,9160.0,14068.0,6023.0,0.0,6023.0,6023.0,12.0,12.0,14.0,1.99,0.0,0.0,0.0,6023.0,0.0,0.0,0.0,0.0,2145.0,346.0,1799.0,8168.0,8.0,9.0,9.0,4.45,1688.0,338.0,1350.0,9856.0,7.0,7.0,8.0,5.19,3635.0,2505.0,1130.0,13491.0,8.0,8.0,12.0,7.08,2758.0,948.0,1810.0,16249.0,17.0,17.0,17.0,9.39,6979.0,5023.0,1956.0,23228.0,16.0,17.0,20.0,8.18,,,,,,,,,,,,,,,,,,,,,,,,,
2f330f78-bd0d-43b4-bf8c-1dec0a42ece9,2025-12-12 14:48:11 UTC,False,27794.0,CFOP,Gan 12 UI Maglev,RandomForest,4331.0,27794.0,,,"slow solves, unl",custom_rules,,,,8.0,0.0,0.0,27794.0,81.0,90.0,103.0,2.91,5448.0,22234.0,15786.0,0.0,15786.0,15898.0,39.0,43.0,48.0,2.47,0.0,0.0,0.0,15898.0,0.0,0.0,0.0,0.0,0.0,0.0,0.0,15898.0,0.0,0.0,0.0,0.0,3754.0,1750.0,2004.0,19652.0,12.0,12.0,13.0,5.99,1787.0,587.0,1200.0,21439.0,8.0,8.0,9.0,6.67,3248.0,1245.0,2003.0,24687.0,13.0,14.0,15.0,6.49,3107.0,1866.0,1241.0,27794.0,9.0,13.0,18.0,7.25,,,,,,,,,,,,,,,,,,,,,,,,,
a5bb7f8a-5bc9-4df5-9bf7-196653fe119f,2025-12-12 14:48:51 UTC,False,19751.0,CFOP,Gan 12 UI Maglev,RandomForest,9182.0,19751.0,,,"slow solves, unl",custom_rules,,,,8.0,0.0,0.0,19751.0,69.0,69.0,82.0,3.49,5077.0,14674.0,2228.0,0.0,2228.0,2228.0,8.0,8.0,8.0,3.59,3530.0,556.0,2974.0,5758.0,12.0,12.0,15.0,4.03,2296.0,491.0,1805.0,8054.0,8.0,8.0,9.0,4.43,3295.0,225.0,3070.0,11349.0,11.0,11.0,12.0,3.58,3226.0,1488.0,1738.0,14575.0,12.0,12.0,13.0,6.9,2233.0,1109.0,1124.0,16808.0,8.0,8.0,10.0,7.12,2943.0,1208.0,1735.0,19751.0,11.0,11.0,15.0,6.34,,,,,,,,,,,,,,,,,,,,,,,,,
c264abc5-2cbc-46c8-9717-13454b6091b5,2025-12-12 14:49:39 UTC,False,18624.0,CFOP,Gan 12 UI Maglev,RandomForest,6928.0,18624.0,,,gan12,custom_rules,,,,8.0,0.0,0.0,18624.0,73.0,74.0,81.0,3.92,7182.0,11386.0,2358.0,0.0,2358.0,2414.0,8.0,8.0,9.0,3.39,4720.0,2312.0,2408.0,7134.0,10.0,10.0,11.0,4.15,1278.0,505.0,773.0,8412.0,6.0,6.0,7.0,7.76,2361.0,1224.0,1137.0,10773.0,12.0,12.0,12.0,10.55,1466.0,902.0,564.0,12239.0,8.0,8.0,9.0,14.18,3464.0,986.0,2478.0,15703.0,16.0,16.0,16.0,6.46,2921.0,1253.0,1668.0,18624.0,13.0,14.0,17.0,7.79,,,,,,,,,,,,,,,,,,,,,,,,,
2a78586b-df0b-4958-a7c0-f2128ddd8269,2025-12-12 14:50:07 UTC,False,13429.0,CFOP,Gan 12 UI Maglev,RandomForest,4178.0,13429.0,,,gan12,custom_rules,,,,8.0,0.0,0.0,13429.0,65.0,67.0,77.0,4.84,5076.0,8353.0,1418.0,0.0,1418.0,1418.0,7.0,7.0,7.0,4.94,1427.0,339.0,1088.0,2845.0,7.0,7.0,8.0,6.43,1915.0,1053.0,862.0,4760.0,8.0,8.0,10.0,9.28,1660.0,1088.0,572.0,6420.0,8.0,8.0,9.0,13.99,2829.0,886.0,1943.0,9249.0,13.0,13.0,15.0,6.69,1778.0,556.0,1222.0,11027.0,9.0,10.0,10.0,7.36,2402.0,1154.0,1248.0,13429.0,14.0,15.0,18.0,11.22,,,,,,,,,,,,,,,,,,,,,,,,,
b23fdba3-cbb7-46e6-b3b8-38bbefcb7b8f,2025-12-12 14:50:41 UTC,False,15157.0,CFOP,Gan 12 UI Maglev,RandomForest,9671.0,15157.0,,,gan12,custom_rules,,,,8.0,0.0,0.0,15157.0,72.0,74.0,80.0,4.75,6023.0,9134.0,1322.0,0.0,1322.0,1322.0,5.0,5.0,6.0,3.78,1648.0,891.0,757.0,2970.0,7.0,7.0,7.0,9.25,2510.0,925.0,1585.0,5480.0,9.0,9.0,9.0,5.68,1907.0,927.0,980.0,7387.0,7.0,7.0,8.0,7.14,2068.0,596.0,1472.0,9455.0,11.0,13.0,15.0,7.47,2278.0,959.0,1319.0,11733.0,14.0,14.0,15.0,10.61,3424.0,1725.0,1699.0,15157.0,19.0,19.0,20.0,11.18,,,,,,,,,,,,,,,,,,,,,,,,,
16805311-db18-471f-bc2b-2985e53e8731,2025-12-12 14:51:19 UTC,False,23114.0,CFOP,Gan 12 UI Maglev,RandomForest,2282.0,23114.0,,,gan12,custom_rules,,,,8.0,0.0,0.0,23114.0,100.0,101.0,113.0,4.33,3531.0,19583.0,2826.0,0.0,2826.0,2826.0,10.0,10.0,13.0,3.54,1506.0,282.0,1224.0,4332.0,6.0,6.0,6.0,4.9,9169.0,532.0,8637.0,13501.0,34.0,34.0,37.0,3.94,2555.0,88.0,2467.0,16056.0,12.0,12.0,13.0,4.86,2537.0,854.0,1683.0,18593.0,11.0,11.0,13.0,6.54,1768.0,745.0,1023.0,20361.0,12.0,12.0,13.0,11.73,2753.0,1030.0,1723.0,23114.0,16.0,17.0,18.0,9.29,,,,,,,,,,,,,,,,,,,,,,,,,
195562f5-9c11-4dd9-884c-7a34023961eb,2025-12-12 14:52:27 UTC,False,13764.0,CFOP,Gan 12 UI Maglev,RandomForest,45379.0,13764.0,,,gan12,custom_rules,,,,8.0,0.0,0.0,13764.0,69.0,71.0,79.0,5.01,5797.0,7959.0,1152.0,0.0,1152.0,1160.0,5.0,7.0,7.0,4.34,670.0,428.0,242.0,1830.0,3.0,3.0,3.0,12.4,2853.0,548.0,2305.0,4683.0,11.0,11.0,13.0,4.77,2224.0,1434.0,790.0,6907.0,9.0,9.0,10.0,11.39,1835.0,1045.0,790.0,8742.0,11.0,11.0,13.0,13.92,2420.0,1566.0,854.0,11162.0,11.0,11.0,11.0,12.88,2602.0,776.0,1826.0,13764.0,20.0,20.0,22.0,10.95,,,,,,,,,,,,,,,,,,,,,,,,,
e61e1def-0568-444f-846a-7537369c649a,2025-12-12 14:52:57 UTC,False,15180.0,CFOP,Gan 12 UI Maglev,RandomForest,5474.0,15180.0,,,gan12,custom_rules,,,,8.0,0.0,0.0,15180.0,63.0,67.0,74.0,4.15,5377.0,9803.0,1507.0,0.0,1507.0,1507.0,6.0,6.0,7.0,3.98,1819.0,564.0,1255.0,3326.0,6.0,7.0,7.0,4.78,1581.0,919.0,662.0,4907.0,8.0,8.0,9.0,12.08,3253.0,1319.0,1934.0,8160.0,11.0,11.0,11.0,5.69,2200.0,314.0,1886.0,10360.0,7.0,7.0,9.0,3.71,1808.0,1061.0,747.0,12168.0,10.0,11.0,12.0,13.39,3012.0,1200.0,1812.0,15180.0,15.0,17.0,19.0,8.28,,,,,,,,,,,,,,,,,,,,,,,,,
8decc9e5-902b-443f-b969-c84022ada205,2025-12-12 14:53:34 UTC,False,15306.0,CFOP,Gan 12 UI Maglev,RandomForest,7656.0,15306.0,,,gan12,custom_rules,,,,8.0,0.0,0.0,15306.0,57.0,59.0,72.0,3.72,5622.0,9684.0,2899.0,0.0,2899.0,2899.0,7.0,7.0,8.0,2.41,1522.0,1288.0,234.0,4421.0,5.0,5.0,6.0,21.37,1364.0,348.0,1016.0,5785.0,7.0,7.0,8.0,6.89,2784.0,618.0,2166.0,8569.0,8.0,8.0,11.0,3.69,1997.0,1288.0,709.0,10566.0,8.0,8.0,10.0,11.28,1420.0,677.0,743.0,11986.0,8.0,8.0,9.0,10.77,3320.0,1403.0,1917.0,15306.0,15.0,17.0,20.0,7.82,,,,,,,,,,,,,,,,,,,,,,,,,
afd010b7-9d55-452d-b8b6-21e709606901,2025-12-12 14:54:06 UTC,False,14615.0,CFOP,Gan 12 UI Maglev,RandomForest,7939.0,14615.0,,,gan12,custom_rules,,,,8.0,0.0,0.0,14615.0,66.0,71.0,84.0,4.52,5165.0,9394.0,2248.0,0.0,2248.0,2304.0,11.0,12.0,14.0,4.89,0.0,0.0,0.0,2304.0,0.0,0.0,0.0,0.0,3181.0,322.0,2859.0,5485.0,14.0,15.0,18.0,4.9,2342.0,1834.0,508.0,7827.0,8.0,8.0,11.0,15.75,1882.0,1197.0,685.0,9709.0,7.0,7.0,7.0,10.22,1965.0,781.0,1184.0,11674.0,10.0,10.0,13.0,8.45,2941.0,1031.0,1910.0,14615.0,16.0,19.0,21.0,8.38,,,,,,,,,,,,,,,,,,,,,,,,,
bf4f4882-5dbe-4147-9020-f3be33edf624,2025-12-12 14:54:51 UTC,False,17472.0,CFOP,Gan 12 UI Maglev,RandomForest,17479.0,17472.0,,,gan12,custom_rules,,,,8.0,0.0,0.0,17472.0,67.0,70.0,76.0,3.83,7220.0,10131.0,1775.0,0.0,1775.0,1896.0,6.0,6.0,8.0,3.38,2441.0,1555.0,886.0,4337.0,5.0,6.0,6.0,5.64,2587.0,762.0,1825.0,6924.0,9.0,10.0,11.0,4.93,3034.0,620.0,2414.0,9958.0,12.0,12.0,13.0,4.97,2777.0,2141.0,636.0,12735.0,8.0,8.0,9.0,12.58,1550.0,544.0,1006.0,14285.0,9.0,10.0,10.0,8.95,3187.0,1598.0,1589.0,17472.0,18.0,18.0,19.0,11.33,,,,,,,,,,,,,,,,,,,,,,,,,
0bb32f14-340a-4977-b032-a165a42d3cb8,2025-12-12 14:55:29 UTC,False,13845.0,CFOP,Gan 12 UI Maglev,RandomForest,15128.0,13845.0,,,gan12,custom_rules,,,,8.0,0.0,0.0,13845.0,67.0,69.0,80.0,4.84,5758.0,8087.0,1249.0,0.0,1249.0,1249.0,6.0,6.0,7.0,4.8,1175.0,587.0,588.0,2424.0,7.0,7.0,7.0,11.9,1863.0,1017.0,846.0,4287.0,9.0,9.0,12.0,10.64,1548.0,1000.0,548.0,5835.0,6.0,6.0,7.0,10.95,1109.0,322.0,787.0,6944.0,8.0,8.0,9.0,10.17,3162.0,1844.0,1318.0,10106.0,11.0,13.0,16.0,8.35,3739.0,988.0,2751.0,13845.0,20.0,20.0,22.0,7.27,,,,,,,,,,,,,,,,,,,,,,,,,
3caf71b7-dd13-48ec-b306-94141906f6b9,2025-12-12 14:56:12 UTC,False,19746.0,CFOP,Gan 12 UI Maglev,RandomForest,10915.0,19746.0,,,gan12,custom_rules,,,,8.0,0.0,0.0,19746.0,62.0,68.0,81.0,3.14,7652.0,12094.0,4022.0,0.0,4022.0,4022.0,9.0,9.0,11.0,2.24,2038.0,1425.0,613.0,6060.0,6.0,6.0,7.0,9.79,1618.0,844.0,774.0,7678.0,7.0,7.0,7.0,9.04,2937.0,1083.0,1854.0,10615.0,10.0,10.0,10.0,5.39,1699.0,1136.0,563.0,12314.0,9.0,9.0,9.0,15.99,2776.0,1511.0,1265.0,15090.0,11.0,12.0,14.0,8.7,4656.0,1653.0,3003.0,19746.0,10.0,15.0,23.0,3.33,,,,,,,,,,,,,,,,,,,,,,,,,
40f1a751-b2ce-40fe-9e76-cea1feb0b111,2025-12-12 14:56:39 UTC,False,12207.0,CFOP,Gan 12 UI Maglev,RandomForest,3933.0,12207.0,,,gan12,custom_rules,,,,8.0,0.0,0.0,12207.0,53.0,57.0,68.0,4.34,5995.0,6212.0,766.0,0.0,766.0,766.0,6.0,6.0,6.0,7.83,2482.0,1515.0,967.0,3248.0,8.0,8.0,8.0,8.27,1724.0,419.0,1305.0,4972.0,7.0,7.0,8.0,5.36,2034.0,1216.0,818.0,7006.0,9.0,9.0,10.0,11.0,1642.0,1169.0,473.0,8648.0,8.0,8.0,9.0,16.91,1338.0,573.0,765.0,9986.0,7.0,7.0,8.0,9.15,2221.0,1103.0,1118.0,12207.0,9.0,13.0,19.0,8.05,,,,,,,,,,,,,,,,,,,,,,,,,
6fdb83f7-3527-415f-ac28-ec0bbded1892,2025-12-12 14:57:30 UTC,False,22315.0,CFOP,Gan 12 UI Maglev,RandomForest,18260.0,22315.0,,,gan12,custom_rules,,,,8.0,0.0,0.0,22315.0,74.0,76.0,86.0,3.32,8585.0,13158.0,4459.0,0.0,4459.0,5031.0,9.0,9.0,11.0,2.02,2934.0,2233.0,701.0,7965.0,6.0,6.0,7.0,8.56,2456.0,1755.0,701.0,10421.0,6.0,7.0,8.0,8.56,3277.0,1204.0,2073.0,13698.0,11.0,11.0,11.0,5.31,2019.0,959.0,1060.0,15717.0,12.0,12.0,13.0,11.32,1938.0,890.0,1048.0,17655.0,10.0,10.0,13.0,9.54,4660.0,1544.0,3116.0,22315.0,20.0,21.0,23.0,6.42,,,,,,,,,,,,,,,,,,,,,,,,,
5fc228a0-daa0-46b5-9e70-492608e0e36c,2025-12-12 14:58:03 UTC,False,14402.0,CFOP,Gan 12 UI Maglev,RandomForest,10280.0,14402.0,,,gan12,custom_rules,,,,8.0,0.0,0.0,14402.0,71.0,71.0,76.0,4.93,4717.0,9685.0,2119.0,0.0,2119.0,2119.0,7.0,7.0,7.0,3.3,2482.0,943.0,1539.0,4601.0,12.0,12.0,13.0,7.8,1631.0,543.0,1088.0,6232.0,8.0,8.0,9.0,7.35,2160.0,1032.0,1128.0,8392.0,7.0,7.0,8.0,6.21,1012.0,354.0,658.0,9404.0,7.0,7.0,8.0,10.64,2983.0,902.0,2081.0,12387.0,16.0,16.0,16.0,7.69,2015.0,943.0,1072.0,14402.0,14.0,14.0,15.0,13.06,,,,,,,,,,,,,,,,,,,,,,,,,
c71eed49-a1d1-46fe-927c-139d7ae0f528,2025-12-12 14:58:42 UTC,False,15113.0,CFOP,Gan 12 UI Maglev,RandomForest,14082.0,15113.0,,,gan12,custom_rules,,,,8.0,0.0,0.0,15113.0,69.0,69.0,80.0,4.57,5447.0,9594.0,2977.0,0.0,2977.0,3049.0,7.0,7.0,10.0,2.35,2488.0,695.0,1793.0,5537.0,8.0,8.0,10.0,4.46,1504.0,621.0,883.0,7041.0,7.0,7.0,7.0,7.93,1282.0,298.0,984.0,8323.0,12.0,12.0,12.0,12.2,2413.0,1914.0,499.0,10736.0,8.0,8.0,10.0,16.03,2038.0,1185.0,853.0,12774.0,12.0,12.0,13.0,14.07,2339.0,734.0,1605.0,15113.0,15.0,15.0,18.0,9.35,,,,,,,,,,,,,,,,,,,,,,,,,
ab852639-5aa3-4e69-a2fa-326ed13f4bc4,2025-12-12 14:59:10 UTC,False,12435.0,CFOP,Gan 12 UI Maglev,RandomForest,5495.0,12435.0,,,gan12,custom_rules,,,,8.0,0.0,0.0,12435.0,61.0,63.0,69.0,4.91,4240.0,8195.0,854.0,0.0,854.0,854.0,5.0,5.0,7.0,5.85,3134.0,387.0,2747.0,3988.0,10.0,11.0,11.0,3.64,1692.0,838.0,854.0,5680.0,8.0,8.0,8.0,9.37,815.0,427.0,388.0,6495.0,3.0,3.0,4.0,7.73,1306.0,612.0,694.0,7801.0,7.0,7.0,8.0,10.09,1917.0,796.0,1121.0,9718.0,10.0,11.0,11.0,8.92,2717.0,1180.0,1537.0,12435.0,19.0,19.0,20.0,12.36,,,,,,,,,,,,,,,,,,,,,,,,,
672a16bb-96e2-4c35-ab8c-57216cabb402,2025-12-12 14:59:38 UTC,False,13053.0,CFOP,Gan 12 UI Maglev,RandomForest,6258.0,13053.0,,,gan12,custom_rules,,,,8.0,0.0,0.0,13053.0,61.0,62.0,67.0,4.67,6680.0,6373.0,1427.0,0.0,1427.0,1427.0,6.0,6.0,7.0,4.2,1641.0,916.0,725.0,3068.0,6.0,6.0,7.0,8.28,2622.0,2323.0,299.0,5690.0,6.0,6.0,7.0,20.07,1557.0,1250.0,307.0,7247.0,4.0,4.0,4.0,13.03,1667.0,403.0,1264.0,8914.0,12.0,12.0,13.0,9.49,1618.0,613.0,1005.0,10532.0,10.0,11.0,11.0,9.95,2521.0,1175.0,1346.0,13053.0,17.0,17.0,18.0,12.63,,,,,,,,,,,,,,,,,,,,,,,,,
f4956882-dc40-4aec-9aa4-4265662d9511,2025-12-12 15:00:30 UTC,False,17262.0,CFOP,Gan 12 UI Maglev,RandomForest,27069.0,17262.0,,,gan12,custom_rules,,,,8.0,0.0,0.0,17262.0,85.0,85.0,92.0,4.92,4654.0,12519.0,2109.0,0.0,2109.0,2198.0,8.0,8.0,9.0,3.79,0.0,0.0,0.0,2198.0,0.0,0.0,0.0,0.0,5340.0,988.0,4352.0,7538.0,21.0,21.0,25.0,4.83,2071.0,1378.0,693.0,9609.0,10.0,10.0,10.0,14.43,1671.0,430.0,1241.0,11280.0,11.0,11.0,12.0,8.86,3865.0,1022.0,2843.0,15145.0,19.0,19.0,19.0,6.68,2117.0,836.0,1281.0,17262.0,16.0,16.0,17.0,12.49,,,,,,,,,,,,,,,,,,,,,,,,,
2950ac67-0acc-4b50-931b-fc7e20b334a5,2025-12-12 15:01:06 UTC,False,19978.0,CFOP,Gan 12 UI Maglev,RandomForest,6503.0,19978.0,,,gan12,custom_rules,,,,8.0,0.0,0.0,19978.0,81.0,82.0,90.0,4.05,6243.0,13735.0,3467.0,0.0,3467.0,3467.0,8.0,8.0,9.0,2.31,2563.0,797.0,1766.0,6030.0,7.0,7.0,8.0,3.96,2237.0,1028.0,1209.0,8267.0,7.0,7.0,7.0,5.79,2788.0,1676.0,1112.0,11055.0,8.0,8.0,9.0,7.19,1795.0,788.0,1007.0,12850.0,11.0,11.0,11.0,10.92,1689.0,1061.0,628.0,14539.0,9.0,9.0,9.0,14.33,5439.0,893.0,4546.0,19978.0,31.0,32.0,37.0,6.82,,,,,,,,,,,,,,,,,,,,,,,,,
3052a8ee-6af2-406c-9bfb-3db04a964ea7,2025-12-12 15:02:04 UTC,False,23612.0,CFOP,Gan 12 UI Maglev,RandomForest,5990.0,23612.0,,,gan12,custom_rules,,,,8.0,0.0,0.0,23612.0,87.0,91.0,101.0,3.68,6848.0,16764.0,4316.0,0.0,4316.0,4316.0,16.0,16.0,17.0,3.71,0.0,0.0,0.0,4316.0,0.0,0.0,0.0,0.0,4275.0,1970.0,2305.0,8591.0,12.0,12.0,13.0,5.21,3276.0,1678.0,1598.0,11867.0,11.0,11.0,12.0,6.88,2342.0,942.0,1400.0,14209.0,12.0,12.0,13.0,8.57,2697.0,1472.0,1225.0,16906.0,12.0,14.0,15.0,9.8,6706.0,786.0,5920.0,23612.0,24.0,26.0,31.0,4.05,,,,,,,,,,,,,,,,,,,,,,,,,
99bb1e01-91d6-4a9d-a279-7a1ddc09abbe,2025-12-12 15:02:49 UTC,False,17138.0,CFOP,Gan 12 UI Maglev,RandomForest,5405.0,17138.0,,,gan12,custom_rules,,,,8.0,0.0,0.0,17138.0,65.0,66.0,77.0,3.79,8905.0,8233.0,742.0,0.0,742.0,742.0,4.0,4.0,5.0,5.39,2856.0,1857.0,999.0,3598.0,9.0,9.0,10.0,9.01,3776.0,1869.0,1907.0,7374.0,12.0,12.0,13.0,6.29,1130.0,282.0,848.0,8504.0,7.0,7.0,8.0,8.25,2501.0,1841.0,660.0,11005.0,11.0,11.0,11.0,16.67,3788.0,2349.0,1439.0,14793.0,14.0,14.0,17.0,9.73,2345.0,707.0,1638.0,17138.0,10.0,10.0,13.0,6.11,,,,,,,,,,,,,,,,,,,,,,,,,
fa63c66d-a102-4951-a420-990fa6dd4205,2025-12-12 15:03:25 UTC,False,18420.0,CFOP,Gan 12 UI Maglev,RandomForest,6472.0,18420.0,,,gan12,custom_rules,,,,8.0,0.0,0.0,18420.0,70.0,74.0,88.0,3.8,7319.0,11101.0,1056.0,0.0,1056.0,1056.0,6.0,6.0,6.0,5.68,1232.0,1032.0,200.0,2288.0,4.0,4.0,6.0,20.0,3572.0,1835.0,1737.0,5860.0,9.0,9.0,10.0,5.18,1906.0,428.0,1478.0,7766.0,9.0,9.0,9.0,6.09,1593.0,529.0,1064.0,9359.0,8.0,8.0,8.0,7.52,2105.0,990.0,1115.0,11464.0,12.0,12.0,14.0,10.76,6956.0,2505.0,4451.0,18420.0,23.0,27.0,35.0,5.17,,,,,,,,,,,,,,,,,,,,,,,,,
29a04999-6ae5-4427-a1ad-75610c0f4937,2025-12-12 15:04:08 UTC,False,23368.0,CFOP,Gan 12 UI Maglev,RandomForest,5337.0,23368.0,,,gan12,custom_rules,,,,8.0,0.0,0.0,23368.0,87.0,87.0,93.0,3.72,7105.0,16263.0,975.0,0.0,975.0,975.0,5.0,5.0,6.0,5.13,3708.0,2355.0,1353.0,4683.0,9.0,9.0,10.0,6.65,4190.0,876.0,3314.0,8873.0,11.0,11.0,12.0,3.32,2543.0,1007.0,1536.0,11416.0,12.0,12.0,13.0,7.81,6232.0,1093.0,5139.0,17648.0,16.0,16.0,16.0,3.11,2676.0,1048.0,1628.0,20324.0,13.0,13.0,15.0,7.99,3044.0,726.0,2318.0,23368.0,21.0,21.0,21.0,9.06,,,,,,,,,,,,,,,,,,,,,,,,,
1c0755b8-a062-43d4-82db-7823818c3e68,2025-12-12 15:04:37 UTC,False,15585.0,CFOP,Gan 12 UI Maglev,RandomForest,4733.0,15585.0,,,gan12,custom_rules,,,,8.0,0.0,0.0,15585.0,65.0,66.0,75.0,4.17,5124.0,10461.0,2755.0,0.0,2755.0,2755.0,14.0,14.0,15.0,5.08,0.0,0.0,0.0,2755.0,0.0,0.0,0.0,0.0,4035.0,1628.0,2407.0,6790.0,12.0,12.0,15.0,4.99,1632.0,733.0,899.0,8422.0,8.0,8.0,8.0,8.9,1685.0,556.0,1129.0,10107.0,7.0,7.0,7.0,6.2,1837.0,805.0,1032.0,11944.0,8.0,8.0,9.0,7.75,3641.0,1402.0,2239.0,15585.0,16.0,17.0,21.0,7.15,,,,,,,,,,,,,,,,,,,,,,,,,
6483d558-78e6-48c3-ae0a-8dddaebb4599,2025-12-12 15:05:24 UTC,False,21764.0,CFOP,Gan 12 UI Maglev,RandomForest,15574.0,21764.0,,,gan12,custom_rules,,,,8.0,0.0,0.0,21764.0,74.0,85.0,109.0,3.4,6746.0,15018.0,5097.0,0.0,5097.0,5097.0,9.0,9.0,11.0,1.77,1397.0,865.0,532.0,6494.0,4.0,4.0,4.0,7.52,2880.0,1982.0,898.0,9374.0,8.0,8.0,10.0,8.91,2546.0,1579.0,967.0,11920.0,8.0,8.0,9.0,8.27,1193.0,435.0,758.0,13113.0,8.0,8.0,9.0,10.55,2844.0,829.0,2015.0,15957.0,16.0,16.0,17.0,7.94,5807.0,1056.0,4751.0,21764.0,21.0,32.0,49.0,4.42,,,,,,,,,,,,,,,,,,,,,,,,,
73676560-7d20-4565-85ab-541755347e44,2025-12-12 15:05:50 UTC,False,13736.0,CFOP,Gan 12 UI Maglev,RandomForest,2669.0,13736.0,,,gan12,custom_rules,,,,8.0,0.0,0.0,13736.0,68.0,70.0,77.0,4.95,5237.0,8257.0,1039.0,0.0,1039.0,1281.0,6.0,7.0,7.0,5.77,2395.0,315.0,2080.0,3676.0,10.0,10.0,11.0,4.81,1211.0,604.0,607.0,4887.0,6.0,6.0,7.0,9.88,1427.0,403.0,1024.0,6314.0,8.0,8.0,9.0,7.81,2347.0,1703.0,644.0,8661.0,9.0,9.0,9.0,13.98,2306.0,976.0,1330.0,10967.0,13.0,13.0,15.0,9.77,2769.0,1236.0,1533.0,13736.0,16.0,17.0,19.0,10.44,,,,,,,,,,,,,,,,,,,,,,,,,
26136072-4ab0-4af7-8453-7df7c7bcbfba,2025-12-12 15:06:18 UTC,False,14641.0,CFOP,Gan 12 UI Maglev,RandomForest,6472.0,14641.0,,,gan12,custom_rules,,,,8.0,0.0,0.0,14641.0,52.0,52.0,59.0,3.55,6452.0,8189.0,1599.0,0.0,1599.0,1599.0,6.0,6.0,7.0,3.75,2729.0,1778.0,951.0,4328.0,9.0,9.0,9.0,9.46,2460.0,729.0,1731.0,6788.0,7.0,7.0,9.0,4.04,2934.0,1071.0,1863.0,9722.0,9.0,9.0,11.0,4.83,2177.0,1332.0,845.0,11899.0,7.0,7.0,7.0,8.28,2093.0,893.0,1200.0,13992.0,14.0,14.0,15.0,11.67,649.0,649.0,0.0,14641.0,1.0,1.0,1.0,,,,,,,,,,,,,,,,,,,,,,,,,,
0296d13a-3cee-44c3-ba83-25cfa0121eba,2025-12-12 15:06:59 UTC,False,18569.0,CFOP,Gan 12 UI Maglev,RandomForest,12829.0,18569.0,,,gan12,custom_rules,,,,8.0,0.0,0.0,18569.0,69.0,70.0,78.0,3.72,6737.0,11832.0,2025.0,0.0,2025.0,2025.0,7.0,7.0,8.0,3.46,1942.0,482.0,1460.0,3967.0,11.0,11.0,11.0,7.53,2772.0,1298.0,1474.0,6739.0,8.0,8.0,9.0,5.43,2026.0,1438.0,588.0,8765.0,6.0,7.0,7.0,10.2,2121.0,1138.0,983.0,10886.0,8.0,8.0,9.0,8.14,1664.0,867.0,797.0,12550.0,9.0,9.0,10.0,11.29,6019.0,1514.0,4505.0,18569.0,20.0,20.0,24.0,4.44,,,,,,,,,,,,,,,,,,,,,,,,,
80eedc03-301e-4e63-b20e-313909f01c6c,2025-12-12 15:07:36 UTC,False,18491.0,CFOP,Gan 12 UI Maglev,RandomForest,10418.0,18491.0,,,gan12,custom_rules,,,,8.0,0.0,0.0,18491.0,68.0,69.0,76.0,3.68,7679.0,10812.0,1975.0,0.0,1975.0,1975.0,7.0,7.0,9.0,3.54,1712.0,1382.0,330.0,3687.0,4.0,4.0,4.0,12.12,1571.0,693.0,878.0,5258.0,8.0,8.0,9.0,9.11,4222.0,966.0,3256.0,9480.0,10.0,10.0,11.0,3.07,2552.0,2062.0,490.0,12032.0,9.0,9.0,9.0,18.37,2195.0,999.0,1196.0,14227.0,13.0,13.0,13.0,10.87,4264.0,1577.0,2687.0,18491.0,17.0,18.0,21.0,6.33,,,,,,,,,,,,,,,,,,,,,,,,,
e16cf3cc-0901-4928-9814-197bf741e0d3,2025-12-12 15:08:21 UTC,False,29591.0,CFOP,Gan 12 UI Maglev,RandomForest,7830.0,29591.0,,,gan12,custom_rules,,,,8.0,0.0,0.0,29591.0,94.0,96.0,103.0,3.18,11050.0,18541.0,2051.0,0.0,2051.0,2051.0,8.0,8.0,8.0,3.9,5340.0,1120.0,4220.0,7391.0,16.0,16.0,16.0,3.79,951.0,622.0,329.0,8342.0,4.0,4.0,4.0,12.16,1231.0,789.0,442.0,9573.0,8.0,8.0,8.0,18.1,6926.0,2461.0,4465.0,16499.0,16.0,16.0,18.0,3.58,2135.0,1104.0,1031.0,18634.0,11.0,11.0,11.0,10.67,10957.0,4954.0,6003.0,29591.0,31.0,33.0,38.0,5.16,,,,,,,,,,,,,,,,,,,,,,,,,
d45b3153-3483-4b9d-b7db-d3588bfa7ac8,2025-12-12 15:09:16 UTC,False,13708.0,CFOP,Gan 12 UI Maglev,RandomForest,13286.0,13708.0,,,gan12,custom_rules,,,,8.0,0.0,0.0,13708.0,59.0,60.0,71.0,4.3,5357.0,8351.0,1725.0,0.0,1725.0,1725.0,6.0,6.0,8.0,3.48,1406.0,500.0,906.0,3131.0,6.0,7.0,8.0,6.62,3182.0,1628.0,1554.0,6313.0,10.0,10.0,13.0,6.44,1672.0,547.0,1125.0,7985.0,8.0,8.0,8.0,7.11,975.0,331.0,644.0,8960.0,7.0,7.0,8.0,10.87,1701.0,734.0,967.0,10661.0,7.0,7.0,7.0,7.24,3047.0,1617.0,1430.0,13708.0,16.0,16.0,19.0,11.19,,,,,,,,,,,,,,,,,,,,,,,,,
9d90f378-94e4-4ae0-9898-12d05cca4b4a,2025-12-12 15:09:49 UTC,False,16731.0,CFOP,Gan 12 UI Maglev,RandomForest,8223.0,16731.0,,,gan12,custom_rules,,,,8.0,0.0,0.0,16731.0,66.0,68.0,80.0,3.94,6347.0,10384.0,1852.0,0.0,1852.0,1852.0,6.0,6.0,8.0,3.24,2752.0,1632.0,1120.0,4604.0,8.0,8.0,10.0,7.14,3294.0,1186.0,2108.0,7898.0,12.0,12.0,14.0,5.69,2744.0,718.0,2026.0,10642.0,10.0,10.0,10.0,4.94,1271.0,401.0,870.0,11913.0,8.0,8.0,11.0,9.2,1393.0,620.0,773.0,13306.0,9.0,10.0,10.0,11.64,3425.0,1790.0,1635.0,16731.0,14.0,15.0,17.0,8.56,,,,,,,,,,,,,,,,,,,,,,,,,
e385e881-1dde-4928-99af-e06c99891828,2025-12-12 15:10:19 UTC,False,14608.0,CFOP,Gan 12 UI Maglev,RandomForest,5708.0,14608.0,,,gan12,custom_rules,,,,8.0,0.0,0.0,14608.0,71.0,72.0,77.0,4.86,5342.0,9186.0,1820.0,0.0,1820.0,1900.0,6.0,6.0,9.0,3.3,1869.0,943.0,926.0,3769.0,7.0,7.0,8.0,7.56,2853.0,1683.0,1170.0,6622.0,8.0,8.0,8.0,6.84,1490.0,160.0,1330.0,8112.0,11.0,11.0,12.0,8.27,2142.0,756.0,1386.0,10254.0,11.0,11.0,11.0,7.94,1724.0,661.0,1063.0,11978.0,10.0,11.0,11.0,9.41,2630.0,1139.0,1491.0,14608.0,18.0,18.0,18.0,12.07,,,,,,,,,,,,,,,,,,,,,,,,,
a69b0daa-7e2b-4796-a6eb-2aa05f14ab26,2025-12-12 15:10:55 UTC,False,13177.0,CFOP,Gan 12 UI Maglev,RandomForest,13848.0,13177.0,,,gan12,custom_rules,,,,8.0,0.0,0.0,13177.0,60.0,60.0,69.0,4.55,5541.0,7636.0,1713.0,0.0,1713.0,1713.0,7.0,7.0,8.0,4.09,0.0,0.0,0.0,1713.0,0.0,0.0,0.0,0.0,1632.0,830.0,802.0,3345.0,8.0,8.0,10.0,9.98,1756.0,789.0,967.0,5101.0,8.0,8.0,9.0,8.27,2313.0,1693.0,620.0,7414.0,10.0,10.0,11.0,16.13,2136.0,1233.0,903.0,9550.0,11.0,11.0,12.0,12.18,3627.0,996.0,2631.0,13177.0,16.0,16.0,19.0,6.08,,,,,,,,,,,,,,,,,,,,,,,,,
f69db6a0-355a-4102-8306-756537a91854,2025-12-12 15:12:03 UTC,False,15512.0,CFOP,Gan 12 UI Maglev,RandomForest,42129.0,15512.0,,,gan12,custom_rules,,,,8.0,0.0,0.0,15512.0,48.0,48.0,59.0,3.09,9254.0,6258.0,1281.0,0.0,1281.0,1281.0,5.0,5.0,6.0,3.9,1392.0,1199.0,193.0,2673.0,5.0,5.0,5.0,25.91,5519.0,4150.0,1369.0,8192.0,7.0,7.0,7.0,5.11,1584.0,745.0,839.0,9776.0,7.0,7.0,8.0,8.34,1669.0,1380.0,289.0,11445.0,4.0,4.0,4.0,13.84,2038.0,935.0,1103.0,13483.0,10.0,10.0,16.0,9.07,2029.0,845.0,1184.0,15512.0,10.0,10.0,13.0,8.45,,,,,,,,,,,,,,,,,,,,,,,,,
cb54b46b-02cc-459e-8c63-c208202f4774,2025-12-12 15:13:08 UTC,False,12217.0,CFOP,Gan 12 UI Maglev,RandomForest,12332.0,12217.0,,,gan12,custom_rules,,,,8.0,0.0,0.0,12217.0,56.0,60.0,70.0,4.58,4463.0,7673.0,2031.0,0.0,2031.0,2112.0,6.0,6.0,7.0,2.95,2136.0,1144.0,992.0,4248.0,8.0,8.0,9.0,8.06,1612.0,855.0,757.0,5860.0,7.0,7.0,7.0,9.25,1707.0,780.0,927.0,7567.0,8.0,8.0,10.0,8.63,1314.0,242.0,1072.0,8881.0,7.0,7.0,7.0,6.53,1628.0,669.0,959.0,10509.0,11.0,11.0,12.0,11.47,1708.0,773.0,935.0,12217.0,9.0,13.0,18.0,9.63,,,,,,,,,,,,,,,,,,,,,,,,,
b59d9a27-a73f-4f0b-928d-0dbd5e9cd01b,2025-12-12 15:14:01 UTC,False,14754.0,CFOP,Gan 12 UI Maglev,RandomForest,27481.0,14754.0,,,gan12,custom_rules,,,,8.0,0.0,0.0,14754.0,67.0,69.0,80.0,4.54,4900.0,9653.0,1660.0,0.0,1660.0,1861.0,8.0,9.0,10.0,4.82,1281.0,661.0,620.0,3142.0,8.0,8.0,8.0,12.9,2927.0,588.0,2339.0,6069.0,9.0,9.0,10.0,3.85,1827.0,80.0,1747.0,7896.0,12.0,12.0,13.0,6.87,1241.0,790.0,451.0,9137.0,4.0,4.0,4.0,8.87,2043.0,597.0,1446.0,11180.0,11.0,11.0,15.0,7.61,3574.0,2184.0,1390.0,14754.0,16.0,17.0,20.0,11.51,,,,,,,,,,,,,,,,,,,,,,,,,
41133895-09d2-4540-8b20-e87b970926a4,2025-12-12 15:14:47 UTC,False,19652.0,CFOP,Gan 12 UI Maglev,RandomForest,17030.0,19652.0,,,gan12,custom_rules,,,,8.0,0.0,0.0,19652.0,73.0,75.0,89.0,3.71,5124.0,14528.0,7535.0,0.0,7535.0,7535.0,22.0,24.0,30.0,2.92,0.0,0.0,0.0,7535.0,0.0,0.0,0.0,0.0,2591.0,821.0,1770.0,10126.0,8.0,8.0,8.0,4.52,2330.0,797.0,1533.0,12456.0,12.0,12.0,14.0,7.83,2311.0,1255.0,1056.0,14767.0,8.0,8.0,10.0,7.58,2076.0,876.0,1200.0,16843.0,13.0,13.0,14.0,10.83,2809.0,1375.0,1434.0,19652.0,10.0,10.0,13.0,6.97,,,,,,,,,,,,,,,,,,,,,,,,,
8939dd76-ac65-41af-873a-32754665a14f,2025-12-12 15:15:24 UTC,False,16234.0,CFOP,Gan 12 UI Maglev,RandomForest,10514.0,16234.0,,,gan12,custom_rules,,,,8.0,0.0,0.0,16234.0,70.0,76.0,85.0,4.31,5691.0,10543.0,2182.0,0.0,2182.0,2182.0,9.0,9.0,10.0,4.12,1418.0,410.0,1008.0,3600.0,8.0,8.0,8.0,7.94,2139.0,1080.0,1059.0,5739.0,8.0,8.0,8.0,7.55,1419.0,290.0,1129.0,7158.0,8.0,8.0,9.0,7.09,3922.0,1104.0,2818.0,11080.0,17.0,17.0,18.0,6.03,3038.0,1714.0,1324.0,14118.0,12.0,14.0,15.0,9.06,2116.0,1093.0,1023.0,16234.0,8.0,12.0,17.0,7.82,,,,,,,,,,,,,,,,,,,,,,,,,
d82ecbae-dd77-42bd-9936-51c80f16c204,2025-12-12 15:16:02 UTC,False,14936.0,CFOP,Gan 12 UI Maglev,RandomForest,11956.0,14936.0,,,gan12,custom_rules,,,,8.0,0.0,0.0,14936.0,59.0,60.0,71.0,3.95,7867.0,7069.0,1209.0,0.0,1209.0,1209.0,6.0,6.0,6.0,4.96,3222.0,2252.0,970.0,4431.0,8.0,8.0,9.0,8.25,2721.0,1605.0,1116.0,7152.0,9.0,10.0,10.0,8.06,2291.0,1314.0,977.0,9443.0,9.0,9.0,11.0,9.21,1751.0,1025.0,726.0,11194.0,8.0,8.0,9.0,11.02,1932.0,949.0,983.0,13126.0,11.0,11.0,14.0,11.19,1810.0,722.0,1088.0,14936.0,9.0,9.0,12.0,8.27,,,,,,,,,,,,,,,,,,,,,,,,,
b61b83b2-1bba-4c2c-a63d-9ece55fac7e8,2025-12-12 15:16:33 UTC,False,16961.0,CFOP,Gan 12 UI Maglev,RandomForest,4190.0,16961.0,,,gan12,custom_rules,,,,8.0,0.0,0.0,16961.0,69.0,70.0,78.0,4.07,5510.0,11451.0,3111.0,0.0,3111.0,3111.0,8.0,8.0,8.0,2.57,2536.0,1457.0,1079.0,5647.0,9.0,9.0,10.0,8.34,1358.0,1020.0,338.0,7005.0,4.0,4.0,5.0,11.83,1561.0,467.0,1094.0,8566.0,7.0,7.0,8.0,6.4,2088.0,491.0,1597.0,10654.0,11.0,11.0,12.0,6.89,4007.0,940.0,3067.0,14661.0,17.0,18.0,19.0,5.54,2300.0,1135.0,1165.0,16961.0,14.0,14.0,16.0,12.02,,,,,,,,,,,,,,,,,,,,,,,,,
f0087deb-f26a-4a37-8ddf-82311bbb6ecf,2025-12-12 15:17:21 UTC,False,14353.0,CFOP,Gan 12 UI Maglev,RandomForest,23830.0,14353.0,,,gan12,custom_rules,,,,8.0,0.0,0.0,14353.0,62.0,63.0,68.0,4.32,6924.0,7429.0,1097.0,0.0,1097.0,1097.0,4.0,4.0,5.0,3.65,1480.0,1174.0,306.0,2577.0,4.0,4.0,4.0,13.07,3377.0,1733.0,1644.0,5954.0,13.0,13.0,16.0,7.91,2345.0,411.0,1934.0,8299.0,11.0,12.0,12.0,5.69,1578.0,1368.0,210.0,9877.0,4.0,4.0,4.0,19.05,1765.0,919.0,846.0,11642.0,11.0,11.0,11.0,13.0,2711.0,1319.0,1392.0,14353.0,15.0,15.0,16.0,10.78,,,,,,,,,,,,,,,,,,,,,,,,,
7102940c-6b3a-407e-8f57-07e25959fe17,2025-12-12 15:17:53 UTC,False,17211.0,CFOP,Gan 12 UI Maglev,RandomForest,4930.0,17211.0,,,gan12,custom_rules,,,,8.0,0.0,0.0,17211.0,59.0,61.0,70.0,3.43,8009.0,9106.0,822.0,0.0,822.0,918.0,4.0,4.0,6.0,4.87,2599.0,371.0,2228.0,3517.0,8.0,9.0,9.0,3.59,3090.0,2840.0,250.0,6607.0,7.0,7.0,8.0,28.0,1819.0,1360.0,459.0,8426.0,7.0,7.0,8.0,15.25,2094.0,1039.0,1055.0,10520.0,7.0,7.0,8.0,6.64,1329.0,491.0,838.0,11849.0,8.0,8.0,8.0,9.55,5362.0,1908.0,3454.0,17211.0,19.0,20.0,23.0,5.5,,,,,,,,,,,,,,,,,,,,,,,,,
34ed43fd-448c-4df2-9c1b-da4d20f0d58e,2025-12-12 15:18:24 UTC,False,17343.0,CFOP,Gan 12 UI Maglev,RandomForest,4431.0,17343.0,,,gan12,custom_rules,,,,8.0,0.0,0.0,17343.0,64.0,68.0,76.0,3.69,8496.0,8743.0,1690.0,0.0,1690.0,1794.0,6.0,8.0,9.0,3.55,3554.0,2684.0,870.0,5348.0,7.0,7.0,7.0,8.05,1470.0,508.0,962.0,6818.0,8.0,8.0,9.0,8.32,1926.0,1072.0,854.0,8744.0,5.0,6.0,7.0,5.85,3958.0,2132.0,1826.0,12702.0,11.0,11.0,12.0,6.02,2026.0,1108.0,918.0,14728.0,11.0,11.0,11.0,11.98,2615.0,992.0,1623.0,17343.0,16.0,17.0,21.0,9.86,,,,,,,,,,,,,,,,,,,,,,,,,
eeab7974-55c0-48c4-be2d-fcd92b1b63f5,2025-12-12 15:18:54 UTC,False,15164.0,CFOP,Gan 12 UI Maglev,RandomForest,6533.0,15164.0,,,gan12,custom_rules,,,,8.0,0.0,0.0,15164.0,66.0,67.0,75.0,4.35,6091.0,9073.0,2480.0,0.0,2480.0,2480.0,8.0,8.0,9.0,3.23,1489.0,877.0,612.0,3969.0,6.0,6.0,7.0,9.8,2271.0,1369.0,902.0,6240.0,8.0,8.0,9.0,8.87,1537.0,522.0,1015.0,7777.0,8.0,8.0,9.0,7.88,1474.0,950.0,524.0,9251.0,6.0,6.0,6.0,11.45,1902.0,1137.0,765.0,11153.0,9.0,9.0,9.0,11.76,4011.0,1236.0,2775.0,15164.0,21.0,22.0,26.0,7.57,,,,,,,,,,,,,,,,,,,,,,,,,
ec309c72-fba9-4e1b-8d19-eb5883f2ebf2,2025-12-12 15:20:50 UTC,False,23450.0,CFOP,Gan 12 UI Maglev,RandomForest,7871.0,23450.0,,,gan12,custom_rules,,,,8.0,0.0,0.0,23450.0,96.0,100.0,109.0,4.09,6819.0,16591.0,1991.0,0.0,1991.0,2031.0,9.0,11.0,11.0,4.52,2465.0,991.0,1474.0,4496.0,10.0,10.0,14.0,6.78,2119.0,870.0,1249.0,6615.0,7.0,7.0,8.0,5.6,3342.0,742.0,2600.0,9957.0,13.0,13.0,14.0,5.0,902.0,605.0,297.0,10859.0,4.0,4.0,4.0,13.47,7885.0,1790.0,6095.0,18744.0,35.0,37.0,39.0,5.74,4706.0,1821.0,2885.0,23450.0,18.0,18.0,19.0,6.24,,,,,,,,,,,,,,,,,,,,,,,,,
ef0b6b54-086f-48dd-82ec-87c8336117a2,2025-12-12 15:21:30 UTC,False,18745.0,CFOP,Gan 12 UI Maglev,RandomForest,11581.0,18745.0,,,gan12,custom_rules,,,,8.0,0.0,0.0,18745.0,61.0,62.0,73.0,3.25,9405.0,9340.0,2046.0,0.0,2046.0,2046.0,8.0,8.0,9.0,3.91,2159.0,1072.0,1087.0,4205.0,9.0,9.0,10.0,8.28,2061.0,363.0,1698.0,6266.0,8.0,8.0,8.0,4.71,1393.0,482.0,911.0,7659.0,8.0,8.0,9.0,8.78,1336.0,250.0,1086.0,8995.0,7.0,7.0,10.0,6.45,1772.0,950.0,822.0,10767.0,11.0,11.0,11.0,13.38,7978.0,6288.0,1690.0,18745.0,11.0,11.0,16.0,6.51,,,,,,,,,,,,,,,,,,,,,,,,,
c39f9f44-9c19-4a3c-9ffa-a10e8b2a3cce,2025-12-12 15:22:02 UTC,False,12496.0,CFOP,Gan 12 UI Maglev,RandomForest,11008.0,12496.0,,,gan12,custom_rules,,,,8.0,0.0,0.0,12496.0,63.0,64.0,71.0,5.04,5330.0,7109.0,733.0,0.0,733.0,790.0,5.0,5.0,6.0,6.82,1903.0,783.0,1120.0,2693.0,7.0,7.0,7.0,6.25,1595.0,499.0,1096.0,4288.0,8.0,8.0,9.0,7.3,2056.0,872.0,1184.0,6344.0,7.0,7.0,7.0,5.91,2034.0,1334.0,700.0,8378.0,9.0,9.0,11.0,12.86,2058.0,982.0,1076.0,10436.0,13.0,13.0,14.0,12.08,2060.0,860.0,1200.0,12496.0,14.0,15.0,17.0,11.67,,,,,,,,,,,,,,,,,,,,,,,,,
69e0333b-ac42-4d2c-9ed3-14d97dfb0d0d,2025-12-12 15:23:00 UTC,False,14220.0,CFOP,Gan 12 UI Maglev,RandomForest,33476.0,14220.0,,,gan12,custom_rules,,,,8.0,0.0,0.0,14220.0,62.0,66.0,78.0,4.36,5555.0,8665.0,1525.0,0.0,1525.0,1525.0,6.0,6.0,7.0,3.93,1039.0,371.0,668.0,2564.0,6.0,6.0,8.0,8.98,2640.0,451.0,2189.0,5204.0,12.0,12.0,12.0,5.48,2700.0,781.0,1919.0,7904.0,16.0,16.0,17.0,8.34,2107.0,1302.0,805.0,10011.0,7.0,7.0,9.0,8.7,2120.0,1518.0,602.0,12131.0,8.0,8.0,8.0,13.29,2089.0,1132.0,957.0,14220.0,8.0,12.0,17.0,8.36,,,,,,,,,,,,,,,,,,,,,,,,,
cc65ed10-34b7-4a0a-beaf-61d29bbf606a,2025-12-12 15:23:54 UTC,False,28885.0,CFOP,Gan 12 UI Maglev,RandomForest,16170.0,28885.0,,,gan12,custom_rules,,,,8.0,0.0,0.0,28885.0,94.0,95.0,105.0,3.25,13613.0,15175.0,3856.0,0.0,3856.0,3953.0,13.0,13.0,16.0,3.37,5029.0,1253.0,3776.0,8982.0,17.0,17.0,18.0,4.5,2737.0,2544.0,193.0,11719.0,5.0,5.0,5.0,25.91,3806.0,942.0,2864.0,15525.0,21.0,21.0,25.0,7.33,1489.0,902.0,587.0,17014.0,6.0,7.0,7.0,10.22,1698.0,819.0,879.0,18712.0,12.0,12.0,13.0,13.65,10173.0,7153.0,3020.0,28885.0,20.0,20.0,21.0,6.62,,,,,,,,,,,,,,,,,,,,,,,,,
41f0511d-a07e-42ea-8712-ade3ba68b0ee,2025-12-12 15:24:38 UTC,False,18680.0,CFOP,Gan 12 UI Maglev,RandomForest,4516.0,18680.0,,,gan12,custom_rules,,,,8.0,0.0,0.0,18680.0,83.0,86.0,104.0,4.44,5414.0,13266.0,927.0,0.0,927.0,927.0,5.0,5.0,6.0,5.39,1844.0,475.0,1369.0,2771.0,11.0,11.0,12.0,8.04,2817.0,1183.0,1634.0,5588.0,10.0,11.0,13.0,6.12,987.0,806.0,181.0,6575.0,4.0,4.0,4.0,22.1,1394.0,644.0,750.0,7969.0,8.0,8.0,9.0,10.67,3815.0,836.0,2979.0,11784.0,19.0,20.0,24.0,6.38,6896.0,1470.0,5426.0,18680.0,26.0,27.0,36.0,4.79,,,,,,,,,,,,,,,,,,,,,,,,,
f273a541-0ace-43a5-b227-e20e0c99c019,2025-12-12 15:25:08 UTC,False,13892.0,CFOP,Gan 12 UI Maglev,RandomForest,5257.0,13892.0,,,gan12,custom_rules,,,,8.0,0.0,0.0,13892.0,63.0,63.0,73.0,4.53,6224.0,7668.0,660.0,0.0,660.0,660.0,4.0,4.0,4.0,6.06,2333.0,1238.0,1095.0,2993.0,8.0,8.0,9.0,7.31,1873.0,746.0,1127.0,4866.0,8.0,8.0,8.0,7.1,1387.0,357.0,1030.0,6253.0,8.0,8.0,9.0,7.77,2730.0,1606.0,1124.0,8983.0,12.0,12.0,14.0,10.68,2032.0,837.0,1195.0,11015.0,12.0,12.0,14.0,10.04,2877.0,1440.0,1437.0,13892.0,11.0,11.0,15.0,7.65,,,,,,,,,,,,,,,,,,,,,,,,,
a048ccbf-1359-4a40-b457-b2a3b9bb7c49,2025-12-12 15:25:49 UTC,False,20958.0,CFOP,Gan 12 UI Maglev,RandomForest,10459.0,20958.0,,,gan12,custom_rules,,,,8.0,0.0,0.0,20958.0,83.0,89.0,105.0,3.96,6769.0,14189.0,1603.0,0.0,1603.0,1603.0,8.0,9.0,9.0,4.99,2922.0,838.0,2084.0,4525.0,18.0,18.0,19.0,8.64,4088.0,2134.0,1954.0,8613.0,12.0,12.0,16.0,6.14,2954.0,588.0,2366.0,11567.0,11.0,11.0,12.0,4.65,2203.0,661.0,1542.0,13770.0,8.0,8.0,9.0,5.19,3804.0,916.0,2888.0,17574.0,17.0,18.0,21.0,5.89,3384.0,1632.0,1752.0,20958.0,9.0,13.0,19.0,5.14,,,,,,,,,,,,,,,,,,,,,,,,,
33830676-686d-4640-81cf-f09a864e27a3,2025-12-12 15:26:30 UTC,False,15371.0,CFOP,Gan 12 UI Maglev,RandomForest,16645.0,15371.0,,,gan12,custom_rules,,,,8.0,0.0,0.0,15371.0,58.0,60.0,68.0,3.77,6571.0,8800.0,2017.0,0.0,2017.0,2017.0,8.0,8.0,9.0,3.97,3058.0,2043.0,1015.0,5075.0,8.0,8.0,9.0,7.88,2312.0,1165.0,1147.0,7387.0,6.0,7.0,8.0,5.23,2502.0,1273.0,1229.0,9889.0,7.0,7.0,8.0,5.7,1168.0,314.0,854.0,11057.0,7.0,7.0,8.0,8.2,1736.0,805.0,931.0,12793.0,9.0,9.0,9.0,9.67,2578.0,971.0,1607.0,15371.0,14.0,15.0,17.0,8.71,,,,,,,,,,,,,,,,,,,,,,,,,
a785a8aa-61a6-4d14-bc13-09f0cf91a367,2025-12-12 15:27:14 UTC,False,14652.0,CFOP,Gan 12 UI Maglev,RandomForest,20568.0,14652.0,,,gan12,custom_rules,,,,8.0,0.0,0.0,14652.0,66.0,69.0,80.0,4.5,5251.0,9401.0,1954.0,0.0,1954.0,1954.0,6.0,6.0,6.0,3.07,1474.0,410.0,1064.0,3428.0,7.0,7.0,7.0,6.58,1332.0,140.0,1192.0,4760.0,6.0,6.0,7.0,5.03,2489.0,1093.0,1396.0,7249.0,11.0,12.0,13.0,7.88,1739.0,491.0,1248.0,8988.0,11.0,11.0,12.0,8.81,2582.0,1543.0,1039.0,11570.0,10.0,10.0,14.0,9.62,3082.0,1574.0,1508.0,14652.0,16.0,18.0,21.0,10.61,,,,,,,,,,,,,,,,,,,,,,,,,
7e570848-8158-4954-81ba-11dda85b810c,2025-12-12 15:27:54 UTC,False,20890.0,CFOP,Gan 12 UI Maglev,RandomForest,9179.0,20890.0,,,gan12,custom_rules,,,,8.0,0.0,0.0,20890.0,83.0,88.0,99.0,3.97,8261.0,12629.0,1136.0,0.0,1136.0,1136.0,6.0,6.0,6.0,5.28,2432.0,1142.0,1290.0,3568.0,9.0,10.0,10.0,6.98,2142.0,676.0,1466.0,5710.0,7.0,7.0,8.0,4.77,2424.0,974.0,1450.0,8134.0,8.0,8.0,9.0,5.52,2027.0,1222.0,805.0,10161.0,9.0,9.0,10.0,11.18,4667.0,3088.0,1579.0,14828.0,20.0,20.0,21.0,12.67,6062.0,1159.0,4903.0,20890.0,24.0,28.0,35.0,4.89,,,,,,,,,,,,,,,,,,,,,,,,,
e857a642-a69a-4bde-b926-bea20d6f5629,2025-12-12 15:28:37 UTC,False,28074.0,CFOP,Gan 12 UI Maglev,RandomForest,6690.0,28074.0,,,gan12,custom_rules,,,,8.0,0.0,0.0,28074.0,92.0,98.0,114.0,3.28,4196.0,23878.0,13898.0,0.0,13898.0,13898.0,33.0,34.0,38.0,2.37,0.0,0.0,0.0,13898.0,0.0,0.0,0.0,0.0,0.0,0.0,0.0,13898.0,0.0,0.0,0.0,0.0,5544.0,306.0,5238.0,19442.0,22.0,23.0,25.0,4.2,4153.0,1618.0,2535.0,23595.0,18.0,18.0,19.0,7.1,1923.0,875.0,1048.0,25518.0,10.0,10.0,13.0,9.54,2556.0,1397.0,1159.0,28074.0,9.0,13.0,19.0,7.77,,,,,,,,,,,,,,,,,,,,,,,,,
806c8e8a-8fd6-41d3-a731-2bff83d43a22,2025-12-12 15:29:20 UTC,False,18569.0,CFOP,Gan 12 UI Maglev,RandomForest,15547.0,18569.0,,,gan12,custom_rules,,,,8.0,0.0,0.0,18569.0,68.0,71.0,80.0,3.66,6718.0,11851.0,3451.0,0.0,3451.0,3451.0,8.0,8.0,9.0,2.32,2295.0,1176.0,1119.0,5746.0,7.0,7.0,7.0,6.26,4364.0,2523.0,1841.0,10110.0,13.0,13.0,14.0,7.06,1610.0,516.0,1094.0,11720.0,6.0,7.0,7.0,5.48,1232.0,499.0,733.0,12952.0,8.0,8.0,10.0,10.91,2164.0,660.0,1504.0,15116.0,11.0,11.0,12.0,7.31,3453.0,1344.0,2109.0,18569.0,16.0,18.0,21.0,7.59,,,,,,,,,,,,,,,,,,,,,,,,,
41d97bb4-8ae8-4bbf-9608-e7b726232ade,2025-12-12 15:30:23 UTC,False,15674.0,CFOP,Gan 12 UI Maglev,RandomForest,38879.0,15674.0,,,gan12,custom_rules,,,,8.0,0.0,0.0,15674.0,66.0,73.0,89.0,4.21,5755.0,9919.0,2665.0,0.0,2665.0,2665.0,9.0,9.0,10.0,3.38,2865.0,1043.0,1822.0,5530.0,12.0,12.0,13.0,6.59,2089.0,1267.0,822.0,7619.0,8.0,8.0,10.0,9.73,1857.0,946.0,911.0,9476.0,7.0,7.0,9.0,7.68,2533.0,953.0,1580.0,12009.0,11.0,13.0,14.0,6.96,1414.0,706.0,708.0,13423.0,8.0,8.0,9.0,11.3,2251.0,840.0,1411.0,15674.0,11.0,16.0,24.0,7.8,,,,,,,,,,,,,,,,,,,,,,,,,
d9743a7f-5f9e-422f-850b-b3637d0db9c8,2025-12-12 15:31:07 UTC,False,12446.0,CFOP,Gan 12 UI Maglev,RandomForest,12486.0,12446.0,,,gan12,custom_rules,,,,8.0,0.0,0.0,12446.0,63.0,64.0,81.0,5.06,3732.0,8714.0,1209.0,0.0,1209.0,1209.0,5.0,5.0,7.0,4.14,1643.0,660.0,983.0,2852.0,8.0,8.0,8.0,8.14,1331.0,260.0,1071.0,4183.0,7.0,7.0,8.0,6.54,2329.0,526.0,1803.0,6512.0,12.0,12.0,14.0,6.66,1176.0,475.0,701.0,7688.0,7.0,7.0,9.0,9.99,2538.0,924.0,1614.0,10226.0,11.0,11.0,17.0,6.82,2220.0,887.0,1333.0,12446.0,15.0,16.0,18.0,11.25,,,,,,,,,,,,,,,,,,,,,,,,,
e2630abf-1d8f-4617-b9f3-de135948e8c5,2025-12-12 15:31:44 UTC,False,10116.0,CFOP,Gan 12 UI Maglev,RandomForest,17692.0,10116.0,,,gan12,custom_rules,,,,8.0,0.0,0.0,10116.0,52.0,53.0,60.0,5.14,2998.0,7118.0,1233.0,0.0,1233.0,1233.0,5.0,5.0,6.0,4.06,1599.0,225.0,1374.0,2832.0,8.0,9.0,10.0,5.82,1177.0,339.0,838.0,4009.0,7.0,7.0,8.0,8.35,1685.0,435.0,1250.0,5694.0,7.0,7.0,8.0,5.6,1441.0,484.0,957.0,7135.0,10.0,10.0,11.0,10.45,2186.0,1002.0,1184.0,9321.0,13.0,13.0,14.0,10.98,795.0,513.0,282.0,10116.0,2.0,2.0,3.0,7.09,,,,,,,,,,,,,,,,,,,,,,,,,
6f1cd38c-6184-4006-8e2c-0067346337f4,2025-12-12 15:32:21 UTC,False,15818.0,CFOP,Gan 12 UI Maglev,RandomForest,5284.0,15818.0,,,gan12,custom_rules,,,,8.0,0.0,0.0,15818.0,66.0,68.0,81.0,4.17,6296.0,9522.0,1844.0,0.0,1844.0,1844.0,8.0,8.0,9.0,4.34,1104.0,427.0,677.0,2948.0,6.0,6.0,8.0,8.86,2273.0,887.0,1386.0,5221.0,7.0,7.0,7.0,5.05,3124.0,1150.0,1974.0,8345.0,15.0,15.0,18.0,7.6,1787.0,1134.0,653.0,10132.0,8.0,8.0,9.0,12.25,1410.0,686.0,724.0,11542.0,7.0,7.0,8.0,9.67,4276.0,2012.0,2264.0,15818.0,16.0,18.0,22.0,7.07,,,,,,,,,,,,,,,,,,,,,,,,,
d4b1cc4e-d70f-4fc0-9330-a85fd94c4b49,2025-12-12 15:33:30 UTC,False,17834.0,CFOP,Gan 12 UI Maglev,RandomForest,41285.0,17834.0,,,gan12,custom_rules,,,,8.0,0.0,0.0,17834.0,67.0,67.0,72.0,3.76,10041.0,7793.0,797.0,0.0,797.0,797.0,4.0,4.0,4.0,5.02,8528.0,5834.0,2694.0,9325.0,18.0,18.0,18.0,6.68,2170.0,758.0,1412.0,11495.0,8.0,8.0,8.0,5.67,1112.0,830.0,282.0,12607.0,4.0,4.0,5.0,14.18,1580.0,1145.0,435.0,14187.0,8.0,8.0,8.0,18.39,1662.0,684.0,978.0,15849.0,10.0,10.0,13.0,10.22,1985.0,790.0,1195.0,17834.0,15.0,15.0,16.0,12.55,,,,,,,,,,,,,,,,,,,,,,,,,
136698e4-7aa0-4dc6-9475-6592a0a57784,2025-12-12 15:34:08 UTC,False,13990.0,CFOP,Gan 12 UI Maglev,RandomForest,11995.0,13990.0,,,gan12,custom_rules,,,,8.0,0.0,0.0,13990.0,60.0,65.0,77.0,4.29,5918.0,8072.0,1903.0,0.0,1903.0,1903.0,6.0,8.0,14.0,3.15,1617.0,273.0,1344.0,3520.0,7.0,7.0,7.0,5.21,2393.0,1361.0,1032.0,5913.0,7.0,7.0,7.0,6.78,1664.0,874.0,790.0,7577.0,7.0,7.0,8.0,8.86,1378.0,902.0,476.0,8955.0,7.0,7.0,7.0,14.71,2705.0,1420.0,1285.0,11660.0,11.0,13.0,16.0,8.56,2330.0,1088.0,1242.0,13990.0,15.0,16.0,18.0,12.08,,,,,,,,,,,,,,,,,,,,,,,,,
b9500b0a-c4b2-4094-a281-c461aeff977d,2025-12-12 15:34:51 UTC,False,16682.0,CFOP,Gan 12 UI Maglev,RandomForest,17824.0,16682.0,,,gan12,custom_rules,,,,8.0,0.0,0.0,16682.0,75.0,83.0,104.0,4.5,5315.0,11367.0,2296.0,0.0,2296.0,2296.0,8.0,8.0,10.0,3.48,2017.0,1098.0,919.0,4313.0,12.0,12.0,12.0,13.06,1762.0,866.0,896.0,6075.0,7.0,7.0,8.0,7.81,1861.0,534.0,1327.0,7936.0,8.0,8.0,8.0,6.03,1978.0,838.0,1140.0,9914.0,12.0,12.0,13.0,10.53,2101.0,943.0,1158.0,12015.0,10.0,10.0,15.0,8.64,4667.0,1036.0,3631.0,16682.0,18.0,26.0,38.0,4.96,,,,,,,,,,,,,,,,,,,,,,,,,
e1fadf4f-cc8d-4e5f-9bf7-5ba08136cf05,2025-12-12 15:35:28 UTC,False,19855.0,CFOP,Gan 12 UI Maglev,RandomForest,3180.0,19855.0,,,gan12,custom_rules,,,,8.0,0.0,0.0,19855.0,61.0,65.0,78.0,3.07,6277.0,13578.0,2743.0,0.0,2743.0,2743.0,7.0,7.0,9.0,2.55,2144.0,1049.0,1095.0,4887.0,7.0,7.0,7.0,6.39,5493.0,857.0,4636.0,10380.0,17.0,17.0,21.0,3.67,2409.0,1313.0,1096.0,12789.0,7.0,7.0,7.0,6.39,1664.0,644.0,1020.0,14453.0,8.0,8.0,10.0,7.84,2504.0,1288.0,1216.0,16957.0,7.0,7.0,7.0,5.76,2898.0,1126.0,1772.0,19855.0,8.0,12.0,17.0,4.51,,,,,,,,,,,,,,,,,,,,,,,,,
647d8113-8127-4861-bab1-201ede50ec44,2025-12-12 15:36:23 UTC,False,22136.0,CFOP,Gan 12 UI Maglev,RandomForest,24199.0,22136.0,,,gan12,custom_rules,,,,8.0,0.0,0.0,22136.0,77.0,86.0,98.0,3.48,6645.0,15491.0,7635.0,0.0,7635.0,7635.0,20.0,23.0,23.0,2.62,0.0,0.0,0.0,7635.0,0.0,0.0,0.0,0.0,3395.0,2316.0,1079.0,11030.0,10.0,10.0,11.0,9.27,2628.0,1233.0,1395.0,13658.0,8.0,8.0,9.0,5.73,2404.0,1428.0,976.0,16062.0,8.0,8.0,10.0,8.2,1453.0,733.0,720.0,17515.0,8.0,8.0,9.0,11.11,4621.0,935.0,3686.0,22136.0,23.0,29.0,36.0,6.24,,,,,,,,,,,,,,,,,,,,,,,,,
d8cf7fb8-b25b-4233-a147-04fe233c2943,2025-12-12 15:36:57 UTC,False,19462.0,CFOP,Gan 12 UI Maglev,RandomForest,2720.0,19462.0,,,gan12,custom_rules,,,,8.0,0.0,0.0,19462.0,74.0,81.0,98.0,3.8,4191.0,15271.0,4999.0,0.0,4999.0,4999.0,18.0,18.0,24.0,3.6,0.0,0.0,0.0,4999.0,0.0,0.0,0.0,0.0,2235.0,476.0,1759.0,7234.0,11.0,11.0,11.0,6.25,1817.0,754.0,1063.0,9051.0,8.0,8.0,10.0,7.53,5333.0,723.0,4610.0,14384.0,18.0,20.0,23.0,3.9,2356.0,1084.0,1272.0,16740.0,10.0,11.0,12.0,7.86,2722.0,1154.0,1568.0,19462.0,9.0,13.0,18.0,5.74,,,,,,,,,,,,,,,,,,,,,,,,,
4b58ec3b-8763-497b-b232-2d0058399de6,2025-12-12 15:37:23 UTC,False,12707.0,CFOP,Gan 12 UI Maglev,RandomForest,4932.0,12707.0,,,gan12,custom_rules,,,,8.0,0.0,0.0,12707.0,62.0,64.0,68.0,4.88,4623.0,7834.0,2142.0,0.0,2142.0,2392.0,8.0,9.0,10.0,3.73,2204.0,721.0,1483.0,4596.0,8.0,8.0,9.0,5.39,1320.0,274.0,1046.0,5916.0,9.0,10.0,10.0,8.6,1037.0,763.0,274.0,6953.0,4.0,4.0,4.0,14.6,1569.0,742.0,827.0,8522.0,9.0,9.0,11.0,10.88,1313.0,662.0,651.0,9835.0,6.0,6.0,6.0,9.22,2872.0,1461.0,1411.0,12707.0,18.0,18.0,18.0,12.76,,,,,,,,,,,,,,,,,,,,,,,,,
15e2002f-e5d2-4ea8-b47b-57415570488a,2025-12-12 15:37:58 UTC,False,21317.0,CFOP,Gan 12 UI Maglev,RandomForest,5242.0,21317.0,,,gan12,custom_rules,,,,8.0,0.0,0.0,21317.0,80.0,82.0,88.0,3.75,6837.0,14480.0,4411.0,0.0,4411.0,4411.0,8.0,8.0,10.0,1.81,1971.0,725.0,1246.0,6382.0,10.0,10.0,10.0,8.03,1935.0,564.0,1371.0,8317.0,8.0,8.0,9.0,5.84,2143.0,1048.0,1095.0,10460.0,8.0,8.0,9.0,7.31,2466.0,959.0,1507.0,12926.0,7.0,7.0,7.0,4.64,2970.0,1217.0,1753.0,15896.0,18.0,18.0,18.0,10.27,5421.0,2324.0,3097.0,21317.0,21.0,23.0,25.0,6.78,,,,,,,,,,,,,,,,,,,,,,,,,
454b4a78-c153-4e69-96d0-017d8c134356,2025-12-12 15:38:23 UTC,False,12389.0,CFOP,Gan 12 UI Maglev,RandomForest,3679.0,12389.0,,,gan12,custom_rules,,,,8.0,0.0,0.0,12389.0,45.0,45.0,50.0,3.63,2953.0,9436.0,7177.0,0.0,7177.0,7177.0,22.0,22.0,24.0,3.07,0.0,0.0,0.0,7177.0,0.0,0.0,0.0,0.0,0.0,0.0,0.0,7177.0,0.0,0.0,0.0,0.0,1728.0,982.0,746.0,8905.0,7.0,7.0,7.0,9.38,2091.0,1294.0,797.0,10996.0,8.0,8.0,10.0,10.04,1393.0,677.0,716.0,12389.0,8.0,8.0,9.0,11.17,0.0,0.0,0.0,12389.0,0.0,0.0,0.0,0.0,,,,,,,,,,,,,,,,,,,,,,,,,
82c1e6e4-6e73-42d6-b333-1378f398a34f,2025-12-12 15:39:02 UTC,False,23284.0,CFOP,Gan 12 UI Maglev,RandomForest,4959.0,23284.0,,,gan12,custom_rules,,,,8.0,0.0,0.0,23284.0,70.0,72.0,80.0,3.01,7315.0,15751.0,9276.0,0.0,9276.0,9494.0,10.0,10.0,11.0,1.08,4202.0,2485.0,1717.0,13696.0,9.0,10.0,12.0,5.24,1613.0,847.0,766.0,15309.0,8.0,8.0,9.0,10.44,1395.0,766.0,629.0,16704.0,6.0,6.0,8.0,9.54,2452.0,1823.0,629.0,19156.0,8.0,8.0,10.0,12.72,1689.0,673.0,1016.0,20845.0,10.0,11.0,11.0,9.84,2439.0,721.0,1718.0,23284.0,19.0,19.0,19.0,11.06,,,,,,,,,,,,,,,,,,,,,,,,,
ee4985b9-b3a2-44d7-8c8a-837a67898b2c,2025-12-12 15:40:33 UTC,False,13855.0,CFOP,Gan 12 UI Maglev,RandomForest,9629.0,13855.0,,,gan12,custom_rules,,,,8.0,0.0,0.0,13855.0,59.0,59.0,69.0,4.26,3939.0,9916.0,3311.0,0.0,3311.0,3311.0,13.0,13.0,16.0,3.93,0.0,0.0,0.0,3311.0,0.0,0.0,0.0,0.0,2348.0,822.0,1526.0,5659.0,8.0,8.0,8.0,5.24,1570.0,653.0,917.0,7229.0,7.0,7.0,8.0,7.63,3376.0,938.0,2438.0,10605.0,14.0,14.0,16.0,5.74,1465.0,732.0,733.0,12070.0,9.0,9.0,9.0,12.28,1785.0,794.0,991.0,13855.0,9.0,9.0,12.0,9.08,,,,,,,,,,,,,,,,,,,,,,,,,
828d8e88-16e9-4001-82c0-5d6444a534c7,2025-12-12 15:41:47 UTC,False,17606.0,CFOP,Gan 12 UI Maglev,RandomForest,46779.0,17606.0,,,gan12,custom_rules,,,,8.0,0.0,0.0,17606.0,81.0,82.0,88.0,4.6,7362.0,10244.0,757.0,0.0,757.0,757.0,4.0,4.0,4.0,5.28,1617.0,981.0,636.0,2374.0,6.0,6.0,7.0,9.43,2964.0,2030.0,934.0,5338.0,12.0,12.0,12.0,12.85,3664.0,2253.0,1411.0,9002.0,11.0,12.0,13.0,7.8,4377.0,730.0,3647.0,13379.0,21.0,21.0,23.0,5.76,1928.0,693.0,1235.0,15307.0,13.0,13.0,14.0,10.53,2299.0,675.0,1624.0,17606.0,14.0,14.0,15.0,8.62,,,,,,,,,,,,,,,,,,,,,,,,,
0aaf5ee6-a1f1-4c65-bb2a-46dde42cd314,2025-12-12 15:42:16 UTC,False,12752.0,CFOP,Gan 12 UI Maglev,RandomForest,6783.0,12752.0,,,gan12,custom_rules,,,,8.0,0.0,0.0,12752.0,52.0,53.0,64.0,4.08,5889.0,6815.0,1458.0,0.0,1458.0,1506.0,5.0,5.0,7.0,3.43,628.0,499.0,129.0,2134.0,4.0,4.0,4.0,31.01,2024.0,645.0,1379.0,4158.0,9.0,10.0,11.0,6.53,2212.0,1672.0,540.0,6370.0,9.0,9.0,11.0,16.67,2199.0,1177.0,1022.0,8569.0,9.0,9.0,10.0,8.81,3277.0,990.0,2287.0,11846.0,15.0,15.0,19.0,6.56,906.0,906.0,0.0,12752.0,1.0,1.0,2.0,,,,,,,,,,,,,,,,,,,,,,,,,,
88e52efb-9233-443d-a9ea-c80ac5a54682,2025-12-12 15:42:45 UTC,False,13903.0,CFOP,Gan 12 UI Maglev,RandomForest,6306.0,13903.0,,,gan12,custom_rules,,,,8.0,0.0,0.0,13903.0,62.0,63.0,68.0,4.46,6627.0,7276.0,1144.0,0.0,1144.0,1144.0,6.0,6.0,6.0,5.24,3431.0,2328.0,1103.0,4575.0,9.0,9.0,12.0,8.16,1923.0,1037.0,886.0,6498.0,6.0,7.0,8.0,6.77,892.0,449.0,443.0,7390.0,3.0,3.0,3.0,6.77,1692.0,983.0,709.0,9082.0,7.0,7.0,7.0,9.87,1911.0,773.0,1138.0,10993.0,12.0,12.0,13.0,10.54,2910.0,1057.0,1853.0,13903.0,19.0,19.0,19.0,10.25,,,,,,,,,,,,,,,,,,,,,,,,,
71f5158d-def8-436e-91e9-d71e6fefc931,2025-12-12 15:43:15 UTC,False,12097.0,CFOP,Gan 12 UI Maglev,RandomForest,9059.0,12097.0,,,gan12,custom_rules,,,,8.0,0.0,0.0,12097.0,59.0,61.0,66.0,4.88,5739.0,6358.0,805.0,0.0,805.0,805.0,5.0,5.0,5.0,6.21,1038.0,500.0,538.0,1843.0,5.0,6.0,6.0,9.29,1648.0,967.0,681.0,3491.0,8.0,8.0,8.0,11.75,3128.0,1958.0,1170.0,6619.0,6.0,7.0,10.0,5.13,910.0,733.0,177.0,7529.0,4.0,4.0,4.0,22.6,2144.0,1032.0,1112.0,9673.0,13.0,13.0,13.0,11.69,2424.0,549.0,1875.0,12097.0,19.0,19.0,20.0,10.13,,,,,,,,,,,,,,,,,,,,,,,,,
65acbec6-8ea2-4df5-96f7-c263dcb23f5e,2025-12-12 15:43:42 UTC,False,15260.0,CFOP,Gan 12 UI Maglev,RandomForest,2980.0,15260.0,,,gan12,custom_rules,,,,8.0,0.0,0.0,15260.0,73.0,75.0,83.0,4.78,5869.0,9391.0,2670.0,0.0,2670.0,2670.0,10.0,10.0,11.0,3.75,1738.0,408.0,1330.0,4408.0,9.0,9.0,10.0,6.77,1821.0,371.0,1450.0,6229.0,10.0,10.0,11.0,6.9,1072.0,507.0,565.0,7301.0,6.0,6.0,7.0,10.62,2151.0,1603.0,548.0,9452.0,8.0,8.0,9.0,14.6,1983.0,806.0,1177.0,11435.0,14.0,14.0,15.0,11.89,3825.0,2174.0,1651.0,15260.0,16.0,18.0,20.0,9.69,,,,,,,,,,,,,,,,,,,,,,,,,
e233ea61-595b-40b2-8600-353d9051e51e,2025-12-12 15:44:16 UTC,False,16386.0,CFOP,Gan 12 UI Maglev,RandomForest,6106.0,16386.0,,,gan12,custom_rules,,,,8.0,0.0,0.0,16386.0,53.0,55.0,65.0,3.23,7460.0,8878.0,1177.0,0.0,1177.0,1225.0,6.0,6.0,8.0,5.1,2072.0,1323.0,749.0,3297.0,8.0,8.0,10.0,10.68,6643.0,2916.0,3727.0,9940.0,12.0,13.0,13.0,3.22,1720.0,821.0,899.0,11660.0,5.0,6.0,6.0,5.56,1781.0,967.0,814.0,13441.0,8.0,8.0,10.0,9.83,2494.0,982.0,1512.0,15935.0,13.0,13.0,17.0,8.6,451.0,451.0,0.0,16386.0,1.0,1.0,1.0,,,,,,,,,,,,,,,,,,,,,,,,,,
da22c04c-c29c-4950-9f3c-15824d77d7bc,2025-12-12 15:44:47 UTC,False,14815.0,CFOP,Gan 12 UI Maglev,RandomForest,4623.0,14815.0,,,gan12,custom_rules,,,,8.0,0.0,0.0,14815.0,66.0,67.0,75.0,4.45,6805.0,8010.0,806.0,0.0,806.0,806.0,4.0,4.0,5.0,4.96,1183.0,507.0,676.0,1989.0,8.0,8.0,8.0,11.83,4277.0,1331.0,2946.0,6266.0,14.0,14.0,18.0,4.75,1799.0,1557.0,242.0,8065.0,4.0,4.0,4.0,16.53,1947.0,942.0,1005.0,10012.0,8.0,8.0,9.0,7.96,1886.0,1049.0,837.0,11898.0,12.0,12.0,12.0,14.34,2917.0,1419.0,1498.0,14815.0,16.0,17.0,19.0,10.68,,,,,,,,,,,,,,,,,,,,,,,,,
8f1d9c47-cdf3-4a06-87ae-112fa3eaf428,2025-12-12 15:45:15 UTC,False,15281.0,CFOP,Gan 12 UI Maglev,RandomForest,4852.0,15281.0,,,gan12,custom_rules,,,,8.0,0.0,0.0,15281.0,62.0,66.0,76.0,4.06,7478.0,7803.0,1616.0,0.0,1616.0,1616.0,6.0,6.0,7.0,3.71,2318.0,1015.0,1303.0,3934.0,12.0,12.0,12.0,9.21,3056.0,964.0,2092.0,6990.0,12.0,12.0,14.0,5.74,2166.0,1570.0,596.0,9156.0,8.0,8.0,8.0,13.42,2061.0,1618.0,443.0,11217.0,8.0,8.0,8.0,18.06,2028.0,1206.0,822.0,13245.0,8.0,8.0,9.0,9.73,2036.0,1105.0,931.0,15281.0,8.0,12.0,18.0,8.59,,,,,,,,,,,,,,,,,,,,,,,,,
212b798b-52eb-46e4-9ad5-768b0852bd54,2025-12-12 15:45:43 UTC,False,14373.0,CFOP,Gan 12 UI Maglev,RandomForest,5305.0,14373.0,,,gan12,custom_rules,,,,8.0,0.0,0.0,14373.0,64.0,64.0,76.0,4.45,6614.0,7759.0,1185.0,0.0,1185.0,1185.0,5.0,5.0,8.0,4.22,2131.0,987.0,1144.0,3316.0,7.0,7.0,8.0,6.12,2360.0,1407.0,953.0,5676.0,8.0,8.0,10.0,8.39,1669.0,967.0,702.0,7345.0,8.0,8.0,10.0,11.4,2073.0,1437.0,636.0,9418.0,9.0,9.0,9.0,14.15,1929.0,801.0,1128.0,11347.0,13.0,13.0,13.0,11.52,3026.0,1015.0,2011.0,14373.0,14.0,14.0,18.0,6.96,,,,,,,,,,,,,,,,,,,,,,,,,
b7cea5e9-ff94-47fe-a130-8cb983d69d0c,2025-12-12 15:46:46 UTC,False,17898.0,CFOP,Gan 12 UI Maglev,RandomForest,26652.0,17898.0,,,gan12,custom_rules,,,,8.0,0.0,0.0,17898.0,73.0,75.0,83.0,4.08,5997.0,11901.0,1426.0,0.0,1426.0,1426.0,6.0,6.0,7.0,4.21,3485.0,135.0,3350.0,4911.0,10.0,10.0,11.0,2.99,3289.0,2079.0,1210.0,8200.0,12.0,12.0,13.0,9.92,3429.0,757.0,2672.0,11629.0,14.0,14.0,15.0,5.24,1882.0,790.0,1092.0,13511.0,8.0,8.0,8.0,7.33,1442.0,741.0,701.0,14953.0,9.0,9.0,9.0,12.84,2945.0,1495.0,1450.0,17898.0,15.0,17.0,20.0,10.34,,,,,,,,,,,,,,,,,,,,,,,,,
59106b07-4ab1-44ec-8c0e-011daaee04d6,2025-12-12 15:47:14 UTC,False,11524.0,CFOP,Gan 12 UI Maglev,RandomForest,7845.0,11524.0,,,gan12,custom_rules,,,,8.0,0.0,0.0,11524.0,55.0,60.0,69.0,4.77,4991.0,6533.0,1943.0,0.0,1943.0,1943.0,9.0,9.0,9.0,4.63,1764.0,790.0,974.0,3707.0,8.0,8.0,8.0,8.21,1669.0,669.0,1000.0,5376.0,8.0,8.0,10.0,8.0,1432.0,718.0,714.0,6808.0,8.0,8.0,8.0,11.2,943.0,782.0,161.0,7751.0,4.0,4.0,5.0,24.84,1755.0,925.0,830.0,9506.0,10.0,11.0,12.0,12.05,2018.0,1107.0,911.0,11524.0,8.0,12.0,17.0,8.78,,,,,,,,,,,,,,,,,,,,,,,,,
7d7b7ff8-c230-4e19-b01a-f851daa8ee2e,2025-12-12 15:47:49 UTC,False,12119.0,CFOP,Gan 12 UI Maglev,RandomForest,14306.0,12119.0,,,gan12,custom_rules,,,,8.0,0.0,0.0,12119.0,71.0,71.0,76.0,5.86,4425.0,7694.0,1265.0,0.0,1265.0,1265.0,5.0,5.0,6.0,3.95,1026.0,802.0,224.0,2291.0,4.0,4.0,4.0,17.86,3309.0,1197.0,2112.0,5600.0,16.0,16.0,17.0,7.58,1157.0,266.0,891.0,6757.0,7.0,7.0,8.0,7.86,1376.0,645.0,731.0,8133.0,10.0,10.0,11.0,13.68,1769.0,757.0,1012.0,9902.0,13.0,13.0,13.0,12.85,2217.0,758.0,1459.0,12119.0,16.0,16.0,17.0,10.97,,,,,,,,,,,,,,,,,,,,,,,,,
9dd56b1e-d1c0-4296-b74c-af06c1c7530b,2025-12-12 15:48:20 UTC,False,14843.0,CFOP,Gan 12 UI Maglev,RandomForest,5454.0,14843.0,,,gan12,custom_rules,,,,8.0,0.0,0.0,14843.0,68.0,71.0,80.0,4.58,6018.0,8825.0,2194.0,0.0,2194.0,2194.0,7.0,7.0,8.0,3.19,2417.0,1652.0,765.0,4611.0,6.0,7.0,9.0,7.84,1668.0,637.0,1031.0,6279.0,8.0,8.0,9.0,7.76,905.0,574.0,331.0,7184.0,4.0,4.0,4.0,12.08,2210.0,611.0,1599.0,9394.0,13.0,13.0,14.0,8.13,2391.0,1361.0,1030.0,11785.0,13.0,15.0,16.0,12.62,3058.0,1183.0,1875.0,14843.0,17.0,17.0,20.0,9.07,,,,,,,,,,,,,,,,,,,,,,,,,
3d879c3e-7fc5-4a77-a449-3181fd21bd6c,2025-12-12 15:49:09 UTC,False,13610.0,CFOP,Gan 12 UI Maglev,RandomForest,16031.0,13610.0,,,gan12,custom_rules,,,,8.0,0.0,0.0,13610.0,70.0,72.0,81.0,5.14,5098.0,8504.0,983.0,0.0,983.0,991.0,5.0,6.0,6.0,5.09,1336.0,370.0,966.0,2327.0,8.0,8.0,9.0,8.28,1564.0,394.0,1170.0,3891.0,11.0,11.0,13.0,9.4,1929.0,1156.0,773.0,5820.0,8.0,8.0,9.0,10.35,2528.0,298.0,2230.0,8348.0,11.0,11.0,15.0,4.93,2213.0,1064.0,1149.0,10561.0,14.0,14.0,14.0,12.18,3049.0,1816.0,1233.0,13610.0,14.0,14.0,15.0,11.35,,,,,,,,,,,,,,,,,,,,,,,,,
82788bd2-ce8c-48dd-ab5d-6714a26fa9db,2025-12-12 15:49:36 UTC,False,11552.0,CFOP,Gan 12 UI Maglev,RandomForest,3720.0,11552.0,,,gan12,custom_rules,,,,8.0,0.0,0.0,11552.0,62.0,62.0,74.0,5.37,3709.0,7843.0,773.0,0.0,773.0,773.0,5.0,5.0,5.0,6.47,2222.0,741.0,1481.0,2995.0,9.0,9.0,11.0,6.08,1261.0,488.0,773.0,4256.0,7.0,7.0,8.0,9.06,2103.0,129.0,1974.0,6359.0,11.0,11.0,13.0,5.57,1031.0,588.0,443.0,7390.0,6.0,6.0,6.0,13.54,1496.0,765.0,731.0,8886.0,8.0,8.0,10.0,10.94,2666.0,998.0,1668.0,11552.0,19.0,19.0,21.0,11.39,,,,,,,,,,,,,,,,,,,,,,,,,
564b708b-61a5-487c-8f85-b9fe61f75ca3,2025-12-12 15:50:06 UTC,False,14440.0,CFOP,Gan 12 UI Maglev,RandomForest,5949.0,14440.0,,,gan12,custom_rules,,,,8.0,0.0,0.0,14440.0,58.0,58.0,71.0,4.02,7987.0,6453.0,1561.0,0.0,1561.0,1561.0,6.0,6.0,8.0,3.84,2873.0,1995.0,878.0,4434.0,9.0,9.0,10.0,10.25,2283.0,2026.0,257.0,6717.0,5.0,5.0,6.0,19.46,504.0,360.0,144.0,7221.0,4.0,4.0,5.0,27.78,2211.0,1245.0,966.0,9432.0,11.0,11.0,12.0,11.39,2046.0,871.0,1175.0,11478.0,12.0,12.0,14.0,10.21,2962.0,1490.0,1472.0,14440.0,11.0,11.0,16.0,7.47,,,,,,,,,,,,,,,,,,,,,,,,,
004e3ab3-897b-4963-945a-4999188c7fab,2025-12-12 15:50:38 UTC,False,16167.0,CFOP,Gan 12 UI Maglev,RandomForest,8892.0,16167.0,,,gan12,custom_rules,,,,8.0,0.0,0.0,16167.0,79.0,81.0,89.0,4.89,6086.0,10081.0,3250.0,0.0,3250.0,3250.0,6.0,7.0,7.0,1.85,2077.0,791.0,1286.0,5327.0,12.0,12.0,14.0,9.33,2316.0,894.0,1422.0,7643.0,11.0,11.0,12.0,7.74,2589.0,1304.0,1285.0,10232.0,13.0,13.0,14.0,10.12,2145.0,1056.0,1089.0,12377.0,12.0,12.0,13.0,11.02,1829.0,1121.0,708.0,14206.0,10.0,11.0,12.0,14.12,1961.0,920.0,1041.0,16167.0,15.0,15.0,17.0,14.41,,,,,,,,,,,,,,,,,,,,,,,,,
74491a06-64e1-49cd-bfca-5bbe27486555,2025-12-12 15:51:03 UTC,False,10538.0,CFOP,Gan 12 UI Maglev,RandomForest,6150.0,10538.0,,,gan12,custom_rules,,,,8.0,0.0,0.0,10538.0,55.0,60.0,67.0,5.22,4863.0,5490.0,887.0,0.0,887.0,1072.0,4.0,5.0,5.0,4.51,648.0,495.0,153.0,1720.0,3.0,3.0,3.0,19.61,1570.0,822.0,748.0,3290.0,12.0,12.0,13.0,16.04,2648.0,903.0,1745.0,5938.0,10.0,10.0,10.0,5.73,1279.0,869.0,410.0,7217.0,8.0,8.0,9.0,19.51,1458.0,740.0,718.0,8675.0,9.0,9.0,9.0,12.53,1863.0,1034.0,829.0,10538.0,9.0,13.0,18.0,10.86,,,,,,,,,,,,,,,,,,,,,,,,,
cabb7f8b-da30-4ab1-82cc-d74eb83ebb63,2025-12-12 15:51:36 UTC,False,17493.0,CFOP,Gan 12 UI Maglev,RandomForest,6574.0,17493.0,,,gan12,custom_rules,,,,8.0,0.0,0.0,17493.0,74.0,77.0,85.0,4.23,8033.0,9460.0,1850.0,0.0,1850.0,1850.0,5.0,5.0,6.0,2.7,2971.0,2189.0,782.0,4821.0,6.0,7.0,8.0,7.67,1909.0,764.0,1145.0,6730.0,12.0,12.0,13.0,10.48,3266.0,2339.0,927.0,9996.0,10.0,11.0,11.0,10.79,1203.0,419.0,784.0,11199.0,9.0,9.0,10.0,11.48,3117.0,956.0,2161.0,14316.0,15.0,15.0,15.0,6.94,3177.0,1366.0,1811.0,17493.0,17.0,18.0,22.0,9.39,,,,,,,,,,,,,,,,,,,,,,,,,
1d90afa7-8a24-4bb2-a7e2-daefe44cade4,2025-12-12 15:52:20 UTC,False,17211.0,CFOP,Gan 12 UI Maglev,RandomForest,5503.0,17211.0,,,gan12,custom_rules,,,,8.0,0.0,0.0,17211.0,65.0,65.0,77.0,3.78,9000.0,8211.0,1510.0,0.0,1510.0,1510.0,6.0,6.0,7.0,3.97,4202.0,3347.0,855.0,5712.0,8.0,8.0,10.0,9.36,3248.0,1889.0,1359.0,8960.0,11.0,11.0,16.0,8.09,2938.0,1528.0,1410.0,11898.0,6.0,6.0,8.0,4.26,1620.0,847.0,773.0,13518.0,8.0,8.0,9.0,10.35,1558.0,712.0,846.0,15076.0,8.0,8.0,9.0,9.46,2135.0,677.0,1458.0,17211.0,18.0,18.0,18.0,12.35,,,,,,,,,,,,,,,,,,,,,,,,,
1a2a4ba4-36c5-4e18-af52-c5b40e4bf85a,2025-12-12 15:52:48 UTC,False,11842.0,CFOP,Gan 12 UI Maglev,RandomForest,7427.0,11842.0,,,gan12,custom_rules,,,,8.0,0.0,0.0,11842.0,55.0,57.0,67.0,4.64,4783.0,7059.0,863.0,0.0,863.0,863.0,5.0,5.0,5.0,5.79,0.0,0.0,0.0,863.0,0.0,0.0,0.0,0.0,2040.0,1684.0,356.0,2903.0,7.0,7.0,7.0,19.66,2941.0,577.0,2364.0,5844.0,11.0,11.0,12.0,4.65,1371.0,622.0,749.0,7215.0,8.0,8.0,11.0,10.68,2041.0,784.0,1257.0,9256.0,9.0,9.0,12.0,7.16,2586.0,1116.0,1470.0,11842.0,15.0,17.0,20.0,10.2,,,,,,,,,,,,,,,,,,,,,,,,,
5fb48239-90f6-47c2-998d-6a9c02e56bed,2025-12-12 15:53:21 UTC,False,19273.0,CFOP,Gan 12 UI Maglev,RandomForest,3537.0,19273.0,,,gan12,custom_rules,,,,8.0,0.0,0.0,19273.0,78.0,79.0,92.0,4.05,6689.0,12584.0,4681.0,0.0,4681.0,4681.0,9.0,9.0,12.0,1.92,3409.0,1498.0,1911.0,8090.0,11.0,11.0,12.0,5.76,1617.0,812.0,805.0,9707.0,8.0,8.0,8.0,9.94,1729.0,532.0,1197.0,11436.0,9.0,9.0,12.0,7.52,2333.0,1293.0,1040.0,13769.0,9.0,9.0,10.0,8.65,2279.0,1052.0,1227.0,16048.0,14.0,14.0,16.0,11.41,3225.0,1502.0,1723.0,19273.0,18.0,19.0,22.0,10.45,,,,,,,,,,,,,,,,,,,,,,,,,
34b7c5b7-7eca-4913-ab14-9ce07ce5c2d6,2025-12-12 15:54:12 UTC,False,25300.0,CFOP,Gan 12 UI Maglev,RandomForest,16533.0,25300.0,,,gan12,custom_rules,,,,8.0,0.0,0.0,25300.0,116.0,117.0,127.0,4.58,7129.0,18171.0,1418.0,0.0,1418.0,1418.0,6.0,6.0,7.0,4.23,2075.0,1333.0,742.0,3493.0,8.0,8.0,9.0,10.78,1792.0,446.0,1346.0,5285.0,12.0,12.0,12.0,8.92,2932.0,2119.0,813.0,8217.0,9.0,9.0,10.0,11.07,1498.0,564.0,934.0,9715.0,8.0,8.0,8.0,8.57,1781.0,1177.0,604.0,11496.0,7.0,7.0,9.0,11.59,13804.0,1490.0,12314.0,25300.0,66.0,67.0,72.0,5.36,,,,,,,,,,,,,,,,,,,,,,,,,
78ec4061-74e1-449d-9434-3419711aad08,2025-12-12 15:56:12 UTC,False,17447.0,CFOP,Gan 12 UI Maglev,RandomForest,8375.0,17447.0,,,gan12,custom_rules,,,,8.0,0.0,0.0,17447.0,65.0,67.0,81.0,3.73,7365.0,10082.0,2114.0,0.0,2114.0,2114.0,8.0,8.0,11.0,3.78,4094.0,814.0,3280.0,6208.0,13.0,13.0,14.0,3.96,1563.0,902.0,661.0,7771.0,8.0,8.0,9.0,12.1,1551.0,1028.0,523.0,9322.0,6.0,6.0,7.0,11.47,2918.0,2260.0,658.0,12240.0,9.0,9.0,11.0,13.68,2057.0,1072.0,985.0,14297.0,11.0,13.0,15.0,11.17,3150.0,1289.0,1861.0,17447.0,10.0,10.0,14.0,5.37,,,,,,,,,,,,,,,,,,,,,,,,,
b66f8158-b560-447d-9394-44b944ef406d,2025-12-12 15:56:43 UTC,False,15341.0,CFOP,Gan 12 UI Maglev,RandomForest,5970.0,15341.0,,,gan12,custom_rules,,,,8.0,0.0,0.0,15341.0,64.0,68.0,75.0,4.17,4583.0,10758.0,1802.0,0.0,1802.0,1802.0,6.0,6.0,8.0,3.33,2367.0,1055.0,1312.0,4169.0,11.0,11.0,12.0,8.38,1245.0,783.0,462.0,5414.0,6.0,7.0,7.0,12.99,4058.0,0.0,4058.0,9472.0,14.0,14.0,14.0,3.45,572.0,347.0,225.0,10044.0,3.0,3.0,3.0,13.33,1949.0,765.0,1184.0,11993.0,9.0,10.0,10.0,7.6,3348.0,1633.0,1715.0,15341.0,16.0,18.0,21.0,9.33,,,,,,,,,,,,,,,,,,,,,,,,,
28896f90-8f67-4cb9-ad4d-17ddf0375873,2025-12-12 15:57:11 UTC,False,15010.0,CFOP,Gan 12 UI Maglev,RandomForest,4577.0,15010.0,,,gan12,custom_rules,,,,8.0,0.0,0.0,15010.0,71.0,71.0,75.0,4.73,3888.0,11122.0,974.0,0.0,974.0,974.0,4.0,4.0,6.0,4.11,6764.0,299.0,6465.0,7738.0,23.0,23.0,24.0,3.56,1192.0,1031.0,161.0,8930.0,4.0,4.0,4.0,24.84,1052.0,698.0,354.0,9982.0,4.0,4.0,4.0,11.3,1148.0,588.0,560.0,11130.0,8.0,8.0,8.0,14.29,1397.0,709.0,688.0,12527.0,9.0,9.0,9.0,13.08,2483.0,563.0,1920.0,15010.0,19.0,19.0,20.0,9.9,,,,,,,,,,,,,,,,,,,,,,,,,
4da6f0cc-6d02-43d3-8ef2-e1c8cfa0cd36,2025-12-12 15:57:44 UTC,False,18809.0,CFOP,Gan 12 UI Maglev,RandomForest,5636.0,18809.0,,,gan12,custom_rules,,,,8.0,0.0,0.0,18809.0,64.0,68.0,85.0,3.4,8094.0,10715.0,4631.0,0.0,4631.0,4631.0,14.0,17.0,23.0,3.02,2323.0,1545.0,778.0,6954.0,7.0,8.0,9.0,9.0,2260.0,1358.0,902.0,9214.0,3.0,3.0,4.0,3.33,1533.0,1299.0,234.0,10747.0,5.0,5.0,6.0,21.37,2125.0,1528.0,597.0,12872.0,8.0,8.0,9.0,13.4,3499.0,1046.0,2453.0,16371.0,16.0,16.0,20.0,6.52,2438.0,1318.0,1120.0,18809.0,11.0,11.0,14.0,9.82,,,,,,,,,,,,,,,,,,,,,,,,,
1a98d3c1-e3bd-49e6-a4c7-050f5ec2d4ef,2025-12-12 15:58:34 UTC,False,23953.0,CFOP,Gan 12 UI Maglev,RandomForest,16797.0,23953.0,,,gan12,custom_rules,,,,8.0,0.0,0.0,23953.0,65.0,66.0,73.0,2.71,10073.0,13880.0,7090.0,0.0,7090.0,7090.0,10.0,10.0,12.0,1.41,999.0,733.0,266.0,8089.0,4.0,4.0,5.0,15.04,2899.0,911.0,1988.0,10988.0,8.0,8.0,9.0,4.02,1692.0,725.0,967.0,12680.0,8.0,8.0,8.0,8.27,1958.0,523.0,1435.0,14638.0,11.0,11.0,12.0,7.67,1651.0,660.0,991.0,16289.0,9.0,9.0,9.0,9.08,7664.0,6521.0,1143.0,23953.0,15.0,16.0,18.0,13.12,,,,,,,,,,,,,,,,,,,,,,,,,
43787039-ae8c-4027-bd54-6afc02449792,2025-12-12 15:59:11 UTC,False,22331.0,CFOP,Gan 12 UI Maglev,RandomForest,3521.0,22331.0,,,gan12,custom_rules,,,,8.0,0.0,0.0,22331.0,85.0,92.0,117.0,3.81,6814.0,15517.0,2477.0,0.0,2477.0,2477.0,8.0,8.0,9.0,3.23,2410.0,1323.0,1087.0,4887.0,7.0,7.0,8.0,6.44,1950.0,282.0,1668.0,6837.0,11.0,11.0,12.0,6.59,2860.0,2183.0,677.0,9697.0,9.0,9.0,10.0,13.29,3158.0,917.0,2241.0,12855.0,12.0,12.0,15.0,5.35,1996.0,917.0,1079.0,14851.0,13.0,13.0,15.0,12.05,7480.0,1192.0,6288.0,22331.0,26.0,33.0,48.0,4.13,,,,,,,,,,,,,,,,,,,,,,,,,
b5079f75-fa21-45a4-be12-1b74312608f2,2025-12-12 15:59:43 UTC,False,20244.0,CFOP,Gan 12 UI Maglev,RandomForest,3177.0,20244.0,,,gan12,custom_rules,,,,8.0,0.0,0.0,20244.0,66.0,67.0,75.0,3.26,9319.0,10925.0,1282.0,0.0,1282.0,1282.0,5.0,6.0,8.0,3.9,5405.0,4542.0,863.0,6687.0,9.0,9.0,9.0,10.43,3730.0,568.0,3162.0,10417.0,12.0,12.0,13.0,3.8,1744.0,1370.0,374.0,12161.0,4.0,4.0,4.0,10.7,2058.0,967.0,1091.0,14219.0,8.0,8.0,9.0,7.33,3379.0,986.0,2393.0,17598.0,13.0,13.0,14.0,5.43,2646.0,886.0,1760.0,20244.0,16.0,16.0,18.0,9.09,,,,,,,,,,,,,,,,,,,,,,,,,
217ef307-93dd-41a9-be29-87eb2bc4e5e9,2025-12-12 16:00:13 UTC,False,17173.0,CFOP,Gan 12 UI Maglev,RandomForest,2978.0,17173.0,,,gan12,custom_rules,,,,8.0,0.0,0.0,17173.0,77.0,78.0,89.0,4.48,5198.0,11972.0,859.0,0.0,859.0,862.0,4.0,4.0,6.0,4.66,1547.0,669.0,878.0,2409.0,8.0,8.0,9.0,9.11,3688.0,193.0,3495.0,6097.0,13.0,13.0,14.0,3.72,2386.0,1033.0,1353.0,8483.0,10.0,10.0,13.0,7.39,1724.0,1265.0,459.0,10207.0,7.0,7.0,7.0,15.25,2922.0,1144.0,1778.0,13129.0,12.0,13.0,14.0,6.75,4044.0,894.0,3150.0,17173.0,24.0,24.0,26.0,7.62,,,,,,,,,,,,,,,,,,,,,,,,,
59ddb4a0-0dee-4ef4-a98a-8a86b2a949b4,2025-12-12 16:00:52 UTC,False,21126.0,CFOP,Gan 12 UI Maglev,RandomForest,8334.0,21126.0,,,gan12,custom_rules,,,,8.0,0.0,0.0,21126.0,71.0,73.0,85.0,3.36,8090.0,13036.0,1716.0,0.0,1716.0,1716.0,5.0,6.0,6.0,2.91,2363.0,451.0,1912.0,4079.0,10.0,10.0,13.0,5.23,2878.0,1718.0,1160.0,6957.0,8.0,8.0,11.0,6.9,1812.0,1562.0,250.0,8769.0,5.0,5.0,6.0,20.0,3518.0,637.0,2881.0,12287.0,13.0,13.0,13.0,4.51,5168.0,1377.0,3791.0,17455.0,20.0,20.0,21.0,5.28,3671.0,2345.0,1326.0,21126.0,11.0,11.0,15.0,8.3,,,,,,,,,,,,,,,,,,,,,,,,,
e0cd8c91-b92b-4f37-9ffe-97539033f4fa,2025-12-12 16:01:59 UTC,False,12973.0,CFOP,Gan 12 UI Maglev,RandomForest,25421.0,12973.0,,,gan12,custom_rules,,,,8.0,0.0,0.0,12973.0,61.0,67.0,79.0,4.7,3440.0,9533.0,1007.0,0.0,1007.0,1007.0,5.0,5.0,6.0,4.97,1139.0,339.0,800.0,2146.0,5.0,6.0,7.0,6.25,1299.0,523.0,776.0,3445.0,7.0,7.0,8.0,9.02,3851.0,644.0,3207.0,7296.0,14.0,14.0,15.0,4.37,2204.0,427.0,1777.0,9500.0,12.0,12.0,13.0,6.75,1618.0,621.0,997.0,11118.0,10.0,11.0,11.0,10.03,1855.0,886.0,969.0,12973.0,9.0,13.0,19.0,9.29,,,,,,,,,,,,,,,,,,,,,,,,,
61b352e8-2655-40ff-b8e2-1ee05796dd45,2025-12-12 16:03:00 UTC,False,17654.0,CFOP,Gan 12 UI Maglev,RandomForest,29227.0,17654.0,,,gan12,custom_rules,,,,8.0,0.0,0.0,17654.0,68.0,72.0,83.0,3.85,2311.0,15270.0,9632.0,0.0,9632.0,9705.0,26.0,28.0,32.0,2.7,0.0,0.0,0.0,9705.0,0.0,0.0,0.0,0.0,0.0,0.0,0.0,9705.0,0.0,0.0,0.0,0.0,0.0,0.0,0.0,9705.0,0.0,0.0,0.0,0.0,1618.0,540.0,1078.0,11323.0,7.0,7.0,9.0,6.49,1952.0,903.0,1049.0,13275.0,13.0,13.0,15.0,12.39,4379.0,868.0,3511.0,17654.0,22.0,24.0,27.0,6.27,,,,,,,,,,,,,,,,,,,,,,,,,
c030a0db-d8be-4cbe-af83-591bf4294074,2025-12-12 16:03:30 UTC,False,19307.0,CFOP,Gan 12 UI Maglev,RandomForest,2279.0,19307.0,,,gan12,custom_rules,,,,8.0,0.0,0.0,19307.0,71.0,73.0,78.0,3.68,10233.0,9074.0,725.0,0.0,725.0,725.0,5.0,5.0,5.0,6.9,5173.0,1765.0,3408.0,5898.0,14.0,14.0,14.0,4.11,2428.0,1200.0,1228.0,8326.0,10.0,10.0,10.0,8.14,2078.0,1506.0,572.0,10404.0,8.0,8.0,8.0,13.99,2450.0,1967.0,483.0,12854.0,8.0,8.0,8.0,16.56,1829.0,1023.0,806.0,14683.0,9.0,9.0,10.0,11.17,4624.0,2772.0,1852.0,19307.0,17.0,19.0,23.0,9.18,,,,,,,,,,,,,,,,,,,,,,,,,
472eaec6-92a3-4939-8d63-9de4835d4d59,2025-12-12 16:04:03 UTC,False,17117.0,CFOP,Gan 12 UI Maglev,RandomForest,5664.0,17117.0,,,gan12,custom_rules,,,,8.0,0.0,0.0,17117.0,73.0,73.0,86.0,4.26,4247.0,12870.0,2251.0,0.0,2251.0,2251.0,5.0,5.0,9.0,2.22,1437.0,604.0,833.0,3688.0,7.0,7.0,7.0,8.4,3926.0,226.0,3700.0,7614.0,15.0,15.0,17.0,4.05,2186.0,185.0,2001.0,9800.0,11.0,11.0,12.0,5.5,1639.0,1099.0,540.0,11439.0,8.0,8.0,9.0,14.81,2104.0,976.0,1128.0,13543.0,11.0,11.0,11.0,9.75,3574.0,1157.0,2417.0,17117.0,17.0,17.0,21.0,7.03,,,,,,,,,,,,,,,,,,,,,,,,,
c654f9c1-b7fd-42d2-8f96-cfe13b0c306e,2025-12-12 16:04:33 UTC,False,16207.0,CFOP,Gan 12 UI Maglev,RandomForest,6127.0,16207.0,,,gan12,custom_rules,,,,8.0,0.0,0.0,16207.0,75.0,75.0,86.0,4.63,5063.0,11144.0,1434.0,0.0,1434.0,1434.0,6.0,6.0,7.0,4.18,2732.0,1069.0,1663.0,4166.0,11.0,11.0,11.0,6.61,5424.0,1352.0,4072.0,9590.0,16.0,16.0,20.0,3.93,1344.0,492.0,852.0,10934.0,8.0,8.0,10.0,9.39,1264.0,564.0,700.0,12198.0,7.0,7.0,8.0,10.0,1287.0,580.0,707.0,13485.0,7.0,7.0,8.0,9.9,2722.0,1006.0,1716.0,16207.0,20.0,20.0,22.0,11.66,,,,,,,,,,,,,,,,,,,,,,,,,
01b80bcc-15a4-4b0f-9c8f-4a448faedf60,2025-12-12 16:05:20 UTC,False,24490.0,CFOP,Gan 12 UI Maglev,RandomForest,13577.0,24490.0,,,gan12,custom_rules,,,,8.0,0.0,0.0,24490.0,98.0,102.0,115.0,4.0,8723.0,15767.0,2284.0,0.0,2284.0,2284.0,8.0,8.0,9.0,3.5,1785.0,1112.0,673.0,4069.0,7.0,7.0,7.0,10.4,2921.0,2671.0,250.0,6990.0,5.0,5.0,5.0,20.0,1964.0,973.0,991.0,8954.0,8.0,8.0,10.0,8.07,2361.0,1346.0,1015.0,11315.0,8.0,8.0,8.0,7.88,2104.0,1187.0,917.0,13419.0,11.0,11.0,12.0,12.0,11071.0,1434.0,9637.0,24490.0,51.0,55.0,64.0,5.29,,,,,,,,,,,,,,,,,,,,,,,,,
82147181-8ff1-4491-a15e-17d8fcd148dd,2025-12-12 16:05:54 UTC,False,19323.0,CFOP,Gan 12 UI Maglev,RandomForest,5182.0,19323.0,,,gan12,custom_rules,,,,8.0,0.0,0.0,19323.0,74.0,77.0,86.0,3.83,6643.0,12680.0,1993.0,0.0,1993.0,1993.0,11.0,11.0,11.0,5.52,3039.0,1528.0,1511.0,5032.0,8.0,8.0,9.0,5.29,4042.0,701.0,3341.0,9074.0,13.0,13.0,14.0,3.89,2359.0,1112.0,1247.0,11433.0,8.0,8.0,9.0,6.42,1234.0,347.0,887.0,12667.0,6.0,6.0,6.0,6.76,2730.0,1136.0,1594.0,15397.0,11.0,13.0,14.0,6.9,3926.0,1819.0,2107.0,19323.0,18.0,19.0,23.0,8.54,,,,,,,,,,,,,,,,,,,,,,,,,
6ae3c26f-c615-43b8-a39d-4ae72cff9883,2025-12-12 16:06:25 UTC,False,17137.0,CFOP,Gan 12 UI Maglev,RandomForest,6285.0,17137.0,,,gan12,custom_rules,,,,8.0,0.0,0.0,17137.0,60.0,63.0,72.0,3.5,4231.0,12906.0,5395.0,0.0,5395.0,5395.0,7.0,7.0,9.0,1.3,1413.0,306.0,1107.0,6808.0,7.0,7.0,8.0,6.32,1400.0,1145.0,255.0,8208.0,3.0,3.0,3.0,11.76,1770.0,201.0,1569.0,9978.0,9.0,10.0,11.0,5.74,2308.0,693.0,1615.0,12286.0,8.0,8.0,10.0,4.95,2236.0,942.0,1294.0,14522.0,10.0,11.0,12.0,7.73,2615.0,944.0,1671.0,17137.0,17.0,17.0,19.0,10.17,,,,,,,,,,,,,,,,,,,,,,,,,
d9e7b45c-0a4c-4a93-a434-418e4b11806d,2025-12-12 16:06:55 UTC,False,18523.0,CFOP,Gan 12 UI Maglev,RandomForest,3795.0,18523.0,,,gan12,custom_rules,,,,8.0,0.0,0.0,18523.0,75.0,79.0,92.0,4.05,3825.0,14698.0,3106.0,0.0,3106.0,3106.0,8.0,8.0,9.0,2.58,2641.0,226.0,2415.0,5747.0,10.0,10.0,12.0,4.14,3853.0,137.0,3716.0,9600.0,14.0,16.0,19.0,3.77,1413.0,725.0,688.0,11013.0,7.0,7.0,9.0,10.17,1946.0,717.0,1229.0,12959.0,11.0,13.0,13.0,8.95,1695.0,692.0,1003.0,14654.0,11.0,11.0,12.0,10.97,3869.0,1328.0,2541.0,18523.0,14.0,14.0,18.0,5.51,,,,,,,,,,,,,,,,,,,,,,,,,
640dc65a-5ee1-4f6e-9a63-3a58b7774350,2025-12-12 16:07:29 UTC,False,16707.0,CFOP,Gan 12 UI Maglev,RandomForest,8601.0,16707.0,,,gan12,custom_rules,,,,8.0,0.0,0.0,16707.0,67.0,72.0,76.0,4.01,5166.0,11541.0,8350.0,0.0,8350.0,8350.0,32.0,37.0,40.0,3.83,0.0,0.0,0.0,8350.0,0.0,0.0,0.0,0.0,0.0,0.0,0.0,8350.0,0.0,0.0,0.0,0.0,0.0,0.0,0.0,8350.0,0.0,0.0,0.0,0.0,3222.0,2416.0,806.0,11572.0,9.0,9.0,9.0,11.17,1878.0,806.0,1072.0,13450.0,9.0,9.0,9.0,8.4,3257.0,1944.0,1313.0,16707.0,17.0,17.0,18.0,12.95,,,,,,,,,,,,,,,,,,,,,,,,,
fabdecab-38d0-4e2e-ac1c-1be5d0ffc496,2025-12-12 16:08:13 UTC,False,18088.0,CFOP,Gan 12 UI Maglev,RandomForest,17326.0,18088.0,,,gan12,custom_rules,,,,8.0,0.0,0.0,18088.0,73.0,73.0,83.0,4.04,5868.0,12220.0,3367.0,0.0,3367.0,3367.0,10.0,10.0,10.0,2.97,2173.0,1007.0,1166.0,5540.0,8.0,8.0,9.0,6.86,1926.0,459.0,1467.0,7466.0,7.0,7.0,9.0,4.77,1640.0,330.0,1310.0,9106.0,7.0,7.0,8.0,5.34,1558.0,628.0,930.0,10664.0,7.0,7.0,8.0,7.53,2917.0,966.0,1951.0,13581.0,11.0,11.0,12.0,5.64,4507.0,2478.0,2029.0,18088.0,24.0,24.0,27.0,11.83,,,,,,,,,,,,,,,,,,,,,,,,,
950ae458-c144-4cd6-948a-0118eeb501bb,2025-12-12 16:08:46 UTC,False,19249.0,CFOP,Gan 12 UI Maglev,RandomForest,5644.0,19249.0,,,gan12,custom_rules,,,,8.0,0.0,0.0,19249.0,72.0,72.0,86.0,3.74,5788.0,13461.0,1417.0,0.0,1417.0,1417.0,6.0,6.0,8.0,4.23,4351.0,547.0,3804.0,5768.0,12.0,12.0,12.0,3.15,1472.0,395.0,1077.0,7240.0,8.0,8.0,9.0,7.43,4821.0,2045.0,2776.0,12061.0,11.0,11.0,14.0,3.96,1298.0,339.0,959.0,13359.0,8.0,8.0,8.0,8.34,2389.0,1238.0,1151.0,15748.0,12.0,12.0,15.0,10.43,3501.0,1224.0,2277.0,19249.0,17.0,17.0,20.0,7.47,,,,,,,,,,,,,,,,,,,,,,,,,
1e35fbd6-b516-4dcc-8917-740d04a7d692,2025-12-12 16:09:16 UTC,False,13954.0,CFOP,Gan 12 UI Maglev,RandomForest,6102.0,13954.0,,,gan12,custom_rules,,,,8.0,0.0,0.0,13954.0,58.0,58.0,66.0,4.16,7368.0,6586.0,1754.0,0.0,1754.0,1754.0,7.0,7.0,8.0,3.99,2931.0,1988.0,943.0,4685.0,8.0,8.0,9.0,8.48,1233.0,854.0,379.0,5918.0,4.0,4.0,4.0,10.55,1881.0,822.0,1059.0,7799.0,8.0,8.0,9.0,7.55,2663.0,1946.0,717.0,10462.0,8.0,8.0,11.0,11.16,1708.0,1103.0,605.0,12170.0,8.0,8.0,9.0,13.22,1784.0,655.0,1129.0,13954.0,15.0,15.0,16.0,13.29,,,,,,,,,,,,,,,,,,,,,,,,,
576e01cd-5ffa-419c-a8e5-eb14e5c52608,2025-12-12 16:09:55 UTC,False,16818.0,CFOP,Gan 12 UI Maglev,RandomForest,12229.0,16818.0,,,gan12,custom_rules,,,,8.0,0.0,0.0,16818.0,79.0,81.0,92.0,4.7,5597.0,11165.0,1661.0,0.0,1661.0,1717.0,7.0,7.0,8.0,4.21,2768.0,1176.0,1592.0,4485.0,11.0,11.0,12.0,6.91,1612.0,766.0,846.0,6097.0,9.0,10.0,10.0,10.64,2872.0,688.0,2184.0,8969.0,11.0,11.0,14.0,5.04,1852.0,957.0,895.0,10821.0,8.0,8.0,10.0,8.94,1890.0,963.0,927.0,12711.0,10.0,11.0,12.0,10.79,4107.0,1047.0,3060.0,16818.0,23.0,23.0,26.0,7.52,,,,,,,,,,,,,,,,,,,,,,,,,
c6fe2f04-d745-4048-8a9c-0bfb82eee274,2025-12-12 16:10:30 UTC,False,14620.0,CFOP,Gan 12 UI Maglev,RandomForest,11785.0,14620.0,,,gan12,custom_rules,,,,8.0,0.0,0.0,14620.0,69.0,69.0,73.0,4.72,7739.0,6881.0,1055.0,0.0,1055.0,1055.0,6.0,6.0,6.0,5.69,2009.0,1293.0,716.0,3064.0,8.0,8.0,8.0,11.17,1981.0,1191.0,790.0,5045.0,8.0,8.0,8.0,10.13,1829.0,1418.0,411.0,6874.0,8.0,8.0,8.0,19.46,1720.0,1132.0,588.0,8594.0,8.0,8.0,8.0,13.61,2838.0,1376.0,1462.0,11432.0,13.0,13.0,16.0,8.89,3188.0,1329.0,1859.0,14620.0,18.0,18.0,19.0,9.68,,,,,,,,,,,,,,,,,,,,,,,,,
88438755-f5e2-431d-bd58-4b427d1c65bb,2025-12-12 16:10:54 UTC,False,12614.0,CFOP,Gan 12 UI Maglev,RandomForest,2749.0,12614.0,,,gan12,custom_rules,,,,8.0,0.0,0.0,12614.0,65.0,66.0,72.0,5.15,4760.0,7854.0,1257.0,0.0,1257.0,1257.0,6.0,6.0,6.0,4.77,2528.0,1095.0,1433.0,3785.0,10.0,11.0,13.0,6.98,2198.0,588.0,1610.0,5983.0,8.0,8.0,8.0,4.97,1225.0,508.0,717.0,7208.0,8.0,8.0,11.0,11.16,1605.0,636.0,969.0,8813.0,8.0,8.0,8.0,8.26,1337.0,823.0,514.0,10150.0,9.0,9.0,9.0,17.51,2464.0,1110.0,1354.0,12614.0,16.0,16.0,17.0,11.82,,,,,,,,,,,,,,,,,,,,,,,,,
bfe955f7-45b8-4b50-b29c-a8dd2400e8a2,2025-12-12 16:11:27 UTC,False,18556.0,CFOP,Gan 12 UI Maglev,RandomForest,5429.0,18556.0,,,gan12,custom_rules,,,,8.0,0.0,0.0,18556.0,75.0,77.0,89.0,4.04,7675.0,10824.0,2008.0,0.0,2008.0,2065.0,7.0,7.0,9.0,3.49,3252.0,1219.0,2033.0,5317.0,11.0,12.0,14.0,5.41,3089.0,1159.0,1930.0,8406.0,15.0,15.0,15.0,7.77,2110.0,1892.0,218.0,10516.0,5.0,5.0,7.0,22.94,1731.0,1118.0,613.0,12247.0,7.0,7.0,7.0,11.42,2108.0,870.0,1238.0,14355.0,12.0,12.0,13.0,9.69,4201.0,1417.0,2784.0,18556.0,18.0,19.0,24.0,6.47,,,,,,,,,,,,,,,,,,,,,,,,,
d9f6a20a-9db2-4c8f-8542-f4094331c96c,2025-12-12 16:12:00 UTC,False,17037.0,CFOP,Gan 12 UI Maglev,RandomForest,5136.0,17037.0,,,gan12,custom_rules,,,,8.0,0.0,0.0,17037.0,78.0,79.0,91.0,4.58,6743.0,10294.0,2423.0,0.0,2423.0,2423.0,9.0,9.0,10.0,3.71,3426.0,1922.0,1504.0,5849.0,10.0,10.0,13.0,6.65,2193.0,822.0,1371.0,8042.0,11.0,11.0,12.0,8.02,1436.0,596.0,840.0,9478.0,8.0,8.0,10.0,9.52,2337.0,451.0,1886.0,11815.0,14.0,14.0,15.0,7.42,1576.0,924.0,652.0,13391.0,9.0,9.0,10.0,13.8,3646.0,2028.0,1618.0,17037.0,17.0,18.0,21.0,10.51,,,,,,,,,,,,,,,,,,,,,,,,,
dc0d81e2-a6b5-42bf-8381-e026607b7a39,2025-12-12 16:12:27 UTC,False,15867.0,CFOP,Gan 12 UI Maglev,RandomForest,2851.0,15867.0,,,gan12,custom_rules,,,,8.0,0.0,0.0,15867.0,70.0,72.0,83.0,4.41,6109.0,9758.0,1088.0,0.0,1088.0,1088.0,4.0,4.0,6.0,3.68,1550.0,930.0,620.0,2638.0,6.0,7.0,8.0,9.68,1696.0,464.0,1232.0,4334.0,8.0,8.0,9.0,6.49,4336.0,1661.0,2675.0,8670.0,15.0,15.0,17.0,5.61,2064.0,1065.0,999.0,10734.0,8.0,8.0,10.0,8.01,2380.0,643.0,1737.0,13114.0,13.0,13.0,14.0,7.48,2753.0,1346.0,1407.0,15867.0,16.0,17.0,19.0,11.37,,,,,,,,,,,,,,,,,,,,,,,,,
357d13fc-4c5f-41dd-8521-7cf220c88bed,2025-12-12 16:13:12 UTC,False,21159.0,CFOP,Gan 12 UI Maglev,RandomForest,14177.0,21159.0,,,gan12,custom_rules,,,,8.0,0.0,0.0,21159.0,69.0,70.0,76.0,3.26,7029.0,14130.0,5176.0,0.0,5176.0,5176.0,14.0,15.0,16.0,2.7,0.0,0.0,0.0,5176.0,0.0,0.0,0.0,0.0,2358.0,1329.0,1029.0,7534.0,8.0,8.0,9.0,7.77,5358.0,1082.0,4276.0,12892.0,10.0,10.0,11.0,2.34,3458.0,2902.0,556.0,16350.0,8.0,8.0,9.0,14.39,1409.0,709.0,700.0,17759.0,9.0,9.0,9.0,12.86,3400.0,1007.0,2393.0,21159.0,20.0,20.0,22.0,8.36,,,,,,,,,,,,,,,,,,,,,,,,,
092fb67d-0fc6-4230-913a-a7f48e001991,2025-12-12 16:13:44 UTC,False,15206.0,CFOP,Gan 12 UI Maglev,RandomForest,6453.0,15206.0,,,gan12,custom_rules,,,,8.0,0.0,0.0,15206.0,69.0,69.0,80.0,4.54,6384.0,8757.0,1760.0,0.0,1760.0,1825.0,6.0,6.0,7.0,3.41,1721.0,815.0,906.0,3546.0,8.0,8.0,9.0,8.83,4298.0,1602.0,2696.0,7844.0,15.0,15.0,17.0,5.56,1767.0,945.0,822.0,9611.0,9.0,9.0,10.0,10.95,1798.0,1266.0,532.0,11409.0,9.0,9.0,10.0,16.92,1998.0,934.0,1064.0,13407.0,13.0,13.0,15.0,12.22,1799.0,822.0,977.0,15206.0,9.0,9.0,12.0,9.21,,,,,,,,,,,,,,,,,,,,,,,,,
bfd106e7-f510-4514-a8fc-7de4a9300e4f,2025-12-12 16:14:13 UTC,False,13760.0,CFOP,Gan 12 UI Maglev,RandomForest,6853.0,13760.0,,,gan12,custom_rules,,,,8.0,0.0,0.0,13760.0,69.0,70.0,76.0,5.01,5252.0,8508.0,3775.0,0.0,3775.0,3775.0,16.0,16.0,17.0,4.24,0.0,0.0,0.0,3775.0,0.0,0.0,0.0,0.0,2463.0,1230.0,1233.0,6238.0,11.0,11.0,12.0,8.92,1384.0,723.0,661.0,7622.0,8.0,8.0,8.0,12.1,1616.0,979.0,637.0,9238.0,7.0,7.0,8.0,10.99,1551.0,653.0,898.0,10789.0,12.0,12.0,13.0,13.36,2971.0,1667.0,1304.0,13760.0,15.0,16.0,18.0,11.5,,,,,,,,,,,,,,,,,,,,,,,,,
6a767e3d-cf07-4542-b98e-9d0beea79f46,2025-12-12 16:14:37 UTC,False,12390.0,CFOP,Gan 12 UI Maglev,RandomForest,3966.0,12390.0,,,gan12,custom_rules,,,,8.0,0.0,0.0,12390.0,62.0,62.0,73.0,5.0,4650.0,7651.0,862.0,0.0,862.0,951.0,4.0,4.0,6.0,4.64,2372.0,626.0,1746.0,3323.0,8.0,8.0,10.0,4.58,1699.0,540.0,1159.0,5022.0,8.0,8.0,10.0,6.9,1096.0,169.0,927.0,6118.0,7.0,7.0,8.0,7.55,1987.0,1152.0,835.0,8105.0,8.0,8.0,10.0,9.58,1873.0,1015.0,858.0,9978.0,11.0,11.0,12.0,12.82,2412.0,1148.0,1264.0,12390.0,16.0,16.0,17.0,12.66,,,,,,,,,,,,,,,,,,,,,,,,,
56360b09-2c53-467c-a75b-e2c7cbef681a,2025-12-12 16:15:00 UTC,False,11418.0,CFOP,Gan 12 UI Maglev,RandomForest,3157.0,11418.0,,,gan12,custom_rules,,,,8.0,0.0,0.0,11418.0,58.0,58.0,61.0,5.08,5375.0,6043.0,668.0,0.0,668.0,668.0,5.0,5.0,5.0,7.49,1355.0,460.0,895.0,2023.0,7.0,7.0,7.0,7.82,2271.0,1594.0,677.0,4294.0,8.0,8.0,10.0,11.82,1361.0,757.0,604.0,5655.0,8.0,8.0,8.0,13.25,652.0,451.0,201.0,6307.0,4.0,4.0,4.0,19.9,3014.0,1243.0,1771.0,9321.0,12.0,12.0,12.0,6.78,2097.0,870.0,1227.0,11418.0,14.0,14.0,15.0,11.41,,,,,,,,,,,,,,,,,,,,,,,,,
f0155720-d41a-473e-946b-0f9e47c3f090,2025-12-12 16:15:44 UTC,False,14994.0,CFOP,Gan 12 UI Maglev,RandomForest,12335.0,14994.0,,,gan12,custom_rules,,,,8.0,0.0,0.0,14994.0,67.0,70.0,80.0,4.47,6145.0,8769.0,1787.0,0.0,1787.0,1867.0,7.0,7.0,9.0,3.92,1733.0,556.0,1177.0,3600.0,8.0,8.0,9.0,6.8,1028.0,363.0,665.0,4628.0,6.0,6.0,7.0,9.02,2150.0,1265.0,885.0,6778.0,8.0,8.0,10.0,9.04,1844.0,1022.0,822.0,8622.0,8.0,8.0,10.0,9.73,2945.0,1005.0,1940.0,11567.0,12.0,13.0,13.0,6.19,3427.0,1934.0,1493.0,14994.0,18.0,20.0,22.0,12.06,,,,,,,,,,,,,,,,,,,,,,,,,
46e7a043-a990-4b2b-9fd6-1ba8a6d77784,2025-12-12 16:16:21 UTC,False,12886.0,CFOP,Gan 12 UI Maglev,RandomForest,15098.0,12886.0,,,gan12,custom_rules,,,,8.0,0.0,0.0,12886.0,64.0,65.0,74.0,4.97,4631.0,8182.0,2385.0,0.0,2385.0,2458.0,6.0,6.0,8.0,2.52,0.0,0.0,0.0,2458.0,0.0,0.0,0.0,0.0,1595.0,467.0,1128.0,4053.0,8.0,8.0,8.0,7.09,2112.0,1307.0,805.0,6165.0,10.0,10.0,11.0,12.42,1271.0,353.0,918.0,7436.0,8.0,8.0,8.0,8.71,2079.0,1040.0,1039.0,9515.0,14.0,14.0,16.0,13.47,3371.0,1464.0,1907.0,12886.0,18.0,19.0,23.0,9.44,,,,,,,,,,,,,,,,,,,,,,,,,
a56cdb6a-7ad9-4f24-b260-c4e5569a4bf0,2025-12-12 16:16:57 UTC,False,16041.0,CFOP,Gan 12 UI Maglev,RandomForest,4549.0,16041.0,,,gan12,custom_rules,,,,8.0,0.0,0.0,16041.0,71.0,74.0,86.0,4.43,6147.0,9894.0,1482.0,0.0,1482.0,1482.0,4.0,5.0,7.0,2.7,2827.0,484.0,2343.0,4309.0,10.0,10.0,12.0,4.27,2482.0,1488.0,994.0,6791.0,8.0,8.0,10.0,8.05,2649.0,1666.0,983.0,9440.0,7.0,7.0,9.0,7.12,1377.0,636.0,741.0,10817.0,8.0,8.0,11.0,10.8,2157.0,908.0,1249.0,12974.0,12.0,14.0,14.0,9.61,3067.0,965.0,2102.0,16041.0,22.0,22.0,23.0,10.47,,,,,,,,,,,,,,,,,,,,,,,,,
63736fbf-e5c4-4c77-ac65-21bedc490f84,2025-12-12 16:17:29 UTC,False,17272.0,CFOP,Gan 12 UI Maglev,RandomForest,5443.0,17272.0,,,gan12,custom_rules,,,,8.0,0.0,0.0,17272.0,78.0,78.0,89.0,4.52,4942.0,12330.0,1685.0,0.0,1685.0,1685.0,6.0,6.0,7.0,3.56,3034.0,774.0,2260.0,4719.0,11.0,11.0,12.0,4.87,2679.0,758.0,1921.0,7398.0,8.0,8.0,9.0,4.16,2515.0,660.0,1855.0,9913.0,12.0,12.0,15.0,6.47,1762.0,1062.0,700.0,11675.0,8.0,8.0,10.0,11.43,2692.0,939.0,1753.0,14367.0,13.0,13.0,15.0,7.42,2905.0,749.0,2156.0,17272.0,20.0,20.0,21.0,9.28,,,,,,,,,,,,,,,,,,,,,,,,,
6dd9f648-8bba-46e2-88e6-6d176230dd59,2025-12-12 16:18:19 UTC,False,15874.0,CFOP,Gan 12 UI Maglev,RandomForest,26401.0,15874.0,,,gan12,custom_rules,,,,8.0,0.0,0.0,15874.0,56.0,64.0,79.0,3.53,6896.0,8978.0,3554.0,0.0,3554.0,3554.0,8.0,8.0,10.0,2.25,2110.0,1788.0,322.0,5664.0,4.0,4.0,5.0,12.42,1704.0,1091.0,613.0,7368.0,5.0,6.0,6.0,8.16,1253.0,636.0,617.0,8621.0,6.0,6.0,8.0,9.72,2630.0,1064.0,1566.0,11251.0,10.0,10.0,11.0,6.39,2236.0,1262.0,974.0,13487.0,12.0,14.0,15.0,12.32,2387.0,1055.0,1332.0,15874.0,11.0,16.0,24.0,8.26,,,,,,,,,,,,,,,,,,,,,,,,,
0eeac887-31df-46ac-b1a8-7d17a8fec843,2025-12-12 16:18:52 UTC,False,18705.0,CFOP,Gan 12 UI Maglev,RandomForest,5352.0,18705.0,,,gan12,custom_rules,,,,8.0,0.0,0.0,18705.0,70.0,74.0,88.0,3.74,7414.0,11234.0,1651.0,0.0,1651.0,1708.0,7.0,7.0,8.0,4.24,1916.0,1200.0,716.0,3624.0,8.0,8.0,9.0,11.17,3704.0,1254.0,2450.0,7328.0,12.0,12.0,14.0,4.9,2973.0,580.0,2393.0,10301.0,12.0,12.0,12.0,5.01,3810.0,1636.0,2174.0,14111.0,12.0,12.0,13.0,5.52,2517.0,1551.0,966.0,16628.0,10.0,10.0,13.0,10.35,2077.0,1193.0,884.0,18705.0,9.0,13.0,19.0,10.18,,,,,,,,,,,,,,,,,,,,,,,,,
33837a09-7514-4025-bcbe-3571dc6693e3,2025-12-12 16:19:20 UTC,False,16020.0,CFOP,Gan 12 UI Maglev,RandomForest,3785.0,16020.0,,,gan12,custom_rules,,,,8.0,0.0,0.0,16020.0,71.0,74.0,85.0,4.43,5331.0,10689.0,2977.0,0.0,2977.0,2977.0,7.0,7.0,9.0,2.35,1932.0,322.0,1610.0,4909.0,11.0,11.0,12.0,6.83,2001.0,865.0,1136.0,6910.0,8.0,8.0,10.0,7.04,1666.0,602.0,1064.0,8576.0,9.0,10.0,11.0,8.46,2034.0,1397.0,637.0,10610.0,8.0,8.0,9.0,12.56,2741.0,1251.0,1490.0,13351.0,12.0,14.0,15.0,8.05,2669.0,894.0,1775.0,16020.0,16.0,16.0,19.0,9.01,,,,,,,,,,,,,,,,,,,,,,,,,
9ee3acb7-ee5f-46f5-a517-18c75576004a,2025-12-12 16:19:57 UTC,False,17612.0,CFOP,Gan 12 UI Maglev,RandomForest,11378.0,17612.0,,,gan12,custom_rules,,,,8.0,0.0,0.0,17612.0,67.0,73.0,85.0,3.8,6160.0,11452.0,2323.0,0.0,2323.0,2323.0,9.0,9.0,10.0,3.87,1560.0,315.0,1245.0,3883.0,10.0,10.0,11.0,8.03,1873.0,1213.0,660.0,5756.0,5.0,5.0,6.0,7.58,3056.0,1259.0,1797.0,8812.0,8.0,8.0,9.0,4.45,3960.0,789.0,3171.0,12772.0,14.0,16.0,17.0,4.42,2523.0,1296.0,1227.0,15295.0,11.0,11.0,12.0,8.96,2317.0,1288.0,1029.0,17612.0,10.0,14.0,20.0,9.72,,,,,,,,,,,,,,,,,,,,,,,,,
d246306f-baf5-4e4d-bcf8-6b96276fd2e6,2025-12-12 16:20:26 UTC,False,15793.0,CFOP,Gan 12 UI Maglev,RandomForest,5381.0,15793.0,,,gan12,custom_rules,,,,8.0,0.0,0.0,15793.0,75.0,75.0,85.0,4.75,5570.0,10223.0,1995.0,0.0,1995.0,1995.0,6.0,6.0,7.0,3.01,1342.0,436.0,906.0,3337.0,8.0,8.0,10.0,8.83,2679.0,1463.0,1216.0,6016.0,8.0,8.0,10.0,6.58,1546.0,210.0,1336.0,7562.0,11.0,11.0,12.0,8.23,2566.0,933.0,1633.0,10128.0,11.0,11.0,13.0,6.74,1928.0,854.0,1074.0,12056.0,12.0,12.0,14.0,11.17,3737.0,1674.0,2063.0,15793.0,19.0,19.0,19.0,9.21,,,,,,,,,,,,,,,,,,,,,,,,,
3e3ee0cf-1e12-4bf1-9b2a-1700db80c8a8,2025-12-12 16:20:55 UTC,False,13644.0,CFOP,Gan 12 UI Maglev,RandomForest,7151.0,13644.0,,,gan12,custom_rules,,,,8.0,0.0,0.0,13644.0,60.0,61.0,67.0,4.4,6318.0,7326.0,1160.0,0.0,1160.0,1160.0,5.0,6.0,6.0,4.31,2769.0,1698.0,1071.0,3929.0,7.0,7.0,8.0,6.54,2001.0,728.0,1273.0,5930.0,7.0,7.0,7.0,5.5,1619.0,693.0,926.0,7549.0,8.0,8.0,9.0,8.64,1193.0,605.0,588.0,8742.0,8.0,8.0,9.0,13.61,1716.0,919.0,797.0,10458.0,8.0,8.0,9.0,10.04,3186.0,1675.0,1511.0,13644.0,17.0,17.0,19.0,11.25,,,,,,,,,,,,,,,,,,,,,,,,,
7ba5a9af-cd2c-4141-8b2b-c5dceb5330d8,2025-12-12 16:21:28 UTC,False,14830.0,CFOP,Gan 12 UI Maglev,RandomForest,8000.0,14830.0,,,gan12,custom_rules,,,,8.0,0.0,0.0,14830.0,64.0,65.0,73.0,4.32,5954.0,8876.0,2336.0,0.0,2336.0,2336.0,7.0,7.0,8.0,3.0,2298.0,1146.0,1152.0,4634.0,7.0,7.0,8.0,6.08,2666.0,1562.0,1104.0,7300.0,9.0,10.0,10.0,8.15,1540.0,297.0,1243.0,8840.0,7.0,7.0,9.0,5.63,1840.0,1217.0,623.0,10680.0,8.0,8.0,9.0,12.84,1663.0,790.0,873.0,12343.0,11.0,11.0,12.0,12.6,2487.0,942.0,1545.0,14830.0,15.0,15.0,17.0,9.71,,,,,,,,,,,,,,,,,,,,,,,,,
c1e825b4-ef14-4ea7-81e0-764698ec0956,2025-12-12 16:22:05 UTC,False,9280.0,CFOP,Gan 12 UI Maglev,RandomForest,19488.0,9280.0,,,gan12,custom_rules,,,,8.0,0.0,0.0,9280.0,55.0,58.0,62.0,5.93,4111.0,5097.0,48.0,0.0,48.0,120.0,2.0,2.0,3.0,41.67,1096.0,460.0,636.0,1216.0,6.0,7.0,7.0,9.43,1476.0,1218.0,258.0,2692.0,4.0,4.0,5.0,15.5,1548.0,612.0,936.0,4240.0,7.0,7.0,7.0,7.48,1288.0,347.0,941.0,5528.0,11.0,11.0,11.0,11.69,1530.0,556.0,974.0,7058.0,10.0,11.0,11.0,10.27,2222.0,918.0,1304.0,9280.0,15.0,16.0,18.0,11.5,,,,,,,,,,,,,,,,,,,,,,,,,
539d1aa9-6a7f-4b11-a709-4bbd35717764,2025-12-12 16:23:00 UTC,False,13687.0,CFOP,Gan 12 UI Maglev,RandomForest,4241.0,13687.0,,,gan12,custom_rules,,,,8.0,0.0,0.0,13687.0,67.0,71.0,87.0,4.9,4909.0,8778.0,966.0,0.0,966.0,966.0,5.0,5.0,7.0,5.18,1782.0,1113.0,669.0,2748.0,6.0,6.0,7.0,8.97,1745.0,88.0,1657.0,4493.0,11.0,11.0,13.0,6.64,1975.0,1024.0,951.0,6468.0,8.0,8.0,10.0,8.41,1529.0,780.0,749.0,7997.0,8.0,8.0,9.0,10.68,1383.0,770.0,613.0,9380.0,7.0,7.0,7.0,11.42,4307.0,1134.0,3173.0,13687.0,23.0,27.0,34.0,7.25,,,,,,,,,,,,,,,,,,,,,,,,,
5560edcf-2693-409a-8e4b-6d226c324450,2025-12-12 16:23:37 UTC,False,17316.0,CFOP,Gan 12 UI Maglev,RandomForest,9603.0,17316.0,,,gan12,custom_rules,,,,8.0,0.0,0.0,17316.0,78.0,80.0,89.0,4.5,2221.0,15095.0,6020.0,0.0,6020.0,6020.0,26.0,26.0,29.0,4.32,0.0,0.0,0.0,6020.0,0.0,0.0,0.0,0.0,0.0,0.0,0.0,6020.0,0.0,0.0,0.0,0.0,4136.0,177.0,3959.0,10156.0,17.0,19.0,20.0,4.29,0.0,0.0,0.0,10156.0,0.0,0.0,0.0,0.0,3971.0,861.0,3110.0,14127.0,18.0,18.0,19.0,5.79,3189.0,1183.0,2006.0,17316.0,17.0,17.0,21.0,8.47,,,,,,,,,,,,,,,,,,,,,,,,,
7bbee038-59d0-4c1b-b4db-2d19761fbf8f,2025-12-12 16:24:25 UTC,False,22598.0,CFOP,Gan 12 UI Maglev,RandomForest,12479.0,22598.0,,,gan12,custom_rules,,,,8.0,0.0,0.0,22598.0,73.0,74.0,90.0,3.23,11149.0,11449.0,3683.0,0.0,3683.0,3683.0,8.0,8.0,10.0,2.17,4440.0,3868.0,572.0,8123.0,9.0,9.0,12.0,15.73,4124.0,2665.0,1459.0,12247.0,9.0,9.0,11.0,6.17,1684.0,797.0,887.0,13931.0,8.0,8.0,10.0,9.02,2973.0,1596.0,1377.0,16904.0,12.0,12.0,14.0,8.71,2296.0,1047.0,1249.0,19200.0,13.0,13.0,14.0,10.41,3398.0,1176.0,2222.0,22598.0,14.0,15.0,19.0,6.3,,,,,,,,,,,,,,,,,,,,,,,,,
13d27074-653d-4d96-aa1a-e36baa366407,2025-12-12 16:24:58 UTC,False,19375.0,CFOP,Gan 12 UI Maglev,RandomForest,4007.0,19375.0,,,gan12,custom_rules,,,,8.0,0.0,0.0,19375.0,81.0,83.0,91.0,4.18,7201.0,12174.0,2348.0,0.0,2348.0,2348.0,9.0,9.0,9.0,3.83,1787.0,1038.0,749.0,4135.0,8.0,8.0,8.0,10.68,3810.0,460.0,3350.0,7945.0,12.0,12.0,12.0,3.58,1310.0,641.0,669.0,9255.0,8.0,8.0,10.0,11.96,5285.0,2287.0,2998.0,14540.0,18.0,18.0,20.0,6.0,1640.0,886.0,754.0,16180.0,10.0,11.0,12.0,13.26,3195.0,1889.0,1306.0,19375.0,16.0,17.0,20.0,12.25,,,,,,,,,,,,,,,,,,,,,,,,,
f4d6de39-ea2c-45aa-947b-515247df2592,2025-12-12 16:25:35 UTC,False,20378.0,CFOP,Gan 12 UI Maglev,RandomForest,7304.0,20378.0,,,gan12,custom_rules,,,,8.0,0.0,0.0,20378.0,61.0,63.0,69.0,2.99,9681.0,10697.0,2672.0,0.0,2672.0,2672.0,9.0,9.0,9.0,3.37,3118.0,2208.0,910.0,5790.0,9.0,10.0,10.0,9.89,2620.0,1036.0,1584.0,8410.0,7.0,7.0,7.0,4.42,3375.0,1391.0,1984.0,11785.0,9.0,10.0,10.0,4.54,3005.0,2232.0,773.0,14790.0,9.0,9.0,10.0,11.64,2165.0,1118.0,1047.0,16955.0,7.0,7.0,8.0,6.69,3423.0,1696.0,1727.0,20378.0,11.0,11.0,15.0,6.37,,,,,,,,,,,,,,,,,,,,,,,,,
64001945-809a-406f-8933-5edaf6e30f45,2025-12-12 16:26:11 UTC,False,21023.0,CFOP,Gan 12 UI Maglev,RandomForest,4130.0,21023.0,,,gan12,custom_rules,,,,8.0,0.0,0.0,21023.0,80.0,90.0,97.0,3.81,5863.0,15160.0,1967.0,0.0,1967.0,1967.0,7.0,7.0,7.0,3.56,991.0,813.0,178.0,2958.0,4.0,4.0,4.0,22.47,2130.0,816.0,1314.0,5088.0,7.0,7.0,7.0,5.33,4830.0,798.0,4032.0,9918.0,14.0,16.0,18.0,3.47,1448.0,830.0,618.0,11366.0,9.0,9.0,9.0,14.56,7511.0,1326.0,6185.0,18877.0,28.0,33.0,33.0,4.53,2146.0,1280.0,866.0,21023.0,11.0,14.0,19.0,12.7,,,,,,,,,,,,,,,,,,,,,,,,,
61cde155-5147-4b71-95ea-9b103d8edb9d,2025-12-12 18:55:52 UTC,False,14827.0,CFOP,Gan 12 UI Maglev,RandomForest,15888.0,14827.0,,,gan12,custom_rules,,,,8.0,0.0,0.0,14827.0,59.0,63.0,79.0,3.98,5064.0,9763.0,1649.0,0.0,1649.0,1649.0,6.0,6.0,6.0,3.64,2690.0,711.0,1979.0,4339.0,7.0,7.0,8.0,3.54,3058.0,276.0,2782.0,7397.0,12.0,12.0,16.0,4.31,2255.0,1222.0,1033.0,9652.0,8.0,8.0,10.0,7.74,1715.0,868.0,847.0,11367.0,8.0,8.0,9.0,9.45,1623.0,937.0,686.0,12990.0,9.0,9.0,10.0,13.12,1837.0,1050.0,787.0,14827.0,8.0,12.0,18.0,10.17,,,,,,,,,,,,,,,,,,,,,,,,,
5e6394e5-5f7a-4d2c-ae59-66f9b670edf9,2025-12-12 18:56:37 UTC,False,24398.0,CFOP,Gan 12 UI Maglev,RandomForest,10597.0,24398.0,,,gan12,custom_rules,,,,8.0,0.0,0.0,24398.0,80.0,80.0,89.0,3.28,7037.0,17361.0,6168.0,0.0,6168.0,6168.0,11.0,11.0,13.0,1.78,3117.0,2351.0,766.0,9285.0,8.0,8.0,9.0,10.44,2863.0,437.0,2426.0,12148.0,13.0,13.0,14.0,5.36,5476.0,879.0,4597.0,17624.0,14.0,14.0,16.0,3.05,1742.0,936.0,806.0,19366.0,7.0,7.0,7.0,8.68,2066.0,1156.0,910.0,21432.0,10.0,10.0,10.0,10.99,2966.0,1278.0,1688.0,24398.0,17.0,17.0,20.0,10.07,,,,,,,,,,,,,,,,,,,,,,,,,
5d3505c4-cb34-4a0b-a604-ef92689a9f81,2025-12-12 18:57:23 UTC,False,19041.0,CFOP,Gan 12 UI Maglev,RandomForest,18480.0,19041.0,,,gan12,custom_rules,,,,8.0,0.0,0.0,19041.0,77.0,77.0,92.0,4.04,5155.0,13886.0,1008.0,0.0,1008.0,1008.0,4.0,4.0,6.0,3.97,4765.0,314.0,4451.0,5773.0,13.0,13.0,15.0,2.92,2826.0,645.0,2181.0,8599.0,11.0,11.0,11.0,5.04,4039.0,1339.0,2700.0,12638.0,10.0,10.0,14.0,3.7,1457.0,651.0,806.0,14095.0,8.0,8.0,11.0,9.93,2214.0,1102.0,1112.0,16309.0,14.0,14.0,16.0,12.59,2732.0,1104.0,1628.0,19041.0,17.0,17.0,19.0,10.44,,,,,,,,,,,,,,,,,,,,,,,,,
9506c806-d49e-4627-b881-3e7b03a0f02a,2025-12-12 18:58:18 UTC,False,22819.0,CFOP,Gan 12 UI Maglev,RandomForest,23369.0,22819.0,,,gan12,custom_rules,,,,8.0,0.0,0.0,22819.0,61.0,62.0,66.0,2.67,10933.0,11806.0,4207.0,0.0,4207.0,4287.0,8.0,8.0,10.0,1.9,2154.0,1638.0,516.0,6441.0,3.0,3.0,4.0,5.81,3311.0,886.0,2425.0,9752.0,9.0,9.0,9.0,3.71,2789.0,1144.0,1645.0,12541.0,7.0,7.0,7.0,4.26,5296.0,4844.0,452.0,17837.0,8.0,8.0,8.0,17.7,2188.0,1037.0,1151.0,20025.0,10.0,11.0,11.0,8.69,2794.0,1384.0,1410.0,22819.0,16.0,16.0,17.0,11.35,,,,,,,,,,,,,,,,,,,,,,,,,
7d242dea-57d8-4902-81af-0ae25a6aeb53,2025-12-12 18:58:55 UTC,False,16013.0,CFOP,Gan 12 UI Maglev,RandomForest,10947.0,16013.0,,,gan12,custom_rules,,,,8.0,0.0,0.0,16013.0,63.0,64.0,71.0,3.93,8013.0,8000.0,1322.0,0.0,1322.0,1322.0,6.0,6.0,6.0,4.54,2079.0,1354.0,725.0,3401.0,6.0,7.0,8.0,8.28,2209.0,1226.0,983.0,5610.0,7.0,7.0,8.0,7.12,1795.0,1336.0,459.0,7405.0,9.0,9.0,9.0,19.61,1900.0,1439.0,461.0,9305.0,7.0,7.0,7.0,15.18,2351.0,1214.0,1137.0,11656.0,13.0,13.0,15.0,11.43,4357.0,1444.0,2913.0,16013.0,15.0,15.0,18.0,5.15,,,,,,,,,,,,,,,,,,,,,,,,,
69582236-81bb-4785-b1da-af6cb57122c3,2025-12-12 18:59:29 UTC,False,19117.0,CFOP,Gan 12 UI Maglev,RandomForest,5996.0,19117.0,,,gan12,custom_rules,,,,8.0,0.0,0.0,19117.0,68.0,69.0,81.0,3.56,7323.0,11794.0,975.0,0.0,975.0,975.0,5.0,5.0,6.0,5.13,1588.0,903.0,685.0,2563.0,6.0,6.0,8.0,8.76,7119.0,1188.0,5931.0,9682.0,21.0,21.0,25.0,3.54,1453.0,1219.0,234.0,11135.0,4.0,4.0,5.0,17.09,3431.0,2657.0,774.0,14566.0,8.0,8.0,10.0,10.34,1735.0,540.0,1195.0,16301.0,9.0,10.0,10.0,7.53,2816.0,816.0,2000.0,19117.0,16.0,16.0,17.0,8.0,,,,,,,,,,,,,,,,,,,,,,,,,
c6664ac6-8432-4abc-93d9-6ba09eed8ad7,2025-12-12 19:00:18 UTC,False,28340.0,CFOP,Gan 12 UI Maglev,RandomForest,11829.0,28340.0,,,gan12,custom_rules,,,,8.0,0.0,0.0,28340.0,80.0,83.0,92.0,2.82,11442.0,16898.0,8197.0,0.0,8197.0,8197.0,16.0,18.0,19.0,1.95,0.0,0.0,0.0,8197.0,0.0,0.0,0.0,0.0,1410.0,629.0,781.0,9607.0,7.0,7.0,7.0,8.96,3276.0,1872.0,1404.0,12883.0,10.0,10.0,11.0,7.12,6460.0,5784.0,676.0,19343.0,7.0,7.0,7.0,10.36,2652.0,1829.0,823.0,21995.0,10.0,10.0,11.0,12.15,6345.0,1328.0,5017.0,28340.0,30.0,31.0,37.0,5.98,,,,,,,,,,,,,,,,,,,,,,,,,
c378f37f-6aef-4372-b3d7-6bcd4ffe8e68,2025-12-12 19:00:58 UTC,False,16616.0,CFOP,Gan 12 UI Maglev,RandomForest,5729.0,16616.0,,,gan12,custom_rules,,,,8.0,0.0,0.0,16616.0,74.0,75.0,88.0,4.45,4104.0,12512.0,1643.0,0.0,1643.0,1643.0,7.0,7.0,8.0,4.26,2647.0,1488.0,1159.0,4290.0,8.0,8.0,11.0,6.9,1069.0,113.0,956.0,5359.0,7.0,7.0,8.0,7.32,936.0,209.0,727.0,6295.0,7.0,7.0,8.0,9.63,4173.0,370.0,3803.0,10468.0,19.0,19.0,20.0,5.0,3286.0,941.0,2345.0,13754.0,12.0,13.0,14.0,5.12,2862.0,983.0,1879.0,16616.0,16.0,16.0,19.0,8.52,,,,,,,,,,,,,,,,,,,,,,,,,
1595e848-3b04-4c73-887c-97849cb838a8,2025-12-12 19:01:40 UTC,False,19910.0,CFOP,Gan 12 UI Maglev,RandomForest,10031.0,19910.0,,,gan12,custom_rules,,,,8.0,0.0,0.0,19910.0,87.0,88.0,98.0,4.37,5361.0,14549.0,3537.0,0.0,3537.0,3537.0,11.0,11.0,13.0,3.11,2465.0,274.0,2191.0,6002.0,12.0,12.0,14.0,5.48,3686.0,338.0,3348.0,9688.0,14.0,14.0,16.0,4.18,2355.0,1751.0,604.0,12043.0,8.0,8.0,9.0,13.25,1710.0,1259.0,451.0,13753.0,8.0,8.0,10.0,17.74,1505.0,748.0,757.0,15258.0,10.0,11.0,11.0,13.21,4652.0,991.0,3661.0,19910.0,24.0,24.0,25.0,6.56,,,,,,,,,,,,,,,,,,,,,,,,,
0b4d6707-87f7-456d-9390-a909912de5ad,2025-12-12 19:02:11 UTC,False,17792.0,CFOP,Gan 12 UI Maglev,RandomForest,2831.0,17792.0,,,gan12,custom_rules,,,,8.0,0.0,0.0,17792.0,74.0,76.0,87.0,4.16,5836.0,11956.0,1322.0,0.0,1322.0,1322.0,5.0,5.0,6.0,3.78,3405.0,1490.0,1915.0,4727.0,14.0,15.0,16.0,7.31,1068.0,320.0,748.0,5795.0,6.0,6.0,7.0,8.02,1305.0,443.0,862.0,7100.0,6.0,6.0,6.0,6.96,1443.0,701.0,742.0,8543.0,8.0,8.0,10.0,10.78,5156.0,934.0,4222.0,13699.0,25.0,26.0,28.0,5.92,4093.0,1948.0,2145.0,17792.0,11.0,11.0,14.0,5.13,,,,,,,,,,,,,,,,,,,,,,,,,
e305bf54-0368-44ea-9a9f-1617a31b38cd,2025-12-12 19:02:43 UTC,False,13571.0,CFOP,Gan 12 UI Maglev,RandomForest,10968.0,13571.0,,,gan12,custom_rules,,,,8.0,0.0,0.0,13571.0,48.0,52.0,63.0,3.54,5202.0,8281.0,3788.0,0.0,3788.0,3876.0,11.0,11.0,13.0,2.9,0.0,0.0,0.0,3876.0,0.0,0.0,0.0,0.0,1849.0,653.0,1196.0,5725.0,7.0,7.0,7.0,5.85,1551.0,1032.0,519.0,7276.0,7.0,7.0,8.0,13.49,1850.0,1593.0,257.0,9126.0,4.0,4.0,5.0,15.56,2389.0,750.0,1639.0,11515.0,11.0,11.0,12.0,6.71,2056.0,1174.0,882.0,13571.0,9.0,13.0,18.0,10.2,,,,,,,,,,,,,,,,,,,,,,,,,
713353f8-bda7-4910-bcee-d70915e0e0ee,2025-12-12 19:03:21 UTC,False,16632.0,CFOP,Gan 12 UI Maglev,RandomForest,12676.0,16632.0,,,gan12,custom_rules,,,,8.0,0.0,0.0,16632.0,74.0,75.0,82.0,4.45,6446.0,10186.0,2290.0,0.0,2290.0,2290.0,7.0,7.0,9.0,3.06,1650.0,911.0,739.0,3940.0,8.0,8.0,10.0,10.83,4228.0,2069.0,2159.0,8168.0,11.0,11.0,13.0,5.09,1064.0,831.0,233.0,9232.0,4.0,4.0,4.0,17.17,959.0,516.0,443.0,10191.0,8.0,8.0,8.0,18.06,2558.0,867.0,1691.0,12749.0,17.0,17.0,17.0,10.05,3883.0,1252.0,2631.0,16632.0,19.0,20.0,21.0,7.22,,,,,,,,,,,,,,,,,,,,,,,,,
eec7196e-d99e-4d31-a750-c4f311310d62,2025-12-12 19:04:02 UTC,False,18524.0,CFOP,Gan 12 UI Maglev,RandomForest,12629.0,18524.0,,,gan12,custom_rules,,,,8.0,0.0,0.0,18524.0,68.0,69.0,75.0,3.67,7109.0,11415.0,4147.0,0.0,4147.0,4147.0,10.0,10.0,11.0,2.41,2585.0,975.0,1610.0,6732.0,11.0,11.0,13.0,6.83,2867.0,1361.0,1506.0,9599.0,8.0,8.0,8.0,5.31,1966.0,952.0,1014.0,11565.0,9.0,10.0,10.0,8.88,2990.0,2000.0,990.0,14555.0,8.0,8.0,9.0,8.08,1584.0,948.0,636.0,16139.0,8.0,8.0,8.0,12.58,2385.0,873.0,1512.0,18524.0,14.0,14.0,16.0,9.26,,,,,,,,,,,,,,,,,,,,,,,,,
13ac28ff-d7b4-4b13-96e4-91d86adcb67c,2025-12-12 19:04:45 UTC,False,19512.0,CFOP,Gan 12 UI Maglev,RandomForest,11826.0,19512.0,,,gan12,custom_rules,,,,8.0,0.0,0.0,19512.0,75.0,76.0,84.0,3.84,6073.0,13439.0,2028.0,0.0,2028.0,2028.0,8.0,8.0,10.0,3.94,6840.0,661.0,6179.0,8868.0,18.0,18.0,19.0,2.91,2387.0,985.0,1402.0,11255.0,9.0,9.0,10.0,6.42,1696.0,1003.0,693.0,12951.0,8.0,8.0,8.0,11.54,2373.0,1326.0,1047.0,15324.0,8.0,8.0,9.0,7.64,1200.0,620.0,580.0,16524.0,8.0,8.0,9.0,13.79,2988.0,1478.0,1510.0,19512.0,16.0,17.0,19.0,10.6,,,,,,,,,,,,,,,,,,,,,,,,,
492a94a5-f908-4d66-b782-5a4b30f964d6,2025-12-12 19:05:21 UTC,False,20632.0,CFOP,Gan 12 UI Maglev,RandomForest,5731.0,20632.0,,,gan12,custom_rules,,,,8.0,0.0,0.0,20632.0,81.0,82.0,90.0,3.93,5925.0,14707.0,3889.0,0.0,3889.0,3889.0,7.0,7.0,8.0,1.8,3978.0,653.0,3325.0,7867.0,12.0,12.0,13.0,3.61,2833.0,1172.0,1661.0,10700.0,10.0,10.0,12.0,6.02,2306.0,1240.0,1066.0,13006.0,6.0,7.0,8.0,5.63,1010.0,403.0,607.0,14016.0,8.0,8.0,9.0,13.18,3120.0,944.0,2176.0,17136.0,20.0,20.0,22.0,9.19,3496.0,1513.0,1983.0,20632.0,18.0,18.0,18.0,9.08,,,,,,,,,,,,,,,,,,,,,,,,,
6b12daef-276c-4861-9ccd-11d2a04cdf93,2025-12-12 19:05:58 UTC,False,15006.0,CFOP,Gan 12 UI Maglev,RandomForest,12885.0,15006.0,,,gan12,custom_rules,,,,8.0,0.0,0.0,15006.0,60.0,66.0,83.0,4.0,7269.0,7737.0,1234.0,0.0,1234.0,1234.0,6.0,6.0,7.0,4.86,2077.0,1464.0,613.0,3311.0,6.0,7.0,9.0,9.79,2708.0,1135.0,1573.0,6019.0,11.0,11.0,13.0,6.99,1644.0,1499.0,145.0,7663.0,5.0,5.0,6.0,34.48,1322.0,637.0,685.0,8985.0,9.0,9.0,9.0,13.14,2749.0,1026.0,1723.0,11734.0,12.0,12.0,16.0,6.96,3272.0,1508.0,1764.0,15006.0,11.0,16.0,23.0,6.24,,,,,,,,,,,,,,,,,,,,,,,,,
e66376da-cf82-41e3-88af-90d389c8c588,2025-12-12 19:06:36 UTC,False,17341.0,CFOP,Gan 12 UI Maglev,RandomForest,12135.0,17341.0,,,gan12,custom_rules,,,,8.0,0.0,0.0,17341.0,68.0,69.0,81.0,3.92,5077.0,12264.0,7409.0,0.0,7409.0,7409.0,24.0,24.0,28.0,3.24,0.0,0.0,0.0,7409.0,0.0,0.0,0.0,0.0,0.0,0.0,0.0,7409.0,0.0,0.0,0.0,0.0,1981.0,1240.0,741.0,9390.0,12.0,12.0,12.0,16.19,2941.0,946.0,1995.0,12331.0,10.0,10.0,12.0,5.01,2059.0,1350.0,709.0,14390.0,11.0,12.0,13.0,15.51,2951.0,1541.0,1410.0,17341.0,11.0,11.0,16.0,7.8,,,,,,,,,,,,,,,,,,,,,,,,,
c6bdc011-6c4d-435c-8edb-b0049f4de12c,2025-12-12 19:07:13 UTC,False,21154.0,CFOP,Gan 12 UI Maglev,RandomForest,5557.0,21154.0,,,gan12,custom_rules,,,,8.0,0.0,0.0,21154.0,90.0,94.0,111.0,4.25,6646.0,14508.0,2263.0,0.0,2263.0,2263.0,8.0,8.0,9.0,3.54,2340.0,1647.0,693.0,4603.0,5.0,5.0,6.0,7.22,1811.0,772.0,1039.0,6414.0,8.0,8.0,9.0,7.7,1679.0,930.0,749.0,8093.0,7.0,7.0,7.0,9.35,1247.0,796.0,451.0,9340.0,6.0,6.0,6.0,13.3,2133.0,1239.0,894.0,11473.0,13.0,13.0,14.0,14.54,9681.0,1262.0,8419.0,21154.0,43.0,47.0,60.0,5.11,,,,,,,,,,,,,,,,,,,,,,,,,
ffd289cf-aa76-4abe-aba4-7fa8d527386e,2025-12-12 19:07:42 UTC,False,13471.0,CFOP,Gan 12 UI Maglev,RandomForest,5919.0,13471.0,,,gan12,custom_rules,,,,8.0,0.0,0.0,13471.0,62.0,63.0,71.0,4.6,5516.0,7955.0,1966.0,0.0,1966.0,1966.0,6.0,6.0,9.0,3.05,1432.0,1193.0,239.0,3398.0,5.0,5.0,6.0,20.92,1888.0,813.0,1075.0,5286.0,8.0,8.0,8.0,7.44,1386.0,314.0,1072.0,6672.0,8.0,8.0,9.0,7.46,3033.0,1518.0,1515.0,9705.0,8.0,8.0,10.0,5.28,1543.0,734.0,809.0,11248.0,10.0,11.0,11.0,12.36,2223.0,944.0,1279.0,13471.0,17.0,17.0,18.0,13.29,,,,,,,,,,,,,,,,,,,,,,,,,
17eaf6cb-85a0-47c8-aabf-4ded343d7727,2025-12-12 19:08:16 UTC,False,16012.0,CFOP,Gan 12 UI Maglev,RandomForest,9923.0,16012.0,,,gan12,custom_rules,,,,8.0,0.0,0.0,16012.0,69.0,69.0,81.0,4.31,8791.0,7165.0,1838.0,0.0,1838.0,1894.0,6.0,6.0,9.0,3.26,1576.0,967.0,609.0,3470.0,8.0,8.0,8.0,13.14,2550.0,1930.0,620.0,6020.0,8.0,8.0,10.0,12.9,2219.0,1285.0,934.0,8239.0,8.0,8.0,10.0,8.57,2552.0,2270.0,282.0,10791.0,6.0,6.0,7.0,21.28,2692.0,1259.0,1433.0,13483.0,15.0,15.0,18.0,10.47,2529.0,1080.0,1449.0,16012.0,18.0,18.0,19.0,12.42,,,,,,,,,,,,,,,,,,,,,,,,,
a6f215e8-8727-4c4a-ae90-0c0dfbb989eb,2025-12-12 19:08:46 UTC,False,15243.0,CFOP,Gan 12 UI Maglev,RandomForest,7478.0,15243.0,,,gan12,custom_rules,,,,8.0,0.0,0.0,15243.0,63.0,63.0,72.0,4.13,5843.0,9400.0,1376.0,0.0,1376.0,1376.0,6.0,6.0,8.0,4.36,2102.0,1233.0,869.0,3478.0,5.0,5.0,6.0,5.75,2505.0,906.0,1599.0,5983.0,8.0,8.0,8.0,5.0,1434.0,1240.0,194.0,7417.0,5.0,5.0,6.0,25.77,1305.0,516.0,789.0,8722.0,7.0,7.0,8.0,8.87,2103.0,661.0,1442.0,10825.0,13.0,13.0,16.0,9.02,4418.0,1287.0,3131.0,15243.0,19.0,19.0,20.0,6.07,,,,,,,,,,,,,,,,,,,,,,,,,
870eb00c-9a6c-47b7-94dc-da162b2333d5,2025-12-12 19:09:17 UTC,False,17928.0,CFOP,Gan 12 UI Maglev,RandomForest,4391.0,17928.0,,,gan12,custom_rules,,,,8.0,0.0,0.0,17928.0,64.0,65.0,75.0,3.57,10223.0,7705.0,1040.0,0.0,1040.0,1040.0,4.0,4.0,6.0,3.85,2970.0,2180.0,790.0,4010.0,6.0,7.0,8.0,7.59,1971.0,851.0,1120.0,5981.0,8.0,8.0,9.0,7.14,4375.0,2622.0,1753.0,10356.0,11.0,11.0,13.0,6.27,2906.0,2382.0,524.0,13262.0,8.0,8.0,9.0,15.27,1634.0,1070.0,564.0,14896.0,7.0,7.0,7.0,12.41,3032.0,1118.0,1914.0,17928.0,20.0,20.0,23.0,10.45,,,,,,,,,,,,,,,,,,,,,,,,,
57900790-75bf-4da5-a16d-3ef596a272ce,2025-12-12 19:09:48 UTC,False,14867.0,CFOP,Gan 12 UI Maglev,RandomForest,8054.0,14867.0,,,gan12,custom_rules,,,,8.0,0.0,0.0,14867.0,68.0,71.0,77.0,4.57,6082.0,8785.0,3200.0,0.0,3200.0,3200.0,9.0,9.0,10.0,2.81,3048.0,1709.0,1339.0,6248.0,10.0,10.0,11.0,7.47,1763.0,900.0,863.0,8011.0,9.0,10.0,11.0,10.43,1636.0,571.0,1065.0,9647.0,8.0,8.0,8.0,7.51,1212.0,720.0,492.0,10859.0,7.0,7.0,7.0,14.23,1616.0,934.0,682.0,12475.0,10.0,11.0,11.0,14.66,2392.0,1248.0,1144.0,14867.0,16.0,17.0,19.0,13.99,,,,,,,,,,,,,,,,,,,,,,,,,
4c78618f-7478-4cd3-8687-05cca4597bee,2025-12-12 19:10:19 UTC,False,16960.0,CFOP,Gan 12 UI Maglev,RandomForest,3970.0,16960.0,,,gan12,custom_rules,,,,8.0,0.0,0.0,16960.0,70.0,76.0,85.0,4.13,4978.0,11982.0,5695.0,0.0,5695.0,5695.0,19.0,19.0,22.0,3.34,0.0,0.0,0.0,5695.0,0.0,0.0,0.0,0.0,2024.0,695.0,1329.0,7719.0,11.0,11.0,11.0,8.28,1804.0,918.0,886.0,9523.0,8.0,8.0,8.0,9.03,1704.0,1035.0,669.0,11227.0,8.0,8.0,10.0,11.96,2264.0,1435.0,829.0,13491.0,9.0,9.0,9.0,10.86,3469.0,895.0,2574.0,16960.0,15.0,21.0,25.0,5.83,,,,,,,,,,,,,,,,,,,,,,,,,
f865bbeb-74a3-4414-ad15-80d3f152252d,2025-12-12 19:10:56 UTC,False,21468.0,CFOP,Gan 12 UI Maglev,RandomForest,7695.0,21468.0,,,gan12,custom_rules,,,,8.0,0.0,0.0,21468.0,79.0,79.0,87.0,3.68,9729.0,11667.0,5032.0,0.0,5032.0,5104.0,11.0,11.0,14.0,2.19,2272.0,1201.0,1071.0,7376.0,11.0,11.0,11.0,10.27,3933.0,3232.0,701.0,11309.0,7.0,7.0,8.0,9.99,2340.0,1325.0,1015.0,13649.0,11.0,11.0,11.0,10.84,2049.0,1147.0,902.0,15698.0,8.0,8.0,8.0,8.87,2598.0,1534.0,1064.0,18296.0,12.0,12.0,15.0,11.28,3172.0,1290.0,1882.0,21468.0,19.0,19.0,20.0,10.1,,,,,,,,,,,,,,,,,,,,,,,,,
57d2bf84-cf4d-41e0-89e8-4f45b960fc4f,2025-12-12 19:11:31 UTC,False,16699.0,CFOP,Gan 12 UI Maglev,RandomForest,9483.0,16699.0,,,gan12,custom_rules,,,,8.0,0.0,0.0,16699.0,76.0,77.0,89.0,4.55,6533.0,10166.0,1875.0,0.0,1875.0,1875.0,6.0,6.0,9.0,3.2,2473.0,1096.0,1377.0,4348.0,12.0,12.0,12.0,8.71,1644.0,420.0,1224.0,5992.0,7.0,8.0,8.0,5.72,3292.0,1409.0,1883.0,9284.0,13.0,13.0,16.0,6.9,2284.0,861.0,1423.0,11568.0,11.0,11.0,13.0,7.73,2442.0,1313.0,1129.0,14010.0,14.0,14.0,15.0,12.4,2689.0,1434.0,1255.0,16699.0,13.0,13.0,16.0,10.36,,,,,,,,,,,,,,,,,,,,,,,,,
e5aec776-c19d-4b2d-801d-ab9076340e98,2025-12-12 19:12:05 UTC,False,16528.0,CFOP,Gan 12 UI Maglev,RandomForest,9330.0,16528.0,,,gan12,custom_rules,,,,8.0,0.0,0.0,16528.0,71.0,74.0,78.0,4.3,5715.0,10813.0,2417.0,0.0,2417.0,2417.0,8.0,8.0,9.0,3.31,1908.0,676.0,1232.0,4325.0,9.0,10.0,10.0,7.31,1331.0,671.0,660.0,5656.0,7.0,7.0,8.0,10.61,1492.0,508.0,984.0,7148.0,8.0,8.0,8.0,8.13,3666.0,1999.0,1667.0,10814.0,8.0,8.0,8.0,4.8,1625.0,685.0,940.0,12439.0,11.0,11.0,12.0,11.7,4089.0,1176.0,2913.0,16528.0,20.0,22.0,23.0,6.87,,,,,,,,,,,,,,,,,,,,,,,,,
e28a1d21-6c52-4b40-89f3-61daa686716c,2025-12-12 19:12:40 UTC,False,20997.0,CFOP,Gan 12 UI Maglev,RandomForest,5823.0,20997.0,,,gan12,custom_rules,,,,8.0,0.0,0.0,20997.0,73.0,77.0,87.0,3.48,8607.0,12390.0,3232.0,0.0,3232.0,3232.0,10.0,10.0,11.0,3.09,6769.0,3710.0,3059.0,10001.0,12.0,12.0,13.0,3.92,1804.0,765.0,1039.0,11805.0,8.0,8.0,8.0,7.7,1723.0,635.0,1088.0,13528.0,12.0,12.0,12.0,11.03,1951.0,1162.0,789.0,15479.0,9.0,9.0,10.0,11.41,3055.0,1294.0,1761.0,18534.0,13.0,13.0,14.0,7.38,2463.0,1041.0,1422.0,20997.0,9.0,13.0,19.0,6.33,,,,,,,,,,,,,,,,,,,,,,,,,
390e0952-48d5-4704-b655-b30da314d666,2025-12-12 19:13:13 UTC,False,15982.0,CFOP,Gan 12 UI Maglev,RandomForest,8134.0,15982.0,,,gan12,custom_rules,,,,8.0,0.0,0.0,15982.0,63.0,69.0,83.0,3.94,5898.0,10084.0,3609.0,0.0,3609.0,3609.0,9.0,9.0,10.0,2.49,2151.0,854.0,1297.0,5760.0,8.0,8.0,9.0,6.17,2279.0,1481.0,798.0,8039.0,6.0,7.0,7.0,7.52,1551.0,488.0,1063.0,9590.0,8.0,8.0,10.0,7.53,1587.0,604.0,983.0,11177.0,10.0,11.0,12.0,10.17,2642.0,1432.0,1210.0,13819.0,13.0,13.0,16.0,10.74,2163.0,1039.0,1124.0,15982.0,9.0,13.0,19.0,8.01,,,,,,,,,,,,,,,,,,,,,,,,,
dd052402-e763-44f1-9e64-b418a3782c21,2025-12-12 19:15:24 UTC,False,17745.0,CFOP,Gan 12 UI Maglev,RandomForest,15560.0,17745.0,,,gan12,custom_rules,,,,8.0,0.0,0.0,17745.0,71.0,76.0,86.0,4.0,5240.0,12505.0,1007.0,0.0,1007.0,1007.0,5.0,5.0,5.0,4.97,5453.0,719.0,4734.0,6460.0,11.0,11.0,12.0,2.32,1914.0,1310.0,604.0,8374.0,6.0,7.0,7.0,9.93,1290.0,395.0,895.0,9664.0,8.0,8.0,10.0,8.94,1609.0,870.0,739.0,11273.0,8.0,8.0,8.0,10.83,4418.0,1052.0,3366.0,15691.0,25.0,25.0,27.0,7.43,2054.0,894.0,1160.0,17745.0,8.0,12.0,17.0,6.9,,,,,,,,,,,,,,,,,,,,,,,,,
ad8632dd-c81f-4e83-93cb-928abfddaa9c,2025-12-12 19:15:53 UTC,False,15055.0,CFOP,Gan 12 UI Maglev,RandomForest,5225.0,15055.0,,,gan12,custom_rules,,,,8.0,0.0,0.0,15055.0,64.0,66.0,78.0,4.25,5953.0,9102.0,3075.0,0.0,3075.0,3075.0,9.0,9.0,13.0,2.93,1419.0,557.0,862.0,4494.0,7.0,7.0,7.0,8.12,1711.0,873.0,838.0,6205.0,6.0,7.0,8.0,7.16,684.0,185.0,499.0,6889.0,4.0,4.0,4.0,8.02,1812.0,1225.0,587.0,8701.0,8.0,8.0,10.0,13.63,2019.0,975.0,1044.0,10720.0,13.0,13.0,14.0,12.45,4335.0,2138.0,2197.0,15055.0,17.0,18.0,22.0,7.74,,,,,,,,,,,,,,,,,,,,,,,,,
df54ccf6-b63b-46cf-8696-eb313226de6a,2025-12-12 19:16:33 UTC,False,15161.0,CFOP,Gan 12 UI Maglev,RandomForest,12381.0,15161.0,,,gan12,custom_rules,,,,8.0,0.0,0.0,15161.0,63.0,65.0,69.0,4.16,6444.0,8717.0,1459.0,0.0,1459.0,1459.0,7.0,7.0,7.0,4.8,3400.0,1919.0,1481.0,4859.0,7.0,7.0,7.0,4.73,1829.0,1144.0,685.0,6688.0,6.0,7.0,7.0,8.76,2911.0,684.0,2227.0,9599.0,11.0,11.0,14.0,4.94,1292.0,849.0,443.0,10891.0,4.0,4.0,4.0,9.03,1528.0,755.0,773.0,12419.0,9.0,10.0,10.0,11.64,2742.0,1093.0,1649.0,15161.0,19.0,19.0,20.0,11.52,,,,,,,,,,,,,,,,,,,,,,,,,
a13e4070-1192-4a97-90a0-6d8292aab663,2025-12-12 19:17:07 UTC,False,16380.0,CFOP,Gan 12 UI Maglev,RandomForest,7269.0,16380.0,,,gan12,custom_rules,,,,8.0,0.0,0.0,16380.0,64.0,70.0,82.0,3.91,6334.0,10046.0,1611.0,0.0,1611.0,1611.0,7.0,7.0,7.0,4.35,3461.0,2793.0,668.0,5072.0,7.0,8.0,8.0,10.48,2883.0,1035.0,1848.0,7955.0,11.0,11.0,13.0,5.95,1461.0,572.0,889.0,9416.0,7.0,7.0,8.0,7.87,2420.0,290.0,2130.0,11836.0,11.0,11.0,12.0,5.16,2419.0,821.0,1598.0,14255.0,15.0,15.0,17.0,9.39,2125.0,823.0,1302.0,16380.0,8.0,12.0,17.0,6.14,,,,,,,,,,,,,,,,,,,,,,,,,
0d82496c-3b61-47ee-8387-191bb3a30e99,2025-12-12 19:18:18 UTC,False,26221.0,CFOP,Gan 12 UI Maglev,RandomForest,37031.0,26221.0,,,gan12,custom_rules,,,,8.0,0.0,0.0,26221.0,76.0,84.0,96.0,2.9,6204.0,20017.0,11360.0,0.0,11360.0,11360.0,20.0,20.0,23.0,1.76,3382.0,1940.0,1442.0,14742.0,8.0,9.0,9.0,5.55,3841.0,1470.0,2371.0,18583.0,9.0,9.0,9.0,3.8,1714.0,636.0,1078.0,20297.0,8.0,8.0,9.0,7.42,610.0,121.0,489.0,20907.0,7.0,7.0,7.0,14.31,2169.0,1071.0,1098.0,23076.0,12.0,12.0,12.0,10.93,3145.0,966.0,2179.0,26221.0,13.0,20.0,27.0,5.97,,,,,,,,,,,,,,,,,,,,,,,,,
79011a21-9e0b-44f6-96fc-79f8a393e510,2025-12-12 19:19:27 UTC,False,22706.0,CFOP,Gan 12 UI Maglev,RandomForest,34184.0,22706.0,,,gan12,custom_rules,,,,8.0,0.0,0.0,22706.0,64.0,67.0,81.0,2.82,5759.0,16947.0,7567.0,0.0,7567.0,7567.0,11.0,13.0,20.0,1.45,4312.0,821.0,3491.0,11879.0,10.0,10.0,12.0,2.86,1670.0,773.0,897.0,13549.0,6.0,6.0,7.0,6.69,1696.0,1209.0,487.0,15245.0,3.0,3.0,3.0,6.16,2042.0,1015.0,1027.0,17287.0,8.0,8.0,8.0,7.79,2522.0,1040.0,1482.0,19809.0,10.0,11.0,11.0,6.75,2897.0,901.0,1996.0,22706.0,16.0,16.0,20.0,8.02,,,,,,,,,,,,,,,,,,,,,,,,,
ef1fc9e3-d876-438a-9364-517d95085e4f,2025-12-12 19:20:01 UTC,False,18848.0,CFOP,Gan 12 UI Maglev,RandomForest,7197.0,18848.0,,,gan12,custom_rules,,,,8.0,0.0,0.0,18848.0,75.0,77.0,92.0,3.98,7701.0,11147.0,1922.0,0.0,1922.0,1922.0,6.0,6.0,6.0,3.12,3045.0,1298.0,1747.0,4967.0,8.0,8.0,9.0,4.58,2930.0,806.0,2124.0,7897.0,13.0,13.0,18.0,6.12,3203.0,1494.0,1709.0,11100.0,11.0,11.0,14.0,6.44,1966.0,1410.0,556.0,13066.0,7.0,7.0,9.0,12.59,2126.0,958.0,1168.0,15192.0,14.0,14.0,15.0,11.99,3656.0,1735.0,1921.0,18848.0,16.0,18.0,21.0,8.33,,,,,,,,,,,,,,,,,,,,,,,,,
cba075d2-f345-4124-8880-3cd392a232a7,2025-12-12 19:20:37 UTC,False,18047.0,CFOP,Gan 12 UI Maglev,RandomForest,7695.0,18047.0,,,gan12,custom_rules,,,,8.0,0.0,0.0,18047.0,69.0,69.0,86.0,3.82,8391.0,9656.0,1145.0,0.0,1145.0,1145.0,5.0,5.0,7.0,4.37,3995.0,1131.0,2864.0,5140.0,11.0,11.0,13.0,3.84,1476.0,501.0,975.0,6616.0,7.0,7.0,8.0,7.18,1720.0,914.0,806.0,8336.0,8.0,8.0,10.0,9.93,5051.0,4253.0,798.0,13387.0,10.0,10.0,15.0,12.53,1831.0,833.0,998.0,15218.0,10.0,10.0,13.0,10.02,2829.0,759.0,2070.0,18047.0,19.0,19.0,20.0,9.18,,,,,,,,,,,,,,,,,,,,,,,,,
5edd3f77-cd02-4a9d-8394-0b9bbf6e4d74,2025-12-12 19:21:12 UTC,False,15786.0,CFOP,Gan 12 UI Maglev,RandomForest,7350.0,15786.0,,,gan12,custom_rules,,,,8.0,0.0,0.0,15786.0,65.0,68.0,76.0,4.12,8140.0,7646.0,1998.0,0.0,1998.0,1998.0,5.0,5.0,6.0,2.5,3175.0,2450.0,725.0,5173.0,8.0,8.0,9.0,11.03,1384.0,1119.0,265.0,6557.0,4.0,4.0,4.0,15.09,2280.0,1127.0,1153.0,8837.0,11.0,11.0,12.0,9.54,2215.0,1095.0,1120.0,11052.0,11.0,11.0,11.0,9.82,2152.0,1201.0,951.0,13204.0,11.0,13.0,15.0,11.57,2582.0,1148.0,1434.0,15786.0,15.0,16.0,19.0,10.46,,,,,,,,,,,,,,,,,,,,,,,,,
08af26bd-d15a-4ca8-9d51-6945df451f89,2025-12-12 19:21:43 UTC,False,16418.0,CFOP,Gan 12 UI Maglev,RandomForest,5918.0,16418.0,,,gan12,custom_rules,,,,8.0,0.0,0.0,16418.0,63.0,67.0,75.0,3.84,5805.0,10613.0,4095.0,0.0,4095.0,4095.0,8.0,8.0,9.0,1.95,2805.0,1805.0,1000.0,6900.0,8.0,8.0,9.0,8.0,1109.0,426.0,683.0,8009.0,8.0,8.0,8.0,11.71,1270.0,620.0,650.0,9279.0,6.0,6.0,7.0,9.23,1590.0,701.0,889.0,10869.0,8.0,8.0,9.0,9.0,2187.0,1088.0,1099.0,13056.0,10.0,12.0,13.0,9.1,3362.0,1165.0,2197.0,16418.0,16.0,18.0,20.0,7.28,,,,,,,,,,,,,,,,,,,,,,,,,
ddd8ed6a-d0fb-4289-8044-2556abcf50e3,2025-12-12 19:22:15 UTC,False,11834.0,CFOP,Gan 12 UI Maglev,RandomForest,7732.0,11834.0,,,gan12,custom_rules,,,,8.0,0.0,0.0,11834.0,59.0,61.0,67.0,4.99,5648.0,6186.0,1104.0,0.0,1104.0,1104.0,8.0,8.0,9.0,7.25,1906.0,915.0,991.0,3010.0,6.0,7.0,7.0,6.05,1481.0,1304.0,177.0,4491.0,4.0,4.0,4.0,22.6,2463.0,732.0,1731.0,6954.0,12.0,12.0,12.0,6.93,1282.0,774.0,508.0,8236.0,8.0,8.0,8.0,15.75,1452.0,832.0,620.0,9688.0,8.0,8.0,10.0,12.9,2146.0,1091.0,1055.0,11834.0,13.0,14.0,17.0,12.32,,,,,,,,,,,,,,,,,,,,,,,,,
b8d7b213-d6af-4156-84ff-a2ee8a9d3a8c,2025-12-12 19:22:48 UTC,False,12599.0,CFOP,Gan 12 UI Maglev,RandomForest,11393.0,12599.0,,,gan12,custom_rules,,,,8.0,0.0,0.0,12599.0,57.0,59.0,65.0,4.52,4047.0,8552.0,4057.0,0.0,4057.0,4057.0,13.0,15.0,17.0,3.2,0.0,0.0,0.0,4057.0,0.0,0.0,0.0,0.0,1591.0,988.0,603.0,5648.0,7.0,7.0,8.0,11.61,2182.0,942.0,1240.0,7830.0,10.0,10.0,10.0,8.06,900.0,739.0,161.0,8730.0,4.0,4.0,4.0,24.84,2080.0,717.0,1363.0,10810.0,9.0,9.0,10.0,6.6,1789.0,661.0,1128.0,12599.0,15.0,15.0,16.0,13.3,,,,,,,,,,,,,,,,,,,,,,,,,
943d5086-e80f-45f9-a60e-f531626aa4a2,2025-12-12 19:23:49 UTC,False,16675.0,CFOP,Gan 12 UI Maglev,RandomForest,35133.0,16675.0,,,gan12,custom_rules,,,,8.0,0.0,0.0,16675.0,74.0,76.0,83.0,4.44,5327.0,11348.0,1751.0,0.0,1751.0,1751.0,7.0,7.0,7.0,4.0,3554.0,660.0,2894.0,5305.0,15.0,15.0,16.0,5.18,2166.0,1304.0,862.0,7471.0,6.0,6.0,8.0,6.96,2221.0,1213.0,1008.0,9692.0,7.0,8.0,9.0,6.94,1219.0,550.0,669.0,10911.0,8.0,8.0,9.0,11.96,1997.0,692.0,1305.0,12908.0,12.0,12.0,12.0,9.2,3767.0,908.0,2859.0,16675.0,19.0,20.0,22.0,6.65,,,,,,,,,,,,,,,,,,,,,,,,,
2b8c8ebe-22c1-4e1d-997f-ce67029b8953,2025-12-12 19:24:34 UTC,False,15586.0,CFOP,Gan 12 UI Maglev,RandomForest,19434.0,15586.0,,,gan12,custom_rules,,,,8.0,0.0,0.0,15586.0,73.0,79.0,87.0,4.68,5192.0,10112.0,660.0,0.0,660.0,942.0,4.0,5.0,5.0,6.06,2307.0,745.0,1562.0,3249.0,12.0,12.0,13.0,7.68,1488.0,483.0,1005.0,4737.0,6.0,7.0,8.0,5.97,1739.0,1216.0,523.0,6476.0,6.0,7.0,8.0,11.47,1176.0,580.0,596.0,7652.0,7.0,7.0,8.0,11.74,5572.0,1250.0,4322.0,13224.0,23.0,25.0,27.0,5.32,2362.0,918.0,1444.0,15586.0,15.0,16.0,18.0,10.39,,,,,,,,,,,,,,,,,,,,,,,,,
7603406f-5b03-4979-93a0-96969fb30fab,2025-12-12 19:25:06 UTC,False,16005.0,CFOP,Gan 12 UI Maglev,RandomForest,7231.0,16005.0,,,gan12,custom_rules,,,,8.0,0.0,0.0,16005.0,70.0,77.0,93.0,4.37,4420.0,11585.0,7275.0,0.0,7275.0,7275.0,34.0,36.0,38.0,4.67,0.0,0.0,0.0,7275.0,0.0,0.0,0.0,0.0,0.0,0.0,0.0,7275.0,0.0,0.0,0.0,0.0,1346.0,443.0,903.0,8621.0,8.0,8.0,9.0,8.86,3026.0,1954.0,1072.0,11647.0,9.0,9.0,12.0,8.4,1543.0,766.0,777.0,13190.0,8.0,8.0,9.0,10.3,2815.0,1257.0,1558.0,16005.0,11.0,16.0,25.0,7.06,,,,,,,,,,,,,,,,,,,,,,,,,
1146cce6-13e4-4d44-81c4-ef0577226b40,2025-12-12 19:25:33 UTC,False,15977.0,CFOP,Gan 12 UI Maglev,RandomForest,2671.0,15977.0,,,gan12,custom_rules,,,,8.0,0.0,0.0,15977.0,73.0,75.0,82.0,4.57,7031.0,8946.0,911.0,0.0,911.0,911.0,5.0,5.0,6.0,5.49,3552.0,2022.0,1530.0,4463.0,8.0,8.0,8.0,5.23,3047.0,1201.0,1846.0,7510.0,12.0,13.0,14.0,6.5,2134.0,626.0,1508.0,9644.0,11.0,11.0,12.0,7.29,1177.0,572.0,605.0,10821.0,8.0,8.0,8.0,13.22,1927.0,1039.0,888.0,12748.0,11.0,11.0,11.0,12.39,3229.0,1571.0,1658.0,15977.0,18.0,19.0,23.0,10.86,,,,,,,,,,,,,,,,,,,,,,,,,
9904ec39-68c5-432b-abcd-270686521c93,2025-12-12 19:26:24 UTC,False,30553.0,CFOP,Gan 12 UI Maglev,RandomForest,5528.0,30553.0,,,gan12,custom_rules,,,,8.0,0.0,0.0,30553.0,88.0,89.0,95.0,2.88,4981.0,25572.0,17969.0,0.0,17969.0,17969.0,31.0,31.0,33.0,1.73,0.0,0.0,0.0,17969.0,0.0,0.0,0.0,0.0,2742.0,1582.0,1160.0,20711.0,8.0,9.0,10.0,6.9,1791.0,816.0,975.0,22502.0,8.0,8.0,8.0,8.21,2602.0,663.0,1939.0,25104.0,11.0,11.0,13.0,5.67,1903.0,950.0,953.0,27007.0,9.0,9.0,10.0,9.44,3546.0,970.0,2576.0,30553.0,21.0,21.0,21.0,8.15,,,,,,,,,,,,,,,,,,,,,,,,,
16f5b5f3-1598-4273-9327-a7726d962c5c,2025-12-12 19:27:04 UTC,False,23272.0,CFOP,Gan 12 UI Maglev,RandomForest,7700.0,23272.0,,,gan12,custom_rules,,,,8.0,0.0,0.0,23272.0,91.0,94.0,112.0,3.91,5552.0,17720.0,2016.0,0.0,2016.0,2016.0,6.0,6.0,9.0,2.98,2065.0,805.0,1260.0,4081.0,8.0,8.0,10.0,6.35,1597.0,752.0,845.0,5678.0,9.0,9.0,11.0,10.65,2430.0,1392.0,1038.0,8108.0,8.0,8.0,10.0,7.71,2284.0,1038.0,1246.0,10392.0,8.0,8.0,12.0,6.42,8945.0,612.0,8333.0,19337.0,30.0,33.0,38.0,3.6,3935.0,953.0,2982.0,23272.0,22.0,22.0,22.0,7.38,,,,,,,,,,,,,,,,,,,,,,,,,
a91562c6-f2c9-4c5f-a086-19a62dda65c2,2025-12-12 19:27:32 UTC,False,13970.0,CFOP,Gan 12 UI Maglev,RandomForest,6159.0,13970.0,,,gan12,custom_rules,,,,8.0,0.0,0.0,13970.0,57.0,58.0,64.0,4.08,5267.0,8703.0,3803.0,0.0,3803.0,3803.0,11.0,11.0,14.0,2.89,0.0,0.0,0.0,3803.0,0.0,0.0,0.0,0.0,2691.0,1587.0,1104.0,6494.0,8.0,8.0,9.0,7.25,1770.0,1101.0,669.0,8264.0,8.0,8.0,8.0,11.96,1283.0,426.0,857.0,9547.0,8.0,8.0,8.0,9.33,1433.0,621.0,812.0,10980.0,9.0,9.0,9.0,11.08,2990.0,1532.0,1458.0,13970.0,13.0,14.0,16.0,8.92,,,,,,,,,,,,,,,,,,,,,,,,,
4ba14ce5-8c5f-4b80-b6b9-71ae2ea35858,2025-12-12 19:28:08 UTC,False,19125.0,CFOP,Gan 12 UI Maglev,RandomForest,7700.0,19125.0,,,gan12,custom_rules,,,,8.0,0.0,0.0,19125.0,63.0,63.0,70.0,3.29,7962.0,11163.0,4874.0,0.0,4874.0,4874.0,10.0,10.0,11.0,2.05,3309.0,2148.0,1161.0,8183.0,8.0,8.0,9.0,6.89,935.0,307.0,628.0,9118.0,6.0,6.0,7.0,9.55,2434.0,1323.0,1111.0,11552.0,8.0,8.0,9.0,7.2,1658.0,958.0,700.0,13210.0,8.0,8.0,8.0,11.43,1527.0,875.0,652.0,14737.0,7.0,7.0,7.0,10.74,4388.0,2351.0,2037.0,19125.0,16.0,16.0,19.0,7.85,,,,,,,,,,,,,,,,,,,,,,,,,
03269c58-93d6-45ea-b041-9f7e36d7c8df,2025-12-12 19:28:36 UTC,False,13895.0,CFOP,Gan 12 UI Maglev,RandomForest,3512.0,13895.0,,,gan12,custom_rules,,,,8.0,0.0,0.0,13895.0,67.0,68.0,78.0,4.82,4491.0,9404.0,2197.0,0.0,2197.0,2197.0,6.0,6.0,9.0,2.73,1625.0,435.0,1190.0,3822.0,9.0,9.0,10.0,7.56,1669.0,249.0,1420.0,5491.0,11.0,11.0,11.0,7.75,3107.0,1245.0,1862.0,8598.0,11.0,12.0,14.0,5.91,1401.0,676.0,725.0,9999.0,8.0,8.0,9.0,11.03,1514.0,878.0,636.0,11513.0,9.0,9.0,9.0,14.15,2382.0,1008.0,1374.0,13895.0,14.0,14.0,16.0,10.19,,,,,,,,,,,,,,,,,,,,,,,,,
2be028ff-733a-43b7-94cc-edb75b430981,2025-12-12 19:29:25 UTC,False,22517.0,CFOP,Gan 12 UI Maglev,RandomForest,18219.0,22517.0,,,gan12,custom_rules,,,,8.0,0.0,0.0,22517.0,77.0,81.0,95.0,3.42,4838.0,17679.0,6443.0,0.0,6443.0,6443.0,10.0,12.0,19.0,1.55,3502.0,885.0,2617.0,9945.0,9.0,9.0,11.0,3.44,2884.0,1306.0,1578.0,12829.0,8.0,8.0,9.0,5.07,1330.0,459.0,871.0,14159.0,8.0,8.0,9.0,9.18,3466.0,234.0,3232.0,17625.0,12.0,13.0,13.0,3.71,2063.0,935.0,1128.0,19688.0,12.0,12.0,14.0,10.64,2829.0,1019.0,1810.0,22517.0,19.0,19.0,20.0,10.5,,,,,,,,,,,,,,,,,,,,,,,,,
5e6cf2e2-806e-4cd9-bf03-68dde889cabd,2025-12-12 19:29:53 UTC,False,14124.0,CFOP,Gan 12 UI Maglev,RandomForest,4880.0,14124.0,,,gan12,custom_rules,,,,8.0,0.0,0.0,14124.0,65.0,66.0,76.0,4.6,6020.0,8104.0,1531.0,0.0,1531.0,1531.0,6.0,6.0,7.0,3.92,1165.0,496.0,669.0,2696.0,8.0,8.0,8.0,11.96,2420.0,703.0,1717.0,5116.0,12.0,12.0,13.0,6.99,2720.0,1664.0,1056.0,7836.0,7.0,7.0,8.0,6.63,1980.0,1223.0,757.0,9816.0,8.0,8.0,10.0,10.57,1805.0,710.0,1095.0,11621.0,10.0,10.0,13.0,9.13,2503.0,1224.0,1279.0,14124.0,14.0,15.0,17.0,10.95,,,,,,,,,,,,,,,,,,,,,,,,,
fa721b3a-f6ba-4b7d-a144-5fd88937b732,2025-12-12 19:30:24 UTC,False,17753.0,CFOP,Gan 12 UI Maglev,RandomForest,4445.0,17753.0,,,gan12,custom_rules,,,,8.0,0.0,0.0,17753.0,69.0,70.0,76.0,3.89,7229.0,10468.0,2044.0,0.0,2044.0,2100.0,8.0,8.0,11.0,3.91,3655.0,613.0,3042.0,5755.0,11.0,12.0,12.0,3.62,1356.0,1130.0,226.0,7111.0,3.0,3.0,3.0,13.27,2356.0,1671.0,685.0,9467.0,8.0,8.0,9.0,11.68,3471.0,1522.0,1949.0,12938.0,8.0,8.0,9.0,4.1,2738.0,1239.0,1499.0,15676.0,17.0,17.0,17.0,11.34,2077.0,1054.0,1023.0,17753.0,14.0,14.0,15.0,13.69,,,,,,,,,,,,,,,,,,,,,,,,,
d43c611f-74ca-4796-a495-24de038a0714,2025-12-12 19:30:59 UTC,False,19983.0,CFOP,Gan 12 UI Maglev,RandomForest,7280.0,19983.0,,,gan12,custom_rules,,,,8.0,0.0,0.0,19983.0,76.0,79.0,91.0,3.8,5939.0,14044.0,5366.0,0.0,5366.0,5366.0,17.0,19.0,23.0,3.17,0.0,0.0,0.0,5366.0,0.0,0.0,0.0,0.0,5424.0,2820.0,2604.0,10790.0,11.0,11.0,13.0,4.22,1650.0,651.0,999.0,12440.0,6.0,7.0,7.0,6.01,1813.0,999.0,814.0,14253.0,8.0,8.0,8.0,9.83,1709.0,686.0,1023.0,15962.0,9.0,9.0,12.0,8.8,4021.0,783.0,3238.0,19983.0,25.0,25.0,28.0,7.72,,,,,,,,,,,,,,,,,,,,,,,,,
2126462b-cea6-4eb2-983a-6c601bc6a8eb,2025-12-12 19:31:36 UTC,False,16488.0,CFOP,Gan 12 UI Maglev,RandomForest,10918.0,16488.0,,,gan12,custom_rules,,,,8.0,0.0,0.0,16488.0,71.0,72.0,85.0,4.31,6489.0,9999.0,2269.0,0.0,2269.0,2269.0,8.0,8.0,10.0,3.53,2174.0,1102.0,1072.0,4443.0,8.0,8.0,9.0,7.46,2107.0,1076.0,1031.0,6550.0,8.0,8.0,10.0,7.76,3536.0,1225.0,2311.0,10086.0,11.0,11.0,13.0,4.76,1098.0,186.0,912.0,11184.0,11.0,11.0,11.0,12.06,1457.0,741.0,716.0,12641.0,8.0,8.0,9.0,11.17,3847.0,2159.0,1688.0,16488.0,18.0,19.0,23.0,10.66,,,,,,,,,,,,,,,,,,,,,,,,,
e3936ae5-68b5-4e49-a837-20396969d446,2025-12-12 19:32:09 UTC,False,13808.0,CFOP,Gan 12 UI Maglev,RandomForest,6209.0,13808.0,,,gan12,custom_rules,,,,8.0,0.0,0.0,13808.0,60.0,61.0,65.0,4.35,5497.0,8311.0,1394.0,0.0,1394.0,1394.0,6.0,6.0,8.0,4.3,1946.0,1222.0,724.0,3340.0,6.0,7.0,7.0,8.29,2862.0,545.0,2317.0,6202.0,7.0,7.0,7.0,3.02,1815.0,725.0,1090.0,8017.0,8.0,8.0,10.0,7.34,1051.0,878.0,173.0,9068.0,4.0,4.0,4.0,23.12,1574.0,701.0,873.0,10642.0,13.0,13.0,13.0,14.89,3166.0,1426.0,1740.0,13808.0,16.0,16.0,16.0,9.2,,,,,,,,,,,,,,,,,,,,,,,,,
bda29f0d-8b2e-4ce3-b6da-e8a031014488,2025-12-12 19:32:40 UTC,False,16063.0,CFOP,Gan 12 UI Maglev,RandomForest,5921.0,16063.0,,,gan12,custom_rules,,,,8.0,0.0,0.0,16063.0,68.0,68.0,73.0,4.23,6482.0,9581.0,749.0,0.0,749.0,749.0,5.0,5.0,5.0,6.68,4105.0,1239.0,2866.0,4854.0,11.0,11.0,12.0,3.84,1808.0,769.0,1039.0,6662.0,8.0,8.0,9.0,7.7,2362.0,1975.0,387.0,9024.0,6.0,6.0,6.0,15.5,1724.0,709.0,1015.0,10748.0,8.0,8.0,8.0,7.88,2246.0,951.0,1295.0,12994.0,12.0,12.0,14.0,9.27,3069.0,839.0,2230.0,16063.0,18.0,18.0,19.0,8.07,,,,,,,,,,,,,,,,,,,,,,,,,
e3afe745-3d12-4a86-ab85-7ff14346a3a5,2025-12-12 19:33:20 UTC,False,15654.0,CFOP,Gan 12 UI Maglev,RandomForest,16755.0,15654.0,,,gan12,custom_rules,,,,8.0,0.0,0.0,15654.0,63.0,65.0,74.0,4.02,5430.0,9998.0,266.0,0.0,266.0,492.0,2.0,3.0,3.0,7.52,1381.0,588.0,793.0,1873.0,6.0,6.0,8.0,7.57,4919.0,153.0,4766.0,6792.0,18.0,19.0,20.0,3.78,3708.0,1502.0,2206.0,10500.0,10.0,10.0,11.0,4.53,1127.0,877.0,250.0,11627.0,5.0,5.0,6.0,20.0,1942.0,1241.0,701.0,13569.0,9.0,9.0,11.0,12.84,2085.0,1069.0,1016.0,15654.0,14.0,14.0,15.0,13.78,,,,,,,,,,,,,,,,,,,,,,,,,
7206709b-ed93-44cd-8945-033033f46cbd,2025-12-12 19:33:59 UTC,False,20745.0,CFOP,Gan 12 UI Maglev,RandomForest,10082.0,20745.0,,,gan12,custom_rules,,,,8.0,0.0,0.0,20745.0,69.0,69.0,80.0,3.33,7828.0,12917.0,5887.0,0.0,5887.0,5887.0,11.0,11.0,12.0,1.87,3055.0,2006.0,1049.0,8942.0,8.0,8.0,10.0,7.63,2632.0,677.0,1955.0,11574.0,12.0,12.0,13.0,6.14,2247.0,1152.0,1095.0,13821.0,8.0,8.0,9.0,7.31,1772.0,1208.0,564.0,15593.0,8.0,8.0,9.0,14.18,2195.0,1350.0,845.0,17788.0,11.0,11.0,12.0,13.02,2957.0,1435.0,1522.0,20745.0,11.0,11.0,15.0,7.23,,,,,,,,,,,,,,,,,,,,,,,,,
851fe576-778d-44a4-98f7-df54fd41af37,2025-12-12 19:34:44 UTC,False,17952.0,CFOP,Gan 12 UI Maglev,RandomForest,17165.0,17952.0,,,gan12,custom_rules,,,,8.0,0.0,0.0,17952.0,68.0,70.0,83.0,3.79,7068.0,10884.0,2077.0,0.0,2077.0,2077.0,8.0,8.0,9.0,3.85,2027.0,838.0,1189.0,4104.0,8.0,8.0,10.0,6.73,3259.0,1127.0,2132.0,7363.0,8.0,8.0,10.0,3.75,2119.0,1160.0,959.0,9482.0,7.0,7.0,8.0,7.3,2583.0,1834.0,749.0,12065.0,8.0,8.0,11.0,10.68,1530.0,909.0,621.0,13595.0,9.0,9.0,9.0,14.49,4357.0,1200.0,3157.0,17952.0,20.0,22.0,26.0,6.34,,,,,,,,,,,,,,,,,,,,,,,,,
a4f853c7-cca0-4256-a12b-30e00b41f2aa,2025-12-12 19:35:15 UTC,False,17079.0,CFOP,Gan 12 UI Maglev,RandomForest,5179.0,17079.0,,,gan12,custom_rules,,,,8.0,0.0,0.0,17079.0,79.0,80.0,83.0,4.63,5850.0,11229.0,1488.0,0.0,1488.0,1488.0,6.0,6.0,6.0,4.03,2556.0,774.0,1782.0,4044.0,12.0,12.0,12.0,6.73,3993.0,1450.0,2543.0,8037.0,10.0,10.0,10.0,3.93,1620.0,782.0,838.0,9657.0,7.0,7.0,8.0,8.35,1840.0,499.0,1341.0,11497.0,12.0,12.0,13.0,8.95,2672.0,1133.0,1539.0,14169.0,14.0,15.0,15.0,9.1,2910.0,1212.0,1698.0,17079.0,18.0,18.0,19.0,10.6,,,,,,,,,,,,,,,,,,,,,,,,,
730dbdcf-6d31-4233-b155-2b66211c8c0c,2025-12-12 19:35:49 UTC,False,15466.0,CFOP,Gan 12 UI Maglev,RandomForest,9944.0,15466.0,,,gan12,custom_rules,,,,8.0,0.0,0.0,15466.0,77.0,78.0,84.0,4.98,5960.0,9506.0,1653.0,0.0,1653.0,1653.0,6.0,6.0,7.0,3.63,1942.0,717.0,1225.0,3595.0,9.0,9.0,11.0,7.35,3079.0,975.0,2104.0,6674.0,14.0,14.0,14.0,6.65,2702.0,994.0,1708.0,9376.0,14.0,15.0,15.0,8.2,2152.0,1580.0,572.0,11528.0,9.0,9.0,10.0,15.73,1285.0,758.0,527.0,12813.0,8.0,8.0,9.0,15.18,2653.0,936.0,1717.0,15466.0,17.0,17.0,18.0,9.9,,,,,,,,,,,,,,,,,,,,,,,,,
88b440f2-98a6-4f6d-8066-84046e2acbe8,2025-12-12 19:38:17 UTC,False,25678.0,CFOP,Gan 12 UI Maglev,RandomForest,44697.0,25678.0,,,gan12,custom_rules,,,,8.0,0.0,0.0,25678.0,82.0,82.0,91.0,3.19,10191.0,15487.0,6001.0,0.0,6001.0,6001.0,16.0,16.0,20.0,2.67,0.0,0.0,0.0,6001.0,0.0,0.0,0.0,0.0,3602.0,1581.0,2021.0,9603.0,11.0,11.0,12.0,5.44,4553.0,1955.0,2598.0,14156.0,10.0,10.0,10.0,3.85,4118.0,3046.0,1072.0,18274.0,11.0,11.0,13.0,10.26,2633.0,1739.0,894.0,20907.0,12.0,12.0,12.0,13.42,4771.0,1870.0,2901.0,25678.0,22.0,22.0,24.0,7.58,,,,,,,,,,,,,,,,,,,,,,,,,
8b384d85-e3a6-4a59-9160-4df0bc981a30,2025-12-13 10:21:49 UTC,False,13562.0,CFOP,Gan 12 UI Maglev,RandomForest,15344.0,13562.0,,,"slow solves, unl",custom_rules,,,,8.0,0.0,0.0,13562.0,59.0,61.0,68.0,4.35,5062.0,8499.0,1670.0,0.0,1670.0,1671.0,4.0,5.0,5.0,2.4,1289.0,886.0,403.0,2960.0,4.0,4.0,5.0,9.93,2135.0,1096.0,1039.0,5095.0,7.0,7.0,8.0,6.74,1884.0,723.0,1161.0,6979.0,8.0,8.0,8.0,6.89,908.0,361.0,547.0,7887.0,8.0,8.0,8.0,14.63,2568.0,548.0,2020.0,10455.0,12.0,12.0,14.0,5.94,3107.0,1448.0,1659.0,13562.0,16.0,17.0,20.0,9.64,,,,,,,,,,,,,,,,,,,,,,,,,
01720911-5c1e-455e-9eb2-7c9602c0a865,2025-12-13 10:22:18 UTC,False,12312.0,CFOP,Gan 12 UI Maglev,RandomForest,4251.0,12312.0,,,"slow solves, unl",custom_rules,,,,8.0,0.0,0.0,12312.0,44.0,48.0,58.0,3.57,4805.0,7370.0,2183.0,0.0,2183.0,2320.0,5.0,5.0,8.0,2.29,1658.0,363.0,1295.0,3978.0,6.0,6.0,6.0,4.63,1583.0,1152.0,431.0,5561.0,4.0,4.0,6.0,9.28,1247.0,911.0,336.0,6808.0,3.0,3.0,3.0,8.93,1354.0,508.0,846.0,8162.0,9.0,9.0,9.0,10.64,1834.0,770.0,1064.0,9996.0,8.0,8.0,8.0,7.52,2316.0,1101.0,1215.0,12312.0,9.0,13.0,18.0,7.41,,,,,,,,,,,,,,,,,,,,,,,,,
7f4e0cc8-709f-4088-a998-1d7a4fdcae29,2025-12-13 10:23:18 UTC,False,39404.0,CFOP,Gan 12 UI Maglev,RandomForest,3700.0,39404.0,,,"slow solves, unl",custom_rules,,,,8.0,0.0,0.0,39404.0,118.0,123.0,147.0,2.99,12034.0,27370.0,1694.0,0.0,1694.0,1694.0,7.0,7.0,8.0,4.13,7851.0,1096.0,6755.0,9545.0,25.0,25.0,28.0,3.7,6708.0,2932.0,3776.0,16253.0,11.0,11.0,11.0,2.91,3314.0,1032.0,2282.0,19567.0,8.0,8.0,11.0,3.51,1315.0,878.0,437.0,20882.0,3.0,3.0,3.0,6.86,12002.0,4547.0,7455.0,32884.0,41.0,41.0,45.0,5.5,6520.0,1549.0,4971.0,39404.0,23.0,28.0,41.0,4.63,,,,,,,,,,,,,,,,,,,,,,,,,
2ecee47d-49cf-4d62-ace1-e7b80a6e9e6f,2025-12-13 10:24:04 UTC,False,26825.0,CFOP,Gan 12 UI Maglev,RandomForest,6326.0,26825.0,,,"slow solves, unl",custom_rules,,,,8.0,0.0,0.0,26825.0,67.0,75.0,95.0,2.5,9480.0,17345.0,5616.0,0.0,5616.0,5616.0,12.0,14.0,21.0,2.14,0.0,0.0,0.0,5616.0,0.0,0.0,0.0,0.0,4185.0,2133.0,2052.0,9801.0,10.0,10.0,10.0,4.87,3661.0,1519.0,2142.0,13462.0,8.0,8.0,9.0,3.73,6669.0,3339.0,3330.0,20131.0,14.0,15.0,17.0,4.2,2703.0,887.0,1816.0,22834.0,12.0,12.0,14.0,6.61,3991.0,1602.0,2389.0,26825.0,11.0,16.0,24.0,4.6,,,,,,,,,,,,,,,,,,,,,,,,,
1d31cf8c-260c-4d17-9f5b-eb96ca4ad3e3,2025-12-13 10:24:51 UTC,False,28680.0,CFOP,Gan 12 UI Maglev,RandomForest,9051.0,28680.0,,,"slow solves, unl",custom_rules,,,,8.0,0.0,0.0,28680.0,101.0,102.0,113.0,3.52,6135.0,22545.0,7430.0,0.0,7430.0,7430.0,12.0,12.0,15.0,1.62,0.0,0.0,0.0,7430.0,0.0,0.0,0.0,0.0,9611.0,2274.0,7337.0,17041.0,36.0,37.0,40.0,4.91,4740.0,1127.0,3613.0,21781.0,17.0,17.0,21.0,4.71,1153.0,766.0,387.0,22934.0,5.0,5.0,5.0,12.92,3295.0,1154.0,2141.0,26229.0,14.0,14.0,15.0,6.54,2451.0,814.0,1637.0,28680.0,17.0,17.0,17.0,10.38,,,,,,,,,,,,,,,,,,,,,,,,,
17dfb367-d354-4e78-9a4f-24f1a3e74464,2025-12-13 10:25:36 UTC,False,21831.0,CFOP,Gan 12 UI Maglev,RandomForest,9074.0,21831.0,,,"slow solves, unl",custom_rules,,,,8.0,0.0,0.0,21831.0,75.0,77.0,83.0,3.44,7907.0,13924.0,2458.0,0.0,2458.0,2458.0,8.0,8.0,9.0,3.25,6513.0,3434.0,3079.0,8971.0,10.0,10.0,10.0,3.25,2231.0,998.0,1233.0,11202.0,8.0,8.0,10.0,6.49,2515.0,734.0,1781.0,13717.0,8.0,8.0,8.0,4.49,2048.0,435.0,1613.0,15765.0,8.0,8.0,9.0,4.96,2681.0,1034.0,1647.0,18446.0,18.0,18.0,18.0,10.93,3385.0,1272.0,2113.0,21831.0,15.0,17.0,19.0,7.1,,,,,,,,,,,,,,,,,,,,,,,,,
03e2ec5c-fdd0-4320-8469-03d4cf897f33,2025-12-13 10:26:04 UTC,False,14891.0,CFOP,Gan 12 UI Maglev,RandomForest,3976.0,14891.0,,,"slow solves, unl",custom_rules,,,,8.0,0.0,0.0,14891.0,66.0,68.0,74.0,4.43,5915.0,8976.0,1670.0,0.0,1670.0,1670.0,5.0,5.0,6.0,2.99,3364.0,1354.0,2010.0,5034.0,12.0,13.0,14.0,5.97,2243.0,1096.0,1147.0,7277.0,8.0,8.0,9.0,6.97,1719.0,717.0,1002.0,8996.0,8.0,8.0,9.0,7.98,796.0,298.0,498.0,9792.0,8.0,8.0,8.0,16.06,2623.0,1465.0,1158.0,12415.0,10.0,11.0,12.0,8.64,2476.0,985.0,1491.0,14891.0,15.0,15.0,16.0,10.06,,,,,,,,,,,,,,,,,,,,,,,,,
fb5008b9-bf84-4b26-a8b3-a670e02448d4,2025-12-13 10:26:41 UTC,False,22564.0,CFOP,Gan 12 UI Maglev,RandomForest,4576.0,22564.0,,,"slow solves, unl",custom_rules,,,,8.0,0.0,0.0,22564.0,87.0,90.0,104.0,3.86,5315.0,17249.0,8224.0,0.0,8224.0,8224.0,25.0,27.0,33.0,3.04,1256.0,144.0,1112.0,9480.0,7.0,7.0,7.0,6.29,2584.0,1239.0,1345.0,12064.0,7.0,7.0,7.0,5.2,3063.0,353.0,2710.0,15127.0,11.0,11.0,13.0,4.06,2388.0,1525.0,863.0,17515.0,8.0,8.0,10.0,9.27,1502.0,607.0,895.0,19017.0,9.0,10.0,10.0,10.06,3547.0,1447.0,2100.0,22564.0,22.0,22.0,24.0,10.48,,,,,,,,,,,,,,,,,,,,,,,,,
fd6b4e9f-cf7c-4a78-8d99-339bfc333342,2025-12-13 10:27:25 UTC,False,18866.0,CFOP,Gan 12 UI Maglev,RandomForest,16425.0,18866.0,,,"slow solves, unl",custom_rules,,,,8.0,0.0,0.0,18866.0,67.0,69.0,78.0,3.55,7522.0,11344.0,1152.0,0.0,1152.0,1152.0,4.0,5.0,6.0,3.47,4143.0,2719.0,1424.0,5295.0,8.0,9.0,9.0,5.62,4666.0,384.0,4282.0,9961.0,14.0,14.0,15.0,3.27,1900.0,997.0,903.0,11861.0,7.0,7.0,8.0,7.75,1894.0,1233.0,661.0,13755.0,8.0,8.0,9.0,12.1,2107.0,865.0,1242.0,15862.0,9.0,9.0,12.0,7.25,3004.0,1324.0,1680.0,18866.0,17.0,17.0,19.0,10.12,,,,,,,,,,,,,,,,,,,,,,,,,
01cf2fe6-6059-4d65-be00-c0b7cf158e9e,2025-12-13 10:28:08 UTC,False,23253.0,CFOP,Gan 12 UI Maglev,RandomForest,8277.0,23253.0,,,"slow solves, unl",custom_rules,,,,8.0,0.0,0.0,23253.0,80.0,81.0,86.0,3.44,11588.0,11665.0,1273.0,0.0,1273.0,1273.0,6.0,6.0,7.0,4.71,7171.0,5130.0,2041.0,8444.0,11.0,11.0,13.0,5.39,2981.0,789.0,2192.0,11425.0,11.0,12.0,12.0,5.02,3402.0,1274.0,2128.0,14827.0,12.0,12.0,14.0,5.64,2198.0,1048.0,1150.0,17025.0,11.0,11.0,11.0,9.57,2495.0,1093.0,1402.0,19520.0,12.0,12.0,12.0,8.56,3733.0,2254.0,1479.0,23253.0,17.0,17.0,17.0,11.49,,,,,,,,,,,,,,,,,,,,,,,,,
2cda5fa5-3464-4217-ac32-cb846eb80093,2025-12-13 10:28:47 UTC,False,18268.0,CFOP,Gan 12 UI Maglev,RandomForest,11904.0,18268.0,,,"slow solves, unl",custom_rules,,,,8.0,0.0,0.0,18268.0,54.0,60.0,73.0,2.96,7793.0,10475.0,2368.0,0.0,2368.0,2368.0,6.0,6.0,7.0,2.53,2253.0,942.0,1311.0,4621.0,7.0,7.0,8.0,5.34,2711.0,1503.0,1208.0,7332.0,7.0,7.0,7.0,5.79,3151.0,1847.0,1304.0,10483.0,7.0,7.0,8.0,5.37,2145.0,1098.0,1047.0,12628.0,8.0,8.0,11.0,7.64,2274.0,654.0,1620.0,14902.0,9.0,10.0,10.0,5.56,3366.0,1749.0,1617.0,18268.0,10.0,15.0,22.0,6.18,,,,,,,,,,,,,,,,,,,,,,,,,
d098cf79-fa76-405b-a0ef-97e155aee1e2,2025-12-13 10:29:26 UTC,False,26293.0,CFOP,Gan 12 UI Maglev,RandomForest,4077.0,26293.0,,,"slow solves, unl",custom_rules,,,,8.0,0.0,0.0,26293.0,65.0,69.0,80.0,2.47,8796.0,17497.0,6173.0,0.0,6173.0,6173.0,10.0,10.0,12.0,1.62,3360.0,1890.0,1470.0,9533.0,9.0,9.0,10.0,6.12,2309.0,726.0,1583.0,11842.0,8.0,8.0,8.0,5.05,2128.0,1612.0,516.0,13970.0,4.0,4.0,4.0,7.75,7148.0,1982.0,5166.0,21118.0,14.0,14.0,15.0,2.71,2125.0,927.0,1198.0,23243.0,12.0,12.0,13.0,10.02,3050.0,1659.0,1391.0,26293.0,8.0,12.0,18.0,5.75,,,,,,,,,,,,,,,,,,,,,,,,,
95947911-1cef-4422-ae49-a511bbc1b774,2025-12-13 10:30:00 UTC,False,17992.0,CFOP,Gan 12 UI Maglev,RandomForest,6229.0,17992.0,,,"slow solves, unl",custom_rules,,,,8.0,0.0,0.0,17992.0,70.0,70.0,73.0,3.89,6223.0,11769.0,2452.0,0.0,2452.0,2452.0,7.0,7.0,8.0,2.85,1958.0,378.0,1580.0,4410.0,6.0,6.0,6.0,3.8,2653.0,1405.0,1248.0,7063.0,8.0,8.0,8.0,6.41,2154.0,599.0,1555.0,9217.0,7.0,7.0,8.0,4.5,2678.0,974.0,1704.0,11895.0,12.0,12.0,12.0,7.04,3046.0,1571.0,1475.0,14941.0,13.0,13.0,14.0,8.81,3051.0,1296.0,1755.0,17992.0,17.0,17.0,17.0,9.69,,,,,,,,,,,,,,,,,,,,,,,,,
12e569ba-91e2-4599-9da2-0cbd1634d55e,2025-12-13 10:33:06 UTC,False,28310.0,CFOP,Gan 12 UI Maglev,RandomForest,5768.0,28310.0,,,"slow solves, unl",custom_rules,,,,8.0,0.0,0.0,28310.0,75.0,77.0,87.0,2.65,12112.0,16078.0,2134.0,0.0,2134.0,2254.0,5.0,5.0,6.0,2.34,3167.0,1200.0,1967.0,5421.0,8.0,8.0,8.0,4.07,6465.0,1653.0,4812.0,11886.0,15.0,15.0,16.0,3.12,2754.0,2198.0,556.0,14640.0,3.0,3.0,4.0,5.4,5487.0,4667.0,820.0,20127.0,8.0,8.0,10.0,9.76,3868.0,1314.0,2554.0,23995.0,16.0,18.0,21.0,6.26,4315.0,1080.0,3235.0,28310.0,20.0,20.0,22.0,6.18,,,,,,,,,,,,,,,,,,,,,,,,,
18cc8e02-f2d2-4784-bafc-024161824229,2025-12-13 10:33:45 UTC,False,25278.0,CFOP,Gan 12 UI Maglev,RandomForest,4761.0,25278.0,,,"slow solves, unl",custom_rules,,,,8.0,0.0,0.0,25278.0,64.0,64.0,68.0,2.53,14157.0,11121.0,2522.0,0.0,2522.0,2522.0,8.0,8.0,9.0,3.17,3342.0,1626.0,1716.0,5864.0,8.0,8.0,8.0,4.66,9058.0,7616.0,1442.0,14922.0,6.0,6.0,6.0,4.16,3551.0,1754.0,1797.0,18473.0,8.0,8.0,9.0,4.45,2425.0,1603.0,822.0,20898.0,8.0,8.0,8.0,9.73,1703.0,801.0,902.0,22601.0,8.0,8.0,9.0,8.87,2677.0,757.0,1920.0,25278.0,18.0,18.0,19.0,9.38,,,,,,,,,,,,,,,,,,,,,,,,,
d02245e5-3ea4-42b4-8b14-10e5dc5d8fc5,2025-12-13 10:34:25 UTC,False,24270.0,CFOP,Gan 12 UI Maglev,RandomForest,5314.0,24270.0,,,"slow solves, unl",custom_rules,,,,8.0,0.0,0.0,24270.0,65.0,71.0,81.0,2.68,8454.0,15800.0,1501.0,0.0,1501.0,1517.0,4.0,5.0,5.0,2.66,5024.0,2309.0,2715.0,6541.0,8.0,8.0,10.0,2.95,3117.0,1724.0,1393.0,9658.0,8.0,8.0,10.0,5.74,2555.0,1620.0,935.0,12213.0,7.0,7.0,7.0,7.49,7954.0,844.0,7110.0,20167.0,19.0,19.0,20.0,2.67,1803.0,749.0,1054.0,21970.0,10.0,11.0,11.0,9.49,2300.0,1208.0,1092.0,24270.0,9.0,13.0,18.0,8.24,,,,,,,,,,,,,,,,,,,,,,,,,
2f86b273-f1e2-46b6-bfd4-84d5028ef076,2025-12-13 10:35:05 UTC,False,23244.0,CFOP,Gan 12 UI Maglev,RandomForest,8774.0,23244.0,,,"slow solves, unl",custom_rules,,,,8.0,0.0,0.0,23244.0,78.0,78.0,87.0,3.36,8331.0,14913.0,2428.0,0.0,2428.0,2428.0,8.0,8.0,10.0,3.29,3187.0,2140.0,1047.0,5615.0,7.0,7.0,7.0,6.69,2280.0,652.0,1628.0,7895.0,7.0,7.0,9.0,4.3,6314.0,1780.0,4534.0,14209.0,17.0,17.0,17.0,3.75,2341.0,930.0,1411.0,16550.0,10.0,10.0,11.0,7.09,2043.0,762.0,1281.0,18593.0,13.0,13.0,13.0,10.15,4651.0,2067.0,2584.0,23244.0,16.0,16.0,20.0,6.19,,,,,,,,,,,,,,,,,,,,,,,,,
e8362570-18da-4594-826e-049e539f0adf,2025-12-13 10:35:46 UTC,False,14641.0,CFOP,Gan 12 UI Maglev,RandomForest,10325.0,14641.0,,,"slow solves, unl",custom_rules,,,,8.0,0.0,0.0,14641.0,63.0,65.0,70.0,4.3,5612.0,8771.0,2114.0,0.0,2114.0,2372.0,9.0,9.0,10.0,4.26,1336.0,347.0,989.0,3708.0,8.0,8.0,8.0,8.09,2256.0,693.0,1563.0,5964.0,8.0,8.0,8.0,5.12,1669.0,1404.0,265.0,7633.0,4.0,4.0,4.0,15.09,1540.0,846.0,694.0,9173.0,7.0,7.0,8.0,10.09,1733.0,905.0,828.0,10906.0,10.0,11.0,11.0,12.08,3735.0,1417.0,2318.0,14641.0,17.0,18.0,21.0,7.33,,,,,,,,,,,,,,,,,,,,,,,,,
7455ce65-dc16-46aa-8f1e-e3a0d38be142,2025-12-13 10:36:22 UTC,False,21142.0,CFOP,Gan 12 UI Maglev,RandomForest,6065.0,21142.0,,,"slow solves, unl",custom_rules,,,,8.0,0.0,0.0,21142.0,71.0,72.0,82.0,3.36,7070.0,14072.0,4184.0,0.0,4184.0,4184.0,7.0,7.0,9.0,1.67,3183.0,572.0,2611.0,7367.0,12.0,12.0,13.0,4.6,2376.0,669.0,1707.0,9743.0,7.0,7.0,8.0,4.1,4210.0,2712.0,1498.0,13953.0,10.0,10.0,12.0,6.68,1742.0,830.0,912.0,15695.0,7.0,7.0,7.0,7.68,2273.0,927.0,1346.0,17968.0,12.0,12.0,13.0,8.92,3174.0,1360.0,1814.0,21142.0,16.0,17.0,20.0,8.82,,,,,,,,,,,,,,,,,,,,,,,,,
e558feb2-f254-42a8-813c-d5298540a530,2025-12-13 10:39:15 UTC,False,13419.0,CFOP,Gan 12 UI Maglev,RandomForest,6730.0,13419.0,,,gan12,custom_rules,,,,8.0,0.0,0.0,13419.0,68.0,69.0,76.0,5.07,5306.0,8113.0,2075.0,0.0,2075.0,2075.0,6.0,6.0,8.0,2.89,1336.0,612.0,724.0,3411.0,6.0,7.0,7.0,8.29,1426.0,555.0,871.0,4837.0,8.0,8.0,9.0,9.18,1250.0,427.0,823.0,6087.0,12.0,12.0,13.0,14.58,2931.0,2102.0,829.0,9018.0,9.0,9.0,10.0,10.86,1812.0,853.0,959.0,10830.0,12.0,12.0,12.0,12.51,2589.0,757.0,1832.0,13419.0,15.0,15.0,17.0,8.19,,,,,,,,,,,,,,,,,,,,,,,,,
6a8361d2-e223-4285-b3d1-de16a20a6f0b,2025-12-13 10:39:49 UTC,False,15878.0,CFOP,Gan 12 UI Maglev,RandomForest,5838.0,15878.0,,,gan12,custom_rules,,,,8.0,0.0,0.0,15878.0,57.0,61.0,76.0,3.59,6823.0,9055.0,2473.0,0.0,2473.0,2473.0,8.0,8.0,9.0,3.23,1820.0,1191.0,629.0,4293.0,8.0,8.0,9.0,12.72,2797.0,1637.0,1160.0,7090.0,7.0,7.0,8.0,6.03,2280.0,1265.0,1015.0,9370.0,6.0,6.0,6.0,5.91,1328.0,635.0,693.0,10698.0,7.0,7.0,8.0,10.1,2748.0,991.0,1757.0,13446.0,12.0,12.0,13.0,6.83,2432.0,1104.0,1328.0,15878.0,9.0,13.0,23.0,6.78,,,,,,,,,,,,,,,,,,,,,,,,,
5ddde2a2-f859-4ff6-b35d-8f0542b2b892,2025-12-13 10:40:41 UTC,False,19712.0,CFOP,Gan 12 UI Maglev,RandomForest,23528.0,19712.0,,,gan12,custom_rules,,,,8.0,0.0,0.0,19712.0,76.0,76.0,85.0,3.86,6736.0,12976.0,3426.0,0.0,3426.0,3426.0,9.0,9.0,11.0,2.63,4601.0,1538.0,3063.0,8027.0,9.0,9.0,9.0,2.94,1204.0,728.0,476.0,9231.0,4.0,4.0,4.0,8.4,2896.0,1473.0,1423.0,12127.0,12.0,12.0,14.0,8.43,1875.0,1023.0,852.0,14002.0,7.0,7.0,8.0,8.22,2519.0,991.0,1528.0,16521.0,15.0,15.0,17.0,9.82,3191.0,983.0,2208.0,19712.0,20.0,20.0,22.0,9.06,,,,,,,,,,,,,,,,,,,,,,,,,
4b89b8a4-af96-4da1-b334-987124a1770c,2025-12-13 10:41:15 UTC,False,17101.0,CFOP,Gan 12 UI Maglev,RandomForest,6743.0,17101.0,,,gan12,custom_rules,,,,8.0,0.0,0.0,17101.0,70.0,70.0,80.0,4.09,6751.0,10350.0,2024.0,0.0,2024.0,2024.0,6.0,6.0,6.0,2.96,2915.0,749.0,2166.0,4939.0,9.0,9.0,10.0,4.16,1837.0,910.0,927.0,6776.0,8.0,8.0,10.0,8.63,2229.0,508.0,1721.0,9005.0,11.0,11.0,12.0,6.39,3038.0,2241.0,797.0,12043.0,9.0,9.0,12.0,11.29,2794.0,1546.0,1248.0,14837.0,12.0,12.0,14.0,9.62,2264.0,797.0,1467.0,17101.0,15.0,15.0,16.0,10.22,,,,,,,,,,,,,,,,,,,,,,,,,
7e23400b-9706-4c22-8c84-5fdc1ae35369,2025-12-13 10:41:47 UTC,False,15164.0,CFOP,Gan 12 UI Maglev,RandomForest,8912.0,15164.0,,,gan12,custom_rules,,,,8.0,0.0,0.0,15164.0,62.0,67.0,81.0,4.09,7255.0,7909.0,1064.0,0.0,1064.0,1064.0,6.0,6.0,7.0,5.64,1938.0,1213.0,725.0,3002.0,6.0,6.0,7.0,8.28,1849.0,970.0,879.0,4851.0,6.0,7.0,7.0,6.83,3849.0,1966.0,1883.0,8700.0,13.0,13.0,16.0,6.9,2226.0,1033.0,1193.0,10926.0,10.0,10.0,11.0,8.38,2006.0,967.0,1039.0,12932.0,12.0,12.0,14.0,11.55,2232.0,1106.0,1126.0,15164.0,9.0,13.0,19.0,7.99,,,,,,,,,,,,,,,,,,,,,,,,,
67ff201e-cb95-4d98-9e84-df38792d8e63,2025-12-13 10:42:25 UTC,False,18729.0,CFOP,Gan 12 UI Maglev,RandomForest,10020.0,18729.0,,,gan12,custom_rules,,,,8.0,0.0,0.0,18729.0,62.0,62.0,77.0,3.31,7863.0,10866.0,2002.0,0.0,2002.0,2002.0,6.0,6.0,7.0,3.0,3415.0,2761.0,654.0,5417.0,6.0,6.0,8.0,9.17,2004.0,820.0,1184.0,7421.0,7.0,7.0,8.0,5.91,2719.0,1319.0,1400.0,10140.0,8.0,8.0,9.0,5.71,1381.0,491.0,890.0,11521.0,8.0,8.0,9.0,8.99,3526.0,902.0,2624.0,15047.0,16.0,16.0,19.0,6.1,3682.0,1570.0,2112.0,18729.0,11.0,11.0,17.0,5.21,,,,,,,,,,,,,,,,,,,,,,,,,
a6510ab9-e972-4d5c-b7e6-4aac9361c80b,2025-12-13 10:43:05 UTC,False,20682.0,CFOP,Gan 12 UI Maglev,RandomForest,9380.0,20682.0,,,gan12,custom_rules,,,,8.0,0.0,0.0,20682.0,81.0,82.0,90.0,3.92,6524.0,14045.0,5562.0,0.0,5562.0,5675.0,11.0,11.0,13.0,1.98,0.0,0.0,0.0,5675.0,0.0,0.0,0.0,0.0,4243.0,2319.0,1924.0,9918.0,14.0,15.0,16.0,7.28,3434.0,964.0,2470.0,13352.0,16.0,16.0,18.0,6.48,2030.0,1048.0,982.0,15382.0,8.0,8.0,8.0,8.15,2317.0,939.0,1378.0,17699.0,17.0,17.0,17.0,12.34,2983.0,1254.0,1729.0,20682.0,15.0,15.0,18.0,8.68,,,,,,,,,,,,,,,,,,,,,,,,,
2ac33fc9-4e95-4e73-9017-174fbe737d5c,2025-12-13 10:43:44 UTC,False,22052.0,CFOP,Gan 12 UI Maglev,RandomForest,4931.0,22052.0,,,gan12,custom_rules,,,,8.0,0.0,0.0,22052.0,96.0,96.0,106.0,4.35,8870.0,13182.0,1659.0,0.0,1659.0,1659.0,8.0,8.0,8.0,4.82,3104.0,1736.0,1368.0,4763.0,13.0,13.0,15.0,9.5,2203.0,1015.0,1188.0,6966.0,8.0,8.0,9.0,6.73,2694.0,1703.0,991.0,9660.0,9.0,9.0,10.0,9.08,2773.0,1409.0,1364.0,12433.0,9.0,9.0,11.0,6.6,3654.0,1685.0,1969.0,16087.0,18.0,18.0,18.0,9.14,5965.0,1322.0,4643.0,22052.0,31.0,31.0,35.0,6.68,,,,,,,,,,,,,,,,,,,,,,,,,
3fbb5b7a-ed5f-4c27-923c-95ca90ed496d,2025-12-13 10:44:15 UTC,False,15374.0,CFOP,Gan 12 UI Maglev,RandomForest,5629.0,15374.0,,,gan12,custom_rules,,,,8.0,0.0,0.0,15374.0,66.0,68.0,75.0,4.29,6690.0,8684.0,1634.0,0.0,1634.0,1634.0,5.0,5.0,6.0,3.06,1095.0,604.0,491.0,2729.0,4.0,4.0,4.0,8.15,2356.0,700.0,1656.0,5085.0,9.0,9.0,10.0,5.43,2382.0,1455.0,927.0,7467.0,9.0,9.0,10.0,9.71,2056.0,1339.0,717.0,9523.0,8.0,8.0,8.0,11.16,2808.0,964.0,1844.0,12331.0,17.0,17.0,17.0,9.22,3043.0,1628.0,1415.0,15374.0,15.0,17.0,20.0,10.6,,,,,,,,,,,,,,,,,,,,,,,,,
11ff0bc4-2c77-4c35-81eb-55eb2cc3e74a,2025-12-13 10:44:51 UTC,False,17092.0,CFOP,Gan 12 UI Maglev,RandomForest,9820.0,17092.0,,,gan12,custom_rules,,,,8.0,0.0,0.0,17092.0,76.0,77.0,92.0,4.45,4444.0,12559.0,2189.0,0.0,2189.0,2278.0,6.0,6.0,8.0,2.74,2332.0,1276.0,1056.0,4610.0,8.0,8.0,9.0,7.58,1897.0,435.0,1462.0,6507.0,7.0,7.0,9.0,4.79,3077.0,495.0,2582.0,9584.0,19.0,20.0,20.0,7.36,1989.0,433.0,1556.0,11573.0,11.0,11.0,12.0,7.07,1895.0,733.0,1162.0,13468.0,10.0,10.0,15.0,8.61,3624.0,1072.0,2552.0,17092.0,15.0,15.0,19.0,5.88,,,,,,,,,,,,,,,,,,,,,,,,,
dd94655d-55fa-4969-a923-d0e00fac5ae5,2025-12-13 10:45:27 UTC,False,20406.0,CFOP,Gan 12 UI Maglev,RandomForest,5281.0,20406.0,,,gan12,custom_rules,,,,8.0,0.0,0.0,20406.0,85.0,88.0,100.0,4.17,9169.0,11004.0,1802.0,0.0,1802.0,2035.0,8.0,9.0,10.0,4.44,3984.0,1319.0,2665.0,6019.0,14.0,14.0,16.0,5.25,2761.0,2254.0,507.0,8780.0,8.0,8.0,8.0,15.78,2136.0,1290.0,846.0,10916.0,8.0,8.0,9.0,9.46,1818.0,811.0,1007.0,12734.0,8.0,8.0,10.0,7.94,4573.0,1819.0,2754.0,17307.0,22.0,24.0,28.0,7.99,3099.0,1676.0,1423.0,20406.0,17.0,17.0,19.0,11.95,,,,,,,,,,,,,,,,,,,,,,,,,
057ea594-e5e9-41bb-96cc-a8cbbf10c9b1,2025-12-13 10:46:01 UTC,False,15748.0,CFOP,Gan 12 UI Maglev,RandomForest,6973.0,15748.0,,,gan12,custom_rules,,,,8.0,0.0,0.0,15748.0,58.0,59.0,65.0,3.68,6538.0,9210.0,2242.0,0.0,2242.0,2242.0,8.0,8.0,8.0,3.57,2324.0,1341.0,983.0,4566.0,8.0,8.0,10.0,8.14,2224.0,1184.0,1040.0,6790.0,6.0,6.0,6.0,5.77,3204.0,2067.0,1137.0,9994.0,8.0,8.0,9.0,7.04,1823.0,647.0,1176.0,11817.0,8.0,8.0,8.0,6.8,1581.0,574.0,1007.0,13398.0,10.0,11.0,11.0,9.93,2350.0,725.0,1625.0,15748.0,10.0,10.0,13.0,6.15,,,,,,,,,,,,,,,,,,,,,,,,,
a5383b4b-bbd7-4c2b-a19b-4417cdb0c3f8,2025-12-13 10:46:52 UTC,False,21497.0,CFOP,Gan 12 UI Maglev,RandomForest,17858.0,21497.0,,,gan12,custom_rules,,,,8.0,0.0,0.0,21497.0,80.0,86.0,99.0,3.72,7114.0,14383.0,3401.0,0.0,3401.0,3401.0,7.0,9.0,14.0,2.06,3339.0,1724.0,1615.0,6740.0,8.0,8.0,10.0,4.95,2321.0,1256.0,1065.0,9061.0,7.0,7.0,7.0,6.57,2020.0,201.0,1819.0,11081.0,11.0,11.0,11.0,6.05,2953.0,1905.0,1048.0,14034.0,9.0,10.0,10.0,8.59,2159.0,1055.0,1104.0,16193.0,12.0,12.0,13.0,10.87,5304.0,973.0,4331.0,21497.0,27.0,29.0,34.0,6.23,,,,,,,,,,,,,,,,,,,,,,,,,
afa07c92-d3e6-4016-a363-2c73bac8d4ed,2025-12-13 10:47:28 UTC,False,16801.0,CFOP,Gan 12 UI Maglev,RandomForest,5279.0,16801.0,,,gan12,custom_rules,,,,8.0,0.0,0.0,16801.0,69.0,69.0,74.0,4.11,6278.0,10523.0,1481.0,0.0,1481.0,1481.0,8.0,8.0,9.0,5.4,3511.0,585.0,2926.0,4992.0,11.0,11.0,12.0,3.76,1567.0,479.0,1088.0,6559.0,6.0,6.0,6.0,5.51,2345.0,1250.0,1095.0,8904.0,7.0,7.0,8.0,6.39,2129.0,1517.0,612.0,11033.0,8.0,8.0,8.0,13.07,1904.0,897.0,1007.0,12937.0,12.0,12.0,13.0,11.92,3864.0,1550.0,2314.0,16801.0,18.0,18.0,18.0,7.78,,,,,,,,,,,,,,,,,,,,,,,,,
0d3e8590-4ef4-4188-b4dd-5d9340461dc5,2025-12-13 10:48:21 UTC,False,15748.0,CFOP,Gan 12 UI Maglev,RandomForest,17213.0,15748.0,,,gan12,custom_rules,,,,8.0,0.0,0.0,15748.0,58.0,59.0,69.0,3.68,5576.0,10172.0,3490.0,0.0,3490.0,3490.0,8.0,8.0,10.0,2.29,0.0,0.0,0.0,3490.0,0.0,0.0,0.0,0.0,2181.0,464.0,1717.0,5671.0,8.0,8.0,9.0,4.66,2802.0,1852.0,950.0,8473.0,9.0,9.0,9.0,9.47,1682.0,876.0,806.0,10155.0,8.0,8.0,8.0,9.93,2286.0,1296.0,990.0,12441.0,8.0,8.0,10.0,8.08,3307.0,1088.0,2219.0,15748.0,17.0,18.0,23.0,7.66,,,,,,,,,,,,,,,,,,,,,,,,,
a9153db6-b1bf-49d3-befd-4ef86faeb70b,2025-12-13 10:48:53 UTC,False,14213.0,CFOP,Gan 12 UI Maglev,RandomForest,8060.0,14213.0,,,gan12,custom_rules,,,,8.0,0.0,0.0,14213.0,60.0,61.0,72.0,4.22,4568.0,9645.0,2521.0,0.0,2521.0,2521.0,7.0,7.0,9.0,2.78,2145.0,1081.0,1064.0,4666.0,6.0,7.0,8.0,5.64,1217.0,266.0,951.0,5883.0,8.0,8.0,9.0,8.41,2030.0,950.0,1080.0,7913.0,8.0,8.0,9.0,7.41,1703.0,620.0,1083.0,9616.0,7.0,7.0,9.0,6.46,2206.0,879.0,1327.0,11822.0,10.0,10.0,13.0,7.54,2391.0,772.0,1619.0,14213.0,14.0,14.0,15.0,8.65,,,,,,,,,,,,,,,,,,,,,,,,,
3267f3ec-3109-46b9-8bec-13c5cc3d897a,2025-12-13 10:49:31 UTC,False,15737.0,CFOP,Gan 12 UI Maglev,RandomForest,14283.0,15737.0,,,gan12,custom_rules,,,,8.0,0.0,0.0,15737.0,72.0,72.0,81.0,4.58,6254.0,9483.0,4079.0,0.0,4079.0,4079.0,12.0,12.0,12.0,2.94,0.0,0.0,0.0,4079.0,0.0,0.0,0.0,0.0,2391.0,1080.0,1311.0,6470.0,10.0,10.0,13.0,7.63,2108.0,803.0,1305.0,8578.0,12.0,12.0,13.0,9.2,2261.0,1786.0,475.0,10839.0,9.0,9.0,9.0,18.95,2402.0,1217.0,1185.0,13241.0,13.0,13.0,16.0,10.97,2496.0,1368.0,1128.0,15737.0,16.0,16.0,18.0,14.18,,,,,,,,,,,,,,,,,,,,,,,,,
2d61f0b3-4651-473f-b7cc-d4325d389935,2025-12-13 10:50:01 UTC,False,15823.0,CFOP,Gan 12 UI Maglev,RandomForest,7561.0,15823.0,,,gan12,custom_rules,,,,8.0,0.0,0.0,15823.0,69.0,70.0,79.0,4.36,6541.0,9217.0,805.0,0.0,805.0,870.0,5.0,5.0,6.0,6.21,2660.0,1039.0,1621.0,3530.0,8.0,8.0,10.0,4.94,2175.0,1064.0,1111.0,5705.0,8.0,8.0,10.0,7.2,2359.0,1104.0,1255.0,8064.0,8.0,8.0,9.0,6.37,1960.0,1071.0,889.0,10024.0,7.0,7.0,7.0,7.87,2040.0,669.0,1371.0,12064.0,16.0,16.0,16.0,11.67,3759.0,1594.0,2165.0,15823.0,17.0,18.0,21.0,7.85,,,,,,,,,,,,,,,,,,,,,,,,,
05f857e5-e15f-4e3b-80fc-d6ff5fd231e5,2025-12-13 10:50:35 UTC,False,14999.0,CFOP,Gan 12 UI Maglev,RandomForest,9934.0,14999.0,,,gan12,custom_rules,,,,8.0,0.0,0.0,14999.0,64.0,64.0,70.0,4.27,7890.0,7109.0,1274.0,0.0,1274.0,1274.0,6.0,6.0,7.0,4.71,2111.0,1079.0,1032.0,3385.0,6.0,6.0,8.0,5.81,2133.0,980.0,1153.0,5518.0,8.0,8.0,10.0,6.94,1490.0,1272.0,218.0,7008.0,4.0,4.0,4.0,18.35,2272.0,1620.0,652.0,9280.0,8.0,8.0,8.0,12.27,3502.0,1908.0,1594.0,12782.0,17.0,17.0,17.0,10.66,2217.0,1031.0,1186.0,14999.0,15.0,15.0,16.0,12.65,,,,,,,,,,,,,,,,,,,,,,,,,
74270858-a63e-44af-857b-6837871bfda8,2025-12-13 10:51:05 UTC,False,14056.0,CFOP,Gan 12 UI Maglev,RandomForest,8261.0,14056.0,,,gan12,custom_rules,,,,8.0,0.0,0.0,14056.0,61.0,61.0,70.0,4.34,5006.0,9050.0,3326.0,0.0,3326.0,3326.0,10.0,10.0,10.0,3.01,1144.0,709.0,435.0,4470.0,5.0,5.0,6.0,11.49,2415.0,1150.0,1265.0,6885.0,7.0,7.0,7.0,5.53,1417.0,612.0,805.0,8302.0,7.0,7.0,9.0,8.7,1333.0,705.0,628.0,9635.0,8.0,8.0,8.0,12.74,1458.0,605.0,853.0,11093.0,8.0,8.0,8.0,9.38,2963.0,1225.0,1738.0,14056.0,17.0,17.0,22.0,9.78,,,,,,,,,,,,,,,,,,,,,,,,,
71ba5fb6-845c-451b-b4cc-cf70687c0f1c,2025-12-13 10:51:41 UTC,False,14980.0,CFOP,Gan 12 UI Maglev,RandomForest,11480.0,14980.0,,,gan12,custom_rules,,,,8.0,0.0,0.0,14980.0,63.0,64.0,71.0,4.21,7025.0,7874.0,1032.0,0.0,1032.0,1113.0,5.0,5.0,7.0,4.84,2129.0,904.0,1225.0,3242.0,8.0,8.0,9.0,6.53,2828.0,2497.0,331.0,6070.0,5.0,5.0,5.0,15.11,2397.0,769.0,1628.0,8467.0,10.0,10.0,10.0,6.14,1959.0,1120.0,839.0,10426.0,8.0,8.0,9.0,9.54,2247.0,911.0,1336.0,12673.0,12.0,12.0,13.0,8.98,2307.0,824.0,1483.0,14980.0,15.0,16.0,18.0,10.11,,,,,,,,,,,,,,,,,,,,,,,,,
268616db-2e45-4ed4-83bf-73baf3114e72,2025-12-13 10:52:25 UTC,False,15259.0,CFOP,Gan 12 UI Maglev,RandomForest,18406.0,15259.0,,,gan12,custom_rules,,,,8.0,0.0,0.0,15259.0,72.0,74.0,79.0,4.72,4812.0,10447.0,5969.0,0.0,5969.0,5969.0,21.0,21.0,22.0,3.52,0.0,0.0,0.0,5969.0,0.0,0.0,0.0,0.0,0.0,0.0,0.0,5969.0,0.0,0.0,0.0,0.0,2437.0,1565.0,872.0,8406.0,10.0,11.0,11.0,11.47,1649.0,1037.0,612.0,10055.0,7.0,7.0,8.0,11.44,2050.0,718.0,1332.0,12105.0,17.0,17.0,17.0,12.76,3154.0,1492.0,1662.0,15259.0,17.0,18.0,21.0,10.23,,,,,,,,,,,,,,,,,,,,,,,,,
f3b9805a-4cb4-4ae5-8e24-d8f963ddd9fe,2025-12-13 10:52:57 UTC,False,14691.0,CFOP,Gan 12 UI Maglev,RandomForest,7915.0,14691.0,,,gan12,custom_rules,,,,8.0,0.0,0.0,14691.0,63.0,64.0,71.0,4.29,6889.0,7802.0,1402.0,0.0,1402.0,1402.0,6.0,6.0,8.0,4.28,1749.0,564.0,1185.0,3151.0,5.0,5.0,6.0,4.22,2554.0,1990.0,564.0,5705.0,5.0,5.0,6.0,8.87,1164.0,612.0,552.0,6869.0,8.0,8.0,8.0,14.49,2170.0,1533.0,637.0,9039.0,8.0,8.0,8.0,12.56,3132.0,1497.0,1635.0,12171.0,12.0,13.0,13.0,7.34,2520.0,693.0,1827.0,14691.0,20.0,20.0,22.0,10.95,,,,,,,,,,,,,,,,,,,,,,,,,
7fd0295b-b265-4c44-a9db-a70ef2ec7cf0,2025-12-13 10:53:29 UTC,False,15014.0,CFOP,Gan 12 UI Maglev,RandomForest,5264.0,15014.0,,,gan12,custom_rules,,,,8.0,0.0,0.0,15014.0,58.0,59.0,69.0,3.86,6507.0,8507.0,1192.0,0.0,1192.0,1192.0,5.0,5.0,6.0,4.19,2821.0,1878.0,943.0,4013.0,8.0,8.0,10.0,8.48,2834.0,344.0,2490.0,6847.0,7.0,7.0,7.0,2.81,1723.0,926.0,797.0,8570.0,6.0,7.0,8.0,7.53,1549.0,830.0,719.0,10119.0,8.0,8.0,10.0,11.13,1985.0,858.0,1127.0,12104.0,13.0,13.0,13.0,11.54,2910.0,1671.0,1239.0,15014.0,12.0,12.0,15.0,9.69,,,,,,,,,,,,,,,,,,,,,,,,,
f8bae1cb-ebfc-48af-bc52-63ed19ebb0d8,2025-12-13 10:54:12 UTC,False,21098.0,CFOP,Gan 12 UI Maglev,RandomForest,12181.0,21098.0,,,gan12,custom_rules,,,,8.0,0.0,0.0,21098.0,71.0,79.0,99.0,3.37,5970.0,15128.0,3793.0,0.0,3793.0,3793.0,9.0,9.0,13.0,2.37,2549.0,1147.0,1402.0,6342.0,10.0,10.0,10.0,7.13,1063.0,773.0,290.0,7405.0,4.0,4.0,4.0,13.79,3668.0,1049.0,2619.0,11073.0,12.0,12.0,14.0,4.58,1904.0,1034.0,870.0,12977.0,13.0,13.0,13.0,14.94,1437.0,857.0,580.0,14414.0,7.0,7.0,7.0,12.07,6684.0,1110.0,5574.0,21098.0,16.0,24.0,38.0,2.87,,,,,,,,,,,,,,,,,,,,,,,,,
e5851211-c953-4a18-947e-fd5e545e10f8,2025-12-13 10:54:46 UTC,False,11954.0,CFOP,Gan 12 UI Maglev,RandomForest,13080.0,11954.0,,,gan12,custom_rules,,,,8.0,0.0,0.0,11954.0,69.0,70.0,79.0,5.77,4098.0,7856.0,677.0,0.0,677.0,677.0,4.0,4.0,4.0,5.91,2134.0,1143.0,991.0,2811.0,8.0,8.0,9.0,8.07,1187.0,225.0,962.0,3998.0,7.0,7.0,8.0,7.28,1417.0,428.0,989.0,5415.0,7.0,7.0,8.0,7.08,1364.0,467.0,897.0,6779.0,12.0,12.0,12.0,13.38,2658.0,895.0,1763.0,9437.0,16.0,16.0,18.0,9.08,2517.0,940.0,1577.0,11954.0,16.0,16.0,20.0,10.15,,,,,,,,,,,,,,,,,,,,,,,,,
d52a628e-cad8-44a9-8141-8fc63eae286d,2025-12-13 10:55:33 UTC,False,20589.0,CFOP,Gan 12 UI Maglev,RandomForest,11129.0,20589.0,,,gan12,custom_rules,,,,8.0,0.0,0.0,20589.0,64.0,65.0,71.0,3.11,11850.0,8739.0,2881.0,0.0,2881.0,2881.0,11.0,11.0,11.0,3.82,4396.0,3257.0,1139.0,7277.0,8.0,8.0,10.0,7.02,5516.0,4260.0,1256.0,12793.0,7.0,7.0,8.0,5.57,1453.0,1179.0,274.0,14246.0,5.0,5.0,5.0,18.25,2098.0,1196.0,902.0,16344.0,8.0,8.0,10.0,8.87,2416.0,1297.0,1119.0,18760.0,10.0,11.0,11.0,8.94,1829.0,661.0,1168.0,20589.0,15.0,15.0,16.0,12.84,,,,,,,,,,,,,,,,,,,,,,,,,
bbec1e66-5dce-45a2-9707-d2ca64c5d907,2025-12-13 10:56:28 UTC,False,17642.0,CFOP,Gan 12 UI Maglev,RandomForest,14159.0,17642.0,,,gan12,custom_rules,,,,8.0,0.0,0.0,17642.0,72.0,73.0,83.0,4.08,6005.0,11637.0,1120.0,0.0,1120.0,1120.0,5.0,6.0,6.0,4.46,3170.0,2042.0,1128.0,4290.0,9.0,9.0,10.0,7.98,3195.0,793.0,2402.0,7485.0,12.0,12.0,13.0,5.0,1841.0,177.0,1664.0,9326.0,11.0,11.0,12.0,6.61,2007.0,677.0,1330.0,11333.0,8.0,8.0,9.0,6.02,3216.0,1335.0,1881.0,14549.0,10.0,10.0,14.0,5.32,3093.0,981.0,2112.0,17642.0,18.0,18.0,19.0,8.52,,,,,,,,,,,,,,,,,,,,,,,,,
e5f77baa-9df4-47c5-a82b-7e4d2731e9ab,2025-12-13 10:57:33 UTC,False,21577.0,CFOP,Gan 12 UI Maglev,RandomForest,4831.0,21577.0,,,gan12,custom_rules,,,,8.0,0.0,0.0,21577.0,71.0,71.0,77.0,3.29,9292.0,12285.0,951.0,0.0,951.0,951.0,4.0,4.0,6.0,4.21,4229.0,491.0,3738.0,5180.0,12.0,12.0,12.0,3.21,1890.0,661.0,1229.0,7070.0,7.0,7.0,7.0,5.7,1754.0,717.0,1037.0,8824.0,7.0,7.0,8.0,6.75,7502.0,5105.0,2397.0,16326.0,12.0,12.0,14.0,5.01,2059.0,900.0,1159.0,18385.0,13.0,13.0,13.0,11.22,3192.0,1418.0,1774.0,21577.0,17.0,17.0,17.0,9.58,,,,,,,,,,,,,,,,,,,,,,,,,
3a9cbc33-ca55-4a28-b536-54dd6c474766,2025-12-13 10:58:08 UTC,False,18907.0,CFOP,Gan 12 UI Maglev,RandomForest,7657.0,18907.0,,,gan12,custom_rules,,,,8.0,0.0,0.0,18907.0,71.0,77.0,86.0,3.76,7256.0,11586.0,1795.0,0.0,1795.0,1860.0,6.0,7.0,8.0,3.34,2635.0,636.0,1999.0,4495.0,13.0,13.0,13.0,6.5,1939.0,1247.0,692.0,6434.0,8.0,8.0,8.0,11.56,4192.0,1593.0,2599.0,10626.0,12.0,12.0,12.0,4.62,1866.0,1135.0,731.0,12492.0,8.0,8.0,8.0,10.94,3226.0,1432.0,1794.0,15718.0,13.0,13.0,14.0,7.25,3189.0,1213.0,1976.0,18907.0,11.0,16.0,23.0,5.57,,,,,,,,,,,,,,,,,,,,,,,,,
ba1583a8-0559-4c87-940c-5f0beb59263c,2025-12-13 10:58:39 UTC,False,14749.0,CFOP,Gan 12 UI Maglev,RandomForest,6455.0,14749.0,,,gan12,custom_rules,,,,8.0,0.0,0.0,14749.0,61.0,63.0,71.0,4.14,5678.0,8990.0,2000.0,0.0,2000.0,2081.0,8.0,8.0,10.0,4.0,1217.0,661.0,556.0,3298.0,8.0,8.0,9.0,14.39,2339.0,1339.0,1000.0,5637.0,8.0,8.0,8.0,8.0,3034.0,1284.0,1750.0,8671.0,7.0,7.0,8.0,4.0,1630.0,581.0,1049.0,10301.0,8.0,8.0,10.0,7.63,1681.0,846.0,835.0,11982.0,7.0,7.0,7.0,8.38,2767.0,967.0,1800.0,14749.0,15.0,17.0,19.0,8.33,,,,,,,,,,,,,,,,,,,,,,,,,
e7aa1304-fb72-44a0-a504-35d0e5d288a3,2025-12-13 10:59:09 UTC,False,14567.0,CFOP,Gan 12 UI Maglev,RandomForest,6349.0,14567.0,,,gan12,custom_rules,,,,8.0,0.0,0.0,14567.0,68.0,69.0,78.0,4.67,4272.0,10295.0,2359.0,0.0,2359.0,2359.0,7.0,8.0,8.0,2.97,1096.0,846.0,250.0,3455.0,3.0,3.0,3.0,12.0,4094.0,358.0,3736.0,7549.0,15.0,15.0,18.0,4.01,1222.0,459.0,763.0,8771.0,8.0,8.0,10.0,10.48,1289.0,218.0,1071.0,10060.0,11.0,11.0,12.0,10.27,1851.0,1118.0,733.0,11911.0,8.0,8.0,10.0,10.91,2656.0,1273.0,1383.0,14567.0,16.0,16.0,17.0,11.57,,,,,,,,,,,,,,,,,,,,,,,,,
3f4bac35-1f51-47fa-9172-71546ad05794,2025-12-13 10:59:52 UTC,False,17613.0,CFOP,Gan 12 UI Maglev,RandomForest,13008.0,17613.0,,,gan12,custom_rules,,,,8.0,0.0,0.0,17613.0,72.0,72.0,85.0,4.09,5690.0,11859.0,2238.0,0.0,2238.0,2302.0,8.0,8.0,9.0,3.57,1578.0,1336.0,242.0,3880.0,4.0,4.0,5.0,16.53,5445.0,1018.0,4427.0,9325.0,12.0,12.0,16.0,2.71,1667.0,789.0,878.0,10992.0,8.0,8.0,9.0,9.11,1961.0,769.0,1192.0,12953.0,11.0,11.0,12.0,9.23,2030.0,934.0,1096.0,14983.0,10.0,10.0,15.0,9.12,2630.0,844.0,1786.0,17613.0,19.0,19.0,19.0,10.64,,,,,,,,,,,,,,,,,,,,,,,,,
64020098-8ad8-4c1f-be32-a7ef4dad8d4f,2025-12-13 11:00:18 UTC,False,14506.0,CFOP,Gan 12 UI Maglev,RandomForest,2716.0,14506.0,,,gan12,custom_rules,,,,8.0,0.0,0.0,14506.0,58.0,58.0,68.0,4.0,5604.0,8902.0,991.0,0.0,991.0,991.0,5.0,5.0,7.0,5.05,1476.0,590.0,886.0,2467.0,7.0,7.0,8.0,7.9,2714.0,861.0,1853.0,5181.0,11.0,11.0,12.0,5.94,3319.0,1237.0,2082.0,8500.0,7.0,7.0,9.0,3.36,1257.0,991.0,266.0,9757.0,5.0,5.0,6.0,18.8,1905.0,1152.0,753.0,11662.0,9.0,9.0,11.0,11.95,2844.0,773.0,2071.0,14506.0,14.0,14.0,15.0,6.76,,,,,,,,,,,,,,,,,,,,,,,,,
bfb832cc-df5c-4e32-b735-ccbb77f9d7dd,2025-12-13 11:01:07 UTC,False,20209.0,CFOP,Gan 12 UI Maglev,RandomForest,20591.0,20209.0,,,gan12,custom_rules,,,,8.0,0.0,0.0,20209.0,77.0,77.0,85.0,3.81,3392.0,16817.0,9253.0,0.0,9253.0,9253.0,25.0,25.0,30.0,2.7,0.0,0.0,0.0,9253.0,0.0,0.0,0.0,0.0,0.0,0.0,0.0,9253.0,0.0,0.0,0.0,0.0,4968.0,1000.0,3968.0,14221.0,16.0,16.0,18.0,4.03,1592.0,596.0,996.0,15813.0,8.0,8.0,8.0,8.03,1729.0,983.0,746.0,17542.0,7.0,7.0,8.0,9.38,2667.0,813.0,1854.0,20209.0,21.0,21.0,21.0,11.33,,,,,,,,,,,,,,,,,,,,,,,,,
cd3a049d-e327-4772-aaec-d538608f692d,2025-12-13 11:01:56 UTC,False,19296.0,CFOP,Gan 12 UI Maglev,RandomForest,19280.0,19296.0,,,gan12,custom_rules,,,,8.0,0.0,0.0,19296.0,85.0,89.0,98.0,4.41,5345.0,13951.0,3496.0,0.0,3496.0,3496.0,10.0,10.0,12.0,2.86,1459.0,411.0,1048.0,4955.0,8.0,8.0,8.0,7.63,2885.0,1208.0,1677.0,7840.0,11.0,11.0,11.0,6.56,701.0,314.0,387.0,8541.0,4.0,4.0,4.0,10.34,2538.0,1514.0,1024.0,11079.0,11.0,11.0,11.0,10.74,5947.0,810.0,5137.0,17026.0,32.0,32.0,32.0,6.23,2270.0,1088.0,1182.0,19296.0,9.0,13.0,20.0,7.61,,,,,,,,,,,,,,,,,,,,,,,,,
3504feed-192e-4299-ad17-2949a3c96927,2025-12-13 11:02:32 UTC,False,15902.0,CFOP,Gan 12 UI Maglev,RandomForest,9787.0,15902.0,,,gan12,custom_rules,,,,8.0,0.0,0.0,15902.0,71.0,73.0,82.0,4.46,6576.0,9278.0,2341.0,0.0,2341.0,2389.0,8.0,8.0,11.0,3.42,2483.0,1122.0,1361.0,4872.0,10.0,11.0,11.0,7.35,1991.0,920.0,1071.0,6863.0,9.0,10.0,11.0,8.4,1477.0,470.0,1007.0,8340.0,7.0,7.0,7.0,6.95,3008.0,1648.0,1360.0,11348.0,13.0,13.0,14.0,9.56,1758.0,797.0,961.0,13106.0,13.0,13.0,13.0,13.53,2796.0,1619.0,1177.0,15902.0,11.0,11.0,15.0,9.35,,,,,,,,,,,,,,,,,,,,,,,,,
16db36a2-67df-40c4-8bb1-968e763992f2,2025-12-13 11:03:13 UTC,False,17740.0,CFOP,Gan 12 UI Maglev,RandomForest,13431.0,17740.0,,,gan12,custom_rules,,,,8.0,0.0,0.0,17740.0,69.0,71.0,82.0,3.89,8100.0,9551.0,1039.0,0.0,1039.0,1128.0,5.0,5.0,7.0,4.81,1430.0,930.0,500.0,2558.0,6.0,6.0,7.0,12.0,1588.0,927.0,661.0,4146.0,8.0,8.0,9.0,12.1,2883.0,1400.0,1483.0,7029.0,8.0,8.0,10.0,5.39,2680.0,2060.0,620.0,9709.0,8.0,8.0,9.0,12.9,4744.0,1044.0,3700.0,14453.0,18.0,19.0,21.0,4.86,3287.0,1739.0,1548.0,17740.0,16.0,17.0,19.0,10.34,,,,,,,,,,,,,,,,,,,,,,,,,
dd380186-aa34-4d83-8155-0aa54f223312,2025-12-13 11:03:53 UTC,False,16432.0,CFOP,Gan 12 UI Maglev,RandomForest,12624.0,16432.0,,,gan12,custom_rules,,,,8.0,0.0,0.0,16432.0,72.0,72.0,78.0,4.38,5576.0,10856.0,2297.0,0.0,2297.0,2297.0,7.0,7.0,8.0,3.05,3381.0,2027.0,1354.0,5678.0,7.0,7.0,7.0,5.17,1716.0,129.0,1587.0,7394.0,10.0,10.0,10.0,6.3,1279.0,449.0,830.0,8673.0,8.0,8.0,8.0,9.64,2147.0,1095.0,1052.0,10820.0,10.0,10.0,11.0,9.51,2164.0,757.0,1407.0,12984.0,11.0,11.0,12.0,7.82,3448.0,1119.0,2329.0,16432.0,20.0,20.0,22.0,8.59,,,,,,,,,,,,,,,,,,,,,,,,,
50d4ae27-9587-4846-8b9d-4ecb5e0330ba,2025-12-13 11:04:27 UTC,False,19198.0,CFOP,Gan 12 UI Maglev,RandomForest,4480.0,19198.0,,,gan12,custom_rules,,,,8.0,0.0,0.0,19198.0,93.0,94.0,101.0,4.84,4720.0,14478.0,1895.0,0.0,1895.0,1895.0,7.0,7.0,8.0,3.69,1536.0,789.0,747.0,3431.0,5.0,6.0,7.0,6.69,1570.0,637.0,933.0,5001.0,8.0,8.0,10.0,8.57,2006.0,1032.0,974.0,7007.0,10.0,10.0,10.0,10.27,3425.0,419.0,3006.0,10432.0,19.0,19.0,20.0,6.32,5577.0,1085.0,4492.0,16009.0,23.0,23.0,24.0,5.12,3189.0,758.0,2431.0,19198.0,21.0,21.0,22.0,8.64,,,,,,,,,,,,,,,,,,,,,,,,,
99c6c267-1487-447e-a53c-71af0bd379c1,2025-12-13 11:05:07 UTC,False,16383.0,CFOP,Gan 12 UI Maglev,RandomForest,13796.0,16383.0,,,gan12,custom_rules,,,,8.0,0.0,0.0,16383.0,68.0,71.0,77.0,4.15,5082.0,11301.0,4713.0,0.0,4713.0,4713.0,10.0,10.0,11.0,2.12,2346.0,453.0,1893.0,7059.0,10.0,10.0,12.0,5.28,2488.0,992.0,1496.0,9547.0,9.0,9.0,9.0,6.02,1545.0,812.0,733.0,11092.0,12.0,12.0,12.0,16.37,1430.0,1317.0,113.0,12522.0,5.0,5.0,5.0,44.25,1451.0,524.0,927.0,13973.0,9.0,10.0,10.0,9.71,2410.0,984.0,1426.0,16383.0,14.0,16.0,18.0,9.82,,,,,,,,,,,,,,,,,,,,,,,,,
63616637-c93c-4d7c-9033-7ab8ac48311b,2025-12-13 11:05:43 UTC,False,16044.0,CFOP,Gan 12 UI Maglev,RandomForest,12035.0,16044.0,,,gan12,custom_rules,,,,8.0,0.0,0.0,16044.0,58.0,62.0,73.0,3.62,7199.0,8845.0,2889.0,0.0,2889.0,2889.0,9.0,9.0,9.0,3.12,2786.0,1920.0,866.0,5675.0,8.0,8.0,8.0,9.24,3267.0,1257.0,2010.0,8942.0,12.0,12.0,17.0,5.97,2032.0,1291.0,741.0,10974.0,6.0,6.0,6.0,8.1,1332.0,856.0,476.0,12306.0,8.0,8.0,8.0,16.81,1717.0,918.0,799.0,14023.0,7.0,7.0,8.0,8.76,2021.0,957.0,1064.0,16044.0,8.0,12.0,17.0,7.52,,,,,,,,,,,,,,,,,,,,,,,,,
fe05676d-d103-4a8e-9ded-58e1efb3bdf7,2025-12-13 11:06:22 UTC,False,18626.0,CFOP,Gan 12 UI Maglev,RandomForest,9297.0,18626.0,,,gan12,custom_rules,,,,8.0,0.0,0.0,18626.0,85.0,85.0,90.0,4.56,5757.0,12869.0,1023.0,0.0,1023.0,1023.0,5.0,5.0,5.0,4.89,1166.0,739.0,427.0,2189.0,8.0,8.0,8.0,18.74,6141.0,1820.0,4321.0,8330.0,16.0,16.0,19.0,3.7,1981.0,550.0,1431.0,10311.0,12.0,12.0,13.0,8.39,2578.0,1105.0,1473.0,12889.0,11.0,11.0,11.0,7.47,2594.0,817.0,1777.0,15483.0,17.0,17.0,17.0,9.57,3143.0,726.0,2417.0,18626.0,17.0,17.0,17.0,7.03,,,,,,,,,,,,,,,,,,,,,,,,,
17e85174-01b2-4e71-b70a-ce68e8d23b66,2025-12-13 11:07:10 UTC,False,24289.0,CFOP,Gan 12 UI Maglev,RandomForest,13781.0,24289.0,,,gan12,custom_rules,,,,8.0,0.0,0.0,24289.0,70.0,71.0,84.0,2.88,15379.0,8910.0,1931.0,0.0,1931.0,1931.0,6.0,7.0,7.0,3.11,3919.0,2574.0,1345.0,5850.0,11.0,11.0,12.0,8.18,2260.0,1367.0,893.0,8110.0,6.0,6.0,7.0,6.72,3660.0,2684.0,976.0,11770.0,13.0,13.0,14.0,13.32,7307.0,6561.0,746.0,19077.0,8.0,8.0,9.0,10.72,2436.0,1193.0,1243.0,21513.0,10.0,10.0,15.0,8.05,2776.0,1000.0,1776.0,24289.0,16.0,16.0,20.0,9.01,,,,,,,,,,,,,,,,,,,,,,,,,
1db9d964-4100-40e6-9151-2b20b9d418b2,2025-12-13 11:07:42 UTC,False,19462.0,CFOP,Gan 12 UI Maglev,RandomForest,2778.0,19462.0,,,gan12,custom_rules,,,,8.0,0.0,0.0,19462.0,72.0,72.0,82.0,3.7,10517.0,8945.0,2232.0,0.0,2232.0,2232.0,11.0,11.0,11.0,4.93,6823.0,5800.0,1023.0,9055.0,8.0,8.0,9.0,7.82,2269.0,1222.0,1047.0,11324.0,9.0,9.0,11.0,8.6,1719.0,769.0,950.0,13043.0,8.0,8.0,10.0,8.42,1310.0,343.0,967.0,14353.0,8.0,8.0,9.0,8.27,1636.0,774.0,862.0,15989.0,8.0,8.0,9.0,9.28,3473.0,1609.0,1864.0,19462.0,20.0,20.0,23.0,10.73,,,,,,,,,,,,,,,,,,,,,,,,,
042146b8-3661-4bd1-ad0f-38cd8545e84f,2025-12-13 11:08:33 UTC,False,12970.0,CFOP,Gan 12 UI Maglev,RandomForest,25829.0,12970.0,,,gan12,custom_rules,,,,8.0,0.0,0.0,12970.0,55.0,59.0,71.0,4.24,5757.0,7213.0,975.0,0.0,975.0,975.0,5.0,5.0,5.0,5.13,894.0,314.0,580.0,1869.0,5.0,5.0,6.0,8.62,1372.0,838.0,534.0,3241.0,7.0,7.0,8.0,13.11,3205.0,1897.0,1308.0,6446.0,8.0,8.0,9.0,6.12,1528.0,910.0,618.0,7974.0,8.0,8.0,9.0,12.94,2108.0,976.0,1132.0,10082.0,10.0,10.0,10.0,8.83,2888.0,822.0,2066.0,12970.0,12.0,16.0,24.0,5.81,,,,,,,,,,,,,,,,,,,,,,,,,
ef71a2d8-0337-4564-9b39-a690ea7d75d2,2025-12-13 11:09:13 UTC,False,22054.0,CFOP,Gan 12 UI Maglev,RandomForest,8279.0,22054.0,,,gan12,custom_rules,,,,8.0,0.0,0.0,22054.0,74.0,78.0,89.0,3.36,7883.0,14074.0,3655.0,0.0,3655.0,3752.0,8.0,9.0,11.0,2.19,3391.0,596.0,2795.0,7143.0,11.0,11.0,13.0,3.94,3906.0,2583.0,1323.0,11049.0,8.0,8.0,9.0,6.05,1893.0,358.0,1535.0,12942.0,10.0,10.0,11.0,6.51,3396.0,1795.0,1601.0,16338.0,11.0,13.0,14.0,6.87,2623.0,1157.0,1466.0,18961.0,10.0,11.0,12.0,6.82,3093.0,1394.0,1699.0,22054.0,17.0,17.0,19.0,10.01,,,,,,,,,,,,,,,,,,,,,,,,,
ba5e573c-d2ec-4b5f-85c5-7845ec59e87d,2025-12-13 11:10:14 UTC,False,10902.0,CFOP,Gan 12 UI Maglev,RandomForest,40389.0,10902.0,,,gan12,custom_rules,,,,8.0,0.0,0.0,10902.0,55.0,56.0,63.0,5.04,3775.0,7127.0,1321.0,0.0,1321.0,1321.0,4.0,4.0,5.0,3.03,1880.0,696.0,1184.0,3201.0,8.0,8.0,9.0,6.76,2288.0,912.0,1376.0,5489.0,9.0,9.0,10.0,6.54,1377.0,120.0,1257.0,6866.0,14.0,14.0,14.0,11.14,1376.0,772.0,604.0,8242.0,7.0,7.0,8.0,11.59,0.0,0.0,0.0,8242.0,0.0,0.0,0.0,0.0,2660.0,1275.0,1385.0,10902.0,14.0,15.0,17.0,10.11,,,,,,,,,,,,,,,,,,,,,,,,,
8377717f-9e20-4baa-9c3a-0aaa82490c04,2025-12-13 11:10:59 UTC,False,19771.0,CFOP,Gan 12 UI Maglev,RandomForest,12394.0,19771.0,,,gan12,custom_rules,,,,8.0,0.0,0.0,19771.0,74.0,81.0,95.0,3.74,6974.0,12797.0,5937.0,0.0,5937.0,5937.0,21.0,24.0,25.0,3.54,0.0,0.0,0.0,5937.0,0.0,0.0,0.0,0.0,2432.0,1047.0,1385.0,8369.0,5.0,6.0,7.0,3.61,2705.0,1194.0,1511.0,11074.0,10.0,10.0,12.0,6.62,1395.0,500.0,895.0,12469.0,8.0,8.0,11.0,8.94,3329.0,2276.0,1053.0,15798.0,12.0,14.0,17.0,11.4,3973.0,1957.0,2016.0,19771.0,18.0,19.0,23.0,8.93,,,,,,,,,,,,,,,,,,,,,,,,,
a998c61e-53e1-4d45-a210-7dea098bad24,2025-12-13 11:11:32 UTC,False,17860.0,CFOP,Gan 12 UI Maglev,RandomForest,2780.0,17860.0,,,gan12,custom_rules,,,,8.0,0.0,0.0,17860.0,69.0,69.0,77.0,3.86,9160.0,8700.0,2220.0,0.0,2220.0,2220.0,7.0,7.0,8.0,3.15,2814.0,1160.0,1654.0,5034.0,10.0,10.0,10.0,6.05,1852.0,1006.0,846.0,6886.0,8.0,8.0,8.0,9.46,3652.0,2741.0,911.0,10538.0,7.0,7.0,10.0,7.68,1666.0,1142.0,524.0,12204.0,8.0,8.0,9.0,15.27,2564.0,1412.0,1152.0,14768.0,13.0,13.0,14.0,11.28,3092.0,1699.0,1393.0,17860.0,16.0,16.0,18.0,11.49,,,,,,,,,,,,,,,,,,,,,,,,,
e0eb61ac-bd74-411c-a2ed-f3497e220cd3,2025-12-13 11:12:03 UTC,False,15943.0,CFOP,Gan 12 UI Maglev,RandomForest,5481.0,15943.0,,,gan12,custom_rules,,,,8.0,0.0,0.0,15943.0,67.0,70.0,80.0,4.2,5625.0,10061.0,1356.0,0.0,1356.0,1613.0,6.0,7.0,7.0,4.42,1467.0,370.0,1097.0,3080.0,7.0,7.0,7.0,6.38,2029.0,789.0,1240.0,5109.0,6.0,6.0,7.0,4.84,2564.0,1414.0,1150.0,7673.0,8.0,8.0,11.0,6.96,2270.0,290.0,1980.0,9943.0,9.0,9.0,10.0,4.55,3178.0,1772.0,1406.0,13121.0,19.0,19.0,20.0,13.51,2822.0,990.0,1832.0,15943.0,14.0,15.0,18.0,7.64,,,,,,,,,,,,,,,,,,,,,,,,,
594bda5f-f45f-4c53-8b74-09b32bad7707,2025-12-13 11:12:32 UTC,False,12375.0,CFOP,Gan 12 UI Maglev,RandomForest,8573.0,12375.0,,,gan12,custom_rules,,,,8.0,0.0,0.0,12375.0,58.0,60.0,68.0,4.69,4557.0,7818.0,1538.0,0.0,1538.0,1538.0,6.0,6.0,9.0,3.9,1305.0,1055.0,250.0,2843.0,4.0,4.0,5.0,16.0,1282.0,276.0,1006.0,4125.0,7.0,7.0,7.0,6.96,1802.0,698.0,1104.0,5927.0,6.0,7.0,7.0,5.43,1632.0,577.0,1055.0,7559.0,9.0,9.0,9.0,8.53,2103.0,726.0,1377.0,9662.0,11.0,11.0,12.0,7.99,2713.0,1225.0,1488.0,12375.0,16.0,16.0,19.0,10.75,,,,,,,,,,,,,,,,,,,,,,,,,
f8529280-6124-4b8d-ac1f-b873895cba2c,2025-12-13 11:13:15 UTC,False,14664.0,CFOP,Gan 12 UI Maglev,RandomForest,16433.0,14664.0,,,gan12,custom_rules,,,,8.0,0.0,0.0,14664.0,64.0,65.0,71.0,4.36,6348.0,8316.0,1911.0,0.0,1911.0,1911.0,6.0,6.0,8.0,3.14,1619.0,1370.0,249.0,3530.0,5.0,5.0,5.0,20.08,2281.0,903.0,1378.0,5811.0,9.0,10.0,11.0,6.53,2727.0,1268.0,1459.0,8538.0,7.0,7.0,8.0,4.8,1105.0,460.0,645.0,9643.0,8.0,8.0,10.0,12.4,1962.0,1140.0,822.0,11605.0,11.0,11.0,11.0,13.38,3059.0,1207.0,1852.0,14664.0,18.0,18.0,18.0,9.72,,,,,,,,,,,,,,,,,,,,,,,,,
d78b6851-6aec-404b-9b40-3fe77ba8f04a,2025-12-13 11:13:41 UTC,False,12930.0,CFOP,Gan 12 UI Maglev,RandomForest,3013.0,12930.0,,,gan12,custom_rules,,,,8.0,0.0,0.0,12930.0,77.0,78.0,82.0,5.96,4142.0,8788.0,1322.0,0.0,1322.0,1322.0,6.0,7.0,8.0,4.54,1744.0,269.0,1475.0,3066.0,10.0,10.0,11.0,6.78,1521.0,489.0,1032.0,4587.0,10.0,10.0,10.0,9.69,1988.0,169.0,1819.0,6575.0,11.0,11.0,12.0,6.05,2131.0,1502.0,629.0,8706.0,9.0,9.0,9.0,14.31,1699.0,902.0,797.0,10405.0,11.0,11.0,11.0,13.8,2525.0,811.0,1714.0,12930.0,20.0,20.0,21.0,11.67,,,,,,,,,,,,,,,,,,,,,,,,,
be1ef560-a5bd-44db-9968-74a4e4e11626,2025-12-13 11:14:06 UTC,False,12488.0,CFOP,Gan 12 UI Maglev,RandomForest,3475.0,12488.0,,,gan12,custom_rules,,,,8.0,0.0,0.0,12488.0,59.0,60.0,68.0,4.72,5157.0,7331.0,1280.0,0.0,1280.0,1280.0,5.0,5.0,6.0,3.91,2002.0,778.0,1224.0,3282.0,8.0,8.0,9.0,6.54,2151.0,1061.0,1090.0,5433.0,7.0,7.0,8.0,6.42,1385.0,958.0,427.0,6818.0,6.0,6.0,7.0,14.05,1780.0,1023.0,757.0,8598.0,8.0,8.0,11.0,10.57,2043.0,658.0,1385.0,10641.0,10.0,11.0,11.0,7.22,1847.0,679.0,1168.0,12488.0,15.0,15.0,16.0,12.84,,,,,,,,,,,,,,,,,,,,,,,,,
4c9fea85-622b-4165-9e38-9498f168d40e,2025-12-13 11:14:40 UTC,False,12941.0,CFOP,Gan 12 UI Maglev,RandomForest,11603.0,12941.0,,,gan12,custom_rules,,,,8.0,0.0,0.0,12941.0,72.0,72.0,83.0,5.56,3733.0,9208.0,2613.0,0.0,2613.0,2613.0,14.0,14.0,17.0,5.36,0.0,0.0,0.0,2613.0,0.0,0.0,0.0,0.0,2303.0,702.0,1601.0,4916.0,14.0,14.0,14.0,8.74,1183.0,394.0,789.0,6099.0,7.0,7.0,10.0,8.87,2321.0,1330.0,991.0,8420.0,7.0,7.0,8.0,7.06,1802.0,610.0,1192.0,10222.0,12.0,12.0,13.0,10.07,2719.0,697.0,2022.0,12941.0,18.0,18.0,21.0,8.9,,,,,,,,,,,,,,,,,,,,,,,,,
e74b131e-094c-4b64-a530-cf0827fdf82f,2025-12-13 11:15:07 UTC,False,13544.0,CFOP,Gan 12 UI Maglev,RandomForest,6536.0,13544.0,,,gan12,custom_rules,,,,8.0,0.0,0.0,13544.0,67.0,69.0,77.0,4.95,5392.0,8152.0,1289.0,0.0,1289.0,1289.0,6.0,6.0,6.0,4.65,1720.0,592.0,1128.0,3009.0,7.0,7.0,8.0,6.21,2342.0,1238.0,1104.0,5351.0,8.0,8.0,8.0,7.25,1426.0,628.0,798.0,6777.0,8.0,8.0,10.0,10.03,1845.0,1248.0,597.0,8622.0,8.0,8.0,9.0,13.4,1998.0,983.0,1015.0,10620.0,11.0,13.0,14.0,10.84,2924.0,703.0,2221.0,13544.0,19.0,19.0,22.0,8.55,,,,,,,,,,,,,,,,,,,,,,,,,
2f7c765f-b569-4531-b3d0-0deaca6066ad,2025-12-13 11:16:01 UTC,False,16158.0,CFOP,Gan 12 UI Maglev,RandomForest,17381.0,16158.0,,,gan12,custom_rules,,,,8.0,0.0,0.0,16158.0,70.0,71.0,80.0,4.33,6618.0,9540.0,2794.0,0.0,2794.0,2794.0,8.0,8.0,9.0,2.86,2171.0,1105.0,1066.0,4965.0,5.0,5.0,6.0,4.69,2554.0,1785.0,769.0,7519.0,9.0,9.0,10.0,11.7,2251.0,1420.0,831.0,9770.0,8.0,8.0,11.0,9.63,1164.0,291.0,873.0,10934.0,7.0,7.0,8.0,8.02,2125.0,1137.0,988.0,13059.0,11.0,11.0,11.0,11.13,3099.0,880.0,2219.0,16158.0,23.0,23.0,25.0,10.37,,,,,,,,,,,,,,,,,,,,,,,,,
ee8e5422-d159-4dbd-8d13-19bc0c61e19f,2025-12-13 11:16:51 UTC,False,18302.0,CFOP,Gan 12 UI Maglev,RandomForest,8246.0,18302.0,,,gan12,custom_rules,,,,8.0,0.0,0.0,18302.0,80.0,82.0,91.0,4.37,7763.0,10539.0,2093.0,0.0,2093.0,2093.0,7.0,7.0,7.0,3.34,2610.0,2095.0,515.0,4703.0,8.0,8.0,9.0,15.53,4579.0,1261.0,3318.0,9282.0,18.0,18.0,20.0,5.42,1852.0,1070.0,782.0,11134.0,8.0,8.0,9.0,10.23,2978.0,1630.0,1348.0,14112.0,11.0,13.0,14.0,8.16,1628.0,757.0,871.0,15740.0,10.0,10.0,13.0,11.48,2562.0,950.0,1612.0,18302.0,18.0,18.0,19.0,11.17,,,,,,,,,,,,,,,,,,,,,,,,,
ae3ec0c7-79a5-4ea7-8928-51f46c37327a,2025-12-13 11:17:42 UTC,False,16587.0,CFOP,Gan 12 UI Maglev,RandomForest,26767.0,16587.0,,,gan12,custom_rules,,,,8.0,0.0,0.0,16587.0,76.0,82.0,91.0,4.58,5256.0,11331.0,5883.0,0.0,5883.0,5883.0,28.0,30.0,33.0,4.76,0.0,0.0,0.0,5883.0,0.0,0.0,0.0,0.0,0.0,0.0,0.0,5883.0,0.0,0.0,0.0,0.0,3574.0,2151.0,1423.0,9457.0,8.0,8.0,9.0,5.62,1752.0,901.0,851.0,11209.0,12.0,12.0,12.0,14.1,2343.0,1159.0,1184.0,13552.0,12.0,14.0,15.0,10.14,3035.0,1045.0,1990.0,16587.0,16.0,18.0,22.0,8.04,,,,,,,,,,,,,,,,,,,,,,,,,
73ae3289-f578-4a2b-bffc-b7ff3d7912a3,2025-12-13 11:18:19 UTC,False,17606.0,CFOP,Gan 12 UI Maglev,RandomForest,11129.0,17606.0,,,gan12,custom_rules,,,,8.0,0.0,0.0,17606.0,67.0,68.0,79.0,3.81,7273.0,10219.0,1590.0,0.0,1590.0,1704.0,8.0,8.0,10.0,5.03,5595.0,1610.0,3985.0,7299.0,12.0,12.0,12.0,3.01,1277.0,204.0,1073.0,8576.0,7.0,7.0,8.0,6.52,1427.0,1185.0,242.0,10003.0,4.0,4.0,5.0,16.53,2629.0,1855.0,774.0,12632.0,9.0,9.0,10.0,11.63,2149.0,1170.0,979.0,14781.0,11.0,11.0,14.0,11.24,2825.0,1249.0,1576.0,17606.0,17.0,17.0,20.0,10.79,,,,,,,,,,,,,,,,,,,,,,,,,
40df1410-fc61-40c4-8f8c-957690193d99,2025-12-13 11:18:57 UTC,False,18653.0,CFOP,Gan 12 UI Maglev,RandomForest,8880.0,18653.0,,,gan12,custom_rules,,,,8.0,0.0,0.0,18653.0,77.0,78.0,92.0,4.13,6843.0,11810.0,3318.0,0.0,3318.0,3318.0,10.0,10.0,13.0,3.01,1976.0,523.0,1453.0,5294.0,10.0,10.0,11.0,6.88,2072.0,1315.0,757.0,7366.0,9.0,9.0,10.0,11.89,3977.0,1844.0,2133.0,11343.0,12.0,12.0,15.0,5.63,1942.0,1185.0,757.0,13285.0,9.0,9.0,9.0,11.89,2561.0,986.0,1575.0,15846.0,11.0,11.0,11.0,6.98,2807.0,990.0,1817.0,18653.0,17.0,18.0,23.0,9.36,,,,,,,,,,,,,,,,,,,,,,,,,
ca634e47-1398-4ba1-8c56-5f854088ded5,2025-12-13 11:19:28 UTC,False,16521.0,CFOP,Gan 12 UI Maglev,RandomForest,3884.0,16521.0,,,gan12,custom_rules,,,,8.0,0.0,0.0,16521.0,70.0,75.0,88.0,4.24,7847.0,8674.0,1425.0,0.0,1425.0,1425.0,6.0,7.0,7.0,4.21,2923.0,1611.0,1312.0,4348.0,11.0,11.0,12.0,8.38,1994.0,1462.0,532.0,6342.0,6.0,6.0,7.0,11.28,3806.0,1837.0,1969.0,10148.0,12.0,12.0,16.0,6.09,1854.0,1184.0,670.0,12002.0,9.0,9.0,10.0,13.43,2547.0,848.0,1699.0,14549.0,17.0,17.0,17.0,10.01,1972.0,905.0,1067.0,16521.0,9.0,13.0,19.0,8.43,,,,,,,,,,,,,,,,,,,,,,,,,
d5efa367-5d33-4a7b-83a3-2b293439285d,2025-12-13 11:20:02 UTC,False,17243.0,CFOP,Gan 12 UI Maglev,RandomForest,5847.0,17243.0,,,gan12,custom_rules,,,,8.0,0.0,0.0,17243.0,53.0,55.0,61.0,3.07,8731.0,8512.0,1386.0,0.0,1386.0,1386.0,6.0,7.0,7.0,4.33,3728.0,1357.0,2371.0,5114.0,8.0,8.0,8.0,3.37,4206.0,2817.0,1389.0,9320.0,8.0,8.0,8.0,5.76,822.0,371.0,451.0,10142.0,5.0,6.0,6.0,11.09,2160.0,1023.0,1137.0,12302.0,8.0,8.0,8.0,7.04,1555.0,942.0,613.0,13857.0,9.0,9.0,10.0,14.68,3386.0,2221.0,1165.0,17243.0,10.0,10.0,14.0,8.58,,,,,,,,,,,,,,,,,,,,,,,,,
020e39dd-d12a-45ff-bc14-4592adf04956,2025-12-13 11:20:33 UTC,False,15632.0,CFOP,Gan 12 UI Maglev,RandomForest,6433.0,15632.0,,,gan12,custom_rules,,,,8.0,0.0,0.0,15632.0,69.0,71.0,76.0,4.41,6519.0,9113.0,1281.0,0.0,1281.0,1281.0,7.0,7.0,7.0,5.46,2640.0,1786.0,854.0,3921.0,9.0,9.0,10.0,10.54,1798.0,911.0,887.0,5719.0,7.0,7.0,7.0,7.89,1356.0,712.0,644.0,7075.0,8.0,8.0,9.0,12.42,3533.0,781.0,2752.0,10608.0,12.0,12.0,13.0,4.36,2431.0,1424.0,1007.0,13039.0,11.0,11.0,11.0,10.92,2593.0,905.0,1688.0,15632.0,15.0,17.0,19.0,8.89,,,,,,,,,,,,,,,,,,,,,,,,,
dbed9f58-3e49-4e92-af9a-905124356aed,2025-12-13 11:21:10 UTC,False,17297.0,CFOP,Gan 12 UI Maglev,RandomForest,9617.0,17297.0,,,gan12,custom_rules,,,,8.0,0.0,0.0,17297.0,59.0,59.0,67.0,3.41,7829.0,9468.0,3300.0,0.0,3300.0,3300.0,9.0,9.0,9.0,2.73,1600.0,822.0,778.0,4900.0,8.0,8.0,9.0,10.28,1615.0,612.0,1003.0,6515.0,8.0,8.0,8.0,7.98,1273.0,661.0,612.0,7788.0,7.0,7.0,7.0,11.44,3223.0,2382.0,841.0,11011.0,9.0,9.0,10.0,10.7,2315.0,1606.0,709.0,13326.0,7.0,7.0,7.0,9.87,3971.0,1746.0,2225.0,17297.0,11.0,11.0,17.0,4.94,,,,,,,,,,,,,,,,,,,,,,,,,
9235fb2b-db73-415f-b627-4fc1ae476752,2025-12-13 11:21:37 UTC,False,12432.0,CFOP,Gan 12 UI Maglev,RandomForest,5079.0,12432.0,,,gan12,custom_rules,,,,8.0,0.0,0.0,12432.0,49.0,51.0,58.0,3.94,4908.0,7242.0,1055.0,0.0,1055.0,1337.0,6.0,7.0,9.0,5.69,2714.0,760.0,1954.0,4051.0,9.0,10.0,11.0,4.61,1047.0,314.0,733.0,5098.0,7.0,7.0,7.0,9.55,2294.0,1423.0,871.0,7392.0,8.0,8.0,9.0,9.18,1736.0,918.0,818.0,9128.0,8.0,8.0,8.0,9.78,0.0,0.0,0.0,9128.0,0.0,0.0,0.0,0.0,3304.0,1493.0,1811.0,12432.0,11.0,11.0,14.0,6.07,,,,,,,,,,,,,,,,,,,,,,,,,
2d86f9c6-c0dc-485d-8c7d-6298c20dbe65,2025-12-13 11:22:13 UTC,False,19207.0,CFOP,Gan 12 UI Maglev,RandomForest,7231.0,19207.0,,,gan12,custom_rules,,,,8.0,0.0,0.0,19207.0,70.0,73.0,79.0,3.64,5363.0,13844.0,6507.0,0.0,6507.0,6507.0,14.0,14.0,16.0,2.15,1629.0,880.0,749.0,8136.0,7.0,7.0,7.0,9.35,2214.0,1021.0,1193.0,10350.0,8.0,8.0,8.0,6.71,2026.0,652.0,1374.0,12376.0,8.0,8.0,9.0,5.82,1587.0,644.0,943.0,13963.0,7.0,7.0,8.0,7.42,2598.0,1168.0,1430.0,16561.0,11.0,13.0,13.0,7.69,2646.0,998.0,1648.0,19207.0,15.0,16.0,18.0,9.1,,,,,,,,,,,,,,,,,,,,,,,,,
faacad53-f30b-469e-a3de-95392a0811c7,2025-12-13 11:22:41 UTC,False,15953.0,CFOP,Gan 12 UI Maglev,RandomForest,2729.0,15953.0,,,gan12,custom_rules,,,,8.0,0.0,0.0,15953.0,61.0,61.0,72.0,3.82,5349.0,10604.0,2349.0,0.0,2349.0,2349.0,8.0,8.0,9.0,3.41,2323.0,741.0,1582.0,4672.0,8.0,8.0,9.0,5.06,2023.0,1072.0,951.0,6695.0,8.0,8.0,10.0,8.41,1278.0,669.0,609.0,7973.0,6.0,6.0,8.0,9.85,3220.0,113.0,3107.0,11193.0,12.0,12.0,13.0,3.86,1785.0,1136.0,649.0,12978.0,9.0,9.0,9.0,13.87,2975.0,1618.0,1357.0,15953.0,11.0,11.0,14.0,8.11,,,,,,,,,,,,,,,,,,,,,,,,,
6cfa679b-7735-4dd4-9bec-f9379cc2925c,2025-12-13 11:23:06 UTC,False,12614.0,CFOP,Gan 12 UI Maglev,RandomForest,3517.0,12614.0,,,gan12,custom_rules,,,,8.0,0.0,0.0,12614.0,55.0,61.0,73.0,4.36,5483.0,7131.0,1023.0,0.0,1023.0,1023.0,5.0,5.0,6.0,4.89,2143.0,1475.0,668.0,3166.0,8.0,8.0,10.0,11.98,1428.0,799.0,629.0,4594.0,6.0,7.0,7.0,9.54,1837.0,500.0,1337.0,6431.0,11.0,11.0,11.0,8.23,1854.0,847.0,1007.0,8285.0,7.0,7.0,7.0,6.95,1512.0,899.0,613.0,9797.0,7.0,7.0,7.0,11.42,2817.0,963.0,1854.0,12614.0,11.0,16.0,25.0,5.93,,,,,,,,,,,,,,,,,,,,,,,,,
b8786ab7-3cf0-4e08-88b9-3b9fa18c4625,2025-12-13 11:23:52 UTC,False,23629.0,CFOP,Gan 12 UI Maglev,RandomForest,10632.0,23629.0,,,gan12,custom_rules,,,,8.0,0.0,0.0,23629.0,59.0,59.0,68.0,2.5,7821.0,15380.0,10388.0,0.0,10388.0,10816.0,10.0,10.0,12.0,0.96,2695.0,2010.0,685.0,13511.0,5.0,5.0,6.0,7.3,1613.0,727.0,886.0,15124.0,8.0,8.0,8.0,9.03,2259.0,1244.0,1015.0,17383.0,8.0,8.0,9.0,7.88,2196.0,1770.0,426.0,19579.0,9.0,9.0,10.0,21.13,1400.0,733.0,667.0,20979.0,8.0,8.0,9.0,11.99,2650.0,1337.0,1313.0,23629.0,11.0,11.0,14.0,8.38,,,,,,,,,,,,,,,,,,,,,,,,,
251c4911-2c6d-435d-82a1-fe5b3ea2bc90,2025-12-13 11:33:49 UTC,False,17113.0,CFOP,Gan 12 UI Maglev,RandomForest,5128.0,17113.0,,,gan12,custom_rules,,,,8.0,0.0,0.0,17113.0,69.0,76.0,89.0,4.03,7395.0,9718.0,1632.0,0.0,1632.0,1632.0,9.0,9.0,11.0,5.51,1031.0,773.0,258.0,2663.0,4.0,4.0,4.0,15.5,2294.0,1667.0,627.0,4957.0,8.0,8.0,10.0,12.76,1403.0,1169.0,234.0,6360.0,4.0,4.0,5.0,17.09,2055.0,975.0,1080.0,8415.0,8.0,8.0,8.0,7.41,2282.0,1236.0,1046.0,10697.0,12.0,14.0,15.0,11.47,6416.0,1575.0,4841.0,17113.0,24.0,29.0,36.0,4.96,,,,,,,,,,,,,,,,,,,,,,,,,
d05d2de1-1589-43e9-b161-2624a082c46b,2025-12-13 11:34:23 UTC,False,16942.0,CFOP,Gan 12 UI Maglev,RandomForest,6529.0,16942.0,,,gan12,custom_rules,,,,8.0,0.0,0.0,16942.0,75.0,77.0,85.0,4.43,6631.0,10311.0,2614.0,0.0,2614.0,2614.0,11.0,11.0,11.0,4.21,1909.0,1723.0,186.0,4523.0,4.0,4.0,4.0,21.51,1979.0,740.0,1239.0,6502.0,8.0,8.0,9.0,6.46,1528.0,634.0,894.0,8030.0,8.0,8.0,8.0,8.95,1376.0,756.0,620.0,9406.0,8.0,8.0,10.0,12.9,2279.0,917.0,1362.0,11685.0,13.0,13.0,15.0,9.54,5257.0,1861.0,3396.0,16942.0,23.0,25.0,28.0,6.77,,,,,,,,,,,,,,,,,,,,,,,,,
83695b3a-771f-45f0-8d1c-ca58367d8162,2025-12-13 11:35:32 UTC,False,11581.0,CFOP,Gan 12 UI Maglev,RandomForest,11128.0,11581.0,,,gan12,custom_rules,,,,8.0,0.0,0.0,11581.0,53.0,58.0,75.0,4.58,3791.0,7718.0,1476.0,0.0,1476.0,1548.0,5.0,6.0,8.0,3.39,1572.0,459.0,1113.0,3120.0,7.0,7.0,7.0,6.29,1582.0,596.0,986.0,4702.0,7.0,7.0,8.0,7.1,1880.0,410.0,1470.0,6582.0,8.0,8.0,10.0,5.44,869.0,225.0,644.0,7451.0,7.0,7.0,9.0,10.87,1987.0,1022.0,965.0,9438.0,10.0,10.0,14.0,10.36,2143.0,1079.0,1064.0,11581.0,9.0,13.0,19.0,8.46,,,,,,,,,,,,,,,,,,,,,,,,,
70644a99-858c-4c52-8d00-c639790c36f1,2025-12-13 11:36:01 UTC,False,14466.0,CFOP,Gan 12 UI Maglev,RandomForest,4646.0,14466.0,,,gan12,custom_rules,,,,8.0,0.0,0.0,14466.0,74.0,74.0,82.0,5.12,5211.0,9223.0,1169.0,0.0,1169.0,1201.0,6.0,6.0,8.0,5.13,1302.0,391.0,911.0,2503.0,7.0,7.0,7.0,7.68,2257.0,788.0,1469.0,4760.0,11.0,11.0,11.0,7.49,3303.0,1104.0,2199.0,8063.0,16.0,16.0,18.0,7.28,2115.0,930.0,1185.0,10178.0,8.0,8.0,9.0,6.75,1719.0,857.0,862.0,11897.0,11.0,11.0,12.0,12.76,2569.0,1141.0,1428.0,14466.0,15.0,15.0,17.0,10.5,,,,,,,,,,,,,,,,,,,,,,,,,
bc83436f-32dc-43b7-b437-679dadbb9d19,2025-12-13 11:37:20 UTC,False,19489.0,CFOP,Gan 12 UI Maglev,RandomForest,20649.0,19489.0,,,gan12,custom_rules,,,,8.0,0.0,0.0,19489.0,84.0,86.0,96.0,4.31,7522.0,11967.0,1543.0,0.0,1543.0,1543.0,6.0,6.0,6.0,3.89,4530.0,926.0,3604.0,6073.0,20.0,20.0,24.0,5.55,3219.0,1402.0,1817.0,9292.0,9.0,9.0,11.0,4.95,1287.0,1030.0,257.0,10579.0,4.0,4.0,4.0,15.56,2053.0,1273.0,780.0,12632.0,8.0,8.0,10.0,10.26,3710.0,1110.0,2600.0,16342.0,19.0,21.0,22.0,7.31,3147.0,1781.0,1366.0,19489.0,18.0,18.0,19.0,13.18,,,,,,,,,,,,,,,,,,,,,,,,,
264726a2-91b6-4797-9a9a-1430b941ebac,2025-12-13 11:38:04 UTC,False,21856.0,CFOP,Gan 12 UI Maglev,RandomForest,12179.0,21856.0,,,gan12,custom_rules,,,,8.0,0.0,0.0,21856.0,68.0,72.0,84.0,3.11,10552.0,11304.0,2921.0,0.0,2921.0,2921.0,7.0,8.0,9.0,2.4,4224.0,2795.0,1429.0,7145.0,9.0,9.0,10.0,6.3,2449.0,1120.0,1329.0,9594.0,9.0,10.0,10.0,6.77,2606.0,1576.0,1030.0,12200.0,8.0,8.0,10.0,7.77,3027.0,2269.0,758.0,15227.0,9.0,9.0,11.0,11.87,1690.0,707.0,983.0,16917.0,10.0,10.0,13.0,10.17,4939.0,2085.0,2854.0,21856.0,16.0,18.0,21.0,5.61,,,,,,,,,,,,,,,,,,,,,,,,,
a659a7f2-efb2-4979-8b49-9cd39d217aa2,2025-12-13 11:38:44 UTC,False,18685.0,CFOP,Gan 12 UI Maglev,RandomForest,13228.0,18685.0,,,gan12,custom_rules,,,,8.0,0.0,0.0,18685.0,72.0,73.0,82.0,3.85,5444.0,13241.0,4767.0,0.0,4767.0,4767.0,10.0,10.0,12.0,2.1,3646.0,740.0,2906.0,8413.0,16.0,17.0,19.0,5.51,2555.0,1049.0,1506.0,10968.0,7.0,7.0,9.0,4.65,1964.0,1040.0,924.0,12932.0,8.0,8.0,8.0,8.66,1137.0,822.0,315.0,14069.0,4.0,4.0,5.0,12.7,2139.0,905.0,1234.0,16208.0,12.0,12.0,13.0,9.72,2477.0,888.0,1589.0,18685.0,15.0,15.0,16.0,9.44,,,,,,,,,,,,,,,,,,,,,,,,,
38ecbb1c-821c-4332-ae25-1fb11e12cd4b,2025-12-13 11:39:13 UTC,False,11085.0,CFOP,Gan 12 UI Maglev,RandomForest,7386.0,11085.0,,,gan12,custom_rules,,,,8.0,0.0,0.0,11085.0,55.0,55.0,64.0,4.96,4884.0,6137.0,765.0,0.0,765.0,829.0,5.0,5.0,6.0,6.54,1456.0,572.0,884.0,2285.0,7.0,7.0,7.0,7.92,2006.0,1208.0,798.0,4291.0,8.0,8.0,9.0,10.03,1653.0,420.0,1233.0,5944.0,6.0,6.0,7.0,4.87,737.0,560.0,177.0,6681.0,4.0,4.0,4.0,22.6,2118.0,999.0,1119.0,8799.0,11.0,11.0,14.0,9.83,2286.0,1125.0,1161.0,11085.0,15.0,15.0,17.0,12.92,,,,,,,,,,,,,,,,,,,,,,,,,
84e1bcc8-7bd0-4dd3-be3c-93185cc330b6,2025-12-13 11:39:50 UTC,False,15623.0,CFOP,Gan 12 UI Maglev,RandomForest,12311.0,15623.0,,,gan12,custom_rules,,,,8.0,0.0,0.0,15623.0,68.0,71.0,78.0,4.35,5418.0,10045.0,4859.0,0.0,4859.0,5019.0,17.0,19.0,21.0,3.5,0.0,0.0,0.0,5019.0,0.0,0.0,0.0,0.0,2291.0,1075.0,1216.0,7310.0,9.0,9.0,9.0,7.4,1728.0,736.0,992.0,9038.0,8.0,8.0,9.0,8.06,2017.0,1328.0,689.0,11055.0,8.0,8.0,10.0,11.61,2751.0,1547.0,1204.0,13806.0,11.0,12.0,13.0,9.14,1817.0,732.0,1085.0,15623.0,15.0,15.0,16.0,13.82,,,,,,,,,,,,,,,,,,,,,,,,,
a5fd7f76-39b2-46af-9ddf-ce7380a8deb6,2025-12-13 11:40:29 UTC,False,25733.0,CFOP,Gan 12 UI Maglev,RandomForest,4618.0,25733.0,,,gan12,custom_rules,,,,8.0,0.0,0.0,25733.0,82.0,83.0,97.0,3.19,9202.0,16531.0,4743.0,0.0,4743.0,4743.0,9.0,9.0,13.0,1.9,2381.0,994.0,1387.0,7124.0,7.0,7.0,10.0,5.05,6385.0,1205.0,5180.0,13509.0,15.0,15.0,16.0,2.9,5371.0,4404.0,967.0,18880.0,8.0,8.0,10.0,8.27,2794.0,795.0,1999.0,21674.0,12.0,13.0,15.0,6.0,2422.0,1127.0,1295.0,24096.0,17.0,17.0,18.0,13.13,1637.0,677.0,960.0,25733.0,14.0,14.0,15.0,14.58,,,,,,,,,,,,,,,,,,,,,,,,,
411ff96f-a533-444a-9fd4-6ae3cb41598a,2025-12-13 11:41:39 UTC,False,20194.0,CFOP,Gan 12 UI Maglev,RandomForest,41318.0,20194.0,,,gan12,custom_rules,,,,8.0,0.0,0.0,20194.0,81.0,84.0,95.0,4.01,6928.0,13266.0,813.0,0.0,813.0,813.0,4.0,5.0,5.0,4.92,3302.0,548.0,2754.0,4115.0,10.0,10.0,11.0,3.63,3358.0,2294.0,1064.0,7473.0,8.0,8.0,9.0,7.52,1674.0,731.0,943.0,9147.0,8.0,8.0,10.0,8.48,2341.0,677.0,1664.0,11488.0,13.0,13.0,15.0,7.81,4993.0,1096.0,3897.0,16481.0,20.0,20.0,22.0,5.13,3713.0,1582.0,2131.0,20194.0,18.0,20.0,23.0,8.45,,,,,,,,,,,,,,,,,,,,,,,,,
52b62ae6-d2ff-4150-beba-674c0d460cbc,2025-12-13 11:43:41 UTC,False,16146.0,CFOP,Gan 12 UI Maglev,RandomForest,41379.0,16146.0,,,gan12,custom_rules,,,,8.0,0.0,0.0,16146.0,59.0,59.0,73.0,3.65,7667.0,8431.0,1482.0,0.0,1482.0,1530.0,5.0,5.0,8.0,3.37,1957.0,805.0,1152.0,3487.0,7.0,7.0,8.0,6.08,1489.0,846.0,643.0,4976.0,8.0,8.0,8.0,12.44,2764.0,1531.0,1233.0,7740.0,7.0,7.0,8.0,5.68,2378.0,1741.0,637.0,10118.0,8.0,8.0,10.0,12.56,2279.0,1522.0,757.0,12397.0,8.0,8.0,11.0,10.57,3749.0,1222.0,2527.0,16146.0,16.0,16.0,20.0,6.33,,,,,,,,,,,,,,,,,,,,,,,,,
0b320fac-1a57-4540-b512-33c3076c6bd5,2025-12-13 11:46:06 UTC,False,14393.0,CFOP,Gan 12 UI Maglev,RandomForest,37176.0,14393.0,,,gan12,custom_rules,,,,8.0,0.0,0.0,14393.0,66.0,69.0,75.0,4.59,6260.0,8133.0,1249.0,0.0,1249.0,1249.0,5.0,5.0,5.0,4.0,1044.0,258.0,786.0,2293.0,5.0,6.0,7.0,6.36,2736.0,918.0,1818.0,5029.0,11.0,12.0,12.0,6.05,3465.0,2208.0,1257.0,8494.0,8.0,8.0,9.0,6.36,964.0,376.0,588.0,9458.0,9.0,9.0,9.0,15.31,2163.0,1188.0,975.0,11621.0,12.0,12.0,14.0,12.31,2772.0,1312.0,1460.0,14393.0,16.0,17.0,19.0,10.96,,,,,,,,,,,,,,,,,,,,,,,,,
7915443f-b10a-4998-a023-f2874434a4a5,2025-12-13 11:46:48 UTC,False,25192.0,CFOP,Gan 12 UI Maglev,RandomForest,6523.0,25192.0,,,gan12,custom_rules,,,,8.0,0.0,0.0,25192.0,93.0,97.0,110.0,3.69,8987.0,16205.0,2979.0,0.0,2979.0,2979.0,8.0,8.0,9.0,2.69,6932.0,3800.0,3132.0,9911.0,18.0,18.0,22.0,5.75,1144.0,693.0,451.0,11055.0,8.0,8.0,8.0,17.74,2078.0,1546.0,532.0,13133.0,8.0,8.0,8.0,15.04,7454.0,1111.0,6343.0,20587.0,30.0,30.0,31.0,4.73,2005.0,894.0,1111.0,22592.0,12.0,12.0,13.0,10.8,2600.0,943.0,1657.0,25192.0,9.0,13.0,19.0,5.43,,,,,,,,,,,,,,,,,,,,,,,,,
df63359a-64ca-489e-a662-a75ecae4a28a,2025-12-13 11:47:27 UTC,False,21392.0,CFOP,Gan 12 UI Maglev,RandomForest,10265.0,21392.0,,,gan12,custom_rules,,,,8.0,0.0,0.0,21392.0,74.0,76.0,81.0,3.46,7572.0,13820.0,1912.0,0.0,1912.0,1912.0,5.0,6.0,6.0,2.62,4448.0,1944.0,2504.0,6360.0,8.0,9.0,9.0,3.19,6248.0,2203.0,4045.0,12608.0,16.0,16.0,17.0,3.96,2472.0,839.0,1633.0,15080.0,11.0,11.0,12.0,6.74,1794.0,870.0,924.0,16874.0,7.0,7.0,7.0,7.58,1716.0,709.0,1007.0,18590.0,9.0,9.0,12.0,8.94,2802.0,1007.0,1795.0,21392.0,18.0,18.0,18.0,10.03,,,,,,,,,,,,,,,,,,,,,,,,,
344ad3d9-9b22-40a6-b3db-113095f0277d,2025-12-13 11:48:21 UTC,False,17699.0,CFOP,Gan 12 UI Maglev,RandomForest,27822.0,17699.0,,,gan12,custom_rules,,,,8.0,0.0,0.0,17699.0,73.0,73.0,80.0,4.12,5929.0,11770.0,1989.0,0.0,1989.0,1989.0,7.0,7.0,8.0,3.52,3300.0,975.0,2325.0,5289.0,13.0,13.0,14.0,5.59,3966.0,708.0,3258.0,9255.0,12.0,12.0,12.0,3.68,1761.0,1164.0,597.0,11016.0,6.0,6.0,9.0,10.05,2238.0,1393.0,845.0,13254.0,10.0,10.0,10.0,11.83,2185.0,775.0,1410.0,15439.0,9.0,9.0,9.0,6.38,2260.0,914.0,1346.0,17699.0,16.0,16.0,18.0,11.89,,,,,,,,,,,,,,,,,,,,,,,,,
c9de1fa8-b21c-45c8-8f4e-73df3416445c,2025-12-13 11:49:00 UTC,False,21666.0,CFOP,Gan 12 UI Maglev,RandomForest,8681.0,21666.0,,,gan12,custom_rules,,,,8.0,0.0,0.0,21666.0,87.0,90.0,101.0,4.02,6253.0,15413.0,1920.0,0.0,1920.0,1920.0,7.0,7.0,9.0,3.65,2071.0,1137.0,934.0,3991.0,8.0,8.0,9.0,8.57,700.0,491.0,209.0,4691.0,4.0,4.0,5.0,19.14,2063.0,1313.0,750.0,6754.0,7.0,7.0,7.0,9.33,2181.0,948.0,1233.0,8935.0,11.0,11.0,11.0,8.92,10443.0,1550.0,8893.0,19378.0,37.0,39.0,44.0,4.16,2288.0,814.0,1474.0,21666.0,13.0,14.0,16.0,8.82,,,,,,,,,,,,,,,,,,,,,,,,,
046c499b-ce16-42c1-9b00-084f6a4b24d4,2025-12-13 11:49:32 UTC,False,18225.0,CFOP,Gan 12 UI Maglev,RandomForest,4600.0,18225.0,,,gan12,custom_rules,,,,8.0,0.0,0.0,18225.0,76.0,78.0,85.0,4.17,8164.0,10061.0,1915.0,0.0,1915.0,1915.0,8.0,8.0,8.0,4.18,3188.0,2769.0,419.0,5103.0,6.0,6.0,6.0,14.32,3775.0,758.0,3017.0,8878.0,13.0,14.0,17.0,4.31,1657.0,444.0,1213.0,10535.0,12.0,12.0,12.0,9.89,2199.0,894.0,1305.0,12734.0,9.0,9.0,11.0,6.9,2156.0,1319.0,837.0,14890.0,10.0,11.0,12.0,11.95,3335.0,1980.0,1355.0,18225.0,18.0,18.0,19.0,13.28,,,,,,,,,,,,,,,,,,,,,,,,,
08286d63-5424-46d6-b67c-1b72b43b291b,2025-12-13 11:50:09 UTC,False,16056.0,CFOP,Gan 12 UI Maglev,RandomForest,12476.0,16056.0,,,gan12,custom_rules,,,,8.0,0.0,0.0,16056.0,74.0,76.0,85.0,4.61,6481.0,9575.0,1918.0,0.0,1918.0,1918.0,8.0,8.0,8.0,4.17,2961.0,1672.0,1289.0,4879.0,12.0,12.0,15.0,9.31,1863.0,1098.0,765.0,6742.0,7.0,7.0,8.0,9.15,1911.0,501.0,1410.0,8653.0,9.0,9.0,10.0,6.38,3322.0,1433.0,1889.0,11975.0,12.0,12.0,13.0,6.35,1587.0,700.0,887.0,13562.0,11.0,11.0,12.0,12.4,2494.0,1077.0,1417.0,16056.0,15.0,17.0,19.0,10.59,,,,,,,,,,,,,,,,,,,,,,,,,
8ecd936d-7929-41b8-b462-8ecd74d46f0a,2025-12-13 11:50:45 UTC,False,14666.0,CFOP,Gan 12 UI Maglev,RandomForest,12378.0,14666.0,,,gan12,custom_rules,,,,8.0,0.0,0.0,14666.0,60.0,61.0,71.0,4.09,5972.0,8694.0,2010.0,0.0,2010.0,2010.0,7.0,7.0,8.0,3.48,1416.0,1142.0,274.0,3426.0,4.0,4.0,4.0,14.6,2215.0,1088.0,1127.0,5641.0,10.0,11.0,13.0,8.87,3679.0,642.0,3037.0,9320.0,16.0,16.0,18.0,5.27,814.0,459.0,355.0,10134.0,4.0,4.0,4.0,11.27,1319.0,741.0,578.0,11453.0,7.0,7.0,7.0,12.11,3213.0,1900.0,1313.0,14666.0,12.0,12.0,17.0,9.14,,,,,,,,,,,,,,,,,,,,,,,,,
39d57fcd-9ee1-434c-a824-daa7ea9fa933,2025-12-13 11:51:31 UTC,False,20898.0,CFOP,Gan 12 UI Maglev,RandomForest,11845.0,20898.0,,,gan12,custom_rules,,,,8.0,0.0,0.0,20898.0,77.0,78.0,87.0,3.68,7625.0,13273.0,1739.0,0.0,1739.0,1739.0,6.0,6.0,7.0,3.45,5943.0,1160.0,4783.0,7682.0,12.0,13.0,14.0,2.51,1956.0,1239.0,717.0,9638.0,8.0,8.0,9.0,11.16,1496.0,1166.0,330.0,11134.0,4.0,4.0,5.0,12.12,3433.0,1105.0,2328.0,14567.0,12.0,12.0,14.0,5.15,2529.0,1176.0,1353.0,17096.0,14.0,14.0,15.0,10.35,3802.0,1779.0,2023.0,20898.0,21.0,21.0,23.0,10.38,,,,,,,,,,,,,,,,,,,,,,,,,
71e2f9ef-e399-4497-8b25-e863f86032c2,2025-12-13 11:52:09 UTC,False,20400.0,CFOP,Gan 12 UI Maglev,RandomForest,8255.0,20400.0,,,gan12,custom_rules,,,,8.0,0.0,0.0,20400.0,68.0,69.0,83.0,3.33,8064.0,12336.0,4623.0,0.0,4623.0,4623.0,11.0,11.0,13.0,2.38,3505.0,2012.0,1493.0,8128.0,8.0,8.0,10.0,5.36,2281.0,822.0,1459.0,10409.0,8.0,8.0,9.0,5.48,2351.0,1981.0,370.0,12760.0,5.0,5.0,6.0,13.51,1056.0,484.0,572.0,13816.0,8.0,8.0,9.0,13.99,3931.0,1409.0,2522.0,17747.0,17.0,18.0,20.0,6.74,2653.0,1356.0,1297.0,20400.0,11.0,11.0,16.0,8.48,,,,,,,,,,,,,,,,,,,,,,,,,
79bfe66c-717b-4ba2-becc-3cdacfd88298,2025-12-13 11:52:41 UTC,False,13554.0,CFOP,Gan 12 UI Maglev,RandomForest,10400.0,13554.0,,,gan12,custom_rules,,,,8.0,0.0,0.0,13554.0,53.0,54.0,58.0,3.91,5616.0,7938.0,1810.0,0.0,1810.0,1810.0,8.0,8.0,8.0,4.42,0.0,0.0,0.0,1810.0,0.0,0.0,0.0,0.0,1956.0,1690.0,266.0,3766.0,4.0,4.0,4.0,15.04,1998.0,1080.0,918.0,5764.0,8.0,8.0,8.0,8.71,1591.0,717.0,874.0,7355.0,7.0,7.0,7.0,8.01,1415.0,734.0,681.0,8770.0,9.0,9.0,9.0,13.22,4784.0,1395.0,3389.0,13554.0,18.0,19.0,22.0,5.31,,,,,,,,,,,,,,,,,,,,,,,,,
b8a72b31-432a-4be8-aeab-fbd4c0502131,2025-12-13 11:53:17 UTC,False,20380.0,CFOP,Gan 12 UI Maglev,RandomForest,3524.0,20380.0,,,gan12,custom_rules,,,,8.0,0.0,0.0,20380.0,70.0,80.0,105.0,3.43,7702.0,12662.0,911.0,0.0,911.0,927.0,6.0,7.0,7.0,6.59,5188.0,3086.0,2102.0,6115.0,14.0,14.0,14.0,6.66,2365.0,1737.0,628.0,8480.0,6.0,6.0,9.0,9.55,4383.0,460.0,3923.0,12863.0,9.0,9.0,10.0,2.29,1488.0,814.0,674.0,14351.0,8.0,8.0,8.0,11.87,1945.0,839.0,1106.0,16296.0,10.0,10.0,15.0,9.04,4084.0,766.0,3318.0,20380.0,18.0,27.0,42.0,5.42,,,,,,,,,,,,,,,,,,,,,,,,,
8e9308b0-d09c-45e4-8884-79cc0f3732af,2025-12-13 11:53:55 UTC,False,14113.0,CFOP,Gan 12 UI Maglev,RandomForest,2420.0,14113.0,,,gan12,custom_rules,,,,8.0,0.0,0.0,14113.0,69.0,69.0,82.0,4.89,5829.0,8244.0,1217.0,0.0,1217.0,1257.0,6.0,6.0,7.0,4.93,1755.0,747.0,1008.0,3012.0,8.0,8.0,10.0,7.94,2648.0,1011.0,1637.0,5660.0,12.0,12.0,15.0,7.33,1371.0,1153.0,218.0,7031.0,4.0,4.0,4.0,18.35,2041.0,1048.0,993.0,9072.0,8.0,8.0,11.0,8.06,1811.0,900.0,911.0,10883.0,12.0,12.0,13.0,13.17,3230.0,970.0,2260.0,14113.0,19.0,19.0,22.0,8.41,,,,,,,,,,,,,,,,,,,,,,,,,
cefc583b-8415-49dc-9114-afb39d97278b,2025-12-13 11:54:25 UTC,False,10519.0,CFOP,Gan 12 UI Maglev,RandomForest,11672.0,10519.0,,,gan12,custom_rules,,,,8.0,0.0,0.0,10519.0,46.0,46.0,52.0,4.37,4049.0,6470.0,1015.0,0.0,1015.0,1015.0,5.0,5.0,7.0,4.93,3448.0,1295.0,2153.0,4463.0,10.0,10.0,12.0,4.64,1178.0,549.0,629.0,5641.0,8.0,8.0,9.0,12.72,1957.0,685.0,1272.0,7598.0,7.0,7.0,7.0,5.5,1465.0,917.0,548.0,9063.0,8.0,8.0,9.0,14.6,1456.0,603.0,853.0,10519.0,8.0,8.0,8.0,9.38,0.0,0.0,0.0,10519.0,0.0,0.0,0.0,0.0,,,,,,,,,,,,,,,,,,,,,,,,,
e4974203-f870-437e-819c-583856a506ca,2025-12-13 12:10:15 UTC,False,13781.0,CFOP,Gan 12 UI Maglev,RandomForest,31788.0,13781.0,,,gan12,custom_rules,,,,8.0,0.0,0.0,13781.0,67.0,69.0,74.0,4.86,4776.0,9005.0,1998.0,0.0,1998.0,1998.0,5.0,5.0,6.0,2.5,1964.0,540.0,1424.0,3962.0,8.0,8.0,8.0,5.62,1853.0,935.0,918.0,5815.0,9.0,9.0,9.0,9.8,2008.0,218.0,1790.0,7823.0,13.0,13.0,13.0,7.26,1183.0,539.0,644.0,9006.0,8.0,8.0,9.0,12.42,1474.0,685.0,789.0,10480.0,9.0,10.0,10.0,11.41,3301.0,1859.0,1442.0,13781.0,15.0,16.0,19.0,10.4,,,,,,,,,,,,,,,,,,,,,,,,,
61821c5e-7638-414d-825a-7ffe74a77df7,2025-12-13 12:11:05 UTC,False,21392.0,CFOP,Gan 12 UI Maglev,RandomForest,9487.0,21392.0,,,gan12,custom_rules,,,,8.0,0.0,0.0,21392.0,77.0,78.0,87.0,3.6,5968.0,15424.0,5460.0,0.0,5460.0,5460.0,17.0,17.0,18.0,3.11,0.0,0.0,0.0,5460.0,0.0,0.0,0.0,0.0,6328.0,1803.0,4525.0,11788.0,13.0,13.0,16.0,2.87,1733.0,717.0,1016.0,13521.0,8.0,8.0,9.0,7.87,1627.0,1192.0,435.0,15148.0,8.0,8.0,8.0,18.39,2772.0,1192.0,1580.0,17920.0,10.0,11.0,12.0,6.33,3472.0,1064.0,2408.0,21392.0,21.0,21.0,24.0,8.72,,,,,,,,,,,,,,,,,,,,,,,,,
7bcc42df-2622-4dde-bd32-d8520e0f21b1,2025-12-13 12:11:50 UTC,False,14274.0,CFOP,Gan 12 UI Maglev,RandomForest,21381.0,14274.0,,,gan12,custom_rules,,,,8.0,0.0,0.0,14274.0,66.0,68.0,79.0,4.62,4805.0,9469.0,2670.0,0.0,2670.0,2670.0,12.0,12.0,16.0,4.49,0.0,0.0,0.0,2670.0,0.0,0.0,0.0,0.0,3018.0,1218.0,1800.0,5688.0,7.0,7.0,9.0,3.89,2877.0,782.0,2095.0,8565.0,13.0,14.0,14.0,6.21,1023.0,492.0,531.0,9588.0,8.0,8.0,8.0,15.07,1600.0,1036.0,564.0,11188.0,8.0,8.0,9.0,14.18,3086.0,1277.0,1809.0,14274.0,18.0,19.0,23.0,9.95,,,,,,,,,,,,,,,,,,,,,,,,,
548da4f2-14c9-4fb2-a91f-be744ec6a648,2025-12-13 12:12:39 UTC,False,17881.0,CFOP,Gan 12 UI Maglev,RandomForest,21227.0,17881.0,,,gan12,custom_rules,,,,8.0,0.0,0.0,17881.0,69.0,70.0,82.0,3.86,7324.0,10557.0,2629.0,0.0,2629.0,2629.0,8.0,8.0,11.0,3.04,3235.0,2407.0,828.0,5864.0,10.0,10.0,12.0,12.08,3240.0,1992.0,1248.0,9104.0,8.0,8.0,10.0,6.41,3040.0,459.0,2581.0,12144.0,15.0,15.0,15.0,5.81,1780.0,813.0,967.0,13924.0,8.0,8.0,9.0,8.27,1319.0,683.0,636.0,15243.0,7.0,7.0,7.0,11.01,2638.0,970.0,1668.0,17881.0,14.0,15.0,18.0,8.39,,,,,,,,,,,,,,,,,,,,,,,,,
7b660a31-ccea-4fcf-ae50-62a54c0dd33f,2025-12-13 12:13:07 UTC,False,16496.0,CFOP,Gan 12 UI Maglev,RandomForest,3699.0,16496.0,,,gan12,custom_rules,,,,8.0,0.0,0.0,16496.0,70.0,75.0,89.0,4.24,6825.0,9478.0,991.0,0.0,991.0,1184.0,4.0,5.0,6.0,4.04,1967.0,695.0,1272.0,3151.0,8.0,8.0,10.0,6.29,1418.0,483.0,935.0,4569.0,9.0,10.0,11.0,9.63,3391.0,1124.0,2267.0,7960.0,13.0,14.0,14.0,5.73,2730.0,1278.0,1452.0,10690.0,9.0,9.0,12.0,6.2,2361.0,1377.0,984.0,13051.0,11.0,11.0,15.0,11.18,3445.0,1868.0,1577.0,16496.0,16.0,18.0,21.0,10.15,,,,,,,,,,,,,,,,,,,,,,,,,
b228affe-91ac-47ed-a9c3-e2ea29102687,2025-12-13 12:13:41 UTC,False,15912.0,CFOP,Gan 12 UI Maglev,RandomForest,7338.0,15912.0,,,gan12,custom_rules,,,,8.0,0.0,0.0,15912.0,76.0,78.0,84.0,4.78,4771.0,11141.0,2299.0,0.0,2299.0,2299.0,8.0,8.0,9.0,3.48,1939.0,1029.0,910.0,4238.0,8.0,8.0,8.0,8.79,1574.0,564.0,1010.0,5812.0,7.0,7.0,8.0,6.93,3947.0,459.0,3488.0,9759.0,18.0,19.0,21.0,5.16,1095.0,684.0,411.0,10854.0,5.0,5.0,5.0,12.17,2342.0,1085.0,1257.0,13196.0,13.0,14.0,15.0,10.34,2716.0,950.0,1766.0,15912.0,17.0,17.0,18.0,9.63,,,,,,,,,,,,,,,,,,,,,,,,,
64c46716-46f4-45d0-8cfb-55eb667a75b9,2025-12-13 12:14:11 UTC,False,16721.0,CFOP,Gan 12 UI Maglev,RandomForest,5930.0,16721.0,,,gan12,custom_rules,,,,8.0,0.0,0.0,16721.0,77.0,78.0,86.0,4.6,5651.0,11070.0,1161.0,0.0,1161.0,1161.0,6.0,6.0,6.0,5.17,2731.0,1174.0,1557.0,3892.0,10.0,10.0,11.0,6.42,1663.0,1015.0,648.0,5555.0,8.0,8.0,8.0,12.35,1618.0,983.0,635.0,7173.0,7.0,7.0,8.0,11.02,1931.0,1181.0,750.0,9104.0,8.0,8.0,8.0,10.67,1561.0,693.0,868.0,10665.0,9.0,9.0,9.0,10.37,6056.0,605.0,5451.0,16721.0,29.0,30.0,36.0,5.32,,,,,,,,,,,,,,,,,,,,,,,,,
9dc6f59d-d35f-478a-974d-fc0a7e2ae622,2025-12-13 12:14:54 UTC,False,25261.0,CFOP,Gan 12 UI Maglev,RandomForest,4661.0,25261.0,,,gan12,custom_rules,,,,8.0,0.0,0.0,25261.0,79.0,87.0,98.0,3.13,8067.0,17194.0,2192.0,0.0,2192.0,2192.0,8.0,8.0,9.0,3.65,2870.0,1390.0,1480.0,5062.0,9.0,10.0,10.0,6.08,1257.0,265.0,992.0,6319.0,8.0,9.0,9.0,8.06,4651.0,660.0,3991.0,10970.0,19.0,19.0,21.0,4.76,2778.0,2137.0,641.0,13748.0,5.0,5.0,6.0,7.8,2480.0,1740.0,740.0,16228.0,9.0,10.0,10.0,12.16,9033.0,1875.0,7158.0,25261.0,21.0,26.0,33.0,2.93,,,,,,,,,,,,,,,,,,,,,,,,,
f29960e9-486c-4e27-addb-0a685349a66c,2025-12-13 12:21:37 UTC,False,16657.0,CFOP,Gan 12 UI Maglev,RandomForest,7332.0,16657.0,,,gan12,custom_rules,,,,8.0,0.0,0.0,16657.0,74.0,76.0,81.0,4.44,5676.0,10868.0,1265.0,0.0,1265.0,1378.0,6.0,6.0,8.0,4.74,2941.0,1226.0,1715.0,4319.0,11.0,12.0,12.0,6.41,3538.0,1293.0,2245.0,7857.0,11.0,11.0,12.0,4.9,1722.0,298.0,1424.0,9579.0,7.0,8.0,8.0,4.92,1539.0,765.0,774.0,11118.0,7.0,7.0,8.0,9.04,2607.0,845.0,1762.0,13725.0,14.0,14.0,14.0,7.95,2932.0,1249.0,1683.0,16657.0,18.0,18.0,19.0,10.7,,,,,,,,,,,,,,,,,,,,,,,,,
9f1038d8-b91e-4ba9-86ed-60fe944f9852,2025-12-13 12:22:13 UTC,False,18540.0,CFOP,Gan 12 UI Maglev,RandomForest,8048.0,18540.0,,,gan12,custom_rules,,,,8.0,0.0,0.0,18540.0,75.0,78.0,85.0,4.05,3261.0,15279.0,2996.0,0.0,2996.0,2996.0,12.0,12.0,14.0,4.01,0.0,0.0,0.0,2996.0,0.0,0.0,0.0,0.0,5629.0,1288.0,4341.0,8625.0,18.0,19.0,19.0,4.15,3167.0,201.0,2966.0,11792.0,13.0,13.0,14.0,4.38,1441.0,104.0,1337.0,13233.0,6.0,6.0,7.0,4.49,2416.0,774.0,1642.0,15649.0,12.0,12.0,12.0,7.31,2891.0,894.0,1997.0,18540.0,15.0,17.0,19.0,7.51,,,,,,,,,,,,,,,,,,,,,,,,,
8c9b0bba-d24a-4953-b4aa-bcec2a3444c3,2025-12-13 12:22:44 UTC,False,13148.0,CFOP,Gan 12 UI Maglev,RandomForest,9279.0,13148.0,,,gan12,custom_rules,,,,8.0,0.0,0.0,13148.0,56.0,56.0,68.0,4.26,5456.0,7692.0,1159.0,0.0,1159.0,1159.0,7.0,7.0,8.0,6.04,894.0,676.0,218.0,2053.0,4.0,4.0,5.0,18.35,1213.0,893.0,320.0,3266.0,5.0,5.0,5.0,15.63,2961.0,813.0,2148.0,6227.0,9.0,9.0,12.0,4.19,1892.0,1046.0,846.0,8119.0,8.0,8.0,10.0,9.46,1579.0,652.0,927.0,9698.0,12.0,12.0,13.0,12.94,3450.0,1376.0,2074.0,13148.0,11.0,11.0,15.0,5.3,,,,,,,,,,,,,,,,,,,,,,,,,
d3926b47-85eb-4d1e-8b74-009a4e3a15f3,2025-12-13 12:23:22 UTC,False,20541.0,CFOP,Gan 12 UI Maglev,RandomForest,8224.0,20541.0,,,gan12,custom_rules,,,,8.0,0.0,0.0,20541.0,69.0,75.0,91.0,3.36,5294.0,15247.0,10536.0,0.0,10536.0,10536.0,30.0,32.0,37.0,2.85,0.0,0.0,0.0,10536.0,0.0,0.0,0.0,0.0,0.0,0.0,0.0,10536.0,0.0,0.0,0.0,0.0,2381.0,2139.0,242.0,12917.0,5.0,5.0,6.0,20.66,2680.0,1010.0,1670.0,15597.0,12.0,12.0,14.0,7.19,2597.0,991.0,1606.0,18194.0,13.0,13.0,14.0,8.09,2347.0,1154.0,1193.0,20541.0,9.0,13.0,20.0,7.54,,,,,,,,,,,,,,,,,,,,,,,,,
5d0fb6e3-1384-471f-ad59-b3308497442d,2025-12-13 12:24:13 UTC,False,19476.0,CFOP,Gan 12 UI Maglev,RandomForest,20770.0,19476.0,,,gan12,custom_rules,,,,8.0,0.0,0.0,19476.0,63.0,66.0,84.0,3.23,8147.0,11329.0,3734.0,0.0,3734.0,3734.0,7.0,8.0,10.0,1.87,2536.0,919.0,1617.0,6270.0,9.0,10.0,10.0,5.57,1814.0,1032.0,782.0,8084.0,8.0,8.0,9.0,10.23,3563.0,2691.0,872.0,11647.0,9.0,9.0,13.0,10.32,1773.0,1137.0,636.0,13420.0,8.0,8.0,9.0,12.58,2182.0,973.0,1209.0,15602.0,10.0,10.0,15.0,8.27,3874.0,1395.0,2479.0,19476.0,12.0,13.0,18.0,4.84,,,,,,,,,,,,,,,,,,,,,,,,,
212d707f-e081-4684-9996-c97635d12850,2025-12-13 12:24:45 UTC,False,15295.0,CFOP,Gan 12 UI Maglev,RandomForest,6128.0,15295.0,,,gan12,custom_rules,,,,8.0,0.0,0.0,15295.0,65.0,65.0,74.0,4.25,7202.0,8093.0,951.0,0.0,951.0,951.0,5.0,5.0,6.0,5.26,2371.0,842.0,1529.0,3322.0,7.0,7.0,7.0,4.58,1644.0,684.0,960.0,4966.0,7.0,7.0,9.0,7.29,2261.0,1450.0,811.0,7227.0,8.0,8.0,9.0,9.86,2615.0,1554.0,1061.0,9842.0,8.0,8.0,10.0,7.54,3366.0,1955.0,1411.0,13208.0,14.0,14.0,16.0,9.92,2087.0,717.0,1370.0,15295.0,16.0,16.0,17.0,11.68,,,,,,,,,,,,,,,,,,,,,,,,,
6d973df5-cd48-4407-9b4d-e90bd4875694,2025-12-13 12:25:17 UTC,False,13570.0,CFOP,Gan 12 UI Maglev,RandomForest,9465.0,13570.0,,,gan12,custom_rules,,,,8.0,0.0,0.0,13570.0,60.0,60.0,71.0,4.42,6466.0,7024.0,1240.0,0.0,1240.0,1320.0,6.0,6.0,8.0,4.84,2052.0,920.0,1132.0,3372.0,8.0,8.0,10.0,7.07,1330.0,758.0,572.0,4702.0,6.0,6.0,8.0,10.49,2802.0,1601.0,1201.0,7504.0,7.0,7.0,7.0,5.83,2316.0,1703.0,613.0,9820.0,8.0,8.0,9.0,13.05,1835.0,916.0,919.0,11655.0,10.0,10.0,13.0,10.88,1915.0,568.0,1347.0,13570.0,15.0,15.0,16.0,11.14,,,,,,,,,,,,,,,,,,,,,,,,,
0f5fa0e6-208f-46c5-9840-d87876766b37,2025-12-13 12:26:21 UTC,False,20327.0,CFOP,Gan 12 UI Maglev,RandomForest,7148.0,20327.0,,,gan12,custom_rules,,,,8.0,0.0,0.0,20327.0,79.0,79.0,87.0,3.89,9003.0,11324.0,879.0,0.0,879.0,879.0,5.0,5.0,5.0,5.69,3552.0,2353.0,1199.0,4431.0,13.0,13.0,14.0,10.84,1193.0,508.0,685.0,5624.0,6.0,6.0,7.0,8.76,5564.0,1754.0,3810.0,11188.0,11.0,11.0,12.0,2.89,3219.0,1914.0,1305.0,14407.0,14.0,14.0,14.0,10.73,2101.0,869.0,1232.0,16508.0,13.0,13.0,15.0,10.55,3819.0,1605.0,2214.0,20327.0,17.0,17.0,20.0,7.68,,,,,,,,,,,,,,,,,,,,,,,,,
e0aea67b-8c46-45fa-8834-803344fb5f2d,2025-12-13 12:26:49 UTC,False,15460.0,CFOP,Gan 12 UI Maglev,RandomForest,3456.0,15460.0,,,gan12,custom_rules,,,,8.0,0.0,0.0,15460.0,69.0,71.0,77.0,4.46,6322.0,9138.0,983.0,0.0,983.0,983.0,5.0,5.0,5.0,5.09,1964.0,459.0,1505.0,2947.0,9.0,9.0,10.0,5.98,2428.0,914.0,1514.0,5375.0,10.0,10.0,10.0,6.61,2433.0,427.0,2006.0,7808.0,13.0,13.0,14.0,6.48,2124.0,1721.0,403.0,9932.0,8.0,8.0,9.0,19.85,1802.0,677.0,1125.0,11734.0,10.0,10.0,10.0,8.89,3726.0,2124.0,1602.0,15460.0,15.0,17.0,19.0,9.36,,,,,,,,,,,,,,,,,,,,,,,,,
e312ee6c-f603-4fad-b31d-b5638d401754,2025-12-13 12:27:30 UTC,False,19065.0,CFOP,Gan 12 UI Maglev,RandomForest,11224.0,19065.0,,,gan12,custom_rules,,,,8.0,0.0,0.0,19065.0,71.0,71.0,82.0,3.72,4371.0,14694.0,8281.0,0.0,8281.0,8281.0,27.0,27.0,30.0,3.26,0.0,0.0,0.0,8281.0,0.0,0.0,0.0,0.0,0.0,0.0,0.0,8281.0,0.0,0.0,0.0,0.0,1949.0,951.0,998.0,10230.0,7.0,7.0,8.0,7.01,2214.0,1530.0,684.0,12444.0,8.0,8.0,9.0,11.7,2742.0,1093.0,1649.0,15186.0,13.0,13.0,16.0,7.88,3879.0,797.0,3082.0,19065.0,16.0,16.0,19.0,5.19,,,,,,,,,,,,,,,,,,,,,,,,,
8f32f5a4-08e3-41bc-8ad8-73149e7ed9c0,2025-12-13 12:28:29 UTC,False,33608.0,CFOP,Gan 12 UI Maglev,RandomForest,17547.0,33608.0,,,gan12,custom_rules,,,,8.0,0.0,0.0,33608.0,130.0,130.0,145.0,3.87,5805.0,27803.0,2104.0,0.0,2104.0,2104.0,6.0,6.0,7.0,2.85,6940.0,315.0,6625.0,9044.0,21.0,21.0,22.0,3.17,2951.0,1861.0,1090.0,11995.0,8.0,8.0,8.0,7.34,2124.0,999.0,1125.0,14119.0,8.0,8.0,8.0,7.11,1720.0,597.0,1123.0,15839.0,8.0,8.0,11.0,7.12,1385.0,717.0,668.0,17224.0,8.0,8.0,9.0,11.98,16384.0,1316.0,15068.0,33608.0,71.0,71.0,80.0,4.71,,,,,,,,,,,,,,,,,,,,,,,,,
7c70a1c6-d385-4a0b-b1ca-79e293e0e049,2025-12-13 12:29:11 UTC,False,19532.0,CFOP,Gan 12 UI Maglev,RandomForest,7143.0,19532.0,,,gan12,custom_rules,,,,8.0,0.0,0.0,19532.0,67.0,76.0,93.0,3.43,6134.0,13398.0,2347.0,0.0,2347.0,2347.0,8.0,8.0,9.0,3.41,2300.0,621.0,1679.0,4647.0,7.0,7.0,7.0,4.17,4687.0,1176.0,3511.0,9334.0,10.0,11.0,13.0,2.85,2884.0,1683.0,1201.0,12218.0,8.0,8.0,10.0,6.66,1176.0,644.0,532.0,13394.0,7.0,7.0,8.0,13.16,1956.0,870.0,1086.0,15350.0,12.0,12.0,13.0,11.05,4182.0,1140.0,3042.0,19532.0,15.0,23.0,33.0,4.93,,,,,,,,,,,,,,,,,,,,,,,,,
e56d72c7-7f5c-43dc-bfc6-7c1cfa5fd6a2,2025-12-13 12:29:45 UTC,False,17542.0,CFOP,Gan 12 UI Maglev,RandomForest,5316.0,17542.0,,,gan12,custom_rules,,,,8.0,0.0,0.0,17542.0,67.0,68.0,77.0,3.82,6367.0,11175.0,2783.0,0.0,2783.0,2783.0,9.0,9.0,12.0,3.23,2021.0,382.0,1639.0,4804.0,8.0,8.0,9.0,4.88,3295.0,524.0,2771.0,8099.0,14.0,14.0,15.0,5.05,2316.0,1475.0,841.0,10415.0,7.0,7.0,7.0,8.32,2273.0,1708.0,565.0,12688.0,6.0,6.0,7.0,10.62,1657.0,786.0,871.0,14345.0,7.0,7.0,7.0,8.04,3197.0,1492.0,1705.0,17542.0,16.0,17.0,20.0,9.38,,,,,,,,,,,,,,,,,,,,,,,,,
99520c30-5a2d-4d73-a391-1d9d7d4a7730,2025-12-13 12:30:16 UTC,False,18052.0,CFOP,Gan 12 UI Maglev,RandomForest,5102.0,18052.0,,,gan12,custom_rules,,,,8.0,0.0,0.0,18052.0,71.0,72.0,84.0,3.93,6406.0,11646.0,2931.0,0.0,2931.0,2931.0,8.0,8.0,8.0,2.73,2383.0,1266.0,1117.0,5314.0,8.0,8.0,9.0,7.16,3600.0,121.0,3479.0,8914.0,15.0,15.0,17.0,4.31,2887.0,1946.0,941.0,11801.0,9.0,9.0,10.0,9.56,1981.0,1072.0,909.0,13782.0,12.0,12.0,14.0,13.2,1663.0,912.0,751.0,15445.0,10.0,11.0,12.0,13.32,2607.0,1089.0,1518.0,18052.0,10.0,10.0,14.0,6.59,,,,,,,,,,,,,,,,,,,,,,,,,
8802bfff-fd3a-41e0-83cb-7b1f564156f9,2025-12-13 12:30:50 UTC,False,19434.0,CFOP,Gan 12 UI Maglev,RandomForest,5283.0,19434.0,,,gan12,custom_rules,,,,8.0,0.0,0.0,19434.0,79.0,81.0,93.0,4.07,6656.0,12778.0,1016.0,0.0,1016.0,1016.0,5.0,5.0,6.0,4.92,3666.0,980.0,2686.0,4682.0,9.0,9.0,10.0,3.35,2745.0,96.0,2649.0,7427.0,12.0,13.0,13.0,4.53,2467.0,1387.0,1080.0,9894.0,8.0,8.0,9.0,7.41,1834.0,1214.0,620.0,11728.0,8.0,8.0,9.0,12.9,3203.0,1021.0,2182.0,14931.0,20.0,20.0,22.0,9.17,4503.0,1958.0,2545.0,19434.0,18.0,19.0,24.0,7.07,,,,,,,,,,,,,,,,,,,,,,,,,
5af5130a-e5af-48ed-924b-6d99537c88d7,2025-12-13 12:31:47 UTC,False,18657.0,CFOP,Gan 12 UI Maglev,RandomForest,28479.0,18657.0,,,gan12,custom_rules,,,,8.0,0.0,0.0,18657.0,58.0,63.0,73.0,3.11,5222.0,13435.0,4033.0,0.0,4033.0,4033.0,8.0,8.0,10.0,1.98,3703.0,354.0,3349.0,7736.0,11.0,11.0,11.0,3.28,3387.0,805.0,2582.0,11123.0,7.0,8.0,8.0,2.71,2328.0,1354.0,974.0,13451.0,8.0,8.0,9.0,8.21,1257.0,879.0,378.0,14708.0,4.0,4.0,4.0,10.58,1645.0,685.0,960.0,16353.0,12.0,12.0,13.0,12.5,2304.0,1145.0,1159.0,18657.0,8.0,12.0,18.0,6.9,,,,,,,,,,,,,,,,,,,,,,,,,
13f453df-1770-4c34-b232-62072341824a,2025-12-13 12:32:27 UTC,False,21517.0,CFOP,Gan 12 UI Maglev,RandomForest,7907.0,21517.0,,,gan12,custom_rules,,,,8.0,0.0,0.0,21517.0,71.0,74.0,82.0,3.3,10020.0,11497.0,1467.0,0.0,1467.0,1467.0,7.0,7.0,7.0,4.77,6028.0,1166.0,4862.0,7495.0,12.0,12.0,13.0,2.47,3653.0,3177.0,476.0,11148.0,9.0,9.0,10.0,18.91,2999.0,2161.0,838.0,14147.0,8.0,8.0,10.0,9.55,2172.0,786.0,1386.0,16319.0,8.0,8.0,9.0,5.77,2385.0,1390.0,995.0,18704.0,12.0,14.0,15.0,12.06,2813.0,1340.0,1473.0,21517.0,15.0,16.0,18.0,10.18,,,,,,,,,,,,,,,,,,,,,,,,,
5b4845b7-9143-4372-bfb3-ec14bca32076,2025-12-13 12:32:59 UTC,False,14591.0,CFOP,Gan 12 UI Maglev,RandomForest,5221.0,14591.0,,,gan12,custom_rules,,,,8.0,0.0,0.0,14591.0,57.0,62.0,78.0,3.91,6555.0,8036.0,1795.0,0.0,1795.0,1795.0,8.0,8.0,9.0,4.46,1758.0,1080.0,678.0,3553.0,5.0,5.0,7.0,7.37,2544.0,1207.0,1337.0,6097.0,8.0,8.0,10.0,5.98,2191.0,1531.0,660.0,8288.0,8.0,8.0,9.0,12.12,1272.0,604.0,668.0,9560.0,8.0,8.0,8.0,11.98,1750.0,761.0,989.0,11310.0,9.0,9.0,12.0,9.1,3281.0,1372.0,1909.0,14591.0,11.0,16.0,23.0,5.76,,,,,,,,,,,,,,,,,,,,,,,,,
2a80508e-fef9-4961-87f4-a35c31dcc7b4,2025-12-13 12:33:30 UTC,False,15710.0,CFOP,Gan 12 UI Maglev,RandomForest,4766.0,15710.0,,,gan12,custom_rules,,,,8.0,0.0,0.0,15710.0,72.0,76.0,84.0,4.58,4839.0,10871.0,2721.0,0.0,2721.0,2721.0,8.0,8.0,8.0,2.94,1874.0,1176.0,698.0,4595.0,5.0,6.0,6.0,7.16,2881.0,290.0,2591.0,7476.0,11.0,11.0,13.0,4.25,1823.0,684.0,1139.0,9299.0,10.0,11.0,12.0,8.78,1680.0,476.0,1204.0,10979.0,12.0,12.0,13.0,9.97,1610.0,878.0,732.0,12589.0,10.0,11.0,11.0,13.66,3121.0,1335.0,1786.0,15710.0,16.0,17.0,21.0,8.96,,,,,,,,,,,,,,,,,,,,,,,,,
f59e29e2-0a2d-41bb-b008-c44c751e7951,2025-12-13 12:34:02 UTC,False,18898.0,CFOP,Gan 12 UI Maglev,RandomForest,4030.0,18898.0,,,gan12,custom_rules,,,,8.0,0.0,0.0,18898.0,82.0,84.0,99.0,4.34,8141.0,10757.0,1152.0,0.0,1152.0,1152.0,6.0,6.0,7.0,5.21,1610.0,829.0,781.0,2762.0,7.0,7.0,7.0,8.96,2785.0,2044.0,741.0,5547.0,8.0,8.0,10.0,10.8,3703.0,1834.0,1869.0,9250.0,9.0,9.0,10.0,4.82,1490.0,596.0,894.0,10740.0,8.0,8.0,10.0,8.95,2697.0,1528.0,1169.0,13437.0,13.0,13.0,16.0,11.12,5461.0,1310.0,4151.0,18898.0,31.0,33.0,39.0,7.47,,,,,,,,,,,,,,,,,,,,,,,,,
9e7e6547-b38a-498f-a504-fbab97145a6b,2025-12-13 12:34:44 UTC,False,25922.0,CFOP,Gan 12 UI Maglev,RandomForest,7685.0,25922.0,,,gan12,custom_rules,,,,8.0,0.0,0.0,25922.0,80.0,80.0,87.0,3.09,6283.0,19639.0,11028.0,0.0,11028.0,11028.0,15.0,15.0,15.0,1.36,1588.0,919.0,669.0,12616.0,8.0,8.0,9.0,11.96,6438.0,2199.0,4239.0,19054.0,16.0,16.0,17.0,3.77,1093.0,843.0,250.0,20147.0,4.0,4.0,4.0,16.0,1377.0,362.0,1015.0,21524.0,11.0,11.0,11.0,10.84,1649.0,999.0,650.0,23173.0,9.0,9.0,10.0,13.85,2749.0,961.0,1788.0,25922.0,17.0,17.0,21.0,9.51,,,,,,,,,,,,,,,,,,,,,,,,,
7c2a1d5a-9983-42aa-8cf0-722709d1de9c,2025-12-13 12:35:20 UTC,False,19448.0,CFOP,Gan 12 UI Maglev,RandomForest,6849.0,19448.0,,,gan12,custom_rules,,,,8.0,0.0,0.0,19448.0,63.0,64.0,75.0,3.24,8911.0,10537.0,3017.0,0.0,3017.0,3017.0,7.0,7.0,11.0,2.32,4348.0,3058.0,1290.0,7365.0,8.0,9.0,10.0,6.2,2125.0,1625.0,500.0,9490.0,6.0,6.0,8.0,12.0,1985.0,785.0,1200.0,11475.0,7.0,7.0,8.0,5.83,1911.0,969.0,942.0,13386.0,11.0,11.0,12.0,11.68,1442.0,798.0,644.0,14828.0,6.0,6.0,6.0,9.32,4620.0,1676.0,2944.0,19448.0,18.0,18.0,20.0,6.11,,,,,,,,,,,,,,,,,,,,,,,,,
749342e5-87b3-49ea-9c03-f92c533c4773,2025-12-13 12:35:52 UTC,False,19578.0,CFOP,Gan 12 UI Maglev,RandomForest,3181.0,19578.0,,,gan12,custom_rules,,,,8.0,0.0,0.0,19578.0,81.0,82.0,88.0,4.14,6381.0,13197.0,1289.0,0.0,1289.0,1289.0,8.0,8.0,9.0,6.21,2857.0,1440.0,1417.0,4146.0,7.0,7.0,7.0,4.94,2482.0,57.0,2425.0,6628.0,10.0,10.0,10.0,4.12,5563.0,1540.0,4023.0,12191.0,14.0,14.0,15.0,3.48,1844.0,998.0,846.0,14035.0,7.0,7.0,7.0,8.27,2533.0,1000.0,1533.0,16568.0,18.0,18.0,19.0,11.74,3010.0,1346.0,1664.0,19578.0,17.0,18.0,21.0,10.22,,,,,,,,,,,,,,,,,,,,,,,,,
fc6942ff-56c5-4d75-8fbf-9285bbedaea3,2025-12-13 12:36:27 UTC,False,17662.0,CFOP,Gan 12 UI Maglev,RandomForest,9486.0,17662.0,,,gan12,custom_rules,,,,8.0,0.0,0.0,17662.0,73.0,75.0,82.0,4.13,7141.0,10521.0,3954.0,0.0,3954.0,3954.0,7.0,7.0,10.0,1.77,2286.0,1626.0,660.0,6240.0,8.0,8.0,9.0,12.12,2131.0,507.0,1624.0,8371.0,9.0,10.0,10.0,5.54,1273.0,1072.0,201.0,9644.0,5.0,5.0,5.0,24.88,2099.0,1431.0,668.0,11743.0,8.0,8.0,8.0,11.98,2187.0,941.0,1246.0,13930.0,17.0,17.0,17.0,13.64,3732.0,1564.0,2168.0,17662.0,19.0,20.0,23.0,8.76,,,,,,,,,,,,,,,,,,,,,,,,,
62479429-b8d8-4213-8f83-3c738b06220b,2025-12-13 12:36:55 UTC,False,13912.0,CFOP,Gan 12 UI Maglev,RandomForest,6126.0,13912.0,,,gan12,custom_rules,,,,8.0,0.0,0.0,13912.0,59.0,59.0,65.0,4.24,5686.0,8226.0,2139.0,0.0,2139.0,2139.0,7.0,7.0,7.0,3.27,741.0,556.0,185.0,2880.0,4.0,4.0,4.0,21.62,1688.0,584.0,1104.0,4568.0,7.0,7.0,9.0,6.34,1845.0,1104.0,741.0,6413.0,7.0,7.0,8.0,9.45,1666.0,1489.0,177.0,8079.0,4.0,4.0,5.0,22.6,3823.0,1047.0,2776.0,11902.0,16.0,16.0,17.0,5.76,2010.0,906.0,1104.0,13912.0,14.0,14.0,15.0,12.68,,,,,,,,,,,,,,,,,,,,,,,,,
a7ca564f-f43b-4f4d-bd53-6450d07b1484,2025-12-13 12:37:29 UTC,False,16528.0,CFOP,Gan 12 UI Maglev,RandomForest,7550.0,16528.0,,,gan12,custom_rules,,,,8.0,0.0,0.0,16528.0,63.0,63.0,72.0,3.81,8711.0,7817.0,1932.0,0.0,1932.0,1932.0,6.0,6.0,7.0,3.11,3023.0,1597.0,1426.0,4955.0,12.0,12.0,13.0,8.42,3573.0,2641.0,932.0,8528.0,11.0,11.0,12.0,11.8,1459.0,1226.0,233.0,9987.0,4.0,4.0,5.0,17.17,1322.0,548.0,774.0,11309.0,8.0,8.0,9.0,10.34,2713.0,1345.0,1368.0,14022.0,12.0,12.0,13.0,8.77,2506.0,1354.0,1152.0,16528.0,10.0,10.0,13.0,8.68,,,,,,,,,,,,,,,,,,,,,,,,,
65acd595-ed8b-4188-a041-763a65b8b62b,2025-12-13 12:38:00 UTC,False,17435.0,CFOP,Gan 12 UI Maglev,RandomForest,4012.0,17435.0,,,gan12,custom_rules,,,,8.0,0.0,0.0,17435.0,73.0,81.0,97.0,4.19,6019.0,11416.0,1450.0,0.0,1450.0,1450.0,7.0,7.0,8.0,4.83,1782.0,912.0,870.0,3232.0,8.0,8.0,10.0,9.2,1467.0,372.0,1095.0,4699.0,8.0,8.0,8.0,7.31,1779.0,675.0,1104.0,6478.0,8.0,8.0,9.0,7.25,1607.0,544.0,1063.0,8085.0,8.0,8.0,8.0,7.53,3576.0,2174.0,1402.0,11661.0,19.0,19.0,21.0,13.55,5774.0,1342.0,4432.0,17435.0,15.0,23.0,33.0,3.38,,,,,,,,,,,,,,,,,,,,,,,,,
32bf8312-82bf-4b09-89fb-0c1209bfdcb5,2025-12-13 12:38:39 UTC,False,18068.0,CFOP,Gan 12 UI Maglev,RandomForest,10825.0,18068.0,,,gan12,custom_rules,,,,8.0,0.0,0.0,18068.0,80.0,81.0,94.0,4.43,6031.0,12037.0,2157.0,0.0,2157.0,2157.0,7.0,7.0,9.0,3.25,2463.0,1387.0,1076.0,4620.0,10.0,11.0,13.0,9.29,3984.0,1081.0,2903.0,8604.0,16.0,16.0,19.0,5.51,1830.0,234.0,1596.0,10434.0,11.0,11.0,12.0,6.89,1967.0,1243.0,724.0,12401.0,8.0,8.0,9.0,11.05,2068.0,956.0,1112.0,14469.0,8.0,8.0,9.0,7.19,3599.0,1130.0,2469.0,18068.0,20.0,20.0,23.0,8.1,,,,,,,,,,,,,,,,,,,,,,,,,
11375676-5396-44d0-bb4f-5fb72bc8fb5f,2025-12-13 12:39:09 UTC,False,17345.0,CFOP,Gan 12 UI Maglev,RandomForest,4478.0,17345.0,,,gan12,custom_rules,,,,8.0,0.0,0.0,17345.0,91.0,94.0,97.0,5.25,4711.0,12569.0,2054.0,0.0,2054.0,2119.0,7.0,7.0,8.0,3.41,1566.0,821.0,745.0,3685.0,6.0,7.0,8.0,8.05,1332.0,241.0,1091.0,5017.0,8.0,9.0,9.0,7.33,2570.0,1095.0,1475.0,7587.0,15.0,15.0,15.0,10.17,1544.0,667.0,877.0,9131.0,13.0,13.0,13.0,14.82,5113.0,804.0,4309.0,14244.0,23.0,24.0,24.0,5.34,3101.0,1083.0,2018.0,17345.0,19.0,19.0,20.0,9.42,,,,,,,,,,,,,,,,,,,,,,,,,
7f90a13b-564c-4d13-a89d-999549f1f581,2025-12-13 12:39:49 UTC,False,15259.0,CFOP,Gan 12 UI Maglev,RandomForest,14232.0,15259.0,,,gan12,custom_rules,,,,8.0,0.0,0.0,15259.0,69.0,72.0,80.0,4.52,6062.0,9197.0,3127.0,0.0,3127.0,3127.0,11.0,11.0,14.0,3.52,0.0,0.0,0.0,3127.0,0.0,0.0,0.0,0.0,1745.0,886.0,859.0,4872.0,8.0,8.0,9.0,9.31,2314.0,1476.0,838.0,7186.0,6.0,7.0,8.0,7.16,2189.0,940.0,1249.0,9375.0,13.0,13.0,14.0,10.41,3015.0,1659.0,1356.0,12390.0,12.0,14.0,15.0,8.85,2869.0,1101.0,1768.0,15259.0,19.0,19.0,20.0,10.75,,,,,,,,,,,,,,,,,,,,,,,,,
4a2efdfb-d9df-4d1b-bc6c-100474fbb8d0,2025-12-13 12:40:31 UTC,False,20930.0,CFOP,Gan 12 UI Maglev,RandomForest,9541.0,20930.0,,,gan12,custom_rules,,,,8.0,0.0,0.0,20930.0,69.0,71.0,83.0,3.3,7252.0,13590.0,4177.0,0.0,4177.0,4265.0,9.0,9.0,15.0,2.15,2739.0,580.0,2159.0,7004.0,8.0,8.0,9.0,3.71,2046.0,1692.0,354.0,9050.0,3.0,3.0,3.0,8.47,5211.0,1625.0,3586.0,14261.0,13.0,13.0,14.0,3.63,1836.0,1233.0,603.0,16097.0,8.0,8.0,9.0,13.27,1593.0,620.0,973.0,17690.0,10.0,11.0,11.0,10.28,3240.0,1502.0,1738.0,20930.0,18.0,19.0,22.0,10.36,,,,,,,,,,,,,,,,,,,,,,,,,
ce15ec9e-e5a1-428d-a8d5-4cbd6723b1ef,2025-12-13 12:41:21 UTC,False,16191.0,CFOP,Gan 12 UI Maglev,RandomForest,22287.0,16191.0,,,gan12,custom_rules,,,,8.0,0.0,0.0,16191.0,63.0,64.0,76.0,3.89,7579.0,8612.0,2539.0,0.0,2539.0,2539.0,8.0,8.0,9.0,3.15,2507.0,1331.0,1176.0,5046.0,8.0,8.0,9.0,6.8,2375.0,1731.0,644.0,7421.0,5.0,5.0,6.0,7.76,1844.0,1006.0,838.0,9265.0,12.0,12.0,13.0,14.32,2471.0,1843.0,628.0,11736.0,7.0,7.0,7.0,11.15,2272.0,572.0,1700.0,14008.0,10.0,10.0,16.0,5.88,2183.0,1096.0,1087.0,16191.0,13.0,14.0,16.0,11.96,,,,,,,,,,,,,,,,,,,,,,,,,
e546a580-0495-4615-af16-6ac47782cbcb,2025-12-13 12:42:06 UTC,False,24708.0,CFOP,Gan 12 UI Maglev,RandomForest,11819.0,24708.0,,,gan12,custom_rules,,,,8.0,0.0,0.0,24708.0,85.0,88.0,97.0,3.44,7869.0,16839.0,4015.0,0.0,4015.0,4015.0,11.0,12.0,14.0,2.74,2283.0,999.0,1284.0,6298.0,8.0,9.0,10.0,6.23,3444.0,833.0,2611.0,9742.0,11.0,11.0,13.0,4.21,3621.0,2219.0,1402.0,13363.0,9.0,9.0,9.0,6.42,4313.0,337.0,3976.0,17676.0,12.0,12.0,13.0,3.02,3368.0,1708.0,1660.0,21044.0,17.0,17.0,18.0,10.24,3664.0,1773.0,1891.0,24708.0,17.0,18.0,20.0,8.99,,,,,,,,,,,,,,,,,,,,,,,,,
79fa622e-7ed7-4522-b14a-4aad0c21a07a,2025-12-13 12:42:38 UTC,False,17042.0,CFOP,Gan 12 UI Maglev,RandomForest,5470.0,17042.0,,,gan12,custom_rules,,,,8.0,0.0,0.0,17042.0,77.0,77.0,84.0,4.52,5774.0,11268.0,2099.0,0.0,2099.0,2099.0,9.0,9.0,10.0,4.29,589.0,460.0,129.0,2688.0,3.0,3.0,3.0,23.26,3299.0,1157.0,2142.0,5987.0,11.0,11.0,12.0,5.14,1975.0,1105.0,870.0,7962.0,8.0,8.0,10.0,9.2,2892.0,841.0,2051.0,10854.0,9.0,9.0,10.0,4.39,3330.0,1244.0,2086.0,14184.0,18.0,18.0,19.0,8.63,2858.0,967.0,1891.0,17042.0,19.0,19.0,20.0,10.05,,,,,,,,,,,,,,,,,,,,,,,,,
c104779e-20c7-4b71-a7ed-89d1cd079233,2025-12-13 12:43:24 UTC,False,18304.0,CFOP,Gan 12 UI Maglev,RandomForest,8189.0,18304.0,,,gan12,custom_rules,,,,8.0,0.0,0.0,18304.0,71.0,73.0,83.0,3.88,6990.0,11314.0,2526.0,0.0,2526.0,2526.0,7.0,7.0,9.0,2.77,2757.0,2203.0,554.0,5283.0,7.0,7.0,9.0,12.64,3308.0,1149.0,2159.0,8591.0,9.0,10.0,12.0,4.17,1808.0,717.0,1091.0,10399.0,8.0,8.0,9.0,7.33,2103.0,943.0,1160.0,12502.0,8.0,8.0,8.0,6.9,1999.0,851.0,1148.0,14501.0,14.0,14.0,14.0,12.2,3803.0,1127.0,2676.0,18304.0,18.0,19.0,22.0,6.73,,,,,,,,,,,,,,,,,,,,,,,,,
ca4aac10-9a87-4ccc-b6c8-79642c1d6e0a,2025-12-13 12:44:00 UTC,False,15983.0,CFOP,Gan 12 UI Maglev,RandomForest,10955.0,15983.0,,,gan12,custom_rules,,,,8.0,0.0,0.0,15983.0,63.0,65.0,72.0,3.94,7061.0,8873.0,2250.0,0.0,2250.0,2299.0,8.0,8.0,10.0,3.56,1412.0,717.0,695.0,3711.0,6.0,6.0,6.0,8.63,3773.0,1754.0,2019.0,7484.0,9.0,10.0,10.0,4.46,2008.0,1387.0,621.0,9492.0,8.0,8.0,9.0,12.88,1859.0,1133.0,726.0,11351.0,8.0,8.0,9.0,11.02,2429.0,1135.0,1294.0,13780.0,10.0,11.0,12.0,7.73,2203.0,935.0,1268.0,15983.0,15.0,15.0,16.0,11.83,,,,,,,,,,,,,,,,,,,,,,,,,
f9bbc10a-9bff-4ac6-bf24-05c0961f606c,2025-12-13 12:44:25 UTC,False,11735.0,CFOP,Gan 12 UI Maglev,RandomForest,3795.0,11735.0,,,gan12,custom_rules,,,,8.0,0.0,0.0,11735.0,47.0,48.0,53.0,4.01,6047.0,5688.0,1145.0,0.0,1145.0,1145.0,4.0,4.0,5.0,3.49,2410.0,1171.0,1239.0,3555.0,8.0,8.0,8.0,6.46,1850.0,1097.0,753.0,5405.0,6.0,7.0,8.0,7.97,1329.0,742.0,587.0,6734.0,6.0,6.0,8.0,10.22,2716.0,1918.0,798.0,9450.0,13.0,13.0,13.0,16.29,1369.0,579.0,790.0,10819.0,8.0,8.0,8.0,10.13,916.0,540.0,376.0,11735.0,2.0,2.0,3.0,5.32,,,,,,,,,,,,,,,,,,,,,,,,,
3c232467-2438-4d7a-9cca-b122bdf5c883,2025-12-13 12:45:00 UTC,False,18187.0,CFOP,Gan 12 UI Maglev,RandomForest,8289.0,18187.0,,,gan12,custom_rules,,,,8.0,0.0,0.0,18187.0,72.0,74.0,85.0,3.96,5947.0,12240.0,1481.0,0.0,1481.0,1481.0,5.0,5.0,7.0,3.38,6064.0,676.0,5388.0,7545.0,18.0,18.0,19.0,3.34,2329.0,1636.0,693.0,9874.0,8.0,8.0,9.0,11.54,1324.0,688.0,636.0,11198.0,6.0,7.0,7.0,9.43,1597.0,896.0,701.0,12795.0,8.0,8.0,10.0,11.41,1752.0,681.0,1071.0,14547.0,11.0,11.0,12.0,10.27,3640.0,1370.0,2270.0,18187.0,17.0,18.0,21.0,7.49,,,,,,,,,,,,,,,,,,,,,,,,,
f93c7416-eb20-4204-a2ba-ce365a16badb,2025-12-13 12:45:33 UTC,False,16522.0,CFOP,Gan 12 UI Maglev,RandomForest,8861.0,16522.0,,,gan12,custom_rules,,,,8.0,0.0,0.0,16522.0,80.0,81.0,87.0,4.84,5841.0,10488.0,1564.0,0.0,1564.0,1757.0,6.0,7.0,8.0,3.84,1481.0,555.0,926.0,3238.0,8.0,8.0,9.0,8.64,1545.0,910.0,635.0,4783.0,8.0,8.0,8.0,12.6,2866.0,1385.0,1481.0,7649.0,9.0,9.0,10.0,6.08,2187.0,1026.0,1161.0,9836.0,11.0,11.0,12.0,9.47,3388.0,830.0,2558.0,13224.0,19.0,19.0,19.0,7.43,3298.0,1135.0,2163.0,16522.0,19.0,19.0,21.0,8.78,,,,,,,,,,,,,,,,,,,,,,,,,
5671ddbc-b980-4832-8f0f-cbee217baaef,2025-12-13 12:46:00 UTC,False,13864.0,CFOP,Gan 12 UI Maglev,RandomForest,4391.0,13864.0,,,gan12,custom_rules,,,,8.0,0.0,0.0,13864.0,64.0,64.0,73.0,4.62,6805.0,6987.0,1403.0,0.0,1403.0,1475.0,5.0,5.0,7.0,3.56,1683.0,1256.0,427.0,3158.0,7.0,7.0,7.0,16.39,2464.0,1860.0,604.0,5622.0,7.0,7.0,9.0,11.59,1766.0,525.0,1241.0,7388.0,12.0,12.0,12.0,9.67,2250.0,999.0,1251.0,9638.0,8.0,8.0,12.0,6.39,1891.0,1023.0,868.0,11529.0,10.0,10.0,10.0,11.52,2335.0,1142.0,1193.0,13864.0,15.0,15.0,16.0,12.57,,,,,,,,,,,,,,,,,,,,,,,,,
eb32920b-7c76-439d-8f20-32a858822d62,2025-12-13 12:46:33 UTC,False,17686.0,CFOP,Gan 12 UI Maglev,RandomForest,6246.0,17686.0,,,gan12,custom_rules,,,,8.0,0.0,0.0,17686.0,68.0,72.0,80.0,3.84,7338.0,10348.0,3535.0,0.0,3535.0,3535.0,9.0,9.0,9.0,2.55,1146.0,865.0,281.0,4681.0,4.0,4.0,4.0,14.23,3381.0,2209.0,1172.0,8062.0,9.0,9.0,11.0,7.68,1570.0,604.0,966.0,9632.0,8.0,8.0,9.0,8.28,2254.0,1279.0,975.0,11886.0,8.0,8.0,9.0,8.21,2290.0,1189.0,1101.0,14176.0,12.0,12.0,15.0,10.9,3510.0,1192.0,2318.0,17686.0,18.0,22.0,23.0,7.77,,,,,,,,,,,,,,,,,,,,,,,,,
7f232b4b-154c-4910-a361-6c64d70a2f24,2025-12-13 12:47:02 UTC,False,17639.0,CFOP,Gan 12 UI Maglev,RandomForest,4080.0,17639.0,,,gan12,custom_rules,,,,8.0,0.0,0.0,17639.0,75.0,76.0,86.0,4.25,5798.0,11841.0,2088.0,0.0,2088.0,2088.0,8.0,8.0,9.0,3.83,1321.0,757.0,564.0,3409.0,6.0,6.0,7.0,10.64,3182.0,1386.0,1796.0,6591.0,7.0,7.0,7.0,3.9,1827.0,1191.0,636.0,8418.0,8.0,8.0,8.0,12.58,2204.0,746.0,1458.0,10622.0,11.0,11.0,12.0,7.54,4218.0,582.0,3636.0,14840.0,21.0,21.0,24.0,5.78,2799.0,1136.0,1663.0,17639.0,15.0,16.0,19.0,9.02,,,,,,,,,,,,,,,,,,,,,,,,,
04dcc0a4-33e3-44ef-8de1-6750639b1bba,2025-12-13 12:47:36 UTC,False,18193.0,CFOP,Gan 12 UI Maglev,RandomForest,7454.0,18193.0,,,gan12,custom_rules,,,,8.0,0.0,0.0,18193.0,57.0,57.0,71.0,3.13,9973.0,8180.0,2051.0,0.0,2051.0,2091.0,7.0,7.0,9.0,3.41,2509.0,2308.0,201.0,4600.0,4.0,4.0,6.0,19.9,3125.0,1828.0,1297.0,7725.0,7.0,7.0,7.0,5.4,2959.0,2661.0,298.0,10684.0,4.0,4.0,6.0,13.42,1686.0,1106.0,580.0,12370.0,8.0,8.0,8.0,13.79,1817.0,749.0,1068.0,14187.0,10.0,10.0,13.0,9.36,4006.0,1321.0,2685.0,18193.0,17.0,17.0,22.0,6.33,,,,,,,,,,,,,,,,,,,,,,,,,
4149aeb4-f30c-414c-9016-46b76c8770e8,2025-12-13 12:48:05 UTC,False,15358.0,CFOP,Gan 12 UI Maglev,RandomForest,4276.0,15358.0,,,gan12,custom_rules,,,,8.0,0.0,0.0,15358.0,74.0,74.0,78.0,4.82,6087.0,9271.0,902.0,0.0,902.0,902.0,5.0,5.0,5.0,5.54,2285.0,2003.0,282.0,3187.0,4.0,4.0,4.0,14.18,1342.0,403.0,939.0,4529.0,11.0,11.0,11.0,11.71,4526.0,1321.0,3205.0,9055.0,12.0,12.0,13.0,3.74,1499.0,685.0,814.0,10554.0,9.0,9.0,10.0,11.06,2403.0,901.0,1502.0,12957.0,17.0,17.0,17.0,11.32,2401.0,774.0,1627.0,15358.0,16.0,16.0,18.0,9.83,,,,,,,,,,,,,,,,,,,,,,,,,
c766eb0a-a201-42c6-8820-fedb38406c26,2025-12-13 17:32:41 UTC,False,18633.0,CFOP,Gan 12 UI Maglev,RandomForest,22595.0,18633.0,,,gan12,custom_rules,,,,8.0,0.0,0.0,18633.0,72.0,73.0,90.0,3.86,6379.0,12254.0,2688.0,0.0,2688.0,2688.0,8.0,8.0,8.0,2.98,3628.0,2428.0,1200.0,6316.0,8.0,8.0,9.0,6.67,1701.0,517.0,1184.0,8017.0,8.0,8.0,10.0,6.76,3631.0,686.0,2945.0,11648.0,15.0,15.0,17.0,5.09,2309.0,1130.0,1179.0,13957.0,8.0,8.0,12.0,6.79,1853.0,725.0,1128.0,15810.0,10.0,10.0,15.0,8.87,2823.0,893.0,1930.0,18633.0,15.0,16.0,19.0,7.77,,,,,,,,,,,,,,,,,,,,,,,,,
2c1d4ce3-1dac-4f88-97ca-f26d7afd7160,2025-12-13 17:33:23 UTC,False,19925.0,CFOP,Gan 12 UI Maglev,RandomForest,10942.0,19925.0,,,gan12,custom_rules,,,,8.0,0.0,0.0,19925.0,91.0,93.0,101.0,4.57,6121.0,13804.0,1161.0,0.0,1161.0,1161.0,5.0,5.0,5.0,4.31,2790.0,1430.0,1360.0,3951.0,6.0,6.0,8.0,4.41,3170.0,1455.0,1715.0,7121.0,8.0,8.0,10.0,4.66,2326.0,604.0,1722.0,9447.0,12.0,12.0,14.0,6.97,2488.0,1110.0,1378.0,11935.0,12.0,14.0,14.0,8.71,1096.0,556.0,540.0,13031.0,8.0,8.0,8.0,14.81,6894.0,966.0,5928.0,19925.0,40.0,40.0,42.0,6.75,,,,,,,,,,,,,,,,,,,,,,,,,
9a4893c2-747c-40ad-8ba0-15cb18601af5,2025-12-13 17:34:11 UTC,False,17231.0,CFOP,Gan 12 UI Maglev,RandomForest,16441.0,17231.0,,,gan12,custom_rules,,,,8.0,0.0,0.0,17231.0,73.0,74.0,87.0,4.24,5546.0,11685.0,1056.0,0.0,1056.0,1056.0,5.0,5.0,6.0,4.73,1311.0,379.0,932.0,2367.0,6.0,7.0,7.0,6.44,2856.0,1413.0,1443.0,5223.0,11.0,11.0,12.0,7.62,3135.0,1345.0,1790.0,8358.0,8.0,8.0,9.0,4.47,529.0,371.0,158.0,8887.0,3.0,3.0,3.0,18.99,1747.0,774.0,973.0,10634.0,10.0,10.0,16.0,10.28,6597.0,1264.0,5333.0,17231.0,30.0,30.0,34.0,5.63,,,,,,,,,,,,,,,,,,,,,,,,,
cdf5b16c-499f-4a24-afef-d78f21c31a41,2025-12-13 17:35:01 UTC,False,13357.0,CFOP,Gan 12 UI Maglev,RandomForest,14882.0,13357.0,,,gan12,custom_rules,,,,8.0,0.0,0.0,13357.0,67.0,67.0,73.0,5.02,4999.0,8358.0,1585.0,0.0,1585.0,1585.0,5.0,5.0,6.0,3.15,1193.0,484.0,709.0,2778.0,7.0,7.0,7.0,9.87,1350.0,625.0,725.0,4128.0,7.0,7.0,7.0,9.66,2589.0,1563.0,1026.0,6717.0,8.0,8.0,8.0,7.8,1369.0,362.0,1007.0,8086.0,8.0,8.0,9.0,7.94,2195.0,983.0,1212.0,10281.0,12.0,12.0,13.0,9.9,3076.0,982.0,2094.0,13357.0,21.0,21.0,23.0,10.03,,,,,,,,,,,,,,,,,,,,,,,,,
fda3eb80-298f-470b-ac50-151ba405f428,2025-12-13 17:35:54 UTC,False,15556.0,CFOP,Gan 12 UI Maglev,RandomForest,28457.0,15556.0,,,gan12,custom_rules,,,,8.0,0.0,0.0,15556.0,69.0,73.0,86.0,4.44,5063.0,10493.0,2020.0,0.0,2020.0,2020.0,6.0,6.0,7.0,2.97,1225.0,556.0,669.0,3245.0,8.0,8.0,8.0,11.96,2725.0,540.0,2185.0,5970.0,13.0,13.0,16.0,5.95,2682.0,1551.0,1131.0,8652.0,9.0,9.0,10.0,7.96,2546.0,484.0,2062.0,11198.0,13.0,13.0,14.0,6.3,1945.0,806.0,1139.0,13143.0,12.0,12.0,12.0,10.54,2413.0,1126.0,1287.0,15556.0,9.0,13.0,19.0,6.99,,,,,,,,,,,,,,,,,,,,,,,,,
865a5c49-809a-4dcf-b588-1dfd1e7b077a,2025-12-13 17:36:32 UTC,False,13373.0,CFOP,Gan 12 UI Maglev,RandomForest,15684.0,13373.0,,,gan12,custom_rules,,,,8.0,0.0,0.0,13373.0,65.0,66.0,76.0,4.86,6112.0,7261.0,1700.0,0.0,1700.0,1700.0,6.0,6.0,8.0,3.53,1224.0,950.0,274.0,2924.0,4.0,4.0,4.0,14.6,1580.0,308.0,1272.0,4504.0,8.0,8.0,10.0,6.29,887.0,218.0,669.0,5391.0,7.0,7.0,8.0,10.46,2987.0,1944.0,1043.0,8378.0,12.0,12.0,14.0,11.51,2364.0,1388.0,976.0,10742.0,11.0,11.0,12.0,11.27,2631.0,1304.0,1327.0,13373.0,17.0,18.0,20.0,12.81,,,,,,,,,,,,,,,,,,,,,,,,,
defe6dc7-8ff3-4c23-a926-5c56132bbba5,2025-12-13 17:37:36 UTC,False,18395.0,CFOP,Gan 12 UI Maglev,RandomForest,24037.0,18395.0,,,gan12,custom_rules,,,,8.0,0.0,0.0,18395.0,62.0,62.0,73.0,3.37,8594.0,9801.0,3308.0,0.0,3308.0,3308.0,10.0,10.0,10.0,3.02,3755.0,3368.0,387.0,7063.0,6.0,6.0,6.0,15.5,5078.0,1961.0,3117.0,12141.0,16.0,16.0,19.0,5.13,952.0,662.0,290.0,13093.0,4.0,4.0,4.0,13.79,1072.0,225.0,847.0,14165.0,7.0,7.0,8.0,8.26,1491.0,838.0,653.0,15656.0,8.0,8.0,10.0,12.25,2739.0,1540.0,1199.0,18395.0,11.0,11.0,16.0,9.17,,,,,,,,,,,,,,,,,,,,,,,,,
d19d77f2-e617-4fda-88f5-aa5b0fd6a324,2025-12-13 17:39:05 UTC,False,21058.0,CFOP,Gan 12 UI Maglev,RandomForest,22977.0,21058.0,,,gan12,custom_rules,,,,8.0,0.0,0.0,21058.0,76.0,80.0,90.0,3.61,5374.0,15684.0,10160.0,0.0,10160.0,10160.0,29.0,33.0,40.0,2.85,0.0,0.0,0.0,10160.0,0.0,0.0,0.0,0.0,0.0,0.0,0.0,10160.0,0.0,0.0,0.0,0.0,3179.0,1330.0,1849.0,13339.0,7.0,7.0,8.0,3.79,1938.0,1261.0,677.0,15277.0,8.0,8.0,9.0,11.82,2173.0,981.0,1192.0,17450.0,14.0,14.0,15.0,11.74,3608.0,1802.0,1806.0,21058.0,18.0,18.0,18.0,9.97,,,,,,,,,,,,,,,,,,,,,,,,,
e23c703a-56f9-4c50-989c-f90f2a409373,2025-12-13 17:39:40 UTC,False,14274.0,CFOP,Gan 12 UI Maglev,RandomForest,10485.0,14274.0,,,gan12,custom_rules,,,,8.0,0.0,0.0,14274.0,60.0,65.0,80.0,4.2,6359.0,7915.0,2311.0,0.0,2311.0,2311.0,5.0,6.0,7.0,2.16,2181.0,1104.0,1077.0,4492.0,8.0,8.0,9.0,7.43,2019.0,980.0,1039.0,6511.0,9.0,9.0,12.0,8.66,1228.0,704.0,524.0,7739.0,8.0,8.0,8.0,15.27,1713.0,1253.0,460.0,9452.0,9.0,9.0,10.0,19.57,2712.0,1085.0,1627.0,12164.0,13.0,13.0,13.0,7.99,2110.0,1233.0,877.0,14274.0,8.0,12.0,21.0,9.12,,,,,,,,,,,,,,,,,,,,,,,,,
d1e9bb3b-a644-48ce-889b-e6dd4d478445,2025-12-13 17:40:16 UTC,False,16545.0,CFOP,Gan 12 UI Maglev,RandomForest,10177.0,16545.0,,,gan12,custom_rules,,,,8.0,0.0,0.0,16545.0,71.0,72.0,84.0,4.29,6593.0,9904.0,1674.0,0.0,1674.0,1722.0,9.0,9.0,10.0,5.38,1152.0,330.0,822.0,2874.0,5.0,6.0,6.0,6.08,2940.0,1853.0,1087.0,5814.0,8.0,8.0,8.0,7.36,1013.0,352.0,661.0,6827.0,8.0,8.0,10.0,12.1,2113.0,896.0,1217.0,8940.0,10.0,10.0,11.0,8.22,4031.0,1363.0,2668.0,12971.0,14.0,14.0,18.0,5.25,3574.0,1799.0,1775.0,16545.0,18.0,18.0,21.0,10.14,,,,,,,,,,,,,,,,,,,,,,,,,
ab24cc7d-830c-4ec1-96eb-acb0db7d096b,2025-12-13 17:40:54 UTC,False,21186.0,CFOP,Gan 12 UI Maglev,RandomForest,7669.0,21186.0,,,gan12,custom_rules,,,,8.0,0.0,0.0,21186.0,87.0,90.0,99.0,4.11,4765.0,16421.0,8937.0,0.0,8937.0,8937.0,29.0,31.0,34.0,3.24,0.0,0.0,0.0,8937.0,0.0,0.0,0.0,0.0,2074.0,914.0,1160.0,11011.0,7.0,7.0,9.0,6.03,2917.0,988.0,1929.0,13928.0,9.0,9.0,10.0,4.67,1875.0,411.0,1464.0,15803.0,14.0,14.0,15.0,9.56,1901.0,1151.0,750.0,17704.0,10.0,11.0,12.0,13.33,3482.0,1301.0,2181.0,21186.0,18.0,18.0,19.0,8.25,,,,,,,,,,,,,,,,,,,,,,,,,
59303c9e-95e2-44e2-a5a4-fc17edc3db33,2025-12-13 17:41:38 UTC,False,19024.0,CFOP,Gan 12 UI Maglev,RandomForest,14941.0,19024.0,,,gan12,custom_rules,,,,8.0,0.0,0.0,19024.0,70.0,74.0,84.0,3.68,384.0,18640.0,9276.0,0.0,9276.0,9276.0,27.0,27.0,32.0,2.91,0.0,0.0,0.0,9276.0,0.0,0.0,0.0,0.0,8855.0,88.0,8767.0,18131.0,37.0,41.0,45.0,4.22,410.0,240.0,170.0,18541.0,4.0,4.0,4.0,23.53,483.0,56.0,427.0,19024.0,3.0,3.0,3.0,7.03,0.0,0.0,0.0,19024.0,0.0,0.0,0.0,0.0,0.0,0.0,0.0,19024.0,0.0,0.0,0.0,0.0,,,,,,,,,,,,,,,,,,,,,,,,,
7bf615ea-9d1b-4946-8479-a6b496c90757,2025-12-13 17:42:17 UTC,False,15242.0,CFOP,Gan 12 UI Maglev,RandomForest,12632.0,15242.0,,,gan12,custom_rules,,,,8.0,0.0,0.0,15242.0,61.0,61.0,67.0,4.0,7241.0,8001.0,1914.0,0.0,1914.0,1914.0,8.0,8.0,8.0,4.18,2771.0,1250.0,1521.0,4685.0,8.0,8.0,8.0,5.26,1995.0,1330.0,665.0,6680.0,8.0,8.0,9.0,12.03,1355.0,713.0,642.0,8035.0,8.0,8.0,8.0,12.46,1466.0,693.0,773.0,9501.0,7.0,7.0,7.0,9.06,2272.0,895.0,1377.0,11773.0,11.0,11.0,11.0,7.99,3469.0,2360.0,1109.0,15242.0,12.0,12.0,16.0,10.82,,,,,,,,,,,,,,,,,,,,,,,,,
2717bf31-8272-4475-8534-ef11c8ed3843,2025-12-13 17:42:47 UTC,False,14053.0,CFOP,Gan 12 UI Maglev,RandomForest,7877.0,14053.0,,,gan12,custom_rules,,,,8.0,0.0,0.0,14053.0,70.0,70.0,78.0,4.98,4680.0,9373.0,2634.0,0.0,2634.0,2634.0,10.0,10.0,10.0,3.8,3119.0,1493.0,1626.0,5753.0,12.0,12.0,13.0,7.38,1663.0,531.0,1132.0,7416.0,6.0,6.0,7.0,5.3,1208.0,475.0,733.0,8624.0,8.0,8.0,9.0,10.91,1257.0,684.0,573.0,9881.0,7.0,7.0,8.0,12.22,2150.0,885.0,1265.0,12031.0,13.0,13.0,15.0,10.28,2022.0,612.0,1410.0,14053.0,15.0,15.0,16.0,10.64,,,,,,,,,,,,,,,,,,,,,,,,,
8de5243a-ac5e-42c9-bdd1-f96c235c66f0,2025-12-13 17:43:30 UTC,False,13698.0,CFOP,Gan 12 UI Maglev,RandomForest,15592.0,13698.0,,,gan12,custom_rules,,,,8.0,0.0,0.0,13698.0,57.0,58.0,64.0,4.16,6659.0,7039.0,1557.0,0.0,1557.0,1557.0,7.0,8.0,8.0,4.5,1671.0,1064.0,607.0,3228.0,5.0,5.0,6.0,8.24,2949.0,1788.0,1161.0,6177.0,7.0,7.0,9.0,6.03,2047.0,918.0,1129.0,8224.0,10.0,10.0,11.0,8.86,2413.0,1913.0,500.0,10637.0,8.0,8.0,9.0,16.0,0.0,0.0,0.0,10637.0,0.0,0.0,0.0,0.0,3061.0,976.0,2085.0,13698.0,20.0,20.0,21.0,9.59,,,,,,,,,,,,,,,,,,,,,,,,,
dae83f09-8442-46b1-ac94-88a1d57b5100,2025-12-13 17:44:07 UTC,False,18726.0,CFOP,Gan 12 UI Maglev,RandomForest,9635.0,18726.0,,,gan12,custom_rules,,,,8.0,0.0,0.0,18726.0,85.0,87.0,91.0,4.54,7525.0,11201.0,991.0,0.0,991.0,991.0,5.0,5.0,5.0,5.05,3004.0,1815.0,1189.0,3995.0,6.0,6.0,8.0,5.05,1722.0,1021.0,701.0,5717.0,5.0,6.0,6.0,7.13,2253.0,1302.0,951.0,7970.0,9.0,10.0,10.0,9.46,2476.0,1100.0,1376.0,10446.0,12.0,12.0,12.0,8.72,3289.0,1361.0,1928.0,13735.0,20.0,20.0,20.0,10.37,4991.0,926.0,4065.0,18726.0,28.0,28.0,30.0,6.89,,,,,,,,,,,,,,,,,,,,,,,,,
8b36e719-41ab-49c8-b4c8-fe56c7b0cedf,2025-12-13 17:44:44 UTC,False,15171.0,CFOP,Gan 12 UI Maglev,RandomForest,12809.0,15171.0,,,gan12,custom_rules,,,,8.0,0.0,0.0,15171.0,67.0,68.0,74.0,4.42,5948.0,9223.0,2039.0,0.0,2039.0,2039.0,6.0,6.0,6.0,2.94,2884.0,1334.0,1550.0,4923.0,8.0,9.0,9.0,5.16,982.0,789.0,193.0,5905.0,5.0,5.0,5.0,25.91,2625.0,1052.0,1573.0,8530.0,13.0,13.0,14.0,8.26,1466.0,830.0,636.0,9996.0,7.0,7.0,9.0,11.01,1864.0,903.0,961.0,11860.0,8.0,8.0,10.0,8.32,3311.0,1040.0,2271.0,15171.0,20.0,20.0,21.0,8.81,,,,,,,,,,,,,,,,,,,,,,,,,
e7cfe6b1-7dc2-44fe-a55d-7bc7d6f44b31,2025-12-13 17:45:16 UTC,False,16612.0,CFOP,Gan 12 UI Maglev,RandomForest,7226.0,16612.0,,,gan12,custom_rules,,,,8.0,0.0,0.0,16612.0,65.0,67.0,82.0,3.91,6463.0,10149.0,3218.0,0.0,3218.0,3218.0,7.0,7.0,11.0,2.18,1547.0,605.0,942.0,4765.0,9.0,10.0,10.0,9.55,1633.0,480.0,1153.0,6398.0,7.0,7.0,7.0,6.07,2878.0,1219.0,1659.0,9276.0,10.0,10.0,14.0,6.03,1917.0,1200.0,717.0,11193.0,8.0,8.0,8.0,11.16,1776.0,1180.0,596.0,12969.0,7.0,7.0,8.0,11.74,3643.0,1779.0,1864.0,16612.0,17.0,18.0,24.0,9.12,,,,,,,,,,,,,,,,,,,,,,,,,
62fde1e2-4564-4872-9be6-a500c7e9e7c1,2025-12-13 17:45:51 UTC,False,19357.0,CFOP,Gan 12 UI Maglev,RandomForest,5979.0,19357.0,,,gan12,custom_rules,,,,8.0,0.0,0.0,19357.0,68.0,69.0,78.0,3.51,6801.0,12491.0,837.0,0.0,837.0,902.0,4.0,4.0,6.0,4.78,2560.0,1819.0,741.0,3462.0,4.0,4.0,5.0,5.4,1404.0,687.0,717.0,4866.0,8.0,8.0,9.0,11.16,7371.0,725.0,6646.0,12237.0,18.0,18.0,20.0,2.71,1829.0,830.0,999.0,14066.0,6.0,6.0,6.0,6.01,2223.0,1401.0,822.0,16289.0,12.0,12.0,12.0,14.6,3068.0,1339.0,1729.0,19357.0,16.0,17.0,20.0,9.25,,,,,,,,,,,,,,,,,,,,,,,,,
ef1c82cf-8b49-4512-be31-f9651cd317b0,2025-12-13 17:46:55 UTC,False,15810.0,CFOP,Gan 12 UI Maglev,RandomForest,38225.0,15810.0,,,gan12,custom_rules,,,,8.0,0.0,0.0,15810.0,62.0,64.0,71.0,3.92,5413.0,10397.0,2923.0,0.0,2923.0,2923.0,7.0,7.0,7.0,2.39,1377.0,620.0,757.0,4300.0,7.0,7.0,8.0,9.25,3497.0,1354.0,2143.0,7797.0,9.0,9.0,10.0,4.2,1599.0,838.0,761.0,9396.0,8.0,8.0,8.0,10.51,1419.0,773.0,646.0,10815.0,9.0,9.0,10.0,13.93,1483.0,652.0,831.0,12298.0,7.0,7.0,8.0,8.42,3512.0,1176.0,2336.0,15810.0,15.0,17.0,20.0,6.42,,,,,,,,,,,,,,,,,,,,,,,,,
9579f952-087c-42f9-9321-df77994274fe,2025-12-13 17:47:26 UTC,False,17341.0,CFOP,Gan 12 UI Maglev,RandomForest,5529.0,17341.0,,,gan12,custom_rules,,,,8.0,0.0,0.0,17341.0,66.0,67.0,76.0,3.81,7912.0,9429.0,2619.0,0.0,2619.0,2619.0,6.0,6.0,8.0,2.29,2030.0,1474.0,556.0,4649.0,5.0,5.0,6.0,8.99,3797.0,2277.0,1520.0,8446.0,11.0,11.0,13.0,7.24,1900.0,1096.0,804.0,10346.0,8.0,8.0,8.0,9.95,1826.0,1246.0,580.0,12172.0,8.0,8.0,9.0,13.79,1464.0,628.0,836.0,13636.0,8.0,8.0,8.0,9.57,3705.0,1191.0,2514.0,17341.0,20.0,21.0,24.0,7.96,,,,,,,,,,,,,,,,,,,,,,,,,
31fdeb03-5c38-422f-b47a-c9d93fe48670,2025-12-13 17:47:54 UTC,False,17093.0,CFOP,Gan 12 UI Maglev,RandomForest,3654.0,17093.0,,,gan12,custom_rules,,,,8.0,0.0,0.0,17093.0,64.0,65.0,79.0,3.74,8019.0,9074.0,1039.0,0.0,1039.0,1039.0,5.0,5.0,7.0,4.81,2400.0,569.0,1831.0,3439.0,11.0,11.0,12.0,6.01,4378.0,1979.0,2399.0,7817.0,13.0,13.0,16.0,5.42,2816.0,1744.0,1072.0,10633.0,7.0,7.0,8.0,6.53,1630.0,864.0,766.0,12263.0,9.0,9.0,11.0,11.75,1543.0,868.0,675.0,13806.0,9.0,10.0,10.0,13.33,3287.0,1995.0,1292.0,17093.0,11.0,11.0,15.0,8.51,,,,,,,,,,,,,,,,,,,,,,,,,
c81eed4f-c658-4845-8590-f2a58a582c31,2025-12-13 17:48:29 UTC,False,16736.0,CFOP,Gan 12 UI Maglev,RandomForest,8129.0,16736.0,,,gan12,custom_rules,,,,8.0,0.0,0.0,16736.0,74.0,75.0,82.0,4.42,4534.0,12202.0,1402.0,0.0,1402.0,1402.0,7.0,7.0,7.0,4.99,2608.0,903.0,1705.0,4010.0,7.0,7.0,8.0,4.11,4092.0,443.0,3649.0,8102.0,18.0,18.0,18.0,4.93,4259.0,1078.0,3181.0,12361.0,19.0,19.0,20.0,5.97,581.0,403.0,178.0,12942.0,4.0,4.0,4.0,22.47,1346.0,652.0,694.0,14288.0,7.0,7.0,8.0,10.09,2448.0,1055.0,1393.0,16736.0,13.0,14.0,17.0,9.33,,,,,,,,,,,,,,,,,,,,,,,,,
fd1a0aa4-208f-4fcc-8b6b-ad4d3a61592e,2025-12-13 17:49:09 UTC,False,26472.0,CFOP,Gan 12 UI Maglev,RandomForest,4663.0,26472.0,,,gan12,custom_rules,,,,8.0,0.0,0.0,26472.0,80.0,80.0,92.0,3.02,15833.0,10639.0,2284.0,0.0,2284.0,2284.0,8.0,8.0,9.0,3.5,1983.0,1121.0,862.0,4267.0,8.0,8.0,9.0,9.28,1927.0,1339.0,588.0,6194.0,8.0,8.0,9.0,13.61,6326.0,4605.0,1721.0,12520.0,11.0,11.0,14.0,6.39,8501.0,7027.0,1474.0,21021.0,13.0,13.0,14.0,8.82,2539.0,894.0,1645.0,23560.0,13.0,13.0,17.0,7.9,2912.0,847.0,2065.0,26472.0,19.0,19.0,20.0,9.2,,,,,,,,,,,,,,,,,,,,,,,,,
ce930a45-925c-47b6-a867-11fa6f7330cf,2025-12-13 17:49:35 UTC,False,11734.0,CFOP,Gan 12 UI Maglev,RandomForest,4931.0,11734.0,,,gan12,custom_rules,,,,8.0,0.0,0.0,11734.0,72.0,73.0,77.0,6.14,3944.0,7790.0,2119.0,0.0,2119.0,2119.0,7.0,7.0,8.0,3.3,992.0,508.0,484.0,3111.0,8.0,8.0,8.0,16.53,1510.0,704.0,806.0,4621.0,12.0,12.0,12.0,14.89,1939.0,747.0,1192.0,6560.0,8.0,8.0,9.0,6.71,1283.0,711.0,572.0,7843.0,8.0,8.0,9.0,13.99,1385.0,484.0,901.0,9228.0,9.0,10.0,10.0,9.99,2506.0,790.0,1716.0,11734.0,20.0,20.0,21.0,11.66,,,,,,,,,,,,,,,,,,,,,,,,,
13b24a02-17fc-4979-a9f0-329de09d862d,2025-12-13 17:50:12 UTC,False,12565.0,CFOP,Gan 12 UI Maglev,RandomForest,5925.0,12565.0,,,gan12,custom_rules,,,,8.0,0.0,0.0,12565.0,72.0,75.0,80.0,5.73,5490.0,7067.0,717.0,0.0,717.0,725.0,5.0,6.0,6.0,6.97,1824.0,857.0,967.0,2549.0,8.0,8.0,8.0,8.27,1729.0,633.0,1096.0,4278.0,8.0,8.0,8.0,7.3,1119.0,426.0,693.0,5397.0,11.0,11.0,11.0,15.87,2213.0,1649.0,564.0,7610.0,8.0,8.0,10.0,14.18,2554.0,813.0,1741.0,10164.0,19.0,19.0,19.0,10.91,2401.0,1112.0,1289.0,12565.0,14.0,16.0,18.0,10.86,,,,,,,,,,,,,,,,,,,,,,,,,
3d478108-3aa8-4bba-9d21-c5768ddc4e43,2025-12-13 17:50:47 UTC,False,15530.0,CFOP,Gan 12 UI Maglev,RandomForest,9720.0,15530.0,,,gan12,custom_rules,,,,8.0,0.0,0.0,15530.0,73.0,74.0,83.0,4.7,6579.0,8902.0,1711.0,0.0,1711.0,1760.0,6.0,7.0,8.0,3.51,1615.0,991.0,624.0,3375.0,8.0,8.0,8.0,12.82,1974.0,1306.0,668.0,5349.0,7.0,7.0,7.0,10.48,3450.0,1188.0,2262.0,8799.0,13.0,13.0,14.0,5.75,2726.0,1538.0,1188.0,11525.0,13.0,13.0,13.0,10.94,1868.0,798.0,1070.0,13393.0,10.0,10.0,15.0,9.35,2137.0,758.0,1379.0,15530.0,16.0,16.0,18.0,11.6,,,,,,,,,,,,,,,,,,,,,,,,,
dd88bbf0-252d-41e7-a2f9-e19868ad24e3,2025-12-13 17:51:27 UTC,False,15873.0,CFOP,Gan 12 UI Maglev,RandomForest,9305.0,15873.0,,,gan12,custom_rules,,,,8.0,0.0,0.0,15873.0,63.0,63.0,74.0,3.97,8258.0,7615.0,1807.0,0.0,1807.0,1807.0,5.0,5.0,9.0,2.77,2557.0,1824.0,733.0,4364.0,12.0,12.0,13.0,16.37,3216.0,2216.0,1000.0,7580.0,7.0,7.0,10.0,7.0,1741.0,1474.0,267.0,9321.0,4.0,4.0,4.0,14.98,1079.0,942.0,137.0,10400.0,4.0,4.0,5.0,29.2,2717.0,1032.0,1685.0,13117.0,11.0,11.0,11.0,6.53,2756.0,770.0,1986.0,15873.0,20.0,20.0,22.0,10.07,,,,,,,,,,,,,,,,,,,,,,,,,
10cb2204-2f4a-4a3a-a7b8-1e8e6a0850f7,2025-12-13 17:52:08 UTC,False,16749.0,CFOP,Gan 12 UI Maglev,RandomForest,15738.0,16749.0,,,gan12,custom_rules,,,,8.0,0.0,0.0,16749.0,73.0,74.0,80.0,4.36,7912.0,8837.0,2691.0,0.0,2691.0,2691.0,10.0,10.0,10.0,3.72,3014.0,1522.0,1492.0,5705.0,11.0,11.0,12.0,7.37,2016.0,837.0,1179.0,7721.0,15.0,15.0,15.0,12.72,1878.0,1684.0,194.0,9599.0,5.0,5.0,5.0,25.77,1525.0,1340.0,185.0,11124.0,4.0,4.0,4.0,21.62,1833.0,799.0,1034.0,12957.0,12.0,12.0,13.0,11.61,3792.0,1730.0,2062.0,16749.0,16.0,17.0,21.0,7.76,,,,,,,,,,,,,,,,,,,,,,,,,
eb038596-fa6c-445c-9f55-42fa402cb34a,2025-12-13 17:52:42 UTC,False,15536.0,CFOP,Gan 12 UI Maglev,RandomForest,4017.0,15536.0,,,gan12,custom_rules,,,,8.0,0.0,0.0,15536.0,76.0,76.0,85.0,4.89,4902.0,10634.0,3189.0,0.0,3189.0,3189.0,10.0,10.0,11.0,3.14,1450.0,354.0,1096.0,4639.0,7.0,7.0,7.0,6.39,1051.0,430.0,621.0,5690.0,8.0,8.0,9.0,12.88,3989.0,1587.0,2402.0,9679.0,17.0,17.0,20.0,7.08,1550.0,592.0,958.0,11229.0,7.0,7.0,8.0,7.31,1416.0,772.0,644.0,12645.0,8.0,8.0,10.0,12.42,2891.0,1167.0,1724.0,15536.0,19.0,19.0,20.0,11.02,,,,,,,,,,,,,,,,,,,,,,,,,
75b62932-d662-469c-9107-c13877917db3,2025-12-13 17:53:10 UTC,False,13908.0,CFOP,Gan 12 UI Maglev,RandomForest,3727.0,13908.0,,,gan12,custom_rules,,,,8.0,0.0,0.0,13908.0,63.0,63.0,67.0,4.53,5115.0,8793.0,2309.0,0.0,2309.0,2309.0,9.0,9.0,10.0,3.9,2779.0,1933.0,846.0,5088.0,8.0,8.0,8.0,9.46,1498.0,628.0,870.0,6586.0,8.0,8.0,8.0,9.2,1614.0,564.0,1050.0,8200.0,8.0,8.0,9.0,7.62,1768.0,169.0,1599.0,9968.0,7.0,7.0,7.0,4.38,1296.0,773.0,523.0,11264.0,8.0,8.0,8.0,15.3,2644.0,1048.0,1596.0,13908.0,16.0,16.0,17.0,10.03,,,,,,,,,,,,,,,,,,,,,,,,,
654b9f1a-dab7-4585-8bcf-7f3a6da2eec1,2025-12-13 17:53:38 UTC,False,16584.0,CFOP,Gan 12 UI Maglev,RandomForest,3651.0,16584.0,,,gan12,custom_rules,,,,8.0,0.0,0.0,16584.0,72.0,73.0,80.0,4.34,6439.0,10145.0,3036.0,0.0,3036.0,3036.0,9.0,10.0,11.0,2.96,1896.0,986.0,910.0,4932.0,7.0,7.0,7.0,7.69,1763.0,804.0,959.0,6695.0,7.0,7.0,7.0,7.3,3044.0,773.0,2271.0,9739.0,16.0,16.0,17.0,7.05,2258.0,1677.0,581.0,11997.0,8.0,8.0,8.0,13.77,1939.0,907.0,1032.0,13936.0,9.0,9.0,12.0,8.72,2648.0,1292.0,1356.0,16584.0,16.0,16.0,18.0,11.8,,,,,,,,,,,,,,,,,,,,,,,,,
e2e667d3-d8e9-4977-aad9-1c6070326ccd,2025-12-13 17:54:18 UTC,False,15579.0,CFOP,Gan 12 UI Maglev,RandomForest,13516.0,15579.0,,,gan12,custom_rules,,,,8.0,0.0,0.0,15579.0,76.0,77.0,93.0,4.88,5790.0,9789.0,1663.0,0.0,1663.0,1663.0,7.0,7.0,8.0,4.21,1997.0,1055.0,942.0,3660.0,9.0,9.0,11.0,9.55,1805.0,887.0,918.0,5465.0,12.0,12.0,13.0,13.07,1193.0,580.0,613.0,6658.0,8.0,8.0,10.0,13.05,1616.0,838.0,778.0,8274.0,8.0,8.0,10.0,10.28,4482.0,966.0,3516.0,12756.0,21.0,22.0,25.0,5.97,2823.0,1464.0,1359.0,15579.0,11.0,11.0,16.0,8.09,,,,,,,,,,,,,,,,,,,,,,,,,
4eac9db8-1b9a-4246-8551-447e5dd3141f,2025-12-13 17:54:48 UTC,False,12770.0,CFOP,Gan 12 UI Maglev,RandomForest,2857.0,12770.0,,,gan12,custom_rules,,,,8.0,0.0,0.0,12770.0,54.0,55.0,61.0,4.23,5238.0,7532.0,1839.0,0.0,1839.0,1839.0,6.0,6.0,6.0,3.26,1917.0,822.0,1095.0,3756.0,9.0,10.0,11.0,8.22,1238.0,983.0,255.0,4994.0,4.0,4.0,4.0,15.69,2169.0,436.0,1733.0,7163.0,9.0,9.0,10.0,5.19,1687.0,1252.0,435.0,8850.0,8.0,8.0,8.0,18.39,1890.0,851.0,1039.0,10740.0,9.0,9.0,10.0,8.66,2030.0,894.0,1136.0,12770.0,9.0,9.0,12.0,7.92,,,,,,,,,,,,,,,,,,,,,,,,,
7fac1cc3-bd0e-474f-bab6-5ff731bfe2b7,2025-12-13 17:55:32 UTC,False,17937.0,CFOP,Gan 12 UI Maglev,RandomForest,7769.0,17937.0,,,gan12,custom_rules,,,,8.0,0.0,0.0,17937.0,72.0,73.0,78.0,4.01,6000.0,11937.0,2607.0,0.0,2607.0,2607.0,8.0,8.0,9.0,3.07,2022.0,1015.0,1007.0,4629.0,8.0,8.0,8.0,7.94,4101.0,1039.0,3062.0,8730.0,10.0,10.0,11.0,3.27,1757.0,1120.0,637.0,10487.0,8.0,8.0,9.0,12.56,1722.0,973.0,749.0,12209.0,12.0,12.0,12.0,16.02,1596.0,678.0,918.0,13805.0,9.0,9.0,9.0,9.8,4132.0,1175.0,2957.0,17937.0,17.0,18.0,20.0,5.75,,,,,,,,,,,,,,,,,,,,,,,,,
5cea6c62-19da-4baf-8d18-f5382ca60277,2025-12-13 17:56:43 UTC,False,15545.0,CFOP,Gan 12 UI Maglev,RandomForest,45539.0,15545.0,,,gan12,custom_rules,,,,8.0,0.0,0.0,15545.0,56.0,62.0,71.0,3.6,8688.0,6825.0,1905.0,0.0,1905.0,1937.0,8.0,9.0,10.0,4.2,3609.0,3407.0,202.0,5546.0,4.0,4.0,4.0,19.8,2670.0,1050.0,1620.0,8216.0,11.0,11.0,13.0,6.79,1625.0,1168.0,457.0,9841.0,6.0,7.0,7.0,13.13,2122.0,1316.0,806.0,11963.0,9.0,9.0,10.0,11.17,1361.0,668.0,693.0,13324.0,9.0,9.0,9.0,12.99,2221.0,1079.0,1142.0,15545.0,9.0,13.0,18.0,7.88,,,,,,,,,,,,,,,,,,,,,,,,,
b548a47c-ae06-4ffc-bb84-61d40a4b3e77,2025-12-13 17:57:13 UTC,False,13946.0,CFOP,Gan 12 UI Maglev,RandomForest,8280.0,13946.0,,,gan12,custom_rules,,,,8.0,0.0,0.0,13946.0,53.0,53.0,69.0,3.8,6800.0,7146.0,1403.0,0.0,1403.0,1403.0,7.0,7.0,7.0,4.99,0.0,0.0,0.0,1403.0,0.0,0.0,0.0,0.0,3452.0,1978.0,1474.0,4855.0,10.0,10.0,13.0,6.78,2360.0,1788.0,572.0,7215.0,8.0,8.0,10.0,13.99,1997.0,1272.0,725.0,9212.0,8.0,8.0,11.0,11.03,2582.0,997.0,1585.0,11794.0,10.0,10.0,14.0,6.31,2152.0,765.0,1387.0,13946.0,10.0,10.0,14.0,7.21,,,,,,,,,,,,,,,,,,,,,,,,,
10347eb8-1902-4f0c-88d9-955850e50751,2025-12-13 17:57:51 UTC,False,17679.0,CFOP,Gan 12 UI Maglev,RandomForest,3824.0,17679.0,,,gan12,custom_rules,,,,8.0,0.0,0.0,17679.0,63.0,66.0,76.0,3.56,6430.0,11249.0,2705.0,0.0,2705.0,2705.0,6.0,6.0,7.0,2.22,3490.0,1120.0,2370.0,6195.0,9.0,9.0,10.0,3.8,2358.0,1239.0,1119.0,8553.0,9.0,10.0,12.0,8.04,2625.0,847.0,1778.0,11178.0,9.0,9.0,11.0,5.06,1306.0,1088.0,218.0,12484.0,3.0,3.0,3.0,13.76,1796.0,975.0,821.0,14280.0,10.0,11.0,12.0,12.18,3399.0,1161.0,2238.0,17679.0,17.0,18.0,21.0,7.6,,,,,,,,,,,,,,,,,,,,,,,,,
6ca5455c-cc12-4740-9585-351174616499,2025-12-13 17:58:18 UTC,False,14919.0,CFOP,Gan 12 UI Maglev,RandomForest,3628.0,14919.0,,,gan12,custom_rules,,,,8.0,0.0,0.0,14919.0,56.0,57.0,67.0,3.75,7978.0,6941.0,1063.0,0.0,1063.0,1063.0,6.0,6.0,7.0,5.64,1948.0,1755.0,193.0,3011.0,4.0,4.0,4.0,20.73,2611.0,1112.0,1499.0,5622.0,10.0,10.0,11.0,6.67,2306.0,1516.0,790.0,7928.0,8.0,8.0,10.0,10.13,2330.0,993.0,1337.0,10258.0,8.0,8.0,10.0,5.98,1469.0,684.0,785.0,11727.0,9.0,10.0,10.0,11.46,3192.0,1918.0,1274.0,14919.0,11.0,11.0,15.0,8.63,,,,,,,,,,,,,,,,,,,,,,,,,
4e4b62ef-a442-4615-b46b-8cc9d8be3041,2025-12-13 17:59:59 UTC,False,12574.0,CFOP,Gan 12 UI Maglev,RandomForest,18577.0,12574.0,,,gan12,custom_rules,,,,8.0,0.0,0.0,12574.0,60.0,61.0,72.0,4.77,5308.0,7266.0,1795.0,0.0,1795.0,1795.0,6.0,6.0,7.0,3.34,975.0,508.0,467.0,2770.0,3.0,3.0,4.0,6.42,2053.0,1210.0,843.0,4823.0,7.0,7.0,8.0,8.3,2148.0,1265.0,883.0,6971.0,9.0,9.0,13.0,10.19,1157.0,555.0,602.0,8128.0,8.0,8.0,9.0,13.29,2003.0,709.0,1294.0,10131.0,11.0,11.0,12.0,8.5,2443.0,1061.0,1382.0,12574.0,16.0,17.0,19.0,11.58,,,,,,,,,,,,,,,,,,,,,,,,,
63ab7465-0751-4936-bb60-95f90aea2a3b,2025-12-13 18:00:35 UTC,False,20960.0,CFOP,Gan 12 UI Maglev,RandomForest,4540.0,20960.0,,,gan12,custom_rules,,,,8.0,0.0,0.0,20960.0,79.0,81.0,93.0,3.77,6716.0,14244.0,4134.0,0.0,4134.0,4134.0,10.0,10.0,14.0,2.42,933.0,467.0,466.0,5067.0,8.0,8.0,9.0,17.17,4244.0,1401.0,2843.0,9311.0,14.0,14.0,17.0,4.92,2185.0,329.0,1856.0,11496.0,14.0,15.0,15.0,7.54,1743.0,692.0,1051.0,13239.0,8.0,8.0,8.0,7.61,1385.0,741.0,644.0,14624.0,8.0,8.0,9.0,12.42,6336.0,3086.0,3250.0,20960.0,17.0,18.0,21.0,5.23,,,,,,,,,,,,,,,,,,,,,,,,,
e4c25982-109d-4df2-9350-127e676b0d09,2025-12-13 18:01:05 UTC,False,15534.0,CFOP,Gan 12 UI Maglev,RandomForest,5674.0,15534.0,,,gan12,custom_rules,,,,8.0,0.0,0.0,15534.0,76.0,80.0,91.0,4.89,5319.0,10215.0,701.0,0.0,701.0,701.0,6.0,6.0,6.0,8.56,2868.0,346.0,2522.0,3569.0,12.0,12.0,12.0,4.76,3750.0,1055.0,2695.0,7319.0,15.0,15.0,16.0,5.57,1519.0,593.0,926.0,8838.0,12.0,12.0,13.0,12.96,2134.0,1110.0,1024.0,10972.0,9.0,9.0,10.0,8.79,2500.0,1166.0,1334.0,13472.0,14.0,14.0,16.0,10.49,2062.0,1049.0,1013.0,15534.0,8.0,12.0,18.0,7.9,,,,,,,,,,,,,,,,,,,,,,,,,
0855f7b4-4c81-4ea1-8218-137b2e5e9bf3,2025-12-13 18:02:29 UTC,False,18569.0,CFOP,Gan 12 UI Maglev,RandomForest,6566.0,18569.0,,,gan12,custom_rules,,,,8.0,0.0,0.0,18569.0,72.0,74.0,84.0,3.88,5579.0,12910.0,2289.0,0.0,2289.0,2369.0,7.0,7.0,9.0,3.06,3866.0,1281.0,2585.0,6235.0,13.0,13.0,14.0,5.03,3409.0,661.0,2748.0,9644.0,10.0,10.0,12.0,3.64,1802.0,507.0,1295.0,11446.0,8.0,8.0,9.0,6.18,1801.0,999.0,802.0,13247.0,9.0,9.0,9.0,11.22,1686.0,701.0,985.0,14933.0,10.0,11.0,11.0,10.15,3636.0,1430.0,2206.0,18569.0,16.0,17.0,20.0,7.25,,,,,,,,,,,,,,,,,,,,,,,,,
be600777-7809-4109-83a1-4d205ee6b41b,2025-12-13 18:03:58 UTC,False,16768.0,CFOP,Gan 12 UI Maglev,RandomForest,21948.0,16768.0,,,gan12,custom_rules,,,,8.0,0.0,0.0,16768.0,70.0,70.0,76.0,4.17,6017.0,10751.0,2940.0,0.0,2940.0,2940.0,8.0,8.0,8.0,2.72,1835.0,570.0,1265.0,4775.0,8.0,8.0,8.0,6.32,1926.0,831.0,1095.0,6701.0,7.0,7.0,8.0,6.39,2907.0,1804.0,1103.0,9608.0,7.0,7.0,8.0,6.35,2766.0,920.0,1846.0,12374.0,12.0,12.0,13.0,6.5,2116.0,1008.0,1108.0,14490.0,12.0,12.0,14.0,10.83,2278.0,884.0,1394.0,16768.0,16.0,16.0,17.0,11.48,,,,,,,,,,,,,,,,,,,,,,,,,
dde80911-18b3-4d25-b27a-f2e216e36a71,2025-12-13 18:04:39 UTC,False,23171.0,CFOP,Gan 12 UI Maglev,RandomForest,8952.0,23171.0,,,gan12,custom_rules,,,,8.0,0.0,0.0,23171.0,85.0,88.0,95.0,3.67,7892.0,15279.0,5965.0,0.0,5965.0,5965.0,9.0,10.0,12.0,1.51,2465.0,2191.0,274.0,8430.0,5.0,5.0,5.0,18.25,1383.0,666.0,717.0,9813.0,12.0,12.0,12.0,16.74,3528.0,1442.0,2086.0,13341.0,12.0,12.0,13.0,5.75,2422.0,1415.0,1007.0,15763.0,8.0,8.0,10.0,7.94,1821.0,709.0,1112.0,17584.0,10.0,11.0,11.0,8.99,5587.0,1469.0,4118.0,23171.0,29.0,30.0,32.0,7.04,,,,,,,,,,,,,,,,,,,,,,,,,
d1612f98-9710-4061-93e0-99480f729171,2025-12-13 18:06:49 UTC,False,15658.0,CFOP,Gan 12 UI Maglev,RandomForest,25078.0,15658.0,,,gan12,custom_rules,,,,8.0,0.0,0.0,15658.0,54.0,59.0,70.0,3.45,6210.0,9375.0,6275.0,0.0,6275.0,6348.0,20.0,20.0,22.0,3.19,0.0,0.0,0.0,6348.0,0.0,0.0,0.0,0.0,2374.0,1649.0,725.0,8722.0,12.0,12.0,14.0,16.55,1671.0,1485.0,186.0,10393.0,4.0,4.0,4.0,21.51,2629.0,1815.0,814.0,13022.0,9.0,9.0,9.0,11.06,0.0,0.0,0.0,13022.0,0.0,0.0,0.0,0.0,2636.0,1261.0,1375.0,15658.0,9.0,14.0,21.0,6.55,,,,,,,,,,,,,,,,,,,,,,,,,
e55fc693-dd40-4405-b762-cb52d8f8b061,2025-12-13 18:07:41 UTC,False,23069.0,CFOP,Gan 12 UI Maglev,RandomForest,12871.0,23069.0,,,gan12,custom_rules,,,,8.0,0.0,0.0,23069.0,82.0,84.0,96.0,3.55,6274.0,16795.0,10517.0,0.0,10517.0,10517.0,28.0,28.0,32.0,2.66,0.0,0.0,0.0,10517.0,0.0,0.0,0.0,0.0,3648.0,1796.0,1852.0,14165.0,12.0,12.0,15.0,6.48,2126.0,901.0,1225.0,16291.0,7.0,7.0,7.0,5.71,1298.0,581.0,717.0,17589.0,8.0,8.0,9.0,11.16,2528.0,1570.0,958.0,20117.0,11.0,12.0,13.0,11.48,2952.0,1426.0,1526.0,23069.0,16.0,17.0,20.0,10.48,,,,,,,,,,,,,,,,,,,,,,,,,
ec0e528e-ba33-493e-9ccd-80bec3be1a02,2025-12-13 18:08:18 UTC,False,14770.0,CFOP,Gan 12 UI Maglev,RandomForest,12821.0,14770.0,,,gan12,custom_rules,,,,8.0,0.0,0.0,14770.0,64.0,64.0,74.0,4.33,5876.0,8894.0,1774.0,0.0,1774.0,1774.0,8.0,8.0,9.0,4.51,1693.0,918.0,775.0,3467.0,8.0,8.0,9.0,10.32,1335.0,1167.0,168.0,4802.0,4.0,4.0,4.0,23.81,2802.0,106.0,2696.0,7604.0,9.0,9.0,10.0,3.34,1323.0,517.0,806.0,8927.0,8.0,8.0,9.0,9.93,2559.0,1286.0,1273.0,11486.0,12.0,12.0,15.0,9.43,3284.0,1882.0,1402.0,14770.0,16.0,16.0,18.0,11.41,,,,,,,,,,,,,,,,,,,,,,,,,
55157d10-5d62-4343-ae63-71d456f3af80,2025-12-13 18:08:47 UTC,False,16603.0,CFOP,Gan 12 UI Maglev,RandomForest,3627.0,16603.0,,,gan12,custom_rules,,,,8.0,0.0,0.0,16603.0,77.0,78.0,84.0,4.64,6122.0,10481.0,983.0,0.0,983.0,983.0,6.0,6.0,6.0,6.1,3359.0,1032.0,2327.0,4342.0,11.0,11.0,11.0,4.73,1957.0,982.0,975.0,6299.0,8.0,8.0,9.0,8.21,2535.0,799.0,1736.0,8834.0,11.0,11.0,12.0,6.34,1838.0,1289.0,549.0,10672.0,8.0,8.0,9.0,14.57,2363.0,991.0,1372.0,13035.0,14.0,14.0,14.0,10.2,3568.0,1029.0,2539.0,16603.0,19.0,20.0,23.0,7.48,,,,,,,,,,,,,,,,,,,,,,,,,
6c119974-0445-44f9-8a7d-395c4ff6155e,2025-12-13 18:09:17 UTC,False,13295.0,CFOP,Gan 12 UI Maglev,RandomForest,6778.0,13295.0,,,gan12,custom_rules,,,,8.0,0.0,0.0,13295.0,54.0,55.0,63.0,4.06,4416.0,8879.0,3115.0,0.0,3115.0,3115.0,13.0,13.0,16.0,4.17,0.0,0.0,0.0,3115.0,0.0,0.0,0.0,0.0,872.0,735.0,137.0,3987.0,4.0,4.0,5.0,29.2,1926.0,999.0,927.0,5913.0,7.0,7.0,7.0,7.55,1341.0,757.0,584.0,7254.0,4.0,4.0,4.0,6.85,1904.0,1023.0,881.0,9158.0,10.0,11.0,11.0,11.35,4137.0,902.0,3235.0,13295.0,16.0,16.0,20.0,4.95,,,,,,,,,,,,,,,,,,,,,,,,,
d5d3b72c-3621-496f-8a92-7572b8f3d759,2025-12-13 18:09:52 UTC,False,19567.0,CFOP,Gan 12 UI Maglev,RandomForest,5603.0,19567.0,,,gan12,custom_rules,,,,8.0,0.0,0.0,19567.0,67.0,73.0,86.0,3.42,7670.0,11897.0,1395.0,0.0,1395.0,1395.0,8.0,8.0,8.0,5.73,3796.0,1911.0,1885.0,5191.0,9.0,9.0,11.0,4.77,2560.0,1147.0,1413.0,7751.0,12.0,12.0,13.0,8.49,1121.0,484.0,637.0,8872.0,6.0,6.0,8.0,9.42,2480.0,1612.0,868.0,11352.0,11.0,11.0,11.0,12.67,3246.0,1032.0,2214.0,14598.0,11.0,11.0,14.0,4.97,4969.0,1484.0,3485.0,19567.0,10.0,16.0,21.0,2.87,,,,,,,,,,,,,,,,,,,,,,,,,
d513f401-4515-4046-8fd7-030c97d953bf,2025-12-13 18:10:25 UTC,False,17259.0,CFOP,Gan 12 UI Maglev,RandomForest,4816.0,17259.0,,,gan12,custom_rules,,,,8.0,0.0,0.0,17259.0,60.0,60.0,72.0,3.48,8277.0,8982.0,3380.0,0.0,3380.0,3380.0,7.0,7.0,9.0,2.07,1229.0,962.0,267.0,4609.0,4.0,4.0,4.0,14.98,1496.0,699.0,797.0,6105.0,8.0,8.0,9.0,10.04,3028.0,1708.0,1320.0,9133.0,6.0,6.0,8.0,4.55,3477.0,2832.0,645.0,12610.0,8.0,8.0,10.0,12.4,2034.0,1035.0,999.0,14644.0,13.0,13.0,14.0,13.01,2615.0,1041.0,1574.0,17259.0,14.0,14.0,18.0,8.89,,,,,,,,,,,,,,,,,,,,,,,,,
125e213b-86af-489b-b7d6-f3e508216d39,2025-12-13 18:10:55 UTC,False,16958.0,CFOP,Gan 12 UI Maglev,RandomForest,4432.0,16958.0,,,gan12,custom_rules,,,,8.0,0.0,0.0,16958.0,58.0,60.0,67.0,3.42,7921.0,9037.0,2364.0,0.0,2364.0,2364.0,7.0,7.0,8.0,2.96,2469.0,1503.0,966.0,4833.0,8.0,8.0,8.0,8.28,1519.0,512.0,1007.0,6352.0,7.0,7.0,8.0,6.95,3125.0,2071.0,1054.0,9477.0,8.0,8.0,9.0,7.59,1297.0,1119.0,178.0,10774.0,4.0,4.0,4.0,22.47,2366.0,1071.0,1295.0,13140.0,12.0,14.0,14.0,9.27,3818.0,1645.0,2173.0,16958.0,13.0,13.0,16.0,5.98,,,,,,,,,,,,,,,,,,,,,,,,,
cf4e018e-a7c6-4b46-950d-1276011de6ca,2025-12-13 18:11:50 UTC,False,15220.0,CFOP,Gan 12 UI Maglev,RandomForest,17731.0,15220.0,,,gan12,custom_rules,,,,8.0,0.0,0.0,15220.0,62.0,62.0,70.0,4.07,5490.0,9730.0,2188.0,0.0,2188.0,2188.0,7.0,7.0,8.0,3.2,1121.0,855.0,266.0,3309.0,4.0,4.0,4.0,15.04,1901.0,1175.0,726.0,5210.0,9.0,9.0,10.0,12.4,4821.0,915.0,3906.0,10031.0,11.0,11.0,14.0,2.82,1080.0,492.0,588.0,11111.0,8.0,8.0,9.0,13.61,1821.0,1200.0,621.0,12932.0,7.0,7.0,8.0,11.27,2288.0,853.0,1435.0,15220.0,16.0,16.0,17.0,11.15,,,,,,,,,,,,,,,,,,,,,,,,,
3f7f86e1-b1dd-4265-9196-d506f899efb1,2025-12-13 18:12:59 UTC,False,20008.0,CFOP,Gan 12 UI Maglev,RandomForest,19242.0,20008.0,,,gan12,custom_rules,,,,8.0,0.0,0.0,20008.0,66.0,68.0,79.0,3.3,8590.0,11418.0,2525.0,0.0,2525.0,2525.0,7.0,7.0,9.0,2.77,2334.0,572.0,1762.0,4859.0,6.0,6.0,8.0,3.41,3661.0,2446.0,1215.0,8520.0,10.0,10.0,10.0,8.23,3115.0,1441.0,1674.0,11635.0,11.0,11.0,15.0,6.57,2417.0,855.0,1562.0,14052.0,7.0,7.0,7.0,4.48,2012.0,1200.0,812.0,16064.0,9.0,9.0,10.0,11.08,3944.0,2076.0,1868.0,20008.0,16.0,18.0,20.0,8.57,,,,,,,,,,,,,,,,,,,,,,,,,
9d9485a2-c850-40fc-b058-f2520352a2c0,2025-12-13 18:13:45 UTC,False,18556.0,CFOP,Gan 12 UI Maglev,RandomForest,9622.0,18556.0,,,gan12,custom_rules,,,,8.0,0.0,0.0,18556.0,69.0,69.0,77.0,3.72,6653.0,11903.0,1657.0,0.0,1657.0,1657.0,6.0,6.0,7.0,3.62,3827.0,669.0,3158.0,5484.0,10.0,10.0,10.0,3.17,2465.0,318.0,2147.0,7949.0,10.0,10.0,11.0,4.66,2224.0,1394.0,830.0,10173.0,7.0,7.0,8.0,8.43,1848.0,1154.0,694.0,12021.0,8.0,8.0,10.0,11.53,2320.0,1144.0,1176.0,14341.0,10.0,10.0,13.0,8.5,4215.0,1974.0,2241.0,18556.0,18.0,18.0,18.0,8.03,,,,,,,,,,,,,,,,,,,,,,,,,
866b3a93-822f-4e9b-bd98-102d72f3e606,2025-12-13 18:14:15 UTC,False,15835.0,CFOP,Gan 12 UI Maglev,RandomForest,4374.0,15835.0,,,gan12,custom_rules,,,,8.0,0.0,0.0,15835.0,64.0,66.0,71.0,4.04,6849.0,8986.0,2469.0,0.0,2469.0,2469.0,6.0,6.0,7.0,2.43,1286.0,532.0,754.0,3755.0,8.0,8.0,9.0,10.61,1808.0,1244.0,564.0,5563.0,5.0,6.0,6.0,8.87,2169.0,1242.0,927.0,7732.0,8.0,8.0,9.0,8.63,1420.0,937.0,483.0,9152.0,8.0,8.0,9.0,16.56,2775.0,1430.0,1345.0,11927.0,9.0,10.0,10.0,6.69,3908.0,1464.0,2444.0,15835.0,20.0,20.0,21.0,8.18,,,,,,,,,,,,,,,,,,,,,,,,,
b0b37c02-c1d6-40c7-a0af-2e01b0eabd96,2025-12-13 18:15:16 UTC,False,19298.0,CFOP,Gan 12 UI Maglev,RandomForest,14618.0,19298.0,,,gan12,custom_rules,,,,8.0,0.0,0.0,19298.0,72.0,74.0,86.0,3.73,6858.0,12440.0,2875.0,0.0,2875.0,2875.0,8.0,8.0,9.0,2.78,2103.0,1233.0,870.0,4978.0,8.0,8.0,9.0,9.2,1823.0,381.0,1442.0,6801.0,7.0,7.0,7.0,4.85,4861.0,1428.0,3433.0,11662.0,15.0,15.0,19.0,4.37,2932.0,1998.0,934.0,14594.0,8.0,8.0,10.0,8.57,2046.0,716.0,1330.0,16640.0,13.0,13.0,14.0,9.77,2658.0,1102.0,1556.0,19298.0,14.0,16.0,18.0,9.0,,,,,,,,,,,,,,,,,,,,,,,,,
439bcc92-4d92-4fbd-9adc-03fb1d516470,2025-12-14 08:15:07 UTC,False,15827.0,CFOP,Gan 12 UI Maglev,RandomForest,6673.0,15827.0,,,"slow solves, unl",custom_rules,,,,8.0,0.0,0.0,15827.0,77.0,78.0,84.0,4.87,4928.0,10899.0,1363.0,0.0,1363.0,1363.0,6.0,6.0,6.0,4.4,3209.0,741.0,2468.0,4572.0,13.0,13.0,14.0,5.27,2261.0,684.0,1577.0,6833.0,9.0,10.0,11.0,5.71,1430.0,1067.0,363.0,8263.0,4.0,4.0,4.0,11.02,1192.0,267.0,925.0,9455.0,7.0,7.0,8.0,7.57,2560.0,1000.0,1560.0,12015.0,16.0,16.0,16.0,10.26,3812.0,1169.0,2643.0,15827.0,22.0,22.0,25.0,8.32,,,,,,,,,,,,,,,,,,,,,,,,,
dfbf9155-6554-486f-9a0b-f37191dfe9ba,2025-12-14 08:15:50 UTC,False,19265.0,CFOP,Gan 12 UI Maglev,RandomForest,10457.0,19265.0,,,"slow solves, unl",custom_rules,,,,8.0,0.0,0.0,19265.0,69.0,69.0,78.0,3.58,4942.0,14323.0,4969.0,0.0,4969.0,4969.0,8.0,8.0,9.0,1.61,2737.0,1280.0,1457.0,7706.0,7.0,7.0,8.0,4.8,2465.0,782.0,1683.0,10171.0,7.0,7.0,7.0,4.16,2672.0,476.0,2196.0,12843.0,11.0,11.0,14.0,5.01,1964.0,941.0,1023.0,14807.0,7.0,7.0,8.0,6.84,2295.0,592.0,1703.0,17102.0,16.0,16.0,16.0,9.4,2163.0,871.0,1292.0,19265.0,14.0,14.0,16.0,10.84,,,,,,,,,,,,,,,,,,,,,,,,,
bc003ab3-5aa6-4c40-a133-5c25fefdd968,2025-12-14 08:16:23 UTC,False,13764.0,CFOP,Gan 12 UI Maglev,RandomForest,7473.0,13764.0,,,"slow solves, unl",custom_rules,,,,8.0,0.0,0.0,13764.0,54.0,54.0,59.0,3.92,4697.0,9067.0,2062.0,0.0,2062.0,2062.0,5.0,5.0,8.0,2.42,2061.0,548.0,1513.0,4123.0,8.0,8.0,8.0,5.29,1253.0,804.0,449.0,5376.0,4.0,4.0,4.0,8.91,2511.0,1152.0,1359.0,7887.0,8.0,8.0,8.0,5.89,1612.0,420.0,1192.0,9499.0,7.0,7.0,7.0,5.87,1696.0,874.0,822.0,11195.0,8.0,8.0,8.0,9.73,2569.0,899.0,1670.0,13764.0,15.0,15.0,16.0,8.98,,,,,,,,,,,,,,,,,,,,,,,,,
a01777b2-9789-448b-9816-93341dd745e5,2025-12-14 08:17:13 UTC,False,27749.0,CFOP,Gan 12 UI Maglev,RandomForest,12204.0,27749.0,,,"slow solves, unl",custom_rules,,,,8.0,0.0,0.0,27749.0,83.0,83.0,91.0,2.99,6681.0,21068.0,3256.0,0.0,3256.0,3256.0,8.0,8.0,10.0,2.46,3347.0,838.0,2509.0,6603.0,11.0,11.0,12.0,4.38,2430.0,1134.0,1296.0,9033.0,8.0,8.0,9.0,6.17,12372.0,2068.0,10304.0,21405.0,26.0,26.0,27.0,2.52,1389.0,740.0,649.0,22794.0,7.0,7.0,7.0,10.79,2069.0,1022.0,1047.0,24863.0,7.0,7.0,8.0,6.69,2886.0,879.0,2007.0,27749.0,16.0,16.0,18.0,7.97,,,,,,,,,,,,,,,,,,,,,,,,,
3be046b9-5f0e-480c-a33e-488618b287d1,2025-12-14 08:18:01 UTC,False,24871.0,CFOP,Gan 12 UI Maglev,RandomForest,6628.0,24871.0,,,"slow solves, unl",custom_rules,,,,8.0,0.0,0.0,24871.0,73.0,74.0,81.0,2.94,7014.0,17857.0,8019.0,0.0,8019.0,8019.0,6.0,6.0,6.0,0.75,2457.0,382.0,2075.0,10476.0,12.0,12.0,13.0,5.78,4000.0,1267.0,2733.0,14476.0,12.0,12.0,14.0,4.39,3077.0,1509.0,1568.0,17553.0,10.0,10.0,12.0,6.38,2743.0,1923.0,820.0,20296.0,8.0,8.0,8.0,9.76,1889.0,802.0,1087.0,22185.0,9.0,9.0,9.0,8.28,2686.0,1131.0,1555.0,24871.0,16.0,17.0,19.0,10.29,,,,,,,,,,,,,,,,,,,,,,,,,
e20bae65-37a4-45ed-9a33-b06eb026fbfe,2025-12-14 08:18:39 UTC,False,23019.0,CFOP,Gan 12 UI Maglev,RandomForest,4748.0,23019.0,,,"slow solves, unl",custom_rules,,,,8.0,0.0,0.0,23019.0,68.0,73.0,86.0,2.95,8637.0,14382.0,1308.0,0.0,1308.0,1308.0,4.0,5.0,6.0,3.06,3180.0,1863.0,1317.0,4488.0,8.0,8.0,10.0,6.07,3320.0,1259.0,2061.0,7808.0,12.0,12.0,13.0,5.82,5259.0,459.0,4800.0,13067.0,14.0,14.0,15.0,2.92,4465.0,1904.0,2561.0,17532.0,10.0,10.0,12.0,3.9,2577.0,1534.0,1043.0,20109.0,11.0,11.0,12.0,10.55,2910.0,1618.0,1292.0,23019.0,9.0,13.0,18.0,6.97,,,,,,,,,,,,,,,,,,,,,,,,,
3512c5b6-1800-40e2-91de-1c7e23202f23,2025-12-14 08:19:39 UTC,False,35472.0,CFOP,Gan 12 UI Maglev,RandomForest,11934.0,35472.0,,,"slow solves, unl",custom_rules,,,,8.0,0.0,0.0,35472.0,83.0,94.0,111.0,2.34,5692.0,29780.0,21062.0,0.0,21062.0,21062.0,37.0,43.0,48.0,1.76,0.0,0.0,0.0,21062.0,0.0,0.0,0.0,0.0,3488.0,1873.0,1615.0,24550.0,7.0,7.0,8.0,4.33,2787.0,628.0,2159.0,27337.0,8.0,8.0,9.0,3.71,2013.0,972.0,1041.0,29350.0,8.0,8.0,9.0,7.68,2649.0,1128.0,1521.0,31999.0,12.0,12.0,13.0,7.89,3473.0,1091.0,2382.0,35472.0,11.0,16.0,24.0,4.62,,,,,,,,,,,,,,,,,,,,,,,,,
c91d181e-c916-498c-98ee-c320349f05f6,2025-12-14 08:20:17 UTC,False,19228.0,CFOP,Gan 12 UI Maglev,RandomForest,5606.0,19228.0,,,"slow solves, unl",custom_rules,,,,8.0,0.0,0.0,19228.0,68.0,72.0,79.0,3.54,7135.0,12093.0,2771.0,0.0,2771.0,2771.0,6.0,6.0,7.0,2.17,2824.0,1588.0,1236.0,5595.0,8.0,8.0,9.0,6.47,1040.0,669.0,371.0,6635.0,3.0,3.0,3.0,8.09,4949.0,1928.0,3021.0,11584.0,13.0,13.0,15.0,4.3,2423.0,1063.0,1360.0,14007.0,11.0,13.0,13.0,8.09,2664.0,1292.0,1372.0,16671.0,11.0,13.0,14.0,8.02,2557.0,595.0,1962.0,19228.0,16.0,16.0,18.0,8.15,,,,,,,,,,,,,,,,,,,,,,,,,
d18fadee-dc17-4be7-8751-4808a3224f10,2025-12-14 08:20:58 UTC,False,23775.0,CFOP,Gan 12 UI Maglev,RandomForest,5877.0,23775.0,,,"slow solves, unl",custom_rules,,,,8.0,0.0,0.0,23775.0,72.0,73.0,80.0,3.03,8944.0,14831.0,2355.0,0.0,2355.0,2355.0,8.0,8.0,10.0,3.4,2386.0,928.0,1458.0,4741.0,8.0,9.0,9.0,5.49,5619.0,1987.0,3632.0,10360.0,10.0,10.0,11.0,2.75,3527.0,2026.0,1501.0,13887.0,8.0,8.0,8.0,5.33,2869.0,1684.0,1185.0,16756.0,10.0,10.0,11.0,8.44,3224.0,505.0,2719.0,19980.0,14.0,14.0,14.0,5.15,3795.0,1814.0,1981.0,23775.0,14.0,14.0,17.0,7.07,,,,,,,,,,,,,,,,,,,,,,,,,
5bf30ea2-a1e8-4f7b-a4d2-2ffd2033ea18,2025-12-14 08:21:32 UTC,False,16112.0,CFOP,Gan 12 UI Maglev,RandomForest,5358.0,16112.0,,,"slow solves, unl",custom_rules,,,,8.0,0.0,0.0,16112.0,54.0,57.0,61.0,3.35,7094.0,9018.0,1712.0,0.0,1712.0,1712.0,6.0,6.0,8.0,3.5,2798.0,983.0,1815.0,4510.0,8.0,8.0,8.0,4.41,1423.0,947.0,476.0,5933.0,4.0,4.0,4.0,8.4,2644.0,2322.0,322.0,8577.0,4.0,4.0,5.0,12.42,1424.0,298.0,1126.0,10001.0,7.0,7.0,7.0,6.22,3023.0,974.0,2049.0,13024.0,11.0,13.0,13.0,5.37,3088.0,1570.0,1518.0,16112.0,15.0,15.0,16.0,9.88,,,,,,,,,,,,,,,,,,,,,,,,,
c83c2216-75f2-4ec8-a8ae-e6d14afa7f4a,2025-12-14 08:22:17 UTC,False,16872.0,CFOP,Gan 12 UI Maglev,RandomForest,5299.0,16872.0,,,"slow solves, unl",custom_rules,,,,8.0,0.0,0.0,16872.0,73.0,73.0,78.0,4.33,6211.0,10661.0,2117.0,0.0,2117.0,2117.0,5.0,5.0,5.0,2.36,2956.0,1659.0,1297.0,5073.0,8.0,8.0,9.0,6.17,2786.0,1207.0,1579.0,7859.0,8.0,8.0,8.0,5.07,2204.0,1039.0,1165.0,10063.0,8.0,8.0,9.0,6.87,1792.0,315.0,1477.0,11855.0,12.0,12.0,12.0,8.12,2536.0,992.0,1544.0,14391.0,17.0,17.0,18.0,11.01,2481.0,999.0,1482.0,16872.0,15.0,15.0,17.0,10.12,,,,,,,,,,,,,,,,,,,,,,,,,
dbc3261c-9d1a-4184-a02a-8aeb47db2109,2025-12-14 08:22:55 UTC,False,16782.0,CFOP,Gan 12 UI Maglev,RandomForest,4577.0,16782.0,,,"slow solves, unl",custom_rules,,,,8.0,0.0,0.0,16782.0,67.0,68.0,76.0,3.99,6798.0,9984.0,1217.0,0.0,1217.0,1217.0,6.0,6.0,7.0,4.93,3599.0,765.0,2834.0,4816.0,12.0,13.0,13.0,4.23,2556.0,1492.0,1064.0,7372.0,8.0,8.0,9.0,7.52,1680.0,705.0,975.0,9052.0,8.0,8.0,8.0,8.21,2238.0,1200.0,1038.0,11290.0,9.0,9.0,10.0,8.67,2187.0,797.0,1390.0,13477.0,12.0,12.0,13.0,8.63,3305.0,1839.0,1466.0,16782.0,12.0,12.0,16.0,8.19,,,,,,,,,,,,,,,,,,,,,,,,,
898262f4-4213-4f70-b394-a54541db7f50,2025-12-14 08:23:33 UTC,False,19234.0,CFOP,Gan 12 UI Maglev,RandomForest,7629.0,19234.0,,,"slow solves, unl",custom_rules,,,,8.0,0.0,0.0,19234.0,68.0,68.0,76.0,3.54,8871.0,10363.0,1184.0,0.0,1184.0,1184.0,5.0,5.0,7.0,4.22,2825.0,893.0,1932.0,4009.0,7.0,7.0,7.0,3.62,4622.0,3111.0,1511.0,8631.0,8.0,8.0,9.0,5.29,2722.0,1643.0,1079.0,11353.0,9.0,9.0,10.0,8.34,1933.0,1273.0,660.0,13286.0,8.0,8.0,9.0,12.12,2613.0,749.0,1864.0,15899.0,12.0,12.0,13.0,6.44,3335.0,1202.0,2133.0,19234.0,19.0,19.0,21.0,8.91,,,,,,,,,,,,,,,,,,,,,,,,,
2b30e738-c18d-4fc8-b304-9ecbd3910045,2025-12-14 08:24:16 UTC,False,20121.0,CFOP,Gan 12 UI Maglev,RandomForest,11756.0,20121.0,,,"slow solves, unl",custom_rules,,,,8.0,0.0,0.0,20121.0,58.0,63.0,77.0,2.88,9510.0,10611.0,3734.0,0.0,3734.0,3734.0,7.0,7.0,8.0,1.87,2372.0,1446.0,926.0,6106.0,5.0,5.0,6.0,5.4,3498.0,2458.0,1040.0,9604.0,8.0,8.0,9.0,7.69,2272.0,1402.0,870.0,11876.0,8.0,8.0,10.0,9.2,2491.0,1403.0,1088.0,14367.0,8.0,8.0,8.0,7.35,2313.0,1050.0,1263.0,16680.0,11.0,11.0,11.0,8.71,3441.0,1751.0,1690.0,20121.0,11.0,16.0,25.0,6.51,,,,,,,,,,,,,,,,,,,,,,,,,
8e045326-4a35-4ebc-a337-b7f79e3a1262,2025-12-14 08:25:04 UTC,False,18663.0,CFOP,Gan 12 UI Maglev,RandomForest,19277.0,18663.0,,,"slow solves, unl",custom_rules,,,,8.0,0.0,0.0,18663.0,72.0,73.0,83.0,3.86,6436.0,12138.0,3385.0,0.0,3385.0,3474.0,7.0,7.0,10.0,2.07,1955.0,754.0,1201.0,5429.0,8.0,8.0,8.0,6.66,3172.0,1126.0,2046.0,8601.0,11.0,11.0,12.0,5.38,1414.0,589.0,825.0,10015.0,8.0,8.0,9.0,9.7,1804.0,790.0,1014.0,11819.0,8.0,8.0,9.0,7.89,3069.0,1325.0,1744.0,14888.0,14.0,14.0,15.0,8.03,3775.0,1852.0,1923.0,18663.0,16.0,17.0,20.0,8.32,,,,,,,,,,,,,,,,,,,,,,,,,
0c4be159-66e0-4398-9f24-cf1aa8005f57,2025-12-14 08:25:43 UTC,False,22896.0,CFOP,Gan 12 UI Maglev,RandomForest,5370.0,22896.0,,,"slow solves, unl",custom_rules,,,,8.0,0.0,0.0,22896.0,72.0,74.0,80.0,3.14,7469.0,15427.0,1629.0,0.0,1629.0,1629.0,7.0,7.0,7.0,4.3,10143.0,3380.0,6763.0,11772.0,17.0,17.0,18.0,2.51,2127.0,725.0,1402.0,13899.0,6.0,6.0,7.0,4.28,1849.0,661.0,1188.0,15748.0,8.0,8.0,8.0,6.73,2271.0,1014.0,1257.0,18019.0,7.0,7.0,8.0,5.57,1954.0,769.0,1185.0,19973.0,11.0,11.0,12.0,9.28,2923.0,920.0,2003.0,22896.0,16.0,18.0,20.0,7.99,,,,,,,,,,,,,,,,,,,,,,,,,
0dc61ec4-5704-4a42-a251-45d4b483d9d1,2025-12-14 08:26:16 UTC,False,20180.0,CFOP,Gan 12 UI Maglev,RandomForest,3259.0,20180.0,,,"slow solves, unl",custom_rules,,,,8.0,0.0,0.0,20180.0,76.0,78.0,94.0,3.77,2863.0,17317.0,8623.0,0.0,8623.0,8623.0,22.0,24.0,32.0,2.55,0.0,0.0,0.0,8623.0,0.0,0.0,0.0,0.0,0.0,0.0,0.0,8623.0,0.0,0.0,0.0,0.0,2447.0,451.0,1996.0,11070.0,7.0,7.0,9.0,3.51,4525.0,502.0,4023.0,15595.0,22.0,22.0,25.0,5.47,1838.0,1072.0,766.0,17433.0,8.0,8.0,10.0,10.44,2747.0,838.0,1909.0,20180.0,18.0,18.0,18.0,9.43,,,,,,,,,,,,,,,,,,,,,,,,,
f8b8e339-c7b8-4534-80bd-424483a4c4ce,2025-12-14 08:26:57 UTC,False,18313.0,CFOP,Gan 12 UI Maglev,RandomForest,10875.0,18313.0,,,"slow solves, unl",custom_rules,,,,8.0,0.0,0.0,18313.0,66.0,71.0,86.0,3.6,1993.0,16248.0,12330.0,0.0,12330.0,12402.0,37.0,41.0,51.0,3.0,0.0,0.0,0.0,12402.0,0.0,0.0,0.0,0.0,0.0,0.0,0.0,12402.0,0.0,0.0,0.0,0.0,0.0,0.0,0.0,12402.0,0.0,0.0,0.0,0.0,0.0,0.0,0.0,12402.0,0.0,0.0,0.0,0.0,2218.0,725.0,1493.0,14620.0,13.0,13.0,14.0,8.71,3693.0,1268.0,2425.0,18313.0,16.0,17.0,21.0,6.6,,,,,,,,,,,,,,,,,,,,,,,,,
f646a87f-413c-44d8-953a-60c849504581,2025-12-14 08:27:28 UTC,False,15921.0,CFOP,Gan 12 UI Maglev,RandomForest,3662.0,15921.0,,,"slow solves, unl",custom_rules,,,,8.0,0.0,0.0,15921.0,73.0,74.0,85.0,4.59,5158.0,10698.0,1314.0,0.0,1314.0,1379.0,5.0,5.0,6.0,3.81,2631.0,1676.0,955.0,4010.0,7.0,7.0,11.0,7.33,1703.0,435.0,1268.0,5713.0,8.0,8.0,9.0,6.31,1566.0,274.0,1292.0,7279.0,7.0,7.0,8.0,5.42,2777.0,629.0,2148.0,10056.0,13.0,13.0,13.0,6.05,2628.0,918.0,1710.0,12684.0,17.0,17.0,17.0,9.94,3237.0,1226.0,2011.0,15921.0,17.0,17.0,21.0,8.45,,,,,,,,,,,,,,,,,,,,,,,,,
83800938-6dc2-49ba-a912-2c7c1f6bcdf7,2025-12-14 08:28:05 UTC,False,15422.0,CFOP,Gan 12 UI Maglev,RandomForest,8495.0,15422.0,,,"slow solves, unl",custom_rules,,,,8.0,0.0,0.0,15422.0,53.0,57.0,69.0,3.44,6487.0,8935.0,2200.0,0.0,2200.0,2200.0,7.0,7.0,7.0,3.18,2936.0,929.0,2007.0,5136.0,8.0,8.0,9.0,3.99,2171.0,725.0,1446.0,7307.0,8.0,8.0,10.0,5.53,2249.0,838.0,1411.0,9556.0,8.0,8.0,11.0,5.67,2018.0,1817.0,201.0,11574.0,5.0,5.0,5.0,24.88,1479.0,829.0,650.0,13053.0,9.0,9.0,9.0,13.85,2369.0,1349.0,1020.0,15422.0,8.0,12.0,18.0,7.84,,,,,,,,,,,,,,,,,,,,,,,,,
46d7c77b-1751-4b5e-a279-d515b02be697,2025-12-14 08:28:51 UTC,False,17767.0,CFOP,Gan 12 UI Maglev,RandomForest,5615.0,17767.0,,,"slow solves, unl",custom_rules,,,,8.0,0.0,0.0,17767.0,56.0,60.0,74.0,3.15,5696.0,12071.0,4333.0,0.0,4333.0,4333.0,6.0,6.0,7.0,1.38,2630.0,1517.0,1113.0,6963.0,7.0,7.0,7.0,6.29,2883.0,306.0,2577.0,9846.0,11.0,11.0,13.0,4.27,2024.0,904.0,1120.0,11870.0,8.0,8.0,10.0,7.14,2067.0,963.0,1104.0,13937.0,8.0,8.0,10.0,7.25,1755.0,1007.0,748.0,15692.0,7.0,7.0,7.0,9.36,2075.0,999.0,1076.0,17767.0,9.0,13.0,20.0,8.36,,,,,,,,,,,,,,,,,,,,,,,,,
b41453f9-ab8a-45ed-a09e-4aad1e062876,2025-12-14 09:55:32 UTC,False,14166.0,CFOP,Gan 12 UI Maglev,RandomForest,30270.0,14166.0,,,gan12,custom_rules,,,,8.0,0.0,0.0,14166.0,61.0,64.0,72.0,4.31,6990.0,7176.0,2154.0,0.0,2154.0,2154.0,7.0,7.0,8.0,3.25,1367.0,1046.0,321.0,3521.0,4.0,4.0,5.0,12.46,1343.0,659.0,684.0,4864.0,8.0,8.0,10.0,11.7,2346.0,1687.0,659.0,7210.0,8.0,8.0,9.0,12.14,1581.0,811.0,770.0,8791.0,9.0,9.0,9.0,11.69,2239.0,1299.0,940.0,11030.0,10.0,11.0,12.0,10.64,3136.0,1488.0,1648.0,14166.0,15.0,17.0,19.0,9.1,,,,,,,,,,,,,,,,,,,,,,,,,
fa667c0f-3bdf-46f9-a63d-a97f8a790d64,2025-12-14 09:56:09 UTC,False,14462.0,CFOP,Gan 12 UI Maglev,RandomForest,8448.0,14462.0,,,gan12,custom_rules,,,,8.0,0.0,0.0,14462.0,77.0,78.0,85.0,5.32,5309.0,9153.0,884.0,0.0,884.0,884.0,5.0,5.0,5.0,5.66,2372.0,1005.0,1367.0,3256.0,11.0,11.0,12.0,8.05,3228.0,756.0,2472.0,6484.0,11.0,11.0,11.0,4.45,1573.0,1033.0,540.0,8057.0,8.0,8.0,9.0,14.81,1399.0,386.0,1013.0,9456.0,10.0,10.0,12.0,9.87,2501.0,922.0,1579.0,11957.0,16.0,16.0,17.0,10.13,2505.0,1207.0,1298.0,14462.0,16.0,17.0,19.0,12.33,,,,,,,,,,,,,,,,,,,,,,,,,
024ea309-03cf-494e-b183-302f1d19d7bb,2025-12-14 09:56:51 UTC,False,22215.0,CFOP,Gan 12 UI Maglev,RandomForest,8769.0,22215.0,,,gan12,custom_rules,,,,8.0,0.0,0.0,22215.0,85.0,86.0,100.0,3.83,5665.0,16550.0,7090.0,0.0,7090.0,7090.0,11.0,11.0,16.0,1.55,1225.0,572.0,653.0,8315.0,8.0,8.0,8.0,12.25,1673.0,604.0,1069.0,9988.0,8.0,8.0,8.0,7.48,2314.0,951.0,1363.0,12302.0,8.0,8.0,10.0,5.87,2059.0,907.0,1152.0,14361.0,8.0,8.0,12.0,6.94,4995.0,1672.0,3323.0,19356.0,26.0,27.0,29.0,7.82,2859.0,959.0,1900.0,22215.0,16.0,16.0,17.0,8.42,,,,,,,,,,,,,,,,,,,,,,,,,
0f7dd8d4-dd41-4f7e-ab8c-f10bda075802,2025-12-14 09:57:19 UTC,False,13941.0,CFOP,Gan 12 UI Maglev,RandomForest,5536.0,13941.0,,,gan12,custom_rules,,,,8.0,0.0,0.0,13941.0,62.0,67.0,77.0,4.45,6115.0,7826.0,1040.0,0.0,1040.0,1040.0,5.0,5.0,5.0,4.81,1518.0,760.0,758.0,2558.0,12.0,12.0,13.0,15.83,1766.0,1218.0,548.0,4324.0,6.0,6.0,7.0,10.95,2016.0,507.0,1509.0,6340.0,14.0,14.0,14.0,9.28,2293.0,1358.0,935.0,8633.0,8.0,8.0,9.0,8.56,3057.0,1226.0,1831.0,11690.0,10.0,11.0,11.0,5.46,2251.0,1046.0,1205.0,13941.0,8.0,12.0,18.0,6.64,,,,,,,,,,,,,,,,,,,,,,,,,
98bcd594-b8b2-4230-bee2-b4d5d0cac180,2025-12-14 09:57:54 UTC,False,20690.0,CFOP,Gan 12 UI Maglev,RandomForest,3177.0,20690.0,,,gan12,custom_rules,,,,8.0,0.0,0.0,20690.0,83.0,83.0,92.0,4.01,7515.0,13127.0,1176.0,0.0,1176.0,1224.0,5.0,5.0,6.0,4.25,1045.0,505.0,540.0,2269.0,5.0,5.0,6.0,9.26,3232.0,1471.0,1761.0,5501.0,11.0,11.0,12.0,6.25,2890.0,1859.0,1031.0,8391.0,9.0,9.0,9.0,8.73,2283.0,1723.0,560.0,10674.0,9.0,9.0,9.0,16.07,1535.0,773.0,762.0,12209.0,8.0,8.0,10.0,10.5,8481.0,1184.0,7297.0,20690.0,36.0,36.0,40.0,4.93,,,,,,,,,,,,,,,,,,,,,,,,,
c8cc9edb-3b8b-4e88-9a78-e7fe2cded44b,2025-12-14 09:58:54 UTC,False,22910.0,CFOP,Gan 12 UI Maglev,RandomForest,26196.0,22910.0,,,gan12,custom_rules,,,,8.0,0.0,0.0,22910.0,60.0,60.0,71.0,2.62,6011.0,16899.0,9899.0,0.0,9899.0,9899.0,13.0,13.0,14.0,1.31,830.0,185.0,645.0,10729.0,3.0,3.0,3.0,4.65,3752.0,2604.0,1148.0,14481.0,8.0,8.0,9.0,6.97,2372.0,226.0,2146.0,16853.0,10.0,10.0,11.0,4.66,1471.0,730.0,741.0,18324.0,8.0,8.0,10.0,10.8,1902.0,903.0,999.0,20226.0,10.0,10.0,11.0,10.01,2684.0,1363.0,1321.0,22910.0,10.0,10.0,13.0,7.57,,,,,,,,,,,,,,,,,,,,,,,,,
e6d33b98-bbcc-42e2-9bff-c3ad4145d4c3,2025-12-14 09:59:29 UTC,False,17935.0,CFOP,Gan 12 UI Maglev,RandomForest,7659.0,17935.0,,,gan12,custom_rules,,,,8.0,0.0,0.0,17935.0,70.0,71.0,78.0,3.9,3691.0,14244.0,6686.0,0.0,6686.0,6686.0,19.0,19.0,22.0,2.84,0.0,0.0,0.0,6686.0,0.0,0.0,0.0,0.0,1624.0,1237.0,387.0,8310.0,4.0,4.0,4.0,10.34,1803.0,499.0,1304.0,10113.0,8.0,8.0,9.0,6.13,1938.0,162.0,1776.0,12051.0,11.0,11.0,11.0,6.19,2620.0,891.0,1729.0,14671.0,9.0,10.0,10.0,5.21,3264.0,902.0,2362.0,17935.0,20.0,20.0,22.0,8.47,,,,,,,,,,,,,,,,,,,,,,,,,
a328d1a6-82c8-4ffb-b238-fd594a701a32,2025-12-14 10:00:00 UTC,False,15453.0,CFOP,Gan 12 UI Maglev,RandomForest,3487.0,15453.0,,,gan12,custom_rules,,,,8.0,0.0,0.0,15453.0,52.0,53.0,60.0,3.37,6279.0,9174.0,1362.0,0.0,1362.0,1362.0,5.0,5.0,6.0,3.67,4214.0,1189.0,3025.0,5576.0,16.0,16.0,18.0,5.29,2695.0,1405.0,1290.0,8271.0,8.0,8.0,10.0,6.2,1684.0,676.0,1008.0,9955.0,5.0,6.0,6.0,4.96,2544.0,1005.0,1539.0,12499.0,5.0,5.0,6.0,3.25,2462.0,1512.0,950.0,14961.0,12.0,12.0,13.0,12.63,492.0,492.0,0.0,15453.0,1.0,1.0,1.0,,,,,,,,,,,,,,,,,,,,,,,,,,
629be971-eced-451e-81c6-7193039c42c9,2025-12-14 10:00:42 UTC,False,21592.0,CFOP,Gan 12 UI Maglev,RandomForest,10110.0,21592.0,,,gan12,custom_rules,,,,8.0,0.0,0.0,21592.0,71.0,71.0,83.0,3.29,8348.0,13244.0,2696.0,0.0,2696.0,2696.0,9.0,9.0,9.0,3.34,4831.0,2214.0,2617.0,7527.0,7.0,7.0,8.0,2.67,3586.0,2291.0,1295.0,11113.0,8.0,8.0,10.0,6.18,2639.0,1415.0,1224.0,13752.0,8.0,8.0,10.0,6.54,1768.0,443.0,1325.0,15520.0,10.0,10.0,12.0,7.55,2269.0,1120.0,1149.0,17789.0,12.0,12.0,13.0,10.44,3803.0,865.0,2938.0,21592.0,17.0,17.0,21.0,5.79,,,,,,,,,,,,,,,,,,,,,,,,,
ad26c1e7-6412-4913-a27b-be7f3613ded0,2025-12-14 10:01:15 UTC,False,14125.0,CFOP,Gan 12 UI Maglev,RandomForest,6470.0,14125.0,,,gan12,custom_rules,,,,8.0,0.0,0.0,14125.0,66.0,67.0,73.0,4.67,6530.0,7507.0,1265.0,0.0,1265.0,1353.0,6.0,6.0,7.0,4.74,1947.0,722.0,1225.0,3300.0,8.0,8.0,8.0,6.53,1318.0,399.0,919.0,4618.0,8.0,8.0,8.0,8.71,1992.0,1283.0,709.0,6610.0,8.0,8.0,10.0,11.28,2487.0,1480.0,1007.0,9097.0,10.0,10.0,10.0,9.93,1953.0,664.0,1289.0,11050.0,13.0,13.0,14.0,10.09,3075.0,1982.0,1093.0,14125.0,13.0,14.0,16.0,11.89,,,,,,,,,,,,,,,,,,,,,,,,,
1df97a0f-7bbe-45a5-9a78-35a316320401,2025-12-14 10:01:45 UTC,False,15665.0,CFOP,Gan 12 UI Maglev,RandomForest,6128.0,15665.0,,,gan12,custom_rules,,,,8.0,0.0,0.0,15665.0,68.0,73.0,90.0,4.34,6124.0,9541.0,2319.0,0.0,2319.0,2319.0,7.0,7.0,8.0,3.02,1472.0,870.0,602.0,3791.0,8.0,8.0,9.0,13.29,1866.0,483.0,1383.0,5657.0,9.0,9.0,12.0,6.51,2449.0,1010.0,1439.0,8106.0,11.0,11.0,14.0,7.64,2423.0,1818.0,605.0,10529.0,10.0,10.0,11.0,16.53,2327.0,893.0,1434.0,12856.0,13.0,13.0,13.0,9.07,2809.0,1050.0,1759.0,15665.0,10.0,15.0,23.0,5.69,,,,,,,,,,,,,,,,,,,,,,,,,
8b8e3f66-3a0d-4620-a977-e8db9fb658d0,2025-12-14 10:02:14 UTC,False,16080.0,CFOP,Gan 12 UI Maglev,RandomForest,4046.0,16080.0,,,gan12,custom_rules,,,,8.0,0.0,0.0,16080.0,78.0,78.0,94.0,4.85,3902.0,12178.0,2090.0,0.0,2090.0,2090.0,7.0,7.0,11.0,3.35,4413.0,1039.0,3374.0,6503.0,19.0,19.0,22.0,5.63,1714.0,105.0,1609.0,8217.0,12.0,12.0,12.0,7.46,1360.0,417.0,943.0,9577.0,8.0,8.0,9.0,8.48,1434.0,266.0,1168.0,11011.0,7.0,7.0,8.0,5.99,2062.0,1167.0,895.0,13073.0,10.0,10.0,14.0,11.17,3007.0,908.0,2099.0,16080.0,16.0,16.0,18.0,7.62,,,,,,,,,,,,,,,,,,,,,,,,,
ed420d78-ea78-4ac1-99ad-65b6b96c9656,2025-12-14 10:03:04 UTC,False,15061.0,CFOP,Gan 12 UI Maglev,RandomForest,14181.0,15061.0,,,gan12,custom_rules,,,,8.0,0.0,0.0,15061.0,69.0,70.0,75.0,4.58,5713.0,9348.0,2272.0,0.0,2272.0,2272.0,10.0,10.0,11.0,4.4,1847.0,902.0,945.0,4119.0,7.0,7.0,7.0,7.41,1259.0,904.0,355.0,5378.0,3.0,3.0,3.0,8.45,1634.0,507.0,1127.0,7012.0,8.0,8.0,10.0,7.1,1827.0,1023.0,804.0,8839.0,9.0,9.0,11.0,11.19,3056.0,1282.0,1774.0,11895.0,13.0,14.0,14.0,7.33,3166.0,1095.0,2071.0,15061.0,19.0,19.0,19.0,9.17,,,,,,,,,,,,,,,,,,,,,,,,,
b08c5003-ad98-4406-8f0e-0c5bc0171141,2025-12-14 10:03:49 UTC,False,20645.0,CFOP,Gan 12 UI Maglev,RandomForest,11344.0,20645.0,,,gan12,custom_rules,,,,8.0,0.0,0.0,20645.0,67.0,71.0,83.0,3.25,11453.0,9192.0,1289.0,0.0,1289.0,1289.0,5.0,5.0,6.0,3.88,4527.0,2720.0,1807.0,5816.0,9.0,9.0,11.0,4.98,4237.0,3209.0,1028.0,10053.0,9.0,9.0,10.0,8.75,1584.0,1036.0,548.0,11637.0,5.0,6.0,6.0,9.12,1847.0,1275.0,572.0,13484.0,10.0,10.0,12.0,17.48,2970.0,1932.0,1038.0,16454.0,13.0,15.0,18.0,12.52,4191.0,1281.0,2910.0,20645.0,16.0,17.0,20.0,5.5,,,,,,,,,,,,,,,,,,,,,,,,,
39ad2841-7c76-4d20-b232-fe31c2f6b717,2025-12-14 10:04:26 UTC,False,16870.0,CFOP,Gan 12 UI Maglev,RandomForest,10400.0,16870.0,,,gan12,custom_rules,,,,8.0,0.0,0.0,16870.0,68.0,69.0,77.0,4.03,7446.0,9368.0,2224.0,0.0,2224.0,2280.0,8.0,8.0,10.0,3.6,1756.0,863.0,893.0,4036.0,8.0,8.0,9.0,8.96,1788.0,709.0,1079.0,5824.0,8.0,8.0,9.0,7.41,2910.0,1919.0,991.0,8734.0,9.0,9.0,9.0,9.08,1170.0,542.0,628.0,9904.0,9.0,9.0,9.0,14.33,2423.0,1190.0,1233.0,12327.0,9.0,9.0,11.0,7.3,4543.0,2223.0,2320.0,16870.0,17.0,18.0,20.0,7.33,,,,,,,,,,,,,,,,,,,,,,,,,
50e02d1e-e71b-46c1-b631-81c06b2b2f3a,2025-12-14 10:05:05 UTC,False,13309.0,CFOP,Gan 12 UI Maglev,RandomForest,18044.0,13309.0,,,gan12,custom_rules,,,,8.0,0.0,0.0,13309.0,47.0,49.0,59.0,3.53,5335.0,7974.0,4414.0,0.0,4414.0,4414.0,15.0,17.0,24.0,3.4,0.0,0.0,0.0,4414.0,0.0,0.0,0.0,0.0,2072.0,1404.0,668.0,6486.0,5.0,5.0,6.0,7.49,2413.0,1358.0,1055.0,8899.0,7.0,7.0,7.0,6.64,1147.0,591.0,556.0,10046.0,7.0,7.0,8.0,12.59,2588.0,1307.0,1281.0,12634.0,12.0,12.0,12.0,9.37,675.0,675.0,0.0,13309.0,1.0,1.0,2.0,,,,,,,,,,,,,,,,,,,,,,,,,,
e9fc73c2-9332-46c1-97d3-85429ac89940,2025-12-14 10:05:55 UTC,False,26367.0,CFOP,Gan 12 UI Maglev,RandomForest,8252.0,26367.0,,,gan12,custom_rules,,,,8.0,0.0,0.0,26367.0,110.0,118.0,137.0,4.17,6063.0,20127.0,1484.0,0.0,1484.0,1661.0,5.0,6.0,8.0,3.37,2714.0,1441.0,1273.0,4375.0,9.0,10.0,11.0,7.07,2075.0,660.0,1415.0,6450.0,8.0,8.0,8.0,5.65,2010.0,1224.0,786.0,8460.0,8.0,8.0,8.0,10.18,1625.0,1005.0,620.0,10085.0,8.0,8.0,9.0,12.9,1847.0,838.0,1009.0,11932.0,9.0,9.0,12.0,8.92,14435.0,895.0,13540.0,26367.0,63.0,69.0,81.0,4.65,,,,,,,,,,,,,,,,,,,,,,,,,
4ba1c143-4b69-4546-bff8-93190a4b8238,2025-12-14 10:07:14 UTC,False,28840.0,CFOP,Gan 12 UI Maglev,RandomForest,40581.0,28840.0,,,gan12,custom_rules,,,,8.0,0.0,0.0,28840.0,76.0,81.0,98.0,2.64,8509.0,20331.0,5009.0,0.0,5009.0,5009.0,9.0,9.0,11.0,1.8,9492.0,2264.0,7228.0,14501.0,20.0,20.0,22.0,2.77,3052.0,1756.0,1296.0,17553.0,8.0,8.0,9.0,6.17,3750.0,733.0,3017.0,21303.0,12.0,12.0,13.0,3.98,1602.0,959.0,643.0,22905.0,6.0,7.0,7.0,9.33,3266.0,1941.0,1325.0,26171.0,12.0,12.0,17.0,9.06,2669.0,856.0,1813.0,28840.0,9.0,13.0,19.0,4.96,,,,,,,,,,,,,,,,,,,,,,,,,
720ce82e-f253-4036-acaa-5771e8721e60,2025-12-14 10:08:03 UTC,False,18865.0,CFOP,Gan 12 UI Maglev,RandomForest,20912.0,18865.0,,,gan12,custom_rules,,,,8.0,0.0,0.0,18865.0,78.0,82.0,93.0,4.13,6199.0,12666.0,3294.0,0.0,3294.0,3294.0,9.0,9.0,12.0,2.73,3201.0,693.0,2508.0,6495.0,14.0,14.0,15.0,5.58,2646.0,1047.0,1599.0,9141.0,14.0,14.0,14.0,8.76,3030.0,1579.0,1451.0,12171.0,8.0,8.0,8.0,5.51,2099.0,564.0,1535.0,14270.0,12.0,12.0,13.0,7.82,2371.0,1040.0,1331.0,16641.0,13.0,13.0,14.0,9.77,2224.0,1276.0,948.0,18865.0,8.0,12.0,17.0,8.44,,,,,,,,,,,,,,,,,,,,,,,,,
ef1d0bfa-2fa5-43fd-bb6c-5d341e2af1d3,2025-12-14 10:08:49 UTC,False,17818.0,CFOP,Gan 12 UI Maglev,RandomForest,19621.0,17818.0,,,gan12,custom_rules,,,,8.0,0.0,0.0,17818.0,72.0,72.0,77.0,4.04,7200.0,10618.0,1785.0,0.0,1785.0,1785.0,9.0,9.0,9.0,5.04,3696.0,1487.0,2209.0,5481.0,11.0,11.0,12.0,4.98,2423.0,1278.0,1145.0,7904.0,8.0,8.0,9.0,6.99,3037.0,1127.0,1910.0,10941.0,8.0,8.0,9.0,4.19,1921.0,1776.0,145.0,12862.0,5.0,5.0,5.0,34.48,1781.0,734.0,1047.0,14643.0,12.0,12.0,12.0,11.46,3175.0,798.0,2377.0,17818.0,20.0,20.0,21.0,8.41,,,,,,,,,,,,,,,,,,,,,,,,,
730807c8-f36b-40ae-b317-0674f0522915,2025-12-14 10:09:24 UTC,False,20765.0,CFOP,Gan 12 UI Maglev,RandomForest,4100.0,20765.0,,,gan12,custom_rules,,,,8.0,0.0,0.0,20765.0,65.0,69.0,79.0,3.13,1330.0,19435.0,3716.0,0.0,3716.0,3716.0,12.0,12.0,14.0,3.23,0.0,0.0,0.0,3716.0,0.0,0.0,0.0,0.0,2004.0,339.0,1665.0,5720.0,8.0,8.0,9.0,4.8,15045.0,991.0,14054.0,20765.0,45.0,49.0,56.0,3.2,0.0,0.0,0.0,20765.0,0.0,0.0,0.0,0.0,0.0,0.0,0.0,20765.0,0.0,0.0,0.0,0.0,0.0,0.0,0.0,20765.0,0.0,0.0,0.0,0.0,,,,,,,,,,,,,,,,,,,,,,,,,
b798447d-c1bb-4dcb-87fe-a2453333f5db,2025-12-14 10:10:07 UTC,False,28669.0,CFOP,Gan 12 UI Maglev,RandomForest,4162.0,28669.0,,,gan12,custom_rules,,,,8.0,0.0,0.0,28669.0,84.0,85.0,96.0,2.93,11661.0,17008.0,1361.0,0.0,1361.0,1361.0,6.0,6.0,6.0,4.41,4795.0,3128.0,1667.0,6156.0,12.0,12.0,15.0,7.2,3859.0,1965.0,1894.0,10015.0,12.0,12.0,15.0,6.34,4867.0,1470.0,3397.0,14882.0,10.0,10.0,10.0,2.94,6172.0,701.0,5471.0,21054.0,19.0,19.0,20.0,3.47,2197.0,1456.0,741.0,23251.0,7.0,7.0,7.0,9.45,5418.0,2941.0,2477.0,28669.0,18.0,19.0,23.0,7.27,,,,,,,,,,,,,,,,,,,,,,,,,
1d1d6112-e865-4bab-8c93-9c68818b0194,2025-12-14 10:10:46 UTC,False,22936.0,CFOP,Gan 12 UI Maglev,RandomForest,5352.0,22936.0,,,gan12,custom_rules,,,,8.0,0.0,0.0,22936.0,66.0,73.0,87.0,2.88,11982.0,10954.0,2136.0,0.0,2136.0,2136.0,7.0,7.0,8.0,3.28,2294.0,1142.0,1152.0,4430.0,9.0,10.0,12.0,7.81,1249.0,580.0,669.0,5679.0,8.0,8.0,8.0,11.96,8814.0,6567.0,2247.0,14493.0,13.0,13.0,16.0,5.79,957.0,314.0,643.0,15450.0,8.0,8.0,8.0,12.44,3264.0,1233.0,2031.0,18714.0,11.0,12.0,12.0,5.42,4222.0,2146.0,2076.0,22936.0,10.0,15.0,23.0,4.82,,,,,,,,,,,,,,,,,,,,,,,,,
5589b754-1aaf-4cfe-83a2-87ae948281f1,2025-12-14 10:12:10 UTC,False,21613.0,CFOP,Gan 12 UI Maglev,RandomForest,50796.0,21613.0,,,gan12,custom_rules,,,,8.0,0.0,0.0,21613.0,78.0,79.0,86.0,3.61,4636.0,16977.0,2589.0,0.0,2589.0,2589.0,5.0,5.0,6.0,1.93,3384.0,290.0,3094.0,5973.0,10.0,10.0,10.0,3.23,6580.0,419.0,6161.0,12553.0,16.0,16.0,17.0,2.6,2432.0,1160.0,1272.0,14985.0,11.0,11.0,12.0,8.65,1424.0,532.0,892.0,16409.0,7.0,7.0,7.0,7.85,1823.0,725.0,1098.0,18232.0,12.0,12.0,12.0,10.93,3381.0,1510.0,1871.0,21613.0,18.0,19.0,22.0,9.62,,,,,,,,,,,,,,,,,,,,,,,,,
a3af0e1a-7fed-4b86-91b6-aaa149547be0,2025-12-14 10:13:02 UTC,False,14056.0,CFOP,Gan 12 UI Maglev,RandomForest,6287.0,14056.0,,,gan12,custom_rules,,,,8.0,0.0,0.0,14056.0,66.0,67.0,75.0,4.7,5154.0,8902.0,1225.0,0.0,1225.0,1225.0,6.0,6.0,7.0,4.9,2744.0,1609.0,1135.0,3969.0,9.0,10.0,10.0,7.93,1176.0,274.0,902.0,5145.0,7.0,7.0,7.0,7.76,589.0,339.0,250.0,5734.0,3.0,3.0,3.0,12.0,1983.0,1137.0,846.0,7717.0,8.0,8.0,9.0,9.46,3247.0,467.0,2780.0,10964.0,17.0,17.0,20.0,6.12,3092.0,1328.0,1764.0,14056.0,17.0,17.0,19.0,9.64,,,,,,,,,,,,,,,,,,,,,,,,,
e765df04-a402-4a3d-abfe-a4e61411e23f,2025-12-14 10:14:05 UTC,False,23173.0,CFOP,Gan 12 UI Maglev,RandomForest,28090.0,23173.0,,,gan12,custom_rules,,,,8.0,0.0,0.0,23173.0,78.0,78.0,83.0,3.37,9983.0,13190.0,2759.0,0.0,2759.0,2759.0,10.0,10.0,10.0,3.62,4226.0,982.0,3244.0,6985.0,12.0,12.0,13.0,3.7,1939.0,1096.0,843.0,8924.0,12.0,12.0,12.0,14.23,4006.0,1426.0,2580.0,12930.0,9.0,9.0,9.0,3.49,2320.0,1763.0,557.0,15250.0,8.0,8.0,8.0,14.36,2123.0,1181.0,942.0,17373.0,8.0,8.0,9.0,8.49,5800.0,3535.0,2265.0,23173.0,19.0,19.0,22.0,8.39,,,,,,,,,,,,,,,,,,,,,,,,,
1b2a7375-326d-4e21-b693-e7cf651dadb7,2025-12-14 10:14:56 UTC,False,21192.0,CFOP,Gan 12 UI Maglev,RandomForest,19454.0,21192.0,,,gan12,custom_rules,,,,8.0,0.0,0.0,21192.0,88.0,100.0,123.0,4.15,5204.0,15988.0,1039.0,0.0,1039.0,1039.0,5.0,5.0,5.0,4.81,1376.0,667.0,709.0,2415.0,8.0,8.0,10.0,11.28,4610.0,773.0,3837.0,7025.0,16.0,16.0,18.0,4.17,1553.0,724.0,829.0,8578.0,7.0,7.0,7.0,8.44,2662.0,1293.0,1369.0,11240.0,12.0,12.0,13.0,8.77,2168.0,789.0,1379.0,13408.0,17.0,17.0,17.0,12.33,7784.0,958.0,6826.0,21192.0,23.0,35.0,53.0,3.37,,,,,,,,,,,,,,,,,,,,,,,,,
07550dae-ecd6-4782-bdbb-53c2f34ccaf8,2025-12-14 10:15:29 UTC,False,15233.0,CFOP,Gan 12 UI Maglev,RandomForest,7436.0,15233.0,,,gan12,custom_rules,,,,8.0,0.0,0.0,15233.0,59.0,60.0,73.0,3.87,6207.0,9026.0,2684.0,0.0,2684.0,2684.0,8.0,8.0,10.0,2.98,805.0,677.0,128.0,3489.0,4.0,4.0,4.0,31.25,2333.0,952.0,1381.0,5822.0,8.0,8.0,8.0,5.79,2650.0,1184.0,1466.0,8472.0,7.0,7.0,9.0,4.77,2165.0,1254.0,911.0,10637.0,8.0,8.0,10.0,8.78,2263.0,1003.0,1260.0,12900.0,10.0,10.0,15.0,7.94,2333.0,1137.0,1196.0,15233.0,14.0,15.0,17.0,11.71,,,,,,,,,,,,,,,,,,,,,,,,,
4293a16f-77c0-4a94-9950-9f5b4adce64e,2025-12-14 10:16:02 UTC,False,17996.0,CFOP,Gan 12 UI Maglev,RandomForest,7011.0,17996.0,,,gan12,custom_rules,,,,8.0,0.0,0.0,17996.0,76.0,78.0,87.0,4.22,6894.0,11102.0,1498.0,0.0,1498.0,1498.0,7.0,7.0,9.0,4.67,3139.0,1181.0,1958.0,4637.0,9.0,9.0,11.0,4.6,2186.0,838.0,1348.0,6823.0,8.0,8.0,9.0,5.93,2666.0,1139.0,1527.0,9489.0,13.0,13.0,14.0,8.51,1848.0,951.0,897.0,11337.0,12.0,12.0,12.0,13.38,2249.0,1291.0,958.0,13586.0,10.0,11.0,11.0,10.44,4410.0,1494.0,2916.0,17996.0,17.0,18.0,21.0,5.83,,,,,,,,,,,,,,,,,,,,,,,,,
afff51ff-7616-486d-8858-0ec63b73cf3a,2025-12-14 10:16:49 UTC,False,18340.0,CFOP,Gan 12 UI Maglev,RandomForest,17787.0,18340.0,,,gan12,custom_rules,,,,8.0,0.0,0.0,18340.0,73.0,75.0,85.0,3.98,4311.0,14029.0,5217.0,0.0,5217.0,5217.0,19.0,19.0,21.0,3.64,0.0,0.0,0.0,5217.0,0.0,0.0,0.0,0.0,2405.0,137.0,2268.0,7622.0,15.0,15.0,16.0,6.61,3533.0,553.0,2980.0,11155.0,8.0,8.0,9.0,2.68,574.0,421.0,153.0,11729.0,4.0,4.0,5.0,26.14,3025.0,1418.0,1607.0,14754.0,11.0,11.0,12.0,6.85,3586.0,1782.0,1804.0,18340.0,17.0,19.0,22.0,9.42,,,,,,,,,,,,,,,,,,,,,,,,,
5634b7e2-5c27-40a3-8d05-8bdca51e2f7b,2025-12-14 10:17:20 UTC,False,15114.0,CFOP,Gan 12 UI Maglev,RandomForest,7128.0,15114.0,,,gan12,custom_rules,,,,8.0,0.0,0.0,15114.0,66.0,66.0,70.0,4.37,6384.0,8730.0,1859.0,0.0,1859.0,1859.0,7.0,7.0,7.0,3.77,1769.0,991.0,778.0,3628.0,8.0,8.0,9.0,10.28,2672.0,1617.0,1055.0,6300.0,7.0,7.0,7.0,6.64,1448.0,521.0,927.0,7748.0,7.0,7.0,7.0,7.55,1289.0,338.0,951.0,9037.0,8.0,8.0,8.0,8.41,2037.0,838.0,1199.0,11074.0,13.0,13.0,13.0,10.84,4040.0,2079.0,1961.0,15114.0,16.0,16.0,19.0,8.16,,,,,,,,,,,,,,,,,,,,,,,,,
7fc76eeb-1a84-4650-bf15-bb3b9c0e3003,2025-12-14 10:17:50 UTC,False,16099.0,CFOP,Gan 12 UI Maglev,RandomForest,5310.0,16099.0,,,gan12,custom_rules,,,,8.0,0.0,0.0,16099.0,74.0,75.0,85.0,4.6,4238.0,11861.0,1553.0,0.0,1553.0,1553.0,7.0,7.0,8.0,4.51,1611.0,580.0,1031.0,3164.0,7.0,7.0,8.0,6.79,1265.0,500.0,765.0,4429.0,7.0,7.0,7.0,9.15,4165.0,957.0,3208.0,8594.0,10.0,10.0,13.0,3.12,1047.0,257.0,790.0,9641.0,7.0,7.0,7.0,8.86,1883.0,1029.0,854.0,11524.0,12.0,12.0,12.0,14.05,4575.0,915.0,3660.0,16099.0,25.0,26.0,30.0,6.83,,,,,,,,,,,,,,,,,,,,,,,,,
3aeeb4a4-9e2e-44ef-87d8-d1c9086fb093,2025-12-14 10:18:21 UTC,False,18112.0,CFOP,Gan 12 UI Maglev,RandomForest,3593.0,18112.0,,,gan12,custom_rules,,,,8.0,0.0,0.0,18112.0,75.0,77.0,90.0,4.14,4406.0,13593.0,2618.0,0.0,2618.0,2731.0,10.0,10.0,11.0,3.82,3634.0,521.0,3113.0,6365.0,11.0,11.0,13.0,3.53,1455.0,577.0,878.0,7820.0,8.0,8.0,10.0,9.11,2872.0,987.0,1885.0,10692.0,10.0,10.0,11.0,5.31,1229.0,443.0,786.0,11921.0,7.0,7.0,8.0,8.91,4293.0,1249.0,3044.0,16214.0,16.0,18.0,22.0,5.26,1898.0,629.0,1269.0,18112.0,14.0,14.0,15.0,11.03,,,,,,,,,,,,,,,,,,,,,,,,,
cf5c5268-7660-41c6-a5d0-4390285e699f,2025-12-14 10:18:52 UTC,False,15739.0,CFOP,Gan 12 UI Maglev,RandomForest,4969.0,15739.0,,,gan12,custom_rules,,,,8.0,0.0,0.0,15739.0,56.0,61.0,72.0,3.56,7873.0,7793.0,1328.0,0.0,1328.0,1401.0,6.0,6.0,9.0,4.52,4017.0,2507.0,1510.0,5418.0,10.0,11.0,11.0,6.62,2241.0,1152.0,1089.0,7659.0,8.0,8.0,9.0,7.35,459.0,226.0,233.0,8118.0,3.0,3.0,3.0,12.88,2077.0,1408.0,669.0,10195.0,8.0,8.0,8.0,11.96,2959.0,1517.0,1442.0,13154.0,15.0,15.0,16.0,10.4,2585.0,1063.0,1522.0,15739.0,7.0,11.0,16.0,4.6,,,,,,,,,,,,,,,,,,,,,,,,,
74b39832-0a46-4a62-8790-0e78247a85be,2025-12-14 10:19:34 UTC,False,13277.0,CFOP,Gan 12 UI Maglev,RandomForest,18368.0,13277.0,,,gan12,custom_rules,,,,8.0,0.0,0.0,13277.0,60.0,62.0,72.0,4.52,7096.0,6132.0,854.0,0.0,854.0,903.0,3.0,3.0,6.0,3.51,1541.0,654.0,887.0,2444.0,8.0,8.0,10.0,9.02,1420.0,1147.0,273.0,3864.0,5.0,5.0,5.0,18.32,2163.0,1229.0,934.0,6027.0,8.0,8.0,8.0,8.57,1867.0,749.0,1118.0,7894.0,12.0,12.0,14.0,10.73,1289.0,693.0,596.0,9183.0,8.0,8.0,9.0,13.42,4094.0,2624.0,1470.0,13277.0,16.0,18.0,20.0,10.88,,,,,,,,,,,,,,,,,,,,,,,,,
be5445f8-ffb7-4a68-bf70-82590b460f3b,2025-12-14 10:20:04 UTC,False,16382.0,CFOP,Gan 12 UI Maglev,RandomForest,3396.0,16382.0,,,gan12,custom_rules,,,,8.0,0.0,0.0,16382.0,79.0,80.0,88.0,4.82,5078.0,11240.0,1153.0,0.0,1153.0,1217.0,5.0,5.0,8.0,4.34,3174.0,1000.0,2174.0,4391.0,12.0,13.0,13.0,5.52,2377.0,855.0,1522.0,6768.0,11.0,11.0,11.0,7.23,2890.0,564.0,2326.0,9658.0,10.0,10.0,10.0,4.3,1269.0,761.0,508.0,10927.0,9.0,9.0,9.0,17.72,2045.0,861.0,1184.0,12972.0,10.0,10.0,15.0,8.45,3410.0,1037.0,2373.0,16382.0,22.0,22.0,22.0,9.27,,,,,,,,,,,,,,,,,,,,,,,,,
b7061624-c6b0-4f69-ac9d-a624ccea7700,2025-12-14 10:20:35 UTC,False,14473.0,CFOP,Gan 12 UI Maglev,RandomForest,5852.0,14473.0,,,gan12,custom_rules,,,,8.0,0.0,0.0,14473.0,54.0,54.0,60.0,3.73,4754.0,9655.0,4446.0,0.0,4446.0,4510.0,9.0,9.0,11.0,2.02,0.0,0.0,0.0,4510.0,0.0,0.0,0.0,0.0,3006.0,2048.0,958.0,7516.0,8.0,8.0,9.0,8.35,1269.0,314.0,955.0,8785.0,8.0,8.0,8.0,8.38,1634.0,910.0,724.0,10419.0,8.0,8.0,9.0,11.05,2177.0,749.0,1428.0,12596.0,7.0,7.0,8.0,4.9,1877.0,733.0,1144.0,14473.0,14.0,14.0,15.0,12.24,,,,,,,,,,,,,,,,,,,,,,,,,
d54465ef-37e4-432b-8a2b-5e96d684f609,2025-12-14 10:21:02 UTC,False,14720.0,CFOP,Gan 12 UI Maglev,RandomForest,2470.0,14720.0,,,gan12,custom_rules,,,,8.0,0.0,0.0,14720.0,62.0,62.0,72.0,4.21,7194.0,7526.0,1931.0,0.0,1931.0,1931.0,7.0,7.0,10.0,3.63,3515.0,2596.0,919.0,5446.0,8.0,8.0,9.0,8.71,2008.0,410.0,1598.0,7454.0,9.0,9.0,11.0,5.63,1735.0,1566.0,169.0,9189.0,3.0,3.0,3.0,17.75,1297.0,499.0,798.0,10486.0,8.0,8.0,10.0,10.03,1898.0,955.0,943.0,12384.0,12.0,12.0,12.0,12.73,2336.0,1168.0,1168.0,14720.0,15.0,15.0,17.0,12.84,,,,,,,,,,,,,,,,,,,,,,,,,
38f16147-1976-4c90-8948-f3f92cf60e0b,2025-12-14 10:21:37 UTC,False,17717.0,CFOP,Gan 12 UI Maglev,RandomForest,6751.0,17717.0,,,gan12,custom_rules,,,,8.0,0.0,0.0,17717.0,74.0,74.0,83.0,4.18,6294.0,11423.0,1560.0,0.0,1560.0,1560.0,6.0,6.0,7.0,3.85,1811.0,516.0,1295.0,3371.0,11.0,11.0,11.0,8.49,4833.0,395.0,4438.0,8204.0,16.0,16.0,18.0,3.61,2205.0,1568.0,637.0,10409.0,7.0,7.0,7.0,10.99,1990.0,636.0,1354.0,12399.0,11.0,11.0,11.0,8.12,2697.0,1580.0,1117.0,15096.0,13.0,13.0,15.0,11.64,2621.0,1599.0,1022.0,17717.0,10.0,10.0,14.0,9.78,,,,,,,,,,,,,,,,,,,,,,,,,
42bf1404-9a37-43ee-b4b2-ba1339608b4e,2025-12-14 10:22:05 UTC,False,13345.0,CFOP,Gan 12 UI Maglev,RandomForest,5833.0,13345.0,,,gan12,custom_rules,,,,8.0,0.0,0.0,13345.0,57.0,57.0,64.0,4.27,5711.0,7570.0,1729.0,0.0,1729.0,1793.0,6.0,6.0,9.0,3.47,2619.0,1273.0,1346.0,4412.0,7.0,7.0,8.0,5.2,1979.0,1077.0,902.0,6391.0,8.0,8.0,10.0,8.87,740.0,474.0,266.0,7131.0,4.0,4.0,4.0,15.04,1945.0,1176.0,769.0,9076.0,7.0,7.0,7.0,9.1,1537.0,709.0,828.0,10613.0,9.0,9.0,9.0,10.87,2732.0,1002.0,1730.0,13345.0,16.0,16.0,17.0,9.25,,,,,,,,,,,,,,,,,,,,,,,,,
28339329-a118-4ec6-9239-56536a1a7cff,2025-12-14 10:22:35 UTC,False,14088.0,CFOP,Gan 12 UI Maglev,RandomForest,7338.0,14088.0,,,gan12,custom_rules,,,,8.0,0.0,0.0,14088.0,64.0,64.0,75.0,4.54,4533.0,9555.0,2472.0,0.0,2472.0,2472.0,6.0,6.0,9.0,2.43,1654.0,613.0,1041.0,4126.0,7.0,7.0,7.0,6.72,1786.0,484.0,1302.0,5912.0,7.0,7.0,8.0,5.38,1839.0,558.0,1281.0,7751.0,8.0,8.0,8.0,6.25,1898.0,906.0,992.0,9649.0,9.0,9.0,10.0,9.07,1831.0,820.0,1011.0,11480.0,10.0,10.0,14.0,9.89,2608.0,1152.0,1456.0,14088.0,18.0,18.0,19.0,12.36,,,,,,,,,,,,,,,,,,,,,,,,,
7ea3ec79-a4e4-42f0-b96c-ca9a4d74a9c0,2025-12-14 10:23:07 UTC,False,17248.0,CFOP,Gan 12 UI Maglev,RandomForest,3817.0,17248.0,,,gan12,custom_rules,,,,8.0,0.0,0.0,17248.0,56.0,60.0,71.0,3.25,9525.0,7723.0,1945.0,0.0,1945.0,1945.0,9.0,9.0,9.0,4.63,4379.0,2469.0,1910.0,6324.0,11.0,11.0,14.0,5.76,2529.0,1940.0,589.0,8853.0,8.0,8.0,8.0,13.58,1528.0,1262.0,266.0,10381.0,4.0,4.0,4.0,15.04,1587.0,934.0,653.0,11968.0,8.0,8.0,9.0,12.25,2085.0,1095.0,990.0,14053.0,8.0,8.0,10.0,8.08,3195.0,1825.0,1370.0,17248.0,8.0,12.0,17.0,5.84,,,,,,,,,,,,,,,,,,,,,,,,,
8cc27e5b-967b-4bdf-b3dc-9472176611ea,2025-12-14 10:23:43 UTC,False,16401.0,CFOP,Gan 12 UI Maglev,RandomForest,7202.0,16401.0,,,gan12,custom_rules,,,,8.0,0.0,0.0,16401.0,64.0,65.0,73.0,3.9,7595.0,8524.0,1858.0,0.0,1858.0,2140.0,8.0,8.0,10.0,4.31,2386.0,1637.0,749.0,4526.0,8.0,8.0,10.0,10.68,2793.0,1738.0,1055.0,7319.0,8.0,8.0,9.0,7.58,1910.0,926.0,984.0,9229.0,7.0,7.0,7.0,7.11,2071.0,1168.0,903.0,11300.0,7.0,7.0,7.0,7.75,2135.0,934.0,1201.0,13435.0,11.0,11.0,11.0,9.16,2966.0,1192.0,1774.0,16401.0,15.0,16.0,19.0,8.46,,,,,,,,,,,,,,,,,,,,,,,,,
d48c31c0-ecde-4d9a-8dcb-b7a45aedcba6,2025-12-14 10:24:13 UTC,False,15521.0,CFOP,Gan 12 UI Maglev,RandomForest,5902.0,15521.0,,,gan12,custom_rules,,,,8.0,0.0,0.0,15521.0,62.0,62.0,70.0,3.99,7337.0,8184.0,935.0,0.0,935.0,935.0,6.0,6.0,6.0,6.42,1620.0,798.0,822.0,2555.0,8.0,8.0,8.0,9.73,3511.0,2165.0,1346.0,6066.0,9.0,9.0,11.0,6.69,1321.0,1119.0,202.0,7387.0,4.0,4.0,5.0,19.8,3402.0,1627.0,1775.0,10789.0,8.0,8.0,9.0,4.51,1846.0,983.0,863.0,12635.0,10.0,10.0,10.0,11.59,2886.0,645.0,2241.0,15521.0,18.0,18.0,21.0,8.03,,,,,,,,,,,,,,,,,,,,,,,,,
5be953d4-2a96-413d-84f8-dcd4eef90ef6,2025-12-14 10:24:42 UTC,False,14973.0,CFOP,Gan 12 UI Maglev,RandomForest,4176.0,14973.0,,,gan12,custom_rules,,,,8.0,0.0,0.0,14973.0,72.0,73.0,78.0,4.81,5762.0,9211.0,1411.0,0.0,1411.0,1411.0,6.0,6.0,7.0,4.25,1595.0,1055.0,540.0,3006.0,8.0,8.0,8.0,14.81,3837.0,964.0,2873.0,6843.0,12.0,12.0,13.0,4.18,2136.0,1136.0,1000.0,8979.0,11.0,11.0,11.0,11.0,1941.0,1192.0,749.0,10920.0,9.0,9.0,9.0,12.02,1456.0,492.0,964.0,12376.0,9.0,10.0,10.0,9.34,2597.0,923.0,1674.0,14973.0,17.0,17.0,20.0,10.16,,,,,,,,,,,,,,,,,,,,,,,,,
eee2815b-53d3-48e1-9b90-18cce18bf5ff,2025-12-14 10:25:14 UTC,False,13646.0,CFOP,Gan 12 UI Maglev,RandomForest,7712.0,13646.0,,,gan12,custom_rules,,,,8.0,0.0,0.0,13646.0,61.0,62.0,70.0,4.47,5193.0,8453.0,701.0,0.0,701.0,701.0,4.0,4.0,4.0,5.71,2236.0,459.0,1777.0,2937.0,10.0,10.0,10.0,5.63,2267.0,954.0,1313.0,5204.0,8.0,9.0,10.0,6.09,1684.0,733.0,951.0,6888.0,8.0,8.0,10.0,8.41,1526.0,905.0,621.0,8414.0,8.0,8.0,10.0,12.88,1597.0,743.0,854.0,10011.0,9.0,9.0,9.0,10.54,3635.0,1399.0,2236.0,13646.0,14.0,14.0,17.0,6.26,,,,,,,,,,,,,,,,,,,,,,,,,
2f934e54-3fd6-4895-a065-d2edbd15facd,2025-12-14 10:25:53 UTC,False,25278.0,CFOP,Gan 12 UI Maglev,RandomForest,6221.0,25278.0,,,gan12,custom_rules,,,,8.0,0.0,0.0,25278.0,76.0,76.0,92.0,3.01,11107.0,14171.0,2933.0,0.0,2933.0,2933.0,8.0,8.0,13.0,2.73,5957.0,4989.0,968.0,8890.0,8.0,8.0,11.0,8.26,5835.0,1104.0,4731.0,14725.0,14.0,14.0,17.0,2.96,2033.0,704.0,1329.0,16758.0,8.0,8.0,9.0,6.02,2126.0,1175.0,951.0,18884.0,9.0,9.0,10.0,9.46,2908.0,1442.0,1466.0,21792.0,12.0,12.0,14.0,8.19,3486.0,1693.0,1793.0,25278.0,17.0,17.0,18.0,9.48,,,,,,,,,,,,,,,,,,,,,,,,,
873bbc75-2ffe-43fb-8c27-008566c1b018,2025-12-14 10:26:22 UTC,False,14069.0,CFOP,Gan 12 UI Maglev,RandomForest,4477.0,14069.0,,,gan12,custom_rules,,,,8.0,0.0,0.0,14069.0,74.0,74.0,80.0,5.26,6594.0,7475.0,1377.0,0.0,1377.0,1377.0,6.0,6.0,7.0,4.36,1238.0,521.0,717.0,2615.0,12.0,12.0,12.0,16.74,2515.0,1613.0,902.0,5130.0,8.0,8.0,8.0,8.87,1532.0,992.0,540.0,6662.0,8.0,8.0,10.0,14.81,2224.0,1485.0,739.0,8886.0,8.0,8.0,10.0,10.83,1877.0,1032.0,845.0,10763.0,11.0,11.0,11.0,13.02,3306.0,951.0,2355.0,14069.0,21.0,21.0,22.0,8.92,,,,,,,,,,,,,,,,,,,,,,,,,
e22db947-150b-4065-a259-fd0dc7a87363,2025-12-14 10:27:00 UTC,False,14932.0,CFOP,Gan 12 UI Maglev,RandomForest,5900.0,14932.0,,,gan12,custom_rules,,,,8.0,0.0,0.0,14932.0,64.0,66.0,73.0,4.29,5844.0,9088.0,2071.0,0.0,2071.0,2071.0,7.0,7.0,8.0,3.38,1912.0,862.0,1050.0,3983.0,8.0,8.0,9.0,7.62,2462.0,274.0,2188.0,6445.0,11.0,11.0,12.0,5.03,2351.0,1666.0,685.0,8796.0,7.0,7.0,7.0,10.22,2032.0,1209.0,823.0,10828.0,8.0,8.0,9.0,9.72,1419.0,670.0,749.0,12247.0,9.0,10.0,10.0,12.02,2685.0,1163.0,1522.0,14932.0,15.0,16.0,18.0,9.86,,,,,,,,,,,,,,,,,,,,,,,,,
6f66dec3-8313-44dd-acab-406227a06b8b,2025-12-14 10:32:04 UTC,False,14730.0,CFOP,Gan 12 UI Maglev,RandomForest,5782.0,14730.0,,,gan12,custom_rules,,,,8.0,0.0,0.0,14730.0,60.0,61.0,70.0,4.07,5245.0,9485.0,4002.0,0.0,4002.0,4002.0,10.0,10.0,12.0,2.5,1176.0,355.0,821.0,5178.0,7.0,7.0,7.0,8.53,1351.0,893.0,458.0,6529.0,6.0,6.0,8.0,13.1,1772.0,878.0,894.0,8301.0,8.0,8.0,9.0,8.95,2236.0,939.0,1297.0,10537.0,7.0,7.0,7.0,5.4,1199.0,578.0,621.0,11736.0,7.0,7.0,8.0,11.27,2994.0,1602.0,1392.0,14730.0,15.0,16.0,19.0,10.78,,,,,,,,,,,,,,,,,,,,,,,,,
c4adbd1e-94d6-4054-b766-63366ead618f,2025-12-14 10:32:34 UTC,False,13382.0,CFOP,Gan 12 UI Maglev,RandomForest,4035.0,13382.0,,,gan12,custom_rules,,,,8.0,0.0,0.0,13382.0,67.0,68.0,77.0,5.01,5703.0,7582.0,789.0,0.0,789.0,886.0,4.0,4.0,7.0,5.07,2432.0,1038.0,1394.0,3318.0,9.0,10.0,11.0,6.46,2563.0,1354.0,1209.0,5881.0,12.0,12.0,14.0,9.93,1475.0,556.0,919.0,7356.0,7.0,7.0,8.0,7.62,1674.0,1062.0,612.0,9030.0,7.0,7.0,8.0,11.44,1290.0,557.0,733.0,10320.0,8.0,8.0,8.0,10.91,3062.0,1136.0,1926.0,13382.0,20.0,20.0,21.0,10.38,,,,,,,,,,,,,,,,,,,,,,,,,
3e2b7755-84ec-4241-b511-55131416b473,2025-12-14 10:33:06 UTC,False,16938.0,CFOP,Gan 12 UI Maglev,RandomForest,4653.0,16938.0,,,gan12,custom_rules,,,,8.0,0.0,0.0,16938.0,72.0,72.0,78.0,4.25,6808.0,10130.0,2519.0,0.0,2519.0,2519.0,8.0,8.0,9.0,3.18,2367.0,1191.0,1176.0,4886.0,8.0,8.0,8.0,6.8,2148.0,947.0,1201.0,7034.0,7.0,7.0,8.0,5.83,1970.0,1261.0,709.0,9004.0,8.0,8.0,8.0,11.28,3567.0,1746.0,1821.0,12571.0,13.0,13.0,15.0,7.14,1972.0,772.0,1200.0,14543.0,12.0,12.0,13.0,10.0,2395.0,891.0,1504.0,16938.0,16.0,16.0,17.0,10.64,,,,,,,,,,,,,,,,,,,,,,,,,
89a5454b-1343-44fb-9a40-dd5f742d3db4,2025-12-14 10:33:40 UTC,False,16750.0,CFOP,Gan 12 UI Maglev,RandomForest,7211.0,16750.0,,,gan12,custom_rules,,,,8.0,0.0,0.0,16750.0,65.0,68.0,71.0,3.88,6260.0,10490.0,1152.0,0.0,1152.0,1152.0,6.0,6.0,6.0,5.21,1996.0,1045.0,951.0,3148.0,8.0,8.0,9.0,8.41,3514.0,2161.0,1353.0,6662.0,8.0,8.0,8.0,5.91,1419.0,242.0,1177.0,8081.0,7.0,7.0,7.0,5.95,1678.0,524.0,1154.0,9759.0,4.0,4.0,4.0,3.47,3937.0,1192.0,2745.0,13696.0,18.0,18.0,18.0,6.56,3054.0,1096.0,1958.0,16750.0,15.0,17.0,19.0,7.66,,,,,,,,,,,,,,,,,,,,,,,,,
29217d53-5480-4180-9906-99ebe4cf2727,2025-12-14 10:34:41 UTC,False,18627.0,CFOP,Gan 12 UI Maglev,RandomForest,34006.0,18627.0,,,gan12,custom_rules,,,,8.0,0.0,0.0,18627.0,76.0,79.0,87.0,4.08,6378.0,12249.0,1386.0,0.0,1386.0,1386.0,5.0,5.0,7.0,3.61,4339.0,669.0,3670.0,5725.0,14.0,15.0,16.0,3.81,3258.0,1239.0,2019.0,8983.0,12.0,12.0,14.0,5.94,2252.0,604.0,1648.0,11235.0,14.0,15.0,15.0,8.5,1801.0,1084.0,717.0,13036.0,8.0,8.0,8.0,11.16,1989.0,909.0,1080.0,15025.0,10.0,11.0,11.0,9.26,3602.0,1873.0,1729.0,18627.0,13.0,13.0,16.0,7.52,,,,,,,,,,,,,,,,,,,,,,,,,
fbde11e3-58e2-400d-8d27-7c80d3e89ebe,2025-12-14 10:35:43 UTC,False,26778.0,CFOP,Gan 12 UI Maglev,RandomForest,26319.0,26778.0,,,gan12,custom_rules,,,,8.0,0.0,0.0,26778.0,81.0,83.0,91.0,3.02,8558.0,18026.0,4418.0,0.0,4418.0,4612.0,7.0,8.0,9.0,1.58,1376.0,1183.0,193.0,5988.0,3.0,3.0,3.0,15.54,1998.0,773.0,1225.0,7986.0,8.0,8.0,9.0,6.53,1600.0,660.0,940.0,9586.0,8.0,8.0,9.0,8.51,9748.0,3839.0,5909.0,19334.0,21.0,21.0,22.0,3.55,2350.0,1160.0,1190.0,21684.0,13.0,13.0,14.0,10.92,5094.0,943.0,4151.0,26778.0,21.0,22.0,25.0,5.06,,,,,,,,,,,,,,,,,,,,,,,,,
68cb2a95-5eed-4b62-af0c-7d063bfec502,2025-12-14 10:36:19 UTC,False,22578.0,CFOP,Gan 12 UI Maglev,RandomForest,3892.0,22578.0,,,gan12,custom_rules,,,,8.0,0.0,0.0,22578.0,70.0,72.0,78.0,3.1,6018.0,16560.0,1907.0,0.0,1907.0,1907.0,8.0,8.0,9.0,4.2,8886.0,733.0,8153.0,10793.0,14.0,14.0,14.0,1.72,1311.0,999.0,312.0,12104.0,4.0,4.0,5.0,12.82,3151.0,1161.0,1990.0,15255.0,12.0,12.0,13.0,6.03,1926.0,516.0,1410.0,17181.0,9.0,9.0,9.0,6.38,2447.0,1192.0,1255.0,19628.0,10.0,11.0,11.0,7.97,2950.0,1417.0,1533.0,22578.0,14.0,15.0,17.0,9.13,,,,,,,,,,,,,,,,,,,,,,,,,
7eaa1a28-4d2a-4636-b510-86fbba1e5d8b,2025-12-14 10:36:52 UTC,False,16326.0,CFOP,Gan 12 UI Maglev,RandomForest,4144.0,16326.0,,,gan12,custom_rules,,,,8.0,0.0,0.0,16326.0,60.0,61.0,72.0,3.68,6515.0,9811.0,2910.0,0.0,2910.0,2910.0,8.0,8.0,11.0,2.75,1435.0,475.0,960.0,4345.0,6.0,7.0,7.0,6.25,3650.0,887.0,2763.0,7995.0,14.0,14.0,16.0,5.07,2501.0,1759.0,742.0,10496.0,8.0,8.0,10.0,10.78,1667.0,1040.0,627.0,12163.0,8.0,8.0,8.0,12.76,1290.0,637.0,653.0,13453.0,6.0,6.0,6.0,9.19,2873.0,1717.0,1156.0,16326.0,10.0,10.0,14.0,8.65,,,,,,,,,,,,,,,,,,,,,,,,,
13685366-6ea6-4ef9-a7ee-caf5ea8e621b,2025-12-14 10:37:33 UTC,False,16858.0,CFOP,Gan 12 UI Maglev,RandomForest,14015.0,16858.0,,,gan12,custom_rules,,,,8.0,0.0,0.0,16858.0,64.0,68.0,80.0,3.8,5837.0,11021.0,3441.0,0.0,3441.0,3441.0,8.0,10.0,15.0,2.32,3707.0,2261.0,1446.0,7148.0,7.0,7.0,8.0,4.84,1321.0,427.0,894.0,8469.0,7.0,8.0,8.0,7.83,905.0,559.0,346.0,9374.0,3.0,3.0,4.0,8.67,2945.0,379.0,2566.0,12319.0,12.0,12.0,14.0,4.68,2171.0,994.0,1177.0,14490.0,13.0,13.0,13.0,11.05,2368.0,1217.0,1151.0,16858.0,14.0,15.0,18.0,12.16,,,,,,,,,,,,,,,,,,,,,,,,,
d0d10ffe-fb30-4c81-89e4-4b98e75bca23,2025-12-14 10:38:10 UTC,False,19908.0,CFOP,Gan 12 UI Maglev,RandomForest,8427.0,19908.0,,,gan12,custom_rules,,,,8.0,0.0,0.0,19908.0,75.0,79.0,89.0,3.77,8031.0,11877.0,943.0,0.0,943.0,943.0,5.0,6.0,6.0,5.3,5133.0,1802.0,3331.0,6076.0,12.0,12.0,16.0,3.6,2419.0,1032.0,1387.0,8495.0,8.0,8.0,9.0,5.77,2772.0,1402.0,1370.0,11267.0,9.0,10.0,11.0,6.57,2703.0,1502.0,1201.0,13970.0,7.0,7.0,9.0,5.83,3018.0,1376.0,1642.0,16988.0,15.0,17.0,18.0,9.14,2920.0,917.0,2003.0,19908.0,19.0,19.0,20.0,9.49,,,,,,,,,,,,,,,,,,,,,,,,,
213fe23f-6ddf-409f-9523-f12a1f164e39,2025-12-14 10:38:39 UTC,False,16999.0,CFOP,Gan 12 UI Maglev,RandomForest,2370.0,16999.0,,,gan12,custom_rules,,,,8.0,0.0,0.0,16999.0,60.0,64.0,76.0,3.53,3525.0,13426.0,2105.0,0.0,2105.0,2153.0,6.0,6.0,8.0,2.85,1128.0,233.0,895.0,3281.0,7.0,7.0,7.0,7.82,3027.0,113.0,2914.0,6308.0,10.0,10.0,11.0,3.43,1610.0,692.0,918.0,7918.0,8.0,8.0,9.0,8.71,2228.0,1012.0,1216.0,10146.0,7.0,7.0,8.0,5.76,2366.0,613.0,1753.0,12512.0,9.0,9.0,9.0,5.13,4487.0,862.0,3625.0,16999.0,14.0,18.0,24.0,3.86,,,,,,,,,,,,,,,,,,,,,,,,,
cd0e0882-99ab-406a-a21c-2ae8079f82f9,2025-12-14 10:39:13 UTC,False,18537.0,CFOP,Gan 12 UI Maglev,RandomForest,5045.0,18537.0,,,gan12,custom_rules,,,,8.0,0.0,0.0,18537.0,54.0,60.0,71.0,2.91,5915.0,12622.0,3996.0,0.0,3996.0,3996.0,7.0,7.0,10.0,1.75,3287.0,1895.0,1392.0,7283.0,8.0,8.0,9.0,5.75,1764.0,621.0,1143.0,9047.0,7.0,7.0,7.0,6.12,1578.0,1327.0,251.0,10625.0,4.0,4.0,4.0,15.94,1095.0,370.0,725.0,11720.0,8.0,8.0,8.0,11.03,1716.0,790.0,926.0,13436.0,7.0,7.0,7.0,7.56,5101.0,912.0,4189.0,18537.0,14.0,20.0,26.0,3.34,,,,,,,,,,,,,,,,,,,,,,,,,
e1bf9c7c-cce3-40ef-a2a6-2b0982e01ee9,2025-12-14 10:39:51 UTC,False,14558.0,CFOP,Gan 12 UI Maglev,RandomForest,5911.0,14558.0,,,gan12,custom_rules,,,,8.0,0.0,0.0,14558.0,59.0,59.0,65.0,4.05,6330.0,8228.0,2624.0,0.0,2624.0,2624.0,9.0,9.0,10.0,3.43,924.0,601.0,323.0,3548.0,4.0,4.0,4.0,12.38,1863.0,1095.0,768.0,5411.0,7.0,7.0,7.0,9.11,2410.0,1556.0,854.0,7821.0,8.0,8.0,9.0,9.37,1130.0,492.0,638.0,8951.0,7.0,7.0,7.0,10.97,2087.0,958.0,1129.0,11038.0,13.0,13.0,14.0,11.51,3520.0,1628.0,1892.0,14558.0,11.0,11.0,14.0,5.81,,,,,,,,,,,,,,,,,,,,,,,,,
4c8ac9c2-5794-44c3-885f-f46b922886ce,2025-12-14 10:40:24 UTC,False,17700.0,CFOP,Gan 12 UI Maglev,RandomForest,5703.0,17700.0,,,gan12,custom_rules,,,,8.0,0.0,0.0,17700.0,70.0,72.0,81.0,3.95,7564.0,10136.0,1606.0,0.0,1606.0,1606.0,6.0,6.0,7.0,3.74,1727.0,1224.0,503.0,3333.0,6.0,7.0,7.0,11.93,2181.0,1343.0,838.0,5514.0,7.0,7.0,7.0,8.35,3561.0,1176.0,2385.0,9075.0,13.0,13.0,15.0,5.45,2073.0,274.0,1799.0,11148.0,12.0,12.0,13.0,6.67,1824.0,857.0,967.0,12972.0,10.0,10.0,13.0,10.34,4728.0,2690.0,2038.0,17700.0,16.0,17.0,19.0,7.85,,,,,,,,,,,,,,,,,,,,,,,,,
84b33d3e-2fbb-4a0d-b660-f25213151379,2025-12-14 10:41:07 UTC,False,27174.0,CFOP,Gan 12 UI Maglev,RandomForest,5292.0,27174.0,,,gan12,custom_rules,,,,8.0,0.0,0.0,27174.0,79.0,81.0,90.0,2.91,12367.0,14807.0,4285.0,0.0,4285.0,4285.0,9.0,9.0,10.0,2.1,9557.0,6777.0,2780.0,13842.0,12.0,12.0,14.0,4.32,1663.0,841.0,822.0,15505.0,8.0,8.0,8.0,9.73,2560.0,1520.0,1040.0,18065.0,8.0,8.0,10.0,7.69,1098.0,244.0,854.0,19163.0,7.0,7.0,8.0,8.2,4482.0,1767.0,2715.0,23645.0,12.0,14.0,14.0,4.42,3529.0,1218.0,2311.0,27174.0,23.0,23.0,26.0,9.95,,,,,,,,,,,,,,,,,,,,,,,,,
35ad99ed-3fb2-4c5a-8e4c-63613334669c,2025-12-14 10:41:43 UTC,False,19132.0,CFOP,Gan 12 UI Maglev,RandomForest,6625.0,19132.0,,,gan12,custom_rules,,,,8.0,0.0,0.0,19132.0,71.0,74.0,81.0,3.71,6546.0,12586.0,2849.0,0.0,2849.0,2849.0,7.0,7.0,7.0,2.46,1610.0,780.0,830.0,4459.0,8.0,8.0,8.0,9.64,1578.0,571.0,1007.0,6037.0,7.0,7.0,8.0,6.95,5265.0,2046.0,3219.0,11302.0,15.0,15.0,15.0,4.66,2313.0,1141.0,1172.0,13615.0,7.0,7.0,10.0,5.97,1596.0,789.0,807.0,15211.0,8.0,8.0,9.0,9.91,3921.0,1219.0,2702.0,19132.0,20.0,23.0,24.0,7.4,,,,,,,,,,,,,,,,,,,,,,,,,
945e4bef-2bd1-4cd7-b8f2-71b027be700d,2025-12-14 10:42:15 UTC,False,16185.0,CFOP,Gan 12 UI Maglev,RandomForest,7296.0,16185.0,,,gan12,custom_rules,,,,8.0,0.0,0.0,16185.0,68.0,69.0,78.0,4.2,5552.0,10633.0,2446.0,0.0,2446.0,2446.0,8.0,8.0,9.0,3.27,1682.0,596.0,1086.0,4128.0,6.0,6.0,7.0,5.52,3088.0,1815.0,1273.0,7216.0,8.0,8.0,10.0,6.28,1272.0,563.0,709.0,8488.0,5.0,6.0,6.0,7.05,1222.0,378.0,844.0,9710.0,8.0,8.0,10.0,9.48,3087.0,1040.0,2047.0,12797.0,14.0,14.0,16.0,6.84,3388.0,1160.0,2228.0,16185.0,19.0,19.0,20.0,8.53,,,,,,,,,,,,,,,,,,,,,,,,,
dac9725f-b124-4800-a969-cedb39a36393,2025-12-14 10:42:44 UTC,False,13890.0,CFOP,Gan 12 UI Maglev,RandomForest,4845.0,13890.0,,,gan12,custom_rules,,,,8.0,0.0,0.0,13890.0,64.0,64.0,69.0,4.61,5621.0,8269.0,1152.0,0.0,1152.0,1152.0,6.0,6.0,6.0,5.21,2481.0,1572.0,909.0,3633.0,8.0,8.0,8.0,8.8,1265.0,580.0,685.0,4898.0,5.0,5.0,6.0,7.3,1295.0,403.0,892.0,6193.0,7.0,7.0,8.0,7.85,1781.0,911.0,870.0,7974.0,8.0,8.0,8.0,9.2,2908.0,1053.0,1855.0,10882.0,13.0,13.0,15.0,7.01,3008.0,1102.0,1906.0,13890.0,18.0,18.0,18.0,9.44,,,,,,,,,,,,,,,,,,,,,,,,,
39e8b3b9-b41e-4f75-be1b-7b6db9ac9df2,2025-12-14 10:43:25 UTC,False,20170.0,CFOP,Gan 12 UI Maglev,RandomForest,11352.0,20170.0,,,gan12,custom_rules,,,,8.0,0.0,0.0,20170.0,68.0,72.0,80.0,3.37,7128.0,13042.0,5896.0,0.0,5896.0,5896.0,17.0,17.0,18.0,2.88,0.0,0.0,0.0,5896.0,0.0,0.0,0.0,0.0,4693.0,2803.0,1890.0,10589.0,12.0,12.0,13.0,6.35,2766.0,1293.0,1473.0,13355.0,7.0,7.0,7.0,4.75,2110.0,862.0,1248.0,15465.0,10.0,10.0,10.0,8.01,2252.0,1060.0,1192.0,17717.0,13.0,13.0,14.0,10.91,2453.0,1110.0,1343.0,20170.0,9.0,13.0,18.0,6.7,,,,,,,,,,,,,,,,,,,,,,,,,
9fe49e2b-1d9d-4a84-bbb5-b615cbba0877,2025-12-14 10:43:56 UTC,False,17378.0,CFOP,Gan 12 UI Maglev,RandomForest,3692.0,17378.0,,,gan12,custom_rules,,,,8.0,0.0,0.0,17378.0,75.0,76.0,82.0,4.32,5718.0,11660.0,3209.0,0.0,3209.0,3209.0,8.0,8.0,9.0,2.49,2975.0,1000.0,1975.0,6184.0,12.0,13.0,14.0,6.08,3765.0,822.0,2943.0,9949.0,13.0,13.0,13.0,4.42,1882.0,854.0,1028.0,11831.0,8.0,8.0,9.0,7.78,1680.0,1189.0,491.0,13511.0,8.0,8.0,9.0,16.29,2086.0,1079.0,1007.0,15597.0,12.0,12.0,13.0,11.92,1781.0,774.0,1007.0,17378.0,14.0,14.0,15.0,13.9,,,,,,,,,,,,,,,,,,,,,,,,,
218b0926-25fd-4856-9dd8-bb54c85814a9,2025-12-14 10:44:33 UTC,False,18513.0,CFOP,Gan 12 UI Maglev,RandomForest,5712.0,18513.0,,,gan12,custom_rules,,,,8.0,0.0,0.0,18513.0,70.0,71.0,80.0,3.78,7037.0,11476.0,2894.0,0.0,2894.0,2894.0,11.0,11.0,11.0,3.8,3701.0,1599.0,2102.0,6595.0,12.0,12.0,14.0,5.71,1453.0,266.0,1187.0,8048.0,7.0,7.0,7.0,5.9,2420.0,621.0,1799.0,10468.0,10.0,10.0,11.0,5.56,2007.0,1459.0,548.0,12475.0,8.0,8.0,8.0,14.6,2631.0,1462.0,1169.0,15106.0,13.0,13.0,15.0,11.12,3407.0,1630.0,1777.0,18513.0,10.0,10.0,14.0,5.63,,,,,,,,,,,,,,,,,,,,,,,,,
53bf1bd9-540a-463d-9bc7-cdaa0ed28ff5,2025-12-14 10:45:05 UTC,False,13184.0,CFOP,Gan 12 UI Maglev,RandomForest,9484.0,13184.0,,,gan12,custom_rules,,,,8.0,0.0,0.0,13184.0,50.0,55.0,62.0,3.79,6012.0,7172.0,1933.0,0.0,1933.0,1933.0,4.0,4.0,5.0,2.07,1757.0,879.0,878.0,3690.0,8.0,8.0,10.0,9.11,1599.0,652.0,947.0,5289.0,8.0,8.0,8.0,8.45,1527.0,1309.0,218.0,6816.0,3.0,3.0,3.0,13.76,2166.0,1184.0,982.0,8982.0,8.0,8.0,9.0,8.15,1540.0,532.0,1008.0,10522.0,9.0,10.0,10.0,8.93,2662.0,1456.0,1206.0,13184.0,10.0,14.0,17.0,8.29,,,,,,,,,,,,,,,,,,,,,,,,,
33ef7bb2-a11e-485d-ada1-ba3ef8106dc5,2025-12-14 10:45:39 UTC,False,18489.0,CFOP,Gan 12 UI Maglev,RandomForest,5773.0,18489.0,,,gan12,custom_rules,,,,8.0,0.0,0.0,18489.0,64.0,66.0,77.0,3.46,5202.0,13287.0,6450.0,0.0,6450.0,6450.0,17.0,17.0,18.0,2.64,0.0,0.0,0.0,6450.0,0.0,0.0,0.0,0.0,2082.0,1249.0,833.0,8532.0,7.0,7.0,8.0,8.4,1690.0,693.0,997.0,10222.0,8.0,8.0,10.0,8.02,3174.0,709.0,2465.0,13396.0,11.0,11.0,14.0,4.46,2805.0,1294.0,1511.0,16201.0,11.0,13.0,14.0,7.28,2288.0,1257.0,1031.0,18489.0,10.0,10.0,13.0,9.7,,,,,,,,,,,,,,,,,,,,,,,,,
7f1a36cd-d6d7-4223-bd10-1ba3c014fff2,2025-12-14 10:46:07 UTC,False,13138.0,CFOP,Gan 12 UI Maglev,RandomForest,4713.0,13138.0,,,gan12,custom_rules,,,,8.0,0.0,0.0,13138.0,60.0,63.0,73.0,4.57,6293.0,6845.0,1496.0,0.0,1496.0,1496.0,7.0,7.0,7.0,4.68,1273.0,773.0,500.0,2769.0,5.0,5.0,6.0,10.0,1556.0,911.0,645.0,4325.0,8.0,8.0,10.0,12.4,2310.0,1174.0,1136.0,6635.0,8.0,8.0,9.0,7.04,1478.0,946.0,532.0,8113.0,8.0,8.0,10.0,15.04,2104.0,1137.0,967.0,10217.0,11.0,13.0,14.0,11.38,2921.0,1352.0,1569.0,13138.0,13.0,14.0,17.0,8.29,,,,,,,,,,,,,,,,,,,,,,,,,
9cc49e1b-c593-484a-b14f-4ab2d1df50f8,2025-12-14 10:46:44 UTC,False,20645.0,CFOP,Gan 12 UI Maglev,RandomForest,6673.0,20645.0,,,gan12,custom_rules,,,,8.0,0.0,0.0,20645.0,109.0,110.0,122.0,5.28,4801.0,15844.0,1930.0,0.0,1930.0,1930.0,7.0,7.0,8.0,3.63,1551.0,225.0,1326.0,3481.0,7.0,7.0,7.0,5.28,846.0,274.0,572.0,4327.0,8.0,8.0,8.0,13.99,2193.0,1268.0,925.0,6520.0,8.0,8.0,9.0,8.65,1645.0,846.0,799.0,8165.0,10.0,10.0,12.0,12.52,2245.0,1153.0,1092.0,10410.0,14.0,14.0,16.0,12.82,10235.0,1035.0,9200.0,20645.0,55.0,56.0,62.0,5.98,,,,,,,,,,,,,,,,,,,,,,,,,
3d9af320-6dfd-4466-bb51-06ead0bdf1ac,2025-12-14 10:47:14 UTC,False,16576.0,CFOP,Gan 12 UI Maglev,RandomForest,4303.0,16576.0,,,gan12,custom_rules,,,,8.0,0.0,0.0,16576.0,65.0,67.0,77.0,3.92,7913.0,8655.0,1736.0,0.0,1736.0,1744.0,7.0,8.0,8.0,4.03,2362.0,1379.0,983.0,4106.0,7.0,7.0,7.0,7.12,2365.0,1295.0,1070.0,6471.0,7.0,7.0,9.0,6.54,1770.0,949.0,821.0,8241.0,10.0,10.0,11.0,12.18,2130.0,1293.0,837.0,10371.0,9.0,9.0,10.0,10.75,2303.0,1016.0,1287.0,12674.0,10.0,10.0,14.0,7.77,3902.0,1981.0,1921.0,16576.0,15.0,16.0,18.0,7.81,,,,,,,,,,,,,,,,,,,,,,,,,
85c70c12-b476-4859-8504-c44b86f30895,2025-12-14 10:47:38 UTC,False,13900.0,CFOP,Gan 12 UI Maglev,RandomForest,2849.0,13900.0,,,gan12,custom_rules,,,,8.0,0.0,0.0,13900.0,64.0,64.0,69.0,4.6,6072.0,7828.0,846.0,0.0,846.0,846.0,5.0,5.0,5.0,5.91,1867.0,644.0,1223.0,2713.0,7.0,7.0,7.0,5.72,2669.0,1053.0,1616.0,5382.0,8.0,8.0,10.0,4.95,1177.0,596.0,581.0,6559.0,8.0,8.0,9.0,13.77,1860.0,1240.0,620.0,8419.0,8.0,8.0,8.0,12.9,1707.0,998.0,709.0,10126.0,9.0,9.0,10.0,12.69,3774.0,1541.0,2233.0,13900.0,19.0,19.0,20.0,8.51,,,,,,,,,,,,,,,,,,,,,,,,,
943186aa-9d30-4f71-96f6-5fda6c85bcab,2025-12-14 10:48:38 UTC,False,21344.0,CFOP,Gan 12 UI Maglev,RandomForest,19621.0,21344.0,,,gan12,custom_rules,,,,8.0,0.0,0.0,21344.0,74.0,76.0,91.0,3.47,8000.0,13271.0,1692.0,0.0,1692.0,1765.0,5.0,5.0,8.0,2.96,2198.0,1529.0,669.0,3963.0,7.0,7.0,8.0,10.46,2856.0,1442.0,1414.0,6819.0,8.0,8.0,10.0,5.66,902.0,773.0,129.0,7721.0,3.0,3.0,3.0,23.26,3365.0,2366.0,999.0,11086.0,9.0,9.0,11.0,9.01,2522.0,964.0,1558.0,13608.0,14.0,14.0,15.0,8.99,7736.0,926.0,6810.0,21344.0,28.0,30.0,36.0,4.11,,,,,,,,,,,,,,,,,,,,,,,,,
68f5b73a-36af-4934-b85e-c079859d0e86,2025-12-14 16:07:12 UTC,False,19495.0,CFOP,Gan 12 UI Maglev,RandomForest,31530.0,19495.0,,,gan12,custom_rules,,,,8.0,0.0,0.0,19495.0,62.0,62.0,69.0,3.18,11914.0,7404.0,871.0,0.0,871.0,1048.0,4.0,4.0,5.0,4.59,2080.0,1105.0,975.0,3128.0,9.0,9.0,10.0,9.23,3792.0,3299.0,493.0,6920.0,7.0,7.0,7.0,14.2,4041.0,2898.0,1143.0,10961.0,7.0,7.0,7.0,6.12,3578.0,2741.0,837.0,14539.0,8.0,8.0,9.0,9.56,2205.0,1022.0,1183.0,16744.0,11.0,11.0,12.0,9.3,2751.0,849.0,1902.0,19495.0,16.0,16.0,19.0,8.41,,,,,,,,,,,,,,,,,,,,,,,,,
efc07be0-c5ce-4edf-9212-1ec1197c05ac,2025-12-14 16:08:02 UTC,False,25510.0,CFOP,Gan 12 UI Maglev,RandomForest,12675.0,25510.0,,,gan12,custom_rules,,,,8.0,0.0,0.0,25510.0,83.0,85.0,99.0,3.25,9129.0,16317.0,1592.0,0.0,1592.0,1656.0,5.0,5.0,8.0,3.14,3160.0,1775.0,1385.0,4816.0,8.0,8.0,8.0,5.78,4203.0,2713.0,1490.0,9019.0,8.0,8.0,10.0,5.37,5766.0,2115.0,3651.0,14785.0,18.0,18.0,21.0,4.93,4912.0,345.0,4567.0,19697.0,14.0,16.0,17.0,3.07,2610.0,1055.0,1555.0,22307.0,14.0,14.0,15.0,9.0,3203.0,1126.0,2077.0,25510.0,17.0,17.0,20.0,8.18,,,,,,,,,,,,,,,,,,,,,,,,,
dcc91c80-dccf-4b78-bfe6-b57e58e4c4fd,2025-12-14 16:08:47 UTC,False,15716.0,CFOP,Gan 12 UI Maglev,RandomForest,15986.0,15716.0,,,gan12,custom_rules,,,,8.0,0.0,0.0,15716.0,51.0,56.0,66.0,3.25,5542.0,10174.0,4723.0,0.0,4723.0,4723.0,8.0,8.0,9.0,1.69,0.0,0.0,0.0,4723.0,0.0,0.0,0.0,0.0,2008.0,1032.0,976.0,6731.0,5.0,5.0,7.0,5.12,2002.0,1269.0,733.0,8733.0,6.0,7.0,7.0,8.19,1368.0,586.0,782.0,10101.0,8.0,8.0,9.0,10.23,2602.0,915.0,1687.0,12703.0,14.0,14.0,14.0,8.3,3013.0,1740.0,1273.0,15716.0,10.0,14.0,20.0,7.86,,,,,,,,,,,,,,,,,,,,,,,,,
e6245e4c-bd8b-46f0-9572-bf0ff4df784f,2025-12-14 16:09:19 UTC,False,14308.0,CFOP,Gan 12 UI Maglev,RandomForest,7358.0,14308.0,,,gan12,custom_rules,,,,8.0,0.0,0.0,14308.0,55.0,61.0,75.0,3.84,5284.0,9024.0,887.0,0.0,887.0,887.0,5.0,6.0,6.0,5.64,2151.0,909.0,1242.0,3038.0,7.0,7.0,8.0,5.64,2010.0,145.0,1865.0,5048.0,9.0,9.0,10.0,4.83,1491.0,1177.0,314.0,6539.0,5.0,5.0,6.0,15.92,1604.0,339.0,1265.0,8143.0,10.0,10.0,13.0,7.91,1693.0,750.0,943.0,9836.0,9.0,9.0,9.0,9.54,4472.0,1964.0,2508.0,14308.0,11.0,16.0,23.0,4.39,,,,,,,,,,,,,,,,,,,,,,,,,
06fc2451-acbd-4ebe-8ed2-55419298ff4c,2025-12-14 16:09:52 UTC,False,13355.0,CFOP,Gan 12 UI Maglev,RandomForest,9044.0,13355.0,,,gan12,custom_rules,,,,8.0,0.0,0.0,13355.0,52.0,54.0,63.0,3.89,4737.0,8614.0,2324.0,0.0,2324.0,2328.0,6.0,7.0,10.0,2.58,1767.0,443.0,1324.0,4095.0,8.0,8.0,9.0,6.04,1869.0,1458.0,411.0,5964.0,4.0,4.0,5.0,9.73,3024.0,1149.0,1875.0,8988.0,11.0,11.0,12.0,5.87,1120.0,379.0,741.0,10108.0,7.0,7.0,7.0,9.45,0.0,0.0,0.0,10108.0,0.0,0.0,0.0,0.0,3247.0,1308.0,1939.0,13355.0,16.0,17.0,20.0,8.25,,,,,,,,,,,,,,,,,,,,,,,,,
bcb80da9-35ab-49a3-9b74-7bcf5d87ca9b,2025-12-14 16:10:22 UTC,False,16745.0,CFOP,Gan 12 UI Maglev,RandomForest,4251.0,16745.0,,,gan12,custom_rules,,,,8.0,0.0,0.0,16745.0,65.0,66.0,73.0,3.88,4755.0,11990.0,1804.0,0.0,1804.0,1804.0,6.0,6.0,6.0,3.33,4297.0,460.0,3837.0,6101.0,11.0,11.0,12.0,2.87,2604.0,1095.0,1509.0,8705.0,9.0,9.0,10.0,5.96,1753.0,279.0,1474.0,10458.0,7.0,7.0,7.0,4.75,1431.0,1051.0,380.0,11889.0,5.0,5.0,6.0,13.16,2210.0,865.0,1345.0,14099.0,11.0,12.0,12.0,8.18,2646.0,1005.0,1641.0,16745.0,16.0,16.0,20.0,9.75,,,,,,,,,,,,,,,,,,,,,,,,,
597a1984-ffc3-473a-8f1b-b5c23d814965,2025-12-14 16:10:55 UTC,False,18597.0,CFOP,Gan 12 UI Maglev,RandomForest,6873.0,18597.0,,,gan12,custom_rules,,,,8.0,0.0,0.0,18597.0,68.0,69.0,74.0,3.66,6221.0,12376.0,2335.0,0.0,2335.0,2335.0,7.0,7.0,8.0,3.0,2446.0,1079.0,1367.0,4781.0,7.0,7.0,9.0,5.12,2321.0,1217.0,1104.0,7102.0,8.0,8.0,8.0,7.25,2380.0,1114.0,1266.0,9482.0,8.0,8.0,8.0,6.32,1545.0,409.0,1136.0,11027.0,8.0,8.0,9.0,7.04,3580.0,979.0,2601.0,14607.0,13.0,14.0,14.0,5.0,3990.0,1423.0,2567.0,18597.0,17.0,17.0,18.0,6.62,,,,,,,,,,,,,,,,,,,,,,,,,
1c7623d4-c09d-406d-9a22-68e0dde34277,2025-12-14 16:11:33 UTC,False,16458.0,CFOP,Gan 12 UI Maglev,RandomForest,11481.0,16458.0,,,gan12,custom_rules,,,,8.0,0.0,0.0,16458.0,61.0,61.0,71.0,3.71,7229.0,9229.0,2140.0,0.0,2140.0,2140.0,6.0,6.0,7.0,2.8,3200.0,1692.0,1508.0,5340.0,9.0,9.0,11.0,5.97,2243.0,1127.0,1116.0,7583.0,8.0,8.0,9.0,7.17,1589.0,443.0,1146.0,9172.0,8.0,8.0,8.0,6.98,2191.0,1459.0,732.0,11363.0,8.0,8.0,9.0,10.93,2077.0,1078.0,999.0,13440.0,11.0,11.0,12.0,11.01,3018.0,1430.0,1588.0,16458.0,11.0,11.0,15.0,6.93,,,,,,,,,,,,,,,,,,,,,,,,,
62d0996c-78d0-4749-936e-2f54db187682,2025-12-14 16:12:14 UTC,False,12082.0,CFOP,Gan 12 UI Maglev,RandomForest,18285.0,12082.0,,,gan12,custom_rules,,,,8.0,0.0,0.0,12082.0,62.0,62.0,73.0,5.13,4640.0,7354.0,830.0,0.0,830.0,918.0,3.0,3.0,6.0,3.61,1133.0,491.0,642.0,2051.0,8.0,8.0,8.0,12.46,1716.0,620.0,1096.0,3767.0,8.0,8.0,9.0,7.3,2414.0,1131.0,1283.0,6181.0,9.0,9.0,11.0,7.01,1490.0,676.0,814.0,7671.0,9.0,9.0,10.0,11.06,1562.0,829.0,733.0,9233.0,8.0,8.0,10.0,10.91,2849.0,893.0,1956.0,12082.0,17.0,17.0,19.0,8.69,,,,,,,,,,,,,,,,,,,,,,,,,
74db2f72-7fe9-4534-9c30-64a0ec14546e,2025-12-14 16:12:46 UTC,False,15395.0,CFOP,Gan 12 UI Maglev,RandomForest,7779.0,15395.0,,,gan12,custom_rules,,,,8.0,0.0,0.0,15395.0,70.0,70.0,80.0,4.55,6592.0,8803.0,1655.0,0.0,1655.0,1655.0,8.0,8.0,8.0,4.83,2093.0,677.0,1416.0,3748.0,9.0,9.0,9.0,6.36,1268.0,995.0,273.0,5016.0,4.0,4.0,4.0,14.65,1976.0,951.0,1025.0,6992.0,8.0,8.0,10.0,7.8,2127.0,1427.0,700.0,9119.0,9.0,9.0,11.0,12.86,3159.0,1512.0,1647.0,12278.0,13.0,13.0,17.0,7.89,3117.0,1030.0,2087.0,15395.0,19.0,19.0,21.0,9.1,,,,,,,,,,,,,,,,,,,,,,,,,
f62c3963-5a0e-4593-8469-777f33168130,2025-12-14 16:13:24 UTC,False,14508.0,CFOP,Gan 12 UI Maglev,RandomForest,14374.0,14508.0,,,gan12,custom_rules,,,,8.0,0.0,0.0,14508.0,61.0,64.0,71.0,4.2,6922.0,7586.0,2054.0,0.0,2054.0,2054.0,5.0,5.0,6.0,2.43,1445.0,831.0,614.0,3499.0,6.0,7.0,8.0,9.77,2100.0,1819.0,281.0,5599.0,5.0,5.0,6.0,17.79,2219.0,1333.0,886.0,7818.0,8.0,8.0,8.0,9.03,1378.0,419.0,959.0,9196.0,8.0,8.0,9.0,8.34,2852.0,1099.0,1753.0,12048.0,14.0,16.0,18.0,7.99,2460.0,1421.0,1039.0,14508.0,15.0,15.0,16.0,14.44,,,,,,,,,,,,,,,,,,,,,,,,,
5cda2fc8-9f3f-49c7-9577-dd23a667499b,2025-12-14 16:13:55 UTC,False,17618.0,CFOP,Gan 12 UI Maglev,RandomForest,4386.0,17618.0,,,gan12,custom_rules,,,,8.0,0.0,0.0,17618.0,59.0,63.0,74.0,3.35,8879.0,8739.0,1458.0,0.0,1458.0,1458.0,6.0,6.0,8.0,4.12,3071.0,1465.0,1606.0,4529.0,7.0,7.0,8.0,4.36,3682.0,1897.0,1785.0,8211.0,11.0,11.0,12.0,6.16,3067.0,2124.0,943.0,11278.0,8.0,8.0,9.0,8.48,2642.0,1377.0,1265.0,13920.0,9.0,9.0,10.0,7.11,1425.0,748.0,677.0,15345.0,9.0,9.0,9.0,13.29,2273.0,1268.0,1005.0,17618.0,9.0,13.0,18.0,8.96,,,,,,,,,,,,,,,,,,,,,,,,,
d65bb3ac-67c9-40bf-87b0-b15460bb9f76,2025-12-14 16:14:27 UTC,False,15794.0,CFOP,Gan 12 UI Maglev,RandomForest,6679.0,15794.0,,,gan12,custom_rules,,,,8.0,0.0,0.0,15794.0,60.0,61.0,68.0,3.8,4923.0,10871.0,3681.0,0.0,3681.0,3681.0,9.0,9.0,9.0,2.44,637.0,427.0,210.0,4318.0,3.0,3.0,3.0,14.29,2263.0,1087.0,1176.0,6581.0,7.0,7.0,8.0,5.95,3094.0,1693.0,1401.0,9675.0,7.0,7.0,8.0,5.0,1492.0,252.0,1240.0,11167.0,8.0,8.0,9.0,6.45,1580.0,502.0,1078.0,12747.0,9.0,10.0,10.0,8.35,3047.0,962.0,2085.0,15794.0,17.0,17.0,21.0,8.15,,,,,,,,,,,,,,,,,,,,,,,,,
3988cfe8-e215-4522-8652-4866305262cc,2025-12-14 16:14:58 UTC,False,18220.0,CFOP,Gan 12 UI Maglev,RandomForest,4010.0,18220.0,,,gan12,custom_rules,,,,8.0,0.0,0.0,18220.0,70.0,76.0,85.0,3.84,7931.0,10289.0,958.0,0.0,958.0,958.0,6.0,6.0,7.0,6.26,2966.0,2386.0,580.0,3924.0,8.0,8.0,8.0,13.79,3309.0,796.0,2513.0,7233.0,13.0,13.0,13.0,5.17,2359.0,627.0,1732.0,9592.0,10.0,10.0,11.0,5.77,3113.0,1556.0,1557.0,12705.0,11.0,11.0,13.0,7.06,2438.0,1121.0,1317.0,15143.0,13.0,13.0,13.0,9.87,3077.0,1445.0,1632.0,18220.0,9.0,15.0,20.0,5.51,,,,,,,,,,,,,,,,,,,,,,,,,
3bcc3123-b070-494e-aa77-4aa3cb93f076,2025-12-14 16:16:24 UTC,False,21918.0,CFOP,Gan 12 UI Maglev,RandomForest,54705.0,21918.0,,,gan12,custom_rules,,,,8.0,0.0,0.0,21918.0,57.0,57.0,73.0,2.6,13692.0,8169.0,677.0,0.0,677.0,734.0,3.0,3.0,5.0,4.43,6799.0,5485.0,1314.0,7533.0,10.0,10.0,10.0,7.61,4827.0,4665.0,162.0,12360.0,4.0,4.0,5.0,24.69,2404.0,1219.0,1185.0,14764.0,8.0,8.0,9.0,6.75,1631.0,607.0,1024.0,16395.0,7.0,7.0,8.0,6.84,1980.0,755.0,1225.0,18375.0,9.0,9.0,14.0,7.35,3543.0,961.0,2582.0,21918.0,17.0,17.0,22.0,6.58,,,,,,,,,,,,,,,,,,,,,,,,,
b1bdb130-7d16-4827-807a-c1a2a3a55cdd,2025-12-14 16:17:00 UTC,False,16398.0,CFOP,Gan 12 UI Maglev,RandomForest,10002.0,16398.0,,,gan12,custom_rules,,,,8.0,0.0,0.0,16398.0,72.0,74.0,79.0,4.39,5842.0,10556.0,2327.0,0.0,2327.0,2327.0,7.0,7.0,8.0,3.01,1145.0,620.0,525.0,3472.0,5.0,5.0,6.0,9.52,3114.0,1377.0,1737.0,6586.0,8.0,8.0,8.0,4.61,2608.0,459.0,2149.0,9194.0,15.0,15.0,15.0,6.98,2795.0,1587.0,1208.0,11989.0,11.0,11.0,11.0,9.11,1990.0,983.0,1007.0,13979.0,10.0,10.0,11.0,9.93,2419.0,816.0,1603.0,16398.0,16.0,18.0,20.0,9.98,,,,,,,,,,,,,,,,,,,,,,,,,
e99dc0f4-811f-4b48-b8ca-46581748f5b7,2025-12-14 16:17:30 UTC,False,14911.0,CFOP,Gan 12 UI Maglev,RandomForest,5619.0,14911.0,,,gan12,custom_rules,,,,8.0,0.0,0.0,14911.0,65.0,65.0,76.0,4.36,6550.0,8361.0,1843.0,0.0,1843.0,1843.0,6.0,6.0,7.0,3.26,1936.0,1534.0,402.0,3779.0,5.0,5.0,6.0,12.44,1393.0,572.0,821.0,5172.0,8.0,8.0,9.0,9.74,1924.0,749.0,1175.0,7096.0,8.0,8.0,9.0,6.81,2756.0,1736.0,1020.0,9852.0,12.0,12.0,14.0,11.76,2162.0,1040.0,1122.0,12014.0,10.0,10.0,13.0,8.91,2897.0,919.0,1978.0,14911.0,16.0,16.0,18.0,8.09,,,,,,,,,,,,,,,,,,,,,,,,,
eb504d04-63a8-4c8c-ab54-936aa419c194,2025-12-14 16:18:02 UTC,False,18151.0,CFOP,Gan 12 UI Maglev,RandomForest,5385.0,18151.0,,,gan12,custom_rules,,,,8.0,0.0,0.0,18151.0,80.0,82.0,96.0,4.41,7133.0,11018.0,2353.0,0.0,2353.0,2353.0,8.0,8.0,9.0,3.4,1484.0,532.0,952.0,3837.0,7.0,7.0,8.0,7.35,2565.0,1733.0,832.0,6402.0,12.0,12.0,13.0,14.42,2829.0,1248.0,1581.0,9231.0,11.0,11.0,14.0,6.96,2131.0,1181.0,950.0,11362.0,10.0,10.0,12.0,10.53,3813.0,1363.0,2450.0,15175.0,16.0,18.0,20.0,6.53,2976.0,1076.0,1900.0,18151.0,16.0,16.0,20.0,8.42,,,,,,,,,,,,,,,,,,,,,,,,,
6045a938-c4bf-4051-831f-0d399eb0ec7f,2025-12-14 20:25:33 UTC,False,18371.0,CFOP,Gan 12 UI Maglev,RandomForest,26079.0,18371.0,,,gan12,custom_rules,,,,8.0,0.0,0.0,18371.0,64.0,64.0,78.0,3.48,7482.0,10889.0,3880.0,0.0,3880.0,3880.0,8.0,8.0,8.0,2.06,2501.0,2252.0,249.0,6381.0,4.0,4.0,5.0,16.06,2517.0,361.0,2156.0,8898.0,11.0,11.0,12.0,5.1,1900.0,1565.0,335.0,10798.0,5.0,5.0,7.0,14.93,1626.0,835.0,791.0,12424.0,8.0,8.0,11.0,10.11,2266.0,1206.0,1060.0,14690.0,10.0,10.0,13.0,9.43,3681.0,1263.0,2418.0,18371.0,18.0,18.0,22.0,7.44,,,,,,,,,,,,,,,,,,,,,,,,,
fab438d9-ad19-4dca-9bc3-4098daec90b7,2025-12-14 20:26:08 UTC,False,13595.0,CFOP,Gan 12 UI Maglev,RandomForest,7377.0,13595.0,,,gan12,custom_rules,,,,8.0,0.0,0.0,13595.0,65.0,66.0,80.0,4.78,4751.0,8844.0,1854.0,0.0,1854.0,1854.0,6.0,6.0,10.0,3.24,1491.0,772.0,719.0,3345.0,6.0,7.0,7.0,8.34,2125.0,620.0,1505.0,5470.0,8.0,8.0,9.0,5.32,1659.0,877.0,782.0,7129.0,9.0,9.0,10.0,11.51,1235.0,290.0,945.0,8364.0,11.0,11.0,13.0,11.64,1832.0,998.0,834.0,10196.0,8.0,8.0,10.0,9.59,3399.0,1194.0,2205.0,13595.0,17.0,17.0,21.0,7.71,,,,,,,,,,,,,,,,,,,,,,,,,
ad10a52a-d9df-46a3-91c7-02b558ad9a92,2025-12-14 20:27:12 UTC,False,17026.0,CFOP,Gan 12 UI Maglev,RandomForest,37585.0,17026.0,,,gan12,custom_rules,,,,8.0,0.0,0.0,17026.0,70.0,71.0,74.0,4.11,8795.0,8231.0,1256.0,0.0,1256.0,1256.0,5.0,5.0,6.0,3.98,2333.0,1025.0,1308.0,3589.0,12.0,13.0,14.0,9.17,2697.0,1778.0,919.0,6286.0,7.0,7.0,7.0,7.62,2940.0,2216.0,724.0,9226.0,7.0,7.0,7.0,9.67,2159.0,1596.0,563.0,11385.0,8.0,8.0,8.0,14.21,1834.0,875.0,959.0,13219.0,12.0,12.0,13.0,12.51,3807.0,1305.0,2502.0,17026.0,19.0,19.0,19.0,7.59,,,,,,,,,,,,,,,,,,,,,,,,,
e377cb1b-64c7-4d6c-a23f-cd8f053a5756,2025-12-14 20:27:45 UTC,False,14986.0,CFOP,Gan 12 UI Maglev,RandomForest,9120.0,14986.0,,,gan12,custom_rules,,,,8.0,0.0,0.0,14986.0,53.0,54.0,62.0,3.54,6916.0,8070.0,1564.0,0.0,1564.0,1564.0,5.0,5.0,7.0,3.2,4456.0,1697.0,2759.0,6020.0,8.0,8.0,10.0,2.9,2176.0,1758.0,418.0,8196.0,9.0,9.0,9.0,21.53,1794.0,1047.0,747.0,9990.0,7.0,7.0,7.0,9.37,1058.0,499.0,559.0,11048.0,6.0,7.0,7.0,10.73,1503.0,818.0,685.0,12551.0,8.0,8.0,9.0,11.68,2435.0,1097.0,1338.0,14986.0,10.0,10.0,13.0,7.47,,,,,,,,,,,,,,,,,,,,,,,,,
43067fac-6461-4f1c-91c4-72e6403e0835,2025-12-14 20:28:20 UTC,False,17635.0,CFOP,Gan 12 UI Maglev,RandomForest,7947.0,17635.0,,,gan12,custom_rules,,,,8.0,0.0,0.0,17635.0,67.0,68.0,85.0,3.8,8160.0,9363.0,1449.0,0.0,1449.0,1561.0,5.0,5.0,8.0,3.45,4330.0,2232.0,2098.0,5891.0,11.0,11.0,12.0,5.24,1120.0,500.0,620.0,7011.0,6.0,6.0,7.0,9.68,1654.0,824.0,830.0,8665.0,8.0,8.0,11.0,9.64,2286.0,1480.0,806.0,10951.0,8.0,8.0,10.0,9.93,2568.0,1397.0,1171.0,13519.0,12.0,12.0,13.0,10.25,4116.0,1727.0,2389.0,17635.0,17.0,18.0,24.0,7.12,,,,,,,,,,,,,,,,,,,,,,,,,
be4558c7-79cf-42de-827f-a3df2f74116a,2025-12-14 20:28:56 UTC,False,17336.0,CFOP,Gan 12 UI Maglev,RandomForest,9428.0,17336.0,,,gan12,custom_rules,,,,8.0,0.0,0.0,17336.0,70.0,71.0,82.0,4.04,7648.0,9688.0,3659.0,0.0,3659.0,3659.0,7.0,7.0,9.0,1.91,2575.0,1955.0,620.0,6234.0,8.0,8.0,9.0,12.9,1867.0,908.0,959.0,8101.0,12.0,12.0,13.0,12.51,1912.0,1485.0,427.0,10013.0,8.0,8.0,8.0,18.74,1848.0,1164.0,684.0,11861.0,8.0,8.0,8.0,11.7,1601.0,620.0,981.0,13462.0,9.0,9.0,12.0,9.17,3874.0,1516.0,2358.0,17336.0,19.0,20.0,23.0,8.06,,,,,,,,,,,,,,,,,,,,,,,,,
bfed12f4-0869-44a8-94f2-be0b94087048,2025-12-14 20:29:32 UTC,False,14194.0,CFOP,Gan 12 UI Maglev,RandomForest,13218.0,14194.0,,,gan12,custom_rules,,,,8.0,0.0,0.0,14194.0,70.0,72.0,79.0,4.93,4623.0,9515.0,1023.0,0.0,1023.0,1079.0,5.0,5.0,6.0,4.89,1482.0,669.0,813.0,2561.0,8.0,8.0,10.0,9.84,1519.0,624.0,895.0,4080.0,7.0,7.0,7.0,7.82,1460.0,711.0,749.0,5540.0,8.0,8.0,8.0,10.68,3230.0,669.0,2561.0,8770.0,13.0,13.0,14.0,5.08,1710.0,615.0,1095.0,10480.0,12.0,12.0,12.0,10.96,3714.0,1335.0,2379.0,14194.0,18.0,20.0,22.0,7.57,,,,,,,,,,,,,,,,,,,,,,,,,
428c07df-fa2d-4b4a-aeeb-2928afffb829,2025-12-14 20:30:08 UTC,False,14858.0,CFOP,Gan 12 UI Maglev,RandomForest,8053.0,14858.0,,,gan12,custom_rules,,,,8.0,0.0,0.0,14858.0,66.0,66.0,73.0,4.44,5703.0,9155.0,1369.0,0.0,1369.0,1369.0,6.0,6.0,7.0,4.38,2538.0,1708.0,830.0,3907.0,8.0,8.0,9.0,9.64,3434.0,129.0,3305.0,7341.0,10.0,10.0,10.0,3.03,1816.0,736.0,1080.0,9157.0,12.0,12.0,12.0,11.11,2027.0,1382.0,645.0,11184.0,9.0,9.0,10.0,13.95,1822.0,847.0,975.0,13006.0,8.0,8.0,10.0,8.21,1852.0,901.0,951.0,14858.0,14.0,14.0,15.0,14.72,,,,,,,,,,,,,,,,,,,,,,,,,
a3a68f15-6d67-41b6-b58e-c8a7e8f14e8d,2025-12-14 20:30:50 UTC,False,18751.0,CFOP,Gan 12 UI Maglev,RandomForest,12183.0,18751.0,,,gan12,custom_rules,,,,8.0,0.0,0.0,18751.0,77.0,80.0,88.0,4.11,8749.0,10002.0,2993.0,0.0,2993.0,2993.0,10.0,10.0,11.0,3.34,1720.0,740.0,980.0,4713.0,9.0,9.0,11.0,9.18,2759.0,1825.0,934.0,7472.0,10.0,10.0,11.0,10.71,1401.0,1200.0,201.0,8873.0,4.0,4.0,5.0,19.9,2758.0,2199.0,559.0,11631.0,10.0,10.0,12.0,17.89,3362.0,1458.0,1904.0,14993.0,16.0,18.0,18.0,8.4,3758.0,1327.0,2431.0,18751.0,18.0,19.0,20.0,7.4,,,,,,,,,,,,,,,,,,,,,,,,,
f0bce5ab-8614-427d-afb6-844c5f336a89,2025-12-14 20:31:19 UTC,False,15098.0,CFOP,Gan 12 UI Maglev,RandomForest,4142.0,15098.0,,,gan12,custom_rules,,,,8.0,0.0,0.0,15098.0,69.0,71.0,78.0,4.57,7309.0,7789.0,1721.0,0.0,1721.0,1721.0,7.0,7.0,8.0,4.07,2829.0,1064.0,1765.0,4550.0,11.0,11.0,12.0,6.23,1748.0,1208.0,540.0,6298.0,8.0,8.0,9.0,14.81,2035.0,1535.0,500.0,8333.0,8.0,8.0,8.0,16.0,2267.0,1097.0,1170.0,10600.0,11.0,13.0,13.0,9.4,2167.0,1055.0,1112.0,12767.0,14.0,14.0,15.0,12.59,2331.0,1350.0,981.0,15098.0,10.0,10.0,13.0,10.19,,,,,,,,,,,,,,,,,,,,,,,,,
103ab8e3-c7c8-4005-86be-4c896e896573,2025-12-14 20:31:50 UTC,False,17793.0,CFOP,Gan 12 UI Maglev,RandomForest,3730.0,17793.0,,,gan12,custom_rules,,,,8.0,0.0,0.0,17793.0,75.0,76.0,83.0,4.22,8395.0,9398.0,1546.0,0.0,1546.0,1546.0,7.0,7.0,8.0,4.53,5073.0,3634.0,1439.0,6619.0,9.0,9.0,9.0,6.25,1588.0,604.0,984.0,8207.0,8.0,9.0,9.0,8.13,2920.0,758.0,2162.0,11127.0,15.0,15.0,16.0,6.94,2092.0,1569.0,523.0,13219.0,8.0,8.0,10.0,15.3,1407.0,706.0,701.0,14626.0,8.0,8.0,9.0,11.41,3167.0,1124.0,2043.0,17793.0,20.0,20.0,22.0,9.79,,,,,,,,,,,,,,,,,,,,,,,,,
794515dd-9476-4bd9-9c76-d26847302379,2025-12-14 20:32:22 UTC,False,20259.0,CFOP,Gan 12 UI Maglev,RandomForest,2959.0,20259.0,,,gan12,custom_rules,,,,8.0,0.0,0.0,20259.0,64.0,65.0,77.0,3.16,8152.0,12107.0,1900.0,0.0,1900.0,1900.0,7.0,7.0,8.0,3.68,6794.0,950.0,5844.0,8694.0,17.0,17.0,19.0,2.91,1493.0,1307.0,186.0,10187.0,4.0,4.0,5.0,21.51,612.0,419.0,193.0,10799.0,3.0,3.0,3.0,15.54,3240.0,1935.0,1305.0,14039.0,11.0,11.0,13.0,8.43,2684.0,1657.0,1027.0,16723.0,11.0,12.0,13.0,10.71,3536.0,1884.0,1652.0,20259.0,11.0,11.0,16.0,6.66,,,,,,,,,,,,,,,,,,,,,,,,,
41a6b486-5a4c-4cb2-9570-c5d59afea0ed,2025-12-14 20:33:05 UTC,False,16601.0,CFOP,Gan 12 UI Maglev,RandomForest,8269.0,16601.0,,,gan12,custom_rules,,,,8.0,0.0,0.0,16601.0,68.0,69.0,75.0,4.1,6404.0,10197.0,3293.0,0.0,3293.0,3293.0,8.0,8.0,10.0,2.43,1789.0,564.0,1225.0,5082.0,7.0,7.0,7.0,5.71,3606.0,1421.0,2185.0,8688.0,15.0,15.0,16.0,6.86,662.0,524.0,138.0,9350.0,4.0,4.0,4.0,28.99,1720.0,1285.0,435.0,11070.0,8.0,8.0,8.0,18.39,1417.0,701.0,716.0,12487.0,9.0,9.0,9.0,12.57,4114.0,1909.0,2205.0,16601.0,17.0,18.0,21.0,7.71,,,,,,,,,,,,,,,,,,,,,,,,,
80bdcc5b-b3e1-4cce-868a-7e81d944b8d0,2025-12-14 20:33:40 UTC,False,16053.0,CFOP,Gan 12 UI Maglev,RandomForest,10780.0,16053.0,,,gan12,custom_rules,,,,8.0,0.0,0.0,16053.0,62.0,64.0,70.0,3.86,6472.0,9581.0,3329.0,0.0,3329.0,3329.0,11.0,11.0,12.0,3.3,1627.0,966.0,661.0,4956.0,5.0,5.0,6.0,7.56,2493.0,1357.0,1136.0,7449.0,8.0,8.0,9.0,7.04,2503.0,1424.0,1079.0,9952.0,8.0,8.0,9.0,7.41,821.0,676.0,145.0,10773.0,4.0,4.0,4.0,27.59,2152.0,1152.0,1000.0,12925.0,10.0,11.0,11.0,10.0,3128.0,897.0,2231.0,16053.0,16.0,17.0,19.0,7.17,,,,,,,,,,,,,,,,,,,,,,,,,
998927cb-7c31-47b6-862b-06804052c170,2025-12-14 20:34:10 UTC,False,17097.0,CFOP,Gan 12 UI Maglev,RandomForest,5331.0,17097.0,,,gan12,custom_rules,,,,8.0,0.0,0.0,17097.0,71.0,73.0,84.0,4.15,6255.0,10842.0,2566.0,0.0,2566.0,2566.0,8.0,8.0,8.0,3.12,4137.0,1502.0,2635.0,6703.0,11.0,11.0,14.0,4.17,1543.0,370.0,1173.0,8246.0,7.0,7.0,8.0,5.97,1592.0,726.0,866.0,9838.0,11.0,11.0,12.0,12.7,2635.0,1939.0,696.0,12473.0,8.0,8.0,9.0,11.49,1814.0,936.0,878.0,14287.0,11.0,11.0,14.0,12.53,2810.0,782.0,2028.0,17097.0,15.0,17.0,19.0,7.4,,,,,,,,,,,,,,,,,,,,,,,,,
9d0cda5f-cedf-4d6e-b614-b32966f25877,2025-12-14 20:34:45 UTC,False,23073.0,CFOP,Gan 12 UI Maglev,RandomForest,3356.0,23073.0,,,gan12,custom_rules,,,,8.0,0.0,0.0,23073.0,67.0,70.0,78.0,2.9,7864.0,15209.0,8482.0,0.0,8482.0,8482.0,23.0,25.0,28.0,2.71,0.0,0.0,0.0,8482.0,0.0,0.0,0.0,0.0,0.0,0.0,0.0,8482.0,0.0,0.0,0.0,0.0,4074.0,1599.0,2475.0,12556.0,11.0,11.0,13.0,4.44,1482.0,959.0,523.0,14038.0,8.0,8.0,8.0,15.3,1417.0,749.0,668.0,15455.0,7.0,7.0,7.0,10.48,7618.0,4557.0,3061.0,23073.0,18.0,19.0,22.0,5.88,,,,,,,,,,,,,,,,,,,,,,,,,
08f39f0f-aae2-46c8-ae79-328104fb02c9,2025-12-14 20:35:24 UTC,False,21915.0,CFOP,Gan 12 UI Maglev,RandomForest,7634.0,21915.0,,,gan12,custom_rules,,,,8.0,0.0,0.0,21915.0,66.0,67.0,75.0,3.01,10140.0,11775.0,2280.0,0.0,2280.0,2280.0,7.0,7.0,10.0,3.07,4502.0,2956.0,1546.0,6782.0,7.0,7.0,8.0,4.53,1902.0,878.0,1024.0,8684.0,8.0,8.0,9.0,7.81,4712.0,1321.0,3391.0,13396.0,12.0,12.0,12.0,3.54,2683.0,2167.0,516.0,16079.0,7.0,7.0,7.0,13.57,3424.0,2014.0,1410.0,19503.0,10.0,11.0,12.0,7.09,2412.0,804.0,1608.0,21915.0,15.0,15.0,17.0,9.33,,,,,,,,,,,,,,,,,,,,,,,,,
048795f8-0bc5-4666-a5ef-7b93d7a19ca7,2025-12-14 20:36:27 UTC,False,19223.0,CFOP,Gan 12 UI Maglev,RandomForest,18377.0,19223.0,,,gan12,custom_rules,,,,8.0,0.0,0.0,19223.0,74.0,76.0,86.0,3.85,9253.0,9970.0,3188.0,0.0,3188.0,3188.0,17.0,17.0,19.0,5.33,0.0,0.0,0.0,3188.0,0.0,0.0,0.0,0.0,4036.0,3270.0,766.0,7224.0,8.0,8.0,8.0,10.44,3556.0,1760.0,1796.0,10780.0,10.0,10.0,11.0,5.57,2440.0,1489.0,951.0,13220.0,13.0,13.0,15.0,13.67,1752.0,922.0,830.0,14972.0,8.0,8.0,10.0,9.64,4251.0,1812.0,2439.0,19223.0,18.0,20.0,23.0,7.38,,,,,,,,,,,,,,,,,,,,,,,,,
6e2ce477-cbd1-46b1-add1-2775c6974f3e,2025-12-14 20:37:04 UTC,False,24263.0,CFOP,Gan 12 UI Maglev,RandomForest,4118.0,24263.0,,,gan12,custom_rules,,,,8.0,0.0,0.0,24263.0,87.0,92.0,102.0,3.59,7266.0,16997.0,1466.0,0.0,1466.0,1466.0,5.0,6.0,6.0,3.41,1255.0,1022.0,233.0,2721.0,4.0,4.0,4.0,17.17,2361.0,919.0,1442.0,5082.0,7.0,7.0,10.0,4.85,2022.0,1466.0,556.0,7104.0,8.0,8.0,9.0,14.39,2093.0,1425.0,668.0,9197.0,7.0,7.0,8.0,10.48,10798.0,918.0,9880.0,19995.0,38.0,38.0,41.0,3.85,4268.0,1516.0,2752.0,24263.0,18.0,22.0,24.0,6.54,,,,,,,,,,,,,,,,,,,,,,,,,
eb4334e1-294c-4bf1-b2be-13ff0f0dc319,2025-12-14 20:37:35 UTC,False,14209.0,CFOP,Gan 12 UI Maglev,RandomForest,7405.0,14209.0,,,gan12,custom_rules,,,,8.0,0.0,0.0,14209.0,60.0,61.0,73.0,4.22,4087.0,10002.0,1510.0,0.0,1510.0,1630.0,5.0,5.0,8.0,3.31,1557.0,734.0,823.0,3187.0,8.0,8.0,11.0,9.72,3221.0,532.0,2689.0,6408.0,10.0,10.0,10.0,3.72,798.0,572.0,226.0,7206.0,3.0,3.0,3.0,13.27,1173.0,556.0,617.0,8379.0,6.0,6.0,7.0,9.72,2487.0,758.0,1729.0,10866.0,14.0,14.0,15.0,8.1,3343.0,935.0,2408.0,14209.0,15.0,16.0,19.0,6.23,,,,,,,,,,,,,,,,,,,,,,,,,
a8702e51-6bc4-4ae0-96bb-c8cede303bf5,2025-12-14 21:28:32 UTC,False,24782.0,CFOP,Gan 12 UI Maglev,RandomForest,14419.0,24782.0,,,gan12,custom_rules,,,,8.0,0.0,0.0,24782.0,73.0,74.0,87.0,2.95,5492.0,19290.0,3662.0,0.0,3662.0,3662.0,10.0,10.0,13.0,2.73,2293.0,113.0,2180.0,5955.0,10.0,10.0,11.0,4.59,8515.0,605.0,7910.0,14470.0,17.0,17.0,18.0,2.15,1773.0,468.0,1305.0,16243.0,8.0,8.0,9.0,6.13,2460.0,846.0,1614.0,18703.0,7.0,7.0,10.0,4.34,2269.0,1370.0,899.0,20972.0,7.0,7.0,8.0,7.79,3810.0,2090.0,1720.0,24782.0,15.0,16.0,18.0,8.72,,,,,,,,,,,,,,,,,,,,,,,,,
92d38550-ab76-4d9c-9d8f-b4f1d01b6787,2025-12-14 21:29:09 UTC,False,19464.0,CFOP,Gan 12 UI Maglev,RandomForest,8604.0,19464.0,,,gan12,custom_rules,,,,8.0,0.0,0.0,19464.0,72.0,74.0,88.0,3.7,6005.0,13459.0,2436.0,0.0,2436.0,2436.0,7.0,7.0,9.0,2.87,4179.0,2159.0,2020.0,6615.0,11.0,11.0,13.0,5.45,4260.0,532.0,3728.0,10875.0,17.0,18.0,23.0,4.56,1450.0,403.0,1047.0,12325.0,7.0,7.0,8.0,6.69,1981.0,1030.0,951.0,14306.0,8.0,8.0,9.0,8.41,1381.0,600.0,781.0,15687.0,8.0,8.0,8.0,10.24,3777.0,1281.0,2496.0,19464.0,14.0,15.0,18.0,5.61,,,,,,,,,,,,,,,,,,,,,,,,,
8890b7b7-7298-460a-9d82-4854a0eb8d8c,2025-12-14 21:29:49 UTC,False,10072.0,CFOP,Gan 12 UI Maglev,RandomForest,16833.0,10072.0,,,gan12,custom_rules,,,,8.0,0.0,0.0,10072.0,47.0,53.0,60.0,4.67,5078.0,4994.0,1104.0,0.0,1104.0,1104.0,5.0,5.0,6.0,4.53,0.0,0.0,0.0,1104.0,0.0,0.0,0.0,0.0,2283.0,1365.0,918.0,3387.0,8.0,8.0,8.0,8.71,1322.0,621.0,701.0,4709.0,6.0,7.0,7.0,8.56,1102.0,604.0,498.0,5811.0,8.0,8.0,8.0,16.06,1733.0,975.0,758.0,7544.0,10.0,11.0,11.0,13.19,2528.0,1513.0,1015.0,10072.0,10.0,14.0,20.0,9.85,,,,,,,,,,,,,,,,,,,,,,,,,
d0b30137-cf8d-4a0b-b45e-2ca8efeb0964,2025-12-14 21:30:35 UTC,False,25781.0,CFOP,Gan 12 UI Maglev,RandomForest,7405.0,25781.0,,,gan12,custom_rules,,,,8.0,0.0,0.0,25781.0,84.0,87.0,99.0,3.26,5311.0,20470.0,12532.0,0.0,12532.0,12532.0,28.0,30.0,37.0,2.23,1586.0,186.0,1400.0,14118.0,7.0,7.0,8.0,5.0,816.0,615.0,201.0,14934.0,4.0,4.0,4.0,19.9,2110.0,1297.0,813.0,17044.0,8.0,8.0,9.0,9.84,2175.0,443.0,1732.0,19219.0,7.0,7.0,7.0,4.04,3207.0,1329.0,1878.0,22426.0,13.0,14.0,14.0,6.92,3355.0,1441.0,1914.0,25781.0,18.0,18.0,20.0,9.4,,,,,,,,,,,,,,,,,,,,,,,,,
8b6eb9ac-bacc-44a6-8872-cc747a64580e,2025-12-14 21:31:09 UTC,False,17762.0,CFOP,Gan 12 UI Maglev,RandomForest,5685.0,17762.0,,,gan12,custom_rules,,,,8.0,0.0,0.0,17762.0,83.0,83.0,93.0,4.67,4465.0,13297.0,2022.0,0.0,2022.0,2022.0,9.0,9.0,11.0,4.45,3215.0,765.0,2450.0,5237.0,12.0,12.0,13.0,4.9,1590.0,508.0,1082.0,6827.0,7.0,7.0,8.0,6.47,5689.0,1015.0,4674.0,12516.0,16.0,16.0,20.0,3.42,1800.0,817.0,983.0,14316.0,12.0,12.0,12.0,12.21,1688.0,729.0,959.0,16004.0,12.0,12.0,13.0,12.51,1758.0,631.0,1127.0,17762.0,15.0,15.0,16.0,13.31,,,,,,,,,,,,,,,,,,,,,,,,,
f84164aa-93af-4592-b204-b80deee0b58e,2025-12-14 21:31:41 UTC,False,15446.0,CFOP,Gan 12 UI Maglev,RandomForest,4671.0,15446.0,,,gan12,custom_rules,,,,8.0,0.0,0.0,15446.0,70.0,70.0,79.0,4.53,4716.0,10730.0,1635.0,0.0,1635.0,1635.0,7.0,7.0,7.0,4.28,2690.0,1603.0,1087.0,4325.0,8.0,8.0,10.0,7.36,1756.0,620.0,1136.0,6081.0,7.0,7.0,7.0,6.16,1846.0,500.0,1346.0,7927.0,8.0,8.0,8.0,5.94,1395.0,550.0,845.0,9322.0,7.0,7.0,8.0,8.28,2761.0,670.0,2091.0,12083.0,13.0,13.0,14.0,6.22,3363.0,773.0,2590.0,15446.0,22.0,22.0,25.0,8.49,,,,,,,,,,,,,,,,,,,,,,,,,
dabd835f-0880-4ceb-ba69-77fc39a77499,2025-12-14 21:32:16 UTC,False,17802.0,CFOP,Gan 12 UI Maglev,RandomForest,9329.0,17802.0,,,gan12,custom_rules,,,,8.0,0.0,0.0,17802.0,70.0,74.0,83.0,3.93,8129.0,9673.0,1297.0,0.0,1297.0,1297.0,6.0,7.0,7.0,4.63,3336.0,1875.0,1461.0,4633.0,9.0,9.0,11.0,6.16,1624.0,491.0,1133.0,6257.0,8.0,8.0,10.0,7.06,3256.0,2209.0,1047.0,9513.0,8.0,8.0,9.0,7.64,1386.0,451.0,935.0,10899.0,8.0,8.0,9.0,8.56,2799.0,1559.0,1240.0,13698.0,12.0,12.0,14.0,9.68,4104.0,1544.0,2560.0,17802.0,19.0,22.0,23.0,7.42,,,,,,,,,,,,,,,,,,,,,,,,,
c42da03c-b274-4b03-a9a1-34f25f090b19,2025-12-14 21:32:47 UTC,False,15431.0,CFOP,Gan 12 UI Maglev,RandomForest,5364.0,15431.0,,,gan12,custom_rules,,,,8.0,0.0,0.0,15431.0,68.0,68.0,77.0,4.41,5433.0,9910.0,1201.0,0.0,1201.0,1289.0,5.0,5.0,8.0,4.16,0.0,0.0,0.0,1289.0,0.0,0.0,0.0,0.0,1281.0,355.0,926.0,2570.0,7.0,7.0,7.0,7.56,1384.0,740.0,644.0,3954.0,6.0,6.0,9.0,9.32,4697.0,1699.0,2998.0,8651.0,11.0,11.0,13.0,3.67,2889.0,1305.0,1584.0,11540.0,19.0,19.0,20.0,11.99,3891.0,1334.0,2557.0,15431.0,20.0,20.0,20.0,7.82,,,,,,,,,,,,,,,,,,,,,,,,,
67a9e1bf-358e-4c29-b8f8-616204ac7b0a,2025-12-14 21:33:28 UTC,False,23377.0,CFOP,Gan 12 UI Maglev,RandomForest,7277.0,23377.0,,,gan12,custom_rules,,,,8.0,0.0,0.0,23377.0,89.0,95.0,103.0,3.81,1907.0,21470.0,16018.0,0.0,16018.0,16018.0,55.0,59.0,62.0,3.43,0.0,0.0,0.0,16018.0,0.0,0.0,0.0,0.0,0.0,0.0,0.0,16018.0,0.0,0.0,0.0,0.0,0.0,0.0,0.0,16018.0,0.0,0.0,0.0,0.0,0.0,0.0,0.0,16018.0,0.0,0.0,0.0,0.0,3850.0,1198.0,2652.0,19868.0,13.0,14.0,15.0,4.9,3509.0,709.0,2800.0,23377.0,21.0,22.0,26.0,7.5,,,,,,,,,,,,,,,,,,,,,,,,,
3815d08f-64ae-485f-92c9-1d4a92158dd3,2025-12-14 21:34:00 UTC,False,17466.0,CFOP,Gan 12 UI Maglev,RandomForest,5281.0,17466.0,,,gan12,custom_rules,,,,8.0,0.0,0.0,17466.0,62.0,66.0,77.0,3.55,8819.0,8647.0,2499.0,0.0,2499.0,2499.0,6.0,8.0,13.0,2.4,2092.0,964.0,1128.0,4591.0,7.0,7.0,8.0,6.21,2592.0,2406.0,186.0,7183.0,4.0,4.0,4.0,21.51,1926.0,1209.0,717.0,9109.0,8.0,8.0,9.0,11.16,2988.0,2183.0,805.0,12097.0,8.0,8.0,9.0,9.94,2535.0,853.0,1682.0,14632.0,13.0,13.0,13.0,7.73,2834.0,1204.0,1630.0,17466.0,16.0,18.0,21.0,9.82,,,,,,,,,,,,,,,,,,,,,,,,,
92d9819a-6707-45a5-92da-ffd3c88eab9a,2025-12-14 21:34:46 UTC,False,23660.0,CFOP,Gan 12 UI Maglev,RandomForest,14771.0,23660.0,,,gan12,custom_rules,,,,8.0,0.0,0.0,23660.0,75.0,75.0,83.0,3.17,10483.0,13177.0,6906.0,0.0,6906.0,6906.0,10.0,10.0,12.0,1.45,2684.0,1757.0,927.0,9590.0,8.0,8.0,8.0,8.63,2457.0,1418.0,1039.0,12047.0,9.0,9.0,11.0,8.66,3772.0,3087.0,685.0,15819.0,10.0,10.0,10.0,14.6,2472.0,1701.0,771.0,18291.0,8.0,8.0,11.0,10.38,2345.0,1225.0,1120.0,20636.0,13.0,13.0,13.0,11.61,3024.0,1295.0,1729.0,23660.0,17.0,17.0,18.0,9.83,,,,,,,,,,,,,,,,,,,,,,,,,
79fdee29-2d40-4a75-8954-16afe7cdf888,2025-12-14 21:35:20 UTC,False,20058.0,CFOP,Gan 12 UI Maglev,RandomForest,4906.0,20058.0,,,gan12,custom_rules,,,,8.0,0.0,0.0,20058.0,74.0,76.0,82.0,3.69,5511.0,14547.0,1991.0,0.0,1991.0,1991.0,7.0,8.0,8.0,3.52,1910.0,983.0,927.0,3901.0,7.0,7.0,7.0,7.55,6332.0,177.0,6155.0,10233.0,19.0,19.0,19.0,3.09,1778.0,734.0,1044.0,12011.0,7.0,7.0,8.0,6.7,2052.0,870.0,1182.0,14063.0,9.0,9.0,10.0,7.61,2432.0,1393.0,1039.0,16495.0,11.0,11.0,12.0,10.59,3563.0,1354.0,2209.0,20058.0,15.0,16.0,18.0,6.79,,,,,,,,,,,,,,,,,,,,,,,,,
0fe0b5eb-896e-434b-91b0-25a0c7793271,2025-12-14 21:36:10 UTC,False,13848.0,CFOP,Gan 12 UI Maglev,RandomForest,26798.0,13848.0,,,gan12,custom_rules,,,,8.0,0.0,0.0,13848.0,57.0,58.0,66.0,4.12,7261.0,6522.0,556.0,0.0,556.0,621.0,3.0,3.0,5.0,5.4,2692.0,1020.0,1672.0,3313.0,9.0,10.0,10.0,5.38,2541.0,1421.0,1120.0,5854.0,11.0,11.0,12.0,9.82,2078.0,1860.0,218.0,7932.0,4.0,4.0,4.0,18.35,1088.0,435.0,653.0,9020.0,7.0,7.0,8.0,10.72,1393.0,829.0,564.0,10413.0,6.0,6.0,6.0,10.64,3435.0,1696.0,1739.0,13848.0,17.0,17.0,21.0,9.78,,,,,,,,,,,,,,,,,,,,,,,,,
9f1f63fd-9a6a-4487-ab61-cc6f020f01a2,2025-12-14 21:36:47 UTC,False,21327.0,CFOP,Gan 12 UI Maglev,RandomForest,5642.0,21327.0,,,gan12,custom_rules,,,,8.0,0.0,0.0,21327.0,68.0,69.0,77.0,3.19,8550.0,12777.0,1617.0,0.0,1617.0,1617.0,7.0,7.0,8.0,4.33,5830.0,2470.0,3360.0,7447.0,10.0,10.0,10.0,2.98,1318.0,419.0,899.0,8765.0,8.0,8.0,10.0,8.9,3670.0,1208.0,2462.0,12435.0,10.0,10.0,11.0,4.06,1988.0,774.0,1214.0,14423.0,12.0,12.0,12.0,9.88,2600.0,1690.0,910.0,17023.0,10.0,11.0,11.0,10.99,4304.0,1989.0,2315.0,21327.0,11.0,11.0,15.0,4.75,,,,,,,,,,,,,,,,,,,,,,,,,
887af220-e6b7-44d3-90f9-eed1b223e667,2025-12-14 21:37:21 UTC,False,17385.0,CFOP,Gan 12 UI Maglev,RandomForest,7783.0,17385.0,,,gan12,custom_rules,,,,8.0,0.0,0.0,17385.0,61.0,61.0,66.0,3.51,5163.0,12222.0,5362.0,0.0,5362.0,5362.0,8.0,8.0,9.0,1.49,2329.0,1177.0,1152.0,7691.0,8.0,8.0,10.0,6.94,2447.0,1142.0,1305.0,10138.0,8.0,8.0,8.0,6.13,2124.0,742.0,1382.0,12262.0,8.0,8.0,8.0,5.79,1309.0,524.0,785.0,13571.0,7.0,7.0,7.0,8.92,1465.0,652.0,813.0,15036.0,7.0,7.0,8.0,8.61,2349.0,926.0,1423.0,17385.0,15.0,15.0,16.0,10.54,,,,,,,,,,,,,,,,,,,,,,,,,
010f647f-a9b1-4985-a5b8-bb6a15b1da3c,2025-12-14 21:37:56 UTC,False,16697.0,CFOP,Gan 12 UI Maglev,RandomForest,4145.0,16697.0,,,gan12,custom_rules,,,,8.0,0.0,0.0,16697.0,62.0,65.0,76.0,3.71,7479.0,9218.0,1289.0,0.0,1289.0,1289.0,8.0,9.0,9.0,6.21,2988.0,1411.0,1577.0,4277.0,8.0,8.0,8.0,5.07,2462.0,717.0,1745.0,6739.0,9.0,9.0,11.0,5.16,2343.0,1417.0,926.0,9082.0,6.0,7.0,8.0,6.48,2502.0,1697.0,805.0,11584.0,8.0,8.0,11.0,9.94,1892.0,853.0,1039.0,13476.0,6.0,6.0,6.0,5.77,3221.0,1384.0,1837.0,16697.0,17.0,18.0,23.0,9.25,,,,,,,,,,,,,,,,,,,,,,,,,
fe44dab0-2c53-4e32-aa2c-7bea65a053bd,2025-12-14 21:38:23 UTC,False,13806.0,CFOP,Gan 12 UI Maglev,RandomForest,5031.0,13806.0,,,gan12,custom_rules,,,,8.0,0.0,0.0,13806.0,53.0,58.0,72.0,3.84,4645.0,9161.0,1466.0,0.0,1466.0,1466.0,6.0,7.0,8.0,4.09,1662.0,696.0,966.0,3128.0,8.0,8.0,9.0,8.28,3398.0,521.0,2877.0,6526.0,10.0,10.0,10.0,3.48,1006.0,201.0,805.0,7532.0,7.0,7.0,8.0,8.7,2694.0,1371.0,1323.0,10226.0,7.0,7.0,11.0,5.29,1768.0,946.0,822.0,11994.0,7.0,7.0,8.0,8.52,1812.0,910.0,902.0,13806.0,9.0,13.0,18.0,9.98,,,,,,,,,,,,,,,,,,,,,,,,,
6ec34296-108f-4c7b-ba44-73977e38c985,2025-12-14 21:38:54 UTC,False,15970.0,CFOP,Gan 12 UI Maglev,RandomForest,4024.0,15970.0,,,gan12,custom_rules,,,,8.0,0.0,0.0,15970.0,69.0,70.0,80.0,4.32,4647.0,11323.0,3613.0,0.0,3613.0,3613.0,10.0,10.0,11.0,2.77,2998.0,629.0,2369.0,6611.0,11.0,11.0,11.0,4.64,1573.0,437.0,1136.0,8184.0,8.0,8.0,10.0,7.04,1799.0,533.0,1266.0,9983.0,8.0,8.0,10.0,6.32,1620.0,894.0,726.0,11603.0,8.0,8.0,10.0,11.02,1859.0,781.0,1078.0,13462.0,10.0,10.0,11.0,9.28,2508.0,1373.0,1135.0,15970.0,14.0,15.0,17.0,12.33,,,,,,,,,,,,,,,,,,,,,,,,,
43af428f-2afb-4515-a69c-ea4d63ca2aeb,2025-12-14 21:39:28 UTC,False,15601.0,CFOP,Gan 12 UI Maglev,RandomForest,8140.0,15601.0,,,gan12,custom_rules,,,,8.0,0.0,0.0,15601.0,58.0,62.0,77.0,3.72,4976.0,10625.0,5562.0,0.0,5562.0,5562.0,17.0,17.0,18.0,3.06,0.0,0.0,0.0,5562.0,0.0,0.0,0.0,0.0,3078.0,1184.0,1894.0,8640.0,12.0,12.0,14.0,6.34,1447.0,467.0,980.0,10087.0,7.0,7.0,7.0,7.14,1096.0,951.0,145.0,11183.0,4.0,4.0,6.0,27.59,2309.0,1406.0,903.0,13492.0,10.0,10.0,14.0,11.07,2109.0,968.0,1141.0,15601.0,9.0,13.0,18.0,7.89,,,,,,,,,,,,,,,,,,,,,,,,,
b78bfe1d-4137-4ffc-8821-43e01eac2f47,2025-12-14 21:40:00 UTC,False,16916.0,CFOP,Gan 12 UI Maglev,RandomForest,5220.0,16916.0,,,gan12,custom_rules,,,,8.0,0.0,0.0,16916.0,77.0,78.0,89.0,4.55,5305.0,11611.0,1072.0,0.0,1072.0,1072.0,4.0,4.0,6.0,3.73,2030.0,918.0,1112.0,3102.0,7.0,7.0,8.0,6.29,2665.0,1488.0,1177.0,5767.0,9.0,10.0,10.0,7.65,1667.0,475.0,1192.0,7434.0,8.0,8.0,11.0,6.71,1209.0,556.0,653.0,8643.0,8.0,8.0,9.0,12.25,5527.0,853.0,4674.0,14170.0,24.0,24.0,27.0,5.13,2746.0,1015.0,1731.0,16916.0,17.0,17.0,18.0,9.82,,,,,,,,,,,,,,,,,,,,,,,,,
813c8937-f0ed-4748-92d8-4de0188d6c3e,2025-12-14 21:40:50 UTC,False,19931.0,CFOP,Gan 12 UI Maglev,RandomForest,20842.0,19931.0,,,gan12,custom_rules,,,,8.0,0.0,0.0,19931.0,66.0,67.0,81.0,3.31,8775.0,11091.0,1103.0,0.0,1103.0,1168.0,5.0,5.0,7.0,4.53,5622.0,892.0,4730.0,6790.0,11.0,12.0,14.0,2.33,4987.0,4181.0,806.0,11777.0,8.0,8.0,10.0,9.93,1289.0,467.0,822.0,13066.0,7.0,7.0,8.0,8.52,2040.0,1395.0,645.0,15106.0,7.0,7.0,8.0,10.85,1960.0,741.0,1219.0,17066.0,12.0,12.0,13.0,9.84,2865.0,1099.0,1766.0,19931.0,17.0,17.0,21.0,9.63,,,,,,,,,,,,,,,,,,,,,,,,,
8f5669ad-5c9e-4c74-bc59-95923fd8e244,2025-12-14 21:41:25 UTC,False,16032.0,CFOP,Gan 12 UI Maglev,RandomForest,9678.0,16032.0,,,gan12,custom_rules,,,,8.0,0.0,0.0,16032.0,60.0,60.0,68.0,3.74,7026.0,8941.0,974.0,0.0,974.0,1039.0,5.0,5.0,6.0,5.13,2303.0,885.0,1418.0,3342.0,7.0,7.0,7.0,4.94,3664.0,2538.0,1126.0,7006.0,8.0,8.0,8.0,7.1,1492.0,532.0,960.0,8498.0,8.0,8.0,9.0,8.33,2361.0,837.0,1524.0,10859.0,9.0,9.0,10.0,5.91,1956.0,683.0,1273.0,12815.0,12.0,12.0,13.0,9.43,3217.0,1551.0,1666.0,16032.0,11.0,11.0,15.0,6.6,,,,,,,,,,,,,,,,,,,,,,,,,
d5471d31-277e-444a-baee-ba2ced621656,2025-12-14 21:42:02 UTC,False,17904.0,CFOP,Gan 12 UI Maglev,RandomForest,5092.0,17904.0,,,gan12,custom_rules,,,,8.0,0.0,0.0,17904.0,66.0,66.0,77.0,3.69,7279.0,10625.0,2999.0,0.0,2999.0,2999.0,8.0,8.0,10.0,2.67,1975.0,767.0,1208.0,4974.0,7.0,7.0,8.0,5.79,1204.0,241.0,963.0,6178.0,7.0,7.0,8.0,7.27,2615.0,1877.0,738.0,8793.0,9.0,9.0,10.0,12.2,1907.0,1383.0,524.0,10700.0,8.0,8.0,8.0,15.27,3597.0,1006.0,2591.0,14297.0,17.0,17.0,17.0,6.56,3607.0,2005.0,1602.0,17904.0,11.0,11.0,16.0,6.87,,,,,,,,,,,,,,,,,,,,,,,,,
1e07a1d0-ba3d-434e-9491-092f1f8a33f6,2025-12-14 21:42:32 UTC,False,17393.0,CFOP,Gan 12 UI Maglev,RandomForest,3881.0,17393.0,,,gan12,custom_rules,,,,8.0,0.0,0.0,17393.0,66.0,69.0,81.0,3.79,7574.0,9771.0,3626.0,0.0,3626.0,3674.0,8.0,8.0,11.0,2.21,1992.0,1015.0,977.0,5666.0,8.0,8.0,9.0,8.19,1560.0,258.0,1302.0,7226.0,7.0,7.0,8.0,5.38,1851.0,1247.0,604.0,9077.0,8.0,8.0,9.0,13.25,2479.0,1537.0,942.0,11556.0,8.0,8.0,10.0,8.49,2551.0,1617.0,934.0,14107.0,12.0,12.0,14.0,12.85,3286.0,1900.0,1386.0,17393.0,16.0,18.0,20.0,11.54,,,,,,,,,,,,,,,,,,,,,,,,,
99f9dd25-fa64-4f0f-9c3b-713bc431ff5f,2025-12-14 21:43:02 UTC,False,16368.0,CFOP,Gan 12 UI Maglev,RandomForest,4318.0,16368.0,,,gan12,custom_rules,,,,8.0,0.0,0.0,16368.0,62.0,63.0,73.0,3.79,6605.0,9763.0,4129.0,0.0,4129.0,4129.0,10.0,10.0,12.0,2.42,1374.0,1076.0,298.0,5503.0,4.0,4.0,5.0,13.42,1339.0,919.0,420.0,6842.0,4.0,4.0,4.0,9.52,1375.0,427.0,948.0,8217.0,7.0,7.0,8.0,7.38,2961.0,1680.0,1281.0,11178.0,11.0,11.0,14.0,8.59,2094.0,1240.0,854.0,13272.0,11.0,11.0,11.0,12.88,3096.0,1263.0,1833.0,16368.0,15.0,16.0,19.0,8.18,,,,,,,,,,,,,,,,,,,,,,,,,
18a6af65-fd6b-4322-bb34-4603ae8bd02d,2025-12-14 21:43:41 UTC,False,24226.0,CFOP,Gan 12 UI Maglev,RandomForest,5193.0,24226.0,,,gan12,custom_rules,,,,8.0,0.0,0.0,24226.0,79.0,79.0,102.0,3.26,8546.0,15680.0,2674.0,0.0,2674.0,2674.0,7.0,7.0,10.0,2.62,4419.0,1676.0,2743.0,7093.0,12.0,12.0,15.0,4.37,6098.0,194.0,5904.0,13191.0,22.0,22.0,26.0,3.73,1786.0,1423.0,363.0,14977.0,4.0,4.0,5.0,11.02,2889.0,1760.0,1129.0,17866.0,8.0,8.0,11.0,7.09,3307.0,2140.0,1167.0,21173.0,10.0,10.0,16.0,8.57,3053.0,1353.0,1700.0,24226.0,17.0,17.0,19.0,10.0,,,,,,,,,,,,,,,,,,,,,,,,,
f7986224-1a4f-4624-9684-8502b29b716e,2025-12-14 21:44:24 UTC,False,15781.0,CFOP,Gan 12 UI Maglev,RandomForest,16394.0,15781.0,,,gan12,custom_rules,,,,8.0,0.0,0.0,15781.0,56.0,60.0,66.0,3.55,6933.0,8848.0,3562.0,0.0,3562.0,3562.0,6.0,6.0,6.0,1.68,3197.0,1941.0,1256.0,6759.0,8.0,8.0,8.0,6.37,1172.0,914.0,258.0,7931.0,3.0,3.0,3.0,11.63,1349.0,652.0,697.0,9280.0,8.0,8.0,9.0,11.48,2715.0,1652.0,1063.0,11995.0,10.0,10.0,10.0,9.41,2099.0,931.0,1168.0,14094.0,13.0,13.0,13.0,11.13,1687.0,843.0,844.0,15781.0,8.0,12.0,17.0,9.48,,,,,,,,,,,,,,,,,,,,,,,,,
f11f5d78-8ef7-4b97-939b-1091bd7bd3e7,2025-12-14 21:45:34 UTC,False,21339.0,CFOP,Gan 12 UI Maglev,RandomForest,11125.0,21339.0,,,gan12,custom_rules,,,,8.0,0.0,0.0,21339.0,83.0,88.0,102.0,3.89,6441.0,14898.0,3852.0,0.0,3852.0,3852.0,10.0,10.0,10.0,2.6,4495.0,1105.0,3390.0,8347.0,18.0,18.0,18.0,5.31,1522.0,540.0,982.0,9869.0,8.0,8.0,10.0,8.15,2574.0,645.0,1929.0,12443.0,15.0,15.0,16.0,7.78,2425.0,1644.0,781.0,14868.0,9.0,9.0,10.0,11.52,2691.0,1096.0,1595.0,17559.0,12.0,12.0,15.0,7.52,3780.0,1411.0,2369.0,21339.0,11.0,16.0,23.0,4.64,,,,,,,,,,,,,,,,,,,,,,,,,
a50c22a6-ab8a-4b0c-a1c2-90b6f7b1168b,2025-12-14 21:46:06 UTC,False,16594.0,CFOP,Gan 12 UI Maglev,RandomForest,6427.0,16594.0,,,gan12,custom_rules,,,,8.0,0.0,0.0,16594.0,68.0,72.0,79.0,4.1,6591.0,9938.0,943.0,0.0,943.0,1008.0,4.0,6.0,6.0,4.24,2664.0,1290.0,1374.0,3672.0,11.0,11.0,12.0,8.01,1794.0,1238.0,556.0,5466.0,4.0,4.0,4.0,7.19,3646.0,1320.0,2326.0,9112.0,11.0,11.0,13.0,4.73,975.0,362.0,613.0,10087.0,8.0,8.0,10.0,13.05,2705.0,1344.0,1361.0,12792.0,11.0,13.0,15.0,8.08,3802.0,1037.0,2765.0,16594.0,19.0,19.0,19.0,6.87,,,,,,,,,,,,,,,,,,,,,,,,,
b56fc9f3-027e-4a6b-b626-914ab9584bb8,2025-12-14 21:46:51 UTC,False,13279.0,CFOP,Gan 12 UI Maglev,RandomForest,10961.0,13279.0,,,gan12,custom_rules,,,,8.0,0.0,0.0,13279.0,59.0,60.0,69.0,4.44,6762.0,6517.0,951.0,0.0,951.0,951.0,5.0,5.0,5.0,5.26,1762.0,852.0,910.0,2713.0,8.0,8.0,11.0,8.79,2137.0,671.0,1466.0,4850.0,10.0,10.0,11.0,6.82,1821.0,1459.0,362.0,6671.0,7.0,7.0,8.0,19.34,2605.0,1589.0,1016.0,9276.0,7.0,7.0,7.0,6.89,1547.0,871.0,676.0,10823.0,8.0,8.0,9.0,11.83,2456.0,1320.0,1136.0,13279.0,14.0,15.0,18.0,12.32,,,,,,,,,,,,,,,,,,,,,,,,,
8d0e73f2-d3b0-4cd4-82b0-5e79e6c623d6,2025-12-14 21:47:44 UTC,False,13033.0,CFOP,Gan 12 UI Maglev,RandomForest,29670.0,13033.0,,,gan12,custom_rules,,,,8.0,0.0,0.0,13033.0,54.0,54.0,63.0,4.14,7017.0,5936.0,910.0,0.0,910.0,990.0,3.0,3.0,5.0,3.3,1695.0,640.0,1055.0,2685.0,8.0,8.0,8.0,7.58,1695.0,855.0,840.0,4380.0,8.0,8.0,9.0,9.52,1531.0,1055.0,476.0,5911.0,8.0,8.0,9.0,16.81,2019.0,1480.0,539.0,7930.0,7.0,7.0,7.0,12.99,1463.0,903.0,560.0,9393.0,7.0,7.0,8.0,12.5,3640.0,2084.0,1556.0,13033.0,13.0,13.0,17.0,8.35,,,,,,,,,,,,,,,,,,,,,,,,,
0089b4bd-614c-415a-af66-d60f7e14a03a,2025-12-14 21:48:10 UTC,False,12649.0,CFOP,Gan 12 UI Maglev,RandomForest,3852.0,12649.0,,,gan12,custom_rules,,,,8.0,0.0,0.0,12649.0,71.0,71.0,78.0,5.61,4729.0,7799.0,1921.0,0.0,1921.0,2042.0,9.0,9.0,11.0,4.69,1527.0,693.0,834.0,3569.0,11.0,11.0,12.0,13.19,2718.0,1205.0,1513.0,6287.0,12.0,12.0,12.0,7.93,1623.0,926.0,697.0,7910.0,9.0,9.0,10.0,12.91,854.0,427.0,427.0,8764.0,3.0,3.0,3.0,7.03,1487.0,608.0,879.0,10251.0,12.0,12.0,13.0,13.65,2398.0,870.0,1528.0,12649.0,15.0,15.0,17.0,9.82,,,,,,,,,,,,,,,,,,,,,,,,,
0dd49651-ce21-4928-9a08-d7e8519332d7,2025-12-14 21:48:43 UTC,False,12965.0,CFOP,Gan 12 UI Maglev,RandomForest,7267.0,12965.0,,,gan12,custom_rules,,,,8.0,0.0,0.0,12965.0,55.0,59.0,69.0,4.24,6698.0,6267.0,1072.0,0.0,1072.0,1072.0,7.0,7.0,7.0,6.53,2180.0,1217.0,963.0,3252.0,8.0,8.0,9.0,8.31,1585.0,951.0,634.0,4837.0,6.0,6.0,8.0,9.46,2311.0,1272.0,1039.0,7148.0,8.0,8.0,8.0,7.7,1486.0,870.0,616.0,8634.0,8.0,8.0,8.0,12.99,2000.0,1332.0,668.0,10634.0,9.0,9.0,10.0,13.47,2331.0,1056.0,1275.0,12965.0,9.0,13.0,19.0,7.06,,,,,,,,,,,,,,,,,,,,,,,,,
7e75177a-2820-4e78-8b09-5f77a5b4fc8e,2025-12-14 21:49:31 UTC,False,27553.0,CFOP,Gan 12 UI Maglev,RandomForest,10517.0,27553.0,,,gan12,custom_rules,,,,8.0,0.0,0.0,27553.0,84.0,100.0,130.0,3.05,8337.0,19216.0,3419.0,0.0,3419.0,3419.0,8.0,8.0,9.0,2.34,3294.0,1442.0,1852.0,6713.0,9.0,9.0,10.0,4.86,3085.0,846.0,2239.0,9798.0,12.0,12.0,12.0,5.36,3506.0,2523.0,983.0,13304.0,9.0,9.0,11.0,9.16,1547.0,1345.0,202.0,14851.0,4.0,4.0,4.0,19.8,3338.0,1306.0,2032.0,18189.0,14.0,15.0,15.0,6.89,9364.0,875.0,8489.0,27553.0,28.0,43.0,69.0,3.3,,,,,,,,,,,,,,,,,,,,,,,,,
b1b3451e-db51-4f01-a365-d03a92062c74,2025-12-14 21:50:03 UTC,False,15424.0,CFOP,Gan 12 UI Maglev,RandomForest,7584.0,15424.0,,,gan12,custom_rules,,,,8.0,0.0,0.0,15424.0,66.0,69.0,76.0,4.28,3999.0,11417.0,3119.0,0.0,3119.0,3127.0,7.0,8.0,9.0,2.24,2858.0,475.0,2383.0,5985.0,12.0,12.0,12.0,5.04,1708.0,485.0,1223.0,7693.0,8.0,8.0,8.0,6.54,1565.0,662.0,903.0,9258.0,5.0,6.0,7.0,5.54,1007.0,419.0,588.0,10265.0,8.0,8.0,9.0,13.61,2933.0,852.0,2081.0,13198.0,13.0,13.0,13.0,6.25,2226.0,1106.0,1120.0,15424.0,14.0,15.0,18.0,12.5,,,,,,,,,,,,,,,,,,,,,,,,,
fa4afe44-3578-4202-b5dc-3a34cabbe261,2025-12-14 21:50:37 UTC,False,17680.0,CFOP,Gan 12 UI Maglev,RandomForest,5350.0,17680.0,,,gan12,custom_rules,,,,8.0,0.0,0.0,17680.0,76.0,78.0,88.0,4.3,7824.0,9856.0,1547.0,0.0,1547.0,1547.0,7.0,7.0,8.0,4.52,4452.0,3146.0,1306.0,5999.0,9.0,9.0,11.0,6.89,1937.0,347.0,1590.0,7936.0,11.0,11.0,12.0,6.92,2274.0,1251.0,1023.0,10210.0,9.0,9.0,13.0,8.8,1715.0,781.0,934.0,11925.0,8.0,8.0,9.0,8.57,2921.0,1179.0,1742.0,14846.0,12.0,14.0,14.0,6.89,2834.0,1120.0,1714.0,17680.0,20.0,20.0,21.0,11.67,,,,,,,,,,,,,,,,,,,,,,,,,
fced3524-1611-4b5a-83c1-0fd60a63729a,2025-12-14 21:51:13 UTC,False,17891.0,CFOP,Gan 12 UI Maglev,RandomForest,7249.0,17891.0,,,gan12,custom_rules,,,,8.0,0.0,0.0,17891.0,55.0,61.0,78.0,3.07,7559.0,10332.0,4645.0,0.0,4645.0,4645.0,10.0,12.0,17.0,2.15,3664.0,2356.0,1308.0,8309.0,7.0,7.0,9.0,5.35,1788.0,1088.0,700.0,10097.0,8.0,8.0,9.0,11.43,1910.0,1112.0,798.0,12007.0,7.0,7.0,7.0,8.77,1715.0,1175.0,540.0,13722.0,7.0,7.0,9.0,12.96,1519.0,765.0,754.0,15241.0,8.0,8.0,9.0,10.61,2650.0,1063.0,1587.0,17891.0,8.0,12.0,18.0,5.04,,,,,,,,,,,,,,,,,,,,,,,,,
90419bdd-33c3-4968-88bb-0bf381de553c,2025-12-14 21:51:47 UTC,False,16940.0,CFOP,Gan 12 UI Maglev,RandomForest,6612.0,16940.0,,,gan12,custom_rules,,,,8.0,0.0,0.0,16940.0,69.0,70.0,82.0,4.07,7026.0,9543.0,1503.0,0.0,1503.0,1874.0,6.0,6.0,8.0,3.99,4935.0,2183.0,2752.0,6809.0,16.0,16.0,18.0,5.81,1005.0,683.0,322.0,7814.0,4.0,4.0,4.0,12.42,2343.0,1335.0,1008.0,10157.0,8.0,8.0,10.0,7.94,1821.0,983.0,838.0,11978.0,7.0,7.0,10.0,8.35,1874.0,642.0,1232.0,13852.0,12.0,12.0,13.0,9.74,3088.0,1200.0,1888.0,16940.0,16.0,17.0,19.0,8.47,,,,,,,,,,,,,,,,,,,,,,,,,
9bdea58c-90c4-4585-8262-85ad2c4bcbae,2025-12-14 21:52:14 UTC,False,14861.0,CFOP,Gan 12 UI Maglev,RandomForest,2730.0,14861.0,,,gan12,custom_rules,,,,8.0,0.0,0.0,14861.0,60.0,64.0,78.0,4.04,6971.0,7890.0,1916.0,0.0,1916.0,1916.0,7.0,7.0,8.0,3.65,1949.0,1191.0,758.0,3865.0,7.0,7.0,8.0,9.23,1229.0,210.0,1019.0,5094.0,6.0,6.0,6.0,5.89,2036.0,676.0,1360.0,7130.0,12.0,12.0,13.0,8.82,2452.0,1905.0,547.0,9582.0,10.0,10.0,11.0,18.28,3251.0,1822.0,1429.0,12833.0,10.0,10.0,15.0,7.0,2028.0,1167.0,861.0,14861.0,8.0,12.0,17.0,9.29,,,,,,,,,,,,,,,,,,,,,,,,,
20153759-bf00-4586-b974-7107481db6a8,2025-12-14 21:52:52 UTC,False,15887.0,CFOP,Gan 12 UI Maglev,RandomForest,11092.0,15887.0,,,gan12,custom_rules,,,,8.0,0.0,0.0,15887.0,76.0,76.0,83.0,4.78,5827.0,10060.0,2710.0,0.0,2710.0,2710.0,9.0,9.0,11.0,3.32,3230.0,677.0,2553.0,5940.0,13.0,13.0,14.0,5.09,1306.0,346.0,960.0,7246.0,12.0,12.0,12.0,12.5,2009.0,1095.0,914.0,9255.0,7.0,7.0,7.0,7.66,999.0,338.0,661.0,10254.0,7.0,7.0,8.0,10.59,2248.0,1409.0,839.0,12502.0,11.0,11.0,12.0,13.11,3385.0,1962.0,1423.0,15887.0,17.0,17.0,19.0,11.95,,,,,,,,,,,,,,,,,,,,,,,,,
76c3438b-9d9c-4b11-acdd-430ce715da95,2025-12-14 21:53:32 UTC,False,16802.0,CFOP,Gan 12 UI Maglev,RandomForest,14130.0,16802.0,,,gan12,custom_rules,,,,8.0,0.0,0.0,16802.0,57.0,57.0,64.0,3.39,7399.0,9403.0,2380.0,0.0,2380.0,2380.0,9.0,9.0,10.0,3.78,2491.0,1201.0,1290.0,4871.0,8.0,8.0,8.0,6.2,1982.0,741.0,1241.0,6853.0,7.0,7.0,8.0,5.64,4138.0,3001.0,1137.0,10991.0,7.0,7.0,7.0,6.16,1249.0,613.0,636.0,12240.0,7.0,7.0,8.0,11.01,1931.0,742.0,1189.0,14171.0,9.0,9.0,9.0,7.57,2631.0,1101.0,1530.0,16802.0,11.0,11.0,14.0,7.19,,,,,,,,,,,,,,,,,,,,,,,,,
f485c0fa-12e8-462b-adbe-50f95e1cf24b,2025-12-14 21:54:13 UTC,False,27276.0,CFOP,Gan 12 UI Maglev,RandomForest,4333.0,27276.0,,,gan12,custom_rules,,,,8.0,0.0,0.0,27276.0,91.0,109.0,129.0,3.34,7607.0,19652.0,2889.0,0.0,2889.0,2906.0,8.0,9.0,12.0,2.77,1449.0,677.0,772.0,4355.0,8.0,8.0,9.0,10.36,1828.0,1658.0,170.0,6183.0,4.0,4.0,6.0,23.53,2682.0,2075.0,607.0,8865.0,9.0,9.0,10.0,14.83,2512.0,1233.0,1279.0,11377.0,10.0,10.0,10.0,7.82,1277.0,701.0,576.0,12654.0,8.0,8.0,8.0,13.89,14622.0,1263.0,13359.0,27276.0,44.0,61.0,74.0,3.29,,,,,,,,,,,,,,,,,,,,,,,,,
2a40aa18-ae9f-436d-8940-64e6fa7f87d0,2025-12-14 21:54:49 UTC,False,21082.0,CFOP,Gan 12 UI Maglev,RandomForest,6438.0,21082.0,,,gan12,custom_rules,,,,8.0,0.0,0.0,21082.0,77.0,78.0,87.0,3.65,10905.0,9943.0,2310.0,0.0,2310.0,2544.0,6.0,7.0,9.0,2.6,4703.0,3626.0,1077.0,7247.0,10.0,10.0,12.0,9.29,3066.0,1707.0,1359.0,10313.0,9.0,9.0,10.0,6.62,2791.0,1696.0,1095.0,13104.0,12.0,12.0,12.0,10.96,1983.0,1169.0,814.0,15087.0,8.0,8.0,10.0,9.83,2842.0,1429.0,1413.0,17929.0,13.0,13.0,14.0,9.2,3153.0,1278.0,1875.0,21082.0,19.0,19.0,20.0,10.13,,,,,,,,,,,,,,,,,,,,,,,,,
eb1a131b-bd88-4eb9-ba4b-6ed01e6e8c18,2025-12-14 21:55:34 UTC,False,18206.0,CFOP,Gan 12 UI Maglev,RandomForest,6126.0,18206.0,,,gan12,custom_rules,,,,8.0,0.0,0.0,18206.0,62.0,67.0,83.0,3.41,8028.0,10097.0,2141.0,0.0,2141.0,2222.0,6.0,6.0,9.0,2.8,3179.0,1132.0,2047.0,5401.0,12.0,12.0,15.0,5.86,3359.0,1841.0,1518.0,8760.0,8.0,8.0,9.0,5.27,2453.0,1583.0,870.0,11213.0,8.0,8.0,8.0,9.2,2021.0,675.0,1346.0,13234.0,9.0,9.0,11.0,6.69,2875.0,1715.0,1160.0,16109.0,10.0,11.0,12.0,8.62,2097.0,1082.0,1015.0,18206.0,9.0,13.0,19.0,8.87,,,,,,,,,,,,,,,,,,,,,,,,,
dc0a18d6-8843-47f9-976d-9dedde3ada6d,2025-12-14 21:56:10 UTC,False,23001.0,CFOP,Gan 12 UI Maglev,RandomForest,3927.0,23001.0,,,gan12,custom_rules,,,,8.0,0.0,0.0,23001.0,69.0,72.0,85.0,3.0,5145.0,17792.0,10302.0,0.0,10302.0,10366.0,13.0,15.0,17.0,1.26,2440.0,1152.0,1288.0,12806.0,9.0,9.0,11.0,6.99,1479.0,603.0,876.0,14285.0,8.0,8.0,8.0,9.13,2199.0,685.0,1514.0,16484.0,7.0,7.0,9.0,4.62,1304.0,442.0,862.0,17788.0,8.0,8.0,11.0,9.28,2208.0,951.0,1257.0,19996.0,8.0,8.0,9.0,6.36,3005.0,1312.0,1693.0,23001.0,16.0,17.0,20.0,9.45,,,,,,,,,,,,,,,,,,,,,,,,,
ce4cfe25-30a4-4f8f-8dc5-da9f9ce6be18,2025-12-14 21:56:45 UTC,False,17224.0,CFOP,Gan 12 UI Maglev,RandomForest,8736.0,17224.0,,,gan12,custom_rules,,,,8.0,0.0,0.0,17224.0,61.0,61.0,73.0,3.54,7825.0,9399.0,2325.0,0.0,2325.0,2325.0,8.0,8.0,9.0,3.44,2641.0,2053.0,588.0,4966.0,6.0,6.0,8.0,10.2,2727.0,562.0,2165.0,7693.0,8.0,8.0,8.0,3.7,1796.0,1385.0,411.0,9489.0,8.0,8.0,8.0,19.46,2389.0,1528.0,861.0,11878.0,7.0,7.0,8.0,8.13,1884.0,861.0,1023.0,13762.0,10.0,10.0,13.0,9.78,3462.0,1436.0,2026.0,17224.0,14.0,14.0,19.0,6.91,,,,,,,,,,,,,,,,,,,,,,,,,
e97f5e46-5586-4f71-b4dd-f86949c090bc,2025-12-14 21:57:26 UTC,False,26519.0,CFOP,Gan 12 UI Maglev,RandomForest,3136.0,26519.0,,,gan12,custom_rules,,,,8.0,0.0,0.0,26519.0,92.0,94.0,107.0,3.47,9748.0,16682.0,2414.0,0.0,2414.0,2503.0,6.0,6.0,7.0,2.49,1336.0,516.0,820.0,3839.0,8.0,8.0,9.0,9.76,4101.0,1348.0,2753.0,7940.0,15.0,15.0,16.0,5.45,3976.0,763.0,3213.0,11916.0,13.0,13.0,14.0,4.05,843.0,674.0,169.0,12759.0,4.0,4.0,4.0,23.67,2237.0,1007.0,1230.0,14996.0,10.0,11.0,11.0,8.13,11523.0,5440.0,6083.0,26519.0,36.0,37.0,46.0,5.92,,,,,,,,,,,,,,,,,,,,,,,,,
4f3d00b5-1db7-4dfd-bbca-c629688aca2c,2025-12-14 21:58:06 UTC,False,16174.0,CFOP,Gan 12 UI Maglev,RandomForest,5601.0,16174.0,,,gan12,custom_rules,,,,8.0,0.0,0.0,16174.0,61.0,65.0,72.0,3.77,7629.0,8545.0,1656.0,0.0,1656.0,1656.0,5.0,6.0,8.0,3.02,2119.0,1491.0,628.0,3775.0,8.0,8.0,9.0,12.74,1710.0,628.0,1082.0,5485.0,7.0,8.0,9.0,6.47,2588.0,1637.0,951.0,8073.0,7.0,7.0,7.0,7.36,2560.0,1770.0,790.0,10633.0,9.0,9.0,9.0,11.39,2682.0,821.0,1861.0,13315.0,9.0,10.0,10.0,4.84,2859.0,1282.0,1577.0,16174.0,16.0,17.0,20.0,10.15,,,,,,,,,,,,,,,,,,,,,,,,,
aff82735-90d0-4e53-96f4-5af511593735,2025-12-14 21:59:19 UTC,False,39444.0,CFOP,Gan 12 UI Maglev,RandomForest,16274.0,39444.0,,,gan12,custom_rules,,,,8.0,0.0,0.0,39444.0,118.0,121.0,138.0,2.99,7935.0,31509.0,1096.0,0.0,1096.0,1096.0,5.0,5.0,6.0,4.56,3683.0,2126.0,1557.0,4779.0,10.0,10.0,11.0,6.42,2588.0,1541.0,1047.0,7367.0,7.0,7.0,8.0,6.69,2005.0,692.0,1313.0,9372.0,8.0,8.0,8.0,6.09,959.0,830.0,129.0,10331.0,5.0,5.0,5.0,38.76,2183.0,1265.0,918.0,12514.0,10.0,11.0,12.0,10.89,26930.0,1481.0,25449.0,39444.0,73.0,75.0,88.0,2.87,,,,,,,,,,,,,,,,,,,,,,,,,
7cff76e7-262a-4c57-b4ca-e655f7bb4eeb,2025-12-14 22:00:01 UTC,False,22229.0,CFOP,Gan 12 UI Maglev,RandomForest,4334.0,22229.0,,,gan12,custom_rules,,,,8.0,0.0,0.0,22229.0,68.0,70.0,80.0,3.06,10794.0,11435.0,3378.0,0.0,3378.0,3378.0,9.0,9.0,10.0,2.66,6744.0,3752.0,2992.0,10122.0,9.0,10.0,10.0,3.01,2440.0,2036.0,404.0,12562.0,4.0,4.0,5.0,9.9,1663.0,1438.0,225.0,14225.0,6.0,6.0,6.0,26.67,2106.0,967.0,1139.0,16331.0,11.0,11.0,13.0,9.66,2762.0,1267.0,1495.0,19093.0,12.0,12.0,15.0,8.03,3136.0,1334.0,1802.0,22229.0,17.0,18.0,21.0,9.43,,,,,,,,,,,,,,,,,,,,,,,,,
5fd194c2-0f96-411d-8d12-b637353139a7,2025-12-14 22:00:32 UTC,False,17755.0,CFOP,Gan 12 UI Maglev,RandomForest,5620.0,17755.0,,,gan12,custom_rules,,,,8.0,0.0,0.0,17755.0,65.0,72.0,88.0,3.66,7605.0,10150.0,1473.0,0.0,1473.0,1473.0,7.0,7.0,7.0,4.75,4903.0,3702.0,1201.0,6376.0,7.0,7.0,7.0,5.83,2771.0,320.0,2451.0,9147.0,12.0,12.0,12.0,4.9,884.0,691.0,193.0,10031.0,4.0,4.0,4.0,20.73,1603.0,927.0,676.0,11634.0,8.0,8.0,9.0,11.83,2502.0,887.0,1615.0,14136.0,12.0,12.0,14.0,7.43,3619.0,1078.0,2541.0,17755.0,15.0,22.0,35.0,5.9,,,,,,,,,,,,,,,,,,,,,,,,,
b725d854-ae6b-45dd-b983-e5e9de1af8ac,2025-12-14 22:01:29 UTC,False,23964.0,CFOP,Gan 12 UI Maglev,RandomForest,22454.0,23964.0,,,gan12,custom_rules,,,,8.0,0.0,0.0,23964.0,78.0,78.0,84.0,3.25,9716.0,14248.0,1280.0,0.0,1280.0,1280.0,5.0,5.0,7.0,3.91,9233.0,4882.0,4351.0,10513.0,14.0,14.0,15.0,3.22,3094.0,548.0,2546.0,13607.0,14.0,14.0,14.0,5.5,1826.0,612.0,1214.0,15433.0,7.0,7.0,7.0,5.77,1728.0,914.0,814.0,17161.0,8.0,8.0,8.0,9.83,3543.0,1441.0,2102.0,20704.0,11.0,11.0,12.0,5.23,3260.0,1319.0,1941.0,23964.0,19.0,19.0,21.0,9.79,,,,,,,,,,,,,,,,,,,,,,,,,
