id,date,dnf,time,solving_method,device_model,user,inspection_time,timer_time,missing_turn,timer,session_name,session_ruleset,share_views,share_likes,share_comments,analysis_version,pickup_time,putdown_time,solving_time,slice_turns,face_turns,quarter_turns,turns_per_second,total_recognition_time,total_execution_time,step_0_time,step_0_recognition_time,step_0_execution_time,step_0_cumulative_time,step_0_slice_turns,step_0_face_turns,step_0_quarter_turns,step_0_turns_per_second,step_1_time,step_1_recognition_time,step_1_execution_time,step_1_cumulative_time,step_1_slice_turns,step_1_face_turns,step_1_quarter_turns,step_1_turns_per_second,step_2_time,step_2_recognition_time,step_2_execution_time,step_2_cumulative_time,step_2_slice_turns,step_2_face_turns,step_2_quarter_turns,step_2_turns_per_second,step_3_time,step_3_recognition_time,step_3_execution_time,step_3_cumulative_time,step_3_slice_turns,step_3_face_turns,step_3_quarter_turns,step_3_turns_per_second,step_4_time,step_4_recognition_time,step_4_execution_time,step_4_cumulative_time,step_4_slice_turns,step_4_face_turns,step_4_quarter_turns,step_4_turns_per_second,step_5_time,step_5_recognition_time,step_5_execution_time,step_5_cumulative_time,step_5_slice_turns,step_5_face_turns,step_5_quarter_turns,step_5_turns_per_second,step_6_time,step_6_recognition_time,step_6_execution_time,step_6_cumulative_time,step_6_slice_turns,step_6_face_turns,step_6_quarter_turns,step_6_turns_per_second,step_7_time,step_7_recognition_time,step_7_execution_time,step_7_cumulative_time,step_7_slice_turns,step_7_face_turns,step_7_quarter_turns,step_7_turns_per_second,step_8_time,step_8_recognition_time,step_8_execution_time,step_8_cumulative_time,step_8_slice_turns,step_8_face_turns,step_8_quarter_turns,step_8_turns_per_second,step_0_case,step_1_case,step_2_case,step_3_case,step_4_case,step_5_case,step_6_case,step_7_case,step_8_case
9940715d-2ce6-45b2-91d8-980b0527b42a,2025-11-17 16:30:17 UTC,False,17376.0,CFOP,Gan 12 UI Maglev,RandomForest,51969.0,17376.0,,,gan12,custom_rules,,,,8.0,0.0,0.0,17376.0,69.0,71.0,76.0,3.97,8543.0,8785.0,693.0,0.0,693.0,741.0,3.0,3.0,5.0,4.33,1673.0,684.0,989.0,2414.0,11.0,11.0,11.0,11.12,3039.0,2224.0,815.0,5453.0,8.0,8.0,9.0,9.82,1863.0,1517.0,346.0,7316.0,5.0,5.0,5.0,14.45,3755.0,1804.0,1951.0,11071.0,10.0,10.0,11.0,5.13,2021.0,796.0,1225.0,13092.0,12.0,14.0,14.0,9.8,4284.0,1518.0,2766.0,17376.0,20.0,20.0,21.0,7.23,,,,,,,,,,,,,,,,,,,,,,,,,
20085633-850a-4f29-b0ce-ac74a315aa7b,2025-11-17 16:30:58 UTC,False,18872.0,CFOP,Gan 12 UI Maglev,RandomForest,12208.0,18872.0,,,gan12,custom_rules,,,,8.0,0.0,0.0,18872.0,67.0,68.0,80.0,3.55,5317.0,13555.0,1738.0,0.0,1738.0,1738.0,5.0,5.0,6.0,2.88,4653.0,137.0,4516.0,6391.0,9.0,9.0,10.0,1.99,1365.0,644.0,721.0,7756.0,6.0,6.0,8.0,8.32,3484.0,653.0,2831.0,11240.0,15.0,15.0,16.0,5.3,1582.0,1006.0,576.0,12822.0,8.0,8.0,9.0,13.89,2085.0,1424.0,661.0,14907.0,7.0,7.0,9.0,10.59,3965.0,1453.0,2512.0,18872.0,18.0,19.0,22.0,7.17,,,,,,,,,,,,,,,,,,,,,,,,,
c0ab7291-040b-468b-b791-48c76422c586,2025-11-17 16:31:54 UTC,False,14004.0,CFOP,Gan 12 UI Maglev,RandomForest,33080.0,14004.0,,,gan12,custom_rules,,,,8.0,0.0,0.0,14004.0,58.0,58.0,68.0,4.14,5505.0,8499.0,1055.0,0.0,1055.0,1055.0,5.0,5.0,5.0,4.74,2394.0,1492.0,902.0,3449.0,6.0,6.0,8.0,6.65,2925.0,1097.0,1828.0,6374.0,8.0,8.0,9.0,4.38,1719.0,491.0,1228.0,8093.0,8.0,8.0,10.0,6.51,1574.0,680.0,894.0,9667.0,8.0,8.0,9.0,8.95,1273.0,645.0,628.0,10940.0,6.0,6.0,6.0,9.55,3064.0,1100.0,1964.0,14004.0,17.0,17.0,21.0,8.66,,,,,,,,,,,,,,,,,,,,,,,,,
9a085f9b-12c0-4183-9b62-9d0aed2913d0,2025-11-17 16:33:00 UTC,False,21403.0,CFOP,Gan 12 UI Maglev,RandomForest,35228.0,21403.0,,,gan12,custom_rules,,,,8.0,0.0,0.0,21403.0,67.0,72.0,84.0,3.13,3700.0,17581.0,13796.0,0.0,13796.0,13918.0,37.0,41.0,48.0,2.68,0.0,0.0,0.0,13918.0,0.0,0.0,0.0,0.0,0.0,0.0,0.0,13918.0,0.0,0.0,0.0,0.0,0.0,0.0,0.0,13918.0,0.0,0.0,0.0,0.0,1724.0,849.0,875.0,15642.0,8.0,8.0,9.0,9.14,2197.0,982.0,1215.0,17839.0,10.0,11.0,11.0,8.23,3564.0,1869.0,1695.0,21403.0,12.0,12.0,16.0,7.08,,,,,,,,,,,,,,,,,,,,,,,,,
21549e79-83cb-416b-9b83-32b35b3aaf58,2025-11-17 16:33:54 UTC,False,14665.0,CFOP,Gan 12 UI Maglev,RandomForest,29294.0,14665.0,,,gan12,custom_rules,,,,8.0,0.0,0.0,14665.0,62.0,62.0,67.0,4.23,5465.0,9200.0,1241.0,0.0,1241.0,1241.0,4.0,4.0,5.0,3.22,1985.0,511.0,1474.0,3226.0,6.0,6.0,7.0,4.07,2167.0,1195.0,972.0,5393.0,8.0,8.0,8.0,8.23,2468.0,967.0,1501.0,7861.0,9.0,9.0,10.0,6.0,2895.0,996.0,1899.0,10756.0,11.0,11.0,11.0,5.79,1650.0,910.0,740.0,12406.0,9.0,9.0,10.0,12.16,2259.0,886.0,1373.0,14665.0,15.0,15.0,16.0,10.92,,,,,,,,,,,,,,,,,,,,,,,,,
3418f732-f6ce-49a2-8f50-80383b7aa328,2025-11-17 16:34:25 UTC,False,17520.0,CFOP,Gan 12 UI Maglev,RandomForest,4316.0,17520.0,,,gan12,custom_rules,,,,8.0,0.0,0.0,17520.0,69.0,74.0,90.0,3.94,7764.0,9756.0,2358.0,0.0,2358.0,2358.0,9.0,9.0,10.0,3.82,2329.0,1370.0,959.0,4687.0,8.0,8.0,9.0,8.34,2542.0,1724.0,818.0,7229.0,10.0,10.0,12.0,12.22,2968.0,1638.0,1330.0,10197.0,8.0,8.0,10.0,6.02,2048.0,1256.0,792.0,12245.0,9.0,9.0,10.0,11.36,2432.0,1095.0,1337.0,14677.0,13.0,13.0,15.0,9.72,2843.0,681.0,2162.0,17520.0,12.0,17.0,24.0,5.55,,,,,,,,,,,,,,,,,,,,,,,,,
d6749e03-f176-4fe7-988a-26af77ed2291,2025-11-17 16:35:05 UTC,False,18878.0,CFOP,Gan 12 UI Maglev,RandomForest,8615.0,18878.0,,,gan12,custom_rules,,,,8.0,0.0,0.0,18878.0,87.0,87.0,96.0,4.61,6086.0,12704.0,1475.0,0.0,1475.0,1563.0,6.0,6.0,7.0,4.07,2718.0,1047.0,1671.0,4281.0,12.0,12.0,13.0,7.18,1743.0,954.0,789.0,6024.0,8.0,8.0,8.0,10.14,1190.0,315.0,875.0,7214.0,7.0,7.0,8.0,8.0,2101.0,1368.0,733.0,9315.0,8.0,8.0,9.0,10.91,2717.0,1161.0,1556.0,12032.0,17.0,17.0,17.0,10.93,6846.0,1241.0,5605.0,18878.0,29.0,29.0,34.0,5.17,,,,,,,,,,,,,,,,,,,,,,,,,
b2d70435-8b45-4612-a9e5-9eba29b30e6c,2025-11-17 16:35:43 UTC,False,22091.0,CFOP,Gan 12 UI Maglev,RandomForest,5438.0,22091.0,,,gan12,custom_rules,,,,8.0,0.0,0.0,22091.0,66.0,66.0,75.0,2.99,8307.0,13784.0,3044.0,0.0,3044.0,3044.0,6.0,6.0,8.0,1.97,4709.0,626.0,4083.0,7753.0,13.0,13.0,14.0,3.18,2036.0,1818.0,218.0,9789.0,4.0,4.0,5.0,18.35,3815.0,2161.0,1654.0,13604.0,7.0,7.0,7.0,4.23,4133.0,1906.0,2227.0,17737.0,11.0,11.0,14.0,4.94,1269.0,580.0,689.0,19006.0,8.0,8.0,8.0,11.61,3085.0,1216.0,1869.0,22091.0,17.0,17.0,19.0,9.1,,,,,,,,,,,,,,,,,,,,,,,,,
9bf77a62-b621-447e-b314-3df70791baca,2025-11-17 16:36:30 UTC,False,22362.0,CFOP,Gan 12 UI Maglev,RandomForest,13751.0,22362.0,,,gan12,custom_rules,,,,8.0,0.0,0.0,22362.0,85.0,86.0,92.0,3.8,5544.0,16818.0,2568.0,0.0,2568.0,2568.0,10.0,10.0,10.0,3.89,5399.0,1450.0,3949.0,7967.0,11.0,11.0,12.0,2.79,3411.0,394.0,3017.0,11378.0,10.0,10.0,12.0,3.31,2563.0,813.0,1750.0,13941.0,11.0,11.0,11.0,6.29,2115.0,193.0,1922.0,16056.0,11.0,11.0,13.0,5.72,2975.0,1192.0,1783.0,19031.0,14.0,14.0,14.0,7.85,3331.0,1502.0,1829.0,22362.0,19.0,19.0,20.0,10.39,,,,,,,,,,,,,,,,,,,,,,,,,
59893ea4-d468-4814-85d2-1f7fd9cefcb0,2025-11-17 16:37:11 UTC,False,15978.0,CFOP,Gan 12 UI Maglev,RandomForest,15810.0,15978.0,,,gan12,custom_rules,,,,8.0,0.0,0.0,15978.0,65.0,70.0,81.0,4.07,6530.0,9448.0,2077.0,0.0,2077.0,2077.0,7.0,7.0,7.0,3.37,1519.0,1188.0,331.0,3596.0,4.0,4.0,5.0,12.08,2298.0,1501.0,797.0,5894.0,8.0,8.0,9.0,10.04,1166.0,973.0,193.0,7060.0,4.0,4.0,5.0,20.73,1785.0,885.0,900.0,8845.0,7.0,7.0,7.0,7.78,2416.0,909.0,1507.0,11261.0,12.0,12.0,12.0,7.96,4717.0,1074.0,3643.0,15978.0,23.0,28.0,36.0,6.31,,,,,,,,,,,,,,,,,,,,,,,,,
ac174932-07d3-4fea-b80e-b065252b0631,2025-11-17 16:37:58 UTC,False,21412.0,CFOP,Gan 12 UI Maglev,RandomForest,13789.0,21412.0,,,gan12,custom_rules,,,,8.0,0.0,0.0,21412.0,64.0,69.0,80.0,2.99,10254.0,11077.0,3415.0,0.0,3415.0,3496.0,8.0,9.0,11.0,2.34,3577.0,2779.0,798.0,7073.0,8.0,8.0,8.0,10.03,3020.0,2077.0,943.0,10093.0,8.0,8.0,9.0,8.48,2493.0,810.0,1683.0,12586.0,9.0,9.0,9.0,5.35,2930.0,2270.0,660.0,15516.0,8.0,8.0,9.0,12.12,3715.0,1256.0,2459.0,19231.0,14.0,14.0,16.0,5.69,2181.0,1062.0,1119.0,21412.0,9.0,13.0,18.0,8.04,,,,,,,,,,,,,,,,,,,,,,,,,
9031c45e-4543-4482-ac4e-d4d060749f36,2025-11-17 16:38:37 UTC,False,18903.0,CFOP,Gan 12 UI Maglev,RandomForest,11401.0,18903.0,,,gan12,custom_rules,,,,8.0,0.0,0.0,18903.0,64.0,68.0,85.0,3.39,6648.0,11756.0,3392.0,0.0,3392.0,3891.0,8.0,8.0,9.0,2.36,2043.0,957.0,1086.0,5934.0,8.0,8.0,11.0,7.37,3059.0,643.0,2416.0,8993.0,12.0,12.0,13.0,4.97,3180.0,1560.0,1620.0,12173.0,8.0,8.0,10.0,4.94,1858.0,1124.0,734.0,14031.0,7.0,7.0,9.0,9.54,2345.0,1169.0,1176.0,16376.0,12.0,12.0,13.0,10.2,2527.0,1195.0,1332.0,18903.0,9.0,13.0,20.0,6.76,,,,,,,,,,,,,,,,,,,,,,,,,
9b7104bc-bb93-4c4c-b0a2-2d68682f0cb2,2025-11-17 16:40:13 UTC,False,16361.0,CFOP,Gan 12 UI Maglev,RandomForest,69647.0,16361.0,,,gan12,custom_rules,,,,8.0,0.0,0.0,16361.0,58.0,65.0,82.0,3.55,5099.0,11060.0,2564.0,0.0,2564.0,2766.0,4.0,5.0,8.0,1.56,1160.0,242.0,918.0,3926.0,5.0,6.0,7.0,5.45,3454.0,516.0,2938.0,7380.0,11.0,11.0,12.0,3.74,887.0,290.0,597.0,8267.0,8.0,8.0,9.0,13.4,2016.0,1492.0,524.0,10283.0,8.0,8.0,8.0,15.27,2523.0,1321.0,1202.0,12806.0,12.0,12.0,14.0,9.98,3555.0,1238.0,2317.0,16361.0,10.0,15.0,24.0,4.32,,,,,,,,,,,,,,,,,,,,,,,,,
c7936ece-812d-4559-9391-fe4313e3896c,2025-11-17 16:40:56 UTC,False,11954.0,CFOP,Gan 12 UI Maglev,RandomForest,19974.0,11954.0,,,gan12,custom_rules,,,,8.0,0.0,0.0,11954.0,60.0,62.0,74.0,5.02,3831.0,8123.0,2785.0,0.0,2785.0,2785.0,13.0,15.0,17.0,4.67,0.0,0.0,0.0,2785.0,0.0,0.0,0.0,0.0,1332.0,696.0,636.0,4117.0,6.0,6.0,7.0,9.43,1685.0,814.0,871.0,5802.0,8.0,8.0,11.0,9.18,1171.0,524.0,647.0,6973.0,8.0,8.0,10.0,12.36,1422.0,750.0,672.0,8395.0,8.0,8.0,9.0,11.9,3559.0,1047.0,2512.0,11954.0,17.0,17.0,20.0,6.77,,,,,,,,,,,,,,,,,,,,,,,,,
02ba7acf-aedc-43e0-a0f0-51785133cbe9,2025-11-17 16:41:55 UTC,False,19303.0,CFOP,Gan 12 UI Maglev,RandomForest,29827.0,19303.0,,,gan12,custom_rules,,,,8.0,0.0,0.0,19303.0,63.0,67.0,79.0,3.26,5179.0,14059.0,6848.0,0.0,6848.0,6913.0,19.0,21.0,24.0,2.77,0.0,0.0,0.0,6913.0,0.0,0.0,0.0,0.0,2642.0,2070.0,572.0,9555.0,8.0,8.0,9.0,13.99,2270.0,489.0,1781.0,11825.0,8.0,9.0,9.0,4.49,1821.0,1064.0,757.0,13646.0,8.0,8.0,10.0,10.57,3412.0,918.0,2494.0,17058.0,10.0,10.0,13.0,4.01,2245.0,638.0,1607.0,19303.0,11.0,12.0,14.0,6.85,,,,,,,,,,,,,,,,,,,,,,,,,
835c9fa8-4e80-4367-b871-bd9002874321,2025-11-17 16:42:33 UTC,False,21096.0,CFOP,Gan 12 UI Maglev,RandomForest,5834.0,21096.0,,,gan12,custom_rules,,,,8.0,0.0,0.0,21096.0,78.0,78.0,90.0,3.7,4890.0,16206.0,7530.0,0.0,7530.0,7530.0,13.0,13.0,20.0,1.73,1353.0,942.0,411.0,8883.0,4.0,4.0,5.0,9.73,1909.0,536.0,1373.0,10792.0,8.0,8.0,9.0,5.83,2516.0,137.0,2379.0,13308.0,15.0,15.0,15.0,6.31,1797.0,1226.0,571.0,15105.0,9.0,9.0,10.0,15.76,2765.0,921.0,1844.0,17870.0,11.0,11.0,12.0,5.97,3226.0,1128.0,2098.0,21096.0,19.0,19.0,19.0,9.06,,,,,,,,,,,,,,,,,,,,,,,,,
96f08b27-9642-4fd4-83bd-250f7889f0c7,2025-11-17 16:43:08 UTC,False,18151.0,CFOP,Gan 12 UI Maglev,RandomForest,5945.0,18151.0,,,gan12,custom_rules,,,,8.0,0.0,0.0,18151.0,56.0,60.0,70.0,3.09,7085.0,11066.0,4981.0,0.0,4981.0,4981.0,10.0,10.0,11.0,2.01,918.0,185.0,733.0,5899.0,5.0,5.0,6.0,6.82,3234.0,2139.0,1095.0,9133.0,7.0,7.0,7.0,6.39,2974.0,1262.0,1712.0,12107.0,11.0,11.0,11.0,6.43,2362.0,1321.0,1041.0,14469.0,8.0,8.0,10.0,7.68,1549.0,952.0,597.0,16018.0,7.0,7.0,8.0,11.73,2133.0,1226.0,907.0,18151.0,8.0,12.0,17.0,8.82,,,,,,,,,,,,,,,,,,,,,,,,,
67d377e3-d4f6-433e-9a0c-7c8c525c9fe1,2025-11-17 16:43:51 UTC,False,16723.0,CFOP,Gan 12 UI Maglev,RandomForest,16028.0,16723.0,,,gan12,custom_rules,,,,8.0,0.0,0.0,16723.0,64.0,73.0,86.0,3.83,4739.0,11984.0,2136.0,0.0,2136.0,2136.0,6.0,7.0,8.0,2.81,499.0,209.0,290.0,2635.0,3.0,3.0,3.0,10.34,3589.0,1086.0,2503.0,6224.0,11.0,11.0,14.0,4.39,1405.0,539.0,866.0,7629.0,5.0,6.0,7.0,5.77,3958.0,757.0,3201.0,11587.0,17.0,18.0,19.0,5.31,2654.0,1217.0,1437.0,14241.0,12.0,13.0,13.0,8.35,2482.0,931.0,1551.0,16723.0,10.0,15.0,22.0,6.45,,,,,,,,,,,,,,,,,,,,,,,,,
dbd3e868-5a86-487e-a88c-d4737baa41d0,2025-11-17 16:44:43 UTC,False,24324.0,CFOP,Gan 12 UI Maglev,RandomForest,10956.0,24324.0,,,gan12,custom_rules,,,,8.0,0.0,0.0,24324.0,67.0,72.0,82.0,2.75,5309.0,19015.0,14922.0,0.0,14922.0,14922.0,30.0,34.0,41.0,2.01,0.0,0.0,0.0,14922.0,0.0,0.0,0.0,0.0,0.0,0.0,0.0,14922.0,0.0,0.0,0.0,0.0,1895.0,1653.0,242.0,16817.0,4.0,4.0,4.0,16.53,1765.0,1232.0,533.0,18582.0,8.0,8.0,9.0,15.01,1983.0,1137.0,846.0,20565.0,10.0,11.0,12.0,11.82,3759.0,1287.0,2472.0,24324.0,15.0,15.0,16.0,6.07,,,,,,,,,,,,,,,,,,,,,,,,,
ef3311fe-11cd-444a-bd5a-9086f21e7f69,2025-11-17 22:04:49 UTC,False,23584.0,CFOP,Gan 12 UI Maglev,RandomForest,56403.0,23584.0,,,gan12,custom_rules,,,,8.0,0.0,0.0,23584.0,82.0,88.0,104.0,3.48,10889.0,12695.0,749.0,0.0,749.0,749.0,6.0,6.0,6.0,8.01,4071.0,2984.0,1087.0,4820.0,8.0,8.0,8.0,7.36,5293.0,2946.0,2347.0,10113.0,11.0,11.0,15.0,4.69,2705.0,1747.0,958.0,12818.0,10.0,10.0,11.0,10.44,2095.0,1177.0,918.0,14913.0,8.0,8.0,9.0,8.71,2071.0,918.0,1153.0,16984.0,12.0,12.0,13.0,10.41,6600.0,1117.0,5483.0,23584.0,27.0,33.0,42.0,4.92,,,,,,,,,,,,,,,,,,,,,,,,,
6b94df27-05a7-422d-81b8-669020d864c0,2025-11-17 22:05:30 UTC,False,18752.0,CFOP,Gan 12 UI Maglev,RandomForest,12559.0,18752.0,,,gan12,custom_rules,,,,8.0,0.0,0.0,18752.0,71.0,72.0,83.0,3.79,4449.0,14303.0,1660.0,0.0,1660.0,1660.0,6.0,6.0,8.0,3.61,1972.0,387.0,1585.0,3632.0,11.0,11.0,12.0,6.94,3431.0,1323.0,2108.0,7063.0,7.0,7.0,9.0,3.32,6031.0,613.0,5418.0,13094.0,15.0,15.0,17.0,2.77,1406.0,717.0,689.0,14500.0,7.0,7.0,7.0,10.16,1569.0,742.0,827.0,16069.0,10.0,11.0,11.0,12.09,2683.0,667.0,2016.0,18752.0,16.0,16.0,19.0,7.94,,,,,,,,,,,,,,,,,,,,,,,,,
f985338e-469e-43e2-8ac7-33888ac881fa,2025-11-17 22:06:31 UTC,False,19338.0,CFOP,Gan 12 UI Maglev,RandomForest,29019.0,19338.0,,,gan12,custom_rules,,,,8.0,0.0,0.0,19338.0,77.0,81.0,86.0,3.98,6582.0,12675.0,483.0,0.0,483.0,564.0,3.0,3.0,4.0,6.21,4079.0,387.0,3692.0,4643.0,14.0,15.0,15.0,3.79,2055.0,1038.0,1017.0,6698.0,9.0,10.0,11.0,8.85,3264.0,604.0,2660.0,9962.0,9.0,9.0,10.0,3.38,2971.0,2135.0,836.0,12933.0,9.0,9.0,10.0,10.77,2899.0,1334.0,1565.0,15832.0,14.0,16.0,16.0,8.95,3506.0,1084.0,2422.0,19338.0,19.0,19.0,20.0,7.84,,,,,,,,,,,,,,,,,,,,,,,,,
6adb931b-7ae5-4da3-ab03-889f8fa342b1,2025-11-17 22:07:18 UTC,False,19230.0,CFOP,Gan 12 UI Maglev,RandomForest,19044.0,19230.0,,,gan12,custom_rules,,,,8.0,0.0,0.0,19230.0,74.0,76.0,84.0,3.85,4934.0,14296.0,3328.0,0.0,3328.0,3328.0,13.0,13.0,15.0,3.91,0.0,0.0,0.0,3328.0,0.0,0.0,0.0,0.0,5506.0,645.0,4861.0,8834.0,15.0,15.0,17.0,3.09,3270.0,1273.0,1997.0,12104.0,14.0,15.0,15.0,7.01,1598.0,870.0,728.0,13702.0,8.0,8.0,9.0,10.99,1724.0,830.0,894.0,15426.0,8.0,8.0,8.0,8.95,3804.0,1316.0,2488.0,19230.0,17.0,18.0,20.0,6.83,,,,,,,,,,,,,,,,,,,,,,,,,
5f07a559-8a7a-47aa-b418-9872df38f303,2025-11-17 22:08:10 UTC,False,16356.0,CFOP,Gan 12 UI Maglev,RandomForest,23501.0,16356.0,,,gan12,custom_rules,,,,8.0,0.0,0.0,16356.0,66.0,68.0,78.0,4.04,5402.0,10671.0,3399.0,0.0,3399.0,3682.0,14.0,15.0,17.0,4.12,0.0,0.0,0.0,3682.0,0.0,0.0,0.0,0.0,2109.0,1062.0,1047.0,5791.0,7.0,7.0,9.0,6.69,1504.0,851.0,653.0,7295.0,7.0,7.0,8.0,10.72,2849.0,991.0,1858.0,10144.0,12.0,12.0,14.0,6.46,2618.0,950.0,1668.0,12762.0,8.0,8.0,8.0,4.8,3594.0,1548.0,2046.0,16356.0,18.0,19.0,22.0,8.8,,,,,,,,,,,,,,,,,,,,,,,,,
a6ec138e-a9e3-4145-865b-f2e7309aa8fc,2025-11-17 22:08:57 UTC,False,21339.0,CFOP,Gan 12 UI Maglev,RandomForest,15631.0,21339.0,,,gan12,custom_rules,,,,8.0,0.0,0.0,21339.0,61.0,66.0,81.0,2.86,7349.0,13990.0,7125.0,0.0,7125.0,7125.0,11.0,11.0,14.0,1.54,2353.0,443.0,1910.0,9478.0,8.0,8.0,8.0,4.19,3117.0,1509.0,1608.0,12595.0,9.0,10.0,10.0,5.6,1596.0,1328.0,268.0,14191.0,4.0,4.0,5.0,14.93,2164.0,1487.0,677.0,16355.0,8.0,8.0,9.0,11.82,2777.0,1437.0,1340.0,19132.0,13.0,13.0,14.0,9.7,2207.0,1145.0,1062.0,21339.0,8.0,12.0,21.0,7.53,,,,,,,,,,,,,,,,,,,,,,,,,
0fe22342-1312-476f-84e6-67b596c2289a,2025-11-17 22:09:42 UTC,False,16437.0,CFOP,Gan 12 UI Maglev,RandomForest,18466.0,16437.0,,,gan12,custom_rules,,,,8.0,0.0,0.0,16437.0,59.0,59.0,68.0,3.59,5614.0,10766.0,4060.0,0.0,4060.0,4117.0,10.0,10.0,16.0,2.46,0.0,0.0,0.0,4117.0,0.0,0.0,0.0,0.0,3213.0,1620.0,1593.0,7330.0,8.0,8.0,10.0,5.02,1457.0,1192.0,265.0,8787.0,4.0,4.0,4.0,15.09,2247.0,1079.0,1168.0,11034.0,8.0,8.0,8.0,6.85,3397.0,1183.0,2214.0,14431.0,13.0,13.0,13.0,5.87,2006.0,540.0,1466.0,16437.0,16.0,16.0,17.0,10.91,,,,,,,,,,,,,,,,,,,,,,,,,
16f49d69-4a3d-48f0-8b50-ee2aa498d7b3,2025-11-17 22:10:34 UTC,False,24247.0,CFOP,Gan 12 UI Maglev,RandomForest,15676.0,24247.0,,,gan12,custom_rules,,,,8.0,0.0,0.0,24247.0,73.0,78.0,87.0,3.01,7882.0,16365.0,1857.0,0.0,1857.0,1857.0,7.0,7.0,7.0,3.77,2649.0,1072.0,1577.0,4506.0,7.0,7.0,9.0,4.44,6728.0,1981.0,4747.0,11234.0,14.0,14.0,17.0,2.95,5867.0,2677.0,3190.0,17101.0,11.0,11.0,12.0,3.45,3164.0,653.0,2511.0,20265.0,10.0,12.0,13.0,3.98,1625.0,524.0,1101.0,21890.0,9.0,10.0,10.0,8.17,2357.0,975.0,1382.0,24247.0,15.0,17.0,19.0,10.85,,,,,,,,,,,,,,,,,,,,,,,,,
1c6a1dde-8b75-43e1-b971-f0e96795a44d,2025-11-17 22:11:19 UTC,False,15752.0,CFOP,Gan 12 UI Maglev,RandomForest,18435.0,15752.0,,,gan12,custom_rules,,,,8.0,0.0,0.0,15752.0,69.0,75.0,81.0,4.38,4116.0,11564.0,2133.0,0.0,2133.0,2205.0,8.0,8.0,9.0,3.75,0.0,0.0,0.0,2205.0,0.0,0.0,0.0,0.0,3416.0,508.0,2908.0,5621.0,11.0,11.0,11.0,3.78,1297.0,451.0,846.0,6918.0,8.0,8.0,10.0,9.46,3091.0,567.0,2524.0,10009.0,12.0,16.0,17.0,4.75,2520.0,1149.0,1371.0,12529.0,11.0,13.0,14.0,8.02,3223.0,1441.0,1782.0,15752.0,19.0,19.0,20.0,10.66,,,,,,,,,,,,,,,,,,,,,,,,,
85e69219-136f-4b01-9196-3da5e8f650e9,2025-11-17 22:12:00 UTC,False,18046.0,CFOP,Gan 12 UI Maglev,RandomForest,13829.0,18046.0,,,gan12,custom_rules,,,,8.0,0.0,0.0,18046.0,73.0,74.0,86.0,4.05,7073.0,10973.0,2110.0,0.0,2110.0,2110.0,6.0,6.0,7.0,2.84,3500.0,2110.0,1390.0,5610.0,8.0,8.0,8.0,5.76,1321.0,290.0,1031.0,6931.0,12.0,12.0,13.0,11.64,4163.0,1727.0,2436.0,11094.0,9.0,10.0,11.0,3.69,1875.0,739.0,1136.0,12969.0,12.0,12.0,14.0,10.56,2213.0,1023.0,1190.0,15182.0,10.0,10.0,16.0,8.4,2864.0,1184.0,1680.0,18046.0,16.0,16.0,17.0,9.52,,,,,,,,,,,,,,,,,,,,,,,,,
a4fc58ef-8ecf-4b78-a983-6de0c95dac98,2025-11-17 22:12:44 UTC,False,25265.0,CFOP,Gan 12 UI Maglev,RandomForest,9548.0,25265.0,,,gan12,custom_rules,,,,8.0,0.0,0.0,25265.0,93.0,96.0,101.0,3.68,6179.0,19086.0,3719.0,0.0,3719.0,3719.0,10.0,10.0,10.0,2.69,4887.0,476.0,4411.0,8606.0,19.0,19.0,21.0,4.31,2577.0,1376.0,1201.0,11183.0,8.0,9.0,9.0,6.66,2003.0,1205.0,798.0,13186.0,8.0,8.0,9.0,10.03,1244.0,317.0,927.0,14430.0,8.0,8.0,8.0,8.63,7305.0,1302.0,6003.0,21735.0,22.0,22.0,22.0,3.66,3530.0,1503.0,2027.0,25265.0,18.0,20.0,22.0,8.88,,,,,,,,,,,,,,,,,,,,,,,,,
784e7bde-73b4-4170-8cfb-010ad451ddd6,2025-11-17 22:13:30 UTC,False,19419.0,CFOP,Gan 12 UI Maglev,RandomForest,18453.0,19419.0,,,gan12,custom_rules,,,,8.0,0.0,0.0,19419.0,84.0,84.0,90.0,4.33,4355.0,15064.0,6163.0,0.0,6163.0,6163.0,14.0,14.0,16.0,2.27,0.0,0.0,0.0,6163.0,0.0,0.0,0.0,0.0,3601.0,451.0,3150.0,9764.0,16.0,16.0,17.0,5.08,1981.0,1175.0,806.0,11745.0,11.0,11.0,12.0,13.65,1398.0,841.0,557.0,13143.0,8.0,8.0,8.0,14.36,3095.0,994.0,2101.0,16238.0,19.0,19.0,19.0,9.04,3181.0,894.0,2287.0,19419.0,16.0,16.0,18.0,7.0,,,,,,,,,,,,,,,,,,,,,,,,,
fe480d28-ee5f-4f51-900d-d831364b4fd0,2025-11-17 22:14:03 UTC,False,17869.0,CFOP,Gan 12 UI Maglev,RandomForest,4388.0,17869.0,,,gan12,custom_rules,,,,8.0,0.0,0.0,17869.0,64.0,70.0,88.0,3.58,8737.0,9132.0,999.0,0.0,999.0,999.0,5.0,5.0,7.0,5.01,3134.0,2198.0,936.0,4133.0,8.0,8.0,11.0,8.55,854.0,612.0,242.0,4987.0,4.0,4.0,4.0,16.53,2438.0,1398.0,1040.0,7425.0,8.0,8.0,9.0,7.69,3242.0,2187.0,1055.0,10667.0,7.0,7.0,9.0,6.64,1958.0,943.0,1015.0,12625.0,9.0,9.0,12.0,8.87,5244.0,1399.0,3845.0,17869.0,23.0,29.0,36.0,5.98,,,,,,,,,,,,,,,,,,,,,,,,,
9ef39ce4-90d8-4337-8455-077faca7902d,2025-11-17 22:14:48 UTC,False,20385.0,CFOP,Gan 12 UI Maglev,RandomForest,13257.0,20385.0,,,gan12,custom_rules,,,,8.0,0.0,0.0,20385.0,75.0,76.0,89.0,3.68,5369.0,14968.0,3895.0,0.0,3895.0,3943.0,12.0,12.0,14.0,3.08,1574.0,145.0,1429.0,5517.0,7.0,7.0,8.0,4.9,6455.0,2115.0,4340.0,11972.0,17.0,17.0,20.0,3.92,1550.0,196.0,1354.0,13522.0,7.0,7.0,8.0,5.17,1038.0,362.0,676.0,14560.0,7.0,7.0,8.0,10.36,2080.0,1016.0,1064.0,16640.0,10.0,10.0,10.0,9.4,3745.0,1535.0,2210.0,20385.0,16.0,17.0,21.0,7.24,,,,,,,,,,,,,,,,,,,,,,,,,
2fa2b324-05e4-4e83-a3f2-374322e89015,2025-11-17 22:15:24 UTC,False,19557.0,CFOP,Gan 12 UI Maglev,RandomForest,5144.0,19557.0,,,gan12,custom_rules,,,,8.0,0.0,0.0,19557.0,68.0,74.0,88.0,3.48,6820.0,12737.0,3917.0,0.0,3917.0,3917.0,11.0,12.0,14.0,2.81,3784.0,741.0,3043.0,7701.0,11.0,11.0,13.0,3.61,1545.0,498.0,1047.0,9246.0,8.0,8.0,8.0,7.64,1652.0,1153.0,499.0,10898.0,8.0,8.0,8.0,16.03,2993.0,2099.0,894.0,13891.0,8.0,8.0,10.0,8.95,3000.0,1200.0,1800.0,16891.0,14.0,15.0,16.0,7.78,2666.0,1129.0,1537.0,19557.0,9.0,13.0,19.0,5.86,,,,,,,,,,,,,,,,,,,,,,,,,
f039134a-5e8a-4053-9d5f-ea9a5626a312,2025-11-17 22:15:53 UTC,False,13979.0,CFOP,Gan 12 UI Maglev,RandomForest,6284.0,13979.0,,,gan12,custom_rules,,,,8.0,0.0,0.0,13979.0,65.0,67.0,78.0,4.65,4912.0,9067.0,1241.0,0.0,1241.0,1241.0,6.0,6.0,8.0,4.83,1878.0,831.0,1047.0,3119.0,8.0,8.0,8.0,7.64,2396.0,432.0,1964.0,5515.0,11.0,11.0,13.0,5.6,2010.0,798.0,1212.0,7525.0,8.0,8.0,8.0,6.6,1195.0,355.0,840.0,8720.0,7.0,7.0,9.0,8.33,1915.0,847.0,1068.0,10635.0,10.0,11.0,12.0,9.36,3344.0,1649.0,1695.0,13979.0,16.0,17.0,20.0,9.44,,,,,,,,,,,,,,,,,,,,,,,,,
20c54236-cdcb-445d-829f-b71636133eac,2025-11-17 22:16:44 UTC,False,20075.0,CFOP,Gan 12 UI Maglev,RandomForest,18409.0,20075.0,,,gan12,custom_rules,,,,8.0,0.0,0.0,20075.0,79.0,80.0,92.0,3.94,6730.0,13345.0,951.0,0.0,951.0,951.0,5.0,5.0,5.0,5.26,1194.0,888.0,306.0,2145.0,5.0,5.0,6.0,16.34,3084.0,411.0,2673.0,5229.0,11.0,11.0,11.0,4.12,2857.0,2196.0,661.0,8086.0,9.0,9.0,9.0,13.62,3991.0,1198.0,2793.0,12077.0,16.0,16.0,17.0,5.73,3080.0,886.0,2194.0,15157.0,16.0,16.0,21.0,7.29,4918.0,1151.0,3767.0,20075.0,17.0,18.0,23.0,4.51,,,,,,,,,,,,,,,,,,,,,,,,,
b247d72a-7802-4b6b-b4cb-8b0fa4d22871,2025-11-17 22:17:28 UTC,False,18677.0,CFOP,Gan 12 UI Maglev,RandomForest,13438.0,18677.0,,,gan12,custom_rules,,,,8.0,0.0,0.0,18677.0,66.0,67.0,75.0,3.53,6790.0,11887.0,2424.0,0.0,2424.0,2424.0,7.0,7.0,8.0,2.89,3513.0,500.0,3013.0,5937.0,9.0,9.0,10.0,2.99,2241.0,385.0,1856.0,8178.0,8.0,8.0,9.0,4.31,2178.0,1461.0,717.0,10356.0,9.0,9.0,10.0,12.55,2646.0,1279.0,1367.0,13002.0,11.0,11.0,11.0,8.05,1384.0,854.0,530.0,14386.0,8.0,8.0,9.0,15.09,4291.0,2311.0,1980.0,18677.0,15.0,16.0,18.0,7.58,,,,,,,,,,,,,,,,,,,,,,,,,
b176621d-682c-4323-8b0f-04263dc2e123,2025-11-17 22:18:08 UTC,False,17257.0,CFOP,Gan 12 UI Maglev,RandomForest,13274.0,17257.0,,,gan12,custom_rules,,,,8.0,0.0,0.0,17257.0,74.0,78.0,92.0,4.29,6549.0,10644.0,1865.0,0.0,1865.0,1929.0,6.0,6.0,9.0,3.22,2414.0,1576.0,838.0,4343.0,8.0,8.0,8.0,9.55,1590.0,656.0,934.0,5933.0,8.0,8.0,10.0,8.57,2218.0,1256.0,962.0,8151.0,9.0,9.0,11.0,9.36,3087.0,1248.0,1839.0,11238.0,11.0,11.0,11.0,5.98,1464.0,782.0,682.0,12702.0,9.0,9.0,9.0,13.2,4555.0,1031.0,3524.0,17257.0,23.0,27.0,34.0,6.53,,,,,,,,,,,,,,,,,,,,,,,,,
f771a020-3354-4bf3-a7ce-d1ed8874bfec,2025-11-17 22:18:40 UTC,False,16571.0,CFOP,Gan 12 UI Maglev,RandomForest,6181.0,16571.0,,,gan12,custom_rules,,,,8.0,0.0,0.0,16571.0,65.0,70.0,82.0,3.92,6799.0,9724.0,1948.0,0.0,1948.0,1996.0,7.0,7.0,9.0,3.59,1357.0,556.0,801.0,3353.0,6.0,6.0,7.0,7.49,3767.0,1096.0,2671.0,7120.0,11.0,11.0,11.0,4.12,2263.0,1248.0,1015.0,9383.0,12.0,12.0,12.0,11.82,1945.0,1317.0,628.0,11328.0,8.0,8.0,10.0,12.74,2726.0,1381.0,1345.0,14054.0,12.0,13.0,15.0,8.92,2517.0,1201.0,1316.0,16571.0,9.0,13.0,18.0,6.84,,,,,,,,,,,,,,,,,,,,,,,,,
f6ebbc02-2f27-4988-8ccb-708fd77b24a1,2025-11-17 22:19:14 UTC,False,14601.0,CFOP,Gan 12 UI Maglev,RandomForest,9319.0,14601.0,,,gan12,custom_rules,,,,8.0,0.0,0.0,14601.0,75.0,76.0,84.0,5.14,4682.0,9919.0,1362.0,0.0,1362.0,1362.0,6.0,6.0,7.0,4.41,2182.0,1046.0,1136.0,3544.0,7.0,7.0,8.0,6.16,1759.0,249.0,1510.0,5303.0,11.0,11.0,12.0,7.28,1943.0,565.0,1378.0,7246.0,11.0,11.0,11.0,7.98,1585.0,651.0,934.0,8831.0,10.0,10.0,10.0,10.71,1459.0,927.0,532.0,10290.0,9.0,9.0,9.0,16.92,4311.0,1244.0,3067.0,14601.0,22.0,23.0,27.0,7.17,,,,,,,,,,,,,,,,,,,,,,,,,
90696087-0239-407a-9125-f8a11662738a,2025-11-17 22:19:48 UTC,False,16526.0,CFOP,Gan 12 UI Maglev,RandomForest,7784.0,16526.0,,,gan12,custom_rules,,,,8.0,0.0,0.0,16526.0,59.0,59.0,69.0,3.57,6497.0,9981.0,1525.0,0.0,1525.0,1573.0,7.0,7.0,9.0,4.59,2612.0,443.0,2169.0,4185.0,9.0,9.0,10.0,4.15,2937.0,548.0,2389.0,7122.0,10.0,10.0,11.0,4.19,2546.0,1933.0,613.0,9668.0,8.0,8.0,11.0,13.05,1557.0,823.0,734.0,11225.0,7.0,7.0,7.0,9.54,1413.0,556.0,857.0,12638.0,8.0,8.0,8.0,9.33,3888.0,2194.0,1694.0,16526.0,10.0,10.0,13.0,5.9,,,,,,,,,,,,,,,,,,,,,,,,,
890e393f-8478-4143-a179-7f62f99deb9d,2025-11-17 22:20:16 UTC,False,14771.0,CFOP,Gan 12 UI Maglev,RandomForest,3307.0,14771.0,,,gan12,custom_rules,,,,8.0,0.0,0.0,14771.0,54.0,61.0,79.0,3.66,5471.0,9300.0,1104.0,0.0,1104.0,1104.0,5.0,5.0,7.0,4.53,1787.0,530.0,1257.0,2891.0,8.0,8.0,8.0,6.36,1802.0,1053.0,749.0,4693.0,8.0,8.0,10.0,10.68,1663.0,483.0,1180.0,6356.0,6.0,6.0,8.0,5.08,2045.0,853.0,1192.0,8401.0,8.0,8.0,8.0,6.71,2084.0,907.0,1177.0,10485.0,7.0,7.0,8.0,5.95,4286.0,1645.0,2641.0,14771.0,12.0,19.0,30.0,4.54,,,,,,,,,,,,,,,,,,,,,,,,,
a405238a-3719-4564-8b81-45e164e69834,2025-11-17 22:21:03 UTC,False,12671.0,CFOP,Gan 12 UI Maglev,RandomForest,15000.0,12671.0,,,gan12,custom_rules,,,,8.0,0.0,0.0,12671.0,58.0,63.0,73.0,4.58,5343.0,7328.0,726.0,0.0,726.0,726.0,4.0,4.0,5.0,5.51,1853.0,1063.0,790.0,2579.0,8.0,8.0,9.0,10.13,2498.0,1035.0,1463.0,5077.0,9.0,9.0,11.0,6.15,1741.0,813.0,928.0,6818.0,7.0,7.0,7.0,7.54,845.0,442.0,403.0,7663.0,8.0,8.0,8.0,19.85,2651.0,969.0,1682.0,10314.0,13.0,14.0,15.0,7.73,2357.0,1021.0,1336.0,12671.0,9.0,13.0,18.0,6.74,,,,,,,,,,,,,,,,,,,,,,,,,
317b73dc-516a-4853-8e52-4c654108cd79,2025-11-17 22:21:47 UTC,False,18644.0,CFOP,Gan 12 UI Maglev,RandomForest,14556.0,18644.0,,,gan12,custom_rules,,,,8.0,0.0,0.0,18644.0,82.0,85.0,94.0,4.4,6247.0,12397.0,846.0,0.0,846.0,846.0,6.0,6.0,7.0,7.09,3666.0,1981.0,1685.0,4512.0,9.0,9.0,10.0,5.34,2330.0,548.0,1782.0,6842.0,12.0,12.0,13.0,6.73,1629.0,590.0,1039.0,8471.0,8.0,8.0,9.0,7.7,1725.0,1064.0,661.0,10196.0,8.0,8.0,8.0,12.1,1753.0,803.0,950.0,11949.0,10.0,11.0,11.0,10.53,6695.0,1261.0,5434.0,18644.0,29.0,31.0,36.0,5.34,,,,,,,,,,,,,,,,,,,,,,,,,
b682bf06-e87f-416d-8fc0-6801055c817e,2025-11-17 22:22:45 UTC,False,12062.0,CFOP,Gan 12 UI Maglev,RandomForest,34571.0,12062.0,,,gan12,custom_rules,,,,8.0,0.0,0.0,12062.0,53.0,54.0,62.0,4.39,5944.0,6118.0,1892.0,0.0,1892.0,1892.0,8.0,8.0,10.0,4.23,0.0,0.0,0.0,1892.0,0.0,0.0,0.0,0.0,2528.0,1184.0,1344.0,4420.0,8.0,8.0,9.0,5.95,2005.0,1763.0,242.0,6425.0,5.0,5.0,6.0,20.66,760.0,558.0,202.0,7185.0,3.0,3.0,3.0,14.85,1814.0,878.0,936.0,8999.0,12.0,12.0,13.0,12.82,3063.0,1561.0,1502.0,12062.0,17.0,18.0,21.0,11.32,,,,,,,,,,,,,,,,,,,,,,,,,
da4ea294-d46b-4b2d-ad92-8da748cf11e1,2025-11-17 22:23:18 UTC,False,16639.0,CFOP,Gan 12 UI Maglev,RandomForest,7902.0,16639.0,,,gan12,custom_rules,,,,8.0,0.0,0.0,16639.0,65.0,67.0,80.0,3.91,7424.0,9167.0,2011.0,0.0,2011.0,2059.0,7.0,7.0,10.0,3.48,3545.0,2723.0,822.0,5604.0,6.0,6.0,9.0,7.3,2235.0,838.0,1397.0,7839.0,9.0,9.0,10.0,6.44,1810.0,484.0,1326.0,9649.0,8.0,8.0,10.0,6.03,2328.0,1361.0,967.0,11977.0,8.0,8.0,9.0,8.27,1852.0,1062.0,790.0,13829.0,9.0,9.0,10.0,11.39,2810.0,956.0,1854.0,16639.0,18.0,20.0,22.0,9.71,,,,,,,,,,,,,,,,,,,,,,,,,
3cb05306-70f1-47be-8e5d-cc1563ccce04,2025-11-17 22:24:05 UTC,False,17861.0,CFOP,Gan 12 UI Maglev,RandomForest,19296.0,17861.0,,,gan12,custom_rules,,,,8.0,0.0,0.0,17861.0,76.0,76.0,88.0,4.26,7260.0,10601.0,1394.0,0.0,1394.0,1394.0,5.0,5.0,8.0,3.59,1280.0,699.0,581.0,2674.0,6.0,6.0,9.0,10.33,2074.0,1479.0,595.0,4748.0,5.0,5.0,5.0,8.4,4566.0,1872.0,2694.0,9314.0,14.0,14.0,15.0,5.2,2655.0,1728.0,927.0,11969.0,11.0,11.0,11.0,11.87,1416.0,725.0,691.0,13385.0,7.0,7.0,8.0,10.13,4476.0,757.0,3719.0,17861.0,29.0,29.0,32.0,7.8,,,,,,,,,,,,,,,,,,,,,,,,,
380f0660-9977-470b-8fea-9376cbe492a0,2025-11-17 22:24:51 UTC,False,20951.0,CFOP,Gan 12 UI Maglev,RandomForest,13776.0,20951.0,,,gan12,custom_rules,,,,8.0,0.0,0.0,20951.0,88.0,89.0,99.0,4.2,8208.0,12743.0,2210.0,0.0,2210.0,2210.0,7.0,7.0,9.0,3.17,2937.0,1721.0,1216.0,5147.0,8.0,8.0,8.0,6.58,3298.0,700.0,2598.0,8445.0,16.0,16.0,17.0,6.16,2146.0,1538.0,608.0,10591.0,8.0,8.0,9.0,13.16,2153.0,1403.0,750.0,12744.0,8.0,8.0,8.0,10.67,2352.0,1503.0,849.0,15096.0,11.0,11.0,12.0,12.96,5855.0,1343.0,4512.0,20951.0,30.0,31.0,36.0,6.65,,,,,,,,,,,,,,,,,,,,,,,,,
1899df49-92ee-45b0-84c6-fefc38b074f0,2025-11-17 22:25:36 UTC,False,19589.0,CFOP,Gan 12 UI Maglev,RandomForest,16577.0,19589.0,,,gan12,custom_rules,,,,8.0,0.0,0.0,19589.0,74.0,75.0,90.0,3.78,8489.0,11100.0,2326.0,0.0,2326.0,2326.0,8.0,8.0,10.0,3.44,2124.0,1037.0,1087.0,4450.0,8.0,8.0,9.0,7.36,3404.0,1861.0,1543.0,7854.0,8.0,8.0,10.0,5.18,2215.0,878.0,1337.0,10069.0,12.0,12.0,13.0,8.98,3222.0,2070.0,1152.0,13291.0,7.0,7.0,10.0,6.08,2251.0,1066.0,1185.0,15542.0,14.0,14.0,16.0,11.81,4047.0,1577.0,2470.0,19589.0,17.0,18.0,22.0,6.88,,,,,,,,,,,,,,,,,,,,,,,,,
0a7cc721-11ef-48a0-885c-048bc22b1481,2025-11-17 22:26:13 UTC,False,19780.0,CFOP,Gan 12 UI Maglev,RandomForest,8131.0,19780.0,,,gan12,custom_rules,,,,8.0,0.0,0.0,19780.0,64.0,65.0,71.0,3.24,7260.0,12520.0,5669.0,0.0,5669.0,5669.0,11.0,11.0,12.0,1.94,2431.0,1118.0,1313.0,8100.0,6.0,7.0,7.0,4.57,3583.0,2176.0,1407.0,11683.0,12.0,12.0,13.0,8.53,2662.0,1248.0,1414.0,14345.0,7.0,7.0,8.0,4.95,1502.0,728.0,774.0,15847.0,8.0,8.0,10.0,10.34,1928.0,993.0,935.0,17775.0,7.0,7.0,7.0,7.49,2005.0,997.0,1008.0,19780.0,13.0,13.0,14.0,12.9,,,,,,,,,,,,,,,,,,,,,,,,,
375fc92d-e892-4f3f-a383-b5f13dbd1ac5,2025-11-17 22:26:41 UTC,False,15921.0,CFOP,Gan 12 UI Maglev,RandomForest,3487.0,15921.0,,,gan12,custom_rules,,,,8.0,0.0,0.0,15921.0,77.0,81.0,92.0,4.84,5376.0,10545.0,1578.0,0.0,1578.0,1578.0,5.0,5.0,8.0,3.17,1956.0,919.0,1037.0,3534.0,7.0,8.0,8.0,6.75,3330.0,564.0,2766.0,6864.0,20.0,21.0,22.0,7.23,1785.0,956.0,829.0,8649.0,8.0,8.0,9.0,9.65,1500.0,548.0,952.0,10149.0,8.0,8.0,9.0,8.4,1895.0,1162.0,733.0,12044.0,10.0,11.0,12.0,13.64,3877.0,1227.0,2650.0,15921.0,19.0,20.0,24.0,7.17,,,,,,,,,,,,,,,,,,,,,,,,,
1ecffefe-ee6f-4a2c-99c9-97c0cd9423da,2025-11-17 22:27:24 UTC,False,20099.0,CFOP,Gan 12 UI Maglev,RandomForest,12712.0,20099.0,,,gan12,custom_rules,,,,8.0,0.0,0.0,20099.0,62.0,65.0,75.0,3.08,7683.0,12416.0,7652.0,0.0,7652.0,7652.0,19.0,20.0,24.0,2.48,0.0,0.0,0.0,7652.0,0.0,0.0,0.0,0.0,1872.0,905.0,967.0,9524.0,7.0,7.0,8.0,7.24,1764.0,1152.0,612.0,11288.0,5.0,5.0,6.0,8.17,2025.0,1445.0,580.0,13313.0,8.0,8.0,8.0,13.79,3576.0,2389.0,1187.0,16889.0,13.0,15.0,16.0,10.95,3210.0,1792.0,1418.0,20099.0,10.0,10.0,13.0,7.05,,,,,,,,,,,,,,,,,,,,,,,,,
ba42e6e3-f064-4626-a0e5-16ecd286dd4c,2025-11-17 22:28:10 UTC,False,16701.0,CFOP,Gan 12 UI Maglev,RandomForest,18988.0,16701.0,,,gan12,custom_rules,,,,8.0,0.0,0.0,16701.0,64.0,65.0,77.0,3.83,5381.0,11320.0,4428.0,0.0,4428.0,4428.0,13.0,13.0,14.0,2.94,0.0,0.0,0.0,4428.0,0.0,0.0,0.0,0.0,2151.0,768.0,1383.0,6579.0,8.0,8.0,10.0,5.78,2936.0,162.0,2774.0,9515.0,13.0,14.0,17.0,4.69,1994.0,1203.0,791.0,11509.0,8.0,8.0,9.0,10.11,1570.0,909.0,661.0,13079.0,8.0,8.0,10.0,12.1,3622.0,2339.0,1283.0,16701.0,15.0,15.0,17.0,11.69,,,,,,,,,,,,,,,,,,,,,,,,,
8dabade0-321e-44f9-b0d8-607e1ee77413,2025-11-17 22:29:56 UTC,False,26555.0,CFOP,Gan 12 UI Maglev,RandomForest,71653.0,26555.0,,,gan12,custom_rules,,,,8.0,0.0,0.0,26555.0,70.0,72.0,86.0,2.64,6503.0,19971.0,4715.0,0.0,4715.0,4796.0,9.0,9.0,12.0,1.91,4907.0,572.0,4335.0,9703.0,12.0,12.0,13.0,2.77,6921.0,693.0,6228.0,16624.0,13.0,14.0,16.0,2.09,983.0,524.0,459.0,17607.0,4.0,4.0,4.0,8.71,1208.0,426.0,782.0,18815.0,7.0,7.0,10.0,8.95,2012.0,1142.0,870.0,20827.0,10.0,11.0,12.0,11.49,5728.0,3146.0,2582.0,26555.0,17.0,17.0,19.0,6.58,,,,,,,,,,,,,,,,,,,,,,,,,
84997516-9179-41a9-9691-12f4119c4b39,2025-11-17 22:30:33 UTC,False,19184.0,CFOP,Gan 12 UI Maglev,RandomForest,5904.0,19184.0,,,gan12,custom_rules,,,,8.0,0.0,0.0,19184.0,75.0,75.0,84.0,3.91,6038.0,13146.0,2020.0,0.0,2020.0,2020.0,5.0,5.0,6.0,2.48,3521.0,1420.0,2101.0,5541.0,9.0,9.0,11.0,4.28,6096.0,1544.0,4552.0,11637.0,14.0,14.0,15.0,3.08,1602.0,588.0,1014.0,13239.0,8.0,8.0,9.0,7.89,1044.0,442.0,602.0,14283.0,8.0,8.0,9.0,13.29,2074.0,918.0,1156.0,16357.0,12.0,12.0,14.0,10.38,2827.0,1126.0,1701.0,19184.0,19.0,19.0,20.0,11.17,,,,,,,,,,,,,,,,,,,,,,,,,
782bad1f-5508-4ae5-8cd9-0f0f2038e7a4,2025-11-17 22:31:08 UTC,False,15017.0,CFOP,Gan 12 UI Maglev,RandomForest,8927.0,15017.0,,,gan12,custom_rules,,,,8.0,0.0,0.0,15017.0,57.0,63.0,81.0,3.8,6581.0,8436.0,2200.0,0.0,2200.0,2200.0,6.0,6.0,9.0,2.73,2413.0,1454.0,959.0,4613.0,8.0,8.0,9.0,8.34,1813.0,927.0,886.0,6426.0,6.0,6.0,9.0,6.77,1505.0,457.0,1048.0,7931.0,8.0,8.0,9.0,7.63,2422.0,1352.0,1070.0,10353.0,8.0,8.0,11.0,7.48,1817.0,854.0,963.0,12170.0,10.0,11.0,11.0,10.38,2847.0,1537.0,1310.0,15017.0,11.0,16.0,23.0,8.4,,,,,,,,,,,,,,,,,,,,,,,,,
9f198fc4-ba69-4585-8961-fbbd71928ec7,2025-11-17 22:31:52 UTC,False,20836.0,CFOP,Gan 12 UI Maglev,RandomForest,13399.0,20836.0,,,gan12,custom_rules,,,,8.0,0.0,0.0,20836.0,74.0,78.0,89.0,3.55,7268.0,13568.0,6449.0,0.0,6449.0,6449.0,15.0,15.0,17.0,2.33,0.0,0.0,0.0,6449.0,0.0,0.0,0.0,0.0,3104.0,1589.0,1515.0,9553.0,9.0,9.0,10.0,5.94,2149.0,892.0,1257.0,11702.0,11.0,11.0,12.0,8.75,3206.0,1152.0,2054.0,14908.0,14.0,16.0,17.0,6.82,2893.0,2055.0,838.0,17801.0,10.0,10.0,14.0,11.93,3035.0,1580.0,1455.0,20836.0,15.0,17.0,19.0,10.31,,,,,,,,,,,,,,,,,,,,,,,,,
32e01f27-2b65-4949-96f0-8237653f37c7,2025-11-17 22:32:23 UTC,False,14871.0,CFOP,Gan 12 UI Maglev,RandomForest,6919.0,14871.0,,,gan12,custom_rules,,,,8.0,0.0,0.0,14871.0,59.0,65.0,80.0,3.97,5132.0,9739.0,2353.0,0.0,2353.0,2353.0,7.0,7.0,7.0,2.97,1648.0,771.0,877.0,4001.0,8.0,8.0,8.0,9.12,1650.0,443.0,1207.0,5651.0,5.0,6.0,6.0,4.14,1871.0,830.0,1041.0,7522.0,8.0,8.0,11.0,7.68,3028.0,1187.0,1841.0,10550.0,13.0,13.0,16.0,7.06,1549.0,668.0,881.0,12099.0,9.0,9.0,9.0,10.22,2772.0,1233.0,1539.0,14871.0,10.0,15.0,23.0,6.5,,,,,,,,,,,,,,,,,,,,,,,,,
049c786c-e0d7-47a8-b01b-351ed926980f,2025-11-17 22:33:08 UTC,False,15832.0,CFOP,Gan 12 UI Maglev,RandomForest,19430.0,15832.0,,,gan12,custom_rules,,,,8.0,0.0,0.0,15832.0,63.0,67.0,75.0,3.98,5947.0,9885.0,3580.0,0.0,3580.0,3580.0,15.0,15.0,18.0,4.19,0.0,0.0,0.0,3580.0,0.0,0.0,0.0,0.0,2645.0,1354.0,1291.0,6225.0,8.0,8.0,9.0,6.2,2061.0,1239.0,822.0,8286.0,6.0,7.0,8.0,7.3,1938.0,1116.0,822.0,10224.0,9.0,9.0,9.0,10.95,1779.0,975.0,804.0,12003.0,10.0,11.0,12.0,12.44,3829.0,1263.0,2566.0,15832.0,15.0,17.0,19.0,5.85,,,,,,,,,,,,,,,,,,,,,,,,,
dc224eda-751c-44e8-ac76-bd6276f6bbe8,2025-11-17 22:33:49 UTC,False,17895.0,CFOP,Gan 12 UI Maglev,RandomForest,12161.0,17895.0,,,gan12,custom_rules,,,,8.0,0.0,0.0,17895.0,81.0,88.0,93.0,4.53,5093.0,12802.0,1624.0,0.0,1624.0,1624.0,6.0,6.0,7.0,3.69,2068.0,1024.0,1044.0,3692.0,9.0,10.0,11.0,8.62,1657.0,766.0,891.0,5349.0,7.0,7.0,8.0,7.86,1950.0,694.0,1256.0,7299.0,6.0,6.0,6.0,4.78,2041.0,889.0,1152.0,9340.0,8.0,8.0,8.0,6.94,5933.0,877.0,5056.0,15273.0,26.0,32.0,33.0,5.14,2622.0,843.0,1779.0,17895.0,19.0,19.0,20.0,10.68,,,,,,,,,,,,,,,,,,,,,,,,,
d5af686d-291c-446c-b5bd-f225337adf10,2025-11-17 22:34:25 UTC,False,15165.0,CFOP,Gan 12 UI Maglev,RandomForest,10421.0,15165.0,,,gan12,custom_rules,,,,8.0,0.0,0.0,15165.0,73.0,74.0,84.0,4.81,5403.0,9762.0,1880.0,0.0,1880.0,1880.0,7.0,7.0,7.0,3.72,1405.0,572.0,833.0,3285.0,6.0,7.0,7.0,7.2,1473.0,611.0,862.0,4758.0,8.0,8.0,10.0,9.28,2371.0,1630.0,741.0,7129.0,8.0,8.0,10.0,10.8,1598.0,930.0,668.0,8727.0,7.0,7.0,8.0,10.48,2784.0,791.0,1993.0,11511.0,17.0,17.0,17.0,8.53,3654.0,869.0,2785.0,15165.0,20.0,20.0,25.0,7.18,,,,,,,,,,,,,,,,,,,,,,,,,
f8511e36-22e7-4ae7-8316-43bc6bd07b2f,2025-11-17 22:34:56 UTC,False,15751.0,CFOP,Gan 12 UI Maglev,RandomForest,6514.0,15751.0,,,gan12,custom_rules,,,,8.0,0.0,0.0,15751.0,68.0,70.0,81.0,4.32,5475.0,10195.0,1472.0,0.0,1472.0,1553.0,5.0,5.0,8.0,3.4,3844.0,298.0,3546.0,5397.0,16.0,16.0,19.0,4.51,1591.0,330.0,1261.0,6988.0,7.0,7.0,7.0,5.55,2386.0,1959.0,427.0,9374.0,9.0,9.0,9.0,21.08,2422.0,1301.0,1121.0,11796.0,8.0,8.0,10.0,7.14,1948.0,837.0,1111.0,13744.0,10.0,11.0,11.0,9.0,2007.0,750.0,1257.0,15751.0,13.0,14.0,17.0,10.34,,,,,,,,,,,,,,,,,,,,,,,,,
3441f228-04df-4757-9c30-39ba8b4dcc28,2025-11-17 22:35:40 UTC,False,20187.0,CFOP,Gan 12 UI Maglev,RandomForest,13354.0,20187.0,,,gan12,custom_rules,,,,8.0,0.0,0.0,20187.0,75.0,80.0,91.0,3.72,8103.0,12084.0,3018.0,0.0,3018.0,3018.0,10.0,10.0,12.0,3.31,3032.0,1696.0,1336.0,6050.0,9.0,9.0,9.0,6.74,668.0,168.0,500.0,6718.0,7.0,7.0,7.0,14.0,2523.0,1515.0,1008.0,9241.0,8.0,8.0,10.0,7.94,3784.0,1874.0,1910.0,13025.0,10.0,11.0,11.0,5.24,2870.0,1715.0,1155.0,15895.0,12.0,14.0,15.0,10.39,4292.0,1135.0,3157.0,20187.0,20.0,22.0,27.0,6.34,,,,,,,,,,,,,,,,,,,,,,,,,
34db0cc6-2445-49d0-a212-fa83afee6cd0,2025-11-17 22:36:25 UTC,False,15778.0,CFOP,Gan 12 UI Maglev,RandomForest,20694.0,15778.0,,,gan12,custom_rules,,,,8.0,0.0,0.0,15778.0,63.0,66.0,75.0,3.99,5579.0,10199.0,1846.0,0.0,1846.0,1846.0,6.0,6.0,7.0,3.25,1048.0,862.0,186.0,2894.0,4.0,4.0,4.0,21.51,2417.0,1570.0,847.0,5311.0,8.0,8.0,8.0,9.45,2408.0,193.0,2215.0,7719.0,11.0,11.0,11.0,4.97,1350.0,355.0,995.0,9069.0,7.0,7.0,7.0,7.04,2690.0,1330.0,1360.0,11759.0,12.0,14.0,16.0,8.82,4019.0,1269.0,2750.0,15778.0,17.0,18.0,22.0,6.18,,,,,,,,,,,,,,,,,,,,,,,,,
2053df52-93f5-44c2-a528-8d98795a200a,2025-11-17 22:37:14 UTC,False,15684.0,CFOP,Gan 12 UI Maglev,RandomForest,23345.0,15684.0,,,gan12,custom_rules,,,,8.0,0.0,0.0,15684.0,64.0,66.0,75.0,4.08,5090.0,10594.0,1735.0,0.0,1735.0,1735.0,5.0,5.0,7.0,2.88,2562.0,781.0,1781.0,4297.0,11.0,11.0,12.0,6.18,3188.0,778.0,2410.0,7485.0,8.0,8.0,8.0,3.32,1448.0,500.0,948.0,8933.0,8.0,8.0,10.0,8.44,2062.0,1273.0,789.0,10995.0,8.0,8.0,10.0,10.14,1354.0,621.0,733.0,12349.0,9.0,9.0,9.0,12.28,3335.0,1137.0,2198.0,15684.0,15.0,17.0,19.0,6.82,,,,,,,,,,,,,,,,,,,,,,,,,
7e56511b-f5ac-4c4c-97aa-9423c742d606,2025-11-17 22:38:00 UTC,False,23499.0,CFOP,Gan 12 UI Maglev,RandomForest,12532.0,23499.0,,,gan12,custom_rules,,,,8.0,0.0,0.0,23499.0,71.0,72.0,82.0,3.02,10720.0,12779.0,1660.0,0.0,1660.0,1660.0,6.0,6.0,7.0,3.61,6204.0,1643.0,4561.0,7864.0,11.0,11.0,11.0,2.41,2890.0,1813.0,1077.0,10754.0,8.0,8.0,9.0,7.43,3050.0,1056.0,1994.0,13804.0,14.0,14.0,18.0,7.02,4395.0,3244.0,1151.0,18199.0,8.0,8.0,9.0,6.95,1707.0,1151.0,556.0,19906.0,9.0,9.0,10.0,16.19,3593.0,1813.0,1780.0,23499.0,15.0,16.0,18.0,8.43,,,,,,,,,,,,,,,,,,,,,,,,,
b3d19f4f-5d2f-41db-a2ea-da4ba7d3c23b,2025-11-17 22:38:34 UTC,False,17580.0,CFOP,Gan 12 UI Maglev,RandomForest,5403.0,17580.0,,,gan12,custom_rules,,,,8.0,0.0,0.0,17580.0,72.0,73.0,81.0,4.1,6098.0,11482.0,1820.0,0.0,1820.0,1820.0,7.0,7.0,7.0,3.85,3029.0,1104.0,1925.0,4849.0,10.0,10.0,11.0,5.19,2101.0,790.0,1311.0,6950.0,7.0,7.0,9.0,5.34,3048.0,604.0,2444.0,9998.0,10.0,10.0,10.0,4.09,2079.0,1233.0,846.0,12077.0,8.0,8.0,9.0,9.46,2156.0,938.0,1218.0,14233.0,14.0,14.0,15.0,11.49,3347.0,1429.0,1918.0,17580.0,16.0,17.0,20.0,8.34,,,,,,,,,,,,,,,,,,,,,,,,,
60e57933-6b36-4914-b876-c8057b36e054,2025-11-17 22:39:15 UTC,False,22234.0,CFOP,Gan 12 UI Maglev,RandomForest,8413.0,22234.0,,,gan12,custom_rules,,,,8.0,0.0,0.0,22234.0,69.0,70.0,81.0,3.1,7405.0,14773.0,5608.0,0.0,5608.0,5664.0,10.0,10.0,13.0,1.78,2521.0,1635.0,886.0,8185.0,9.0,9.0,10.0,10.16,3643.0,1144.0,2499.0,11828.0,10.0,10.0,12.0,4.0,1344.0,209.0,1135.0,13172.0,6.0,6.0,7.0,5.29,2393.0,1692.0,701.0,15565.0,7.0,7.0,8.0,9.99,3511.0,1534.0,1977.0,19076.0,13.0,14.0,15.0,6.58,3158.0,1191.0,1967.0,22234.0,15.0,15.0,16.0,7.63,,,,,,,,,,,,,,,,,,,,,,,,,
3447215c-84d2-484d-881c-efbc4fd06c43,2025-11-17 22:39:54 UTC,False,14649.0,CFOP,Gan 12 UI Maglev,RandomForest,16365.0,14649.0,,,gan12,custom_rules,,,,8.0,0.0,0.0,14649.0,58.0,59.0,64.0,3.96,6663.0,7986.0,1872.0,0.0,1872.0,1872.0,8.0,9.0,9.0,4.27,2203.0,1695.0,508.0,4075.0,8.0,8.0,8.0,15.75,2658.0,1578.0,1080.0,6733.0,7.0,7.0,8.0,6.48,1017.0,387.0,630.0,7750.0,5.0,5.0,6.0,7.94,2993.0,1602.0,1391.0,10743.0,8.0,8.0,9.0,5.75,2040.0,886.0,1154.0,12783.0,8.0,8.0,9.0,6.93,1866.0,515.0,1351.0,14649.0,14.0,14.0,15.0,10.36,,,,,,,,,,,,,,,,,,,,,,,,,
e32f5896-6cfc-4fc9-9d56-2d805a9b983c,2025-11-17 22:40:48 UTC,False,11108.0,CFOP,Gan 12 UI Maglev,RandomForest,33231.0,11108.0,,,gan12,custom_rules,,,,8.0,0.0,0.0,11108.0,52.0,57.0,66.0,4.68,4005.0,7103.0,998.0,0.0,998.0,998.0,6.0,6.0,7.0,6.01,0.0,0.0,0.0,998.0,0.0,0.0,0.0,0.0,1510.0,753.0,757.0,2508.0,6.0,7.0,8.0,7.93,2100.0,860.0,1240.0,4608.0,11.0,11.0,12.0,8.87,1204.0,358.0,846.0,5812.0,8.0,8.0,8.0,9.46,2228.0,1173.0,1055.0,8040.0,10.0,10.0,10.0,9.48,3068.0,861.0,2207.0,11108.0,11.0,15.0,21.0,4.98,,,,,,,,,,,,,,,,,,,,,,,,,
8bca12e4-c0bd-4031-b854-fc242a96f629,2025-11-17 22:41:47 UTC,False,22270.0,CFOP,Gan 12 UI Maglev,RandomForest,16137.0,22270.0,,,gan12,custom_rules,,,,8.0,0.0,0.0,22270.0,76.0,83.0,96.0,3.41,6871.0,15399.0,1919.0,0.0,1919.0,1919.0,5.0,5.0,6.0,2.61,2484.0,1143.0,1341.0,4403.0,8.0,8.0,9.0,5.97,2788.0,1594.0,1194.0,7191.0,8.0,8.0,9.0,6.7,1939.0,524.0,1415.0,9130.0,8.0,8.0,8.0,5.65,2545.0,1377.0,1168.0,11675.0,8.0,8.0,8.0,6.85,7608.0,895.0,6713.0,19283.0,29.0,31.0,33.0,4.32,2987.0,1338.0,1649.0,22270.0,10.0,15.0,23.0,6.06,,,,,,,,,,,,,,,,,,,,,,,,,
dba9dfbe-ec4d-466f-9c91-abe6b35944c0,2025-11-17 22:42:38 UTC,False,31517.0,CFOP,Gan 12 UI Maglev,RandomForest,9652.0,31517.0,,,gan12,custom_rules,,,,8.0,0.0,0.0,31517.0,86.0,92.0,103.0,2.73,6519.0,24950.0,16690.0,0.0,16690.0,16738.0,31.0,37.0,43.0,1.86,0.0,0.0,0.0,16738.0,0.0,0.0,0.0,0.0,1916.0,1553.0,363.0,18654.0,5.0,5.0,6.0,13.77,2164.0,1126.0,1038.0,20818.0,8.0,8.0,9.0,7.71,5136.0,1159.0,3977.0,25954.0,12.0,12.0,13.0,3.02,2400.0,1112.0,1288.0,28354.0,13.0,13.0,13.0,10.09,3163.0,1569.0,1594.0,31517.0,17.0,17.0,19.0,10.66,,,,,,,,,,,,,,,,,,,,,,,,,
d0136964-c2bd-4899-a8af-0e796f5b0764,2025-11-17 22:43:16 UTC,False,17346.0,CFOP,Gan 12 UI Maglev,RandomForest,10955.0,17346.0,,,gan12,custom_rules,,,,8.0,0.0,0.0,17346.0,68.0,69.0,76.0,3.92,6041.0,11305.0,2499.0,0.0,2499.0,2499.0,7.0,7.0,7.0,2.8,2497.0,814.0,1683.0,4996.0,7.0,7.0,9.0,4.16,1436.0,364.0,1072.0,6432.0,8.0,8.0,8.0,7.46,1647.0,608.0,1039.0,8079.0,8.0,8.0,10.0,7.7,2164.0,1254.0,910.0,10243.0,8.0,8.0,9.0,8.79,3812.0,1605.0,2207.0,14055.0,10.0,11.0,11.0,4.53,3291.0,1396.0,1895.0,17346.0,20.0,20.0,22.0,10.55,,,,,,,,,,,,,,,,,,,,,,,,,
02f9159b-958c-4381-ad65-65d26bcda46a,2025-11-17 22:43:54 UTC,False,20975.0,CFOP,Gan 12 UI Maglev,RandomForest,7749.0,20975.0,,,gan12,custom_rules,,,,8.0,0.0,0.0,20975.0,76.0,76.0,83.0,3.62,6889.0,14086.0,3851.0,0.0,3851.0,3851.0,9.0,9.0,10.0,2.34,3216.0,1860.0,1356.0,7067.0,9.0,9.0,12.0,6.64,1990.0,967.0,1023.0,9057.0,6.0,6.0,7.0,5.87,2005.0,1096.0,909.0,11062.0,10.0,10.0,11.0,11.0,4215.0,685.0,3530.0,15277.0,11.0,11.0,11.0,3.12,2240.0,838.0,1402.0,17517.0,14.0,14.0,14.0,9.99,3458.0,1443.0,2015.0,20975.0,17.0,17.0,18.0,8.44,,,,,,,,,,,,,,,,,,,,,,,,,
69acdebe-77c6-405f-a19e-1a36e8f7097f,2025-11-17 22:44:26 UTC,False,17840.0,CFOP,Gan 12 UI Maglev,RandomForest,4180.0,17840.0,,,gan12,custom_rules,,,,8.0,0.0,0.0,17840.0,64.0,66.0,78.0,3.59,7024.0,10816.0,3560.0,0.0,3560.0,3560.0,9.0,9.0,13.0,2.53,1684.0,798.0,886.0,5244.0,8.0,8.0,9.0,9.03,1884.0,564.0,1320.0,7128.0,8.0,8.0,10.0,6.06,2615.0,1592.0,1023.0,9743.0,9.0,9.0,9.0,8.8,2020.0,1080.0,940.0,11763.0,9.0,9.0,11.0,9.57,2563.0,1336.0,1227.0,14326.0,12.0,14.0,14.0,9.78,3514.0,1654.0,1860.0,17840.0,9.0,9.0,12.0,4.84,,,,,,,,,,,,,,,,,,,,,,,,,
f1eb8da7-fc7a-47e0-94aa-279b701347ec,2025-11-17 22:44:52 UTC,False,12977.0,CFOP,Gan 12 UI Maglev,RandomForest,3725.0,12977.0,,,gan12,custom_rules,,,,8.0,0.0,0.0,12977.0,60.0,62.0,70.0,4.62,4994.0,7983.0,1649.0,0.0,1649.0,1649.0,6.0,6.0,7.0,3.64,0.0,0.0,0.0,1649.0,0.0,0.0,0.0,0.0,3139.0,1371.0,1768.0,4788.0,11.0,11.0,14.0,6.22,1616.0,580.0,1036.0,6404.0,7.0,7.0,8.0,6.76,1710.0,1241.0,469.0,8114.0,8.0,8.0,8.0,17.06,2273.0,766.0,1507.0,10387.0,13.0,13.0,14.0,8.63,2590.0,1036.0,1554.0,12977.0,15.0,17.0,19.0,9.65,,,,,,,,,,,,,,,,,,,,,,,,,
df6e1859-2e61-4894-b7dd-0b201c04753e,2025-11-17 22:45:44 UTC,False,21558.0,CFOP,Gan 12 UI Maglev,RandomForest,22738.0,21558.0,,,gan12,custom_rules,,,,8.0,0.0,0.0,21558.0,97.0,102.0,117.0,4.5,6064.0,15494.0,1192.0,0.0,1192.0,1192.0,6.0,6.0,6.0,5.03,2217.0,1494.0,723.0,3409.0,6.0,7.0,9.0,8.3,1433.0,1119.0,314.0,4842.0,3.0,3.0,4.0,9.55,1192.0,716.0,476.0,6034.0,6.0,7.0,7.0,12.61,1800.0,1100.0,700.0,7834.0,7.0,7.0,8.0,10.0,1110.0,565.0,545.0,8944.0,7.0,7.0,8.0,12.84,12614.0,1070.0,11544.0,21558.0,63.0,66.0,75.0,5.46,,,,,,,,,,,,,,,,,,,,,,,,,
5e14b503-0c68-4767-b655-e130ce1b116e,2025-11-17 22:46:38 UTC,False,22609.0,CFOP,Gan 12 UI Maglev,RandomForest,5935.0,22609.0,,,gan12,custom_rules,,,,8.0,0.0,0.0,22609.0,61.0,63.0,72.0,2.7,10314.0,12295.0,6071.0,0.0,6071.0,6071.0,13.0,13.0,14.0,2.14,3156.0,2189.0,967.0,9227.0,8.0,8.0,8.0,8.27,4806.0,3629.0,1177.0,14033.0,5.0,6.0,6.0,4.25,879.0,734.0,145.0,14912.0,4.0,4.0,4.0,27.59,3383.0,2208.0,1175.0,18295.0,8.0,8.0,9.0,6.81,1889.0,805.0,1084.0,20184.0,10.0,10.0,15.0,9.23,2425.0,749.0,1676.0,22609.0,13.0,14.0,16.0,7.76,,,,,,,,,,,,,,,,,,,,,,,,,
127bcf71-639c-4df3-be0d-6459c5ca1ac6,2025-11-17 22:47:34 UTC,False,17149.0,CFOP,Gan 12 UI Maglev,RandomForest,29554.0,17149.0,,,gan12,custom_rules,,,,8.0,0.0,0.0,17149.0,65.0,65.0,71.0,3.79,6123.0,11026.0,2193.0,0.0,2193.0,2193.0,7.0,7.0,9.0,3.19,7377.0,1364.0,6013.0,9570.0,27.0,27.0,29.0,4.49,2389.0,1115.0,1274.0,11959.0,7.0,7.0,7.0,5.49,681.0,488.0,193.0,12640.0,4.0,4.0,4.0,20.73,1965.0,1498.0,467.0,14605.0,8.0,8.0,9.0,17.13,1739.0,853.0,886.0,16344.0,11.0,11.0,11.0,12.42,805.0,805.0,0.0,17149.0,1.0,1.0,2.0,,,,,,,,,,,,,,,,,,,,,,,,,,
56eb2bfa-dbc3-4141-a828-2d83c18325a8,2025-11-17 22:48:13 UTC,False,26490.0,CFOP,Gan 12 UI Maglev,RandomForest,3838.0,26490.0,,,gan12,custom_rules,,,,8.0,0.0,0.0,26490.0,73.0,74.0,86.0,2.76,6509.0,19981.0,11898.0,0.0,11898.0,11898.0,11.0,11.0,12.0,0.92,4142.0,2745.0,1397.0,16040.0,9.0,9.0,12.0,6.44,2211.0,934.0,1277.0,18251.0,8.0,8.0,10.0,6.26,1639.0,474.0,1165.0,19890.0,8.0,8.0,9.0,6.87,1026.0,491.0,535.0,20916.0,8.0,8.0,8.0,14.95,2101.0,773.0,1328.0,23017.0,12.0,12.0,14.0,9.04,3473.0,1092.0,2381.0,26490.0,17.0,18.0,21.0,7.14,,,,,,,,,,,,,,,,,,,,,,,,,
dcca0583-aa96-4209-bf14-efc502ef3d0d,2025-11-17 22:49:10 UTC,False,42297.0,CFOP,Gan 12 UI Maglev,RandomForest,5386.0,42297.0,,,gan12,custom_rules,,,,8.0,0.0,0.0,42297.0,157.0,161.0,173.0,3.71,7665.0,34632.0,5536.0,0.0,5536.0,5536.0,11.0,11.0,12.0,1.99,2331.0,1485.0,846.0,7867.0,8.0,8.0,9.0,9.46,3992.0,1529.0,2463.0,11859.0,15.0,15.0,16.0,6.09,2437.0,1132.0,1305.0,14296.0,11.0,11.0,11.0,8.43,2764.0,642.0,2122.0,17060.0,14.0,14.0,15.0,6.6,2453.0,1140.0,1313.0,19513.0,14.0,14.0,14.0,10.66,22784.0,1737.0,21047.0,42297.0,84.0,88.0,96.0,3.99,,,,,,,,,,,,,,,,,,,,,,,,,
f14921fe-5c38-4d60-b118-b6935d8126a3,2025-11-18 19:19:03 UTC,False,20070.0,CFOP,Gan 12 UI Maglev,RandomForest,27938.0,20070.0,,,gan12,custom_rules,,,,8.0,0.0,0.0,20070.0,59.0,64.0,77.0,2.94,10261.0,9809.0,1384.0,0.0,1384.0,1384.0,6.0,6.0,7.0,4.34,3133.0,1638.0,1495.0,4517.0,8.0,8.0,10.0,5.35,3500.0,1843.0,1657.0,8017.0,9.0,10.0,10.0,5.43,5483.0,3643.0,1840.0,13500.0,12.0,12.0,14.0,6.52,2249.0,1569.0,680.0,15749.0,8.0,8.0,9.0,11.76,2011.0,769.0,1242.0,17760.0,7.0,7.0,8.0,5.64,2310.0,799.0,1511.0,20070.0,9.0,13.0,19.0,5.96,,,,,,,,,,,,,,,,,,,,,,,,,
550350a0-c89f-4fe4-9835-725264f0762f,2025-11-18 19:20:07 UTC,False,25133.0,CFOP,Gan 12 UI Maglev,RandomForest,26450.0,25133.0,,,gan12,custom_rules,,,,8.0,0.0,0.0,25133.0,96.0,99.0,104.0,3.82,8553.0,16580.0,1177.0,0.0,1177.0,1177.0,6.0,6.0,6.0,5.1,3264.0,597.0,2667.0,4441.0,11.0,11.0,12.0,4.12,1922.0,947.0,975.0,6363.0,7.0,7.0,8.0,7.18,2511.0,1854.0,657.0,8874.0,12.0,12.0,14.0,18.26,3010.0,2406.0,604.0,11884.0,8.0,8.0,8.0,13.25,3326.0,1247.0,2079.0,15210.0,14.0,15.0,16.0,6.73,9923.0,1502.0,8421.0,25133.0,38.0,40.0,40.0,4.51,,,,,,,,,,,,,,,,,,,,,,,,,
a6ba2789-9034-496b-abce-a6bc9cdc3090,2025-11-18 19:21:20 UTC,False,14027.0,CFOP,Gan 12 UI Maglev,RandomForest,48967.0,14027.0,,,gan12,custom_rules,,,,8.0,0.0,0.0,14027.0,62.0,67.0,79.0,4.42,4744.0,9283.0,3246.0,0.0,3246.0,3246.0,12.0,12.0,16.0,3.7,0.0,0.0,0.0,3246.0,0.0,0.0,0.0,0.0,2049.0,1046.0,1003.0,5295.0,9.0,9.0,11.0,8.97,2193.0,990.0,1203.0,7488.0,11.0,11.0,12.0,9.14,1714.0,1344.0,370.0,9202.0,7.0,7.0,7.0,18.92,2290.0,1243.0,1047.0,11492.0,10.0,11.0,11.0,9.55,2535.0,121.0,2414.0,14027.0,13.0,17.0,22.0,5.39,,,,,,,,,,,,,,,,,,,,,,,,,
c87bbaf1-3ae3-4993-8d56-10255a36d20f,2025-11-18 19:22:58 UTC,False,18876.0,CFOP,Gan 12 UI Maglev,RandomForest,67928.0,18876.0,,,gan12,custom_rules,,,,8.0,0.0,0.0,18876.0,65.0,67.0,78.0,3.44,4074.0,14802.0,8721.0,0.0,8721.0,8721.0,15.0,15.0,20.0,1.72,0.0,0.0,0.0,8721.0,0.0,0.0,0.0,0.0,1168.0,315.0,853.0,9889.0,7.0,7.0,8.0,8.21,2148.0,1020.0,1128.0,12037.0,7.0,8.0,9.0,6.21,1369.0,837.0,532.0,13406.0,7.0,7.0,7.0,13.16,1885.0,870.0,1015.0,15291.0,11.0,11.0,12.0,10.84,3585.0,1032.0,2553.0,18876.0,18.0,19.0,22.0,7.05,,,,,,,,,,,,,,,,,,,,,,,,,
070a284f-8b6c-407e-85ac-cb758b0e1130,2025-11-18 19:24:12 UTC,False,14916.0,CFOP,Gan 12 UI Maglev,RandomForest,48800.0,14916.0,,,gan12,custom_rules,,,,8.0,0.0,0.0,14916.0,56.0,60.0,77.0,3.75,7117.0,7799.0,2026.0,0.0,2026.0,2026.0,9.0,9.0,10.0,4.44,3164.0,2347.0,817.0,5190.0,8.0,8.0,12.0,9.79,1329.0,524.0,805.0,6519.0,7.0,7.0,8.0,8.7,2467.0,1670.0,797.0,8986.0,7.0,7.0,8.0,8.78,1412.0,655.0,757.0,10398.0,7.0,7.0,9.0,9.25,1443.0,911.0,532.0,11841.0,8.0,8.0,10.0,15.04,3075.0,1010.0,2065.0,14916.0,10.0,14.0,20.0,4.84,,,,,,,,,,,,,,,,,,,,,,,,,
4fef530d-d2ac-44a2-a61c-5090ef9ca48f,2025-11-18 19:25:05 UTC,False,18912.0,CFOP,Gan 12 UI Maglev,RandomForest,24820.0,18912.0,,,gan12,custom_rules,,,,8.0,0.0,0.0,18912.0,60.0,61.0,68.0,3.17,5044.0,13868.0,9505.0,0.0,9505.0,9505.0,22.0,22.0,26.0,2.31,0.0,0.0,0.0,9505.0,0.0,0.0,0.0,0.0,0.0,0.0,0.0,9505.0,0.0,0.0,0.0,0.0,0.0,0.0,0.0,9505.0,0.0,0.0,0.0,0.0,3170.0,2566.0,604.0,12675.0,9.0,9.0,9.0,14.9,1819.0,1110.0,709.0,14494.0,9.0,9.0,10.0,12.69,4418.0,1368.0,3050.0,18912.0,20.0,21.0,23.0,6.56,,,,,,,,,,,,,,,,,,,,,,,,,
26e81922-4ec2-490d-bae8-8c43d16444da,2025-11-18 19:25:56 UTC,False,20874.0,CFOP,Gan 12 UI Maglev,RandomForest,21431.0,20874.0,,,gan12,custom_rules,,,,8.0,0.0,0.0,20874.0,77.0,83.0,99.0,3.69,1185.0,19689.0,10959.0,0.0,10959.0,10959.0,41.0,43.0,54.0,3.74,0.0,0.0,0.0,10959.0,0.0,0.0,0.0,0.0,0.0,0.0,0.0,10959.0,0.0,0.0,0.0,0.0,8080.0,266.0,7814.0,19039.0,27.0,31.0,33.0,3.46,1336.0,420.0,916.0,20375.0,8.0,8.0,10.0,8.73,0.0,0.0,0.0,20375.0,0.0,0.0,0.0,0.0,499.0,499.0,0.0,20874.0,1.0,1.0,2.0,,,,,,,,,,,,,,,,,,,,,,,,,,
f90939b4-1290-4ee7-9cf8-f248fc2bbd4c,2025-11-18 19:26:31 UTC,False,20208.0,CFOP,Gan 12 UI Maglev,RandomForest,4440.0,20208.0,,,gan12,custom_rules,,,,8.0,0.0,0.0,20208.0,80.0,84.0,96.0,3.96,6651.0,13557.0,2505.0,0.0,2505.0,2505.0,7.0,7.0,8.0,2.79,5046.0,1818.0,3228.0,7551.0,12.0,12.0,14.0,3.72,2663.0,708.0,1955.0,10214.0,10.0,10.0,10.0,5.12,2430.0,773.0,1657.0,12644.0,12.0,12.0,14.0,7.24,2013.0,1048.0,965.0,14657.0,9.0,9.0,10.0,9.33,3296.0,1040.0,2256.0,17953.0,21.0,21.0,22.0,9.31,2255.0,1264.0,991.0,20208.0,9.0,13.0,18.0,9.08,,,,,,,,,,,,,,,,,,,,,,,,,
a68a8c49-b767-46c1-871a-51fe9a830a4f,2025-11-18 19:27:07 UTC,False,16387.0,CFOP,Gan 12 UI Maglev,RandomForest,9596.0,16387.0,,,gan12,custom_rules,,,,8.0,0.0,0.0,16387.0,63.0,70.0,81.0,3.84,7074.0,9313.0,1747.0,0.0,1747.0,1747.0,6.0,6.0,8.0,3.43,2514.0,1305.0,1209.0,4261.0,8.0,8.0,8.0,6.62,1551.0,802.0,749.0,5812.0,8.0,8.0,9.0,10.68,2707.0,1759.0,948.0,8519.0,11.0,11.0,13.0,11.6,2957.0,1297.0,1660.0,11476.0,11.0,11.0,12.0,6.63,1788.0,966.0,822.0,13264.0,10.0,11.0,11.0,12.17,3123.0,945.0,2178.0,16387.0,9.0,15.0,20.0,4.13,,,,,,,,,,,,,,,,,,,,,,,,,
9e6122b6-f6d5-44a1-9179-df64971e8266,2025-11-18 19:28:03 UTC,False,20340.0,CFOP,Gan 12 UI Maglev,RandomForest,21895.0,20340.0,,,gan12,custom_rules,,,,8.0,0.0,0.0,20340.0,87.0,90.0,100.0,4.28,6855.0,13364.0,4672.0,0.0,4672.0,4793.0,21.0,21.0,23.0,4.49,2056.0,1249.0,807.0,6849.0,8.0,8.0,9.0,9.91,1659.0,773.0,886.0,8508.0,8.0,8.0,9.0,9.03,3165.0,1106.0,2059.0,11673.0,11.0,12.0,14.0,5.34,1388.0,969.0,419.0,13061.0,8.0,8.0,8.0,19.09,3925.0,1205.0,2720.0,16986.0,14.0,16.0,18.0,5.15,3354.0,1553.0,1801.0,20340.0,17.0,17.0,19.0,9.44,,,,,,,,,,,,,,,,,,,,,,,,,
ec1031a3-fee4-403d-a474-151bf5c0f5f8,2025-11-18 19:29:01 UTC,False,21498.0,CFOP,Gan 12 UI Maglev,RandomForest,25178.0,21498.0,,,gan12,custom_rules,,,,8.0,0.0,0.0,21498.0,73.0,82.0,99.0,3.4,8180.0,13318.0,3986.0,0.0,3986.0,3986.0,7.0,7.0,7.0,1.76,2491.0,1725.0,766.0,6477.0,8.0,8.0,8.0,10.44,3072.0,1223.0,1849.0,9549.0,12.0,12.0,12.0,6.49,2134.0,1151.0,983.0,11683.0,7.0,7.0,8.0,7.12,2828.0,2039.0,789.0,14511.0,9.0,9.0,10.0,11.41,2211.0,1003.0,1208.0,16722.0,13.0,13.0,15.0,10.76,4776.0,1039.0,3737.0,21498.0,17.0,26.0,39.0,4.55,,,,,,,,,,,,,,,,,,,,,,,,,
9e924715-dcd8-44ad-af14-a2af20b3f521,2025-11-18 19:29:52 UTC,False,24464.0,CFOP,Gan 12 UI Maglev,RandomForest,17138.0,24464.0,,,gan12,custom_rules,,,,8.0,0.0,0.0,24464.0,77.0,79.0,92.0,3.15,5627.0,18837.0,10772.0,0.0,10772.0,10772.0,16.0,16.0,18.0,1.49,0.0,0.0,0.0,10772.0,0.0,0.0,0.0,0.0,3427.0,2488.0,939.0,14199.0,9.0,9.0,10.0,9.58,1585.0,412.0,1173.0,15784.0,8.0,8.0,9.0,6.82,1217.0,693.0,524.0,17001.0,8.0,8.0,9.0,15.27,2565.0,942.0,1623.0,19566.0,13.0,13.0,16.0,8.01,4898.0,1092.0,3806.0,24464.0,23.0,25.0,30.0,6.04,,,,,,,,,,,,,,,,,,,,,,,,,
6663cee9-3d31-428a-9339-4e660e4b9e5f,2025-11-18 19:30:42 UTC,False,16837.0,CFOP,Gan 12 UI Maglev,RandomForest,23192.0,16837.0,,,gan12,custom_rules,,,,8.0,0.0,0.0,16837.0,74.0,74.0,82.0,4.4,5386.0,11451.0,2113.0,0.0,2113.0,2113.0,6.0,6.0,9.0,2.84,3538.0,669.0,2869.0,5651.0,10.0,10.0,10.0,3.49,3365.0,1512.0,1853.0,9016.0,13.0,13.0,14.0,7.02,2311.0,1136.0,1175.0,11327.0,8.0,8.0,8.0,6.81,802.0,339.0,463.0,12129.0,8.0,8.0,8.0,17.28,1977.0,975.0,1002.0,14106.0,10.0,10.0,13.0,9.98,2731.0,755.0,1976.0,16837.0,19.0,19.0,20.0,9.62,,,,,,,,,,,,,,,,,,,,,,,,,
eccc57b5-d927-4548-b716-b5924a0e10d4,2025-11-18 19:31:32 UTC,False,16163.0,CFOP,Gan 12 UI Maglev,RandomForest,25371.0,16163.0,,,gan12,custom_rules,,,,8.0,0.0,0.0,16163.0,63.0,64.0,74.0,3.9,7474.0,8689.0,2891.0,0.0,2891.0,2891.0,7.0,7.0,10.0,2.42,1759.0,1573.0,186.0,4650.0,4.0,4.0,4.0,21.51,4260.0,2604.0,1656.0,8910.0,11.0,11.0,13.0,6.64,1289.0,403.0,886.0,10199.0,7.0,7.0,8.0,7.9,1687.0,833.0,854.0,11886.0,10.0,10.0,11.0,11.71,1634.0,788.0,846.0,13520.0,11.0,11.0,11.0,13.0,2643.0,1273.0,1370.0,16163.0,14.0,15.0,17.0,10.22,,,,,,,,,,,,,,,,,,,,,,,,,
344ce988-0d0e-4aca-beee-b0387f88dc80,2025-11-18 19:32:20 UTC,False,13421.0,CFOP,Gan 12 UI Maglev,RandomForest,25457.0,13421.0,,,gan12,custom_rules,,,,8.0,0.0,0.0,13421.0,60.0,63.0,73.0,4.47,5195.0,8226.0,1209.0,0.0,1209.0,1209.0,4.0,5.0,6.0,3.31,2718.0,919.0,1799.0,3927.0,11.0,11.0,12.0,6.11,2033.0,1018.0,1015.0,5960.0,8.0,8.0,10.0,7.88,1726.0,767.0,959.0,7686.0,7.0,7.0,7.0,7.3,1348.0,290.0,1058.0,9034.0,7.0,7.0,9.0,6.62,1739.0,1086.0,653.0,10773.0,7.0,7.0,9.0,10.72,2648.0,1115.0,1533.0,13421.0,16.0,18.0,20.0,10.44,,,,,,,,,,,,,,,,,,,,,,,,,
c8948840-b3b0-49ad-ae00-52da08b6b32a,2025-11-18 19:32:56 UTC,False,17811.0,CFOP,Gan 12 UI Maglev,RandomForest,9656.0,17811.0,,,gan12,custom_rules,,,,8.0,0.0,0.0,17811.0,74.0,74.0,83.0,4.15,6570.0,11169.0,2597.0,0.0,2597.0,2669.0,8.0,8.0,9.0,3.08,2498.0,1660.0,838.0,5167.0,7.0,7.0,8.0,8.35,3125.0,1503.0,1622.0,8292.0,8.0,8.0,9.0,4.93,3106.0,660.0,2446.0,11398.0,10.0,10.0,11.0,4.09,1868.0,852.0,1016.0,13266.0,12.0,12.0,13.0,11.81,1743.0,897.0,846.0,15009.0,8.0,8.0,10.0,9.46,2802.0,998.0,1804.0,17811.0,21.0,21.0,23.0,11.64,,,,,,,,,,,,,,,,,,,,,,,,,
cf08e411-895c-49a1-81ed-8434b3cd23af,2025-11-18 19:33:25 UTC,False,16851.0,CFOP,Gan 12 UI Maglev,RandomForest,3135.0,16851.0,,,gan12,custom_rules,,,,8.0,0.0,0.0,16851.0,72.0,78.0,83.0,4.27,6239.0,10612.0,1567.0,0.0,1567.0,1567.0,8.0,8.0,9.0,5.11,2391.0,1095.0,1296.0,3958.0,8.0,8.0,9.0,6.17,1662.0,290.0,1372.0,5620.0,10.0,11.0,12.0,7.29,2946.0,715.0,2231.0,8566.0,12.0,12.0,12.0,5.38,588.0,435.0,153.0,9154.0,4.0,4.0,4.0,26.14,2185.0,1145.0,1040.0,11339.0,10.0,11.0,12.0,9.62,5512.0,2559.0,2953.0,16851.0,20.0,24.0,25.0,6.77,,,,,,,,,,,,,,,,,,,,,,,,,
d0715b3c-ea14-412f-8fb4-362c9c9c6535,2025-11-18 19:33:59 UTC,False,14317.0,CFOP,Gan 12 UI Maglev,RandomForest,8178.0,14317.0,,,gan12,custom_rules,,,,8.0,0.0,0.0,14317.0,68.0,70.0,75.0,4.75,6425.0,7892.0,2015.0,0.0,2015.0,2015.0,8.0,8.0,8.0,3.97,2708.0,1339.0,1369.0,4723.0,9.0,10.0,11.0,6.57,1979.0,1004.0,975.0,6702.0,7.0,7.0,8.0,7.18,2363.0,1689.0,674.0,9065.0,10.0,10.0,12.0,14.84,460.0,291.0,169.0,9525.0,4.0,4.0,4.0,23.67,2481.0,1184.0,1297.0,12006.0,14.0,15.0,15.0,10.79,2311.0,918.0,1393.0,14317.0,16.0,16.0,17.0,11.49,,,,,,,,,,,,,,,,,,,,,,,,,
d7be50d7-3400-4afe-ab59-4a7eab3d2b95,2025-11-18 19:34:39 UTC,False,16175.0,CFOP,Gan 12 UI Maglev,RandomForest,12779.0,16175.0,,,gan12,custom_rules,,,,8.0,0.0,0.0,16175.0,65.0,66.0,71.0,4.02,7781.0,8322.0,1669.0,0.0,1669.0,1741.0,7.0,7.0,8.0,4.19,1948.0,1658.0,290.0,3689.0,5.0,5.0,5.0,17.24,2183.0,653.0,1530.0,5872.0,7.0,7.0,8.0,4.58,2622.0,1639.0,983.0,8494.0,8.0,8.0,8.0,8.14,1684.0,1265.0,419.0,10178.0,8.0,8.0,8.0,19.09,2849.0,1239.0,1610.0,13027.0,10.0,11.0,12.0,6.21,3148.0,1327.0,1821.0,16175.0,20.0,20.0,22.0,10.98,,,,,,,,,,,,,,,,,,,,,,,,,
cefe4126-268a-49ea-a739-222fa3228212,2025-11-18 19:35:16 UTC,False,17573.0,CFOP,Gan 12 UI Maglev,RandomForest,7814.0,17573.0,,,gan12,custom_rules,,,,8.0,0.0,0.0,17573.0,67.0,67.0,71.0,3.81,9057.0,8516.0,2083.0,0.0,2083.0,2083.0,6.0,6.0,7.0,2.88,1889.0,1107.0,782.0,3972.0,7.0,7.0,7.0,8.95,2512.0,1054.0,1458.0,6484.0,10.0,10.0,10.0,6.86,3115.0,2366.0,749.0,9599.0,9.0,9.0,10.0,12.02,3193.0,1995.0,1198.0,12792.0,11.0,11.0,12.0,9.18,1620.0,951.0,669.0,14412.0,7.0,7.0,7.0,10.46,3161.0,1584.0,1577.0,17573.0,17.0,17.0,18.0,10.78,,,,,,,,,,,,,,,,,,,,,,,,,
375bdb2b-fde2-443b-8142-ae2d0199ce24,2025-11-18 19:36:00 UTC,False,14314.0,CFOP,Gan 12 UI Maglev,RandomForest,20901.0,14314.0,,,gan12,custom_rules,,,,8.0,0.0,0.0,14314.0,72.0,73.0,80.0,5.03,5047.0,9267.0,1524.0,0.0,1524.0,1524.0,5.0,5.0,5.0,3.28,2214.0,524.0,1690.0,3738.0,11.0,11.0,11.0,6.51,1710.0,653.0,1057.0,5448.0,8.0,8.0,9.0,7.57,2879.0,1729.0,1150.0,8327.0,8.0,8.0,9.0,6.96,1896.0,427.0,1469.0,10223.0,16.0,16.0,16.0,10.89,1861.0,725.0,1136.0,12084.0,10.0,10.0,13.0,8.8,2230.0,989.0,1241.0,14314.0,14.0,15.0,17.0,11.28,,,,,,,,,,,,,,,,,,,,,,,,,
768d553c-5d9c-4432-98bc-99741a149d5c,2025-11-18 19:36:39 UTC,False,22588.0,CFOP,Gan 12 UI Maglev,RandomForest,6079.0,22588.0,,,gan12,custom_rules,,,,8.0,0.0,0.0,22588.0,92.0,95.0,105.0,4.07,2924.0,19664.0,3966.0,0.0,3966.0,3966.0,19.0,19.0,20.0,4.79,0.0,0.0,0.0,3966.0,0.0,0.0,0.0,0.0,5857.0,379.0,5478.0,9823.0,19.0,20.0,24.0,3.47,6638.0,354.0,6284.0,16461.0,19.0,21.0,22.0,3.02,0.0,0.0,0.0,16461.0,0.0,0.0,0.0,0.0,3357.0,1345.0,2012.0,19818.0,18.0,18.0,19.0,8.95,2770.0,846.0,1924.0,22588.0,17.0,17.0,20.0,8.84,,,,,,,,,,,,,,,,,,,,,,,,,
9119a281-0f20-4962-a731-cc34c08c276e,2025-11-18 19:37:33 UTC,False,32214.0,CFOP,Gan 12 UI Maglev,RandomForest,9816.0,32214.0,,,gan12,custom_rules,,,,8.0,0.0,0.0,32214.0,102.0,123.0,156.0,3.17,5560.0,26654.0,3667.0,0.0,3667.0,3667.0,8.0,8.0,8.0,2.18,2695.0,1047.0,1648.0,6362.0,11.0,11.0,12.0,6.67,1635.0,684.0,951.0,7997.0,7.0,7.0,9.0,7.36,1876.0,643.0,1233.0,9873.0,7.0,7.0,8.0,5.68,1924.0,981.0,943.0,11797.0,8.0,8.0,9.0,8.48,1539.0,983.0,556.0,13336.0,9.0,9.0,9.0,16.19,18878.0,1222.0,17656.0,32214.0,52.0,73.0,101.0,2.95,,,,,,,,,,,,,,,,,,,,,,,,,
8e81e774-8d80-4f27-9adf-d19251199770,2025-11-18 19:39:26 UTC,False,19429.0,CFOP,Gan 12 UI Maglev,RandomForest,24515.0,19429.0,,,gan12,custom_rules,,,,8.0,0.0,0.0,19429.0,89.0,90.0,102.0,4.58,4795.0,14634.0,1581.0,0.0,1581.0,1581.0,5.0,5.0,7.0,3.16,5867.0,491.0,5376.0,7448.0,31.0,31.0,34.0,5.77,3132.0,268.0,2864.0,10580.0,15.0,15.0,18.0,5.24,1509.0,1275.0,234.0,12089.0,4.0,4.0,5.0,17.09,1972.0,1069.0,903.0,14061.0,8.0,8.0,9.0,8.86,2074.0,669.0,1405.0,16135.0,9.0,10.0,10.0,6.41,3294.0,1023.0,2271.0,19429.0,18.0,18.0,19.0,7.93,,,,,,,,,,,,,,,,,,,,,,,,,
04aa1f71-89b8-4f99-a7ad-1f735c871261,2025-11-18 19:39:58 UTC,False,16557.0,CFOP,Gan 12 UI Maglev,RandomForest,6781.0,16557.0,,,gan12,custom_rules,,,,8.0,0.0,0.0,16557.0,57.0,61.0,75.0,3.44,7487.0,9070.0,2555.0,0.0,2555.0,2555.0,7.0,7.0,9.0,2.74,2367.0,572.0,1795.0,4922.0,9.0,9.0,12.0,5.01,1457.0,1231.0,226.0,6379.0,4.0,4.0,4.0,17.7,1850.0,1072.0,778.0,8229.0,10.0,10.0,12.0,12.85,2767.0,1841.0,926.0,10996.0,5.0,5.0,5.0,5.4,2864.0,1467.0,1397.0,13860.0,13.0,13.0,14.0,9.31,2697.0,1304.0,1393.0,16557.0,9.0,13.0,19.0,6.46,,,,,,,,,,,,,,,,,,,,,,,,,
93833ed4-3cd8-48f3-8f40-2719065c2073,2025-11-18 19:40:39 UTC,False,16646.0,CFOP,Gan 12 UI Maglev,RandomForest,10881.0,16646.0,,,gan12,custom_rules,,,,8.0,0.0,0.0,16646.0,67.0,69.0,77.0,4.02,5555.0,11091.0,3855.0,0.0,3855.0,3855.0,8.0,8.0,9.0,2.08,1176.0,693.0,483.0,5031.0,3.0,3.0,3.0,6.21,1374.0,351.0,1023.0,6405.0,7.0,7.0,8.0,6.84,1961.0,785.0,1176.0,8366.0,12.0,12.0,13.0,10.2,2459.0,1653.0,806.0,10825.0,9.0,9.0,10.0,11.17,2258.0,799.0,1459.0,13083.0,14.0,14.0,15.0,9.6,3563.0,1274.0,2289.0,16646.0,15.0,17.0,19.0,6.55,,,,,,,,,,,,,,,,,,,,,,,,,
479360a5-33b2-4d11-b213-75c7c525452f,2025-11-18 19:41:29 UTC,False,19265.0,CFOP,Gan 12 UI Maglev,RandomForest,21133.0,19265.0,,,gan12,custom_rules,,,,8.0,0.0,0.0,19265.0,76.0,77.0,81.0,3.94,6095.0,12968.0,1465.0,0.0,1465.0,1667.0,5.0,6.0,6.0,3.41,2806.0,499.0,2307.0,4473.0,12.0,12.0,12.0,5.2,6568.0,1342.0,5226.0,11041.0,15.0,15.0,15.0,2.87,2357.0,1551.0,806.0,13398.0,8.0,8.0,9.0,9.93,2155.0,1179.0,976.0,15553.0,8.0,8.0,9.0,8.2,1258.0,734.0,524.0,16811.0,8.0,8.0,9.0,15.27,2454.0,790.0,1664.0,19265.0,20.0,20.0,21.0,12.02,,,,,,,,,,,,,,,,,,,,,,,,,
a0cc8776-8f3c-4682-a984-edf04f777c32,2025-11-18 19:42:39 UTC,False,31216.0,CFOP,Gan 12 UI Maglev,RandomForest,29030.0,31216.0,,,gan12,custom_rules,,,,8.0,0.0,0.0,31216.0,71.0,72.0,80.0,2.27,8581.0,22635.0,16708.0,0.0,16708.0,16708.0,20.0,20.0,24.0,1.2,0.0,0.0,0.0,16708.0,0.0,0.0,0.0,0.0,3140.0,1935.0,1205.0,19848.0,8.0,8.0,9.0,6.64,1817.0,1487.0,330.0,21665.0,5.0,5.0,5.0,15.15,2204.0,1503.0,701.0,23869.0,8.0,8.0,8.0,11.41,2569.0,867.0,1702.0,26438.0,13.0,13.0,13.0,7.64,4778.0,2789.0,1989.0,31216.0,17.0,18.0,21.0,8.55,,,,,,,,,,,,,,,,,,,,,,,,,
f508d558-8d75-4c54-89ad-3fda5317560a,2025-11-18 19:43:18 UTC,False,21290.0,CFOP,Gan 12 UI Maglev,RandomForest,8767.0,21290.0,,,gan12,custom_rules,,,,8.0,0.0,0.0,21290.0,84.0,88.0,105.0,3.95,8365.0,12925.0,1088.0,0.0,1088.0,1088.0,5.0,5.0,5.0,4.6,1616.0,971.0,645.0,2704.0,8.0,8.0,9.0,12.4,6894.0,225.0,6669.0,9598.0,31.0,31.0,36.0,4.65,3423.0,2287.0,1136.0,13021.0,13.0,13.0,13.0,11.44,3152.0,2592.0,560.0,16173.0,5.0,5.0,6.0,8.93,2541.0,927.0,1614.0,18714.0,14.0,14.0,17.0,8.67,2576.0,1363.0,1213.0,21290.0,9.0,13.0,19.0,7.42,,,,,,,,,,,,,,,,,,,,,,,,,
e6305823-079f-4d9b-9bee-752f3c97c5bb,2025-11-18 19:44:01 UTC,False,19119.0,CFOP,Gan 12 UI Maglev,RandomForest,12941.0,19119.0,,,gan12,custom_rules,,,,8.0,0.0,0.0,19119.0,67.0,69.0,84.0,3.5,7166.0,11953.0,4540.0,0.0,4540.0,4540.0,15.0,17.0,21.0,3.3,3344.0,2079.0,1265.0,7884.0,9.0,9.0,9.0,7.11,1486.0,520.0,966.0,9370.0,8.0,8.0,10.0,8.28,2238.0,1464.0,774.0,11608.0,7.0,7.0,8.0,9.04,2296.0,157.0,2139.0,13904.0,10.0,10.0,11.0,4.68,1309.0,749.0,560.0,15213.0,8.0,8.0,9.0,14.29,3906.0,2197.0,1709.0,19119.0,11.0,11.0,16.0,6.44,,,,,,,,,,,,,,,,,,,,,,,,,
bc6e93ac-eead-492c-af4a-a5845ebd9d81,2025-11-18 19:44:32 UTC,False,13896.0,CFOP,Gan 12 UI Maglev,RandomForest,8450.0,13896.0,,,gan12,custom_rules,,,,8.0,0.0,0.0,13896.0,64.0,65.0,73.0,4.61,5819.0,8077.0,1560.0,0.0,1560.0,1560.0,8.0,8.0,9.0,5.13,2262.0,621.0,1641.0,3822.0,8.0,8.0,9.0,4.88,1918.0,870.0,1048.0,5740.0,9.0,9.0,9.0,8.59,1164.0,387.0,777.0,6904.0,8.0,8.0,9.0,10.3,2274.0,1678.0,596.0,9178.0,8.0,8.0,8.0,13.42,1637.0,1008.0,629.0,10815.0,7.0,7.0,8.0,11.13,3081.0,1255.0,1826.0,13896.0,16.0,17.0,21.0,8.76,,,,,,,,,,,,,,,,,,,,,,,,,
fbbc8802-7181-44f8-98c3-ec2ea4b49637,2025-11-18 19:45:12 UTC,False,24100.0,CFOP,Gan 12 UI Maglev,RandomForest,5287.0,24100.0,,,gan12,custom_rules,,,,8.0,0.0,0.0,24100.0,72.0,76.0,84.0,2.99,7438.0,16662.0,2468.0,0.0,2468.0,2468.0,8.0,8.0,10.0,3.24,8041.0,1097.0,6944.0,10509.0,13.0,14.0,15.0,1.87,2269.0,1109.0,1160.0,12778.0,9.0,10.0,10.0,7.76,3776.0,1988.0,1788.0,16554.0,8.0,9.0,10.0,4.47,1566.0,822.0,744.0,18120.0,8.0,8.0,9.0,10.75,2589.0,910.0,1679.0,20709.0,10.0,10.0,10.0,5.96,3391.0,1512.0,1879.0,24100.0,16.0,17.0,20.0,8.52,,,,,,,,,,,,,,,,,,,,,,,,,
cd61bae6-480c-4d16-af8e-c6b60b823843,2025-11-18 20:26:17 UTC,False,14477.0,CFOP,Gan 12 UI Maglev,RandomForest,32275.0,14477.0,,,gan12,custom_rules,,,,8.0,0.0,0.0,14477.0,62.0,63.0,73.0,4.28,5237.0,9240.0,1248.0,0.0,1248.0,1248.0,6.0,6.0,7.0,4.81,1107.0,350.0,757.0,2355.0,7.0,7.0,7.0,9.25,4218.0,524.0,3694.0,6573.0,12.0,12.0,13.0,3.25,2493.0,1200.0,1293.0,9066.0,8.0,8.0,11.0,6.19,1593.0,1174.0,419.0,10659.0,8.0,8.0,8.0,19.09,1418.0,806.0,612.0,12077.0,9.0,9.0,10.0,14.71,2400.0,1183.0,1217.0,14477.0,13.0,14.0,17.0,10.68,,,,,,,,,,,,,,,,,,,,,,,,,
1e2a58f4-fad3-474f-8e4c-ea2191a598b8,2025-11-18 20:27:14 UTC,False,19671.0,CFOP,Gan 12 UI Maglev,RandomForest,25231.0,19671.0,,,gan12,custom_rules,,,,8.0,0.0,0.0,19671.0,79.0,84.0,89.0,4.02,5125.0,14546.0,3096.0,0.0,3096.0,3096.0,10.0,10.0,10.0,3.23,0.0,0.0,0.0,3096.0,0.0,0.0,0.0,0.0,2042.0,1119.0,923.0,5138.0,8.0,8.0,8.0,8.67,2457.0,588.0,1869.0,7595.0,8.0,8.0,8.0,4.28,2049.0,607.0,1442.0,9644.0,12.0,12.0,13.0,8.32,1717.0,685.0,1032.0,11361.0,9.0,10.0,10.0,8.72,8310.0,2126.0,6184.0,19671.0,32.0,36.0,40.0,5.17,,,,,,,,,,,,,,,,,,,,,,,,,
5906d564-9bbb-48fa-954c-503e8b42ee55,2025-11-18 20:28:26 UTC,False,25023.0,CFOP,Gan 12 UI Maglev,RandomForest,27140.0,25023.0,,,gan12,custom_rules,,,,8.0,0.0,0.0,25023.0,93.0,95.0,106.0,3.72,7580.0,17443.0,8120.0,0.0,8120.0,8120.0,25.0,25.0,26.0,3.08,0.0,0.0,0.0,8120.0,0.0,0.0,0.0,0.0,4087.0,2119.0,1968.0,12207.0,11.0,11.0,13.0,5.59,2577.0,1400.0,1177.0,14784.0,9.0,9.0,11.0,7.65,2753.0,1209.0,1544.0,17537.0,12.0,14.0,16.0,7.77,4562.0,988.0,3574.0,22099.0,26.0,26.0,27.0,7.27,2924.0,1864.0,1060.0,25023.0,10.0,10.0,13.0,9.43,,,,,,,,,,,,,,,,,,,,,,,,,
162b70d3-a3ff-44b2-b98a-2698b85a3630,2025-11-18 20:29:03 UTC,False,13634.0,CFOP,Gan 12 UI Maglev,RandomForest,13684.0,13634.0,,,gan12,custom_rules,,,,8.0,0.0,0.0,13634.0,61.0,64.0,70.0,4.47,6801.0,6833.0,1435.0,0.0,1435.0,1435.0,5.0,5.0,7.0,3.48,1302.0,383.0,919.0,2737.0,9.0,10.0,10.0,9.79,1799.0,1242.0,557.0,4536.0,8.0,8.0,9.0,14.36,3004.0,1529.0,1475.0,7540.0,11.0,11.0,12.0,7.46,2062.0,1474.0,588.0,9602.0,9.0,9.0,9.0,15.31,1502.0,913.0,589.0,11104.0,7.0,7.0,7.0,11.88,2530.0,1260.0,1270.0,13634.0,13.0,14.0,16.0,10.24,,,,,,,,,,,,,,,,,,,,,,,,,
30aaff1b-27e4-453c-8934-1263cfc051c6,2025-11-18 20:29:49 UTC,False,15471.0,CFOP,Gan 12 UI Maglev,RandomForest,19121.0,15471.0,,,gan12,custom_rules,,,,8.0,0.0,0.0,15471.0,72.0,72.0,86.0,4.65,4152.0,11239.0,1469.0,0.0,1469.0,1549.0,6.0,6.0,7.0,4.08,4198.0,862.0,3336.0,5747.0,15.0,15.0,16.0,4.5,1788.0,104.0,1684.0,7535.0,11.0,11.0,11.0,6.53,1197.0,130.0,1067.0,8732.0,7.0,7.0,7.0,6.56,2313.0,1326.0,987.0,11045.0,9.0,9.0,11.0,9.12,1993.0,861.0,1132.0,13038.0,10.0,10.0,16.0,8.83,2433.0,869.0,1564.0,15471.0,16.0,16.0,18.0,10.23,,,,,,,,,,,,,,,,,,,,,,,,,
e88aad03-fd49-490a-bb28-1ef2543b19ed,2025-11-18 20:30:36 UTC,False,18783.0,CFOP,Gan 12 UI Maglev,RandomForest,17488.0,18783.0,,,gan12,custom_rules,,,,8.0,0.0,0.0,18783.0,79.0,79.0,89.0,4.21,6280.0,12503.0,3017.0,0.0,3017.0,3017.0,12.0,12.0,12.0,3.98,1172.0,536.0,636.0,4189.0,6.0,6.0,8.0,9.43,4484.0,724.0,3760.0,8673.0,22.0,22.0,23.0,5.85,3860.0,1560.0,2300.0,12533.0,13.0,13.0,15.0,5.65,2162.0,1687.0,475.0,14695.0,8.0,8.0,10.0,16.84,1683.0,507.0,1176.0,16378.0,8.0,8.0,8.0,6.8,2405.0,1266.0,1139.0,18783.0,10.0,10.0,13.0,8.78,,,,,,,,,,,,,,,,,,,,,,,,,
03e58b5c-089b-4dbb-8f68-bdb7116efff5,2025-11-18 20:31:11 UTC,False,16128.0,CFOP,Gan 12 UI Maglev,RandomForest,8570.0,16128.0,,,gan12,custom_rules,,,,8.0,0.0,0.0,16128.0,53.0,58.0,70.0,3.29,9761.0,6367.0,2430.0,0.0,2430.0,2430.0,11.0,11.0,13.0,4.53,1620.0,1354.0,266.0,4050.0,4.0,4.0,5.0,15.04,2518.0,2236.0,282.0,6568.0,5.0,5.0,6.0,17.73,2261.0,1448.0,813.0,8829.0,8.0,8.0,10.0,9.84,2983.0,2189.0,794.0,11812.0,8.0,8.0,9.0,10.08,1565.0,781.0,784.0,13377.0,10.0,11.0,11.0,12.76,2751.0,1753.0,998.0,16128.0,7.0,11.0,16.0,7.01,,,,,,,,,,,,,,,,,,,,,,,,,
48caa6a1-4014-4226-9a69-33b9830874ab,2025-11-18 20:32:04 UTC,False,14077.0,CFOP,Gan 12 UI Maglev,RandomForest,29781.0,14077.0,,,gan12,custom_rules,,,,8.0,0.0,0.0,14077.0,53.0,58.0,70.0,3.77,6413.0,7664.0,394.0,0.0,394.0,394.0,4.0,4.0,4.0,10.15,1805.0,475.0,1330.0,2199.0,7.0,7.0,8.0,5.26,3502.0,1537.0,1965.0,5701.0,9.0,9.0,11.0,4.58,1876.0,605.0,1271.0,7577.0,7.0,7.0,9.0,5.51,2233.0,1669.0,564.0,9810.0,8.0,8.0,8.0,14.18,2035.0,846.0,1189.0,11845.0,10.0,11.0,11.0,8.41,2232.0,1281.0,951.0,14077.0,9.0,13.0,19.0,9.46,,,,,,,,,,,,,,,,,,,,,,,,,
530791fd-145e-415c-be9d-679206f01269,2025-11-18 20:32:42 UTC,False,18225.0,CFOP,Gan 12 UI Maglev,RandomForest,10270.0,18225.0,,,gan12,custom_rules,,,,8.0,0.0,0.0,18225.0,72.0,74.0,82.0,3.95,6173.0,11867.0,3388.0,0.0,3388.0,3573.0,9.0,10.0,11.0,2.66,2268.0,1107.0,1161.0,5841.0,8.0,8.0,9.0,6.89,1595.0,951.0,644.0,7436.0,8.0,8.0,9.0,12.42,1552.0,1024.0,528.0,8988.0,8.0,8.0,9.0,15.15,2250.0,1015.0,1235.0,11238.0,8.0,8.0,8.0,6.48,2542.0,757.0,1785.0,13780.0,13.0,13.0,13.0,7.28,4445.0,1319.0,3126.0,18225.0,18.0,19.0,23.0,5.76,,,,,,,,,,,,,,,,,,,,,,,,,
06f3636c-b263-4ab7-baee-fd4ce4e2857e,2025-11-18 20:33:11 UTC,False,13461.0,CFOP,Gan 12 UI Maglev,RandomForest,7243.0,13461.0,,,gan12,custom_rules,,,,8.0,0.0,0.0,13461.0,55.0,59.0,65.0,4.09,5987.0,7474.0,2550.0,0.0,2550.0,2550.0,8.0,8.0,9.0,3.14,3047.0,2016.0,1031.0,5597.0,7.0,7.0,9.0,6.79,1513.0,459.0,1054.0,7110.0,9.0,10.0,10.0,8.54,1625.0,1021.0,604.0,8735.0,6.0,7.0,7.0,9.93,843.0,705.0,138.0,9578.0,3.0,3.0,3.0,21.74,2049.0,982.0,1067.0,11627.0,10.0,11.0,12.0,9.37,1834.0,804.0,1030.0,13461.0,12.0,13.0,15.0,11.65,,,,,,,,,,,,,,,,,,,,,,,,,
13ee4d2d-d3f6-47cc-97eb-83170561aec4,2025-11-18 20:33:44 UTC,False,13594.0,CFOP,Gan 12 UI Maglev,RandomForest,5217.0,13594.0,,,gan12,custom_rules,,,,8.0,0.0,0.0,13594.0,68.0,69.0,76.0,5.0,4958.0,8636.0,2567.0,0.0,2567.0,2567.0,8.0,8.0,9.0,3.12,1567.0,552.0,1015.0,4134.0,7.0,7.0,7.0,6.9,1696.0,1181.0,515.0,5830.0,4.0,4.0,6.0,7.77,1423.0,427.0,996.0,7253.0,9.0,10.0,10.0,9.04,1812.0,1127.0,685.0,9065.0,9.0,9.0,11.0,13.14,2011.0,949.0,1062.0,11076.0,12.0,12.0,14.0,11.3,2518.0,722.0,1796.0,13594.0,19.0,19.0,19.0,10.58,,,,,,,,,,,,,,,,,,,,,,,,,
dd3146d8-6c7f-49f7-8700-8b1bb5592f9e,2025-11-18 20:34:24 UTC,False,16041.0,CFOP,Gan 12 UI Maglev,RandomForest,11641.0,16041.0,,,gan12,custom_rules,,,,8.0,0.0,0.0,16041.0,75.0,75.0,84.0,4.68,5271.0,10681.0,2102.0,0.0,2102.0,2191.0,7.0,7.0,9.0,3.33,2455.0,695.0,1760.0,4646.0,12.0,12.0,13.0,6.82,3008.0,1064.0,1944.0,7654.0,11.0,11.0,14.0,5.66,1327.0,798.0,529.0,8981.0,6.0,6.0,7.0,11.34,1784.0,960.0,824.0,10765.0,6.0,6.0,6.0,7.28,2160.0,1008.0,1152.0,12925.0,14.0,14.0,16.0,12.15,3116.0,746.0,2370.0,16041.0,19.0,19.0,19.0,8.02,,,,,,,,,,,,,,,,,,,,,,,,,
6dcdefd4-e69c-4914-857d-25b2ef0504bc,2025-11-18 20:35:03 UTC,False,17166.0,CFOP,Gan 12 UI Maglev,RandomForest,8405.0,17166.0,,,gan12,custom_rules,,,,8.0,0.0,0.0,17166.0,74.0,76.0,87.0,4.31,7116.0,10050.0,1660.0,0.0,1660.0,1660.0,7.0,8.0,9.0,4.22,3743.0,1370.0,2373.0,5403.0,12.0,12.0,16.0,5.06,2658.0,1902.0,756.0,8061.0,7.0,7.0,7.0,9.26,1789.0,522.0,1267.0,9850.0,9.0,9.0,10.0,7.1,2258.0,1180.0,1078.0,12108.0,12.0,12.0,13.0,11.13,1194.0,655.0,539.0,13302.0,8.0,8.0,9.0,14.84,3864.0,1487.0,2377.0,17166.0,19.0,20.0,23.0,7.99,,,,,,,,,,,,,,,,,,,,,,,,,
b7012225-f183-4097-b227-a591d0ad8aa1,2025-11-18 20:36:15 UTC,False,17800.0,CFOP,Gan 12 UI Maglev,RandomForest,41797.0,17800.0,,,gan12,custom_rules,,,,8.0,0.0,0.0,17800.0,70.0,71.0,79.0,3.93,7496.0,10304.0,4181.0,0.0,4181.0,4181.0,12.0,12.0,14.0,2.87,2774.0,1711.0,1063.0,6955.0,8.0,8.0,9.0,7.53,1393.0,459.0,934.0,8348.0,8.0,8.0,9.0,8.57,3194.0,1961.0,1233.0,11542.0,8.0,8.0,9.0,6.49,1001.0,340.0,661.0,12543.0,7.0,7.0,8.0,10.59,2502.0,1583.0,919.0,15045.0,11.0,12.0,12.0,11.97,2755.0,1442.0,1313.0,17800.0,16.0,16.0,18.0,12.19,,,,,,,,,,,,,,,,,,,,,,,,,
28bd10f9-5651-4a48-bce6-161eff57fc55,2025-11-18 20:37:05 UTC,False,15410.0,CFOP,Gan 12 UI Maglev,RandomForest,5994.0,15410.0,,,gan12,custom_rules,,,,8.0,0.0,0.0,15410.0,67.0,68.0,77.0,4.35,4487.0,10923.0,1298.0,0.0,1298.0,1298.0,6.0,6.0,6.0,4.62,1686.0,690.0,996.0,2984.0,9.0,10.0,11.0,9.04,1544.0,649.0,895.0,4528.0,8.0,8.0,11.0,8.94,3150.0,503.0,2647.0,7678.0,13.0,13.0,16.0,4.91,4315.0,1101.0,3214.0,11993.0,15.0,15.0,15.0,4.67,0.0,0.0,0.0,11993.0,0.0,0.0,0.0,0.0,3417.0,1544.0,1873.0,15410.0,16.0,16.0,18.0,8.54,,,,,,,,,,,,,,,,,,,,,,,,,
6ffe7de0-6935-4690-8179-ee6eef968923,2025-11-18 20:37:44 UTC,False,19890.0,CFOP,Gan 12 UI Maglev,RandomForest,8386.0,19890.0,,,gan12,custom_rules,,,,8.0,0.0,0.0,19890.0,77.0,82.0,96.0,3.87,7391.0,12402.0,2696.0,0.0,2696.0,2793.0,9.0,9.0,10.0,3.34,2189.0,973.0,1216.0,4982.0,9.0,9.0,9.0,7.4,1994.0,1688.0,306.0,6976.0,5.0,5.0,6.0,16.34,2719.0,1824.0,895.0,9695.0,9.0,9.0,9.0,10.06,1966.0,1144.0,822.0,11661.0,9.0,9.0,10.0,10.95,1912.0,868.0,1044.0,13573.0,10.0,11.0,12.0,9.58,6317.0,894.0,5423.0,19890.0,26.0,30.0,40.0,4.79,,,,,,,,,,,,,,,,,,,,,,,,,
2c329b61-dec5-447c-8870-8a3617126234,2025-11-18 20:38:31 UTC,False,17566.0,CFOP,Gan 12 UI Maglev,RandomForest,20267.0,17566.0,,,gan12,custom_rules,,,,8.0,0.0,0.0,17566.0,71.0,71.0,84.0,4.04,6760.0,10724.0,4747.0,0.0,4747.0,4829.0,15.0,15.0,18.0,3.16,1495.0,1140.0,355.0,6324.0,4.0,4.0,5.0,11.27,1856.0,1373.0,483.0,8180.0,4.0,4.0,6.0,8.28,1549.0,419.0,1130.0,9729.0,8.0,8.0,9.0,7.08,2461.0,1704.0,757.0,12190.0,8.0,8.0,10.0,10.57,2040.0,1105.0,935.0,14230.0,10.0,10.0,13.0,10.7,3336.0,1019.0,2317.0,17566.0,22.0,22.0,23.0,9.5,,,,,,,,,,,,,,,,,,,,,,,,,
0c816ce8-92be-4129-810c-6b57aa824b34,2025-11-18 20:39:16 UTC,False,12761.0,CFOP,Gan 12 UI Maglev,RandomForest,19899.0,12761.0,,,gan12,custom_rules,,,,8.0,0.0,0.0,12761.0,61.0,65.0,77.0,4.78,4895.0,7866.0,1071.0,0.0,1071.0,1071.0,4.0,4.0,6.0,3.73,2060.0,1085.0,975.0,3131.0,7.0,7.0,8.0,7.18,2089.0,508.0,1581.0,5220.0,9.0,9.0,10.0,5.69,2843.0,903.0,1940.0,8063.0,13.0,13.0,15.0,6.7,1329.0,709.0,620.0,9392.0,8.0,8.0,9.0,12.9,1791.0,921.0,870.0,11183.0,12.0,12.0,12.0,13.79,1578.0,769.0,809.0,12761.0,8.0,12.0,17.0,9.89,,,,,,,,,,,,,,,,,,,,,,,,,
ab415a93-c4eb-4073-9bea-30c66af00c30,2025-11-18 22:43:43 UTC,False,32908.0,CFOP,Gan 12 UI Maglev,RandomForest,140089.0,32908.0,,,gan12,custom_rules,,,,8.0,0.0,0.0,32908.0,80.0,80.0,87.0,2.43,5610.0,27298.0,910.0,0.0,910.0,910.0,4.0,4.0,5.0,4.4,16823.0,1815.0,15008.0,17733.0,14.0,14.0,16.0,0.93,6168.0,690.0,5478.0,23901.0,19.0,19.0,20.0,3.47,1907.0,355.0,1552.0,25808.0,8.0,8.0,9.0,5.15,2328.0,878.0,1450.0,28136.0,8.0,8.0,9.0,5.52,1462.0,769.0,693.0,29598.0,8.0,8.0,8.0,11.54,3310.0,1103.0,2207.0,32908.0,19.0,19.0,20.0,8.61,,,,,,,,,,,,,,,,,,,,,,,,,
3eeb4f4e-37b4-44fd-8084-4c9a4685c7c5,2025-11-18 22:44:42 UTC,False,15836.0,CFOP,Gan 12 UI Maglev,RandomForest,16351.0,15836.0,,,Playground,custom_rules,,,,8.0,0.0,0.0,15836.0,58.0,59.0,69.0,3.66,6137.0,9699.0,973.0,0.0,973.0,973.0,4.0,4.0,5.0,4.11,1937.0,1212.0,725.0,2910.0,6.0,6.0,8.0,8.28,4625.0,939.0,3686.0,7535.0,11.0,11.0,13.0,2.98,2499.0,1015.0,1484.0,10034.0,7.0,7.0,8.0,4.72,1376.0,643.0,733.0,11410.0,7.0,7.0,9.0,9.55,1173.0,596.0,577.0,12583.0,8.0,8.0,8.0,13.86,3253.0,1732.0,1521.0,15836.0,15.0,16.0,18.0,9.86,,,,,,,,,,,,,,,,,,,,,,,,,
f9153236-4ca0-44ec-a49d-98b2b41421f1,2025-11-18 22:45:01 UTC,True,,CFOP,Gan 12 UI Maglev,RandomForest,,,,,Playground,custom_rules,,,,,,,,,,,,,,,,,,,,,,,,,,,,,,,,,,,,,,,,,,,,,,,,,,,,,,,,,,,,,,,,,,,,,,,,,,,,,,,,,,,,,,,,,,,,,,
84dfec24-263f-4a3e-a43c-6821bb2d0f47,2025-11-18 22:46:27 UTC,False,18919.0,CFOP,Gan 12 UI Maglev,RandomForest,34662.0,18919.0,,,gan12,custom_rules,,,,8.0,0.0,0.0,18919.0,69.0,71.0,87.0,3.65,7816.0,11038.0,1409.0,0.0,1409.0,1474.0,5.0,5.0,8.0,3.55,3047.0,1634.0,1413.0,4521.0,8.0,8.0,11.0,5.66,2659.0,588.0,2071.0,7180.0,9.0,10.0,10.0,4.35,4035.0,1451.0,2584.0,11215.0,12.0,12.0,17.0,4.64,1537.0,1311.0,226.0,12752.0,6.0,6.0,6.0,26.55,2174.0,941.0,1233.0,14926.0,13.0,13.0,14.0,10.54,3993.0,1891.0,2102.0,18919.0,16.0,17.0,21.0,7.61,,,,,,,,,,,,,,,,,,,,,,,,,
b50684e0-ec94-43e0-a488-f6158bfc9f78,2025-11-18 22:47:06 UTC,False,18788.0,CFOP,Gan 12 UI Maglev,RandomForest,10616.0,18788.0,,,gan12,custom_rules,,,,8.0,0.0,0.0,18788.0,75.0,77.0,89.0,3.99,6768.0,12020.0,1377.0,0.0,1377.0,1377.0,7.0,7.0,7.0,5.08,1720.0,858.0,862.0,3097.0,7.0,7.0,8.0,8.12,2198.0,1269.0,929.0,5295.0,8.0,8.0,9.0,8.61,1511.0,338.0,1173.0,6806.0,7.0,7.0,8.0,5.97,1579.0,1425.0,154.0,8385.0,4.0,4.0,6.0,25.97,7271.0,1269.0,6002.0,15656.0,27.0,28.0,33.0,4.5,3132.0,1609.0,1523.0,18788.0,15.0,16.0,18.0,9.85,,,,,,,,,,,,,,,,,,,,,,,,,
962f3e35-aa9b-49fa-95aa-3460ac213182,2025-11-18 22:47:47 UTC,False,19915.0,CFOP,Gan 12 UI Maglev,RandomForest,11126.0,19915.0,,,gan12,custom_rules,,,,8.0,0.0,0.0,19915.0,70.0,71.0,79.0,3.51,8220.0,11695.0,1691.0,0.0,1691.0,1691.0,6.0,6.0,6.0,3.55,2222.0,1250.0,972.0,3913.0,8.0,8.0,10.0,8.23,1698.0,516.0,1182.0,5611.0,6.0,6.0,7.0,5.08,3562.0,2060.0,1502.0,9173.0,8.0,8.0,9.0,5.33,2148.0,1615.0,533.0,11321.0,8.0,8.0,9.0,15.01,4494.0,1868.0,2626.0,15815.0,14.0,14.0,14.0,5.33,4100.0,911.0,3189.0,19915.0,20.0,21.0,24.0,6.27,,,,,,,,,,,,,,,,,,,,,,,,,
8453637e-4bd4-44f9-96b2-8a2196c38e19,2025-11-18 22:48:18 UTC,False,14676.0,CFOP,Gan 12 UI Maglev,RandomForest,7095.0,14676.0,,,gan12,custom_rules,,,,8.0,0.0,0.0,14676.0,65.0,65.0,71.0,4.43,6968.0,7708.0,1355.0,0.0,1355.0,1355.0,7.0,7.0,8.0,5.17,3187.0,2033.0,1154.0,4542.0,8.0,8.0,10.0,6.93,2070.0,911.0,1159.0,6612.0,8.0,8.0,9.0,6.9,1763.0,758.0,1005.0,8375.0,8.0,8.0,8.0,7.96,1959.0,1444.0,515.0,10334.0,8.0,8.0,8.0,15.53,1798.0,943.0,855.0,12132.0,7.0,7.0,8.0,8.19,2544.0,879.0,1665.0,14676.0,19.0,19.0,20.0,11.41,,,,,,,,,,,,,,,,,,,,,,,,,
744b722a-bb95-4604-a8ca-8342a5850a4c,2025-11-18 22:49:15 UTC,False,22678.0,CFOP,Gan 12 UI Maglev,RandomForest,22805.0,22678.0,,,gan12,custom_rules,,,,8.0,0.0,0.0,22678.0,69.0,78.0,92.0,3.04,7066.0,15612.0,5360.0,0.0,5360.0,5360.0,11.0,11.0,15.0,2.05,2483.0,1234.0,1249.0,7843.0,6.0,7.0,7.0,4.8,1330.0,437.0,893.0,9173.0,7.0,7.0,8.0,7.84,3257.0,926.0,2331.0,12430.0,10.0,10.0,11.0,4.29,1984.0,1469.0,515.0,14414.0,8.0,8.0,8.0,15.53,2904.0,1372.0,1532.0,17318.0,12.0,12.0,14.0,7.83,5360.0,1628.0,3732.0,22678.0,15.0,23.0,29.0,4.02,,,,,,,,,,,,,,,,,,,,,,,,,
637fd667-5662-4c3f-be87-84b65b8db01c,2025-11-18 22:49:52 UTC,False,18909.0,CFOP,Gan 12 UI Maglev,RandomForest,7516.0,18909.0,,,gan12,custom_rules,,,,8.0,0.0,0.0,18909.0,66.0,67.0,72.0,3.49,8198.0,10711.0,3387.0,0.0,3387.0,3387.0,9.0,9.0,10.0,2.66,3326.0,2045.0,1281.0,6713.0,7.0,7.0,8.0,5.46,2116.0,1633.0,483.0,8829.0,4.0,4.0,5.0,8.28,2295.0,1344.0,951.0,11124.0,8.0,8.0,8.0,8.41,2725.0,938.0,1787.0,13849.0,10.0,10.0,11.0,5.6,1599.0,660.0,939.0,15448.0,9.0,10.0,10.0,9.58,3461.0,1578.0,1883.0,18909.0,19.0,19.0,20.0,10.09,,,,,,,,,,,,,,,,,,,,,,,,,
a55f3c9a-a1f3-4439-b4c9-5c1580bc1976,2025-11-18 22:50:27 UTC,False,20009.0,CFOP,Gan 12 UI Maglev,RandomForest,5792.0,20009.0,,,gan12,custom_rules,,,,8.0,0.0,0.0,20009.0,76.0,81.0,88.0,3.8,7085.0,12924.0,1559.0,0.0,1559.0,1559.0,6.0,6.0,7.0,3.85,6285.0,1160.0,5125.0,7844.0,23.0,23.0,25.0,4.49,1652.0,282.0,1370.0,9496.0,7.0,7.0,7.0,5.11,1111.0,337.0,774.0,10607.0,6.0,7.0,7.0,7.75,2690.0,1376.0,1314.0,13297.0,8.0,8.0,8.0,6.09,2690.0,1794.0,896.0,15987.0,11.0,12.0,13.0,12.28,4022.0,2136.0,1886.0,20009.0,16.0,18.0,21.0,8.48,,,,,,,,,,,,,,,,,,,,,,,,,
d516ce91-8711-4800-9968-15a29b4ed78f,2025-11-18 22:52:02 UTC,False,18916.0,CFOP,Gan 12 UI Maglev,RandomForest,65256.0,18916.0,,,gan12,custom_rules,,,,8.0,0.0,0.0,18916.0,67.0,69.0,82.0,3.54,7840.0,11076.0,2649.0,0.0,2649.0,2649.0,11.0,11.0,13.0,4.15,0.0,0.0,0.0,2649.0,0.0,0.0,0.0,0.0,4235.0,4002.0,233.0,6884.0,3.0,3.0,3.0,12.88,1882.0,750.0,1132.0,8766.0,7.0,7.0,7.0,6.18,1856.0,1010.0,846.0,10622.0,9.0,9.0,10.0,10.64,1836.0,861.0,975.0,12458.0,8.0,8.0,10.0,8.21,6458.0,1217.0,5241.0,18916.0,29.0,31.0,39.0,5.53,,,,,,,,,,,,,,,,,,,,,,,,,
714682e6-ed36-4385-82a7-d84fb7e964c4,2025-11-18 22:53:00 UTC,False,14945.0,CFOP,Gan 12 UI Maglev,RandomForest,33538.0,14945.0,,,gan12,custom_rules,,,,8.0,0.0,0.0,14945.0,55.0,55.0,61.0,3.68,5841.0,9104.0,4392.0,0.0,4392.0,4392.0,9.0,9.0,9.0,2.05,0.0,0.0,0.0,4392.0,0.0,0.0,0.0,0.0,3615.0,2874.0,741.0,8007.0,6.0,6.0,7.0,8.1,1719.0,575.0,1144.0,9726.0,8.0,8.0,10.0,6.99,830.0,676.0,154.0,10556.0,4.0,4.0,4.0,25.97,2494.0,1014.0,1480.0,13050.0,13.0,13.0,15.0,8.78,1895.0,702.0,1193.0,14945.0,15.0,15.0,16.0,12.57,,,,,,,,,,,,,,,,,,,,,,,,,
ba27f746-e666-40a4-82cf-63c670e11fd2,2025-11-18 22:54:12 UTC,False,19524.0,CFOP,Gan 12 UI Maglev,RandomForest,43450.0,19524.0,,,gan12,custom_rules,,,,8.0,0.0,0.0,19524.0,68.0,71.0,84.0,3.48,9816.0,9708.0,5018.0,0.0,5018.0,5018.0,19.0,21.0,28.0,3.79,0.0,0.0,0.0,5018.0,0.0,0.0,0.0,0.0,2698.0,1885.0,813.0,7716.0,7.0,7.0,8.0,8.61,3970.0,3374.0,596.0,11686.0,8.0,8.0,8.0,13.42,2274.0,1573.0,701.0,13960.0,9.0,9.0,9.0,12.84,2308.0,1479.0,829.0,16268.0,9.0,9.0,11.0,10.86,3256.0,1505.0,1751.0,19524.0,16.0,17.0,20.0,9.14,,,,,,,,,,,,,,,,,,,,,,,,,
d2434ccf-be27-467f-8fa2-9645489a2fd5,2025-11-18 22:55:17 UTC,False,30539.0,CFOP,Gan 12 UI Maglev,RandomForest,26529.0,30539.0,,,gan12,custom_rules,,,,8.0,0.0,0.0,30539.0,104.0,107.0,119.0,3.41,9036.0,21503.0,5314.0,0.0,5314.0,5314.0,12.0,12.0,13.0,2.26,0.0,0.0,0.0,5314.0,0.0,0.0,0.0,0.0,5066.0,3938.0,1128.0,10380.0,10.0,10.0,12.0,8.87,1875.0,531.0,1344.0,12255.0,6.0,6.0,7.0,4.46,1925.0,1296.0,629.0,14180.0,7.0,7.0,7.0,11.13,2036.0,1255.0,781.0,16216.0,9.0,9.0,10.0,11.52,14323.0,2016.0,12307.0,30539.0,60.0,63.0,70.0,4.88,,,,,,,,,,,,,,,,,,,,,,,,,
51349f9c-f435-4b1d-83ac-fc127f924eb9,2025-11-18 22:56:22 UTC,False,31314.0,CFOP,Gan 12 UI Maglev,RandomForest,25060.0,31314.0,,,gan12,custom_rules,,,,8.0,0.0,0.0,31314.0,72.0,72.0,81.0,2.3,8522.0,22792.0,17245.0,0.0,17245.0,17245.0,29.0,29.0,35.0,1.68,0.0,0.0,0.0,17245.0,0.0,0.0,0.0,0.0,0.0,0.0,0.0,17245.0,0.0,0.0,0.0,0.0,2529.0,2287.0,242.0,19774.0,5.0,5.0,5.0,20.66,3032.0,2057.0,975.0,22806.0,8.0,8.0,8.0,8.21,3332.0,1710.0,1622.0,26138.0,13.0,13.0,13.0,8.01,5176.0,2468.0,2708.0,31314.0,17.0,17.0,20.0,6.28,,,,,,,,,,,,,,,,,,,,,,,,,
5c74115d-d14d-497f-9dc8-1073abfd9c14,2025-11-18 22:57:01 UTC,False,19745.0,CFOP,Gan 12 UI Maglev,RandomForest,8236.0,19745.0,,,gan12,custom_rules,,,,8.0,0.0,0.0,19745.0,67.0,68.0,78.0,3.39,6146.0,13599.0,2473.0,0.0,2473.0,2473.0,9.0,9.0,9.0,3.64,3099.0,411.0,2688.0,5572.0,8.0,8.0,8.0,2.98,3014.0,435.0,2579.0,8586.0,11.0,11.0,14.0,4.27,3399.0,1706.0,1693.0,11985.0,7.0,7.0,8.0,4.13,2286.0,1289.0,997.0,14271.0,8.0,8.0,9.0,8.02,2150.0,1344.0,806.0,16421.0,9.0,9.0,11.0,11.17,3324.0,961.0,2363.0,19745.0,16.0,17.0,19.0,6.77,,,,,,,,,,,,,,,,,,,,,,,,,
e54b3be9-d435-4a5e-aa09-ac145a3fed30,2025-11-19 19:34:10 UTC,False,17578.0,CFOP,Gan 12 UI Maglev,RandomForest,74893.0,17578.0,,,gan12,custom_rules,,,,8.0,0.0,0.0,17578.0,63.0,67.0,85.0,3.58,6250.0,11328.0,725.0,0.0,725.0,725.0,3.0,3.0,3.0,4.14,2124.0,444.0,1680.0,2849.0,9.0,9.0,10.0,5.36,5924.0,920.0,5004.0,8773.0,21.0,21.0,24.0,4.2,1049.0,623.0,426.0,9822.0,4.0,4.0,4.0,9.39,1693.0,984.0,709.0,11515.0,8.0,8.0,10.0,11.28,2019.0,1084.0,935.0,13534.0,10.0,10.0,13.0,10.7,4044.0,2195.0,1849.0,17578.0,8.0,12.0,21.0,4.33,,,,,,,,,,,,,,,,,,,,,,,,,
c37b0de3-a7dc-4b25-9d57-d27442442f81,2025-11-19 19:34:47 UTC,False,15913.0,CFOP,Gan 12 UI Maglev,RandomForest,9270.0,15913.0,,,gan12,custom_rules,,,,8.0,0.0,0.0,15913.0,64.0,65.0,72.0,4.02,6966.0,8947.0,1515.0,0.0,1515.0,1515.0,6.0,6.0,8.0,3.96,3240.0,1622.0,1618.0,4755.0,9.0,9.0,10.0,5.56,1347.0,621.0,726.0,6102.0,6.0,6.0,8.0,8.26,2139.0,1350.0,789.0,8241.0,6.0,7.0,7.0,7.6,1640.0,827.0,813.0,9881.0,7.0,7.0,8.0,8.61,2034.0,1051.0,983.0,11915.0,11.0,11.0,11.0,11.19,3998.0,1495.0,2503.0,15913.0,19.0,19.0,20.0,7.59,,,,,,,,,,,,,,,,,,,,,,,,,
cc21c973-b508-45c2-9000-bba38a934e7d,2025-11-19 19:35:48 UTC,False,15647.0,CFOP,Gan 12 UI Maglev,RandomForest,35830.0,15647.0,,,gan12,custom_rules,,,,8.0,0.0,0.0,15647.0,68.0,72.0,82.0,4.35,3996.0,11651.0,4598.0,0.0,4598.0,4598.0,15.0,18.0,22.0,3.26,0.0,0.0,0.0,4598.0,0.0,0.0,0.0,0.0,2263.0,1187.0,1076.0,6861.0,8.0,8.0,8.0,7.43,2153.0,724.0,1429.0,9014.0,8.0,8.0,10.0,5.6,2625.0,372.0,2253.0,11639.0,12.0,12.0,14.0,5.33,1201.0,653.0,548.0,12840.0,9.0,9.0,9.0,16.42,2807.0,1060.0,1747.0,15647.0,16.0,17.0,19.0,9.16,,,,,,,,,,,,,,,,,,,,,,,,,
ce0d5d86-0e27-431a-9d30-c6f9e899050a,2025-11-19 19:36:50 UTC,False,17472.0,CFOP,Gan 12 UI Maglev,RandomForest,34023.0,17472.0,,,gan12,custom_rules,,,,8.0,0.0,0.0,17472.0,81.0,83.0,93.0,4.64,6362.0,11110.0,1941.0,0.0,1941.0,1941.0,6.0,6.0,6.0,3.09,2818.0,731.0,2087.0,4759.0,14.0,15.0,15.0,6.71,2837.0,1030.0,1807.0,7596.0,12.0,13.0,13.0,6.64,2207.0,1353.0,854.0,9803.0,9.0,9.0,10.0,10.54,2625.0,1021.0,1604.0,12428.0,11.0,11.0,13.0,6.86,2324.0,1224.0,1100.0,14752.0,12.0,12.0,15.0,10.91,2720.0,1003.0,1717.0,17472.0,17.0,17.0,21.0,9.9,,,,,,,,,,,,,,,,,,,,,,,,,
2ad87789-7758-40c2-a7a5-ae779b929c56,2025-11-19 19:38:37 UTC,False,17800.0,CFOP,Gan 12 UI Maglev,RandomForest,30808.0,17800.0,,,gan12,custom_rules,,,,8.0,0.0,0.0,17800.0,51.0,51.0,58.0,2.87,5872.0,11928.0,7117.0,0.0,7117.0,7117.0,8.0,8.0,10.0,1.12,0.0,0.0,0.0,7117.0,0.0,0.0,0.0,0.0,2733.0,1225.0,1508.0,9850.0,8.0,8.0,9.0,5.31,1320.0,1071.0,249.0,11170.0,4.0,4.0,5.0,16.06,2674.0,1852.0,822.0,13844.0,9.0,9.0,9.0,10.95,1564.0,895.0,669.0,15408.0,7.0,7.0,7.0,10.46,2392.0,829.0,1563.0,17800.0,15.0,15.0,18.0,9.6,,,,,,,,,,,,,,,,,,,,,,,,,
c7bc4ab3-7c71-49e4-ab8c-00aa4d9b6966,2025-11-19 19:39:43 UTC,False,16160.0,CFOP,Gan 12 UI Maglev,RandomForest,27214.0,16160.0,,,gan12,custom_rules,,,,8.0,0.0,0.0,16160.0,71.0,73.0,86.0,4.39,5510.0,10650.0,2694.0,0.0,2694.0,2694.0,7.0,8.0,9.0,2.6,2116.0,908.0,1208.0,4810.0,8.0,8.0,9.0,6.62,1558.0,503.0,1055.0,6368.0,9.0,9.0,11.0,8.53,2561.0,193.0,2368.0,8929.0,11.0,11.0,12.0,4.65,2366.0,1858.0,508.0,11295.0,9.0,9.0,10.0,17.72,1923.0,916.0,1007.0,13218.0,11.0,11.0,12.0,10.92,2942.0,1132.0,1810.0,16160.0,17.0,18.0,23.0,9.39,,,,,,,,,,,,,,,,,,,,,,,,,
d6772638-2948-48fd-962a-24277ab02cb0,2025-11-19 19:40:25 UTC,False,21402.0,CFOP,Gan 12 UI Maglev,RandomForest,11284.0,21402.0,,,gan12,custom_rules,,,,8.0,0.0,0.0,21402.0,75.0,78.0,90.0,3.5,9141.0,12220.0,2075.0,0.0,2075.0,2116.0,6.0,6.0,8.0,2.89,5927.0,3386.0,2541.0,8043.0,13.0,14.0,15.0,5.12,2421.0,1188.0,1233.0,10464.0,11.0,11.0,11.0,8.92,2462.0,1015.0,1447.0,12926.0,10.0,11.0,13.0,6.91,1767.0,1136.0,631.0,14693.0,8.0,8.0,8.0,12.68,2829.0,1209.0,1620.0,17522.0,10.0,10.0,14.0,6.17,3880.0,1207.0,2673.0,21402.0,17.0,18.0,21.0,6.36,,,,,,,,,,,,,,,,,,,,,,,,,
61df3cea-a5d3-4679-bcc5-e6a96f989331,2025-11-19 19:41:05 UTC,False,16555.0,CFOP,Gan 12 UI Maglev,RandomForest,14796.0,16555.0,,,gan12,custom_rules,,,,8.0,0.0,0.0,16555.0,69.0,69.0,75.0,4.17,5675.0,10880.0,1699.0,0.0,1699.0,1699.0,7.0,7.0,8.0,4.12,3547.0,935.0,2612.0,5246.0,12.0,12.0,12.0,4.59,2079.0,1459.0,620.0,7325.0,3.0,3.0,3.0,4.84,1511.0,363.0,1148.0,8836.0,7.0,7.0,7.0,6.1,2575.0,532.0,2043.0,11411.0,15.0,15.0,16.0,7.34,2557.0,1112.0,1445.0,13968.0,10.0,10.0,13.0,6.92,2587.0,1274.0,1313.0,16555.0,15.0,15.0,16.0,11.42,,,,,,,,,,,,,,,,,,,,,,,,,
e9b740be-f56d-4bc5-9124-2b6f0fb6d1b4,2025-11-19 19:41:44 UTC,False,19020.0,CFOP,Gan 12 UI Maglev,RandomForest,10646.0,19020.0,,,gan12,custom_rules,,,,8.0,0.0,0.0,19020.0,74.0,76.0,81.0,3.89,9179.0,9841.0,1354.0,0.0,1354.0,1354.0,6.0,6.0,6.0,4.43,2393.0,760.0,1633.0,3747.0,7.0,7.0,8.0,4.29,4691.0,3001.0,1690.0,8438.0,12.0,12.0,12.0,7.1,2030.0,1241.0,789.0,10468.0,7.0,7.0,7.0,8.87,2015.0,1378.0,637.0,12483.0,8.0,8.0,9.0,12.56,3082.0,1351.0,1731.0,15565.0,17.0,17.0,18.0,9.82,3455.0,1448.0,2007.0,19020.0,17.0,19.0,21.0,8.47,,,,,,,,,,,,,,,,,,,,,,,,,
364be126-07ae-404b-b201-92de02c48937,2025-11-19 19:42:34 UTC,False,16355.0,CFOP,Gan 12 UI Maglev,RandomForest,24116.0,16355.0,,,gan12,custom_rules,,,,8.0,0.0,0.0,16355.0,64.0,64.0,76.0,3.91,5708.0,10647.0,1192.0,0.0,1192.0,1192.0,5.0,5.0,6.0,4.19,2661.0,932.0,1729.0,3853.0,7.0,7.0,10.0,4.05,2879.0,1146.0,1733.0,6732.0,12.0,12.0,13.0,6.92,2386.0,653.0,1733.0,9118.0,7.0,7.0,9.0,4.04,1808.0,774.0,1034.0,10926.0,9.0,9.0,10.0,8.7,1716.0,838.0,878.0,12642.0,13.0,13.0,13.0,14.81,3713.0,1365.0,2348.0,16355.0,11.0,11.0,15.0,4.68,,,,,,,,,,,,,,,,,,,,,,,,,
0cae0182-aaa9-4cff-a10a-789ba1566743,2025-11-19 19:43:08 UTC,False,18225.0,CFOP,Gan 12 UI Maglev,RandomForest,6025.0,18225.0,,,gan12,custom_rules,,,,8.0,0.0,0.0,18225.0,59.0,63.0,80.0,3.24,7257.0,10968.0,1714.0,0.0,1714.0,1714.0,7.0,7.0,10.0,4.08,2737.0,1359.0,1378.0,4451.0,8.0,8.0,8.0,5.81,1423.0,367.0,1056.0,5874.0,6.0,6.0,7.0,5.68,3062.0,1949.0,1113.0,8936.0,7.0,7.0,7.0,6.29,2091.0,1309.0,782.0,11027.0,7.0,7.0,9.0,8.95,3524.0,807.0,2717.0,14551.0,18.0,18.0,19.0,6.62,3674.0,1466.0,2208.0,18225.0,7.0,11.0,20.0,3.17,,,,,,,,,,,,,,,,,,,,,,,,,
7342e0e1-f0bf-4f36-a9d1-aef1d130ce02,2025-11-19 19:43:53 UTC,False,16620.0,CFOP,Gan 12 UI Maglev,RandomForest,18380.0,16620.0,,,gan12,custom_rules,,,,8.0,0.0,0.0,16620.0,64.0,69.0,82.0,3.85,5573.0,10959.0,1338.0,0.0,1338.0,1426.0,5.0,5.0,6.0,3.74,3392.0,732.0,2660.0,4818.0,11.0,11.0,12.0,4.14,1769.0,520.0,1249.0,6587.0,6.0,6.0,7.0,4.8,3144.0,687.0,2457.0,9731.0,14.0,15.0,16.0,5.7,1652.0,854.0,798.0,11383.0,8.0,8.0,10.0,10.03,2491.0,1130.0,1361.0,13874.0,12.0,12.0,14.0,8.82,2746.0,1650.0,1096.0,16620.0,8.0,12.0,17.0,7.3,,,,,,,,,,,,,,,,,,,,,,,,,
41dfdd7f-6704-4662-b322-3aac0d4bdefb,2025-11-19 19:44:28 UTC,False,18626.0,CFOP,Gan 12 UI Maglev,RandomForest,6203.0,18626.0,,,gan12,custom_rules,,,,8.0,0.0,0.0,18626.0,72.0,73.0,81.0,3.87,7332.0,11294.0,1216.0,0.0,1216.0,1216.0,7.0,7.0,8.0,5.76,4314.0,2051.0,2263.0,5530.0,12.0,12.0,13.0,5.3,3722.0,347.0,3375.0,9252.0,15.0,15.0,17.0,4.44,1111.0,910.0,201.0,10363.0,3.0,3.0,3.0,14.93,2427.0,1120.0,1307.0,12790.0,8.0,8.0,8.0,6.12,2339.0,1203.0,1136.0,15129.0,11.0,11.0,12.0,9.68,3497.0,1701.0,1796.0,18626.0,16.0,17.0,20.0,8.91,,,,,,,,,,,,,,,,,,,,,,,,,
e2ca6ca7-7979-48ac-b6f2-4127082ca0eb,2025-11-19 19:44:57 UTC,False,15845.0,CFOP,Gan 12 UI Maglev,RandomForest,3666.0,15845.0,,,gan12,custom_rules,,,,8.0,0.0,0.0,15845.0,64.0,67.0,77.0,4.04,6143.0,9702.0,830.0,0.0,830.0,830.0,4.0,4.0,4.0,4.82,2369.0,435.0,1934.0,3199.0,11.0,11.0,12.0,5.69,1516.0,558.0,958.0,4715.0,8.0,8.0,10.0,8.35,4446.0,2132.0,2314.0,9161.0,11.0,12.0,13.0,4.75,1612.0,693.0,919.0,10773.0,8.0,8.0,10.0,8.71,1771.0,1142.0,629.0,12544.0,7.0,7.0,8.0,11.13,3301.0,1183.0,2118.0,15845.0,15.0,17.0,20.0,7.08,,,,,,,,,,,,,,,,,,,,,,,,,
b2423f3b-0784-4675-b904-c31327bf69fd,2025-11-19 19:45:33 UTC,False,21354.0,CFOP,Gan 12 UI Maglev,RandomForest,4729.0,21354.0,,,gan12,custom_rules,,,,8.0,0.0,0.0,21354.0,88.0,91.0,99.0,4.12,4693.0,16661.0,1644.0,0.0,1644.0,1644.0,7.0,7.0,8.0,4.26,2877.0,1604.0,1273.0,4521.0,8.0,8.0,9.0,6.28,2543.0,338.0,2205.0,7064.0,7.0,7.0,8.0,3.17,7385.0,210.0,7175.0,14449.0,28.0,29.0,31.0,3.9,1048.0,564.0,484.0,15497.0,5.0,5.0,5.0,10.33,2003.0,867.0,1136.0,17500.0,13.0,13.0,13.0,11.44,3854.0,1110.0,2744.0,21354.0,21.0,22.0,25.0,7.65,,,,,,,,,,,,,,,,,,,,,,,,,
5d36fd23-3282-491b-a857-d232d1efcebd,2025-11-19 19:46:07 UTC,False,18885.0,CFOP,Gan 12 UI Maglev,RandomForest,5062.0,18885.0,,,gan12,custom_rules,,,,8.0,0.0,0.0,18885.0,76.0,83.0,97.0,4.02,6341.0,12544.0,1623.0,0.0,1623.0,1623.0,5.0,5.0,7.0,3.08,4143.0,1458.0,2685.0,5766.0,13.0,13.0,13.0,4.84,2771.0,1040.0,1731.0,8537.0,8.0,8.0,9.0,4.62,1265.0,249.0,1016.0,9802.0,7.0,7.0,8.0,6.89,2575.0,1576.0,999.0,12377.0,9.0,9.0,10.0,9.01,1909.0,903.0,1006.0,14286.0,11.0,12.0,12.0,10.93,4599.0,1115.0,3484.0,18885.0,24.0,30.0,38.0,6.89,,,,,,,,,,,,,,,,,,,,,,,,,
ea6ff34a-1e61-40ee-b688-987fe3fe349f,2025-11-19 19:46:44 UTC,False,17855.0,CFOP,Gan 12 UI Maglev,RandomForest,10298.0,17855.0,,,gan12,custom_rules,,,,8.0,0.0,0.0,17855.0,60.0,64.0,78.0,3.36,7307.0,10548.0,2187.0,0.0,2187.0,2187.0,9.0,9.0,10.0,4.12,3424.0,1107.0,2317.0,5611.0,7.0,7.0,10.0,3.02,1890.0,694.0,1196.0,7501.0,9.0,9.0,9.0,7.53,2576.0,2028.0,548.0,10077.0,7.0,7.0,8.0,12.77,2693.0,1468.0,1225.0,12770.0,10.0,10.0,10.0,8.16,1991.0,662.0,1329.0,14761.0,9.0,9.0,12.0,6.77,3094.0,1348.0,1746.0,17855.0,9.0,13.0,19.0,5.15,,,,,,,,,,,,,,,,,,,,,,,,,
0b5bd6f1-7d56-46ce-b00e-efebec627412,2025-11-19 19:47:20 UTC,False,21941.0,CFOP,Gan 12 UI Maglev,RandomForest,4898.0,21941.0,,,gan12,custom_rules,,,,8.0,0.0,0.0,21941.0,78.0,87.0,105.0,3.55,7480.0,14461.0,3235.0,0.0,3235.0,3235.0,8.0,8.0,8.0,2.47,2830.0,654.0,2176.0,6065.0,11.0,11.0,12.0,5.06,1244.0,443.0,801.0,7309.0,6.0,6.0,6.0,7.49,3997.0,2413.0,1584.0,11306.0,12.0,12.0,14.0,7.58,4270.0,2195.0,2075.0,15576.0,13.0,13.0,17.0,6.27,1793.0,770.0,1023.0,17369.0,10.0,11.0,11.0,9.78,4572.0,1005.0,3567.0,21941.0,18.0,26.0,37.0,5.05,,,,,,,,,,,,,,,,,,,,,,,,,
49476e07-0fc1-4996-9b38-3719d56e7e26,2025-11-19 19:48:00 UTC,False,20284.0,CFOP,Gan 12 UI Maglev,RandomForest,8299.0,20284.0,,,gan12,custom_rules,,,,8.0,0.0,0.0,20284.0,71.0,73.0,84.0,3.5,7685.0,12599.0,3605.0,0.0,3605.0,3605.0,10.0,10.0,10.0,2.77,2397.0,1835.0,562.0,6002.0,9.0,9.0,11.0,16.01,2243.0,756.0,1487.0,8245.0,9.0,10.0,10.0,6.05,1227.0,419.0,808.0,9472.0,6.0,6.0,7.0,7.43,3410.0,1283.0,2127.0,12882.0,13.0,13.0,17.0,6.11,4363.0,1575.0,2788.0,17245.0,12.0,13.0,13.0,4.3,3039.0,1817.0,1222.0,20284.0,12.0,12.0,16.0,9.82,,,,,,,,,,,,,,,,,,,,,,,,,
9763f0f7-75ea-4248-9f79-261e1b1cba38,2025-11-19 19:48:32 UTC,False,17062.0,CFOP,Gan 12 UI Maglev,RandomForest,6641.0,17062.0,,,gan12,custom_rules,,,,8.0,0.0,0.0,17062.0,68.0,68.0,83.0,3.99,6123.0,10939.0,2050.0,0.0,2050.0,2050.0,8.0,8.0,9.0,3.9,2855.0,1183.0,1672.0,4905.0,9.0,9.0,9.0,5.38,2562.0,314.0,2248.0,7467.0,8.0,8.0,9.0,3.56,2047.0,967.0,1080.0,9514.0,8.0,8.0,9.0,7.41,2160.0,1453.0,707.0,11674.0,9.0,9.0,13.0,12.73,2267.0,855.0,1412.0,13941.0,10.0,10.0,16.0,7.08,3121.0,1351.0,1770.0,17062.0,17.0,17.0,18.0,9.6,,,,,,,,,,,,,,,,,,,,,,,,,
e9bbc6b3-467d-4378-a90b-f0d9fc4281de,2025-11-19 19:49:08 UTC,False,14511.0,CFOP,Gan 12 UI Maglev,RandomForest,11049.0,14511.0,,,gan12,custom_rules,,,,8.0,0.0,0.0,14511.0,66.0,71.0,81.0,4.55,4733.0,9778.0,991.0,0.0,991.0,991.0,5.0,6.0,6.0,5.05,2926.0,511.0,2415.0,3917.0,11.0,11.0,13.0,4.55,1786.0,531.0,1255.0,5703.0,7.0,7.0,7.0,5.58,2545.0,672.0,1873.0,8248.0,13.0,13.0,13.0,6.94,1874.0,1224.0,650.0,10122.0,8.0,8.0,10.0,12.31,1908.0,733.0,1175.0,12030.0,13.0,13.0,14.0,11.06,2481.0,1062.0,1419.0,14511.0,9.0,13.0,18.0,6.34,,,,,,,,,,,,,,,,,,,,,,,,,
8bc418ed-a4cc-4bfe-ba5b-3f1d41fa1bcc,2025-11-19 19:50:07 UTC,False,17076.0,CFOP,Gan 12 UI Maglev,RandomForest,21501.0,17076.0,,,gan12,custom_rules,,,,8.0,0.0,0.0,17076.0,71.0,73.0,80.0,4.16,7448.0,9628.0,2576.0,0.0,2576.0,2576.0,9.0,9.0,10.0,3.49,2694.0,1190.0,1504.0,5270.0,12.0,12.0,13.0,7.98,2369.0,1644.0,725.0,7639.0,8.0,8.0,9.0,11.03,2941.0,1516.0,1425.0,10580.0,8.0,8.0,9.0,5.61,1883.0,804.0,1079.0,12463.0,8.0,8.0,9.0,7.41,1630.0,733.0,897.0,14093.0,10.0,11.0,11.0,11.15,2983.0,1561.0,1422.0,17076.0,16.0,17.0,19.0,11.25,,,,,,,,,,,,,,,,,,,,,,,,,
37dfeab7-9c54-4b0a-9229-08bfaa2f8664,2025-11-19 19:50:43 UTC,False,20878.0,CFOP,Gan 12 UI Maglev,RandomForest,6170.0,20878.0,,,gan12,custom_rules,,,,8.0,0.0,0.0,20878.0,76.0,77.0,85.0,3.64,8879.0,11999.0,1378.0,0.0,1378.0,1378.0,6.0,6.0,6.0,4.35,6307.0,2629.0,3678.0,7685.0,19.0,20.0,21.0,5.17,3555.0,2174.0,1381.0,11240.0,8.0,8.0,9.0,5.79,2413.0,1221.0,1192.0,13653.0,8.0,8.0,9.0,6.71,2205.0,1133.0,1072.0,15858.0,9.0,9.0,10.0,8.4,2029.0,723.0,1306.0,17887.0,9.0,9.0,9.0,6.89,2991.0,999.0,1992.0,20878.0,17.0,17.0,21.0,8.53,,,,,,,,,,,,,,,,,,,,,,,,,
bc8f5e77-eeb0-406e-bc56-4c933f7cfb2e,2025-11-19 19:51:37 UTC,False,20438.0,CFOP,Gan 12 UI Maglev,RandomForest,23042.0,20438.0,,,gan12,custom_rules,,,,8.0,0.0,0.0,20438.0,70.0,72.0,83.0,3.42,6210.0,14228.0,3753.0,0.0,3753.0,3753.0,7.0,7.0,10.0,1.87,3454.0,725.0,2729.0,7207.0,12.0,12.0,14.0,4.4,4560.0,2260.0,2300.0,11767.0,13.0,13.0,15.0,5.65,2470.0,307.0,2163.0,14237.0,14.0,14.0,14.0,6.47,1265.0,902.0,363.0,15502.0,3.0,3.0,3.0,8.26,2052.0,1085.0,967.0,17554.0,10.0,11.0,12.0,10.34,2884.0,931.0,1953.0,20438.0,12.0,13.0,15.0,6.14,,,,,,,,,,,,,,,,,,,,,,,,,
97b15cd8-490f-412a-aded-eb951b70fb17,2025-11-19 19:52:18 UTC,False,14464.0,CFOP,Gan 12 UI Maglev,RandomForest,16384.0,14464.0,,,gan12,custom_rules,,,,8.0,0.0,0.0,14464.0,48.0,50.0,61.0,3.32,7193.0,7214.0,3045.0,0.0,3045.0,3102.0,6.0,6.0,9.0,1.97,1053.0,746.0,307.0,4155.0,4.0,4.0,5.0,13.03,1565.0,475.0,1090.0,5720.0,8.0,8.0,10.0,7.34,2790.0,2394.0,396.0,8510.0,6.0,6.0,7.0,15.15,1624.0,1471.0,153.0,10134.0,5.0,5.0,6.0,32.68,2096.0,1009.0,1087.0,12230.0,10.0,12.0,12.0,9.2,2234.0,1098.0,1136.0,14464.0,9.0,9.0,12.0,7.92,,,,,,,,,,,,,,,,,,,,,,,,,
0027d026-5958-47f0-b737-31ee2a7d7291,2025-11-19 19:53:05 UTC,False,27946.0,CFOP,Gan 12 UI Maglev,RandomForest,7925.0,27946.0,,,gan12,custom_rules,,,,8.0,0.0,0.0,27946.0,80.0,82.0,90.0,2.86,12714.0,15232.0,3065.0,0.0,3065.0,3065.0,10.0,10.0,12.0,3.26,3212.0,1611.0,1601.0,6277.0,6.0,6.0,6.0,3.75,6579.0,5184.0,1395.0,12856.0,11.0,12.0,12.0,7.89,2727.0,2445.0,282.0,15583.0,3.0,3.0,3.0,10.64,2559.0,467.0,2092.0,18142.0,11.0,11.0,11.0,5.26,5186.0,1863.0,3323.0,23328.0,18.0,18.0,20.0,5.42,4618.0,1144.0,3474.0,27946.0,21.0,22.0,26.0,6.04,,,,,,,,,,,,,,,,,,,,,,,,,
b1e1ce4a-ebeb-4b43-a231-c021f833f341,2025-11-19 19:53:38 UTC,False,17316.0,CFOP,Gan 12 UI Maglev,RandomForest,6619.0,17316.0,,,gan12,custom_rules,,,,8.0,0.0,0.0,17316.0,53.0,57.0,74.0,3.06,7567.0,9749.0,3265.0,0.0,3265.0,3265.0,7.0,7.0,8.0,2.14,4766.0,3100.0,1666.0,8031.0,8.0,8.0,9.0,4.8,2027.0,964.0,1063.0,10058.0,8.0,8.0,10.0,7.53,958.0,330.0,628.0,11016.0,7.0,7.0,8.0,11.15,1655.0,898.0,757.0,12671.0,8.0,8.0,10.0,10.57,2288.0,1063.0,1225.0,14959.0,7.0,7.0,7.0,5.71,2357.0,1212.0,1145.0,17316.0,8.0,12.0,22.0,6.99,,,,,,,,,,,,,,,,,,,,,,,,,
ceda6591-292b-48b6-9fe0-cb56ed5d9afd,2025-11-19 19:54:27 UTC,False,17254.0,CFOP,Gan 12 UI Maglev,RandomForest,20684.0,17254.0,,,gan12,custom_rules,,,,8.0,0.0,0.0,17254.0,60.0,60.0,68.0,3.48,4712.0,12542.0,444.0,0.0,444.0,444.0,3.0,3.0,4.0,6.76,6314.0,515.0,5799.0,6758.0,19.0,19.0,19.0,3.28,2426.0,1136.0,1290.0,9184.0,7.0,7.0,8.0,5.43,937.0,379.0,558.0,10121.0,3.0,3.0,3.0,5.38,2611.0,718.0,1893.0,12732.0,9.0,9.0,11.0,4.75,1516.0,548.0,968.0,14248.0,8.0,8.0,8.0,8.26,3006.0,1416.0,1590.0,17254.0,11.0,11.0,15.0,6.92,,,,,,,,,,,,,,,,,,,,,,,,,
0d824ed8-6161-4c8b-9ce5-08e4e89f9771,2025-11-19 19:55:06 UTC,False,21182.0,CFOP,Gan 12 UI Maglev,RandomForest,9728.0,21182.0,,,gan12,custom_rules,,,,8.0,0.0,0.0,21182.0,73.0,75.0,83.0,3.45,9548.0,11634.0,3235.0,0.0,3235.0,3235.0,11.0,11.0,12.0,3.4,2537.0,1200.0,1337.0,5772.0,8.0,8.0,8.0,5.98,4156.0,3157.0,999.0,9928.0,9.0,9.0,9.0,9.01,1771.0,1248.0,523.0,11699.0,7.0,7.0,8.0,13.38,2771.0,1486.0,1285.0,14470.0,8.0,8.0,10.0,6.23,3152.0,1193.0,1959.0,17622.0,13.0,15.0,17.0,6.64,3560.0,1264.0,2296.0,21182.0,17.0,17.0,19.0,7.4,,,,,,,,,,,,,,,,,,,,,,,,,
e9602380-e908-4fa4-a497-5ce7026913c8,2025-11-19 19:55:45 UTC,False,16183.0,CFOP,Gan 12 UI Maglev,RandomForest,13775.0,16183.0,,,gan12,custom_rules,,,,8.0,0.0,0.0,16183.0,68.0,70.0,77.0,4.2,6251.0,9932.0,1378.0,0.0,1378.0,1378.0,5.0,5.0,5.0,3.63,2607.0,1777.0,830.0,3985.0,8.0,8.0,8.0,9.64,2140.0,634.0,1506.0,6125.0,7.0,7.0,8.0,4.65,3256.0,1426.0,1830.0,9381.0,11.0,11.0,12.0,6.01,1032.0,363.0,669.0,10413.0,6.0,7.0,7.0,8.97,3092.0,840.0,2252.0,13505.0,18.0,18.0,20.0,7.99,2678.0,1211.0,1467.0,16183.0,14.0,15.0,17.0,9.54,,,,,,,,,,,,,,,,,,,,,,,,,
6ce04087-55f4-4152-b50b-fbae51572854,2025-11-19 19:56:20 UTC,False,19157.0,CFOP,Gan 12 UI Maglev,RandomForest,6663.0,19157.0,,,gan12,custom_rules,,,,8.0,0.0,0.0,19157.0,80.0,81.0,83.0,4.18,7027.0,12130.0,3346.0,0.0,3346.0,3346.0,11.0,11.0,11.0,3.29,3273.0,1095.0,2178.0,6619.0,9.0,9.0,10.0,4.13,951.0,661.0,290.0,7570.0,4.0,4.0,4.0,13.79,1810.0,1246.0,564.0,9380.0,9.0,9.0,9.0,15.96,2843.0,1014.0,1829.0,12223.0,16.0,16.0,16.0,8.75,3637.0,1980.0,1657.0,15860.0,11.0,12.0,12.0,6.64,3297.0,1031.0,2266.0,19157.0,20.0,20.0,21.0,8.83,,,,,,,,,,,,,,,,,,,,,,,,,
5755ec10-4a8e-4026-8a4a-15c9aab9d186,2025-11-19 19:57:09 UTC,False,15531.0,CFOP,Gan 12 UI Maglev,RandomForest,24904.0,15531.0,,,gan12,custom_rules,,,,8.0,0.0,0.0,15531.0,61.0,61.0,70.0,3.93,4720.0,10811.0,3390.0,0.0,3390.0,3390.0,8.0,8.0,8.0,2.36,3319.0,315.0,3004.0,6709.0,11.0,11.0,11.0,3.66,316.0,131.0,185.0,7025.0,3.0,3.0,3.0,16.22,1992.0,1824.0,168.0,9017.0,5.0,5.0,5.0,29.76,1964.0,621.0,1343.0,10981.0,11.0,11.0,12.0,8.19,1937.0,863.0,1074.0,12918.0,9.0,9.0,14.0,8.38,2613.0,966.0,1647.0,15531.0,16.0,16.0,17.0,9.71,,,,,,,,,,,,,,,,,,,,,,,,,
795c3de2-cd3c-437f-adb3-b8571eeefba0,2025-11-19 19:57:48 UTC,False,21089.0,CFOP,Gan 12 UI Maglev,RandomForest,6169.0,21089.0,,,gan12,custom_rules,,,,8.0,0.0,0.0,21089.0,82.0,83.0,92.0,3.89,9599.0,11490.0,2597.0,0.0,2597.0,2597.0,9.0,9.0,11.0,3.47,2871.0,1517.0,1354.0,5468.0,12.0,12.0,13.0,8.86,2598.0,1214.0,1384.0,8066.0,9.0,10.0,11.0,6.5,3315.0,1989.0,1326.0,11381.0,12.0,12.0,12.0,9.05,2342.0,831.0,1511.0,13723.0,11.0,11.0,13.0,7.28,1938.0,1076.0,862.0,15661.0,7.0,7.0,7.0,8.12,5428.0,2972.0,2456.0,21089.0,22.0,22.0,25.0,8.96,,,,,,,,,,,,,,,,,,,,,,,,,
463f3e1e-0d6f-42b1-94fb-150d4586b42d,2025-11-19 19:58:22 UTC,False,16226.0,CFOP,Gan 12 UI Maglev,RandomForest,9266.0,16226.0,,,gan12,custom_rules,,,,8.0,0.0,0.0,16226.0,67.0,69.0,79.0,4.13,6645.0,9581.0,2373.0,0.0,2373.0,2373.0,8.0,8.0,10.0,3.37,2915.0,693.0,2222.0,5288.0,10.0,10.0,11.0,4.5,1184.0,982.0,202.0,6472.0,4.0,4.0,4.0,19.8,1684.0,1241.0,443.0,8156.0,8.0,8.0,8.0,18.06,1906.0,988.0,918.0,10062.0,8.0,8.0,8.0,8.71,2632.0,1247.0,1385.0,12694.0,13.0,13.0,16.0,9.39,3532.0,1494.0,2038.0,16226.0,16.0,18.0,22.0,7.85,,,,,,,,,,,,,,,,,,,,,,,,,
dbb86775-e53e-4d9e-9c03-398af5a3d45c,2025-11-19 19:58:55 UTC,False,16893.0,CFOP,Gan 12 UI Maglev,RandomForest,6930.0,16893.0,,,gan12,custom_rules,,,,8.0,0.0,0.0,16893.0,69.0,70.0,79.0,4.08,5163.0,11730.0,2397.0,0.0,2397.0,2397.0,7.0,7.0,9.0,2.92,2665.0,1956.0,709.0,5062.0,9.0,9.0,11.0,12.69,2622.0,113.0,2509.0,7684.0,11.0,11.0,11.0,4.38,3175.0,734.0,2441.0,10859.0,13.0,14.0,16.0,5.33,1479.0,483.0,996.0,12338.0,7.0,7.0,7.0,7.03,1824.0,814.0,1010.0,14162.0,7.0,7.0,7.0,6.93,2731.0,1063.0,1668.0,16893.0,16.0,16.0,18.0,9.59,,,,,,,,,,,,,,,,,,,,,,,,,
85ccfcae-9f5f-439f-9e0a-ecc4cf145d4b,2025-11-19 19:59:28 UTC,False,18766.0,CFOP,Gan 12 UI Maglev,RandomForest,3967.0,18766.0,,,gan12,custom_rules,,,,8.0,0.0,0.0,18766.0,82.0,82.0,90.0,4.37,4137.0,14629.0,3299.0,0.0,3299.0,3299.0,9.0,9.0,11.0,2.73,1361.0,732.0,629.0,4660.0,8.0,8.0,8.0,12.72,1336.0,522.0,814.0,5996.0,11.0,11.0,12.0,13.51,3896.0,733.0,3163.0,9892.0,12.0,12.0,13.0,3.79,2802.0,1900.0,902.0,12694.0,9.0,9.0,10.0,9.98,3137.0,194.0,2943.0,15831.0,16.0,16.0,16.0,5.44,2935.0,56.0,2879.0,18766.0,18.0,18.0,20.0,6.25,,,,,,,,,,,,,,,,,,,,,,,,,
f354aa57-1c3e-4f28-8ef0-eec9d6fc230c,2025-11-19 20:00:07 UTC,False,14860.0,CFOP,Gan 12 UI Maglev,RandomForest,15855.0,14860.0,,,gan12,custom_rules,,,,8.0,0.0,0.0,14860.0,70.0,73.0,83.0,4.71,5921.0,8939.0,322.0,0.0,322.0,322.0,3.0,3.0,4.0,9.32,2189.0,903.0,1286.0,2511.0,9.0,10.0,12.0,7.0,1941.0,821.0,1120.0,4452.0,8.0,8.0,9.0,7.14,1563.0,709.0,854.0,6015.0,8.0,8.0,8.0,9.37,1226.0,590.0,636.0,7241.0,8.0,8.0,9.0,12.58,2488.0,1434.0,1054.0,9729.0,11.0,13.0,16.0,10.44,5131.0,1464.0,3667.0,14860.0,23.0,23.0,25.0,6.27,,,,,,,,,,,,,,,,,,,,,,,,,
59eaabab-9334-4a68-a95e-28323a958a34,2025-11-19 20:01:31 UTC,False,20470.0,CFOP,Gan 12 UI Maglev,RandomForest,52492.0,20470.0,,,gan12,custom_rules,,,,8.0,0.0,0.0,20470.0,66.0,67.0,80.0,3.22,6781.0,13585.0,8288.0,0.0,8288.0,8392.0,26.0,27.0,28.0,3.14,0.0,0.0,0.0,8392.0,0.0,0.0,0.0,0.0,1793.0,1592.0,201.0,10185.0,4.0,4.0,4.0,19.9,2305.0,1162.0,1143.0,12490.0,7.0,7.0,9.0,6.12,1865.0,552.0,1313.0,14355.0,8.0,8.0,10.0,6.09,2804.0,1471.0,1333.0,17159.0,10.0,10.0,15.0,7.5,3311.0,2004.0,1307.0,20470.0,11.0,11.0,14.0,8.42,,,,,,,,,,,,,,,,,,,,,,,,,
a86bdf31-c1b4-41c0-8a39-4997b3c5fcbc,2025-11-19 20:02:05 UTC,False,17754.0,CFOP,Gan 12 UI Maglev,RandomForest,7023.0,17754.0,,,gan12,custom_rules,,,,8.0,0.0,0.0,17754.0,65.0,66.0,76.0,3.66,5722.0,11967.0,2589.0,0.0,2589.0,2654.0,8.0,8.0,9.0,3.09,1931.0,1214.0,717.0,4585.0,6.0,7.0,8.0,8.37,2431.0,1144.0,1287.0,7016.0,8.0,8.0,10.0,6.22,3777.0,266.0,3511.0,10793.0,10.0,10.0,11.0,2.85,3378.0,1768.0,1610.0,14171.0,11.0,11.0,14.0,6.83,1410.0,629.0,781.0,15581.0,8.0,8.0,8.0,10.24,2173.0,701.0,1472.0,17754.0,15.0,15.0,16.0,10.19,,,,,,,,,,,,,,,,,,,,,,,,,
beccba8d-f91e-486a-9620-bde8fa6d23f8,2025-11-19 20:02:39 UTC,False,19902.0,CFOP,Gan 12 UI Maglev,RandomForest,3429.0,19902.0,,,gan12,custom_rules,,,,8.0,0.0,0.0,19902.0,75.0,75.0,88.0,3.77,7825.0,12077.0,1845.0,0.0,1845.0,1845.0,5.0,5.0,6.0,2.71,2030.0,823.0,1207.0,3875.0,9.0,9.0,10.0,7.46,3085.0,988.0,2097.0,6960.0,12.0,12.0,14.0,5.72,3431.0,1091.0,2340.0,10391.0,11.0,11.0,12.0,4.7,2130.0,436.0,1694.0,12521.0,14.0,14.0,15.0,8.26,3205.0,1894.0,1311.0,15726.0,13.0,13.0,15.0,9.92,4176.0,2593.0,1583.0,19902.0,11.0,11.0,16.0,6.95,,,,,,,,,,,,,,,,,,,,,,,,,
d98bba2c-b064-4ba5-9fdf-22e986fb77f5,2025-11-19 20:03:11 UTC,False,15948.0,CFOP,Gan 12 UI Maglev,RandomForest,5931.0,15948.0,,,gan12,custom_rules,,,,8.0,0.0,0.0,15948.0,76.0,78.0,78.0,4.77,5993.0,9955.0,2228.0,0.0,2228.0,2228.0,7.0,8.0,8.0,3.14,1880.0,773.0,1107.0,4108.0,9.0,10.0,10.0,8.13,1616.0,346.0,1270.0,5724.0,8.0,8.0,8.0,6.3,2511.0,1016.0,1495.0,8235.0,7.0,7.0,7.0,4.68,2132.0,1450.0,682.0,10367.0,9.0,9.0,9.0,13.2,2295.0,1078.0,1217.0,12662.0,17.0,17.0,17.0,13.97,3286.0,1330.0,1956.0,15948.0,19.0,19.0,19.0,9.71,,,,,,,,,,,,,,,,,,,,,,,,,
5ec8ab23-61c9-4611-bf7b-55f75e46ee28,2025-11-19 20:03:57 UTC,False,17011.0,CFOP,Gan 12 UI Maglev,RandomForest,19931.0,17011.0,,,gan12,custom_rules,,,,8.0,0.0,0.0,17011.0,72.0,72.0,73.0,4.23,5167.0,11844.0,419.0,0.0,419.0,419.0,4.0,4.0,4.0,9.55,5394.0,886.0,4508.0,5813.0,12.0,12.0,12.0,2.66,3160.0,527.0,2633.0,8973.0,12.0,12.0,13.0,4.56,1786.0,666.0,1120.0,10759.0,8.0,8.0,8.0,7.14,862.0,427.0,435.0,11621.0,8.0,8.0,8.0,18.39,1751.0,822.0,929.0,13372.0,9.0,9.0,9.0,9.69,3639.0,1839.0,1800.0,17011.0,19.0,19.0,19.0,10.56,,,,,,,,,,,,,,,,,,,,,,,,,
6c0f0bd6-3ad8-41a1-8359-44eef5a27490,2025-11-19 20:04:56 UTC,False,19263.0,CFOP,Gan 12 UI Maglev,RandomForest,27898.0,19263.0,,,gan12,custom_rules,,,,8.0,0.0,0.0,19263.0,86.0,86.0,101.0,4.46,4845.0,14418.0,1441.0,0.0,1441.0,1441.0,5.0,5.0,5.0,3.47,1886.0,741.0,1145.0,3327.0,6.0,6.0,8.0,5.24,2267.0,1216.0,1051.0,5594.0,8.0,8.0,10.0,7.61,8753.0,899.0,7854.0,14347.0,38.0,38.0,44.0,4.84,701.0,515.0,186.0,15048.0,4.0,4.0,5.0,21.51,1625.0,579.0,1046.0,16673.0,9.0,9.0,12.0,8.6,2590.0,895.0,1695.0,19263.0,16.0,16.0,17.0,9.44,,,,,,,,,,,,,,,,,,,,,,,,,
533f8cd5-2d6e-4a7b-ba82-faed6381bffe,2025-11-19 20:05:39 UTC,False,12828.0,CFOP,Gan 12 UI Maglev,RandomForest,7520.0,12828.0,,,gan12,custom_rules,,,,8.0,0.0,0.0,12828.0,66.0,66.0,73.0,5.14,5521.0,7307.0,1635.0,0.0,1635.0,1635.0,6.0,6.0,8.0,3.67,1483.0,460.0,1023.0,3118.0,8.0,8.0,8.0,7.82,1713.0,1270.0,443.0,4831.0,8.0,8.0,8.0,18.06,1895.0,743.0,1152.0,6726.0,8.0,8.0,9.0,6.94,1002.0,382.0,620.0,7728.0,8.0,8.0,9.0,12.9,2277.0,1318.0,959.0,10005.0,13.0,13.0,15.0,13.56,2823.0,1348.0,1475.0,12828.0,15.0,15.0,16.0,10.17,,,,,,,,,,,,,,,,,,,,,,,,,
1a4ae8d5-236f-4449-96c3-23c5f72480e1,2025-11-19 20:06:27 UTC,False,14270.0,CFOP,Gan 12 UI Maglev,RandomForest,22321.0,14270.0,,,gan12,custom_rules,,,,8.0,0.0,0.0,14270.0,59.0,59.0,72.0,4.13,6748.0,7522.0,854.0,0.0,854.0,854.0,4.0,4.0,5.0,4.68,1267.0,427.0,840.0,2121.0,8.0,8.0,9.0,9.52,2146.0,581.0,1565.0,4267.0,7.0,7.0,8.0,4.47,1906.0,1084.0,822.0,6173.0,8.0,8.0,8.0,9.73,1761.0,972.0,789.0,7934.0,9.0,9.0,10.0,11.41,2912.0,1800.0,1112.0,10846.0,11.0,11.0,15.0,9.89,3424.0,1884.0,1540.0,14270.0,13.0,13.0,17.0,8.44,,,,,,,,,,,,,,,,,,,,,,,,,
e3626980-5f9b-447e-83a1-f77d43be2f62,2025-11-19 20:07:04 UTC,False,18969.0,CFOP,Gan 12 UI Maglev,RandomForest,6648.0,18969.0,,,gan12,custom_rules,,,,8.0,0.0,0.0,18969.0,66.0,73.0,87.0,3.48,1129.0,17840.0,6757.0,0.0,6757.0,6757.0,27.0,27.0,33.0,4.0,0.0,0.0,0.0,6757.0,0.0,0.0,0.0,0.0,8127.0,275.0,7852.0,14884.0,23.0,29.0,32.0,2.93,4085.0,854.0,3231.0,18969.0,17.0,18.0,22.0,5.26,0.0,0.0,0.0,18969.0,0.0,0.0,0.0,0.0,0.0,0.0,0.0,18969.0,0.0,0.0,0.0,0.0,0.0,0.0,0.0,18969.0,0.0,0.0,0.0,0.0,,,,,,,,,,,,,,,,,,,,,,,,,
99722795-f300-49ec-9650-c961065c7a8d,2025-11-19 20:07:43 UTC,False,21662.0,CFOP,Gan 12 UI Maglev,RandomForest,7634.0,21662.0,,,gan12,custom_rules,,,,8.0,0.0,0.0,21662.0,70.0,71.0,83.0,3.23,8331.0,13331.0,3896.0,0.0,3896.0,3896.0,9.0,9.0,10.0,2.31,4294.0,652.0,3642.0,8190.0,16.0,16.0,19.0,4.39,3139.0,1347.0,1792.0,11329.0,7.0,7.0,8.0,3.91,3420.0,2776.0,644.0,14749.0,8.0,8.0,10.0,12.42,2307.0,1317.0,990.0,17056.0,8.0,8.0,10.0,8.08,1990.0,863.0,1127.0,19046.0,8.0,8.0,9.0,7.1,2616.0,1376.0,1240.0,21662.0,14.0,15.0,17.0,11.29,,,,,,,,,,,,,,,,,,,,,,,,,
6b3dbe5d-27dc-494d-8d71-a5c3ae0642fe,2025-11-19 20:08:18 UTC,False,15279.0,CFOP,Gan 12 UI Maglev,RandomForest,10182.0,15279.0,,,gan12,custom_rules,,,,8.0,0.0,0.0,15279.0,63.0,67.0,76.0,4.12,7426.0,7853.0,1241.0,0.0,1241.0,1241.0,3.0,4.0,4.0,2.42,1754.0,706.0,1048.0,2995.0,7.0,7.0,8.0,6.68,3415.0,2609.0,806.0,6410.0,9.0,9.0,12.0,11.17,1714.0,827.0,887.0,8124.0,8.0,8.0,10.0,9.02,2947.0,1407.0,1540.0,11071.0,10.0,10.0,11.0,6.49,1823.0,895.0,928.0,12894.0,13.0,13.0,13.0,14.01,2385.0,982.0,1403.0,15279.0,14.0,16.0,18.0,9.98,,,,,,,,,,,,,,,,,,,,,,,,,
b983d781-a9d9-49f0-ae76-3ff9d508131f,2025-11-19 20:08:56 UTC,False,18075.0,CFOP,Gan 12 UI Maglev,RandomForest,12411.0,18075.0,,,gan12,custom_rules,,,,8.0,0.0,0.0,18075.0,74.0,75.0,85.0,4.09,6044.0,12031.0,1346.0,0.0,1346.0,1346.0,6.0,6.0,7.0,4.46,1472.0,570.0,902.0,2818.0,8.0,8.0,9.0,8.87,1267.0,558.0,709.0,4085.0,6.0,6.0,8.0,8.46,1696.0,1204.0,492.0,5781.0,8.0,8.0,9.0,16.26,6603.0,1321.0,5282.0,12384.0,17.0,17.0,17.0,3.22,2600.0,1079.0,1521.0,14984.0,13.0,13.0,15.0,8.55,3091.0,1312.0,1779.0,18075.0,16.0,17.0,20.0,8.99,,,,,,,,,,,,,,,,,,,,,,,,,
541f2610-1267-4ff3-ad2e-ce33a0b4e409,2025-11-19 20:09:32 UTC,False,20043.0,CFOP,Gan 12 UI Maglev,RandomForest,4220.0,20043.0,,,gan12,custom_rules,,,,8.0,0.0,0.0,20043.0,71.0,79.0,93.0,3.54,3630.0,16413.0,14036.0,0.0,14036.0,14036.0,45.0,49.0,57.0,3.21,0.0,0.0,0.0,14036.0,0.0,0.0,0.0,0.0,0.0,0.0,0.0,14036.0,0.0,0.0,0.0,0.0,0.0,0.0,0.0,14036.0,0.0,0.0,0.0,0.0,2037.0,1417.0,620.0,16073.0,8.0,8.0,8.0,12.9,2036.0,1197.0,839.0,18109.0,9.0,9.0,10.0,10.73,1934.0,1016.0,918.0,20043.0,9.0,13.0,18.0,9.8,,,,,,,,,,,,,,,,,,,,,,,,,
6971097c-3c56-4850-a1a4-15f7b3eff43b,2025-11-19 20:10:20 UTC,False,25315.0,CFOP,Gan 12 UI Maglev,RandomForest,13727.0,25315.0,,,gan12,custom_rules,,,,8.0,0.0,0.0,25315.0,69.0,70.0,79.0,2.73,6671.0,18644.0,9546.0,0.0,9546.0,9546.0,11.0,11.0,12.0,1.15,2920.0,1125.0,1795.0,12466.0,12.0,12.0,14.0,6.69,1922.0,1479.0,443.0,14388.0,5.0,5.0,5.0,11.29,2536.0,524.0,2012.0,16924.0,7.0,7.0,9.0,3.48,2215.0,879.0,1336.0,19139.0,8.0,8.0,8.0,5.99,2596.0,829.0,1767.0,21735.0,10.0,10.0,10.0,5.66,3580.0,1835.0,1745.0,25315.0,16.0,17.0,21.0,9.17,,,,,,,,,,,,,,,,,,,,,,,,,
f709d228-9684-4d8a-a2f2-b4dac876121a,2025-11-19 20:10:58 UTC,False,16162.0,CFOP,Gan 12 UI Maglev,RandomForest,13283.0,16162.0,,,gan12,custom_rules,,,,8.0,0.0,0.0,16162.0,61.0,64.0,70.0,3.77,6951.0,9195.0,942.0,0.0,942.0,958.0,5.0,6.0,7.0,5.31,1573.0,1131.0,442.0,2531.0,4.0,4.0,5.0,9.05,3512.0,1797.0,1715.0,6043.0,9.0,10.0,10.0,5.25,1969.0,467.0,1502.0,8012.0,10.0,11.0,12.0,6.66,2986.0,1389.0,1597.0,10998.0,8.0,8.0,9.0,5.01,1990.0,1006.0,984.0,12988.0,11.0,11.0,11.0,11.18,3174.0,1161.0,2013.0,16162.0,14.0,14.0,16.0,6.95,,,,,,,,,,,,,,,,,,,,,,,,,
840e9f42-3e4e-4a93-bce5-2c8c71fef7ad,2025-11-19 20:11:27 UTC,False,15781.0,CFOP,Gan 12 UI Maglev,RandomForest,3496.0,15781.0,,,gan12,custom_rules,,,,8.0,0.0,0.0,15781.0,67.0,70.0,79.0,4.25,5905.0,9876.0,2619.0,0.0,2619.0,2619.0,9.0,9.0,10.0,3.44,1868.0,942.0,926.0,4487.0,5.0,5.0,7.0,5.4,1589.0,677.0,912.0,6076.0,6.0,6.0,8.0,6.58,1525.0,540.0,985.0,7601.0,8.0,8.0,9.0,8.12,2114.0,540.0,1574.0,9715.0,11.0,13.0,13.0,6.99,1849.0,753.0,1096.0,11564.0,11.0,11.0,12.0,10.04,4217.0,2453.0,1764.0,15781.0,17.0,18.0,20.0,9.64,,,,,,,,,,,,,,,,,,,,,,,,,
4ae087d5-2eaf-46b7-92a3-ec2f7bf9d7e4,2025-11-19 20:12:03 UTC,False,19320.0,CFOP,Gan 12 UI Maglev,RandomForest,9561.0,19320.0,,,gan12,custom_rules,,,,8.0,0.0,0.0,19320.0,71.0,77.0,89.0,3.67,8171.0,11149.0,1039.0,0.0,1039.0,1039.0,5.0,5.0,6.0,4.81,3343.0,2425.0,918.0,4382.0,9.0,9.0,9.0,9.8,2621.0,741.0,1880.0,7003.0,11.0,11.0,12.0,5.85,5312.0,1555.0,3757.0,12315.0,16.0,16.0,17.0,4.26,1699.0,830.0,869.0,14014.0,9.0,9.0,10.0,10.36,3067.0,1548.0,1519.0,17081.0,12.0,14.0,16.0,7.9,2239.0,1072.0,1167.0,19320.0,9.0,13.0,19.0,7.71,,,,,,,,,,,,,,,,,,,,,,,,,
551cb0f2-4319-4908-bb22-770894e1e27f,2025-11-19 20:12:59 UTC,False,18189.0,CFOP,Gan 12 UI Maglev,RandomForest,27323.0,18189.0,,,gan12,custom_rules,,,,8.0,0.0,0.0,18189.0,68.0,73.0,84.0,3.74,563.0,17538.0,10379.0,0.0,10379.0,10467.0,35.0,38.0,44.0,3.37,0.0,0.0,0.0,10467.0,0.0,0.0,0.0,0.0,4688.0,161.0,4527.0,15155.0,15.0,17.0,22.0,3.31,3034.0,402.0,2632.0,18189.0,18.0,18.0,18.0,6.84,0.0,0.0,0.0,18189.0,0.0,0.0,0.0,0.0,0.0,0.0,0.0,18189.0,0.0,0.0,0.0,0.0,0.0,0.0,0.0,18189.0,0.0,0.0,0.0,0.0,,,,,,,,,,,,,,,,,,,,,,,,,
3f93e63c-092d-42ee-acf8-8ce90f4b42c6,2025-11-19 20:13:31 UTC,False,18205.0,CFOP,Gan 12 UI Maglev,RandomForest,4211.0,18205.0,,,gan12,custom_rules,,,,8.0,0.0,0.0,18205.0,68.0,71.0,81.0,3.74,7436.0,10769.0,1863.0,0.0,1863.0,1863.0,6.0,6.0,8.0,3.22,3475.0,2476.0,999.0,5338.0,6.0,7.0,8.0,6.01,2139.0,501.0,1638.0,7477.0,8.0,8.0,9.0,4.88,2330.0,1226.0,1104.0,9807.0,8.0,8.0,10.0,7.25,2317.0,983.0,1334.0,12124.0,9.0,9.0,10.0,6.75,2149.0,1271.0,878.0,14273.0,11.0,11.0,11.0,12.53,3932.0,979.0,2953.0,18205.0,20.0,22.0,25.0,6.77,,,,,,,,,,,,,,,,,,,,,,,,,
4b9cfe38-8232-4b99-8c7b-09af24a9fdb8,2025-11-19 20:14:10 UTC,False,19901.0,CFOP,Gan 12 UI Maglev,RandomForest,10310.0,19901.0,,,gan12,custom_rules,,,,8.0,0.0,0.0,19901.0,73.0,75.0,86.0,3.67,5847.0,14054.0,2536.0,0.0,2536.0,2536.0,6.0,7.0,7.0,2.37,3169.0,668.0,2501.0,5705.0,9.0,9.0,10.0,3.6,2029.0,935.0,1094.0,7734.0,6.0,6.0,6.0,5.48,2817.0,1618.0,1199.0,10551.0,8.0,8.0,8.0,6.67,2977.0,433.0,2544.0,13528.0,12.0,12.0,16.0,4.72,2767.0,961.0,1806.0,16295.0,13.0,13.0,17.0,7.2,3606.0,1232.0,2374.0,19901.0,19.0,20.0,22.0,8.0,,,,,,,,,,,,,,,,,,,,,,,,,
3303e0c8-bdf2-4877-8021-e1be98ed7fea,2025-11-19 20:14:53 UTC,False,15662.0,CFOP,Gan 12 UI Maglev,RandomForest,18282.0,15662.0,,,gan12,custom_rules,,,,8.0,0.0,0.0,15662.0,60.0,67.0,87.0,3.83,5308.0,10354.0,2374.0,0.0,2374.0,2374.0,9.0,9.0,10.0,3.79,0.0,0.0,0.0,2374.0,0.0,0.0,0.0,0.0,2704.0,1744.0,960.0,5078.0,9.0,9.0,9.0,9.38,1928.0,951.0,977.0,7006.0,8.0,8.0,9.0,8.19,1374.0,758.0,616.0,8380.0,7.0,7.0,7.0,11.36,2907.0,830.0,2077.0,11287.0,12.0,12.0,17.0,5.78,4375.0,1025.0,3350.0,15662.0,15.0,22.0,35.0,4.48,,,,,,,,,,,,,,,,,,,,,,,,,
4e23d0fc-8653-4f66-929d-1b1b179aa8b5,2025-11-19 20:15:46 UTC,False,21439.0,CFOP,Gan 12 UI Maglev,RandomForest,18447.0,21439.0,,,gan12,custom_rules,,,,8.0,0.0,0.0,21439.0,65.0,66.0,74.0,3.03,7478.0,13961.0,2626.0,0.0,2626.0,2626.0,8.0,8.0,9.0,3.05,6468.0,918.0,5550.0,9094.0,11.0,11.0,12.0,1.98,734.0,476.0,258.0,9828.0,4.0,4.0,5.0,15.5,2870.0,1609.0,1261.0,12698.0,8.0,8.0,10.0,6.34,2193.0,1217.0,976.0,14891.0,9.0,9.0,9.0,9.22,2236.0,1246.0,990.0,17127.0,9.0,9.0,10.0,9.09,4312.0,2012.0,2300.0,21439.0,16.0,17.0,19.0,6.96,,,,,,,,,,,,,,,,,,,,,,,,,
576be715-ac8e-4084-9956-329c1016fb99,2025-11-19 20:16:13 UTC,False,14710.0,CFOP,Gan 12 UI Maglev,RandomForest,3323.0,14710.0,,,gan12,custom_rules,,,,8.0,0.0,0.0,14710.0,60.0,61.0,66.0,4.08,6436.0,8274.0,2613.0,0.0,2613.0,2613.0,8.0,8.0,10.0,3.06,2126.0,1192.0,934.0,4739.0,8.0,8.0,8.0,8.57,1214.0,868.0,346.0,5953.0,4.0,4.0,5.0,11.56,1343.0,1142.0,201.0,7296.0,4.0,4.0,4.0,19.9,2232.0,749.0,1483.0,9528.0,8.0,8.0,8.0,5.39,2419.0,1405.0,1014.0,11947.0,10.0,11.0,13.0,9.86,2763.0,1080.0,1683.0,14710.0,18.0,18.0,18.0,10.7,,,,,,,,,,,,,,,,,,,,,,,,,
79d1aa1a-167d-4b50-85c8-1a8593b03f04,2025-11-19 20:17:15 UTC,False,19706.0,CFOP,Gan 12 UI Maglev,RandomForest,32849.0,19706.0,,,gan12,custom_rules,,,,8.0,0.0,0.0,19706.0,70.0,75.0,86.0,3.55,8408.0,11298.0,2827.0,0.0,2827.0,2827.0,8.0,8.0,8.0,2.83,2955.0,2449.0,506.0,5782.0,8.0,8.0,9.0,15.81,3276.0,1510.0,1766.0,9058.0,11.0,11.0,13.0,6.23,1319.0,572.0,747.0,10377.0,6.0,6.0,7.0,8.03,2154.0,1961.0,193.0,12531.0,5.0,5.0,5.0,25.91,2219.0,870.0,1349.0,14750.0,9.0,9.0,9.0,6.67,4956.0,1046.0,3910.0,19706.0,23.0,28.0,35.0,5.88,,,,,,,,,,,,,,,,,,,,,,,,,
16e70825-979c-4c8c-96db-4cb9dcde47a4,2025-11-19 20:17:47 UTC,False,17842.0,CFOP,Gan 12 UI Maglev,RandomForest,5467.0,17842.0,,,gan12,custom_rules,,,,8.0,0.0,0.0,17842.0,63.0,68.0,84.0,3.53,6475.0,11367.0,2599.0,0.0,2599.0,2599.0,9.0,9.0,12.0,3.46,4191.0,266.0,3925.0,6790.0,11.0,11.0,13.0,2.8,2335.0,1763.0,572.0,9125.0,8.0,8.0,8.0,13.99,1836.0,1304.0,532.0,10961.0,8.0,8.0,9.0,15.04,2336.0,1154.0,1182.0,13297.0,9.0,9.0,10.0,7.61,1844.0,798.0,1046.0,15141.0,10.0,10.0,13.0,9.56,2701.0,1190.0,1511.0,17842.0,9.0,13.0,19.0,5.96,,,,,,,,,,,,,,,,,,,,,,,,,
a7c7ffeb-a841-4731-9e00-4df816617ac9,2025-11-19 20:18:39 UTC,False,28754.0,CFOP,Gan 12 UI Maglev,RandomForest,10430.0,28754.0,,,gan12,custom_rules,,,,8.0,0.0,0.0,28754.0,89.0,96.0,107.0,3.1,12501.0,16253.0,2263.0,0.0,2263.0,2263.0,8.0,9.0,10.0,3.54,3046.0,2885.0,161.0,5309.0,6.0,6.0,6.0,37.27,1825.0,1253.0,572.0,7134.0,7.0,7.0,7.0,12.24,2190.0,1320.0,870.0,9324.0,8.0,9.0,9.0,9.2,7835.0,3590.0,4245.0,17159.0,17.0,18.0,22.0,4.0,9275.0,2245.0,7030.0,26434.0,34.0,34.0,35.0,4.84,2320.0,1208.0,1112.0,28754.0,9.0,13.0,18.0,8.09,,,,,,,,,,,,,,,,,,,,,,,,,
5195acc7-b026-4cfc-9683-64967ddfa5d9,2025-11-19 20:19:12 UTC,False,19767.0,CFOP,Gan 12 UI Maglev,RandomForest,5252.0,19767.0,,,gan12,custom_rules,,,,8.0,0.0,0.0,19767.0,80.0,82.0,94.0,4.05,5781.0,13777.0,1289.0,0.0,1289.0,1498.0,6.0,7.0,8.0,4.65,2105.0,264.0,1841.0,3603.0,11.0,11.0,13.0,5.98,2288.0,943.0,1345.0,5891.0,8.0,8.0,9.0,5.95,3823.0,800.0,3023.0,9714.0,14.0,14.0,16.0,4.63,2699.0,927.0,1772.0,12413.0,8.0,8.0,9.0,4.51,1853.0,870.0,983.0,14266.0,10.0,11.0,12.0,10.17,5501.0,1977.0,3524.0,19767.0,23.0,23.0,27.0,6.53,,,,,,,,,,,,,,,,,,,,,,,,,
aaf04836-6cee-4eda-ad36-a2bde7b25354,2025-11-19 20:19:48 UTC,False,17180.0,CFOP,Gan 12 UI Maglev,RandomForest,9819.0,17180.0,,,gan12,custom_rules,,,,8.0,0.0,0.0,17180.0,66.0,67.0,78.0,3.84,6878.0,10302.0,983.0,0.0,983.0,983.0,5.0,5.0,5.0,5.09,1503.0,1230.0,273.0,2486.0,4.0,4.0,4.0,14.65,1273.0,346.0,927.0,3759.0,6.0,6.0,7.0,6.47,5490.0,1311.0,4179.0,9249.0,17.0,18.0,23.0,4.07,2619.0,761.0,1858.0,11868.0,14.0,14.0,15.0,7.53,2062.0,1265.0,797.0,13930.0,9.0,9.0,9.0,11.29,3250.0,1965.0,1285.0,17180.0,12.0,12.0,15.0,9.34,,,,,,,,,,,,,,,,,,,,,,,,,
9a2ddf1f-520f-4833-83a1-bd1c70ca2910,2025-11-19 20:20:35 UTC,False,30149.0,CFOP,Gan 12 UI Maglev,RandomForest,8220.0,30149.0,,,gan12,custom_rules,,,,8.0,0.0,0.0,30149.0,109.0,111.0,125.0,3.62,6026.0,24075.0,2361.0,0.0,2361.0,2409.0,10.0,10.0,12.0,4.24,2298.0,966.0,1332.0,4707.0,11.0,11.0,12.0,8.26,2811.0,310.0,2501.0,7518.0,13.0,13.0,13.0,5.2,3182.0,921.0,2261.0,10700.0,13.0,14.0,17.0,5.75,6176.0,1141.0,5035.0,16876.0,21.0,22.0,24.0,4.17,1713.0,819.0,894.0,18589.0,8.0,8.0,9.0,8.95,11560.0,1869.0,9691.0,30149.0,34.0,34.0,38.0,3.51,,,,,,,,,,,,,,,,,,,,,,,,,
94cd3cbf-6097-4c8e-899a-f40eef12d570,2025-11-19 20:21:31 UTC,False,18695.0,CFOP,Gan 12 UI Maglev,RandomForest,27022.0,18695.0,,,gan12,custom_rules,,,,8.0,0.0,0.0,18695.0,62.0,63.0,73.0,3.32,10043.0,8652.0,1911.0,0.0,1911.0,1911.0,7.0,7.0,8.0,3.66,4248.0,3146.0,1102.0,6159.0,8.0,8.0,9.0,7.26,2630.0,1695.0,935.0,8789.0,8.0,8.0,9.0,8.56,2898.0,1775.0,1123.0,11687.0,9.0,10.0,11.0,8.01,1962.0,1121.0,841.0,13649.0,11.0,11.0,12.0,13.08,1550.0,809.0,741.0,15199.0,8.0,8.0,10.0,10.8,3496.0,1497.0,1999.0,18695.0,11.0,11.0,14.0,5.5,,,,,,,,,,,,,,,,,,,,,,,,,
f0eb4b32-1175-4dee-ad63-d3a739a47398,2025-11-19 20:22:16 UTC,False,15603.0,CFOP,Gan 12 UI Maglev,RandomForest,19971.0,15603.0,,,gan12,custom_rules,,,,8.0,0.0,0.0,15603.0,69.0,69.0,79.0,4.42,5550.0,10053.0,3601.0,0.0,3601.0,3601.0,17.0,17.0,21.0,4.72,0.0,0.0,0.0,3601.0,0.0,0.0,0.0,0.0,2477.0,1671.0,806.0,6078.0,12.0,12.0,12.0,14.89,2060.0,854.0,1206.0,8138.0,8.0,8.0,9.0,6.63,2115.0,1072.0,1043.0,10253.0,8.0,8.0,11.0,7.67,2560.0,854.0,1706.0,12813.0,9.0,9.0,10.0,5.28,2790.0,1099.0,1691.0,15603.0,15.0,15.0,16.0,8.87,,,,,,,,,,,,,,,,,,,,,,,,,
9242a381-68c2-4124-9d82-2541c2da3319,2025-11-19 20:22:54 UTC,False,19183.0,CFOP,Gan 12 UI Maglev,RandomForest,8922.0,19183.0,,,gan12,custom_rules,,,,8.0,0.0,0.0,19183.0,71.0,71.0,81.0,3.7,6803.0,12300.0,4398.0,0.0,4398.0,4478.0,14.0,14.0,15.0,3.18,0.0,0.0,0.0,4478.0,0.0,0.0,0.0,0.0,4536.0,1644.0,2892.0,9014.0,14.0,14.0,16.0,4.84,3166.0,1478.0,1688.0,12180.0,9.0,9.0,10.0,5.33,1303.0,540.0,763.0,13483.0,8.0,8.0,9.0,10.48,2653.0,2081.0,572.0,16136.0,9.0,9.0,11.0,15.73,3047.0,1060.0,1987.0,19183.0,17.0,17.0,20.0,8.56,,,,,,,,,,,,,,,,,,,,,,,,,
dceb6b66-8028-4a36-830d-6b01c7da3987,2025-11-19 20:23:29 UTC,False,18221.0,CFOP,Gan 12 UI Maglev,RandomForest,7904.0,18221.0,,,gan12,custom_rules,,,,8.0,0.0,0.0,18221.0,76.0,76.0,81.0,4.17,5202.0,13019.0,4489.0,0.0,4489.0,4489.0,20.0,20.0,22.0,4.46,0.0,0.0,0.0,4489.0,0.0,0.0,0.0,0.0,4312.0,1576.0,2736.0,8801.0,12.0,12.0,13.0,4.39,1437.0,696.0,741.0,10238.0,7.0,7.0,7.0,9.45,2382.0,540.0,1842.0,12620.0,11.0,11.0,11.0,5.97,2529.0,1410.0,1119.0,15149.0,8.0,8.0,10.0,7.15,3072.0,980.0,2092.0,18221.0,18.0,18.0,18.0,8.6,,,,,,,,,,,,,,,,,,,,,,,,,
6561d277-6978-45d7-9e91-c855d78c1003,2025-11-19 20:24:03 UTC,False,18832.0,CFOP,Gan 12 UI Maglev,RandomForest,5830.0,18832.0,,,gan12,custom_rules,,,,8.0,0.0,0.0,18832.0,69.0,74.0,96.0,3.66,6081.0,12751.0,2396.0,0.0,2396.0,2396.0,7.0,7.0,9.0,2.92,3096.0,2104.0,992.0,5492.0,8.0,8.0,11.0,8.06,2253.0,685.0,1568.0,7745.0,8.0,8.0,10.0,5.1,2232.0,857.0,1375.0,9977.0,8.0,8.0,10.0,5.82,1087.0,386.0,701.0,11064.0,7.0,7.0,7.0,9.99,4972.0,1003.0,3969.0,16036.0,20.0,20.0,26.0,5.04,2796.0,1046.0,1750.0,18832.0,11.0,16.0,23.0,6.29,,,,,,,,,,,,,,,,,,,,,,,,,
b17b3be8-b6e0-4936-9669-8b8c9c885160,2025-11-19 20:24:34 UTC,False,16833.0,CFOP,Gan 12 UI Maglev,RandomForest,4484.0,16833.0,,,gan12,custom_rules,,,,8.0,0.0,0.0,16833.0,72.0,74.0,86.0,4.28,6106.0,10671.0,1136.0,0.0,1136.0,1192.0,5.0,6.0,6.0,4.4,1078.0,635.0,443.0,2270.0,8.0,8.0,9.0,18.06,2509.0,846.0,1663.0,4779.0,9.0,9.0,11.0,5.41,5022.0,1168.0,3854.0,9801.0,13.0,13.0,17.0,3.37,2549.0,1366.0,1183.0,12350.0,12.0,12.0,12.0,10.14,1458.0,806.0,652.0,13808.0,8.0,8.0,9.0,12.27,3025.0,1285.0,1740.0,16833.0,17.0,18.0,22.0,9.77,,,,,,,,,,,,,,,,,,,,,,,,,
66e07378-96a4-44e6-a02e-5aff5da1296b,2025-11-19 20:25:30 UTC,False,23943.0,CFOP,Gan 12 UI Maglev,RandomForest,22250.0,23943.0,,,gan12,custom_rules,,,,8.0,0.0,0.0,23943.0,68.0,69.0,78.0,2.84,3829.0,20114.0,13782.0,0.0,13782.0,13782.0,23.0,24.0,29.0,1.67,0.0,0.0,0.0,13782.0,0.0,0.0,0.0,0.0,0.0,0.0,0.0,13782.0,0.0,0.0,0.0,0.0,1883.0,524.0,1359.0,15665.0,7.0,7.0,7.0,5.15,1651.0,821.0,830.0,17316.0,8.0,8.0,10.0,9.64,2840.0,814.0,2026.0,20156.0,12.0,12.0,13.0,5.92,3787.0,1670.0,2117.0,23943.0,18.0,18.0,19.0,8.5,,,,,,,,,,,,,,,,,,,,,,,,,
65566763-0c8b-46aa-acc7-a2b71259b644,2025-11-19 20:25:59 UTC,False,13400.0,CFOP,Gan 12 UI Maglev,RandomForest,3455.0,13400.0,,,gan12,custom_rules,,,,8.0,0.0,0.0,13400.0,68.0,68.0,75.0,5.07,4696.0,8704.0,2116.0,0.0,2116.0,2116.0,7.0,7.0,9.0,3.31,1595.0,644.0,951.0,3711.0,8.0,8.0,8.0,8.41,2209.0,1136.0,1073.0,5920.0,8.0,8.0,9.0,7.46,1022.0,789.0,233.0,6942.0,5.0,5.0,5.0,21.46,1913.0,749.0,1164.0,8855.0,11.0,11.0,11.0,9.45,1185.0,564.0,621.0,10040.0,7.0,7.0,8.0,11.27,3360.0,814.0,2546.0,13400.0,22.0,22.0,25.0,8.64,,,,,,,,,,,,,,,,,,,,,,,,,
465cf5bf-3673-4eef-99c9-46d6ecefbc68,2025-11-19 20:26:31 UTC,False,16233.0,CFOP,Gan 12 UI Maglev,RandomForest,4132.0,16233.0,,,gan12,custom_rules,,,,8.0,0.0,0.0,16233.0,69.0,70.0,82.0,4.25,5634.0,10599.0,2077.0,0.0,2077.0,2077.0,9.0,9.0,10.0,4.33,2503.0,1165.0,1338.0,4580.0,8.0,8.0,9.0,5.98,1516.0,1218.0,298.0,6096.0,3.0,3.0,3.0,10.07,2589.0,177.0,2412.0,8685.0,11.0,11.0,12.0,4.56,1796.0,837.0,959.0,10481.0,10.0,10.0,12.0,10.43,1913.0,898.0,1015.0,12394.0,12.0,12.0,13.0,11.82,3839.0,1339.0,2500.0,16233.0,17.0,18.0,23.0,6.8,,,,,,,,,,,,,,,,,,,,,,,,,
3497702d-545b-46d2-85fd-959a811e788e,2025-11-19 20:27:10 UTC,False,23765.0,CFOP,Gan 12 UI Maglev,RandomForest,5481.0,23765.0,,,gan12,custom_rules,,,,8.0,0.0,0.0,23765.0,77.0,79.0,87.0,3.24,7817.0,15948.0,1387.0,0.0,1387.0,1387.0,6.0,6.0,7.0,4.33,4757.0,1292.0,3465.0,6144.0,21.0,21.0,23.0,6.06,8558.0,1725.0,6833.0,14702.0,12.0,12.0,13.0,1.76,1387.0,604.0,783.0,16089.0,5.0,6.0,6.0,6.39,2386.0,1685.0,701.0,18475.0,8.0,8.0,9.0,11.41,1564.0,765.0,799.0,20039.0,9.0,9.0,9.0,11.26,3726.0,1746.0,1980.0,23765.0,17.0,18.0,20.0,8.59,,,,,,,,,,,,,,,,,,,,,,,,,
78ddf710-f38b-4c06-b429-48c15157ba51,2025-11-20 20:11:46 UTC,False,25174.0,CFOP,Gan 12 UI Maglev,RandomForest,530.0,25174.0,,,gan12,custom_rules,,,,8.0,0.0,0.0,25174.0,74.0,81.0,91.0,2.94,5732.0,19442.0,7656.0,0.0,7656.0,7656.0,13.0,15.0,15.0,1.7,3581.0,1249.0,2332.0,11237.0,10.0,10.0,11.0,4.29,4464.0,459.0,4005.0,15701.0,11.0,11.0,13.0,2.75,2376.0,314.0,2062.0,18077.0,11.0,11.0,12.0,5.33,2734.0,1218.0,1516.0,20811.0,11.0,11.0,11.0,7.26,1687.0,848.0,839.0,22498.0,10.0,11.0,11.0,11.92,2676.0,1644.0,1032.0,25174.0,8.0,12.0,18.0,7.75,,,,,,,,,,,,,,,,,,,,,,,,,
e8e2577d-118f-4c11-93eb-740363fec948,2025-11-20 20:12:32 UTC,False,15242.0,CFOP,Gan 12 UI Maglev,RandomForest,21748.0,15242.0,,,gan12,custom_rules,,,,8.0,0.0,0.0,15242.0,63.0,64.0,71.0,4.13,5487.0,9755.0,3123.0,0.0,3123.0,3123.0,14.0,14.0,16.0,4.48,0.0,0.0,0.0,3123.0,0.0,0.0,0.0,0.0,0.0,0.0,0.0,3123.0,0.0,0.0,0.0,0.0,2085.0,1353.0,732.0,5208.0,8.0,8.0,9.0,10.93,1216.0,1039.0,177.0,6424.0,4.0,4.0,5.0,22.6,4684.0,2015.0,2669.0,11108.0,14.0,15.0,15.0,5.25,4134.0,1080.0,3054.0,15242.0,23.0,23.0,26.0,7.53,,,,,,,,,,,,,,,,,,,,,,,,,
70667a76-09a1-451d-aa35-4a1982df2b7e,2025-11-20 20:14:10 UTC,False,19240.0,CFOP,Gan 12 UI Maglev,RandomForest,33008.0,19240.0,,,gan12,custom_rules,,,,8.0,0.0,0.0,19240.0,61.0,61.0,71.0,3.17,8448.0,10744.0,2107.0,0.0,2107.0,2155.0,5.0,5.0,9.0,2.37,1767.0,932.0,835.0,3922.0,8.0,8.0,8.0,9.58,3779.0,2197.0,1582.0,7701.0,9.0,9.0,10.0,5.69,1892.0,1594.0,298.0,9593.0,3.0,3.0,3.0,10.07,3216.0,717.0,2499.0,12809.0,14.0,14.0,14.0,5.6,3012.0,1080.0,1932.0,15821.0,12.0,12.0,14.0,6.21,3419.0,1928.0,1491.0,19240.0,10.0,10.0,13.0,6.71,,,,,,,,,,,,,,,,,,,,,,,,,
ce9b2adc-0a7a-45b8-9907-1a969d4ffdf4,2025-11-20 20:14:53 UTC,False,16952.0,CFOP,Gan 12 UI Maglev,RandomForest,14929.0,16952.0,,,gan12,custom_rules,,,,8.0,0.0,0.0,16952.0,61.0,62.0,72.0,3.6,6683.0,10269.0,2975.0,0.0,2975.0,2975.0,7.0,7.0,8.0,2.35,2277.0,1351.0,926.0,5252.0,8.0,8.0,10.0,8.64,3111.0,1067.0,2044.0,8363.0,10.0,10.0,10.0,4.89,1269.0,862.0,407.0,9632.0,3.0,3.0,4.0,7.37,1922.0,919.0,1003.0,11554.0,7.0,7.0,8.0,6.98,2060.0,1005.0,1055.0,13614.0,10.0,11.0,12.0,9.48,3338.0,1479.0,1859.0,16952.0,16.0,16.0,20.0,8.61,,,,,,,,,,,,,,,,,,,,,,,,,
73f3ea65-4dbe-45c1-8b4e-6a3e29770340,2025-11-20 20:15:30 UTC,False,15915.0,CFOP,Gan 12 UI Maglev,RandomForest,9636.0,15915.0,,,gan12,custom_rules,,,,8.0,0.0,0.0,15915.0,63.0,64.0,71.0,3.96,6463.0,9452.0,3923.0,0.0,3923.0,3923.0,13.0,13.0,14.0,3.31,0.0,0.0,0.0,3923.0,0.0,0.0,0.0,0.0,3096.0,2073.0,1023.0,7019.0,9.0,9.0,10.0,8.8,1661.0,863.0,798.0,8680.0,7.0,7.0,8.0,8.77,2474.0,1645.0,829.0,11154.0,8.0,8.0,10.0,9.65,1586.0,659.0,927.0,12740.0,9.0,9.0,9.0,9.71,3175.0,1223.0,1952.0,15915.0,17.0,18.0,20.0,8.71,,,,,,,,,,,,,,,,,,,,,,,,,
e260d1c2-867b-4589-a1de-84581d38782b,2025-11-20 20:20:16 UTC,False,17944.0,CFOP,Gan 12 UI Maglev,RandomForest,7181.0,17944.0,,,gan12,custom_rules,,,,8.0,0.0,0.0,17944.0,74.0,75.0,80.0,4.12,4095.0,13849.0,1128.0,0.0,1128.0,1128.0,6.0,6.0,6.0,5.32,3920.0,202.0,3718.0,5048.0,11.0,11.0,13.0,2.96,1682.0,854.0,828.0,6730.0,8.0,8.0,8.0,9.66,4781.0,1008.0,3773.0,11511.0,18.0,18.0,19.0,4.77,1626.0,732.0,894.0,13137.0,7.0,7.0,7.0,7.83,2242.0,574.0,1668.0,15379.0,9.0,10.0,10.0,5.4,2565.0,725.0,1840.0,17944.0,16.0,16.0,17.0,8.7,,,,,,,,,,,,,,,,,,,,,,,,,
f6eb9081-5317-4370-8e06-11a20ed85c0e,2025-11-20 20:20:50 UTC,False,15569.0,CFOP,Gan 12 UI Maglev,RandomForest,10330.0,15569.0,,,gan12,custom_rules,,,,8.0,0.0,0.0,15569.0,62.0,63.0,71.0,3.98,6672.0,8897.0,2394.0,0.0,2394.0,2394.0,7.0,7.0,8.0,2.92,2705.0,1448.0,1257.0,5099.0,8.0,8.0,9.0,6.36,1023.0,363.0,660.0,6122.0,6.0,6.0,8.0,9.09,1994.0,1290.0,704.0,8116.0,6.0,7.0,7.0,8.52,2069.0,1087.0,982.0,10185.0,8.0,8.0,9.0,8.15,1928.0,1380.0,548.0,12113.0,8.0,8.0,11.0,14.6,3456.0,1104.0,2352.0,15569.0,19.0,19.0,19.0,8.08,,,,,,,,,,,,,,,,,,,,,,,,,
acddd634-ce82-4ebc-87a5-367db61d9ac8,2025-11-20 20:21:27 UTC,False,22891.0,CFOP,Gan 12 UI Maglev,RandomForest,4071.0,22891.0,,,gan12,custom_rules,,,,8.0,0.0,0.0,22891.0,77.0,78.0,92.0,3.36,8460.0,14310.0,1612.0,0.0,1612.0,1733.0,6.0,6.0,9.0,3.72,5645.0,4597.0,1048.0,7378.0,9.0,9.0,9.0,8.59,1559.0,890.0,669.0,8937.0,6.0,6.0,9.0,8.97,4462.0,888.0,3574.0,13399.0,14.0,14.0,15.0,3.92,1936.0,791.0,1145.0,15335.0,8.0,8.0,10.0,6.99,3421.0,492.0,2929.0,18756.0,18.0,19.0,20.0,6.15,4135.0,802.0,3333.0,22891.0,16.0,16.0,20.0,4.8,,,,,,,,,,,,,,,,,,,,,,,,,
f9079617-1e12-42d6-8c79-af5c8cfd2095,2025-11-20 20:22:16 UTC,False,18450.0,CFOP,Gan 12 UI Maglev,RandomForest,14082.0,18450.0,,,gan12,custom_rules,,,,8.0,0.0,0.0,18450.0,73.0,78.0,87.0,3.96,6631.0,11819.0,1531.0,0.0,1531.0,1531.0,6.0,6.0,7.0,3.92,1416.0,642.0,774.0,2947.0,6.0,6.0,8.0,7.75,2244.0,193.0,2051.0,5191.0,7.0,8.0,10.0,3.41,4130.0,1715.0,2415.0,9321.0,12.0,13.0,15.0,4.97,1986.0,1309.0,677.0,11307.0,8.0,8.0,8.0,11.82,2890.0,1302.0,1588.0,14197.0,14.0,16.0,16.0,8.82,4253.0,1470.0,2783.0,18450.0,21.0,22.0,23.0,7.55,,,,,,,,,,,,,,,,,,,,,,,,,
ef9f76be-5352-4aa0-82e4-ad0e1845c3c9,2025-11-20 20:22:55 UTC,False,16790.0,CFOP,Gan 12 UI Maglev,RandomForest,13714.0,16790.0,,,gan12,custom_rules,,,,8.0,0.0,0.0,16790.0,68.0,73.0,87.0,4.05,6007.0,10783.0,2462.0,0.0,2462.0,2462.0,8.0,8.0,9.0,3.25,1318.0,685.0,633.0,3780.0,5.0,6.0,6.0,7.9,3344.0,717.0,2627.0,7124.0,15.0,15.0,15.0,5.71,1226.0,870.0,356.0,8350.0,8.0,8.0,8.0,22.47,2905.0,1778.0,1127.0,11255.0,9.0,9.0,11.0,7.99,2978.0,977.0,2001.0,14233.0,15.0,15.0,17.0,7.5,2557.0,980.0,1577.0,16790.0,8.0,12.0,21.0,5.07,,,,,,,,,,,,,,,,,,,,,,,,,
da87563e-8fc2-41a4-ae20-86bdbdf7e76e,2025-11-20 20:23:24 UTC,False,14625.0,CFOP,Gan 12 UI Maglev,RandomForest,4496.0,14625.0,,,gan12,custom_rules,,,,8.0,0.0,0.0,14625.0,58.0,62.0,78.0,3.97,5683.0,8942.0,2456.0,0.0,2456.0,2456.0,9.0,9.0,9.0,3.66,1958.0,678.0,1280.0,4414.0,8.0,8.0,8.0,6.25,2340.0,1275.0,1065.0,6754.0,8.0,8.0,9.0,7.51,1767.0,701.0,1066.0,8521.0,8.0,8.0,10.0,7.5,1622.0,1091.0,531.0,10143.0,4.0,4.0,5.0,7.53,2247.0,975.0,1272.0,12390.0,13.0,13.0,15.0,10.22,2235.0,963.0,1272.0,14625.0,8.0,12.0,22.0,6.29,,,,,,,,,,,,,,,,,,,,,,,,,
2d86a35c-e3c3-4d32-aac3-4520558ec934,2025-11-20 20:24:03 UTC,False,15753.0,CFOP,Gan 12 UI Maglev,RandomForest,9748.0,15753.0,,,gan12,custom_rules,,,,8.0,0.0,0.0,15753.0,68.0,70.0,77.0,4.32,5686.0,10067.0,3031.0,0.0,3031.0,3031.0,9.0,10.0,12.0,2.97,2741.0,652.0,2089.0,5772.0,9.0,9.0,11.0,4.31,1331.0,362.0,969.0,7103.0,8.0,8.0,9.0,8.26,2346.0,1285.0,1061.0,9449.0,9.0,9.0,9.0,8.48,1401.0,1184.0,217.0,10850.0,4.0,4.0,4.0,18.43,2354.0,1026.0,1328.0,13204.0,14.0,14.0,14.0,10.54,2549.0,1177.0,1372.0,15753.0,15.0,16.0,18.0,10.93,,,,,,,,,,,,,,,,,,,,,,,,,
b5bb07f9-f242-4630-9420-fcc287726f23,2025-11-20 20:24:35 UTC,False,14301.0,CFOP,Gan 12 UI Maglev,RandomForest,5133.0,14301.0,,,gan12,custom_rules,,,,8.0,0.0,0.0,14301.0,53.0,58.0,70.0,3.71,6413.0,7888.0,1645.0,0.0,1645.0,1645.0,7.0,7.0,8.0,4.26,1998.0,564.0,1434.0,3643.0,11.0,12.0,12.0,7.67,2639.0,1342.0,1297.0,6282.0,8.0,8.0,9.0,6.17,1335.0,1060.0,275.0,7617.0,4.0,4.0,4.0,14.55,1238.0,1044.0,194.0,8855.0,4.0,4.0,5.0,20.62,2359.0,1241.0,1118.0,11214.0,10.0,10.0,14.0,8.94,3087.0,1162.0,1925.0,14301.0,9.0,13.0,18.0,4.68,,,,,,,,,,,,,,,,,,,,,,,,,
e4d7da86-57a8-4f64-b6bc-d160a5abc877,2025-11-20 20:25:26 UTC,False,21436.0,CFOP,Gan 12 UI Maglev,RandomForest,19575.0,21436.0,,,gan12,custom_rules,,,,8.0,0.0,0.0,21436.0,84.0,88.0,102.0,3.92,8002.0,13434.0,1971.0,0.0,1971.0,1971.0,8.0,8.0,8.0,4.06,5544.0,1474.0,4070.0,7515.0,16.0,16.0,18.0,3.93,3234.0,2382.0,852.0,10749.0,9.0,9.0,12.0,10.56,2349.0,693.0,1656.0,13098.0,11.0,11.0,13.0,6.64,2783.0,1924.0,859.0,15881.0,10.0,10.0,11.0,11.64,3370.0,242.0,3128.0,19251.0,21.0,21.0,22.0,6.71,2185.0,1287.0,898.0,21436.0,9.0,13.0,18.0,10.02,,,,,,,,,,,,,,,,,,,,,,,,,
1cfccf4c-d5c0-4a87-9bd3-c1257157d9d8,2025-11-20 20:26:06 UTC,False,18669.0,CFOP,Gan 12 UI Maglev,RandomForest,11253.0,18669.0,,,gan12,custom_rules,,,,8.0,0.0,0.0,18669.0,75.0,76.0,84.0,4.02,6267.0,12362.0,3678.0,0.0,3678.0,3718.0,11.0,12.0,12.0,2.99,3922.0,1639.0,2283.0,7640.0,13.0,13.0,14.0,5.69,2741.0,922.0,1819.0,10381.0,12.0,12.0,15.0,6.6,1594.0,1111.0,483.0,11975.0,8.0,8.0,8.0,16.56,1732.0,443.0,1289.0,13707.0,7.0,7.0,8.0,5.43,1622.0,967.0,655.0,15329.0,7.0,7.0,8.0,10.69,3340.0,1185.0,2155.0,18669.0,17.0,17.0,19.0,7.89,,,,,,,,,,,,,,,,,,,,,,,,,
dbbd6ab7-4ec1-467c-96db-ee3bc599caf7,2025-11-20 20:26:49 UTC,False,24789.0,CFOP,Gan 12 UI Maglev,RandomForest,4850.0,24789.0,,,gan12,custom_rules,,,,8.0,0.0,0.0,24789.0,101.0,110.0,127.0,4.07,5660.0,19081.0,1321.0,0.0,1321.0,1369.0,5.0,5.0,6.0,3.79,1317.0,641.0,676.0,2686.0,6.0,7.0,7.0,8.88,2690.0,1486.0,1204.0,5376.0,8.0,9.0,10.0,6.64,1423.0,496.0,927.0,6799.0,8.0,8.0,10.0,8.63,2040.0,1267.0,773.0,8839.0,8.0,8.0,9.0,10.35,1718.0,872.0,846.0,10557.0,10.0,11.0,11.0,11.82,14232.0,898.0,13334.0,24789.0,56.0,62.0,74.0,4.2,,,,,,,,,,,,,,,,,,,,,,,,,
02358a97-0888-4922-a40b-bb8c7fbe798e,2025-11-20 20:27:23 UTC,False,15254.0,CFOP,Gan 12 UI Maglev,RandomForest,7131.0,15254.0,,,gan12,custom_rules,,,,8.0,0.0,0.0,15254.0,67.0,68.0,73.0,4.39,5386.0,9868.0,2837.0,0.0,2837.0,2837.0,10.0,10.0,11.0,3.52,1189.0,355.0,834.0,4026.0,6.0,6.0,7.0,7.19,2167.0,1087.0,1080.0,6193.0,8.0,8.0,9.0,7.41,1723.0,555.0,1168.0,7916.0,7.0,7.0,7.0,5.99,1424.0,1085.0,339.0,9340.0,5.0,5.0,5.0,14.75,3026.0,1183.0,1843.0,12366.0,12.0,13.0,14.0,6.51,2888.0,1121.0,1767.0,15254.0,19.0,19.0,20.0,10.75,,,,,,,,,,,,,,,,,,,,,,,,,
9fe1e054-7223-461a-bf75-6f223af600b1,2025-11-20 20:28:22 UTC,False,43579.0,CFOP,Gan 12 UI Maglev,RandomForest,6658.0,43579.0,,,gan12,custom_rules,,,,8.0,0.0,0.0,43579.0,132.0,140.0,156.0,3.03,5078.0,38501.0,2975.0,0.0,2975.0,2975.0,10.0,10.0,10.0,3.36,0.0,0.0,0.0,2975.0,0.0,0.0,0.0,0.0,1347.0,670.0,677.0,4322.0,6.0,7.0,7.0,8.86,1375.0,443.0,932.0,5697.0,7.0,7.0,7.0,7.51,2488.0,1642.0,846.0,8185.0,9.0,9.0,10.0,10.64,2406.0,899.0,1507.0,10591.0,10.0,10.0,10.0,6.64,32988.0,1424.0,31564.0,43579.0,90.0,97.0,112.0,2.85,,,,,,,,,,,,,,,,,,,,,,,,,
3b7852e0-f831-427a-b6fd-47b6b9c64f16,2025-11-20 20:29:00 UTC,False,22157.0,CFOP,Gan 12 UI Maglev,RandomForest,3873.0,22157.0,,,gan12,custom_rules,,,,8.0,0.0,0.0,22157.0,83.0,83.0,95.0,3.75,6672.0,15413.0,2660.0,0.0,2660.0,2732.0,8.0,8.0,12.0,3.01,3064.0,899.0,2165.0,5796.0,10.0,10.0,11.0,4.62,1672.0,556.0,1116.0,7468.0,8.0,8.0,10.0,7.17,4944.0,2369.0,2575.0,12412.0,8.0,8.0,9.0,3.11,2784.0,1132.0,1652.0,15196.0,10.0,10.0,11.0,6.05,1503.0,733.0,770.0,16699.0,9.0,9.0,10.0,11.69,5458.0,983.0,4475.0,22157.0,30.0,30.0,32.0,6.7,,,,,,,,,,,,,,,,,,,,,,,,,
7fb2232a-c1ae-4378-99b4-327757095b35,2025-11-20 22:37:00 UTC,False,19153.0,CFOP,Gan 12 UI Maglev,RandomForest,8062.0,19153.0,,,gan12,custom_rules,,,,8.0,0.0,0.0,19153.0,71.0,74.0,80.0,3.71,7489.0,11664.0,2879.0,0.0,2879.0,2879.0,6.0,7.0,8.0,2.08,1583.0,906.0,677.0,4462.0,5.0,5.0,6.0,7.39,3008.0,1679.0,1329.0,7470.0,9.0,10.0,10.0,6.77,3055.0,2280.0,775.0,10525.0,6.0,7.0,7.0,7.74,1668.0,531.0,1137.0,12193.0,8.0,8.0,9.0,7.04,3873.0,1166.0,2707.0,16066.0,18.0,18.0,21.0,6.65,3087.0,927.0,2160.0,19153.0,19.0,19.0,19.0,8.8,,,,,,,,,,,,,,,,,,,,,,,,,
64f2bcc9-5c52-4a51-a595-07608ca8e415,2025-11-20 22:42:10 UTC,False,17855.0,CFOP,Gan 12 UI Maglev,RandomForest,6675.0,17855.0,,,gan12,custom_rules,,,,8.0,0.0,0.0,17855.0,70.0,73.0,81.0,3.92,4264.0,13591.0,3585.0,0.0,3585.0,3585.0,9.0,9.0,9.0,2.51,6972.0,500.0,6472.0,10557.0,24.0,27.0,32.0,3.71,0.0,0.0,0.0,10557.0,0.0,0.0,0.0,0.0,0.0,0.0,0.0,10557.0,0.0,0.0,0.0,0.0,1402.0,918.0,484.0,11959.0,8.0,8.0,9.0,16.53,2321.0,936.0,1385.0,14280.0,12.0,12.0,13.0,8.66,3575.0,1910.0,1665.0,17855.0,17.0,17.0,18.0,10.21,,,,,,,,,,,,,,,,,,,,,,,,,
71b05009-9071-451e-8d5d-375c0092c07c,2025-11-20 22:42:45 UTC,False,12680.0,CFOP,Gan 12 UI Maglev,RandomForest,13628.0,12680.0,,,gan12,custom_rules,,,,8.0,0.0,0.0,12680.0,59.0,61.0,65.0,4.65,5629.0,7051.0,1426.0,0.0,1426.0,1426.0,5.0,5.0,6.0,3.51,1746.0,691.0,1055.0,3172.0,8.0,8.0,8.0,7.58,1532.0,1032.0,500.0,4704.0,8.0,8.0,8.0,16.0,1497.0,506.0,991.0,6201.0,6.0,7.0,7.0,6.05,1578.0,1159.0,419.0,7779.0,7.0,7.0,7.0,16.71,2190.0,1064.0,1126.0,9969.0,11.0,11.0,12.0,9.77,2711.0,1177.0,1534.0,12680.0,14.0,15.0,17.0,9.13,,,,,,,,,,,,,,,,,,,,,,,,,
f746d141-1ebd-42dd-999b-15df3b2e189c,2025-11-20 22:43:25 UTC,False,12181.0,CFOP,Gan 12 UI Maglev,RandomForest,14719.0,12181.0,,,gan12,custom_rules,,,,8.0,0.0,0.0,12181.0,49.0,54.0,65.0,4.02,5029.0,7152.0,1644.0,0.0,1644.0,1644.0,4.0,4.0,6.0,2.43,1039.0,805.0,234.0,2683.0,4.0,4.0,4.0,17.09,1734.0,695.0,1039.0,4417.0,8.0,8.0,8.0,7.7,2625.0,591.0,2034.0,7042.0,10.0,10.0,10.0,4.92,821.0,523.0,298.0,7863.0,5.0,5.0,6.0,16.78,1650.0,1038.0,612.0,9513.0,8.0,8.0,9.0,13.07,2668.0,1377.0,1291.0,12181.0,10.0,15.0,22.0,7.75,,,,,,,,,,,,,,,,,,,,,,,,,
3bff056b-8fed-4d40-b8df-b0ceae5039e7,2025-11-20 22:43:59 UTC,False,19341.0,CFOP,Gan 12 UI Maglev,RandomForest,5765.0,19341.0,,,gan12,custom_rules,,,,8.0,0.0,0.0,19341.0,72.0,72.0,83.0,3.72,6565.0,12776.0,1561.0,0.0,1561.0,1561.0,7.0,7.0,9.0,4.48,3534.0,1569.0,1965.0,5095.0,7.0,7.0,8.0,3.56,3009.0,957.0,2052.0,8104.0,12.0,12.0,16.0,5.85,3225.0,962.0,2263.0,11329.0,8.0,8.0,8.0,3.54,1620.0,710.0,910.0,12949.0,8.0,8.0,10.0,8.79,1944.0,767.0,1177.0,14893.0,12.0,12.0,13.0,10.2,4448.0,1600.0,2848.0,19341.0,18.0,18.0,19.0,6.32,,,,,,,,,,,,,,,,,,,,,,,,,
8ec14f5c-c58f-4eda-8b2b-4988d88ab7ad,2025-11-20 22:44:33 UTC,False,19447.0,CFOP,Gan 12 UI Maglev,RandomForest,5083.0,19447.0,,,gan12,custom_rules,,,,8.0,0.0,0.0,19447.0,70.0,73.0,81.0,3.6,4580.0,14867.0,4987.0,0.0,4987.0,4987.0,6.0,7.0,8.0,1.2,1607.0,597.0,1010.0,6594.0,8.0,9.0,9.0,7.92,1462.0,673.0,789.0,8056.0,6.0,6.0,8.0,7.6,1503.0,645.0,858.0,9559.0,8.0,8.0,9.0,9.32,3232.0,274.0,2958.0,12791.0,11.0,11.0,11.0,3.72,3652.0,1201.0,2451.0,16443.0,15.0,15.0,15.0,6.12,3004.0,1190.0,1814.0,19447.0,16.0,17.0,21.0,8.82,,,,,,,,,,,,,,,,,,,,,,,,,
674a4176-6b90-4cc8-9cf1-5b132265aa90,2025-11-20 22:45:03 UTC,False,17512.0,CFOP,Gan 12 UI Maglev,RandomForest,4319.0,17512.0,,,gan12,custom_rules,,,,8.0,0.0,0.0,17512.0,77.0,80.0,95.0,4.4,3981.0,13467.0,1119.0,0.0,1119.0,1183.0,5.0,6.0,8.0,4.47,2541.0,1249.0,1292.0,3724.0,9.0,9.0,11.0,6.97,4355.0,153.0,4202.0,8079.0,14.0,14.0,16.0,3.33,2314.0,561.0,1753.0,10393.0,8.0,8.0,9.0,4.56,563.0,394.0,169.0,10956.0,4.0,4.0,5.0,23.67,1058.0,506.0,552.0,12014.0,8.0,8.0,8.0,14.49,5498.0,1118.0,4380.0,17512.0,30.0,32.0,38.0,6.85,,,,,,,,,,,,,,,,,,,,,,,,,
dddd7857-8a80-4296-b98a-fd0eb0be78f5,2025-11-20 22:45:36 UTC,False,16382.0,CFOP,Gan 12 UI Maglev,RandomForest,6332.0,16382.0,,,gan12,custom_rules,,,,8.0,0.0,0.0,16382.0,67.0,69.0,73.0,4.09,7685.0,8697.0,3051.0,0.0,3051.0,3051.0,12.0,12.0,13.0,3.93,1368.0,273.0,1095.0,4419.0,6.0,7.0,7.0,5.48,1873.0,1084.0,789.0,6292.0,8.0,8.0,8.0,10.14,3064.0,2404.0,660.0,9356.0,8.0,8.0,8.0,12.12,2349.0,1712.0,637.0,11705.0,8.0,8.0,9.0,12.56,1862.0,919.0,943.0,13567.0,10.0,10.0,10.0,10.6,2815.0,1293.0,1522.0,16382.0,15.0,16.0,18.0,9.86,,,,,,,,,,,,,,,,,,,,,,,,,
2f714cf4-57b1-4643-a760-63ecdeefe3be,2025-11-20 22:46:18 UTC,False,20144.0,CFOP,Gan 12 UI Maglev,RandomForest,13733.0,20144.0,,,gan12,custom_rules,,,,8.0,0.0,0.0,20144.0,63.0,67.0,78.0,3.13,2818.0,17205.0,14269.0,0.0,14269.0,14390.0,37.0,41.0,47.0,2.59,0.0,0.0,0.0,14390.0,0.0,0.0,0.0,0.0,0.0,0.0,0.0,14390.0,0.0,0.0,0.0,0.0,0.0,0.0,0.0,14390.0,0.0,0.0,0.0,0.0,1597.0,976.0,621.0,15987.0,7.0,7.0,9.0,11.27,1891.0,733.0,1158.0,17878.0,8.0,8.0,8.0,6.91,2266.0,1109.0,1157.0,20144.0,11.0,11.0,14.0,9.51,,,,,,,,,,,,,,,,,,,,,,,,,
bfa299ba-ce07-4257-b3bc-3f9c33b5487e,2025-11-20 22:47:10 UTC,False,17360.0,CFOP,Gan 12 UI Maglev,RandomForest,13333.0,17360.0,,,gan12,custom_rules,,,,8.0,0.0,0.0,17360.0,68.0,73.0,83.0,3.92,6822.0,10538.0,2547.0,0.0,2547.0,2547.0,9.0,9.0,10.0,3.53,2318.0,1271.0,1047.0,4865.0,8.0,8.0,9.0,7.64,4871.0,1997.0,2874.0,9736.0,15.0,16.0,19.0,5.22,1516.0,565.0,951.0,11252.0,7.0,7.0,7.0,7.36,1585.0,1046.0,539.0,12837.0,8.0,8.0,8.0,14.84,2254.0,837.0,1417.0,15091.0,13.0,13.0,13.0,9.17,2269.0,1106.0,1163.0,17360.0,8.0,12.0,17.0,6.88,,,,,,,,,,,,,,,,,,,,,,,,,
ea06651f-6e68-4fdd-a6e1-2877257fc3ac,2025-11-20 22:47:45 UTC,False,20840.0,CFOP,Gan 12 UI Maglev,RandomForest,4950.0,20840.0,,,gan12,custom_rules,,,,8.0,0.0,0.0,20840.0,68.0,77.0,89.0,3.26,6436.0,14404.0,7892.0,0.0,7892.0,7892.0,22.0,26.0,29.0,2.79,0.0,0.0,0.0,7892.0,0.0,0.0,0.0,0.0,2095.0,1588.0,507.0,9987.0,3.0,3.0,3.0,5.92,2532.0,1130.0,1402.0,12519.0,8.0,8.0,9.0,5.71,2780.0,867.0,1913.0,15299.0,12.0,12.0,12.0,6.27,2546.0,1354.0,1192.0,17845.0,14.0,14.0,15.0,11.74,2995.0,1497.0,1498.0,20840.0,9.0,14.0,21.0,6.01,,,,,,,,,,,,,,,,,,,,,,,,,
e86fb9ac-1523-463b-abd3-c81be3b384ff,2025-11-20 22:48:29 UTC,False,20824.0,CFOP,Gan 12 UI Maglev,RandomForest,9909.0,20824.0,,,gan12,custom_rules,,,,8.0,0.0,0.0,20824.0,76.0,78.0,89.0,3.65,5245.0,15579.0,6430.0,0.0,6430.0,6430.0,18.0,20.0,27.0,2.8,4255.0,1359.0,2896.0,10685.0,11.0,11.0,11.0,3.8,1645.0,178.0,1467.0,12330.0,8.0,8.0,8.0,5.45,1892.0,324.0,1568.0,14222.0,8.0,8.0,8.0,5.1,2372.0,1313.0,1059.0,16594.0,8.0,8.0,10.0,7.55,1338.0,733.0,605.0,17932.0,7.0,7.0,7.0,11.57,2892.0,1338.0,1554.0,20824.0,17.0,17.0,18.0,10.94,,,,,,,,,,,,,,,,,,,,,,,,,
068c9457-6777-438f-a00e-76daa83a71f3,2025-11-20 22:49:08 UTC,False,20107.0,CFOP,Gan 12 UI Maglev,RandomForest,7921.0,20107.0,,,gan12,custom_rules,,,,8.0,0.0,0.0,20107.0,77.0,78.0,83.0,3.83,5202.0,14905.0,3446.0,0.0,3446.0,3446.0,9.0,9.0,9.0,2.61,2990.0,671.0,2319.0,6436.0,7.0,7.0,7.0,3.02,2704.0,1198.0,1506.0,9140.0,8.0,8.0,9.0,5.31,4113.0,347.0,3766.0,13253.0,20.0,20.0,21.0,5.31,1376.0,658.0,718.0,14629.0,5.0,5.0,5.0,6.96,1788.0,869.0,919.0,16417.0,11.0,11.0,11.0,11.97,3690.0,1459.0,2231.0,20107.0,17.0,18.0,21.0,7.62,,,,,,,,,,,,,,,,,,,,,,,,,
6812fe25-a212-467e-8183-6ff5d6ef05de,2025-11-20 22:49:40 UTC,False,16585.0,CFOP,Gan 12 UI Maglev,RandomForest,5921.0,16585.0,,,gan12,custom_rules,,,,8.0,0.0,0.0,16585.0,78.0,79.0,89.0,4.7,6447.0,10138.0,1591.0,0.0,1591.0,1591.0,6.0,7.0,8.0,3.77,1707.0,1048.0,659.0,3298.0,6.0,6.0,9.0,9.1,1847.0,782.0,1065.0,5145.0,7.0,7.0,8.0,6.57,2049.0,1251.0,798.0,7194.0,8.0,8.0,9.0,10.03,3027.0,1167.0,1860.0,10221.0,12.0,12.0,15.0,6.45,2311.0,1006.0,1305.0,12532.0,17.0,17.0,17.0,13.03,4053.0,1193.0,2860.0,16585.0,22.0,22.0,23.0,7.69,,,,,,,,,,,,,,,,,,,,,,,,,
b33eabc8-4c45-4465-a2ed-9219990305b3,2025-11-20 22:50:07 UTC,False,11004.0,CFOP,Gan 12 UI Maglev,RandomForest,4985.0,11004.0,,,gan12,custom_rules,,,,8.0,0.0,0.0,11004.0,53.0,54.0,65.0,4.82,4094.0,6910.0,3675.0,0.0,3675.0,3675.0,15.0,15.0,18.0,4.08,0.0,0.0,0.0,3675.0,0.0,0.0,0.0,0.0,0.0,0.0,0.0,3675.0,0.0,0.0,0.0,0.0,1531.0,1298.0,233.0,5206.0,5.0,5.0,6.0,21.46,1349.0,644.0,705.0,6555.0,8.0,8.0,9.0,11.35,1944.0,1064.0,880.0,8499.0,11.0,11.0,15.0,12.5,2505.0,1088.0,1417.0,11004.0,14.0,15.0,17.0,9.88,,,,,,,,,,,,,,,,,,,,,,,,,
d516cca5-9c32-4a66-947a-1e947c822658,2025-11-20 22:50:49 UTC,False,23007.0,CFOP,Gan 12 UI Maglev,RandomForest,8635.0,23007.0,,,gan12,custom_rules,,,,8.0,0.0,0.0,23007.0,89.0,90.0,105.0,3.87,6601.0,16406.0,2975.0,0.0,2975.0,2975.0,11.0,11.0,13.0,3.7,2494.0,732.0,1762.0,5469.0,15.0,15.0,17.0,8.51,1935.0,1105.0,830.0,7404.0,7.0,7.0,7.0,8.43,4025.0,1405.0,2620.0,11429.0,10.0,10.0,12.0,3.82,3386.0,637.0,2749.0,14815.0,13.0,13.0,16.0,4.73,3082.0,1245.0,1837.0,17897.0,14.0,14.0,16.0,7.62,5110.0,1477.0,3633.0,23007.0,19.0,20.0,24.0,5.23,,,,,,,,,,,,,,,,,,,,,,,,,
7f7c858b-83ed-48d2-a770-f167921b5dc2,2025-11-20 22:51:37 UTC,False,19559.0,CFOP,Gan 12 UI Maglev,RandomForest,16744.0,19559.0,,,gan12,custom_rules,,,,8.0,0.0,0.0,19559.0,64.0,70.0,87.0,3.27,7282.0,12277.0,774.0,0.0,774.0,774.0,3.0,3.0,4.0,3.88,7860.0,767.0,7093.0,8634.0,21.0,21.0,28.0,2.96,2520.0,910.0,1610.0,11154.0,7.0,7.0,8.0,4.35,2213.0,1761.0,452.0,13367.0,8.0,8.0,9.0,17.7,1572.0,1362.0,210.0,14939.0,4.0,4.0,5.0,19.05,2417.0,1354.0,1063.0,17356.0,12.0,14.0,15.0,11.29,2203.0,1128.0,1075.0,19559.0,9.0,13.0,18.0,8.37,,,,,,,,,,,,,,,,,,,,,,,,,
f3b1be2c-8274-4816-b358-26c714bb9c65,2025-11-20 22:52:20 UTC,False,13522.0,CFOP,Gan 12 UI Maglev,RandomForest,20807.0,13522.0,,,gan12,custom_rules,,,,8.0,0.0,0.0,13522.0,62.0,62.0,68.0,4.59,5619.0,7838.0,846.0,0.0,846.0,911.0,5.0,5.0,6.0,5.91,1776.0,672.0,1104.0,2687.0,6.0,6.0,7.0,5.43,2814.0,1763.0,1051.0,5501.0,9.0,9.0,9.0,8.56,2186.0,881.0,1305.0,7687.0,8.0,8.0,9.0,6.13,1449.0,410.0,1039.0,9136.0,10.0,10.0,10.0,9.62,1400.0,748.0,652.0,10536.0,7.0,7.0,7.0,10.74,2986.0,1145.0,1841.0,13522.0,17.0,17.0,20.0,9.23,,,,,,,,,,,,,,,,,,,,,,,,,
458580b6-9386-46b8-9b68-877282a3b316,2025-11-20 22:52:47 UTC,False,11784.0,CFOP,Gan 12 UI Maglev,RandomForest,6506.0,11784.0,,,gan12,custom_rules,,,,8.0,0.0,0.0,11784.0,52.0,52.0,57.0,4.41,4062.0,7722.0,3253.0,0.0,3253.0,3253.0,9.0,9.0,11.0,2.77,2269.0,830.0,1439.0,5522.0,8.0,8.0,9.0,5.56,1340.0,581.0,759.0,6862.0,8.0,8.0,8.0,10.54,1298.0,596.0,702.0,8160.0,8.0,8.0,9.0,11.4,1914.0,1104.0,810.0,10074.0,12.0,12.0,12.0,14.81,1710.0,951.0,759.0,11784.0,7.0,7.0,8.0,9.22,0.0,0.0,0.0,11784.0,0.0,0.0,0.0,0.0,,,,,,,,,,,,,,,,,,,,,,,,,
3ad938c8-dece-4844-bd2f-0306478aef81,2025-11-20 22:53:44 UTC,False,24789.0,CFOP,Gan 12 UI Maglev,RandomForest,19771.0,24789.0,,,gan12,custom_rules,,,,8.0,0.0,0.0,24789.0,74.0,79.0,91.0,2.99,5110.0,19679.0,14430.0,0.0,14430.0,14430.0,32.0,36.0,37.0,2.22,0.0,0.0,0.0,14430.0,0.0,0.0,0.0,0.0,0.0,0.0,0.0,14430.0,0.0,0.0,0.0,0.0,2498.0,1480.0,1018.0,16928.0,7.0,7.0,9.0,6.88,1482.0,765.0,717.0,18410.0,7.0,7.0,9.0,9.76,1614.0,882.0,732.0,20024.0,9.0,10.0,10.0,12.3,4765.0,1983.0,2782.0,24789.0,19.0,19.0,26.0,6.83,,,,,,,,,,,,,,,,,,,,,,,,,
74ec8c2c-6310-4ccb-85d0-5b1c649010c9,2025-11-20 22:54:29 UTC,False,18323.0,CFOP,Gan 12 UI Maglev,RandomForest,17117.0,18323.0,,,gan12,custom_rules,,,,8.0,0.0,0.0,18323.0,71.0,74.0,81.0,3.87,5019.0,13272.0,1321.0,0.0,1321.0,1353.0,7.0,8.0,8.0,5.3,1301.0,302.0,999.0,2654.0,8.0,8.0,10.0,8.01,3237.0,1065.0,2172.0,5891.0,14.0,14.0,16.0,6.45,3013.0,193.0,2820.0,8904.0,11.0,11.0,11.0,3.9,1302.0,874.0,428.0,10206.0,4.0,4.0,4.0,9.35,4195.0,926.0,3269.0,14401.0,11.0,12.0,12.0,3.36,3922.0,1659.0,2263.0,18323.0,16.0,17.0,20.0,7.07,,,,,,,,,,,,,,,,,,,,,,,,,
fb8ecc7e-6f35-4c13-b4a1-6477a944eeb4,2025-11-20 22:55:06 UTC,False,19382.0,CFOP,Gan 12 UI Maglev,RandomForest,8402.0,19382.0,,,gan12,custom_rules,,,,8.0,0.0,0.0,19382.0,72.0,73.0,83.0,3.71,7651.0,11731.0,1794.0,0.0,1794.0,1794.0,7.0,7.0,9.0,3.9,5747.0,1553.0,4194.0,7541.0,14.0,14.0,17.0,3.34,2228.0,1398.0,830.0,9769.0,8.0,8.0,8.0,9.64,1584.0,489.0,1095.0,11353.0,12.0,12.0,13.0,10.96,1617.0,787.0,830.0,12970.0,7.0,7.0,7.0,8.43,3090.0,2251.0,839.0,16060.0,7.0,7.0,7.0,8.34,3322.0,1173.0,2149.0,19382.0,17.0,18.0,22.0,7.91,,,,,,,,,,,,,,,,,,,,,,,,,
29c8860e-4daf-4146-9eaf-bc22cb011ac8,2025-11-20 22:55:54 UTC,False,23482.0,CFOP,Gan 12 UI Maglev,RandomForest,12781.0,23482.0,,,gan12,custom_rules,,,,8.0,0.0,0.0,23482.0,73.0,75.0,85.0,3.11,7762.0,15720.0,7778.0,0.0,7778.0,7778.0,18.0,20.0,23.0,2.31,0.0,0.0,0.0,7778.0,0.0,0.0,0.0,0.0,5614.0,1987.0,3627.0,13392.0,20.0,20.0,21.0,5.51,4194.0,2420.0,1774.0,17586.0,9.0,9.0,10.0,5.07,1795.0,1537.0,258.0,19381.0,3.0,3.0,4.0,11.63,2219.0,1040.0,1179.0,21600.0,9.0,9.0,12.0,7.63,1882.0,778.0,1104.0,23482.0,14.0,14.0,15.0,12.68,,,,,,,,,,,,,,,,,,,,,,,,,
b1b409a7-12f9-47d4-8a03-62544256dcb7,2025-11-20 22:56:29 UTC,False,17780.0,CFOP,Gan 12 UI Maglev,RandomForest,5129.0,17780.0,,,gan12,custom_rules,,,,8.0,0.0,0.0,17780.0,73.0,73.0,79.0,4.11,7867.0,9913.0,1890.0,0.0,1890.0,1890.0,9.0,9.0,9.0,4.76,2101.0,1730.0,371.0,3991.0,6.0,6.0,6.0,16.17,2962.0,661.0,2301.0,6953.0,11.0,11.0,11.0,4.78,1930.0,1277.0,653.0,8883.0,5.0,5.0,6.0,7.66,4419.0,2376.0,2043.0,13302.0,13.0,13.0,16.0,6.36,1277.0,689.0,588.0,14579.0,9.0,9.0,9.0,15.31,3201.0,1134.0,2067.0,17780.0,20.0,20.0,22.0,9.68,,,,,,,,,,,,,,,,,,,,,,,,,
b033a928-853a-4684-9d7c-1114f5ea89b6,2025-11-20 22:57:08 UTC,False,19619.0,CFOP,Gan 12 UI Maglev,RandomForest,10772.0,19619.0,,,gan12,custom_rules,,,,8.0,0.0,0.0,19619.0,75.0,77.0,83.0,3.82,9950.0,9669.0,684.0,0.0,684.0,684.0,4.0,4.0,4.0,5.85,4029.0,2604.0,1425.0,4713.0,8.0,8.0,9.0,5.61,3011.0,1087.0,1924.0,7724.0,14.0,15.0,15.0,7.28,1240.0,330.0,910.0,8964.0,12.0,12.0,13.0,13.19,2119.0,960.0,1159.0,11083.0,8.0,8.0,10.0,6.9,5600.0,3881.0,1719.0,16683.0,13.0,13.0,13.0,7.56,2936.0,1088.0,1848.0,19619.0,16.0,17.0,19.0,8.66,,,,,,,,,,,,,,,,,,,,,,,,,
3fa74f43-bce6-4ae4-8759-d4e1004040a7,2025-11-20 22:57:52 UTC,False,17002.0,CFOP,Gan 12 UI Maglev,RandomForest,17913.0,17002.0,,,gan12,custom_rules,,,,8.0,0.0,0.0,17002.0,73.0,73.0,81.0,4.29,8325.0,8677.0,1402.0,0.0,1402.0,1402.0,5.0,5.0,6.0,3.57,3111.0,1642.0,1469.0,4513.0,11.0,11.0,12.0,7.49,1885.0,1048.0,837.0,6398.0,7.0,7.0,7.0,8.36,2199.0,1280.0,919.0,8597.0,12.0,12.0,13.0,13.06,2610.0,1377.0,1233.0,11207.0,8.0,8.0,9.0,6.49,2779.0,1668.0,1111.0,13986.0,11.0,11.0,15.0,9.9,3016.0,1310.0,1706.0,17002.0,19.0,19.0,19.0,11.14,,,,,,,,,,,,,,,,,,,,,,,,,
347f563f-d54c-49a1-9c78-97ec8aefd786,2025-11-20 22:58:35 UTC,False,22435.0,CFOP,Gan 12 UI Maglev,RandomForest,10229.0,22435.0,,,gan12,custom_rules,,,,8.0,0.0,0.0,22435.0,79.0,82.0,96.0,3.52,8604.0,13831.0,3740.0,0.0,3740.0,3740.0,10.0,10.0,15.0,2.67,2635.0,1466.0,1169.0,6375.0,8.0,8.0,9.0,6.84,2887.0,1690.0,1197.0,9262.0,8.0,8.0,9.0,6.68,3491.0,1266.0,2225.0,12753.0,13.0,13.0,14.0,5.84,2191.0,1112.0,1079.0,14944.0,8.0,8.0,9.0,7.41,3379.0,1809.0,1570.0,18323.0,12.0,12.0,15.0,7.64,4112.0,1261.0,2851.0,22435.0,20.0,23.0,25.0,7.02,,,,,,,,,,,,,,,,,,,,,,,,,
489f545a-41a5-42cc-abe7-e220ce1f73a9,2025-11-20 22:59:18 UTC,False,12785.0,CFOP,Gan 12 UI Maglev,RandomForest,21209.0,12785.0,,,gan12,custom_rules,,,,8.0,0.0,0.0,12785.0,65.0,67.0,74.0,5.08,4941.0,7844.0,951.0,0.0,951.0,951.0,5.0,5.0,5.0,5.26,1746.0,820.0,926.0,2697.0,8.0,9.0,9.0,8.64,1885.0,234.0,1651.0,4582.0,10.0,10.0,12.0,6.06,2424.0,1312.0,1112.0,7006.0,8.0,8.0,9.0,7.19,1377.0,877.0,500.0,8383.0,7.0,7.0,7.0,14.0,2310.0,943.0,1367.0,10693.0,12.0,12.0,14.0,8.78,2092.0,755.0,1337.0,12785.0,15.0,16.0,18.0,11.22,,,,,,,,,,,,,,,,,,,,,,,,,
0514a756-4cbf-4890-bee8-681857c85659,2025-11-20 23:00:12 UTC,False,15977.0,CFOP,Gan 12 UI Maglev,RandomForest,27278.0,15977.0,,,gan12,custom_rules,,,,8.0,0.0,0.0,15977.0,54.0,55.0,60.0,3.38,6166.0,9811.0,3511.0,0.0,3511.0,3511.0,10.0,11.0,12.0,2.85,2279.0,580.0,1699.0,5790.0,11.0,11.0,12.0,6.47,2347.0,1686.0,661.0,8137.0,7.0,7.0,8.0,10.59,2065.0,1501.0,564.0,10202.0,4.0,4.0,6.0,7.09,2869.0,1279.0,1590.0,13071.0,8.0,8.0,8.0,5.03,2439.0,653.0,1786.0,15510.0,13.0,13.0,13.0,7.28,467.0,467.0,0.0,15977.0,1.0,1.0,1.0,,,,,,,,,,,,,,,,,,,,,,,,,,
303b7cdd-be68-40f4-aa7b-b721b4b39091,2025-11-20 23:00:54 UTC,False,20287.0,CFOP,Gan 12 UI Maglev,RandomForest,10367.0,20287.0,,,gan12,custom_rules,,,,8.0,0.0,0.0,20287.0,77.0,79.0,87.0,3.8,6287.0,14000.0,3068.0,0.0,3068.0,3068.0,6.0,6.0,9.0,1.96,5690.0,185.0,5505.0,8758.0,19.0,21.0,24.0,3.45,2622.0,1007.0,1615.0,11380.0,8.0,8.0,8.0,4.95,3254.0,1964.0,1290.0,14634.0,9.0,9.0,10.0,6.98,1862.0,1443.0,419.0,16496.0,8.0,8.0,8.0,19.09,1659.0,717.0,942.0,18155.0,13.0,13.0,13.0,13.8,2132.0,971.0,1161.0,20287.0,14.0,14.0,15.0,12.06,,,,,,,,,,,,,,,,,,,,,,,,,
5a0a97d6-dc19-4c0e-a5db-40c44f8d8762,2025-11-20 23:01:27 UTC,False,18391.0,CFOP,Gan 12 UI Maglev,RandomForest,4996.0,18391.0,,,gan12,custom_rules,,,,8.0,0.0,0.0,18391.0,74.0,75.0,81.0,4.02,7194.0,11124.0,1370.0,0.0,1370.0,1443.0,6.0,6.0,7.0,4.38,2869.0,1769.0,1100.0,4312.0,9.0,9.0,12.0,8.18,5310.0,1212.0,4098.0,9622.0,13.0,13.0,13.0,3.17,1594.0,677.0,917.0,11216.0,6.0,7.0,7.0,6.54,1789.0,1016.0,773.0,13005.0,12.0,12.0,12.0,15.52,2060.0,1166.0,894.0,15065.0,12.0,12.0,12.0,13.42,3326.0,1354.0,1972.0,18391.0,16.0,16.0,18.0,8.11,,,,,,,,,,,,,,,,,,,,,,,,,
849ee591-7152-4365-a12f-70e831a485fc,2025-11-20 23:02:00 UTC,False,20349.0,CFOP,Gan 12 UI Maglev,RandomForest,3531.0,20349.0,,,gan12,custom_rules,,,,8.0,0.0,0.0,20349.0,71.0,71.0,75.0,3.49,10975.0,9374.0,1313.0,0.0,1313.0,1313.0,5.0,5.0,6.0,3.81,3530.0,2781.0,749.0,4843.0,10.0,10.0,10.0,13.35,4417.0,2666.0,1751.0,9260.0,12.0,12.0,12.0,6.85,3486.0,1396.0,2090.0,12746.0,10.0,10.0,10.0,4.78,2399.0,1699.0,700.0,15145.0,8.0,8.0,9.0,11.43,1655.0,825.0,830.0,16800.0,8.0,8.0,9.0,9.64,3549.0,1608.0,1941.0,20349.0,18.0,18.0,19.0,9.27,,,,,,,,,,,,,,,,,,,,,,,,,
9e228781-b0ad-49b1-9b38-087229a0ae5a,2025-11-20 23:02:30 UTC,False,15824.0,CFOP,Gan 12 UI Maglev,RandomForest,4860.0,15824.0,,,gan12,custom_rules,,,,8.0,0.0,0.0,15824.0,68.0,68.0,83.0,4.3,8561.0,7183.0,927.0,0.0,927.0,1007.0,4.0,4.0,7.0,4.31,2641.0,2005.0,636.0,3648.0,9.0,9.0,11.0,14.15,1925.0,997.0,928.0,5573.0,8.0,8.0,9.0,8.62,2999.0,1879.0,1120.0,8572.0,8.0,8.0,10.0,7.14,1607.0,1139.0,468.0,10179.0,8.0,8.0,9.0,17.09,2677.0,1816.0,861.0,12856.0,10.0,10.0,14.0,11.61,2968.0,725.0,2243.0,15824.0,21.0,21.0,23.0,9.36,,,,,,,,,,,,,,,,,,,,,,,,,
02cbc5dd-e0c2-48bd-be90-16ee5128de58,2025-11-20 23:03:01 UTC,False,17072.0,CFOP,Gan 12 UI Maglev,RandomForest,5728.0,17072.0,,,gan12,custom_rules,,,,8.0,0.0,0.0,17072.0,74.0,76.0,84.0,4.33,7239.0,9833.0,991.0,0.0,991.0,991.0,6.0,7.0,7.0,6.05,3445.0,2720.0,725.0,4436.0,8.0,8.0,9.0,11.03,1724.0,693.0,1031.0,6160.0,8.0,8.0,10.0,7.76,2244.0,786.0,1458.0,8404.0,8.0,8.0,8.0,5.49,1825.0,987.0,838.0,10229.0,7.0,7.0,7.0,8.35,1901.0,1257.0,644.0,12130.0,7.0,7.0,9.0,10.87,4942.0,796.0,4146.0,17072.0,30.0,31.0,34.0,7.24,,,,,,,,,,,,,,,,,,,,,,,,,
75c16c18-bf4e-48de-89f3-568c7d14eb71,2025-11-20 23:03:43 UTC,False,24104.0,CFOP,Gan 12 UI Maglev,RandomForest,9946.0,24104.0,,,gan12,custom_rules,,,,8.0,0.0,0.0,24104.0,71.0,73.0,76.0,2.95,9337.0,14767.0,4403.0,0.0,4403.0,4403.0,12.0,12.0,12.0,2.73,6735.0,3796.0,2939.0,11138.0,8.0,10.0,10.0,2.72,2909.0,1539.0,1370.0,14047.0,7.0,7.0,7.0,5.11,1785.0,496.0,1289.0,15832.0,7.0,7.0,8.0,5.43,1998.0,1127.0,871.0,17830.0,9.0,9.0,9.0,10.33,2614.0,915.0,1699.0,20444.0,12.0,12.0,12.0,7.06,3660.0,1464.0,2196.0,24104.0,17.0,17.0,18.0,7.74,,,,,,,,,,,,,,,,,,,,,,,,,
7ff38aba-25fd-47f8-84eb-139116552157,2025-11-20 23:04:30 UTC,False,24069.0,CFOP,Gan 12 UI Maglev,RandomForest,13296.0,24069.0,,,gan12,custom_rules,,,,8.0,0.0,0.0,24069.0,70.0,75.0,87.0,2.91,6250.0,17819.0,10959.0,0.0,10959.0,10959.0,25.0,29.0,31.0,2.28,0.0,0.0,0.0,10959.0,0.0,0.0,0.0,0.0,0.0,0.0,0.0,10959.0,0.0,0.0,0.0,0.0,3848.0,2918.0,930.0,14807.0,9.0,9.0,10.0,9.68,1529.0,1282.0,247.0,16336.0,4.0,4.0,6.0,16.19,2873.0,935.0,1938.0,19209.0,13.0,14.0,15.0,6.71,4860.0,1115.0,3745.0,24069.0,19.0,19.0,25.0,5.07,,,,,,,,,,,,,,,,,,,,,,,,,
cfa6f3ca-9b1f-4efe-8abf-18d3e263497c,2025-11-20 23:05:20 UTC,False,26885.0,CFOP,Gan 12 UI Maglev,RandomForest,13431.0,26885.0,,,gan12,custom_rules,,,,8.0,0.0,0.0,26885.0,90.0,93.0,105.0,3.35,6943.0,19942.0,7997.0,0.0,7997.0,7997.0,16.0,18.0,22.0,2.0,0.0,0.0,0.0,7997.0,0.0,0.0,0.0,0.0,6511.0,1660.0,4851.0,14508.0,19.0,19.0,23.0,3.92,1907.0,403.0,1504.0,16415.0,9.0,10.0,11.0,5.98,1716.0,830.0,886.0,18131.0,8.0,8.0,9.0,9.03,3699.0,717.0,2982.0,21830.0,20.0,20.0,22.0,6.71,5055.0,3333.0,1722.0,26885.0,18.0,18.0,18.0,10.45,,,,,,,,,,,,,,,,,,,,,,,,,
19e41838-f423-44e5-8d0e-f4da5f9276ee,2025-11-20 23:06:13 UTC,False,28841.0,CFOP,Gan 12 UI Maglev,RandomForest,14172.0,28841.0,,,gan12,custom_rules,,,,8.0,0.0,0.0,28841.0,91.0,96.0,115.0,3.16,9089.0,19752.0,4915.0,0.0,4915.0,4915.0,9.0,9.0,14.0,1.83,4860.0,1945.0,2915.0,9775.0,12.0,12.0,14.0,4.12,2815.0,833.0,1982.0,12590.0,8.0,8.0,9.0,4.04,2906.0,1534.0,1372.0,15496.0,8.0,8.0,9.0,5.83,3433.0,2732.0,701.0,18929.0,9.0,9.0,9.0,12.84,7011.0,942.0,6069.0,25940.0,37.0,38.0,38.0,6.1,2901.0,1103.0,1798.0,28841.0,8.0,12.0,22.0,4.45,,,,,,,,,,,,,,,,,,,,,,,,,
d39562ec-929e-4006-b555-b12f6a955465,2025-11-21 15:53:18 UTC,False,23674.0,CFOP,Gan 12 UI Maglev,RandomForest,77308.0,23674.0,,,gan12,custom_rules,,,,8.0,0.0,0.0,23674.0,62.0,62.0,69.0,2.62,9791.0,13794.0,8614.0,0.0,8614.0,8703.0,21.0,21.0,23.0,2.44,0.0,0.0,0.0,8703.0,0.0,0.0,0.0,0.0,2113.0,928.0,1185.0,10816.0,8.0,8.0,9.0,6.75,6697.0,5309.0,1388.0,17513.0,14.0,14.0,15.0,10.09,2209.0,991.0,1218.0,19722.0,8.0,8.0,9.0,6.57,2593.0,1204.0,1389.0,22315.0,10.0,10.0,11.0,7.2,1359.0,1359.0,0.0,23674.0,1.0,1.0,2.0,,,,,,,,,,,,,,,,,,,,,,,,,,
5772eb7c-84ee-4454-84ca-a31fd1eff1c7,2025-11-21 15:54:38 UTC,False,19544.0,CFOP,Gan 12 UI Maglev,RandomForest,46131.0,17544.0,D3,,gan12,custom_rules,,,,8.0,0.0,0.0,17544.0,59.0,60.0,68.0,3.36,4121.0,13423.0,6761.0,0.0,6761.0,6761.0,14.0,14.0,16.0,2.07,0.0,0.0,0.0,6761.0,0.0,0.0,0.0,0.0,1976.0,540.0,1436.0,8737.0,7.0,7.0,8.0,4.87,2245.0,931.0,1314.0,10982.0,8.0,8.0,9.0,6.09,1240.0,1030.0,210.0,12222.0,4.0,4.0,4.0,19.05,1280.0,572.0,708.0,13502.0,8.0,8.0,8.0,11.3,4042.0,1048.0,2994.0,17544.0,18.0,19.0,22.0,6.01,,,,,,,,,,,,,,,,,,,,,,,,,
3dac0c4b-9d16-4097-8dee-1ef9d682d148,2025-11-21 15:55:11 UTC,False,17829.0,CFOP,Gan 12 UI Maglev,RandomForest,6065.0,17829.0,,,gan12,custom_rules,,,,8.0,0.0,0.0,17829.0,59.0,64.0,73.0,3.31,8732.0,9097.0,1709.0,0.0,1709.0,1709.0,6.0,6.0,7.0,3.51,3858.0,2545.0,1313.0,5567.0,8.0,8.0,8.0,6.09,1931.0,1600.0,331.0,7498.0,4.0,4.0,5.0,12.08,4304.0,2412.0,1892.0,11802.0,10.0,10.0,12.0,5.29,1850.0,741.0,1109.0,13652.0,12.0,12.0,13.0,10.82,1319.0,612.0,707.0,14971.0,7.0,7.0,8.0,9.9,2858.0,822.0,2036.0,17829.0,12.0,17.0,20.0,5.89,,,,,,,,,,,,,,,,,,,,,,,,,
029524ed-095a-46f8-8dd4-9af9f080fe25,2025-11-21 15:55:42 UTC,False,16308.0,CFOP,Gan 12 UI Maglev,RandomForest,5403.0,16308.0,,,gan12,custom_rules,,,,8.0,0.0,0.0,16308.0,72.0,74.0,82.0,4.42,7757.0,8551.0,1362.0,0.0,1362.0,1362.0,5.0,6.0,6.0,3.67,2390.0,978.0,1412.0,3752.0,13.0,13.0,15.0,9.21,2089.0,1767.0,322.0,5841.0,5.0,5.0,5.0,15.53,2367.0,1190.0,1177.0,8208.0,11.0,11.0,12.0,9.35,3105.0,1920.0,1185.0,11313.0,8.0,8.0,11.0,6.75,2453.0,1169.0,1284.0,13766.0,10.0,11.0,12.0,7.79,2542.0,733.0,1809.0,16308.0,20.0,20.0,21.0,11.06,,,,,,,,,,,,,,,,,,,,,,,,,
7f9dbf0d-1bea-49dc-afea-d6a2ed364772,2025-11-21 15:56:17 UTC,False,15096.0,CFOP,Gan 12 UI Maglev,RandomForest,10346.0,15096.0,,,gan12,custom_rules,,,,8.0,0.0,0.0,15096.0,54.0,56.0,61.0,3.58,6897.0,8199.0,1701.0,0.0,1701.0,1701.0,6.0,6.0,7.0,3.53,2112.0,1556.0,556.0,3813.0,5.0,6.0,6.0,8.99,1857.0,1575.0,282.0,5670.0,3.0,3.0,3.0,10.64,2343.0,814.0,1529.0,8013.0,7.0,7.0,8.0,4.58,1130.0,572.0,558.0,9143.0,7.0,7.0,8.0,12.54,2205.0,765.0,1440.0,11348.0,9.0,9.0,9.0,6.25,3748.0,1615.0,2133.0,15096.0,17.0,18.0,20.0,7.97,,,,,,,,,,,,,,,,,,,,,,,,,
9d88d795-2d76-419d-af3b-6aac5917117a,2025-11-21 15:56:52 UTC,False,16222.0,CFOP,Gan 12 UI Maglev,RandomForest,8656.0,16222.0,,,gan12,custom_rules,,,,8.0,0.0,0.0,16222.0,55.0,59.0,75.0,3.39,3984.0,12141.0,4589.0,0.0,4589.0,4686.0,9.0,9.0,11.0,1.96,0.0,0.0,0.0,4686.0,0.0,0.0,0.0,0.0,3414.0,508.0,2906.0,8100.0,12.0,12.0,13.0,4.13,1951.0,668.0,1283.0,10051.0,7.0,7.0,8.0,5.46,1733.0,798.0,935.0,11784.0,8.0,8.0,11.0,8.56,2055.0,949.0,1106.0,13839.0,10.0,10.0,13.0,9.04,2383.0,1061.0,1322.0,16222.0,9.0,13.0,19.0,6.81,,,,,,,,,,,,,,,,,,,,,,,,,
9a6b5577-f2ce-4fb1-8774-5924360e0cd8,2025-11-21 15:57:30 UTC,False,17857.0,CFOP,Gan 12 UI Maglev,RandomForest,9980.0,17857.0,,,gan12,custom_rules,,,,8.0,0.0,0.0,17857.0,62.0,64.0,68.0,3.47,6495.0,11266.0,4183.0,0.0,4183.0,4279.0,10.0,10.0,12.0,2.39,0.0,0.0,0.0,4279.0,0.0,0.0,0.0,0.0,3110.0,839.0,2271.0,7389.0,8.0,9.0,9.0,3.52,3221.0,2085.0,1136.0,10610.0,10.0,10.0,10.0,8.8,1649.0,1029.0,620.0,12259.0,5.0,5.0,5.0,8.06,2610.0,1578.0,1032.0,14869.0,9.0,10.0,10.0,8.72,2988.0,964.0,2024.0,17857.0,20.0,20.0,22.0,9.88,,,,,,,,,,,,,,,,,,,,,,,,,
c9451b93-4dd3-4160-b269-27299e1dcac3,2025-11-21 15:58:37 UTC,False,21496.0,CFOP,Gan 12 UI Maglev,RandomForest,35656.0,21496.0,,,gan12,custom_rules,,,,8.0,0.0,0.0,21496.0,59.0,64.0,80.0,2.74,6280.0,15216.0,9993.0,0.0,9993.0,9993.0,12.0,12.0,18.0,1.2,1894.0,1080.0,814.0,11887.0,8.0,8.0,8.0,9.83,1915.0,641.0,1274.0,13802.0,8.0,8.0,9.0,6.28,1672.0,648.0,1024.0,15474.0,8.0,8.0,10.0,7.81,1668.0,1346.0,322.0,17142.0,4.0,4.0,5.0,12.42,2007.0,1177.0,830.0,19149.0,10.0,11.0,12.0,12.05,2347.0,1388.0,959.0,21496.0,9.0,13.0,18.0,9.38,,,,,,,,,,,,,,,,,,,,,,,,,
c366ef53-0578-4f26-b6ff-9d4e8d0e99c2,2025-11-21 15:59:20 UTC,False,17873.0,CFOP,Gan 12 UI Maglev,RandomForest,3331.0,17873.0,,,testing,custom_rules,,,,8.0,0.0,0.0,17873.0,63.0,63.0,70.0,3.52,6406.0,11467.0,3076.0,0.0,3076.0,3076.0,5.0,5.0,6.0,1.63,1638.0,864.0,774.0,4714.0,6.0,6.0,7.0,7.75,2769.0,774.0,1995.0,7483.0,7.0,7.0,8.0,3.51,2300.0,1131.0,1169.0,9783.0,8.0,8.0,9.0,6.84,2023.0,725.0,1298.0,11806.0,8.0,8.0,10.0,6.16,1988.0,772.0,1216.0,13794.0,11.0,11.0,12.0,9.05,4079.0,2140.0,1939.0,17873.0,18.0,18.0,18.0,9.28,,,,,,,,,,,,,,,,,,,,,,,,,
ab7f0481-fb62-4eac-a390-1582d0f181b8,2025-11-21 15:59:57 UTC,False,18385.0,CFOP,Gan 12 UI Maglev,RandomForest,5314.0,18385.0,,,gan12,custom_rules,,,,8.0,0.0,0.0,18385.0,75.0,76.0,84.0,4.08,6832.0,11553.0,1757.0,0.0,1757.0,1757.0,10.0,10.0,10.0,5.69,2249.0,1417.0,832.0,4006.0,8.0,8.0,9.0,9.62,4379.0,918.0,3461.0,8385.0,11.0,11.0,12.0,3.18,2226.0,1285.0,941.0,10611.0,8.0,8.0,9.0,8.5,1908.0,628.0,1280.0,12519.0,11.0,11.0,11.0,8.59,1684.0,958.0,726.0,14203.0,9.0,9.0,10.0,12.4,4182.0,1626.0,2556.0,18385.0,18.0,19.0,23.0,7.04,,,,,,,,,,,,,,,,,,,,,,,,,
2e534614-9d43-470b-8e52-232d1d13b301,2025-11-21 16:00:44 UTC,False,21288.0,CFOP,Gan 12 UI Maglev,RandomForest,15940.0,21288.0,,,gan12,custom_rules,,,,8.0,0.0,0.0,21288.0,50.0,55.0,69.0,2.35,4489.0,16751.0,8934.0,0.0,8934.0,8982.0,9.0,9.0,10.0,1.01,2946.0,331.0,2615.0,11928.0,10.0,10.0,12.0,3.82,2877.0,1135.0,1742.0,14805.0,8.0,8.0,9.0,4.59,1456.0,706.0,750.0,16261.0,5.0,5.0,5.0,6.67,1448.0,636.0,812.0,17709.0,8.0,8.0,9.0,9.85,0.0,0.0,0.0,17709.0,0.0,0.0,0.0,0.0,3579.0,1681.0,1898.0,21288.0,10.0,15.0,24.0,5.27,,,,,,,,,,,,,,,,,,,,,,,,,
d652eb3f-3167-479c-b62e-4effb91b2b3e,2025-11-21 16:01:33 UTC,False,16067.0,CFOP,Gan 12 UI Maglev,RandomForest,23030.0,16067.0,,,gan12,custom_rules,,,,8.0,0.0,0.0,16067.0,68.0,79.0,97.0,4.23,2796.0,13183.0,8178.0,0.0,8178.0,8266.0,30.0,32.0,36.0,3.67,0.0,0.0,0.0,8266.0,0.0,0.0,0.0,0.0,0.0,0.0,0.0,8266.0,0.0,0.0,0.0,0.0,0.0,0.0,0.0,8266.0,0.0,0.0,0.0,0.0,1488.0,964.0,524.0,9754.0,7.0,7.0,8.0,13.36,2053.0,903.0,1150.0,11807.0,14.0,14.0,15.0,12.17,4260.0,929.0,3331.0,16067.0,17.0,26.0,38.0,5.1,,,,,,,,,,,,,,,,,,,,,,,,,
af2cf876-b5f4-42b7-95e9-ac502545f313,2025-11-21 16:02:07 UTC,False,16590.0,CFOP,Gan 12 UI Maglev,RandomForest,4575.0,16590.0,,,gan12,custom_rules,,,,8.0,0.0,0.0,16590.0,82.0,83.0,90.0,4.94,6915.0,9675.0,1458.0,0.0,1458.0,1458.0,8.0,8.0,9.0,5.49,1270.0,440.0,830.0,2728.0,7.0,7.0,8.0,8.43,2244.0,1012.0,1232.0,4972.0,7.0,7.0,8.0,5.68,2857.0,1219.0,1638.0,7829.0,13.0,13.0,16.0,7.94,1858.0,1182.0,676.0,9687.0,8.0,8.0,8.0,11.83,3327.0,1618.0,1709.0,13014.0,18.0,18.0,18.0,10.53,3576.0,1444.0,2132.0,16590.0,21.0,22.0,23.0,9.85,,,,,,,,,,,,,,,,,,,,,,,,,
7a1c0263-732c-4ae5-adc3-3a8a5f8c39c0,2025-11-21 16:02:34 UTC,False,12224.0,CFOP,Gan 12 UI Maglev,RandomForest,6780.0,12224.0,,,gan12,custom_rules,,,,8.0,0.0,0.0,12224.0,57.0,57.0,69.0,4.66,4353.0,7871.0,1176.0,0.0,1176.0,1176.0,5.0,5.0,6.0,4.25,1178.0,502.0,676.0,2354.0,6.0,6.0,8.0,8.88,3801.0,1136.0,2665.0,6155.0,11.0,11.0,15.0,4.13,1199.0,958.0,241.0,7354.0,4.0,4.0,4.0,16.6,1034.0,338.0,696.0,8388.0,8.0,8.0,9.0,11.49,1129.0,605.0,524.0,9517.0,7.0,7.0,8.0,13.36,2707.0,814.0,1893.0,12224.0,16.0,16.0,19.0,8.45,,,,,,,,,,,,,,,,,,,,,,,,,
ac80dee6-92f5-4ecb-ab5f-daed2180a8ac,2025-11-21 16:03:09 UTC,False,18926.0,CFOP,Gan 12 UI Maglev,RandomForest,5628.0,18926.0,,,gan12,custom_rules,,,,8.0,0.0,0.0,18926.0,81.0,81.0,89.0,4.28,5679.0,13207.0,871.0,0.0,871.0,911.0,4.0,4.0,6.0,4.59,2033.0,468.0,1565.0,2944.0,8.0,8.0,8.0,5.11,6380.0,841.0,5539.0,9324.0,19.0,19.0,22.0,3.43,2079.0,809.0,1270.0,11403.0,11.0,11.0,12.0,8.66,1522.0,491.0,1031.0,12925.0,8.0,8.0,9.0,7.76,1946.0,759.0,1187.0,14871.0,13.0,13.0,14.0,10.95,4055.0,2311.0,1744.0,18926.0,18.0,18.0,18.0,10.32,,,,,,,,,,,,,,,,,,,,,,,,,
3a29b07a-8ad6-4bb4-bdd0-3519c487892d,2025-11-21 16:03:58 UTC,False,20527.0,CFOP,Gan 12 UI Maglev,RandomForest,18957.0,20527.0,,,gan12,custom_rules,,,,8.0,0.0,0.0,20527.0,92.0,92.0,98.0,4.48,6751.0,13776.0,1959.0,0.0,1959.0,1959.0,6.0,6.0,7.0,3.06,3105.0,1573.0,1532.0,5064.0,10.0,10.0,10.0,6.53,1465.0,588.0,877.0,6529.0,8.0,8.0,8.0,9.12,2707.0,1085.0,1622.0,9236.0,12.0,12.0,13.0,7.4,1345.0,765.0,580.0,10581.0,8.0,8.0,8.0,13.79,2434.0,1603.0,831.0,13015.0,10.0,10.0,11.0,12.03,7512.0,1137.0,6375.0,20527.0,38.0,38.0,41.0,5.96,,,,,,,,,,,,,,,,,,,,,,,,,
339aa144-67f5-474d-91bc-8f3bf19eca48,2025-11-21 16:04:36 UTC,False,17677.0,CFOP,Gan 12 UI Maglev,RandomForest,10901.0,17677.0,,,gan12,custom_rules,,,,8.0,0.0,0.0,17677.0,79.0,84.0,88.0,4.47,5699.0,11978.0,1676.0,0.0,1676.0,1676.0,6.0,7.0,7.0,3.58,5858.0,314.0,5544.0,7534.0,24.0,24.0,24.0,4.33,1185.0,524.0,661.0,8719.0,8.0,8.0,9.0,12.1,2105.0,1331.0,774.0,10824.0,7.0,7.0,7.0,9.04,883.0,306.0,577.0,11707.0,6.0,7.0,7.0,10.4,2673.0,1586.0,1087.0,14380.0,13.0,15.0,16.0,11.96,3297.0,1638.0,1659.0,17677.0,15.0,16.0,18.0,9.04,,,,,,,,,,,,,,,,,,,,,,,,,
b9a2e502-2006-4be8-a193-2795548544d3,2025-11-21 16:05:12 UTC,False,17704.0,CFOP,Gan 12 UI Maglev,RandomForest,6752.0,17704.0,,,gan12,custom_rules,,,,8.0,0.0,0.0,17704.0,74.0,76.0,83.0,4.18,6594.0,11110.0,3717.0,0.0,3717.0,3717.0,10.0,10.0,13.0,2.69,2601.0,957.0,1644.0,6318.0,9.0,9.0,9.0,5.47,1943.0,1127.0,816.0,8261.0,6.0,7.0,7.0,7.35,1945.0,596.0,1349.0,10206.0,10.0,10.0,13.0,7.41,3160.0,1692.0,1468.0,13366.0,12.0,12.0,12.0,8.17,1986.0,1143.0,843.0,15352.0,11.0,12.0,12.0,13.05,2352.0,1079.0,1273.0,17704.0,16.0,16.0,17.0,12.57,,,,,,,,,,,,,,,,,,,,,,,,,
0eae95f0-8a0b-4f26-85f9-647a6ff62139,2025-11-21 16:05:49 UTC,False,17303.0,CFOP,Gan 12 UI Maglev,RandomForest,10401.0,17303.0,,,gan12,custom_rules,,,,8.0,0.0,0.0,17303.0,70.0,72.0,80.0,4.05,7351.0,9952.0,1713.0,0.0,1713.0,1713.0,6.0,7.0,9.0,3.5,1313.0,1088.0,225.0,3026.0,5.0,5.0,6.0,22.22,3868.0,1796.0,2072.0,6894.0,11.0,11.0,13.0,5.31,3592.0,1007.0,2585.0,10486.0,11.0,11.0,12.0,4.26,2208.0,1612.0,596.0,12694.0,9.0,9.0,9.0,15.1,2175.0,789.0,1386.0,14869.0,14.0,14.0,14.0,10.1,2434.0,1059.0,1375.0,17303.0,14.0,15.0,17.0,10.18,,,,,,,,,,,,,,,,,,,,,,,,,
7997ecc6-e02b-4951-b6d1-195908874979,2025-11-21 16:06:19 UTC,False,15425.0,CFOP,Gan 12 UI Maglev,RandomForest,4430.0,15425.0,,,gan12,custom_rules,,,,8.0,0.0,0.0,15425.0,66.0,67.0,73.0,4.28,7136.0,8289.0,1823.0,0.0,1823.0,1823.0,9.0,10.0,10.0,4.94,3009.0,2009.0,1000.0,4832.0,9.0,9.0,9.0,9.0,2333.0,1007.0,1326.0,7165.0,8.0,8.0,10.0,6.03,1263.0,282.0,981.0,8428.0,8.0,8.0,9.0,8.15,1943.0,1516.0,427.0,10371.0,4.0,4.0,4.0,9.37,1978.0,1197.0,781.0,12349.0,8.0,8.0,9.0,10.24,3076.0,1125.0,1951.0,15425.0,20.0,20.0,22.0,10.25,,,,,,,,,,,,,,,,,,,,,,,,,
8c740c01-4cfa-42e9-8046-68c66e3376d4,2025-11-21 16:06:52 UTC,False,20284.0,CFOP,Gan 12 UI Maglev,RandomForest,2797.0,20284.0,,,gan12,custom_rules,,,,8.0,0.0,0.0,20284.0,67.0,68.0,73.0,3.3,6277.0,14007.0,1434.0,0.0,1434.0,1434.0,7.0,7.0,7.0,4.88,2035.0,883.0,1152.0,3469.0,8.0,8.0,10.0,6.94,1849.0,1076.0,773.0,5318.0,5.0,5.0,5.0,6.47,2285.0,1327.0,958.0,7603.0,8.0,8.0,8.0,8.35,2268.0,695.0,1573.0,9871.0,8.0,8.0,9.0,5.09,8077.0,1385.0,6692.0,17948.0,16.0,17.0,17.0,2.39,2336.0,911.0,1425.0,20284.0,15.0,15.0,17.0,10.53,,,,,,,,,,,,,,,,,,,,,,,,,
7dc142b1-5ca0-4a49-8ffe-6d38231df81b,2025-11-21 16:07:27 UTC,False,14830.0,CFOP,Gan 12 UI Maglev,RandomForest,8244.0,14830.0,,,gan12,custom_rules,,,,8.0,0.0,0.0,14830.0,62.0,63.0,78.0,4.18,6421.0,8409.0,2095.0,0.0,2095.0,2095.0,6.0,6.0,7.0,2.86,3492.0,2186.0,1306.0,5587.0,9.0,9.0,10.0,6.89,1274.0,484.0,790.0,6861.0,6.0,6.0,7.0,7.59,1406.0,391.0,1015.0,8267.0,7.0,7.0,8.0,6.9,1406.0,786.0,620.0,9673.0,8.0,8.0,9.0,12.9,2418.0,1499.0,919.0,12091.0,11.0,11.0,16.0,11.97,2739.0,1075.0,1664.0,14830.0,17.0,17.0,21.0,10.22,,,,,,,,,,,,,,,,,,,,,,,,,
7f7108f3-ec65-42d3-8782-536930597287,2025-11-21 16:08:17 UTC,False,34368.0,CFOP,Gan 12 UI Maglev,RandomForest,6658.0,34368.0,,,gan12,custom_rules,,,,8.0,0.0,0.0,34368.0,132.0,134.0,151.0,3.84,6502.0,27866.0,2530.0,0.0,2530.0,2530.0,8.0,8.0,10.0,3.16,3580.0,1194.0,2386.0,6110.0,15.0,15.0,16.0,6.29,2079.0,1507.0,572.0,8189.0,5.0,5.0,6.0,8.74,2618.0,459.0,2159.0,10807.0,10.0,10.0,10.0,4.63,1822.0,1176.0,646.0,12629.0,7.0,7.0,7.0,10.84,5163.0,837.0,4326.0,17792.0,21.0,21.0,23.0,4.85,16576.0,1329.0,15247.0,34368.0,67.0,69.0,79.0,4.39,,,,,,,,,,,,,,,,,,,,,,,,,
4bf22c13-e49e-44a6-9fe1-c9c7d119d52c,2025-11-21 16:08:50 UTC,False,16312.0,CFOP,Gan 12 UI Maglev,RandomForest,5618.0,16312.0,,,gan12,custom_rules,,,,8.0,0.0,0.0,16312.0,63.0,64.0,72.0,3.86,7877.0,8435.0,1648.0,0.0,1648.0,1648.0,6.0,6.0,7.0,3.64,4267.0,3437.0,830.0,5915.0,6.0,7.0,8.0,7.23,2318.0,1142.0,1176.0,8233.0,8.0,8.0,9.0,6.8,1687.0,487.0,1200.0,9920.0,7.0,7.0,7.0,5.83,1575.0,714.0,861.0,11495.0,8.0,8.0,11.0,9.29,2361.0,1178.0,1183.0,13856.0,13.0,13.0,14.0,10.99,2456.0,919.0,1537.0,16312.0,15.0,15.0,16.0,9.76,,,,,,,,,,,,,,,,,,,,,,,,,
67df2a7b-e422-47be-8616-f0230f44ff07,2025-11-21 16:09:24 UTC,False,19074.0,CFOP,Gan 12 UI Maglev,RandomForest,4080.0,19074.0,,,gan12,custom_rules,,,,8.0,0.0,0.0,19074.0,75.0,76.0,81.0,3.93,9103.0,9971.0,1787.0,0.0,1787.0,1787.0,7.0,7.0,8.0,3.92,1794.0,685.0,1109.0,3581.0,7.0,7.0,7.0,6.31,3055.0,2379.0,676.0,6636.0,9.0,9.0,9.0,13.31,1809.0,1011.0,798.0,8445.0,9.0,9.0,9.0,11.28,5305.0,2462.0,2843.0,13750.0,15.0,15.0,16.0,5.28,2660.0,1398.0,1262.0,16410.0,13.0,13.0,14.0,10.3,2664.0,1168.0,1496.0,19074.0,15.0,16.0,18.0,10.03,,,,,,,,,,,,,,,,,,,,,,,,,
15124df6-47fa-446f-8437-af9f71b96efe,2025-11-21 16:09:55 UTC,False,15737.0,CFOP,Gan 12 UI Maglev,RandomForest,5619.0,15737.0,,,gan12,custom_rules,,,,8.0,0.0,0.0,15737.0,76.0,79.0,85.0,4.83,4697.0,11040.0,4333.0,0.0,4333.0,4333.0,14.0,14.0,17.0,3.23,0.0,0.0,0.0,4333.0,0.0,0.0,0.0,0.0,2313.0,895.0,1418.0,6646.0,12.0,12.0,13.0,8.46,1393.0,508.0,885.0,8039.0,9.0,10.0,10.0,10.17,1518.0,696.0,822.0,9557.0,10.0,10.0,10.0,12.17,3000.0,899.0,2101.0,12557.0,17.0,17.0,17.0,8.09,3180.0,1699.0,1481.0,15737.0,14.0,16.0,18.0,9.45,,,,,,,,,,,,,,,,,,,,,,,,,
2547cb30-fe4f-4c98-8e29-448ae201bb38,2025-11-21 16:10:35 UTC,False,23616.0,CFOP,Gan 12 UI Maglev,RandomForest,4865.0,23616.0,,,gan12,custom_rules,,,,8.0,0.0,0.0,23616.0,72.0,72.0,86.0,3.05,10446.0,13170.0,5343.0,0.0,5343.0,5343.0,9.0,9.0,13.0,1.68,3849.0,2457.0,1392.0,9192.0,8.0,8.0,9.0,5.75,2810.0,1794.0,1016.0,12002.0,9.0,9.0,12.0,8.86,1583.0,608.0,975.0,13585.0,7.0,7.0,8.0,7.18,2425.0,1634.0,791.0,16010.0,8.0,8.0,10.0,10.11,3325.0,1201.0,2124.0,19335.0,13.0,13.0,16.0,6.12,4281.0,2752.0,1529.0,23616.0,18.0,18.0,18.0,11.77,,,,,,,,,,,,,,,,,,,,,,,,,
d6e782e4-e0d5-4d97-a015-08b8d4602990,2025-11-21 16:11:13 UTC,False,17579.0,CFOP,Gan 12 UI Maglev,RandomForest,9672.0,17579.0,,,gan12,custom_rules,,,,8.0,0.0,0.0,17579.0,66.0,66.0,73.0,3.75,7728.0,9851.0,1831.0,0.0,1831.0,1831.0,7.0,7.0,8.0,3.82,943.0,211.0,732.0,2774.0,7.0,7.0,7.0,9.56,2168.0,1676.0,492.0,4942.0,5.0,5.0,5.0,10.16,2596.0,1634.0,962.0,7538.0,8.0,8.0,9.0,8.32,3137.0,1880.0,1257.0,10675.0,10.0,10.0,10.0,7.96,2163.0,1070.0,1093.0,12838.0,12.0,12.0,14.0,10.98,4741.0,1257.0,3484.0,17579.0,17.0,17.0,20.0,4.88,,,,,,,,,,,,,,,,,,,,,,,,,
66206339-4a03-45ca-b1a4-07c99d0bd3d6,2025-11-21 16:11:57 UTC,False,21634.0,CFOP,Gan 12 UI Maglev,RandomForest,13111.0,21634.0,,,gan12,custom_rules,,,,8.0,0.0,0.0,21634.0,64.0,68.0,80.0,2.96,7194.0,14440.0,6648.0,0.0,6648.0,6648.0,15.0,15.0,18.0,2.26,4742.0,2104.0,2638.0,11390.0,11.0,11.0,13.0,4.17,1683.0,709.0,974.0,13073.0,7.0,7.0,7.0,7.19,1559.0,1204.0,355.0,14632.0,4.0,4.0,4.0,11.27,1334.0,532.0,802.0,15966.0,8.0,8.0,9.0,9.98,2538.0,1367.0,1171.0,18504.0,10.0,10.0,11.0,8.54,3130.0,1278.0,1852.0,21634.0,9.0,13.0,18.0,4.86,,,,,,,,,,,,,,,,,,,,,,,,,
0655687e-4df9-48a2-8828-07fcf528955f,2025-11-21 16:12:30 UTC,False,13871.0,CFOP,Gan 12 UI Maglev,RandomForest,9982.0,13871.0,,,gan12,custom_rules,,,,8.0,0.0,0.0,13871.0,57.0,62.0,73.0,4.11,3750.0,10121.0,2492.0,0.0,2492.0,2492.0,9.0,9.0,10.0,3.61,1461.0,314.0,1147.0,3953.0,7.0,7.0,8.0,6.1,1986.0,129.0,1857.0,5939.0,9.0,9.0,11.0,4.85,1781.0,540.0,1241.0,7720.0,8.0,8.0,9.0,6.45,1394.0,781.0,613.0,9114.0,5.0,5.0,5.0,8.16,2034.0,636.0,1398.0,11148.0,12.0,13.0,13.0,8.58,2723.0,1350.0,1373.0,13871.0,8.0,12.0,17.0,5.83,,,,,,,,,,,,,,,,,,,,,,,,,
236d75c7-c729-4121-b54b-fcd37376da05,2025-11-21 16:13:04 UTC,False,12683.0,CFOP,Gan 12 UI Maglev,RandomForest,10985.0,12683.0,,,gan12,custom_rules,,,,8.0,0.0,0.0,12683.0,57.0,62.0,72.0,4.49,4542.0,8141.0,790.0,0.0,790.0,790.0,5.0,5.0,5.0,6.33,2974.0,411.0,2563.0,3764.0,14.0,14.0,14.0,5.46,1605.0,580.0,1025.0,5369.0,7.0,7.0,8.0,6.83,2128.0,807.0,1321.0,7497.0,10.0,10.0,13.0,7.57,1924.0,949.0,975.0,9421.0,7.0,7.0,8.0,7.18,1464.0,852.0,612.0,10885.0,7.0,7.0,7.0,11.44,1798.0,943.0,855.0,12683.0,8.0,12.0,17.0,9.36,,,,,,,,,,,,,,,,,,,,,,,,,
747dceb1-2786-4dd0-9d12-baac86e967b9,2025-11-21 16:14:14 UTC,False,16053.0,CFOP,Gan 12 UI Maglev,RandomForest,42883.0,16053.0,,,gan12,custom_rules,,,,8.0,0.0,0.0,16053.0,70.0,70.0,76.0,4.36,5046.0,10902.0,2681.0,0.0,2681.0,2786.0,6.0,6.0,7.0,2.24,3565.0,819.0,2746.0,6351.0,10.0,10.0,10.0,3.64,1392.0,571.0,821.0,7743.0,8.0,8.0,10.0,9.74,1592.0,699.0,893.0,9335.0,7.0,7.0,7.0,7.84,2167.0,1145.0,1022.0,11502.0,11.0,11.0,11.0,10.76,1917.0,943.0,974.0,13419.0,12.0,12.0,13.0,12.32,2634.0,869.0,1765.0,16053.0,16.0,16.0,18.0,9.07,,,,,,,,,,,,,,,,,,,,,,,,,
e744d736-bcd2-49ee-85e4-2c724d4ae499,2025-11-21 16:14:43 UTC,False,17646.0,CFOP,Gan 12 UI Maglev,RandomForest,3018.0,17646.0,,,gan12,custom_rules,,,,8.0,0.0,0.0,17646.0,72.0,72.0,80.0,4.08,5757.0,11889.0,2202.0,0.0,2202.0,2202.0,5.0,5.0,9.0,2.27,3613.0,1568.0,2045.0,5815.0,11.0,11.0,12.0,5.38,1955.0,541.0,1414.0,7770.0,8.0,8.0,9.0,5.66,1981.0,820.0,1161.0,9751.0,8.0,8.0,9.0,6.89,1114.0,695.0,419.0,10865.0,7.0,7.0,7.0,16.71,2544.0,798.0,1746.0,13409.0,14.0,14.0,15.0,8.02,4237.0,1335.0,2902.0,17646.0,19.0,19.0,19.0,6.55,,,,,,,,,,,,,,,,,,,,,,,,,
c92b0998-f3fb-4bf7-b209-f3463fc3fb9f,2025-11-21 16:15:14 UTC,False,16290.0,CFOP,Gan 12 UI Maglev,RandomForest,4937.0,16290.0,,,gan12,custom_rules,,,,8.0,0.0,0.0,16290.0,76.0,81.0,90.0,4.67,6732.0,9558.0,1733.0,0.0,1733.0,1733.0,7.0,7.0,10.0,4.04,3042.0,1088.0,1954.0,4775.0,13.0,14.0,14.0,6.65,1459.0,653.0,806.0,6234.0,7.0,7.0,8.0,8.68,1788.0,1191.0,597.0,8022.0,7.0,7.0,8.0,11.73,3127.0,1352.0,1775.0,11149.0,15.0,17.0,17.0,8.45,1898.0,795.0,1103.0,13047.0,12.0,12.0,14.0,10.88,3243.0,1653.0,1590.0,16290.0,15.0,17.0,19.0,9.43,,,,,,,,,,,,,,,,,,,,,,,,,
1cafe662-1b64-48f1-a46b-9465a4f16535,2025-11-21 16:15:56 UTC,False,24823.0,CFOP,Gan 12 UI Maglev,RandomForest,8141.0,24823.0,,,gan12,custom_rules,,,,8.0,0.0,0.0,24823.0,70.0,71.0,83.0,2.82,5803.0,19020.0,10940.0,0.0,10940.0,10940.0,16.0,16.0,18.0,1.46,1812.0,1417.0,395.0,12752.0,5.0,5.0,5.0,12.66,2127.0,710.0,1417.0,14879.0,7.0,7.0,9.0,4.94,1774.0,621.0,1153.0,16653.0,8.0,8.0,9.0,6.94,1784.0,817.0,967.0,18437.0,8.0,8.0,12.0,8.27,2347.0,1283.0,1064.0,20784.0,9.0,10.0,10.0,8.46,4039.0,955.0,3084.0,24823.0,17.0,17.0,20.0,5.51,,,,,,,,,,,,,,,,,,,,,,,,,
7a4664b7-b873-4d76-8657-6759c84874da,2025-11-21 16:16:24 UTC,False,15241.0,CFOP,Gan 12 UI Maglev,RandomForest,4231.0,15241.0,,,gan12,custom_rules,,,,8.0,0.0,0.0,15241.0,71.0,71.0,80.0,4.66,4860.0,10381.0,2077.0,0.0,2077.0,2077.0,9.0,9.0,10.0,4.33,2251.0,411.0,1840.0,4328.0,10.0,10.0,10.0,5.43,1487.0,355.0,1132.0,5815.0,7.0,7.0,8.0,6.18,1615.0,737.0,878.0,7430.0,8.0,8.0,9.0,9.11,2130.0,972.0,1158.0,9560.0,8.0,8.0,9.0,6.91,2712.0,1144.0,1568.0,12272.0,10.0,10.0,14.0,6.38,2969.0,1241.0,1728.0,15241.0,19.0,19.0,20.0,11.0,,,,,,,,,,,,,,,,,,,,,,,,,
b812b16b-faef-4882-b8b5-00d7e94dbd22,2025-11-21 16:16:56 UTC,False,15418.0,CFOP,Gan 12 UI Maglev,RandomForest,6891.0,15418.0,,,gan12,custom_rules,,,,8.0,0.0,0.0,15418.0,62.0,65.0,73.0,4.02,4866.0,10552.0,1216.0,0.0,1216.0,1216.0,6.0,6.0,6.0,4.93,1193.0,493.0,700.0,2409.0,6.0,6.0,8.0,8.57,3770.0,878.0,2892.0,6179.0,9.0,9.0,12.0,3.11,2774.0,56.0,2718.0,8953.0,10.0,10.0,10.0,3.68,2068.0,1456.0,612.0,11021.0,9.0,9.0,9.0,14.71,1667.0,845.0,822.0,12688.0,9.0,9.0,10.0,10.95,2730.0,1138.0,1592.0,15418.0,14.0,16.0,18.0,8.79,,,,,,,,,,,,,,,,,,,,,,,,,
d8ef80dd-150c-4977-b225-c7597d22edcd,2025-11-21 16:17:33 UTC,False,25053.0,CFOP,Gan 12 UI Maglev,RandomForest,3409.0,25053.0,,,gan12,custom_rules,,,,8.0,0.0,0.0,25053.0,96.0,102.0,124.0,3.83,7324.0,17729.0,1370.0,0.0,1370.0,1370.0,7.0,7.0,9.0,5.11,2416.0,1910.0,506.0,3786.0,8.0,8.0,10.0,15.81,1781.0,580.0,1201.0,5567.0,7.0,7.0,8.0,5.83,2441.0,1255.0,1186.0,8008.0,8.0,8.0,9.0,6.75,1090.0,144.0,946.0,9098.0,7.0,7.0,7.0,7.4,9374.0,1280.0,8094.0,18472.0,37.0,37.0,43.0,4.57,6581.0,2155.0,4426.0,25053.0,23.0,29.0,38.0,5.2,,,,,,,,,,,,,,,,,,,,,,,,,
a47d0469-8361-4068-a03e-60b3be5a1a5d,2025-11-21 16:31:54 UTC,False,18804.0,CFOP,Gan 12 UI Maglev,RandomForest,26070.0,18804.0,,,gan12,custom_rules,,,,8.0,0.0,0.0,18804.0,75.0,75.0,81.0,3.99,6970.0,11834.0,2979.0,0.0,2979.0,2979.0,8.0,8.0,8.0,2.69,3762.0,1056.0,2706.0,6741.0,13.0,13.0,14.0,4.8,2218.0,1203.0,1015.0,8959.0,8.0,8.0,8.0,7.88,1066.0,519.0,547.0,10025.0,8.0,8.0,8.0,14.63,2587.0,1750.0,837.0,12612.0,9.0,9.0,10.0,10.75,3040.0,985.0,2055.0,15652.0,18.0,18.0,18.0,8.76,3152.0,1457.0,1695.0,18804.0,11.0,11.0,15.0,6.49,,,,,,,,,,,,,,,,,,,,,,,,,
8ca65f9d-40be-44e9-94a9-5200f8b693ab,2025-11-21 16:32:41 UTC,False,16573.0,CFOP,Gan 12 UI Maglev,RandomForest,20817.0,16573.0,,,gan12,custom_rules,,,,8.0,0.0,0.0,16573.0,73.0,75.0,84.0,4.4,3970.0,12523.0,4056.0,0.0,4056.0,4136.0,9.0,9.0,11.0,2.22,2418.0,475.0,1943.0,6554.0,9.0,9.0,10.0,4.63,2066.0,930.0,1136.0,8620.0,8.0,8.0,11.0,7.04,1921.0,664.0,1257.0,10541.0,11.0,11.0,12.0,8.75,884.0,272.0,612.0,11425.0,7.0,7.0,8.0,11.44,1764.0,612.0,1152.0,13189.0,10.0,11.0,11.0,8.68,3384.0,1017.0,2367.0,16573.0,20.0,20.0,21.0,8.45,,,,,,,,,,,,,,,,,,,,,,,,,
9518dfda-f298-4900-9df4-af057bcf57fe,2025-11-21 16:33:22 UTC,False,15955.0,CFOP,Gan 12 UI Maglev,RandomForest,10661.0,15955.0,,,gan12,custom_rules,,,,8.0,0.0,0.0,15955.0,72.0,73.0,82.0,4.51,5527.0,10340.0,1836.0,0.0,1836.0,1924.0,6.0,7.0,9.0,3.27,2646.0,370.0,2276.0,4570.0,15.0,15.0,17.0,6.59,2855.0,815.0,2040.0,7425.0,7.0,7.0,8.0,3.43,1472.0,346.0,1126.0,8897.0,7.0,7.0,8.0,6.22,2708.0,1950.0,758.0,11605.0,9.0,9.0,11.0,11.87,1574.0,671.0,903.0,13179.0,11.0,11.0,12.0,12.18,2776.0,1375.0,1401.0,15955.0,17.0,17.0,17.0,12.13,,,,,,,,,,,,,,,,,,,,,,,,,
0ca9863a-be80-4c71-a76f-9274c78c5cd7,2025-11-21 16:33:57 UTC,False,18066.0,CFOP,Gan 12 UI Maglev,RandomForest,5921.0,18066.0,,,gan12,custom_rules,,,,8.0,0.0,0.0,18066.0,78.0,82.0,93.0,4.32,5185.0,12881.0,2026.0,0.0,2026.0,2026.0,11.0,11.0,13.0,5.43,6617.0,1266.0,5351.0,8643.0,18.0,18.0,20.0,3.36,900.0,666.0,234.0,9543.0,4.0,4.0,4.0,17.09,1895.0,853.0,1042.0,11438.0,8.0,8.0,8.0,7.68,1471.0,563.0,908.0,12909.0,12.0,12.0,12.0,13.22,2734.0,934.0,1800.0,15643.0,17.0,17.0,18.0,9.44,2423.0,903.0,1520.0,18066.0,8.0,12.0,18.0,5.26,,,,,,,,,,,,,,,,,,,,,,,,,
c8eaf7d2-1228-4005-81ce-6153fbf07555,2025-11-21 16:34:44 UTC,False,20769.0,CFOP,Gan 12 UI Maglev,RandomForest,17779.0,20769.0,,,gan12,custom_rules,,,,8.0,0.0,0.0,20769.0,72.0,73.0,85.0,3.47,7668.0,13101.0,1186.0,0.0,1186.0,1186.0,6.0,6.0,6.0,5.06,2747.0,2075.0,672.0,3933.0,7.0,8.0,8.0,10.42,4149.0,1765.0,2384.0,8082.0,9.0,9.0,11.0,3.78,1135.0,202.0,933.0,9217.0,7.0,7.0,8.0,7.5,2162.0,1031.0,1131.0,11379.0,8.0,8.0,11.0,7.07,2969.0,1567.0,1402.0,14348.0,13.0,13.0,16.0,9.27,6421.0,1028.0,5393.0,20769.0,22.0,22.0,25.0,4.08,,,,,,,,,,,,,,,,,,,,,,,,,
6e5de226-5687-489f-a05d-bf80bb4477f2,2025-11-21 16:35:15 UTC,False,18132.0,CFOP,Gan 12 UI Maglev,RandomForest,4324.0,18132.0,,,gan12,custom_rules,,,,8.0,0.0,0.0,18132.0,64.0,64.0,68.0,3.53,7771.0,10361.0,2593.0,0.0,2593.0,2593.0,8.0,8.0,8.0,3.09,4350.0,1909.0,2441.0,6943.0,12.0,12.0,13.0,4.92,2163.0,435.0,1728.0,9106.0,7.0,7.0,8.0,4.05,3538.0,2781.0,757.0,12644.0,8.0,8.0,8.0,10.57,1649.0,980.0,669.0,14293.0,8.0,8.0,8.0,11.96,1585.0,957.0,628.0,15878.0,7.0,7.0,7.0,11.15,2254.0,709.0,1545.0,18132.0,15.0,15.0,16.0,9.71,,,,,,,,,,,,,,,,,,,,,,,,,
f15f09e2-6acd-4d5e-9466-5d8ac419844f,2025-11-21 16:35:59 UTC,False,27600.0,CFOP,Gan 12 UI Maglev,RandomForest,6430.0,27600.0,,,gan12,custom_rules,,,,8.0,0.0,0.0,27600.0,95.0,105.0,114.0,3.44,2388.0,25212.0,11859.0,0.0,11859.0,11859.0,36.0,41.0,45.0,3.04,0.0,0.0,0.0,11859.0,0.0,0.0,0.0,0.0,0.0,0.0,0.0,11859.0,0.0,0.0,0.0,0.0,0.0,0.0,0.0,11859.0,0.0,0.0,0.0,0.0,11558.0,451.0,11107.0,23417.0,31.0,36.0,41.0,2.79,1996.0,1120.0,876.0,25413.0,11.0,11.0,11.0,12.56,2187.0,817.0,1370.0,27600.0,17.0,17.0,17.0,12.41,,,,,,,,,,,,,,,,,,,,,,,,,
2163da87-798d-415b-a0fd-d9a5df868c41,2025-11-21 16:36:31 UTC,False,13593.0,CFOP,Gan 12 UI Maglev,RandomForest,8948.0,13593.0,,,gan12,custom_rules,,,,8.0,0.0,0.0,13593.0,69.0,69.0,77.0,5.08,3908.0,9685.0,1825.0,0.0,1825.0,1825.0,8.0,8.0,8.0,4.38,829.0,580.0,249.0,2654.0,4.0,4.0,4.0,16.06,3754.0,919.0,2835.0,6408.0,14.0,14.0,14.0,4.94,1487.0,311.0,1176.0,7895.0,8.0,8.0,9.0,6.8,1000.0,210.0,790.0,8895.0,7.0,7.0,9.0,8.86,1504.0,956.0,548.0,10399.0,9.0,9.0,10.0,16.42,3194.0,932.0,2262.0,13593.0,20.0,20.0,23.0,8.84,,,,,,,,,,,,,,,,,,,,,,,,,
b92e7086-8af6-49d4-b091-655ac4ebd713,2025-11-21 16:37:03 UTC,False,17927.0,CFOP,Gan 12 UI Maglev,RandomForest,4031.0,17927.0,,,gan12,custom_rules,,,,8.0,0.0,0.0,17927.0,67.0,71.0,89.0,3.74,7650.0,10277.0,2784.0,0.0,2784.0,2784.0,10.0,10.0,13.0,3.59,2231.0,1377.0,854.0,5015.0,8.0,8.0,9.0,9.37,2383.0,1550.0,833.0,7398.0,8.0,8.0,9.0,9.6,1955.0,1128.0,827.0,9353.0,8.0,8.0,10.0,9.67,3814.0,1562.0,2252.0,13167.0,11.0,11.0,12.0,4.88,2642.0,1027.0,1615.0,15809.0,15.0,15.0,16.0,9.29,2118.0,1006.0,1112.0,17927.0,7.0,11.0,20.0,6.29,,,,,,,,,,,,,,,,,,,,,,,,,
b0c272bb-7661-40e1-a123-b7a9d0ada866,2025-11-21 16:37:43 UTC,False,13833.0,CFOP,Gan 12 UI Maglev,RandomForest,15812.0,13833.0,,,gan12,custom_rules,,,,8.0,0.0,0.0,13833.0,61.0,66.0,71.0,4.41,4248.0,9585.0,3391.0,0.0,3391.0,3391.0,12.0,13.0,14.0,3.54,0.0,0.0,0.0,3391.0,0.0,0.0,0.0,0.0,1313.0,492.0,821.0,4704.0,8.0,8.0,10.0,9.74,1308.0,349.0,959.0,6012.0,7.0,7.0,7.0,7.3,1831.0,1243.0,588.0,7843.0,7.0,7.0,7.0,11.9,2496.0,854.0,1642.0,10339.0,11.0,13.0,13.0,6.7,3494.0,1310.0,2184.0,13833.0,16.0,18.0,20.0,7.33,,,,,,,,,,,,,,,,,,,,,,,,,
acf51f7c-3a00-4ca2-a5a4-3dd19966516b,2025-11-21 16:38:27 UTC,False,13555.0,CFOP,Gan 12 UI Maglev,RandomForest,22231.0,13555.0,,,gan12,custom_rules,,,,8.0,0.0,0.0,13555.0,65.0,66.0,76.0,4.8,6449.0,7106.0,2148.0,0.0,2148.0,2148.0,5.0,6.0,7.0,2.33,1833.0,886.0,947.0,3981.0,9.0,9.0,11.0,9.5,1526.0,889.0,637.0,5507.0,8.0,8.0,10.0,12.56,1401.0,1134.0,267.0,6908.0,4.0,4.0,6.0,14.98,2073.0,1605.0,468.0,8981.0,9.0,9.0,10.0,19.23,1761.0,777.0,984.0,10742.0,12.0,12.0,13.0,12.2,2813.0,1158.0,1655.0,13555.0,18.0,18.0,19.0,10.88,,,,,,,,,,,,,,,,,,,,,,,,,
324f93e4-2c0c-497b-863c-aee0429945fa,2025-11-21 16:39:09 UTC,False,18219.0,CFOP,Gan 12 UI Maglev,RandomForest,15713.0,18219.0,,,gan12,custom_rules,,,,8.0,0.0,0.0,18219.0,68.0,75.0,87.0,3.73,5386.0,12833.0,2338.0,0.0,2338.0,2338.0,8.0,8.0,9.0,3.42,1522.0,202.0,1320.0,3860.0,8.0,9.0,9.0,6.06,4892.0,924.0,3968.0,8752.0,17.0,17.0,19.0,4.28,1509.0,671.0,838.0,10261.0,6.0,7.0,8.0,7.16,1449.0,428.0,1021.0,11710.0,11.0,11.0,12.0,10.77,3450.0,1507.0,1943.0,15160.0,11.0,12.0,13.0,5.66,3059.0,1654.0,1405.0,18219.0,8.0,12.0,17.0,5.69,,,,,,,,,,,,,,,,,,,,,,,,,
558daa9c-5684-40d0-b051-7740d161787c,2025-11-21 16:40:03 UTC,False,24317.0,CFOP,Gan 12 UI Maglev,RandomForest,20986.0,24317.0,,,gan12,custom_rules,,,,8.0,0.0,0.0,24317.0,95.0,100.0,115.0,3.91,2981.0,21336.0,13936.0,0.0,13936.0,13936.0,39.0,44.0,49.0,2.8,0.0,0.0,0.0,13936.0,0.0,0.0,0.0,0.0,0.0,0.0,0.0,13936.0,0.0,0.0,0.0,0.0,2955.0,494.0,2461.0,16891.0,12.0,12.0,14.0,4.88,1277.0,330.0,947.0,18168.0,12.0,12.0,13.0,12.67,3101.0,1247.0,1854.0,21269.0,15.0,15.0,18.0,8.09,3048.0,910.0,2138.0,24317.0,17.0,17.0,21.0,7.95,,,,,,,,,,,,,,,,,,,,,,,,,
6c5baefe-acb9-410f-ba61-571f77a10965,2025-11-21 16:40:32 UTC,False,14939.0,CFOP,Gan 12 UI Maglev,RandomForest,3680.0,14939.0,,,gan12,custom_rules,,,,8.0,0.0,0.0,14939.0,70.0,71.0,78.0,4.69,5712.0,9146.0,1710.0,0.0,1710.0,1791.0,6.0,6.0,7.0,3.51,2095.0,1007.0,1088.0,3886.0,12.0,12.0,13.0,11.03,2455.0,1391.0,1064.0,6341.0,7.0,7.0,8.0,6.58,1612.0,572.0,1040.0,7953.0,7.0,7.0,7.0,6.73,1661.0,759.0,902.0,9614.0,8.0,8.0,9.0,8.87,2752.0,887.0,1865.0,12366.0,15.0,15.0,16.0,8.04,2573.0,1096.0,1477.0,14939.0,15.0,16.0,18.0,10.16,,,,,,,,,,,,,,,,,,,,,,,,,
5a36dd02-50ab-4c93-abce-0b182975ddc2,2025-11-21 16:41:03 UTC,False,14245.0,CFOP,Gan 12 UI Maglev,RandomForest,6861.0,14245.0,,,gan12,custom_rules,,,,8.0,0.0,0.0,14245.0,76.0,77.0,85.0,5.34,5747.0,8498.0,1781.0,0.0,1781.0,1781.0,9.0,9.0,11.0,5.05,1762.0,886.0,876.0,3543.0,9.0,9.0,10.0,10.27,1352.0,467.0,885.0,4895.0,8.0,8.0,10.0,9.04,1391.0,499.0,892.0,6286.0,8.0,8.0,8.0,8.97,1120.0,621.0,499.0,7406.0,7.0,7.0,7.0,14.03,3354.0,1912.0,1442.0,10760.0,19.0,19.0,19.0,13.18,3485.0,1362.0,2123.0,14245.0,16.0,17.0,20.0,7.54,,,,,,,,,,,,,,,,,,,,,,,,,
b6b9c221-9d1e-4147-98e0-75a5ff053472,2025-11-21 16:41:37 UTC,False,15863.0,CFOP,Gan 12 UI Maglev,RandomForest,7735.0,15863.0,,,gan12,custom_rules,,,,8.0,0.0,0.0,15863.0,71.0,72.0,83.0,4.48,6390.0,9473.0,1599.0,0.0,1599.0,1599.0,7.0,7.0,7.0,4.38,2075.0,516.0,1559.0,3674.0,11.0,11.0,12.0,7.06,3871.0,2418.0,1453.0,7545.0,7.0,7.0,9.0,4.82,2061.0,476.0,1585.0,9606.0,11.0,11.0,12.0,6.94,1633.0,1013.0,620.0,11239.0,8.0,8.0,10.0,12.9,1808.0,837.0,971.0,13047.0,11.0,11.0,12.0,11.33,2816.0,1130.0,1686.0,15863.0,17.0,18.0,21.0,10.08,,,,,,,,,,,,,,,,,,,,,,,,,
84023e62-fec9-4028-bfca-9a0dc2289b98,2025-11-21 16:42:17 UTC,False,15964.0,CFOP,Gan 12 UI Maglev,RandomForest,16130.0,15964.0,,,gan12,custom_rules,,,,8.0,0.0,0.0,15964.0,65.0,65.0,71.0,4.07,5852.0,10112.0,2191.0,0.0,2191.0,2191.0,7.0,7.0,7.0,3.19,4054.0,1724.0,2330.0,6245.0,11.0,11.0,11.0,4.72,2002.0,1728.0,274.0,8247.0,3.0,3.0,3.0,10.95,1704.0,548.0,1156.0,9951.0,8.0,8.0,10.0,6.92,1658.0,128.0,1530.0,11609.0,11.0,11.0,12.0,7.19,1924.0,991.0,933.0,13533.0,9.0,9.0,10.0,9.65,2431.0,733.0,1698.0,15964.0,17.0,17.0,18.0,10.01,,,,,,,,,,,,,,,,,,,,,,,,,
a2a0935a-b4f6-4dc1-b26b-9a1b7b4204aa,2025-11-21 16:42:49 UTC,False,17942.0,CFOP,Gan 12 UI Maglev,RandomForest,4182.0,17942.0,,,gan12,custom_rules,,,,8.0,0.0,0.0,17942.0,79.0,79.0,83.0,4.4,5052.0,12890.0,2414.0,0.0,2414.0,2414.0,8.0,8.0,9.0,3.31,2747.0,1393.0,1354.0,5161.0,6.0,6.0,7.0,4.43,2208.0,895.0,1313.0,7369.0,8.0,8.0,8.0,6.09,2054.0,1112.0,942.0,9423.0,8.0,8.0,8.0,8.49,2885.0,517.0,2368.0,12308.0,12.0,12.0,13.0,5.07,3002.0,251.0,2751.0,15310.0,19.0,19.0,20.0,6.91,2632.0,884.0,1748.0,17942.0,18.0,18.0,18.0,10.3,,,,,,,,,,,,,,,,,,,,,,,,,
68828f9d-017f-470f-a745-dbc438fc5fed,2025-11-21 16:43:27 UTC,False,14384.0,CFOP,Gan 12 UI Maglev,RandomForest,11339.0,14384.0,,,gan12,custom_rules,,,,8.0,0.0,0.0,14384.0,58.0,64.0,74.0,4.03,6969.0,7415.0,1612.0,0.0,1612.0,1612.0,7.0,7.0,7.0,4.34,2287.0,1257.0,1030.0,3899.0,9.0,10.0,11.0,8.74,2412.0,1404.0,1008.0,6311.0,8.0,8.0,8.0,7.94,1560.0,487.0,1073.0,7871.0,7.0,7.0,8.0,6.52,2265.0,1587.0,678.0,10136.0,8.0,8.0,9.0,11.8,1786.0,915.0,871.0,11922.0,10.0,11.0,11.0,11.48,2462.0,1319.0,1143.0,14384.0,9.0,13.0,20.0,7.87,,,,,,,,,,,,,,,,,,,,,,,,,
0b8b13ac-3252-467c-8cbc-04ce75b3c66e,2025-11-21 16:44:16 UTC,False,17273.0,CFOP,Gan 12 UI Maglev,RandomForest,6678.0,17273.0,,,gan12,custom_rules,,,,8.0,0.0,0.0,17273.0,75.0,80.0,94.0,4.34,7033.0,10184.0,2260.0,0.0,2260.0,2316.0,8.0,8.0,11.0,3.54,2874.0,1380.0,1494.0,5190.0,9.0,9.0,11.0,6.02,1628.0,870.0,758.0,6818.0,8.0,8.0,8.0,10.55,1798.0,1274.0,524.0,8616.0,8.0,8.0,8.0,15.27,1977.0,1324.0,653.0,10593.0,8.0,8.0,9.0,12.25,1624.0,786.0,838.0,12217.0,10.0,10.0,10.0,11.93,5056.0,1399.0,3657.0,17273.0,24.0,29.0,37.0,6.56,,,,,,,,,,,,,,,,,,,,,,,,,
040a2fba-b2ea-451a-ab15-cb88374bccae,2025-11-21 16:45:15 UTC,False,17847.0,CFOP,Gan 12 UI Maglev,RandomForest,22726.0,17847.0,,,gan12,custom_rules,,,,8.0,0.0,0.0,17847.0,63.0,65.0,75.0,3.53,6038.0,11809.0,2434.0,0.0,2434.0,2434.0,8.0,8.0,9.0,3.29,3177.0,1235.0,1942.0,5611.0,10.0,10.0,14.0,5.15,1224.0,330.0,894.0,6835.0,8.0,8.0,9.0,8.95,2129.0,1015.0,1114.0,8964.0,8.0,8.0,8.0,7.18,893.0,611.0,282.0,9857.0,4.0,4.0,4.0,14.18,1708.0,596.0,1112.0,11565.0,9.0,10.0,10.0,8.09,6282.0,2251.0,4031.0,17847.0,17.0,18.0,21.0,4.22,,,,,,,,,,,,,,,,,,,,,,,,,
095c0740-db36-4e26-89be-9f0fc1bbf36c,2025-11-21 19:05:57 UTC,False,20240.0,CFOP,Gan 12 UI Maglev,RandomForest,15513.0,20240.0,,,gan12,custom_rules,,,,8.0,0.0,0.0,20240.0,79.0,79.0,84.0,3.9,6252.0,13988.0,2282.0,0.0,2282.0,2282.0,8.0,8.0,8.0,3.51,2093.0,807.0,1286.0,4375.0,8.0,8.0,9.0,6.22,1819.0,852.0,967.0,6194.0,8.0,8.0,9.0,8.27,2052.0,867.0,1185.0,8246.0,13.0,13.0,13.0,10.97,5551.0,620.0,4931.0,13797.0,12.0,12.0,14.0,2.43,2635.0,1103.0,1532.0,16432.0,13.0,13.0,14.0,8.49,3808.0,2003.0,1805.0,20240.0,17.0,17.0,17.0,9.42,,,,,,,,,,,,,,,,,,,,,,,,,
b2966aa1-1c3b-422c-af2d-77278228e4d6,2025-11-21 19:07:03 UTC,False,16664.0,CFOP,Gan 12 UI Maglev,RandomForest,7328.0,16664.0,,,gan12,custom_rules,,,,8.0,0.0,0.0,16664.0,77.0,77.0,85.0,4.62,4965.0,11699.0,1677.0,0.0,1677.0,1677.0,7.0,7.0,8.0,4.17,3121.0,443.0,2678.0,4798.0,16.0,16.0,17.0,5.97,1700.0,1306.0,394.0,6498.0,5.0,5.0,6.0,12.69,1631.0,806.0,825.0,8129.0,11.0,11.0,11.0,13.33,1799.0,1072.0,727.0,9928.0,8.0,8.0,8.0,11.0,2287.0,549.0,1738.0,12215.0,9.0,9.0,12.0,5.18,4449.0,789.0,3660.0,16664.0,21.0,21.0,23.0,5.74,,,,,,,,,,,,,,,,,,,,,,,,,
d4cb9dce-94d2-48b0-8120-bacbd1ffdfb9,2025-11-21 19:08:14 UTC,False,47051.0,CFOP,Gan 12 UI Maglev,RandomForest,11583.0,47051.0,,,gan12,custom_rules,,,,8.0,0.0,0.0,47051.0,165.0,172.0,192.0,3.51,6789.0,40181.0,3662.0,0.0,3662.0,3743.0,11.0,11.0,12.0,3.0,2756.0,1362.0,1394.0,6499.0,8.0,8.0,9.0,5.74,1236.0,323.0,913.0,7735.0,8.0,8.0,9.0,8.76,1661.0,395.0,1266.0,9396.0,7.0,7.0,8.0,5.53,2984.0,1784.0,1200.0,12380.0,8.0,8.0,12.0,6.67,14297.0,1126.0,13171.0,26677.0,41.0,45.0,47.0,3.11,20374.0,1799.0,18575.0,47051.0,82.0,85.0,95.0,4.41,,,,,,,,,,,,,,,,,,,,,,,,,
550ce889-6557-4ad6-9fa8-99f20b1c435e,2025-11-21 19:08:51 UTC,False,18419.0,CFOP,Gan 12 UI Maglev,RandomForest,8163.0,18419.0,,,gan12,custom_rules,,,,8.0,0.0,0.0,18419.0,78.0,78.0,85.0,4.23,5048.0,13371.0,3047.0,0.0,3047.0,3047.0,6.0,6.0,9.0,1.97,1908.0,629.0,1279.0,4955.0,8.0,8.0,10.0,6.25,1938.0,355.0,1583.0,6893.0,8.0,8.0,9.0,5.05,3669.0,637.0,3032.0,10562.0,10.0,10.0,11.0,3.3,2097.0,1395.0,702.0,12659.0,10.0,10.0,10.0,14.25,2553.0,839.0,1714.0,15212.0,17.0,17.0,17.0,9.92,3207.0,1193.0,2014.0,18419.0,19.0,19.0,19.0,9.43,,,,,,,,,,,,,,,,,,,,,,,,,
69f53e81-a58b-448d-95bd-61e01a99a915,2025-11-21 19:09:22 UTC,False,15931.0,CFOP,Gan 12 UI Maglev,RandomForest,5475.0,15931.0,,,gan12,custom_rules,,,,8.0,0.0,0.0,15931.0,63.0,64.0,74.0,3.95,6434.0,9497.0,1266.0,0.0,1266.0,1266.0,6.0,6.0,7.0,4.74,2786.0,1852.0,934.0,4052.0,8.0,8.0,9.0,8.57,1112.0,951.0,161.0,5164.0,4.0,4.0,4.0,24.84,2826.0,630.0,2196.0,7990.0,12.0,12.0,13.0,5.46,1983.0,1056.0,927.0,9973.0,11.0,11.0,12.0,11.87,1867.0,843.0,1024.0,11840.0,7.0,7.0,8.0,6.84,4091.0,1102.0,2989.0,15931.0,15.0,16.0,21.0,5.02,,,,,,,,,,,,,,,,,,,,,,,,,
45f690fd-8396-45d0-af6d-96f0b4960c4e,2025-11-21 19:10:05 UTC,False,19244.0,CFOP,Gan 12 UI Maglev,RandomForest,10817.0,19244.0,,,gan12,custom_rules,,,,8.0,0.0,0.0,19244.0,66.0,75.0,90.0,3.43,3233.0,15931.0,13240.0,0.0,13240.0,13320.0,36.0,41.0,48.0,2.72,0.0,0.0,0.0,13320.0,0.0,0.0,0.0,0.0,0.0,0.0,0.0,13320.0,0.0,0.0,0.0,0.0,0.0,0.0,0.0,13320.0,0.0,0.0,0.0,0.0,1982.0,1289.0,693.0,15302.0,8.0,8.0,9.0,11.54,1859.0,892.0,967.0,17161.0,13.0,13.0,14.0,13.44,2083.0,1052.0,1031.0,19244.0,9.0,13.0,19.0,8.73,,,,,,,,,,,,,,,,,,,,,,,,,
aa0cb2c4-3761-49ec-8a3a-75f9d8c180fa,2025-11-21 19:10:30 UTC,False,13301.0,CFOP,Gan 12 UI Maglev,RandomForest,2917.0,13301.0,,,gan12,custom_rules,,,,8.0,0.0,0.0,13301.0,63.0,65.0,71.0,4.74,5447.0,7854.0,1201.0,0.0,1201.0,1201.0,6.0,6.0,7.0,5.0,2911.0,1308.0,1603.0,4112.0,11.0,11.0,12.0,6.86,1183.0,345.0,838.0,5295.0,5.0,6.0,7.0,5.97,976.0,799.0,177.0,6271.0,4.0,4.0,5.0,22.6,1634.0,758.0,876.0,7905.0,8.0,8.0,8.0,9.13,2410.0,1242.0,1168.0,10315.0,12.0,13.0,13.0,10.27,2986.0,995.0,1991.0,13301.0,17.0,17.0,19.0,8.54,,,,,,,,,,,,,,,,,,,,,,,,,
46c01ed9-fb60-4f73-9ba7-073629910696,2025-11-21 19:11:04 UTC,False,16569.0,CFOP,Gan 12 UI Maglev,RandomForest,5976.0,16569.0,,,gan12,custom_rules,,,,8.0,0.0,0.0,16569.0,77.0,77.0,85.0,4.65,5227.0,11245.0,1754.0,0.0,1754.0,1851.0,7.0,7.0,10.0,3.99,3992.0,806.0,3186.0,5843.0,13.0,13.0,14.0,4.08,2422.0,419.0,2003.0,8265.0,13.0,13.0,16.0,6.49,2279.0,1182.0,1097.0,10544.0,8.0,8.0,8.0,7.29,1515.0,717.0,798.0,12059.0,8.0,8.0,9.0,10.03,1497.0,838.0,659.0,13556.0,10.0,10.0,10.0,15.17,3013.0,1265.0,1748.0,16569.0,18.0,18.0,18.0,10.3,,,,,,,,,,,,,,,,,,,,,,,,,
299c2503-a30a-4038-ba6b-bbbccfdde877,2025-11-21 19:11:43 UTC,False,19518.0,CFOP,Gan 12 UI Maglev,RandomForest,7931.0,19518.0,,,gan12,custom_rules,,,,8.0,0.0,0.0,19518.0,91.0,92.0,101.0,4.66,5981.0,13537.0,1832.0,0.0,1832.0,1832.0,7.0,7.0,9.0,3.82,1833.0,1345.0,488.0,3665.0,8.0,8.0,9.0,16.39,2168.0,410.0,1758.0,5833.0,10.0,10.0,10.0,5.69,2719.0,641.0,2078.0,8552.0,12.0,12.0,13.0,5.77,4453.0,1192.0,3261.0,13005.0,13.0,13.0,15.0,3.99,2486.0,1264.0,1222.0,15491.0,15.0,16.0,16.0,12.27,4027.0,1129.0,2898.0,19518.0,26.0,26.0,29.0,8.97,,,,,,,,,,,,,,,,,,,,,,,,,
bc145bf2-0d59-4b25-8318-db7da15b3d9e,2025-11-21 19:12:17 UTC,False,16559.0,CFOP,Gan 12 UI Maglev,RandomForest,6630.0,16559.0,,,gan12,custom_rules,,,,8.0,0.0,0.0,16559.0,67.0,67.0,76.0,4.05,6876.0,9683.0,1713.0,0.0,1713.0,1713.0,7.0,7.0,7.0,4.09,2300.0,1016.0,1284.0,4013.0,7.0,7.0,8.0,5.45,1279.0,604.0,675.0,5292.0,8.0,8.0,9.0,11.85,3060.0,1663.0,1397.0,8352.0,8.0,8.0,10.0,5.73,2253.0,1624.0,629.0,10605.0,8.0,8.0,9.0,12.72,2895.0,892.0,2003.0,13500.0,9.0,9.0,12.0,4.49,3059.0,1077.0,1982.0,16559.0,20.0,20.0,21.0,10.09,,,,,,,,,,,,,,,,,,,,,,,,,
be76ef85-6185-442c-91e1-63659f9acdba,2025-11-21 19:14:17 UTC,False,26205.0,CFOP,Gan 12 UI Maglev,RandomForest,20873.0,26205.0,,,gan12,custom_rules,,,,8.0,0.0,0.0,26205.0,80.0,81.0,98.0,3.05,6024.0,20181.0,10453.0,0.0,10453.0,10453.0,17.0,18.0,21.0,1.63,3144.0,613.0,2531.0,13597.0,4.0,4.0,5.0,1.58,3951.0,1910.0,2041.0,17548.0,10.0,10.0,13.0,4.9,2240.0,1378.0,862.0,19788.0,8.0,8.0,11.0,9.28,1350.0,512.0,838.0,21138.0,11.0,11.0,12.0,13.13,2224.0,822.0,1402.0,23362.0,11.0,11.0,17.0,7.85,2843.0,789.0,2054.0,26205.0,19.0,19.0,19.0,9.25,,,,,,,,,,,,,,,,,,,,,,,,,
daa81f62-ba8e-4a47-b249-b545ace140b3,2025-11-21 19:14:47 UTC,False,11615.0,CFOP,Gan 12 UI Maglev,RandomForest,8720.0,11615.0,,,gan12,custom_rules,,,,8.0,0.0,0.0,11615.0,57.0,58.0,65.0,4.91,5289.0,6326.0,1216.0,0.0,1216.0,1216.0,5.0,5.0,6.0,4.11,1471.0,359.0,1112.0,2687.0,7.0,7.0,8.0,6.29,1695.0,687.0,1008.0,4382.0,8.0,8.0,10.0,7.94,1070.0,941.0,129.0,5452.0,4.0,4.0,4.0,31.01,2319.0,1634.0,685.0,7771.0,8.0,8.0,9.0,11.68,1717.0,903.0,814.0,9488.0,10.0,11.0,11.0,12.29,2127.0,765.0,1362.0,11615.0,15.0,15.0,17.0,11.01,,,,,,,,,,,,,,,,,,,,,,,,,
15d362c2-9088-408b-a829-418aa8799094,2025-11-21 19:15:17 UTC,False,15300.0,CFOP,Gan 12 UI Maglev,RandomForest,4185.0,15300.0,,,gan12,custom_rules,,,,8.0,0.0,0.0,15300.0,65.0,66.0,81.0,4.25,7347.0,7953.0,1169.0,0.0,1169.0,1169.0,5.0,5.0,6.0,4.28,1957.0,1216.0,741.0,3126.0,8.0,8.0,9.0,10.8,1788.0,636.0,1152.0,4914.0,10.0,10.0,13.0,8.68,3374.0,2760.0,614.0,8288.0,8.0,8.0,10.0,13.03,1217.0,282.0,935.0,9505.0,7.0,7.0,9.0,7.49,2223.0,997.0,1226.0,11728.0,10.0,10.0,15.0,8.16,3572.0,1456.0,2116.0,15300.0,18.0,18.0,19.0,8.51,,,,,,,,,,,,,,,,,,,,,,,,,
4332e57b-79d9-40a5-9151-6a4e6a4050f5,2025-11-21 19:15:58 UTC,False,22084.0,CFOP,Gan 12 UI Maglev,RandomForest,5488.0,22084.0,,,gan12,custom_rules,,,,8.0,0.0,0.0,22084.0,79.0,80.0,91.0,3.58,8137.0,13947.0,1648.0,0.0,1648.0,1648.0,8.0,8.0,8.0,4.85,7062.0,1234.0,5828.0,8710.0,20.0,20.0,23.0,3.43,4914.0,2525.0,2389.0,13624.0,9.0,9.0,12.0,3.77,1031.0,805.0,226.0,14655.0,4.0,4.0,4.0,17.7,1586.0,813.0,773.0,16241.0,8.0,8.0,8.0,10.35,2332.0,677.0,1655.0,18573.0,14.0,14.0,17.0,8.46,3511.0,2083.0,1428.0,22084.0,16.0,17.0,19.0,11.2,,,,,,,,,,,,,,,,,,,,,,,,,
857004ca-589b-4f62-8d0c-f94c6899f5c7,2025-11-21 19:16:33 UTC,False,14167.0,CFOP,Gan 12 UI Maglev,RandomForest,11073.0,14167.0,,,gan12,custom_rules,,,,8.0,0.0,0.0,14167.0,70.0,70.0,79.0,4.94,4230.0,9937.0,692.0,0.0,692.0,692.0,4.0,4.0,4.0,5.78,2928.0,483.0,2445.0,3620.0,12.0,12.0,12.0,4.91,2091.0,894.0,1197.0,5711.0,7.0,7.0,8.0,5.85,2213.0,419.0,1794.0,7924.0,9.0,9.0,11.0,5.02,1242.0,695.0,547.0,9166.0,8.0,8.0,9.0,14.63,2300.0,955.0,1345.0,11466.0,13.0,13.0,15.0,9.67,2701.0,784.0,1917.0,14167.0,17.0,17.0,20.0,8.87,,,,,,,,,,,,,,,,,,,,,,,,,
facf3804-1a75-44c3-8670-3a2f9c1b0c2d,2025-11-21 19:17:16 UTC,False,20396.0,CFOP,Gan 12 UI Maglev,RandomForest,11966.0,20396.0,,,gan12,custom_rules,,,,8.0,0.0,0.0,20396.0,73.0,80.0,91.0,3.58,5826.0,14570.0,4369.0,0.0,4369.0,4369.0,12.0,12.0,13.0,2.75,1598.0,719.0,879.0,5967.0,5.0,6.0,6.0,5.69,1489.0,323.0,1166.0,7456.0,8.0,9.0,9.0,6.86,2617.0,920.0,1697.0,10073.0,8.0,8.0,9.0,4.71,2199.0,1642.0,557.0,12272.0,5.0,5.0,6.0,8.98,3027.0,1111.0,1916.0,15299.0,12.0,13.0,13.0,6.26,5097.0,1111.0,3986.0,20396.0,23.0,27.0,35.0,5.77,,,,,,,,,,,,,,,,,,,,,,,,,
2dac1e3c-65b5-4791-833d-a29ddf9cedff,2025-11-21 19:18:03 UTC,False,15576.0,CFOP,Gan 12 UI Maglev,RandomForest,18032.0,15576.0,,,gan12,custom_rules,,,,8.0,0.0,0.0,15576.0,76.0,76.0,88.0,4.88,6677.0,8899.0,1298.0,0.0,1298.0,1298.0,5.0,5.0,6.0,3.85,1877.0,1006.0,871.0,3175.0,9.0,9.0,10.0,10.33,1470.0,680.0,790.0,4645.0,12.0,12.0,13.0,15.19,2663.0,988.0,1675.0,7308.0,10.0,10.0,11.0,5.97,2638.0,1201.0,1437.0,9946.0,12.0,12.0,14.0,8.35,1937.0,841.0,1096.0,11883.0,10.0,10.0,15.0,9.12,3693.0,1961.0,1732.0,15576.0,18.0,18.0,19.0,10.39,,,,,,,,,,,,,,,,,,,,,,,,,
a703ec55-8fea-4a1a-ab1f-cfacc3ad0ef5,2025-11-21 19:19:10 UTC,False,20633.0,CFOP,Gan 12 UI Maglev,RandomForest,37998.0,20633.0,,,gan12,custom_rules,,,,8.0,0.0,0.0,20633.0,76.0,79.0,91.0,3.68,5851.0,14782.0,9320.0,0.0,9320.0,9320.0,19.0,21.0,27.0,2.04,0.0,0.0,0.0,9320.0,0.0,0.0,0.0,0.0,2166.0,870.0,1296.0,11486.0,9.0,10.0,11.0,6.94,2197.0,1528.0,669.0,13683.0,8.0,8.0,9.0,11.96,1740.0,757.0,983.0,15423.0,12.0,12.0,12.0,12.21,2296.0,1697.0,599.0,17719.0,9.0,9.0,11.0,15.03,2914.0,999.0,1915.0,20633.0,19.0,19.0,21.0,9.92,,,,,,,,,,,,,,,,,,,,,,,,,
ac98707a-acb6-4e28-8069-3d254a3e8efa,2025-11-21 19:19:44 UTC,False,18241.0,CFOP,Gan 12 UI Maglev,RandomForest,3304.0,18241.0,,,gan12,custom_rules,,,,8.0,0.0,0.0,18241.0,79.0,80.0,89.0,4.33,6972.0,11269.0,1556.0,0.0,1556.0,1556.0,7.0,7.0,7.0,4.5,2303.0,1562.0,741.0,3859.0,8.0,8.0,10.0,10.8,5020.0,802.0,4218.0,8879.0,17.0,17.0,20.0,4.03,2234.0,1526.0,708.0,11113.0,7.0,7.0,8.0,9.89,1333.0,826.0,507.0,12446.0,8.0,8.0,8.0,15.78,3180.0,903.0,2277.0,15626.0,17.0,17.0,17.0,7.47,2615.0,1353.0,1262.0,18241.0,15.0,16.0,19.0,11.89,,,,,,,,,,,,,,,,,,,,,,,,,
9a3e1708-b90d-4aaf-9115-eab18f07ec96,2025-11-21 19:20:17 UTC,False,17299.0,CFOP,Gan 12 UI Maglev,RandomForest,7165.0,17299.0,,,gan12,custom_rules,,,,8.0,0.0,0.0,17299.0,77.0,80.0,93.0,4.45,6352.0,10947.0,1574.0,0.0,1574.0,1574.0,7.0,7.0,7.0,4.45,1861.0,1096.0,765.0,3435.0,8.0,8.0,9.0,10.46,2508.0,862.0,1646.0,5943.0,9.0,9.0,11.0,5.47,2581.0,1121.0,1460.0,8524.0,10.0,11.0,12.0,6.85,1546.0,944.0,602.0,10070.0,3.0,3.0,3.0,4.98,1942.0,1064.0,878.0,12012.0,11.0,11.0,14.0,12.53,5287.0,1265.0,4022.0,17299.0,29.0,31.0,37.0,7.21,,,,,,,,,,,,,,,,,,,,,,,,,
27e09962-9b9e-4ec0-a6ef-8e9f24e1a8e5,2025-11-21 19:20:45 UTC,False,15223.0,CFOP,Gan 12 UI Maglev,RandomForest,3779.0,15223.0,,,gan12,custom_rules,,,,8.0,0.0,0.0,15223.0,61.0,62.0,74.0,4.01,6921.0,8302.0,1763.0,0.0,1763.0,1763.0,7.0,7.0,7.0,3.97,1885.0,1386.0,499.0,3648.0,3.0,3.0,4.0,6.01,3222.0,1621.0,1601.0,6870.0,8.0,8.0,10.0,5.0,2621.0,1032.0,1589.0,9491.0,10.0,10.0,14.0,6.29,1807.0,799.0,1008.0,11298.0,10.0,10.0,11.0,9.92,1185.0,669.0,516.0,12483.0,8.0,8.0,9.0,15.5,2740.0,1414.0,1326.0,15223.0,15.0,16.0,19.0,11.31,,,,,,,,,,,,,,,,,,,,,,,,,
b2215ec8-874e-404c-87b3-dddfaf53d794,2025-11-21 19:21:18 UTC,False,18413.0,CFOP,Gan 12 UI Maglev,RandomForest,5800.0,18413.0,,,gan12,custom_rules,,,,8.0,0.0,0.0,18413.0,79.0,80.0,89.0,4.29,7411.0,11002.0,1886.0,0.0,1886.0,1886.0,6.0,6.0,7.0,3.18,4066.0,3148.0,918.0,5952.0,8.0,8.0,9.0,8.71,2375.0,546.0,1829.0,8327.0,8.0,8.0,9.0,4.37,1160.0,403.0,757.0,9487.0,7.0,7.0,7.0,9.25,1343.0,997.0,346.0,10830.0,7.0,7.0,7.0,20.23,2358.0,909.0,1449.0,13188.0,13.0,13.0,13.0,8.97,5225.0,1408.0,3817.0,18413.0,30.0,31.0,37.0,7.86,,,,,,,,,,,,,,,,,,,,,,,,,
762b91a6-ede2-443f-bfff-0ee93788a560,2025-11-21 19:22:34 UTC,False,26928.0,CFOP,Gan 12 UI Maglev,RandomForest,38461.0,26928.0,,,gan12,custom_rules,,,,8.0,0.0,0.0,26928.0,76.0,78.0,86.0,2.82,14208.0,12720.0,2129.0,0.0,2129.0,2129.0,7.0,7.0,8.0,3.29,4160.0,2030.0,2130.0,6289.0,11.0,11.0,12.0,5.16,6367.0,4022.0,2345.0,12656.0,13.0,13.0,14.0,5.54,5985.0,3901.0,2084.0,18641.0,11.0,11.0,11.0,5.28,1833.0,781.0,1052.0,20474.0,8.0,8.0,11.0,7.6,3509.0,2041.0,1468.0,23983.0,10.0,11.0,11.0,6.81,2945.0,1433.0,1512.0,26928.0,16.0,17.0,19.0,10.58,,,,,,,,,,,,,,,,,,,,,,,,,
cc53d5f4-f2f7-4ec9-ad80-2249e8bd6e9c,2025-11-21 19:23:05 UTC,False,18086.0,CFOP,Gan 12 UI Maglev,RandomForest,4632.0,18086.0,,,gan12,custom_rules,,,,8.0,0.0,0.0,18086.0,60.0,64.0,78.0,3.32,9954.0,8035.0,918.0,0.0,918.0,1015.0,4.0,4.0,8.0,4.36,3294.0,1241.0,2053.0,4309.0,12.0,12.0,13.0,5.85,3703.0,1577.0,2126.0,8012.0,12.0,12.0,14.0,5.64,3574.0,2905.0,669.0,11586.0,8.0,8.0,9.0,11.96,2955.0,2319.0,636.0,14541.0,8.0,8.0,8.0,12.58,1483.0,927.0,556.0,16024.0,8.0,8.0,8.0,14.39,2062.0,985.0,1077.0,18086.0,8.0,12.0,18.0,7.43,,,,,,,,,,,,,,,,,,,,,,,,,
7a3bb894-4a98-44df-ae95-e52c976293a2,2025-11-21 19:23:41 UTC,False,16682.0,CFOP,Gan 12 UI Maglev,RandomForest,9975.0,16682.0,,,gan12,custom_rules,,,,8.0,0.0,0.0,16682.0,69.0,71.0,78.0,4.14,6064.0,10618.0,1153.0,0.0,1153.0,1153.0,6.0,6.0,6.0,5.2,2155.0,1180.0,975.0,3308.0,9.0,10.0,11.0,9.23,1576.0,1335.0,241.0,4884.0,4.0,4.0,5.0,16.6,3413.0,130.0,3283.0,8297.0,9.0,9.0,10.0,2.74,2331.0,790.0,1541.0,10628.0,13.0,13.0,13.0,8.44,2723.0,967.0,1756.0,13351.0,13.0,13.0,14.0,7.4,3331.0,1662.0,1669.0,16682.0,16.0,17.0,19.0,9.59,,,,,,,,,,,,,,,,,,,,,,,,,
fe1309e0-d59c-4367-87bc-5413b0535c4a,2025-11-21 19:24:17 UTC,False,18217.0,CFOP,Gan 12 UI Maglev,RandomForest,8720.0,18217.0,,,gan12,custom_rules,,,,8.0,0.0,0.0,18217.0,65.0,65.0,81.0,3.57,7863.0,10354.0,2490.0,0.0,2490.0,2490.0,6.0,6.0,7.0,2.41,1339.0,331.0,1008.0,3829.0,7.0,7.0,7.0,6.94,3249.0,1331.0,1918.0,7078.0,10.0,10.0,14.0,5.21,2163.0,1527.0,636.0,9241.0,9.0,9.0,10.0,14.15,1343.0,580.0,763.0,10584.0,8.0,8.0,9.0,10.48,3336.0,1585.0,1751.0,13920.0,10.0,10.0,16.0,5.71,4297.0,2509.0,1788.0,18217.0,15.0,15.0,18.0,8.39,,,,,,,,,,,,,,,,,,,,,,,,,
7bab3c2b-49e6-42d3-881b-1cb5d38329a6,2025-11-21 19:25:23 UTC,False,15401.0,CFOP,Gan 12 UI Maglev,RandomForest,14318.0,15401.0,,,gan12,custom_rules,,,,8.0,0.0,0.0,15401.0,57.0,59.0,66.0,3.7,7688.0,7503.0,2435.0,0.0,2435.0,2645.0,6.0,7.0,9.0,2.46,1571.0,782.0,789.0,4216.0,8.0,8.0,9.0,10.14,2259.0,1364.0,895.0,6475.0,7.0,7.0,8.0,7.82,1157.0,931.0,226.0,7632.0,4.0,4.0,4.0,17.7,2279.0,1449.0,830.0,9911.0,9.0,9.0,9.0,10.84,2570.0,1740.0,830.0,12481.0,9.0,9.0,10.0,10.84,2920.0,1422.0,1498.0,15401.0,14.0,15.0,17.0,9.35,,,,,,,,,,,,,,,,,,,,,,,,,
b0a9e728-fdb4-4b50-913d-5114f8d1fcfc,2025-11-21 19:26:09 UTC,False,18017.0,CFOP,Gan 12 UI Maglev,RandomForest,19178.0,18017.0,,,gan12,custom_rules,,,,8.0,0.0,0.0,18017.0,66.0,68.0,83.0,3.66,5465.0,12550.0,1975.0,0.0,1975.0,1977.0,6.0,8.0,14.0,3.04,2588.0,677.0,1911.0,4565.0,8.0,8.0,9.0,4.19,6154.0,754.0,5400.0,10719.0,17.0,17.0,19.0,3.15,636.0,379.0,257.0,11355.0,3.0,3.0,3.0,11.67,1794.0,988.0,806.0,13149.0,8.0,8.0,9.0,9.93,2430.0,1620.0,810.0,15579.0,8.0,8.0,11.0,9.88,2438.0,1047.0,1391.0,18017.0,17.0,17.0,18.0,12.22,,,,,,,,,,,,,,,,,,,,,,,,,
1740c00b-dc85-439c-8448-4123832eafd1,2025-11-21 19:26:40 UTC,False,16179.0,CFOP,Gan 12 UI Maglev,RandomForest,6216.0,16179.0,,,gan12,custom_rules,,,,8.0,0.0,0.0,16179.0,70.0,74.0,83.0,4.33,7297.0,8722.0,1443.0,0.0,1443.0,1603.0,6.0,7.0,8.0,4.16,3472.0,1015.0,2457.0,5075.0,14.0,15.0,15.0,5.7,1534.0,508.0,1026.0,6609.0,8.0,8.0,10.0,7.8,1929.0,1767.0,162.0,8538.0,5.0,5.0,5.0,30.86,2471.0,1802.0,669.0,11009.0,8.0,8.0,9.0,11.96,2701.0,1090.0,1611.0,13710.0,14.0,14.0,17.0,8.69,2469.0,1115.0,1354.0,16179.0,15.0,17.0,19.0,11.08,,,,,,,,,,,,,,,,,,,,,,,,,
ffa10b4b-4251-49b2-90c7-3d806791d3ed,2025-11-21 19:27:18 UTC,False,22330.0,CFOP,Gan 12 UI Maglev,RandomForest,4946.0,22330.0,,,gan12,custom_rules,,,,8.0,0.0,0.0,22330.0,77.0,78.0,88.0,3.45,8846.0,13484.0,2011.0,0.0,2011.0,2011.0,7.0,7.0,8.0,3.48,4514.0,1868.0,2646.0,6525.0,11.0,11.0,12.0,4.16,1405.0,451.0,954.0,7930.0,11.0,11.0,12.0,11.53,4361.0,1718.0,2643.0,12291.0,13.0,13.0,16.0,4.92,2328.0,1537.0,791.0,14619.0,8.0,8.0,8.0,10.11,3016.0,1327.0,1689.0,17635.0,12.0,12.0,13.0,7.1,4695.0,1945.0,2750.0,22330.0,16.0,17.0,19.0,5.82,,,,,,,,,,,,,,,,,,,,,,,,,
8fd02456-a274-47d3-9b40-863f0231e3ba,2025-11-21 19:28:08 UTC,False,13757.0,CFOP,Gan 12 UI Maglev,RandomForest,25110.0,13757.0,,,gan12,custom_rules,,,,8.0,0.0,0.0,13757.0,68.0,68.0,82.0,4.94,4272.0,9485.0,1338.0,0.0,1338.0,1338.0,5.0,5.0,9.0,3.74,981.0,272.0,709.0,2319.0,5.0,5.0,7.0,7.05,1586.0,620.0,966.0,3905.0,8.0,8.0,9.0,8.28,2719.0,97.0,2622.0,6624.0,10.0,10.0,11.0,3.81,2321.0,1145.0,1176.0,8945.0,10.0,10.0,10.0,8.5,1981.0,963.0,1018.0,10926.0,11.0,11.0,15.0,10.81,2831.0,1175.0,1656.0,13757.0,20.0,20.0,21.0,12.08,,,,,,,,,,,,,,,,,,,,,,,,,
9ab64412-12c1-4331-a968-ad02653de5b2,2025-11-21 19:29:01 UTC,False,17766.0,CFOP,Gan 12 UI Maglev,RandomForest,25044.0,17766.0,,,gan12,custom_rules,,,,8.0,0.0,0.0,17766.0,71.0,71.0,88.0,4.0,6075.0,11691.0,2428.0,0.0,2428.0,2428.0,6.0,6.0,9.0,2.47,615.0,354.0,261.0,3043.0,3.0,3.0,3.0,11.49,1152.0,878.0,274.0,4195.0,5.0,5.0,6.0,18.25,2355.0,927.0,1428.0,6550.0,13.0,13.0,13.0,9.1,1669.0,903.0,766.0,8219.0,9.0,9.0,9.0,11.75,5662.0,2027.0,3635.0,13881.0,21.0,21.0,28.0,5.78,3885.0,986.0,2899.0,17766.0,14.0,14.0,20.0,4.83,,,,,,,,,,,,,,,,,,,,,,,,,
3c8ffbe8-bad4-422d-a357-3515886e9a59,2025-11-21 19:29:54 UTC,False,34880.0,CFOP,Gan 12 UI Maglev,RandomForest,6868.0,34880.0,,,gan12,custom_rules,,,,8.0,0.0,0.0,34880.0,130.0,139.0,162.0,3.73,5374.0,29417.0,3333.0,0.0,3333.0,3422.0,8.0,8.0,9.0,2.4,2312.0,1490.0,822.0,5734.0,7.0,7.0,8.0,8.52,1722.0,911.0,811.0,7456.0,12.0,12.0,12.0,14.8,2271.0,265.0,2006.0,9727.0,10.0,10.0,11.0,4.99,2846.0,519.0,2327.0,12573.0,15.0,15.0,16.0,6.45,1988.0,893.0,1095.0,14561.0,10.0,10.0,15.0,9.13,20319.0,1296.0,19023.0,34880.0,68.0,77.0,91.0,3.57,,,,,,,,,,,,,,,,,,,,,,,,,
bebfe1b3-6d52-4c97-adeb-092a55f6fa3d,2025-11-21 19:30:38 UTC,False,21344.0,CFOP,Gan 12 UI Maglev,RandomForest,13629.0,21344.0,,,gan12,custom_rules,,,,8.0,0.0,0.0,21344.0,65.0,66.0,75.0,3.05,10957.0,10307.0,1649.0,0.0,1649.0,1729.0,7.0,7.0,8.0,4.24,3483.0,2839.0,644.0,5212.0,8.0,8.0,9.0,12.42,3680.0,2390.0,1290.0,8892.0,8.0,8.0,10.0,6.2,2155.0,644.0,1511.0,11047.0,8.0,8.0,9.0,5.29,3019.0,1436.0,1583.0,14066.0,9.0,9.0,11.0,5.69,3942.0,1801.0,2141.0,18008.0,11.0,11.0,11.0,5.14,3336.0,1847.0,1489.0,21344.0,14.0,15.0,17.0,9.4,,,,,,,,,,,,,,,,,,,,,,,,,
3c5fe25f-62da-418f-a040-6e4ac7cacb5a,2025-11-21 19:31:20 UTC,False,21168.0,CFOP,Gan 12 UI Maglev,RandomForest,11424.0,21168.0,,,gan12,custom_rules,,,,8.0,0.0,0.0,21168.0,73.0,79.0,93.0,3.45,9536.0,11632.0,1621.0,0.0,1621.0,1621.0,9.0,9.0,9.0,5.55,4397.0,1031.0,3366.0,6018.0,19.0,19.0,23.0,5.64,2170.0,1051.0,1119.0,8188.0,5.0,6.0,6.0,4.47,1778.0,909.0,869.0,9966.0,8.0,8.0,9.0,9.21,4580.0,3286.0,1294.0,14546.0,10.0,10.0,12.0,7.73,3332.0,1561.0,1771.0,17878.0,11.0,11.0,11.0,6.21,3290.0,1698.0,1592.0,21168.0,11.0,16.0,23.0,6.91,,,,,,,,,,,,,,,,,,,,,,,,,
fa70c5e8-6198-4a68-b3e9-081e5848c2b4,2025-11-21 19:32:01 UTC,False,21354.0,CFOP,Gan 12 UI Maglev,RandomForest,7885.0,21354.0,,,gan12,custom_rules,,,,8.0,0.0,0.0,21354.0,66.0,68.0,78.0,3.09,11332.0,9973.0,3836.0,0.0,3836.0,3885.0,14.0,14.0,15.0,3.65,3179.0,2216.0,963.0,7064.0,8.0,8.0,10.0,8.31,3796.0,2651.0,1145.0,10860.0,8.0,8.0,9.0,6.99,2612.0,2387.0,225.0,13472.0,5.0,5.0,7.0,22.22,2284.0,1411.0,873.0,15756.0,5.0,5.0,5.0,5.73,2481.0,1288.0,1193.0,18237.0,11.0,13.0,14.0,9.22,3117.0,1379.0,1738.0,21354.0,15.0,15.0,18.0,8.63,,,,,,,,,,,,,,,,,,,,,,,,,
ccc53da7-432d-4769-9ac9-6b21802af2de,2025-11-21 19:33:31 UTC,False,20666.0,CFOP,Gan 12 UI Maglev,RandomForest,55925.0,20666.0,,,gan12,custom_rules,,,,8.0,0.0,0.0,20666.0,80.0,88.0,106.0,3.87,4069.0,16597.0,2751.0,0.0,2751.0,2751.0,9.0,9.0,11.0,3.27,3925.0,290.0,3635.0,6676.0,17.0,17.0,18.0,4.68,1918.0,669.0,1249.0,8594.0,8.0,8.0,9.0,6.41,3097.0,1177.0,1920.0,11691.0,8.0,8.0,9.0,4.17,1650.0,661.0,989.0,13341.0,11.0,11.0,11.0,11.12,2680.0,226.0,2454.0,16021.0,17.0,17.0,22.0,6.93,4645.0,1046.0,3599.0,20666.0,11.0,18.0,26.0,3.06,,,,,,,,,,,,,,,,,,,,,,,,,
87038865-09e7-4342-9b05-2dc82282ff5d,2025-11-21 19:34:19 UTC,False,17480.0,CFOP,Gan 12 UI Maglev,RandomForest,12664.0,17480.0,,,gan12,custom_rules,,,,8.0,0.0,0.0,17480.0,59.0,63.0,75.0,3.38,7218.0,10197.0,3639.0,0.0,3639.0,3704.0,10.0,10.0,12.0,2.75,1882.0,1031.0,851.0,5586.0,9.0,10.0,10.0,10.58,1843.0,1674.0,169.0,7429.0,4.0,4.0,4.0,23.67,3194.0,854.0,2340.0,10623.0,11.0,11.0,12.0,4.7,2842.0,1811.0,1031.0,13465.0,8.0,8.0,10.0,7.76,1878.0,863.0,1015.0,15343.0,7.0,7.0,8.0,6.9,2137.0,985.0,1152.0,17480.0,10.0,13.0,19.0,8.68,,,,,,,,,,,,,,,,,,,,,,,,,
4d61e599-a33d-4ee8-84b5-141d6b345fac,2025-11-21 19:35:20 UTC,False,33231.0,CFOP,Gan 12 UI Maglev,RandomForest,19456.0,33231.0,,,gan12,custom_rules,,,,8.0,0.0,0.0,33231.0,71.0,71.0,80.0,2.14,8867.0,24364.0,16426.0,0.0,16426.0,16426.0,13.0,13.0,16.0,0.79,5358.0,3480.0,1878.0,21784.0,7.0,7.0,8.0,3.73,2284.0,1325.0,959.0,24068.0,8.0,8.0,8.0,8.34,2053.0,982.0,1071.0,26121.0,8.0,8.0,10.0,7.47,2155.0,1494.0,661.0,28276.0,7.0,7.0,7.0,10.59,1780.0,950.0,830.0,30056.0,9.0,9.0,10.0,10.84,3175.0,636.0,2539.0,33231.0,19.0,19.0,21.0,7.48,,,,,,,,,,,,,,,,,,,,,,,,,
f06dfc98-14f8-4261-bb51-2afceb7541e4,2025-11-21 19:36:11 UTC,False,13719.0,CFOP,Gan 12 UI Maglev,RandomForest,24790.0,13719.0,,,gan12,custom_rules,,,,8.0,0.0,0.0,13719.0,48.0,55.0,69.0,3.5,6517.0,7202.0,3022.0,0.0,3022.0,3022.0,10.0,12.0,18.0,3.31,0.0,0.0,0.0,3022.0,0.0,0.0,0.0,0.0,1249.0,540.0,709.0,4271.0,6.0,7.0,8.0,8.46,2088.0,1234.0,854.0,6359.0,6.0,6.0,6.0,7.03,1714.0,988.0,726.0,8073.0,7.0,7.0,8.0,9.64,3489.0,2435.0,1054.0,11562.0,12.0,12.0,13.0,11.39,2157.0,1320.0,837.0,13719.0,7.0,11.0,16.0,8.36,,,,,,,,,,,,,,,,,,,,,,,,,
70317662-1ec3-4f20-bfa2-74ed6f9db60d,2025-11-21 19:37:06 UTC,False,16040.0,CFOP,Gan 12 UI Maglev,RandomForest,20223.0,16040.0,,,gan12,custom_rules,,,,8.0,0.0,0.0,16040.0,66.0,68.0,77.0,4.11,5863.0,10177.0,2227.0,0.0,2227.0,2227.0,8.0,8.0,10.0,3.59,2235.0,887.0,1348.0,4462.0,11.0,11.0,12.0,8.16,1874.0,1311.0,563.0,6336.0,8.0,8.0,8.0,14.21,2978.0,834.0,2144.0,9314.0,8.0,8.0,9.0,3.73,1531.0,563.0,968.0,10845.0,11.0,11.0,12.0,11.36,1825.0,717.0,1108.0,12670.0,8.0,8.0,8.0,7.22,3370.0,1551.0,1819.0,16040.0,14.0,16.0,18.0,7.7,,,,,,,,,,,,,,,,,,,,,,,,,
b10951d9-a2ab-4dbd-a02f-d0a6eefa042f,2025-11-21 19:37:42 UTC,False,16389.0,CFOP,Gan 12 UI Maglev,RandomForest,9320.0,16389.0,,,gan12,custom_rules,,,,8.0,0.0,0.0,16389.0,63.0,67.0,76.0,3.84,4940.0,11449.0,7549.0,0.0,7549.0,7549.0,19.0,23.0,26.0,2.52,0.0,0.0,0.0,7549.0,0.0,0.0,0.0,0.0,2355.0,1710.0,645.0,9904.0,8.0,8.0,8.0,12.4,1275.0,628.0,647.0,11179.0,7.0,7.0,7.0,10.82,1003.0,595.0,408.0,12182.0,7.0,7.0,7.0,17.16,1888.0,992.0,896.0,14070.0,8.0,8.0,10.0,8.93,2319.0,1015.0,1304.0,16389.0,15.0,15.0,18.0,11.5,,,,,,,,,,,,,,,,,,,,,,,,,
b1f2f1b7-ce52-42d6-97e0-83bbc244f729,2025-11-21 19:38:23 UTC,False,19073.0,CFOP,Gan 12 UI Maglev,RandomForest,12623.0,19073.0,,,gan12,custom_rules,,,,8.0,0.0,0.0,19073.0,85.0,85.0,94.0,4.46,5610.0,13407.0,2400.0,0.0,2400.0,2456.0,6.0,6.0,8.0,2.5,2840.0,910.0,1930.0,5296.0,11.0,11.0,12.0,5.7,1673.0,565.0,1108.0,6969.0,11.0,11.0,11.0,9.93,4548.0,1540.0,3008.0,11517.0,18.0,18.0,18.0,5.98,621.0,508.0,113.0,12138.0,4.0,4.0,4.0,35.4,3061.0,822.0,2239.0,15199.0,22.0,22.0,23.0,9.83,3874.0,1265.0,2609.0,19073.0,14.0,14.0,18.0,5.37,,,,,,,,,,,,,,,,,,,,,,,,,
1865f5ed-5adb-467a-a124-28cb9c5a9066,2025-11-21 19:39:03 UTC,False,21662.0,CFOP,Gan 12 UI Maglev,RandomForest,8662.0,21662.0,,,gan12,custom_rules,,,,8.0,0.0,0.0,21662.0,70.0,72.0,81.0,3.23,11119.0,10503.0,2865.0,0.0,2865.0,2905.0,7.0,7.0,8.0,2.44,4627.0,3588.0,1039.0,7532.0,9.0,10.0,11.0,8.66,1325.0,648.0,677.0,8857.0,6.0,6.0,9.0,8.86,4499.0,2913.0,1586.0,13356.0,11.0,12.0,12.0,6.94,2295.0,1296.0,999.0,15651.0,8.0,8.0,10.0,8.01,3069.0,1220.0,1849.0,18720.0,12.0,12.0,13.0,6.49,2942.0,1454.0,1488.0,21662.0,17.0,17.0,18.0,11.42,,,,,,,,,,,,,,,,,,,,,,,,,
19181adc-2843-4682-b082-b21e5ee447c6,2025-11-21 19:39:56 UTC,False,39611.0,CFOP,Gan 12 UI Maglev,RandomForest,5147.0,39611.0,,,gan12,custom_rules,,,,8.0,0.0,0.0,39611.0,101.0,109.0,136.0,2.55,9860.0,29662.0,2028.0,0.0,2028.0,2117.0,6.0,6.0,9.0,2.96,17900.0,4464.0,13436.0,20017.0,25.0,26.0,32.0,1.86,2381.0,741.0,1640.0,22398.0,8.0,8.0,9.0,4.88,1568.0,789.0,779.0,23966.0,6.0,6.0,7.0,7.7,1875.0,1456.0,419.0,25841.0,7.0,7.0,7.0,16.71,1599.0,669.0,930.0,27440.0,8.0,8.0,8.0,8.6,12171.0,1741.0,10430.0,39611.0,42.0,49.0,64.0,4.03,,,,,,,,,,,,,,,,,,,,,,,,,
083ec917-da9d-4111-92f0-71454179ad17,2025-11-21 19:40:38 UTC,False,18279.0,CFOP,Gan 12 UI Maglev,RandomForest,9534.0,18279.0,,,gan12,custom_rules,,,,8.0,0.0,0.0,18279.0,68.0,69.0,76.0,3.72,7506.0,10773.0,3769.0,0.0,3769.0,3769.0,9.0,9.0,11.0,2.39,3939.0,2317.0,1622.0,7708.0,11.0,11.0,12.0,6.78,1616.0,761.0,855.0,9324.0,12.0,12.0,13.0,14.04,2324.0,1406.0,918.0,11648.0,8.0,8.0,9.0,8.71,729.0,261.0,468.0,12377.0,4.0,4.0,4.0,8.55,2234.0,1211.0,1023.0,14611.0,10.0,10.0,10.0,9.78,3668.0,1550.0,2118.0,18279.0,14.0,15.0,17.0,6.61,,,,,,,,,,,,,,,,,,,,,,,,,
04c8d9dd-3f80-48c2-8454-988151d9e4c9,2025-11-21 19:41:26 UTC,False,16673.0,CFOP,Gan 12 UI Maglev,RandomForest,19442.0,16673.0,,,gan12,custom_rules,,,,8.0,0.0,0.0,16673.0,77.0,78.0,85.0,4.62,4024.0,12649.0,3851.0,0.0,3851.0,3851.0,12.0,12.0,13.0,3.12,0.0,0.0,0.0,3851.0,0.0,0.0,0.0,0.0,3521.0,893.0,2628.0,7372.0,20.0,21.0,22.0,7.61,1342.0,765.0,577.0,8714.0,7.0,7.0,7.0,12.13,2025.0,782.0,1243.0,10739.0,8.0,8.0,9.0,6.44,3762.0,797.0,2965.0,14501.0,14.0,14.0,17.0,4.72,2172.0,787.0,1385.0,16673.0,16.0,16.0,17.0,11.55,,,,,,,,,,,,,,,,,,,,,,,,,
55a7572c-f8f3-4db1-80cb-d30d371c502d,2025-11-21 19:41:57 UTC,False,18717.0,CFOP,Gan 12 UI Maglev,RandomForest,3714.0,18717.0,,,gan12,custom_rules,,,,8.0,0.0,0.0,18717.0,58.0,64.0,78.0,3.1,8743.0,9974.0,2966.0,0.0,2966.0,2966.0,9.0,9.0,11.0,3.03,4015.0,2992.0,1023.0,6981.0,8.0,8.0,8.0,7.82,3226.0,1867.0,1359.0,10207.0,9.0,9.0,10.0,6.62,1080.0,612.0,468.0,11287.0,3.0,3.0,3.0,6.41,2158.0,1384.0,774.0,13445.0,9.0,9.0,11.0,11.63,2613.0,760.0,1853.0,16058.0,11.0,13.0,15.0,5.94,2659.0,1128.0,1531.0,18717.0,9.0,13.0,20.0,5.88,,,,,,,,,,,,,,,,,,,,,,,,,
d5fb7b0a-2e85-407e-b510-254796beb3ee,2025-11-21 19:42:43 UTC,False,26858.0,CFOP,Gan 12 UI Maglev,RandomForest,10079.0,26858.0,,,gan12,custom_rules,,,,8.0,0.0,0.0,26858.0,78.0,78.0,90.0,2.9,9894.0,16964.0,8926.0,0.0,8926.0,8926.0,22.0,22.0,23.0,2.46,6324.0,4970.0,1354.0,15250.0,6.0,6.0,9.0,4.43,1389.0,532.0,857.0,16639.0,7.0,7.0,8.0,8.17,2471.0,1335.0,1136.0,19110.0,8.0,8.0,9.0,7.04,1568.0,657.0,911.0,20678.0,6.0,6.0,6.0,6.59,3038.0,1188.0,1850.0,23716.0,13.0,13.0,15.0,7.03,3142.0,1212.0,1930.0,26858.0,17.0,17.0,20.0,8.81,,,,,,,,,,,,,,,,,,,,,,,,,
db37778c-2626-4716-8e14-43a70bd80a71,2025-11-21 19:43:18 UTC,False,16608.0,CFOP,Gan 12 UI Maglev,RandomForest,10155.0,16608.0,,,gan12,custom_rules,,,,8.0,0.0,0.0,16608.0,51.0,52.0,59.0,3.07,7511.0,9097.0,1460.0,0.0,1460.0,1460.0,5.0,6.0,6.0,3.42,2125.0,1810.0,315.0,3585.0,4.0,4.0,4.0,12.7,1571.0,362.0,1209.0,5156.0,7.0,7.0,7.0,5.79,2964.0,1136.0,1828.0,8120.0,8.0,8.0,8.0,4.38,2090.0,909.0,1181.0,10210.0,8.0,8.0,12.0,6.77,2137.0,709.0,1428.0,12347.0,9.0,9.0,9.0,6.3,4261.0,2585.0,1676.0,16608.0,10.0,10.0,13.0,5.97,,,,,,,,,,,,,,,,,,,,,,,,,
beaaeedd-9477-4939-881e-dab828c7d65e,2025-11-21 19:44:50 UTC,False,24387.0,CFOP,Gan 12 UI Maglev,RandomForest,10428.0,24387.0,,,gan12,custom_rules,,,,8.0,0.0,0.0,24387.0,74.0,82.0,96.0,3.03,6630.0,17757.0,10645.0,0.0,10645.0,10645.0,29.0,31.0,36.0,2.72,0.0,0.0,0.0,10645.0,0.0,0.0,0.0,0.0,1919.0,571.0,1348.0,12564.0,7.0,7.0,8.0,5.19,3858.0,2266.0,1592.0,16422.0,8.0,8.0,9.0,5.03,3262.0,1445.0,1817.0,19684.0,11.0,13.0,14.0,6.05,2161.0,1243.0,918.0,21845.0,10.0,10.0,10.0,10.89,2542.0,1105.0,1437.0,24387.0,9.0,13.0,19.0,6.26,,,,,,,,,,,,,,,,,,,,,,,,,
abd01044-9f73-487d-8e2b-d044ee252050,2025-11-21 19:47:24 UTC,False,17351.0,CFOP,Gan 12 UI Maglev,RandomForest,84635.0,17351.0,,,gan12,custom_rules,,,,8.0,0.0,0.0,17351.0,71.0,72.0,81.0,4.09,6049.0,11302.0,3133.0,0.0,3133.0,3133.0,7.0,7.0,10.0,2.23,1233.0,564.0,669.0,4366.0,8.0,8.0,8.0,11.96,2061.0,1207.0,854.0,6427.0,8.0,9.0,9.0,9.37,3384.0,1103.0,2281.0,9811.0,11.0,11.0,14.0,4.82,2813.0,1645.0,1168.0,12624.0,9.0,9.0,9.0,7.71,2310.0,748.0,1562.0,14934.0,13.0,13.0,15.0,8.32,2417.0,782.0,1635.0,17351.0,15.0,15.0,16.0,9.17,,,,,,,,,,,,,,,,,,,,,,,,,
98826b24-5fb7-4b8c-91cc-abe83ef85b64,2025-11-21 19:48:01 UTC,False,17259.0,CFOP,Gan 12 UI Maglev,RandomForest,3839.0,17259.0,,,gan12,custom_rules,,,,8.0,0.0,0.0,17259.0,65.0,67.0,75.0,3.77,8305.0,8914.0,1184.0,0.0,1184.0,1224.0,6.0,6.0,7.0,5.07,2756.0,1861.0,895.0,3980.0,8.0,8.0,9.0,8.94,1962.0,977.0,985.0,5942.0,8.0,9.0,10.0,8.12,2346.0,1734.0,612.0,8288.0,7.0,7.0,8.0,11.44,2222.0,1416.0,806.0,10510.0,9.0,9.0,9.0,11.17,2368.0,1011.0,1357.0,12878.0,10.0,11.0,12.0,7.37,4381.0,1306.0,3075.0,17259.0,17.0,17.0,20.0,5.53,,,,,,,,,,,,,,,,,,,,,,,,,
8b03c3da-ade3-439f-b6ab-0fa920003caf,2025-11-21 19:48:50 UTC,False,11520.0,CFOP,Gan 12 UI Maglev,RandomForest,27264.0,11520.0,,,gan12,custom_rules,,,,8.0,0.0,0.0,11520.0,48.0,50.0,57.0,4.17,4871.0,6222.0,1072.0,0.0,1072.0,1499.0,3.0,3.0,6.0,2.8,919.0,379.0,540.0,2418.0,3.0,3.0,4.0,5.56,2873.0,1647.0,1226.0,5291.0,8.0,8.0,8.0,6.53,1668.0,694.0,974.0,6959.0,8.0,8.0,9.0,8.21,928.0,709.0,219.0,7887.0,3.0,3.0,3.0,13.7,1645.0,630.0,1015.0,9532.0,10.0,11.0,11.0,9.85,1988.0,812.0,1176.0,11520.0,13.0,14.0,16.0,11.05,,,,,,,,,,,,,,,,,,,,,,,,,
be0f7623-ecee-4734-bc44-9b6a27fa5fa3,2025-11-21 19:49:34 UTC,False,18323.0,CFOP,Gan 12 UI Maglev,RandomForest,10231.0,18323.0,,,gan12,custom_rules,,,,8.0,0.0,0.0,18323.0,69.0,69.0,78.0,3.77,6728.0,11531.0,2190.0,0.0,2190.0,2254.0,9.0,9.0,10.0,4.11,3758.0,813.0,2945.0,6012.0,12.0,12.0,14.0,4.07,1849.0,1615.0,234.0,7861.0,3.0,3.0,3.0,12.82,3645.0,1175.0,2470.0,11506.0,11.0,11.0,13.0,4.45,1497.0,403.0,1094.0,13003.0,7.0,7.0,7.0,6.4,2462.0,1368.0,1094.0,15465.0,12.0,12.0,13.0,10.97,2858.0,1354.0,1504.0,18323.0,16.0,16.0,18.0,10.64,,,,,,,,,,,,,,,,,,,,,,,,,
8ed40bfd-9ebb-4bc4-81fc-edf4e9a9098f,2025-11-21 19:50:10 UTC,False,16390.0,CFOP,Gan 12 UI Maglev,RandomForest,10439.0,16390.0,,,gan12,custom_rules,,,,8.0,0.0,0.0,16390.0,56.0,61.0,73.0,3.42,6887.0,9503.0,3432.0,0.0,3432.0,3432.0,13.0,14.0,14.0,3.79,0.0,0.0,0.0,3432.0,0.0,0.0,0.0,0.0,3217.0,1775.0,1442.0,6649.0,7.0,7.0,8.0,4.85,1390.0,689.0,701.0,8039.0,8.0,8.0,9.0,11.41,3942.0,2440.0,1502.0,11981.0,7.0,7.0,10.0,4.66,1869.0,902.0,967.0,13850.0,12.0,12.0,13.0,12.41,2540.0,1081.0,1459.0,16390.0,9.0,13.0,19.0,6.17,,,,,,,,,,,,,,,,,,,,,,,,,
2337122c-d51d-481d-951e-15335d016ffe,2025-11-21 19:51:08 UTC,False,25061.0,CFOP,Gan 12 UI Maglev,RandomForest,21444.0,25061.0,,,gan12,custom_rules,,,,8.0,0.0,0.0,25061.0,72.0,72.0,82.0,2.87,4746.0,20315.0,13416.0,0.0,13416.0,13416.0,24.0,24.0,27.0,1.79,0.0,0.0,0.0,13416.0,0.0,0.0,0.0,0.0,0.0,0.0,0.0,13416.0,0.0,0.0,0.0,0.0,1784.0,1269.0,515.0,15200.0,8.0,8.0,9.0,15.53,4994.0,973.0,4021.0,20194.0,19.0,19.0,20.0,4.73,1628.0,629.0,999.0,21822.0,11.0,11.0,12.0,11.01,3239.0,1875.0,1364.0,25061.0,11.0,11.0,14.0,8.06,,,,,,,,,,,,,,,,,,,,,,,,,
b2bca58b-4b72-496c-967c-9b218c203fc9,2025-11-21 19:51:48 UTC,False,18516.0,CFOP,Gan 12 UI Maglev,RandomForest,12632.0,18516.0,,,gan12,custom_rules,,,,8.0,0.0,0.0,18516.0,65.0,68.0,72.0,3.51,6437.0,12079.0,2293.0,0.0,2293.0,2293.0,7.0,7.0,9.0,3.05,1401.0,886.0,515.0,3694.0,6.0,7.0,7.0,11.65,3003.0,926.0,2077.0,6697.0,6.0,7.0,7.0,2.89,4703.0,1022.0,3681.0,11400.0,17.0,17.0,17.0,4.62,1611.0,1080.0,531.0,13011.0,8.0,8.0,8.0,15.07,1901.0,815.0,1086.0,14912.0,6.0,6.0,6.0,5.52,3604.0,1708.0,1896.0,18516.0,15.0,16.0,18.0,7.91,,,,,,,,,,,,,,,,,,,,,,,,,
34351989-b45f-47a9-a717-0b9aeacbc8a2,2025-11-21 19:52:23 UTC,False,16757.0,CFOP,Gan 12 UI Maglev,RandomForest,7474.0,16757.0,,,gan12,custom_rules,,,,8.0,0.0,0.0,16757.0,72.0,74.0,83.0,4.3,5840.0,10917.0,2895.0,0.0,2895.0,2895.0,11.0,11.0,13.0,3.8,0.0,0.0,0.0,2895.0,0.0,0.0,0.0,0.0,2539.0,1758.0,781.0,5434.0,8.0,8.0,10.0,10.24,4772.0,1059.0,3713.0,10206.0,17.0,17.0,19.0,4.58,2663.0,1546.0,1117.0,12869.0,13.0,13.0,14.0,11.64,1612.0,638.0,974.0,14481.0,10.0,11.0,11.0,10.27,2276.0,839.0,1437.0,16757.0,13.0,14.0,16.0,9.05,,,,,,,,,,,,,,,,,,,,,,,,,
15c52288-136a-454f-9825-e6bb9c27269e,2025-11-21 19:52:56 UTC,False,22303.0,CFOP,Gan 12 UI Maglev,RandomForest,0.0,22303.0,,,gan12,custom_rules,,,,8.0,0.0,0.0,22303.0,71.0,71.0,84.0,3.18,7706.0,14597.0,7893.0,0.0,7893.0,7893.0,9.0,9.0,10.0,1.14,1687.0,631.0,1056.0,9580.0,7.0,7.0,7.0,6.63,3158.0,1675.0,1483.0,12738.0,11.0,11.0,14.0,7.42,2746.0,2126.0,620.0,15484.0,6.0,6.0,7.0,9.68,2676.0,1726.0,950.0,18160.0,13.0,13.0,13.0,13.68,2113.0,750.0,1363.0,20273.0,10.0,10.0,16.0,7.34,2030.0,798.0,1232.0,22303.0,15.0,15.0,17.0,12.18,,,,,,,,,,,,,,,,,,,,,,,,,
db1f92d2-e80b-4f19-8eef-dc7dd6e83e6d,2025-11-21 19:53:48 UTC,False,16926.0,CFOP,Gan 12 UI Maglev,RandomForest,21332.0,16926.0,,,gan12,custom_rules,,,,8.0,0.0,0.0,16926.0,64.0,67.0,77.0,3.78,7463.0,9375.0,2386.0,0.0,2386.0,2474.0,6.0,6.0,9.0,2.51,1289.0,731.0,558.0,3763.0,5.0,5.0,6.0,8.96,2932.0,1693.0,1239.0,6695.0,9.0,9.0,10.0,7.26,3067.0,1486.0,1581.0,9762.0,10.0,11.0,13.0,6.33,2143.0,1170.0,973.0,11905.0,8.0,8.0,8.0,8.22,1699.0,909.0,790.0,13604.0,10.0,11.0,11.0,12.66,3322.0,1474.0,1848.0,16926.0,16.0,17.0,20.0,8.66,,,,,,,,,,,,,,,,,,,,,,,,,
fcda2c35-e505-425d-a492-8b5c452fe08b,2025-11-21 19:54:20 UTC,False,16656.0,CFOP,Gan 12 UI Maglev,RandomForest,5757.0,16656.0,,,gan12,custom_rules,,,,8.0,0.0,0.0,16656.0,73.0,75.0,84.0,4.38,4150.0,12506.0,1425.0,0.0,1425.0,1425.0,6.0,6.0,8.0,4.21,3944.0,320.0,3624.0,5369.0,11.0,11.0,12.0,3.04,3633.0,1079.0,2554.0,9002.0,10.0,11.0,11.0,3.92,2089.0,655.0,1434.0,11091.0,10.0,10.0,11.0,6.97,1394.0,508.0,886.0,12485.0,12.0,12.0,12.0,13.54,1682.0,755.0,927.0,14167.0,9.0,9.0,12.0,9.71,2489.0,833.0,1656.0,16656.0,15.0,16.0,18.0,9.06,,,,,,,,,,,,,,,,,,,,,,,,,
9c7bfab9-f800-45ca-af61-f27bf9fe50ec,2025-11-21 19:54:56 UTC,False,19239.0,CFOP,Gan 12 UI Maglev,RandomForest,6832.0,19239.0,,,gan12,custom_rules,,,,8.0,0.0,0.0,19239.0,57.0,61.0,72.0,2.96,8594.0,10645.0,4257.0,0.0,4257.0,4257.0,9.0,9.0,12.0,2.11,2599.0,1310.0,1289.0,6856.0,8.0,8.0,9.0,6.21,1971.0,923.0,1048.0,8827.0,7.0,7.0,8.0,6.68,3283.0,2307.0,976.0,12110.0,9.0,9.0,9.0,9.22,1435.0,1225.0,210.0,13545.0,4.0,4.0,4.0,19.05,2742.0,1542.0,1200.0,16287.0,12.0,12.0,13.0,10.0,2952.0,1287.0,1665.0,19239.0,8.0,12.0,17.0,4.8,,,,,,,,,,,,,,,,,,,,,,,,,
136d8b68-6659-41e8-b8b8-8abd0f0df6e9,2025-11-21 19:55:33 UTC,False,13482.0,CFOP,Gan 12 UI Maglev,RandomForest,11005.0,13482.0,,,gan12,custom_rules,,,,8.0,0.0,0.0,13482.0,54.0,60.0,69.0,4.01,6138.0,7344.0,1989.0,0.0,1989.0,1989.0,7.0,7.0,8.0,3.52,1311.0,1023.0,288.0,3300.0,3.0,3.0,3.0,10.42,1494.0,1281.0,213.0,4794.0,4.0,4.0,4.0,18.78,3099.0,951.0,2148.0,7893.0,11.0,11.0,12.0,5.12,1375.0,878.0,497.0,9268.0,8.0,8.0,8.0,16.1,2161.0,974.0,1187.0,11429.0,12.0,14.0,14.0,10.11,2053.0,1031.0,1022.0,13482.0,9.0,13.0,20.0,8.81,,,,,,,,,,,,,,,,,,,,,,,,,
542c60ae-1cdd-4d4c-a192-a1049537eed8,2025-11-21 19:56:19 UTC,False,17619.0,CFOP,Gan 12 UI Maglev,RandomForest,18947.0,17619.0,,,gan12,custom_rules,,,,8.0,0.0,0.0,17619.0,73.0,74.0,82.0,4.14,6321.0,11298.0,2751.0,0.0,2751.0,2751.0,7.0,7.0,7.0,2.54,1610.0,347.0,1263.0,4361.0,7.0,7.0,8.0,5.54,2953.0,137.0,2816.0,7314.0,14.0,14.0,15.0,4.97,3515.0,2366.0,1149.0,10829.0,13.0,13.0,13.0,11.31,2444.0,1566.0,878.0,13273.0,8.0,8.0,10.0,9.11,1531.0,660.0,871.0,14804.0,9.0,9.0,9.0,10.33,2815.0,1245.0,1570.0,17619.0,16.0,17.0,20.0,10.19,,,,,,,,,,,,,,,,,,,,,,,,,
9cff2d03-8a09-4349-bd5b-6e85dc6d6e92,2025-11-21 19:56:44 UTC,False,12701.0,CFOP,Gan 12 UI Maglev,RandomForest,3333.0,12701.0,,,gan12,custom_rules,,,,8.0,0.0,0.0,12701.0,57.0,58.0,66.0,4.49,5235.0,7466.0,1709.0,0.0,1709.0,1709.0,7.0,7.0,7.0,4.1,2572.0,1678.0,894.0,4281.0,8.0,9.0,9.0,8.95,1376.0,589.0,787.0,5657.0,8.0,8.0,9.0,10.17,1684.0,177.0,1507.0,7341.0,10.0,10.0,11.0,6.64,1448.0,660.0,788.0,8789.0,8.0,8.0,10.0,10.15,1601.0,779.0,822.0,10390.0,7.0,7.0,7.0,8.52,2311.0,1352.0,959.0,12701.0,10.0,10.0,13.0,10.43,,,,,,,,,,,,,,,,,,,,,,,,,
417e5423-b09a-4b17-906a-79c867151636,2025-11-21 19:57:19 UTC,False,19669.0,CFOP,Gan 12 UI Maglev,RandomForest,4959.0,19669.0,,,gan12,custom_rules,,,,8.0,0.0,0.0,19669.0,91.0,93.0,99.0,4.63,6615.0,13054.0,1015.0,0.0,1015.0,1015.0,6.0,7.0,7.0,5.91,1884.0,443.0,1441.0,2899.0,11.0,11.0,11.0,7.63,2666.0,1562.0,1104.0,5565.0,8.0,8.0,10.0,7.25,3739.0,1444.0,2295.0,9304.0,8.0,8.0,8.0,3.49,2027.0,1020.0,1007.0,11331.0,12.0,12.0,12.0,11.92,2127.0,864.0,1263.0,13458.0,13.0,13.0,15.0,10.29,6211.0,1282.0,4929.0,19669.0,33.0,34.0,36.0,6.7,,,,,,,,,,,,,,,,,,,,,,,,,
188a841b-67df-4449-ba72-dd382ac6fc0a,2025-11-21 19:57:59 UTC,False,20594.0,CFOP,Gan 12 UI Maglev,RandomForest,11621.0,20594.0,,,gan12,custom_rules,,,,8.0,0.0,0.0,20594.0,74.0,75.0,84.0,3.59,7152.0,13442.0,2129.0,0.0,2129.0,2129.0,9.0,9.0,9.0,4.23,6229.0,878.0,5351.0,8358.0,11.0,11.0,12.0,2.06,1896.0,1233.0,663.0,10254.0,8.0,8.0,8.0,12.07,2399.0,999.0,1400.0,12653.0,9.0,10.0,11.0,6.43,2108.0,1464.0,644.0,14761.0,8.0,8.0,9.0,12.42,2904.0,1379.0,1525.0,17665.0,10.0,10.0,15.0,6.56,2929.0,1199.0,1730.0,20594.0,19.0,19.0,20.0,10.98,,,,,,,,,,,,,,,,,,,,,,,,,
c521ce30-edf3-4f34-8f1a-26952cf27ce9,2025-11-21 23:20:16 UTC,False,18284.0,CFOP,Gan 12 UI Maglev,RandomForest,6013.0,18284.0,,,gan12,custom_rules,,,,8.0,0.0,0.0,18284.0,63.0,64.0,68.0,3.45,7164.0,11120.0,2629.0,0.0,2629.0,2629.0,8.0,8.0,8.0,3.04,2415.0,1690.0,725.0,5044.0,8.0,8.0,8.0,11.03,2777.0,648.0,2129.0,7821.0,7.0,7.0,8.0,3.29,3357.0,1708.0,1649.0,11178.0,8.0,8.0,9.0,4.85,977.0,601.0,376.0,12155.0,4.0,4.0,4.0,10.64,2882.0,1252.0,1630.0,15037.0,14.0,14.0,14.0,8.59,3247.0,1265.0,1982.0,18284.0,14.0,15.0,17.0,7.06,,,,,,,,,,,,,,,,,,,,,,,,,
2285787c-31e0-4013-b45a-0c5c8a85f4b6,2025-11-21 23:21:23 UTC,False,17404.0,CFOP,Gan 12 UI Maglev,RandomForest,37621.0,17404.0,,,gan12,custom_rules,,,,8.0,0.0,0.0,17404.0,57.0,58.0,68.0,3.28,9236.0,8096.0,2591.0,0.0,2591.0,2663.0,8.0,8.0,11.0,3.09,0.0,0.0,0.0,2663.0,0.0,0.0,0.0,0.0,3916.0,3376.0,540.0,6579.0,8.0,8.0,9.0,14.81,4605.0,2440.0,2165.0,11184.0,15.0,16.0,17.0,6.93,1503.0,939.0,564.0,12687.0,3.0,3.0,3.0,5.32,2147.0,902.0,1245.0,14834.0,13.0,13.0,15.0,10.44,2570.0,1579.0,991.0,17404.0,10.0,10.0,13.0,10.09,,,,,,,,,,,,,,,,,,,,,,,,,
c0d38de3-51f4-4677-a304-25afd73de4b2,2025-11-21 23:22:12 UTC,False,22964.0,CFOP,Gan 12 UI Maglev,RandomForest,15514.0,22964.0,,,gan12,custom_rules,,,,8.0,0.0,0.0,22964.0,73.0,73.0,81.0,3.18,11281.0,11585.0,4021.0,0.0,4021.0,4119.0,8.0,8.0,12.0,1.99,1900.0,1554.0,346.0,6019.0,3.0,3.0,3.0,8.67,2573.0,1389.0,1184.0,8592.0,9.0,9.0,10.0,7.6,4535.0,3593.0,942.0,13127.0,10.0,10.0,11.0,10.62,3576.0,2299.0,1277.0,16703.0,8.0,8.0,8.0,6.26,2981.0,1087.0,1894.0,19684.0,18.0,18.0,18.0,9.5,3280.0,1359.0,1921.0,22964.0,17.0,17.0,19.0,8.85,,,,,,,,,,,,,,,,,,,,,,,,,
df595405-70a8-4890-9c50-17ff683c270e,2025-11-21 23:22:55 UTC,False,13301.0,CFOP,Gan 12 UI Maglev,RandomForest,19967.0,13301.0,,,gan12,custom_rules,,,,8.0,0.0,0.0,13301.0,57.0,57.0,68.0,4.29,5544.0,7757.0,1716.0,0.0,1716.0,1716.0,5.0,5.0,7.0,2.91,596.0,322.0,274.0,2312.0,3.0,3.0,3.0,10.95,2039.0,977.0,1062.0,4351.0,8.0,8.0,9.0,7.53,1238.0,498.0,740.0,5589.0,7.0,7.0,7.0,9.46,1098.0,580.0,518.0,6687.0,7.0,7.0,7.0,13.51,3504.0,1207.0,2297.0,10191.0,16.0,16.0,20.0,6.97,3110.0,1960.0,1150.0,13301.0,11.0,11.0,15.0,9.57,,,,,,,,,,,,,,,,,,,,,,,,,
dc4c58d6-3333-4e1b-b2f1-b67882d7edef,2025-11-21 23:23:38 UTC,False,16397.0,CFOP,Gan 12 UI Maglev,RandomForest,6777.0,16397.0,,,gan12,custom_rules,,,,8.0,0.0,0.0,16397.0,58.0,58.0,61.0,3.54,5257.0,11140.0,5354.0,0.0,5354.0,5354.0,16.0,16.0,17.0,2.99,0.0,0.0,0.0,5354.0,0.0,0.0,0.0,0.0,1835.0,1546.0,289.0,7189.0,3.0,3.0,3.0,10.38,2889.0,1391.0,1498.0,10078.0,7.0,7.0,8.0,4.67,1973.0,401.0,1572.0,12051.0,7.0,7.0,7.0,4.45,1561.0,911.0,650.0,13612.0,8.0,8.0,9.0,12.31,2785.0,1008.0,1777.0,16397.0,17.0,17.0,17.0,9.57,,,,,,,,,,,,,,,,,,,,,,,,,
6ff2be3f-b4e7-4f9d-9bd7-fd049c050db7,2025-11-21 23:24:23 UTC,False,16818.0,CFOP,Gan 12 UI Maglev,RandomForest,16981.0,16818.0,,,gan12,custom_rules,,,,8.0,0.0,0.0,16818.0,69.0,69.0,78.0,4.1,5303.0,11515.0,2135.0,0.0,2135.0,2135.0,9.0,9.0,9.0,4.22,2063.0,1829.0,234.0,4198.0,5.0,5.0,6.0,21.37,1827.0,782.0,1045.0,6025.0,7.0,7.0,8.0,6.7,2008.0,258.0,1750.0,8033.0,11.0,11.0,12.0,6.29,1441.0,468.0,973.0,9474.0,8.0,8.0,10.0,8.22,2098.0,792.0,1306.0,11572.0,12.0,12.0,13.0,9.19,5246.0,1174.0,4072.0,16818.0,17.0,17.0,20.0,4.17,,,,,,,,,,,,,,,,,,,,,,,,,
4f975425-2814-41b8-8bb3-faa914ea0bc8,2025-11-21 23:25:09 UTC,False,13319.0,CFOP,Gan 12 UI Maglev,RandomForest,23669.0,13319.0,,,gan12,custom_rules,,,,8.0,0.0,0.0,13319.0,55.0,58.0,65.0,4.13,4931.0,8388.0,3399.0,0.0,3399.0,3399.0,8.0,8.0,10.0,2.35,0.0,0.0,0.0,3399.0,0.0,0.0,0.0,0.0,1579.0,1048.0,531.0,4978.0,6.0,6.0,7.0,11.3,2353.0,604.0,1749.0,7331.0,10.0,11.0,11.0,5.72,1915.0,1279.0,636.0,9246.0,9.0,9.0,10.0,14.15,1583.0,947.0,636.0,10829.0,7.0,7.0,8.0,11.01,2490.0,1053.0,1437.0,13319.0,15.0,17.0,19.0,10.44,,,,,,,,,,,,,,,,,,,,,,,,,
4baae612-e2b1-4494-943a-6ba048a02608,2025-11-21 23:26:24 UTC,False,30935.0,CFOP,Gan 12 UI Maglev,RandomForest,36620.0,30935.0,,,gan12,custom_rules,,,,8.0,0.0,0.0,30935.0,101.0,114.0,128.0,3.26,5281.0,25638.0,8295.0,0.0,8295.0,8311.0,17.0,22.0,24.0,2.05,0.0,0.0,0.0,8311.0,0.0,0.0,0.0,0.0,0.0,0.0,0.0,8311.0,0.0,0.0,0.0,0.0,1474.0,1313.0,161.0,9785.0,4.0,4.0,4.0,24.84,2440.0,1796.0,644.0,12225.0,8.0,8.0,9.0,12.42,4369.0,1121.0,3248.0,16594.0,18.0,19.0,21.0,5.54,14341.0,1051.0,13290.0,30935.0,54.0,61.0,70.0,4.06,,,,,,,,,,,,,,,,,,,,,,,,,
01cb6204-8e3f-4a3b-9706-27eb40013ae1,2025-11-21 23:27:12 UTC,False,18745.0,CFOP,Gan 12 UI Maglev,RandomForest,10164.0,18745.0,,,gan12,custom_rules,,,,8.0,0.0,0.0,18745.0,64.0,65.0,77.0,3.41,4713.0,14032.0,8780.0,0.0,8780.0,8780.0,23.0,23.0,25.0,2.62,0.0,0.0,0.0,8780.0,0.0,0.0,0.0,0.0,0.0,0.0,0.0,8780.0,0.0,0.0,0.0,0.0,2415.0,1610.0,805.0,11195.0,8.0,8.0,9.0,9.94,2104.0,1090.0,1014.0,13299.0,8.0,8.0,10.0,7.89,1914.0,939.0,975.0,15213.0,10.0,10.0,14.0,10.26,3532.0,1074.0,2458.0,18745.0,15.0,16.0,19.0,6.1,,,,,,,,,,,,,,,,,,,,,,,,,
f090156d-7720-4399-a571-55976944eb7f,2025-11-21 23:28:40 UTC,False,20721.0,CFOP,Gan 12 UI Maglev,RandomForest,57631.0,20721.0,,,gan12,custom_rules,,,,8.0,0.0,0.0,20721.0,86.0,88.0,99.0,4.15,6867.0,13854.0,1633.0,0.0,1633.0,1633.0,5.0,5.0,6.0,3.06,5200.0,660.0,4540.0,6833.0,20.0,20.0,22.0,4.41,2439.0,1529.0,910.0,9272.0,8.0,8.0,10.0,8.79,1935.0,1146.0,789.0,11207.0,11.0,11.0,11.0,13.94,3971.0,1408.0,2563.0,15178.0,14.0,14.0,17.0,5.46,2080.0,885.0,1195.0,17258.0,14.0,14.0,15.0,11.72,3463.0,1239.0,2224.0,20721.0,14.0,16.0,18.0,6.29,,,,,,,,,,,,,,,,,,,,,,,,,
162264d2-8983-4e51-8b11-1ba8a00860be,2025-11-21 23:29:31 UTC,False,17489.0,CFOP,Gan 12 UI Maglev,RandomForest,24531.0,17489.0,,,gan12,custom_rules,,,,8.0,0.0,0.0,17489.0,75.0,76.0,84.0,4.29,8402.0,9087.0,1538.0,0.0,1538.0,1538.0,6.0,6.0,7.0,3.9,2363.0,1783.0,580.0,3901.0,8.0,8.0,10.0,13.79,2431.0,1644.0,787.0,6332.0,9.0,9.0,10.0,11.44,1522.0,314.0,1208.0,7854.0,13.0,13.0,13.0,10.76,2035.0,1256.0,779.0,9889.0,5.0,6.0,7.0,6.42,3677.0,1873.0,1804.0,13566.0,19.0,19.0,20.0,10.53,3923.0,1532.0,2391.0,17489.0,15.0,15.0,17.0,6.27,,,,,,,,,,,,,,,,,,,,,,,,,
264aba2c-f297-46ed-8f4d-6ba176767ce7,2025-11-21 23:30:01 UTC,False,13831.0,CFOP,Gan 12 UI Maglev,RandomForest,6190.0,13831.0,,,gan12,custom_rules,,,,8.0,0.0,0.0,13831.0,63.0,64.0,74.0,4.55,6261.0,7570.0,1963.0,0.0,1963.0,1963.0,7.0,7.0,8.0,3.57,1549.0,588.0,961.0,3512.0,8.0,8.0,9.0,8.32,2020.0,741.0,1279.0,5532.0,8.0,8.0,10.0,6.25,2508.0,1614.0,894.0,8040.0,8.0,8.0,9.0,8.95,2148.0,1497.0,651.0,10188.0,9.0,9.0,11.0,13.82,1102.0,686.0,416.0,11290.0,8.0,8.0,9.0,19.23,2541.0,1135.0,1406.0,13831.0,15.0,16.0,18.0,10.67,,,,,,,,,,,,,,,,,,,,,,,,,
66e50c1e-fc3f-4ac8-8430-0a9ba917245a,2025-11-21 23:30:35 UTC,False,17373.0,CFOP,Gan 12 UI Maglev,RandomForest,7335.0,17373.0,,,gan12,custom_rules,,,,8.0,0.0,0.0,17373.0,69.0,70.0,78.0,3.97,6896.0,10477.0,1338.0,0.0,1338.0,1338.0,6.0,6.0,7.0,4.48,2796.0,2015.0,781.0,4134.0,9.0,9.0,9.0,11.52,3267.0,1255.0,2012.0,7401.0,12.0,12.0,13.0,5.96,3634.0,597.0,3037.0,11035.0,11.0,11.0,13.0,3.62,2051.0,1137.0,914.0,13086.0,8.0,8.0,10.0,8.75,1361.0,693.0,668.0,14447.0,9.0,9.0,9.0,13.47,2926.0,1199.0,1727.0,17373.0,14.0,15.0,17.0,8.11,,,,,,,,,,,,,,,,,,,,,,,,,
9d0d634c-1ccb-4d97-9e4e-d02952585fe1,2025-11-21 23:31:21 UTC,False,17793.0,CFOP,Gan 12 UI Maglev,RandomForest,15079.0,17793.0,,,gan12,custom_rules,,,,8.0,0.0,0.0,17793.0,63.0,64.0,71.0,3.54,3677.0,14116.0,9590.0,0.0,9590.0,9590.0,28.0,28.0,32.0,2.92,0.0,0.0,0.0,9590.0,0.0,0.0,0.0,0.0,0.0,0.0,0.0,9590.0,0.0,0.0,0.0,0.0,0.0,0.0,0.0,9590.0,0.0,0.0,0.0,0.0,2952.0,1873.0,1079.0,12542.0,8.0,8.0,9.0,7.41,2818.0,1739.0,1079.0,15360.0,11.0,12.0,13.0,10.19,2433.0,65.0,2368.0,17793.0,16.0,16.0,17.0,6.76,,,,,,,,,,,,,,,,,,,,,,,,,
9a5604ed-0828-4228-b85e-c2cad67011e8,2025-11-21 23:32:14 UTC,False,32699.0,CFOP,Gan 12 UI Maglev,RandomForest,12164.0,32699.0,,,gan12,custom_rules,,,,8.0,0.0,0.0,32699.0,82.0,95.0,119.0,2.51,13436.0,19263.0,5213.0,0.0,5213.0,5213.0,9.0,9.0,11.0,1.73,4219.0,1604.0,2615.0,9432.0,9.0,9.0,9.0,3.44,1629.0,370.0,1259.0,11061.0,8.0,8.0,9.0,6.35,4417.0,3626.0,791.0,15478.0,9.0,9.0,11.0,11.38,5431.0,4948.0,483.0,20909.0,12.0,12.0,13.0,24.84,2066.0,1157.0,909.0,22975.0,8.0,8.0,9.0,8.8,9724.0,1731.0,7993.0,32699.0,27.0,40.0,57.0,3.38,,,,,,,,,,,,,,,,,,,,,,,,,
1a488ca4-bbc4-4371-bd10-1f3595239b66,2025-11-21 23:32:57 UTC,False,11250.0,CFOP,Gan 12 UI Maglev,RandomForest,20165.0,11250.0,,,gan12,custom_rules,,,,8.0,0.0,0.0,11250.0,47.0,47.0,52.0,4.18,6371.0,4879.0,903.0,0.0,903.0,903.0,4.0,4.0,4.0,4.43,1293.0,395.0,898.0,2196.0,7.0,7.0,7.0,7.8,661.0,403.0,258.0,2857.0,3.0,3.0,3.0,11.63,3476.0,3251.0,225.0,6333.0,4.0,4.0,5.0,17.78,1418.0,757.0,661.0,7751.0,8.0,8.0,9.0,12.1,1787.0,852.0,935.0,9538.0,10.0,10.0,10.0,10.7,1712.0,713.0,999.0,11250.0,13.0,13.0,14.0,13.01,,,,,,,,,,,,,,,,,,,,,,,,,
f24c0272-8e49-45ee-8a30-a570c6024668,2025-11-21 23:33:50 UTC,False,19249.0,CFOP,Gan 12 UI Maglev,RandomForest,11470.0,19249.0,,,gan12,custom_rules,,,,8.0,0.0,0.0,19249.0,81.0,85.0,92.0,4.21,6355.0,12894.0,2282.0,0.0,2282.0,2282.0,9.0,9.0,10.0,3.94,1957.0,1256.0,701.0,4239.0,8.0,8.0,9.0,11.41,1101.0,803.0,298.0,5340.0,5.0,5.0,5.0,16.78,5989.0,750.0,5239.0,11329.0,24.0,24.0,25.0,4.58,2580.0,1119.0,1461.0,13909.0,9.0,11.0,12.0,6.16,2305.0,1210.0,1095.0,16214.0,12.0,12.0,13.0,10.96,3035.0,1217.0,1818.0,19249.0,14.0,16.0,18.0,7.7,,,,,,,,,,,,,,,,,,,,,,,,,
909b26d2-6317-4fd4-ad44-c14ff3b0b128,2025-11-21 23:34:34 UTC,False,31534.0,CFOP,Gan 12 UI Maglev,RandomForest,2913.0,31534.0,,,gan12,custom_rules,,,,8.0,0.0,0.0,31534.0,130.0,136.0,155.0,4.12,5424.0,26110.0,797.0,0.0,797.0,797.0,4.0,4.0,5.0,5.02,2718.0,1399.0,1319.0,3515.0,11.0,11.0,12.0,8.34,2239.0,452.0,1787.0,5754.0,9.0,9.0,10.0,5.04,1957.0,516.0,1441.0,7711.0,9.0,9.0,11.0,6.25,2154.0,736.0,1418.0,9865.0,8.0,8.0,8.0,5.64,4949.0,1062.0,3887.0,14814.0,29.0,29.0,32.0,7.46,16720.0,1259.0,15461.0,31534.0,61.0,67.0,77.0,3.95,,,,,,,,,,,,,,,,,,,,,,,,,
20224838-4de4-4e3e-b471-b60622fbe900,2025-11-21 23:35:06 UTC,False,18223.0,CFOP,Gan 12 UI Maglev,RandomForest,4456.0,18223.0,,,gan12,custom_rules,,,,8.0,0.0,0.0,18223.0,73.0,79.0,91.0,4.01,6402.0,11821.0,1072.0,0.0,1072.0,1072.0,5.0,5.0,5.0,4.66,2999.0,2003.0,996.0,4071.0,8.0,8.0,10.0,8.03,2367.0,1088.0,1279.0,6438.0,8.0,8.0,9.0,6.25,2801.0,877.0,1924.0,9239.0,14.0,15.0,15.0,7.28,983.0,484.0,499.0,10222.0,8.0,8.0,8.0,16.03,5704.0,749.0,4955.0,15926.0,22.0,23.0,26.0,4.44,2297.0,1201.0,1096.0,18223.0,8.0,12.0,18.0,7.3,,,,,,,,,,,,,,,,,,,,,,,,,
30e99f75-0ef5-48a8-a5ad-cb185120b49e,2025-11-21 23:36:05 UTC,False,17599.0,CFOP,Gan 12 UI Maglev,RandomForest,33038.0,17599.0,,,gan12,custom_rules,,,,8.0,0.0,0.0,17599.0,76.0,78.0,88.0,4.32,6604.0,10995.0,2863.0,0.0,2863.0,2863.0,9.0,9.0,10.0,3.14,2133.0,1021.0,1112.0,4996.0,7.0,7.0,8.0,6.29,2481.0,875.0,1606.0,7477.0,12.0,12.0,12.0,7.47,2536.0,1601.0,935.0,10013.0,8.0,8.0,12.0,8.56,2582.0,883.0,1699.0,12595.0,10.0,10.0,11.0,5.89,2325.0,1192.0,1133.0,14920.0,11.0,13.0,15.0,9.71,2679.0,1032.0,1647.0,17599.0,19.0,19.0,20.0,11.54,,,,,,,,,,,,,,,,,,,,,,,,,
712ded0b-b4e7-4cff-a07a-784548408d8b,2025-11-21 23:36:36 UTC,False,16666.0,CFOP,Gan 12 UI Maglev,RandomForest,5128.0,16666.0,,,gan12,custom_rules,,,,8.0,0.0,0.0,16666.0,61.0,62.0,68.0,3.66,8894.0,7772.0,1931.0,0.0,1931.0,1931.0,8.0,8.0,8.0,4.14,3000.0,1402.0,1598.0,4931.0,9.0,10.0,10.0,5.63,2317.0,1447.0,870.0,7248.0,8.0,8.0,9.0,9.2,1777.0,1512.0,265.0,9025.0,5.0,5.0,5.0,18.87,2930.0,2181.0,749.0,11955.0,9.0,9.0,11.0,12.02,2117.0,806.0,1311.0,14072.0,13.0,13.0,13.0,9.92,2594.0,1546.0,1048.0,16666.0,9.0,9.0,12.0,8.59,,,,,,,,,,,,,,,,,,,,,,,,,
3a473f9c-f8f2-43ee-a058-d8ded95405b7,2025-11-21 23:37:34 UTC,False,24390.0,CFOP,Gan 12 UI Maglev,RandomForest,23872.0,24390.0,,,gan12,custom_rules,,,,8.0,0.0,0.0,24390.0,106.0,109.0,119.0,4.35,4443.0,19947.0,507.0,0.0,507.0,507.0,4.0,4.0,4.0,7.89,2419.0,209.0,2210.0,2926.0,9.0,10.0,10.0,4.07,2400.0,656.0,1744.0,5326.0,6.0,6.0,7.0,3.44,2954.0,1520.0,1434.0,8280.0,10.0,11.0,14.0,6.97,1255.0,304.0,951.0,9535.0,12.0,12.0,12.0,12.62,2415.0,1013.0,1402.0,11950.0,12.0,12.0,15.0,8.56,12440.0,741.0,11699.0,24390.0,53.0,54.0,57.0,4.53,,,,,,,,,,,,,,,,,,,,,,,,,
bc973a3b-f533-41bb-93d6-91e53af9ace1,2025-11-21 23:38:18 UTC,False,19052.0,CFOP,Gan 12 UI Maglev,RandomForest,13373.0,19052.0,,,gan12,custom_rules,,,,8.0,0.0,0.0,19052.0,79.0,79.0,88.0,4.15,6954.0,11985.0,2045.0,0.0,2045.0,2158.0,5.0,5.0,7.0,2.44,831.0,694.0,137.0,2989.0,3.0,3.0,3.0,21.9,3668.0,1697.0,1971.0,6657.0,11.0,11.0,12.0,5.58,3077.0,1348.0,1729.0,9734.0,13.0,13.0,13.0,7.52,3666.0,718.0,2948.0,13400.0,17.0,17.0,21.0,5.77,1951.0,879.0,1072.0,15351.0,12.0,12.0,14.0,11.19,3701.0,1618.0,2083.0,19052.0,18.0,18.0,18.0,8.64,,,,,,,,,,,,,,,,,,,,,,,,,
5de6f40e-d746-4569-88ec-b755715f3f90,2025-11-21 23:38:58 UTC,False,20219.0,CFOP,Gan 12 UI Maglev,RandomForest,10527.0,20219.0,,,gan12,custom_rules,,,,8.0,0.0,0.0,20219.0,84.0,88.0,110.0,4.15,6198.0,13941.0,701.0,0.0,701.0,781.0,3.0,3.0,5.0,4.28,1078.0,556.0,522.0,1859.0,6.0,6.0,7.0,11.49,3524.0,741.0,2783.0,5383.0,14.0,14.0,17.0,5.03,2433.0,1151.0,1282.0,7816.0,9.0,9.0,11.0,7.02,3178.0,1842.0,1336.0,10994.0,10.0,10.0,10.0,7.49,1852.0,789.0,1063.0,12846.0,8.0,8.0,9.0,7.53,7373.0,1119.0,6254.0,20219.0,34.0,38.0,51.0,5.44,,,,,,,,,,,,,,,,,,,,,,,,,
6b1e03d7-8850-4323-9a53-fe72f8e6fef0,2025-11-21 23:39:42 UTC,False,16955.0,CFOP,Gan 12 UI Maglev,RandomForest,6847.0,16955.0,,,gan12,custom_rules,,,,8.0,0.0,0.0,16955.0,82.0,84.0,94.0,4.84,5379.0,11576.0,2784.0,0.0,2784.0,2784.0,7.0,7.0,7.0,2.51,1434.0,491.0,943.0,4218.0,8.0,8.0,8.0,8.48,1861.0,395.0,1466.0,6079.0,10.0,10.0,11.0,6.82,1793.0,1116.0,677.0,7872.0,8.0,8.0,10.0,11.82,2599.0,1134.0,1465.0,10471.0,12.0,12.0,13.0,8.19,1257.0,718.0,539.0,11728.0,8.0,8.0,9.0,14.84,5227.0,1525.0,3702.0,16955.0,29.0,31.0,36.0,7.83,,,,,,,,,,,,,,,,,,,,,,,,,
92068749-b182-48fe-9637-37d8d4e40a69,2025-11-21 23:41:32 UTC,False,17401.0,CFOP,Gan 12 UI Maglev,RandomForest,62533.0,17401.0,,,gan12,custom_rules,,,,8.0,0.0,0.0,17401.0,69.0,75.0,83.0,3.97,3041.0,14360.0,11778.0,0.0,11778.0,11778.0,42.0,46.0,52.0,3.57,0.0,0.0,0.0,11778.0,0.0,0.0,0.0,0.0,0.0,0.0,0.0,11778.0,0.0,0.0,0.0,0.0,0.0,0.0,0.0,11778.0,0.0,0.0,0.0,0.0,0.0,0.0,0.0,11778.0,0.0,0.0,0.0,0.0,2475.0,1526.0,949.0,14253.0,10.0,11.0,11.0,10.54,3148.0,1515.0,1633.0,17401.0,17.0,18.0,20.0,10.41,,,,,,,,,,,,,,,,,,,,,,,,,
59b00403-c367-4a4c-8f02-8463c7215417,2025-11-21 23:42:13 UTC,False,18081.0,CFOP,Gan 12 UI Maglev,RandomForest,8613.0,18081.0,,,gan12,custom_rules,,,,8.0,0.0,0.0,18081.0,73.0,83.0,99.0,4.04,7239.0,10842.0,1047.0,0.0,1047.0,1047.0,5.0,6.0,7.0,4.78,4164.0,2071.0,2093.0,5211.0,10.0,11.0,14.0,4.78,1662.0,556.0,1106.0,6873.0,9.0,10.0,11.0,8.14,1140.0,910.0,230.0,8013.0,4.0,4.0,4.0,17.39,1618.0,983.0,635.0,9631.0,8.0,8.0,8.0,12.6,2234.0,1273.0,961.0,11865.0,12.0,14.0,15.0,12.49,6216.0,1446.0,4770.0,18081.0,25.0,30.0,40.0,5.24,,,,,,,,,,,,,,,,,,,,,,,,,
5c1e9969-b063-4224-9b29-15c5fb5a476d,2025-11-21 23:42:50 UTC,False,21029.0,CFOP,Gan 12 UI Maglev,RandomForest,4575.0,21029.0,,,gan12,custom_rules,,,,8.0,0.0,0.0,21029.0,86.0,87.0,95.0,4.09,5403.0,15626.0,1799.0,0.0,1799.0,1799.0,7.0,8.0,9.0,3.89,2864.0,403.0,2461.0,4663.0,10.0,10.0,10.0,4.06,3237.0,992.0,2245.0,7900.0,10.0,10.0,12.0,4.45,5008.0,652.0,4356.0,12908.0,18.0,18.0,18.0,4.13,2128.0,927.0,1201.0,15036.0,11.0,11.0,12.0,9.16,2938.0,1401.0,1537.0,17974.0,12.0,12.0,15.0,7.81,3055.0,1028.0,2027.0,21029.0,18.0,18.0,19.0,8.88,,,,,,,,,,,,,,,,,,,,,,,,,
78ce77f3-aacf-4c2b-bf89-583699574c93,2025-11-21 23:44:07 UTC,False,17334.0,CFOP,Gan 12 UI Maglev,RandomForest,49031.0,17334.0,,,gan12,custom_rules,,,,8.0,0.0,0.0,17334.0,73.0,76.0,85.0,4.21,5101.0,12233.0,645.0,0.0,645.0,645.0,4.0,4.0,4.0,6.2,1689.0,828.0,861.0,2334.0,8.0,8.0,9.0,9.29,3134.0,1054.0,2080.0,5468.0,12.0,13.0,13.0,5.77,4537.0,644.0,3893.0,10005.0,12.0,14.0,15.0,3.08,1785.0,1133.0,652.0,11790.0,9.0,9.0,9.0,13.8,2764.0,870.0,1894.0,14554.0,10.0,10.0,14.0,5.28,2780.0,572.0,2208.0,17334.0,19.0,19.0,21.0,8.61,,,,,,,,,,,,,,,,,,,,,,,,,
66c7d502-17bd-4a0c-ab9c-fefe1274142e,2025-11-21 23:44:35 UTC,False,11653.0,CFOP,Gan 12 UI Maglev,RandomForest,6801.0,11653.0,,,gan12,custom_rules,,,,8.0,0.0,0.0,11653.0,57.0,59.0,67.0,4.89,5373.0,6280.0,1964.0,0.0,1964.0,1964.0,11.0,11.0,13.0,5.6,0.0,0.0,0.0,1964.0,0.0,0.0,0.0,0.0,1624.0,829.0,795.0,3588.0,8.0,8.0,9.0,10.06,2381.0,1850.0,531.0,5969.0,9.0,9.0,10.0,16.95,2097.0,1018.0,1079.0,8066.0,7.0,7.0,9.0,6.49,1421.0,598.0,823.0,9487.0,9.0,10.0,10.0,10.94,2166.0,1078.0,1088.0,11653.0,13.0,14.0,16.0,11.95,,,,,,,,,,,,,,,,,,,,,,,,,
ea01bf70-eb2f-4ed3-871f-238b2077b723,2025-11-21 23:45:11 UTC,False,20025.0,CFOP,Gan 12 UI Maglev,RandomForest,6942.0,20025.0,,,gan12,custom_rules,,,,8.0,0.0,0.0,20025.0,74.0,74.0,83.0,3.7,8531.0,11494.0,870.0,0.0,870.0,870.0,4.0,4.0,4.0,4.6,2616.0,1855.0,761.0,3486.0,9.0,9.0,11.0,11.83,4648.0,886.0,3762.0,8134.0,14.0,14.0,15.0,3.72,4863.0,2508.0,2355.0,12997.0,12.0,12.0,13.0,5.1,1689.0,1005.0,684.0,14686.0,8.0,8.0,8.0,11.7,2486.0,1246.0,1240.0,17172.0,10.0,10.0,11.0,8.06,2853.0,1031.0,1822.0,20025.0,17.0,17.0,21.0,9.33,,,,,,,,,,,,,,,,,,,,,,,,,
dcb1cbd7-f6cb-4872-afe8-222fd4661d92,2025-11-21 23:45:47 UTC,False,19469.0,CFOP,Gan 12 UI Maglev,RandomForest,6299.0,19469.0,,,gan12,custom_rules,,,,8.0,0.0,0.0,19469.0,72.0,75.0,89.0,3.7,6718.0,12751.0,2357.0,0.0,2357.0,2357.0,8.0,10.0,15.0,3.39,0.0,0.0,0.0,2357.0,0.0,0.0,0.0,0.0,3867.0,596.0,3271.0,6224.0,14.0,14.0,16.0,4.28,2260.0,1657.0,603.0,8484.0,6.0,6.0,7.0,9.95,3091.0,1045.0,2046.0,11575.0,16.0,16.0,17.0,7.82,5181.0,1787.0,3394.0,16756.0,17.0,18.0,20.0,5.01,2713.0,1633.0,1080.0,19469.0,11.0,11.0,14.0,10.19,,,,,,,,,,,,,,,,,,,,,,,,,
087dd3f3-bc99-4213-9342-07c2a73aa3fc,2025-11-21 23:46:21 UTC,False,17128.0,CFOP,Gan 12 UI Maglev,RandomForest,7957.0,17128.0,,,gan12,custom_rules,,,,8.0,0.0,0.0,17128.0,64.0,65.0,73.0,3.74,4334.0,12794.0,1898.0,0.0,1898.0,1898.0,7.0,7.0,8.0,3.69,3331.0,451.0,2880.0,5229.0,13.0,13.0,14.0,4.51,1643.0,435.0,1208.0,6872.0,6.0,6.0,7.0,4.97,3920.0,104.0,3816.0,10792.0,10.0,10.0,10.0,2.62,1550.0,985.0,565.0,12342.0,5.0,5.0,5.0,8.85,2258.0,1303.0,955.0,14600.0,9.0,9.0,11.0,9.42,2528.0,1056.0,1472.0,17128.0,15.0,16.0,18.0,10.19,,,,,,,,,,,,,,,,,,,,,,,,,
04d255d8-7137-411b-9e93-74a4e26faf61,2025-11-21 23:47:15 UTC,False,30648.0,CFOP,Gan 12 UI Maglev,RandomForest,13195.0,30648.0,,,gan12,custom_rules,,,,8.0,0.0,0.0,30648.0,76.0,76.0,82.0,2.48,12676.0,17972.0,2806.0,0.0,2806.0,2806.0,7.0,7.0,8.0,2.49,11630.0,5293.0,6337.0,14436.0,14.0,14.0,14.0,2.21,5908.0,1559.0,4349.0,20344.0,16.0,16.0,16.0,3.68,2763.0,2079.0,684.0,23107.0,7.0,7.0,7.0,10.23,846.0,669.0,177.0,23953.0,4.0,4.0,4.0,22.6,2392.0,1407.0,985.0,26345.0,8.0,8.0,9.0,8.12,4303.0,1669.0,2634.0,30648.0,20.0,20.0,24.0,7.59,,,,,,,,,,,,,,,,,,,,,,,,,
15edb385-1228-490b-9d7d-aa92615d506a,2025-11-21 23:47:56 UTC,False,23136.0,CFOP,Gan 12 UI Maglev,RandomForest,7590.0,23136.0,,,gan12,custom_rules,,,,8.0,0.0,0.0,23136.0,80.0,84.0,100.0,3.46,6817.0,16319.0,2277.0,0.0,2277.0,2277.0,6.0,6.0,8.0,2.64,5653.0,572.0,5081.0,7930.0,19.0,19.0,23.0,3.74,2986.0,1486.0,1500.0,10916.0,9.0,9.0,11.0,6.0,2191.0,105.0,2086.0,13107.0,11.0,11.0,11.0,5.27,5644.0,2274.0,3370.0,18751.0,20.0,20.0,21.0,5.93,2334.0,1359.0,975.0,21085.0,8.0,8.0,9.0,8.21,2051.0,1021.0,1030.0,23136.0,8.0,12.0,17.0,7.77,,,,,,,,,,,,,,,,,,,,,,,,,
2d8f37ed-a7b4-4098-a9d3-64b93fb13f82,2025-11-21 23:48:29 UTC,False,15854.0,CFOP,Gan 12 UI Maglev,RandomForest,6154.0,15854.0,,,gan12,custom_rules,,,,8.0,0.0,0.0,15854.0,70.0,72.0,77.0,4.42,5845.0,10009.0,2182.0,0.0,2182.0,2182.0,9.0,9.0,9.0,4.12,3170.0,830.0,2340.0,5352.0,7.0,7.0,7.0,2.99,2808.0,1180.0,1628.0,8160.0,13.0,13.0,14.0,7.99,1347.0,1121.0,226.0,9507.0,5.0,5.0,5.0,22.12,1722.0,828.0,894.0,11229.0,8.0,8.0,10.0,8.95,1829.0,805.0,1024.0,13058.0,13.0,13.0,13.0,12.7,2796.0,1081.0,1715.0,15854.0,15.0,17.0,19.0,8.75,,,,,,,,,,,,,,,,,,,,,,,,,
c12ac4a2-73c7-4b2a-a444-477fefb9ef7e,2025-11-21 23:49:02 UTC,False,15551.0,CFOP,Gan 12 UI Maglev,RandomForest,7373.0,15551.0,,,gan12,custom_rules,,,,8.0,0.0,0.0,15551.0,67.0,70.0,80.0,4.31,5211.0,10340.0,3003.0,0.0,3003.0,3003.0,11.0,11.0,14.0,3.66,0.0,0.0,0.0,3003.0,0.0,0.0,0.0,0.0,4050.0,1316.0,2734.0,7053.0,11.0,11.0,12.0,4.02,1575.0,778.0,797.0,8628.0,11.0,11.0,11.0,13.8,2237.0,769.0,1468.0,10865.0,8.0,8.0,10.0,5.45,1737.0,907.0,830.0,12602.0,10.0,11.0,12.0,12.05,2949.0,1441.0,1508.0,15551.0,16.0,18.0,21.0,10.61,,,,,,,,,,,,,,,,,,,,,,,,,
0c03330e-5391-4902-981b-a1c17eacb2ac,2025-11-21 23:49:36 UTC,False,20010.0,CFOP,Gan 12 UI Maglev,RandomForest,3799.0,20010.0,,,gan12,custom_rules,,,,8.0,0.0,0.0,20010.0,74.0,74.0,81.0,3.7,9670.0,10340.0,1176.0,0.0,1176.0,1176.0,7.0,7.0,7.0,5.95,2910.0,1801.0,1109.0,4086.0,8.0,8.0,9.0,7.21,2734.0,2057.0,677.0,6820.0,5.0,5.0,6.0,7.39,2948.0,1770.0,1178.0,9768.0,12.0,12.0,13.0,10.19,4125.0,1778.0,2347.0,13893.0,11.0,11.0,11.0,4.69,2324.0,1115.0,1209.0,16217.0,14.0,14.0,16.0,11.58,3793.0,1149.0,2644.0,20010.0,17.0,17.0,19.0,6.43,,,,,,,,,,,,,,,,,,,,,,,,,
4e90c65c-2f5b-459b-a410-64ca4f4434df,2025-11-21 23:50:10 UTC,False,16198.0,CFOP,Gan 12 UI Maglev,RandomForest,9570.0,16198.0,,,gan12,custom_rules,,,,8.0,0.0,0.0,16198.0,69.0,69.0,77.0,4.26,6948.0,9202.0,2061.0,0.0,2061.0,2109.0,7.0,7.0,9.0,3.4,2478.0,846.0,1632.0,4587.0,11.0,11.0,12.0,6.74,2238.0,1288.0,950.0,6825.0,7.0,7.0,8.0,7.37,1940.0,1126.0,814.0,8765.0,8.0,8.0,9.0,9.83,2237.0,1504.0,733.0,11002.0,8.0,8.0,10.0,10.91,1894.0,1089.0,805.0,12896.0,9.0,9.0,10.0,11.18,3302.0,1095.0,2207.0,16198.0,19.0,19.0,19.0,8.61,,,,,,,,,,,,,,,,,,,,,,,,,
b5050c64-4898-41c8-b056-ea6151de982b,2025-11-21 23:50:58 UTC,False,16425.0,CFOP,Gan 12 UI Maglev,RandomForest,12543.0,16425.0,,,gan12,custom_rules,,,,8.0,0.0,0.0,16425.0,65.0,65.0,75.0,3.96,7266.0,9159.0,3528.0,0.0,3528.0,3528.0,10.0,10.0,12.0,2.83,0.0,0.0,0.0,3528.0,0.0,0.0,0.0,0.0,2156.0,1658.0,498.0,5684.0,9.0,9.0,9.0,18.07,2504.0,1674.0,830.0,8188.0,12.0,12.0,13.0,14.46,2633.0,1465.0,1168.0,10821.0,9.0,9.0,11.0,7.71,1874.0,1294.0,580.0,12695.0,8.0,8.0,9.0,13.79,3730.0,1175.0,2555.0,16425.0,17.0,17.0,21.0,6.65,,,,,,,,,,,,,,,,,,,,,,,,,
e0baa5bf-7384-46da-9922-c33010490e8d,2025-11-21 23:51:34 UTC,False,15356.0,CFOP,Gan 12 UI Maglev,RandomForest,11097.0,15356.0,,,gan12,custom_rules,,,,8.0,0.0,0.0,15356.0,63.0,66.0,76.0,4.1,6148.0,9208.0,1620.0,0.0,1620.0,1620.0,7.0,7.0,10.0,4.32,1201.0,935.0,266.0,2821.0,4.0,4.0,4.0,15.04,2023.0,1088.0,935.0,4844.0,8.0,8.0,10.0,8.56,1706.0,965.0,741.0,6550.0,6.0,7.0,8.0,8.1,1598.0,849.0,749.0,8148.0,8.0,8.0,8.0,10.68,2426.0,1223.0,1203.0,10574.0,10.0,11.0,13.0,8.31,4782.0,1088.0,3694.0,15356.0,20.0,21.0,23.0,5.41,,,,,,,,,,,,,,,,,,,,,,,,,
8723b90a-4ff4-494e-bb38-fba0509dccf1,2025-11-21 23:52:12 UTC,False,22004.0,CFOP,Gan 12 UI Maglev,RandomForest,6381.0,22004.0,,,gan12,custom_rules,,,,8.0,0.0,0.0,22004.0,76.0,81.0,95.0,3.45,7974.0,14030.0,3125.0,0.0,3125.0,3125.0,9.0,9.0,11.0,2.88,2072.0,645.0,1427.0,5197.0,8.0,8.0,10.0,5.61,2514.0,1789.0,725.0,7711.0,6.0,6.0,7.0,8.28,2876.0,843.0,2033.0,10587.0,9.0,9.0,10.0,4.43,2362.0,1694.0,668.0,12949.0,8.0,8.0,9.0,11.98,3369.0,2049.0,1320.0,16318.0,11.0,12.0,13.0,8.33,5686.0,954.0,4732.0,22004.0,25.0,29.0,35.0,5.28,,,,,,,,,,,,,,,,,,,,,,,,,
a3763599-ed1f-4665-a0e8-43066dbc229c,2025-11-21 23:54:54 UTC,False,31810.0,CFOP,Gan 12 UI Maglev,RandomForest,31711.0,31810.0,,,gan12,custom_rules,,,,8.0,0.0,0.0,31810.0,94.0,101.0,116.0,2.96,7366.0,24444.0,13348.0,0.0,13348.0,13348.0,28.0,32.0,37.0,2.1,6687.0,1698.0,4989.0,20035.0,13.0,13.0,17.0,2.61,3053.0,1487.0,1566.0,23088.0,14.0,15.0,15.0,8.94,1078.0,492.0,586.0,24166.0,6.0,6.0,8.0,10.24,1495.0,1240.0,255.0,25661.0,4.0,4.0,4.0,15.69,2345.0,814.0,1531.0,28006.0,12.0,13.0,14.0,7.84,3804.0,1635.0,2169.0,31810.0,17.0,18.0,21.0,7.84,,,,,,,,,,,,,,,,,,,,,,,,,
4c725688-40d5-42cd-bccb-6cfef2e69b11,2025-11-21 23:55:24 UTC,False,14191.0,CFOP,Gan 12 UI Maglev,RandomForest,5129.0,14191.0,,,gan12,custom_rules,,,,8.0,0.0,0.0,14191.0,67.0,67.0,75.0,4.72,5380.0,8811.0,3003.0,0.0,3003.0,3003.0,10.0,10.0,12.0,3.33,1624.0,721.0,903.0,4627.0,8.0,8.0,9.0,8.86,1966.0,749.0,1217.0,6593.0,8.0,8.0,9.0,6.57,909.0,305.0,604.0,7502.0,7.0,7.0,9.0,11.59,2093.0,1416.0,677.0,9595.0,8.0,8.0,9.0,11.82,1209.0,645.0,564.0,10804.0,9.0,9.0,9.0,15.96,3387.0,1544.0,1843.0,14191.0,18.0,18.0,18.0,9.77,,,,,,,,,,,,,,,,,,,,,,,,,
cc5eb19d-b6d6-4d2b-9ede-da971f35ae04,2025-11-21 23:56:17 UTC,False,15548.0,CFOP,Gan 12 UI Maglev,RandomForest,28047.0,15548.0,,,gan12,custom_rules,,,,8.0,0.0,0.0,15548.0,68.0,74.0,89.0,4.37,4232.0,11316.0,2091.0,0.0,2091.0,2091.0,5.0,5.0,7.0,2.39,1617.0,346.0,1271.0,3708.0,7.0,7.0,7.0,5.51,1023.0,410.0,613.0,4731.0,8.0,8.0,10.0,13.05,2840.0,522.0,2318.0,7571.0,15.0,15.0,16.0,6.47,2982.0,1540.0,1442.0,10553.0,13.0,13.0,15.0,9.02,2519.0,693.0,1826.0,13072.0,10.0,11.0,11.0,5.48,2476.0,721.0,1755.0,15548.0,10.0,15.0,23.0,5.7,,,,,,,,,,,,,,,,,,,,,,,,,
05fc2f4d-300d-4c0e-b0f5-3f5e1d4ef4cb,2025-11-21 23:57:23 UTC,False,20732.0,CFOP,Gan 12 UI Maglev,RandomForest,20183.0,20732.0,,,gan12,custom_rules,,,,8.0,0.0,0.0,20732.0,69.0,77.0,90.0,3.33,6820.0,13848.0,7183.0,0.0,7183.0,7247.0,19.0,23.0,26.0,2.65,0.0,0.0,0.0,7247.0,0.0,0.0,0.0,0.0,2432.0,1892.0,540.0,9679.0,6.0,6.0,7.0,11.11,3761.0,1095.0,2666.0,13440.0,14.0,14.0,17.0,5.25,2263.0,1522.0,741.0,15703.0,8.0,8.0,8.0,10.8,2620.0,1052.0,1568.0,18323.0,14.0,14.0,15.0,8.93,2409.0,1259.0,1150.0,20732.0,8.0,12.0,17.0,6.96,,,,,,,,,,,,,,,,,,,,,,,,,
0ba1504f-6246-4dee-acb7-f1d5f85a489f,2025-11-21 23:58:06 UTC,False,16349.0,CFOP,Gan 12 UI Maglev,RandomForest,15792.0,16349.0,,,gan12,custom_rules,,,,8.0,0.0,0.0,16349.0,72.0,73.0,80.0,4.4,6672.0,9677.0,1474.0,0.0,1474.0,1474.0,5.0,5.0,6.0,3.39,4494.0,1134.0,3360.0,5968.0,17.0,17.0,19.0,5.06,1463.0,902.0,561.0,7431.0,6.0,6.0,8.0,10.7,1369.0,925.0,444.0,8800.0,4.0,4.0,4.0,9.01,1851.0,1296.0,555.0,10651.0,8.0,8.0,8.0,14.41,2774.0,1198.0,1576.0,13425.0,17.0,17.0,17.0,10.79,2924.0,1217.0,1707.0,16349.0,15.0,16.0,18.0,8.79,,,,,,,,,,,,,,,,,,,,,,,,,
d84c0e85-b8ce-42fc-8450-c8a59735c8e0,2025-11-21 23:58:43 UTC,False,18662.0,CFOP,Gan 12 UI Maglev,RandomForest,3026.0,18662.0,,,gan12,custom_rules,,,,8.0,0.0,0.0,18662.0,77.0,81.0,87.0,4.13,6545.0,12117.0,734.0,0.0,734.0,734.0,5.0,5.0,5.0,6.81,3637.0,523.0,3114.0,4371.0,11.0,11.0,11.0,3.53,4187.0,677.0,3510.0,8558.0,15.0,15.0,16.0,4.27,1575.0,805.0,770.0,10133.0,11.0,11.0,11.0,14.29,2492.0,1751.0,741.0,12625.0,8.0,8.0,10.0,10.8,2083.0,1044.0,1039.0,14708.0,9.0,9.0,10.0,8.66,3954.0,1745.0,2209.0,18662.0,18.0,22.0,24.0,8.15,,,,,,,,,,,,,,,,,,,,,,,,,
cd789b09-02e0-4e3f-8496-3af0ce46aade,2025-11-21 23:59:28 UTC,False,25955.0,CFOP,Gan 12 UI Maglev,RandomForest,8983.0,25955.0,,,gan12,custom_rules,,,,8.0,0.0,0.0,25955.0,100.0,100.0,105.0,3.85,9769.0,16186.0,2651.0,0.0,2651.0,2651.0,8.0,8.0,9.0,3.02,2306.0,1194.0,1112.0,4957.0,8.0,8.0,8.0,7.19,2423.0,1813.0,610.0,7380.0,9.0,9.0,10.0,14.75,3458.0,2685.0,773.0,10838.0,13.0,13.0,15.0,16.82,2130.0,1527.0,603.0,12968.0,8.0,8.0,8.0,13.27,8614.0,677.0,7937.0,21582.0,36.0,36.0,37.0,4.54,4373.0,1873.0,2500.0,25955.0,18.0,18.0,18.0,7.2,,,,,,,,,,,,,,,,,,,,,,,,,
f7bc29a1-d329-4e70-95a4-ca65498c9185,2025-11-22 00:00:08 UTC,False,17300.0,CFOP,Gan 12 UI Maglev,RandomForest,13890.0,17300.0,,,gan12,custom_rules,,,,8.0,0.0,0.0,17300.0,69.0,70.0,73.0,3.99,9027.0,8273.0,1563.0,0.0,1563.0,1563.0,4.0,5.0,6.0,2.56,2817.0,1721.0,1096.0,4380.0,13.0,13.0,13.0,11.86,4379.0,2653.0,1726.0,8759.0,12.0,12.0,13.0,6.95,3075.0,1891.0,1184.0,11834.0,9.0,9.0,10.0,7.6,754.0,616.0,138.0,12588.0,3.0,3.0,3.0,21.74,1887.0,902.0,985.0,14475.0,9.0,9.0,9.0,9.14,2825.0,1244.0,1581.0,17300.0,19.0,19.0,19.0,12.02,,,,,,,,,,,,,,,,,,,,,,,,,
19bfd2e8-b5d1-41b9-88a9-fd975656b526,2025-11-22 00:00:49 UTC,False,19462.0,CFOP,Gan 12 UI Maglev,RandomForest,8893.0,19462.0,,,gan12,custom_rules,,,,8.0,0.0,0.0,19462.0,61.0,62.0,73.0,3.13,4076.0,15386.0,10062.0,0.0,10062.0,10062.0,24.0,24.0,28.0,2.39,0.0,0.0,0.0,10062.0,0.0,0.0,0.0,0.0,2099.0,56.0,2043.0,12161.0,8.0,9.0,9.0,3.92,1112.0,620.0,492.0,13273.0,6.0,6.0,7.0,12.2,1821.0,870.0,951.0,15094.0,7.0,7.0,8.0,7.36,1845.0,1031.0,814.0,16939.0,8.0,8.0,9.0,9.83,2523.0,1499.0,1024.0,19462.0,9.0,9.0,12.0,8.79,,,,,,,,,,,,,,,,,,,,,,,,,
5d2756cc-0426-41b9-9020-ac5a5664d756,2025-11-22 00:01:26 UTC,False,17348.0,CFOP,Gan 12 UI Maglev,RandomForest,9543.0,17348.0,,,gan12,custom_rules,,,,8.0,0.0,0.0,17348.0,55.0,56.0,69.0,3.17,8043.0,9305.0,2148.0,0.0,2148.0,2148.0,6.0,6.0,7.0,2.79,3004.0,1726.0,1278.0,5152.0,8.0,8.0,9.0,6.26,1704.0,725.0,979.0,6856.0,6.0,7.0,7.0,6.13,2297.0,1410.0,887.0,9153.0,7.0,7.0,7.0,7.89,1851.0,1263.0,588.0,11004.0,8.0,8.0,9.0,13.61,2605.0,1088.0,1517.0,13609.0,10.0,10.0,14.0,6.59,3739.0,1831.0,1908.0,17348.0,11.0,11.0,16.0,5.77,,,,,,,,,,,,,,,,,,,,,,,,,
02a3fc1a-5f11-4bb4-8350-b3a2b65a5bfd,2025-11-22 00:01:57 UTC,False,15101.0,CFOP,Gan 12 UI Maglev,RandomForest,5971.0,15101.0,,,gan12,custom_rules,,,,8.0,0.0,0.0,15101.0,65.0,66.0,72.0,4.3,6942.0,8159.0,1981.0,0.0,1981.0,1981.0,9.0,9.0,9.0,4.54,2174.0,1104.0,1070.0,4155.0,8.0,8.0,10.0,7.48,3302.0,1947.0,1355.0,7457.0,10.0,10.0,11.0,7.38,1466.0,709.0,757.0,8923.0,8.0,8.0,9.0,10.57,1140.0,915.0,225.0,10063.0,4.0,4.0,4.0,17.78,2137.0,1007.0,1130.0,12200.0,11.0,11.0,11.0,9.73,2901.0,1260.0,1641.0,15101.0,15.0,16.0,18.0,9.14,,,,,,,,,,,,,,,,,,,,,,,,,
240ecff9-b463-4632-94f0-0de8f47a6e74,2025-11-22 00:02:38 UTC,False,20048.0,CFOP,Gan 12 UI Maglev,RandomForest,12160.0,20048.0,,,gan12,custom_rules,,,,8.0,0.0,0.0,20048.0,79.0,85.0,97.0,3.94,7356.0,12692.0,2056.0,0.0,2056.0,2056.0,7.0,7.0,8.0,3.4,3182.0,579.0,2603.0,5238.0,10.0,10.0,12.0,3.84,3980.0,2249.0,1731.0,9218.0,15.0,16.0,16.0,8.67,1889.0,935.0,954.0,11107.0,8.0,8.0,8.0,8.39,1273.0,636.0,637.0,12380.0,8.0,8.0,8.0,12.56,3149.0,362.0,2787.0,15529.0,18.0,18.0,21.0,6.46,4519.0,2595.0,1924.0,20048.0,13.0,18.0,24.0,6.76,,,,,,,,,,,,,,,,,,,,,,,,,
b6357f39-a3e9-4576-99d1-1a5b99ec53c0,2025-11-22 00:03:18 UTC,False,16440.0,CFOP,Gan 12 UI Maglev,RandomForest,14479.0,16440.0,,,gan12,custom_rules,,,,8.0,0.0,0.0,16440.0,73.0,75.0,83.0,4.44,3476.0,12916.0,6136.0,0.0,6136.0,6184.0,22.0,22.0,24.0,3.59,0.0,0.0,0.0,6184.0,0.0,0.0,0.0,0.0,0.0,0.0,0.0,6184.0,0.0,0.0,0.0,0.0,2410.0,265.0,2145.0,8594.0,9.0,9.0,10.0,4.2,1971.0,1208.0,763.0,10565.0,8.0,8.0,9.0,10.48,2694.0,1133.0,1561.0,13259.0,12.0,14.0,15.0,7.69,3181.0,870.0,2311.0,16440.0,22.0,22.0,25.0,9.52,,,,,,,,,,,,,,,,,,,,,,,,,
086f1aca-91ba-4057-aea8-b435d2130524,2025-11-22 00:03:57 UTC,False,17969.0,CFOP,Gan 12 UI Maglev,RandomForest,11982.0,17969.0,,,gan12,custom_rules,,,,8.0,0.0,0.0,17969.0,68.0,74.0,93.0,3.78,5588.0,12381.0,1430.0,0.0,1430.0,1430.0,6.0,8.0,14.0,4.2,1262.0,787.0,475.0,2692.0,5.0,5.0,6.0,10.53,2743.0,1502.0,1241.0,5435.0,8.0,8.0,8.0,6.45,7656.0,751.0,6905.0,13091.0,25.0,25.0,29.0,3.62,1289.0,709.0,580.0,14380.0,8.0,8.0,9.0,13.79,1720.0,968.0,752.0,16100.0,8.0,8.0,10.0,10.64,1869.0,871.0,998.0,17969.0,8.0,12.0,17.0,8.02,,,,,,,,,,,,,,,,,,,,,,,,,
02858e64-9f46-4fbe-9d06-1c8511d4bac2,2025-11-22 00:04:27 UTC,False,12735.0,CFOP,Gan 12 UI Maglev,RandomForest,6481.0,12735.0,,,gan12,custom_rules,,,,8.0,0.0,0.0,12735.0,62.0,62.0,68.0,4.87,4545.0,8190.0,2056.0,0.0,2056.0,2056.0,9.0,9.0,9.0,4.38,1545.0,588.0,957.0,3601.0,11.0,11.0,11.0,11.49,2686.0,684.0,2002.0,6287.0,11.0,11.0,14.0,5.49,2528.0,1475.0,1053.0,8815.0,8.0,8.0,9.0,7.6,1015.0,378.0,637.0,9830.0,7.0,7.0,8.0,10.99,2406.0,921.0,1485.0,12236.0,16.0,16.0,16.0,10.77,499.0,499.0,0.0,12735.0,1.0,1.0,1.0,,,,,,,,,,,,,,,,,,,,,,,,,,
ec8565d6-c3b9-42bb-84ae-458b923f737b,2025-11-22 00:04:55 UTC,False,15817.0,CFOP,Gan 12 UI Maglev,RandomForest,4026.0,15817.0,,,gan12,custom_rules,,,,8.0,0.0,0.0,15817.0,64.0,64.0,72.0,4.05,6547.0,9205.0,1200.0,0.0,1200.0,1265.0,5.0,5.0,7.0,4.17,2901.0,1604.0,1297.0,4166.0,7.0,7.0,8.0,5.4,3071.0,1190.0,1881.0,7237.0,8.0,8.0,9.0,4.25,1169.0,218.0,951.0,8406.0,7.0,7.0,7.0,7.36,1960.0,1218.0,742.0,10366.0,9.0,9.0,9.0,12.13,2151.0,911.0,1240.0,12517.0,11.0,11.0,11.0,8.87,3300.0,1406.0,1894.0,15817.0,17.0,17.0,21.0,8.98,,,,,,,,,,,,,,,,,,,,,,,,,
d8c6e17d-b09c-4099-92bf-26d998b27347,2025-11-22 00:05:29 UTC,False,16565.0,CFOP,Gan 12 UI Maglev,RandomForest,7603.0,16565.0,,,gan12,custom_rules,,,,8.0,0.0,0.0,16565.0,64.0,67.0,71.0,3.86,7543.0,8942.0,2913.0,0.0,2913.0,2993.0,9.0,9.0,10.0,3.09,3238.0,2384.0,854.0,6231.0,6.0,7.0,7.0,7.03,2539.0,1770.0,769.0,8770.0,5.0,6.0,6.0,6.5,1282.0,312.0,970.0,10052.0,6.0,7.0,7.0,6.19,2044.0,1238.0,806.0,12096.0,9.0,9.0,10.0,11.17,1937.0,761.0,1176.0,14033.0,12.0,12.0,13.0,10.2,2532.0,1078.0,1454.0,16565.0,17.0,17.0,18.0,11.69,,,,,,,,,,,,,,,,,,,,,,,,,
6cdf5936-ea48-4949-b882-836fdc4f3e9b,2025-11-22 00:06:13 UTC,False,20846.0,CFOP,Gan 12 UI Maglev,RandomForest,14132.0,20846.0,,,gan12,custom_rules,,,,8.0,0.0,0.0,20846.0,66.0,70.0,86.0,3.17,9388.0,11458.0,2319.0,0.0,2319.0,2319.0,9.0,11.0,18.0,3.88,0.0,0.0,0.0,2319.0,0.0,0.0,0.0,0.0,3411.0,2617.0,794.0,5730.0,7.0,7.0,8.0,8.82,5286.0,2569.0,2717.0,11016.0,14.0,14.0,17.0,5.15,1027.0,737.0,290.0,12043.0,4.0,4.0,4.0,13.79,2413.0,1128.0,1285.0,14456.0,10.0,11.0,11.0,7.78,6390.0,2337.0,4053.0,20846.0,22.0,23.0,28.0,5.43,,,,,,,,,,,,,,,,,,,,,,,,,
831e0b35-d7f2-451a-9f35-2e9bf7168af3,2025-11-22 00:07:00 UTC,False,16452.0,CFOP,Gan 12 UI Maglev,RandomForest,5526.0,16452.0,,,gan12,custom_rules,,,,8.0,0.0,0.0,16452.0,69.0,69.0,77.0,4.19,7023.0,9356.0,2475.0,0.0,2475.0,2548.0,9.0,9.0,11.0,3.64,2423.0,1415.0,1008.0,4971.0,9.0,9.0,10.0,8.93,3685.0,1324.0,2361.0,8656.0,12.0,12.0,14.0,5.08,1996.0,755.0,1241.0,10652.0,7.0,7.0,7.0,5.64,1558.0,1397.0,161.0,12210.0,5.0,5.0,6.0,31.06,2030.0,1121.0,909.0,14240.0,12.0,12.0,13.0,13.2,2212.0,1011.0,1201.0,16452.0,15.0,15.0,16.0,12.49,,,,,,,,,,,,,,,,,,,,,,,,,
415f686b-beb5-4392-8d3c-1357834d1a1c,2025-11-22 00:07:37 UTC,False,16819.0,CFOP,Gan 12 UI Maglev,RandomForest,11881.0,16819.0,,,gan12,custom_rules,,,,8.0,0.0,0.0,16819.0,64.0,69.0,82.0,3.81,6839.0,9923.0,4754.0,0.0,4754.0,4811.0,12.0,12.0,16.0,2.52,1467.0,782.0,685.0,6278.0,7.0,7.0,8.0,10.22,1948.0,1529.0,419.0,8226.0,7.0,7.0,7.0,16.71,1872.0,1251.0,621.0,10098.0,8.0,8.0,8.0,12.88,1729.0,1051.0,678.0,11827.0,8.0,8.0,8.0,11.8,1895.0,847.0,1048.0,13722.0,11.0,11.0,12.0,10.5,3097.0,1379.0,1718.0,16819.0,11.0,16.0,23.0,6.4,,,,,,,,,,,,,,,,,,,,,,,,,
b095fd25-ab12-43d4-a900-bcabcbad8dfc,2025-11-22 00:08:30 UTC,False,16021.0,CFOP,Gan 12 UI Maglev,RandomForest,8809.0,16021.0,,,gan12,custom_rules,,,,8.0,0.0,0.0,16021.0,67.0,68.0,78.0,4.18,8287.0,7734.0,901.0,0.0,901.0,901.0,4.0,4.0,7.0,4.44,4930.0,3349.0,1581.0,5831.0,11.0,11.0,12.0,6.96,1336.0,628.0,708.0,7167.0,8.0,8.0,10.0,11.3,2112.0,1275.0,837.0,9279.0,8.0,8.0,10.0,9.56,1434.0,709.0,725.0,10713.0,8.0,8.0,8.0,11.03,1587.0,854.0,733.0,12300.0,10.0,11.0,11.0,13.64,3721.0,1472.0,2249.0,16021.0,18.0,18.0,20.0,8.0,,,,,,,,,,,,,,,,,,,,,,,,,
4456be26-ef25-46aa-9bb3-e687806eeec5,2025-11-22 00:09:23 UTC,False,17862.0,CFOP,Gan 12 UI Maglev,RandomForest,26478.0,17862.0,,,gan12,custom_rules,,,,8.0,0.0,0.0,17862.0,59.0,63.0,73.0,3.3,6988.0,10874.0,3654.0,0.0,3654.0,3654.0,10.0,10.0,13.0,2.74,0.0,0.0,0.0,3654.0,0.0,0.0,0.0,0.0,4959.0,3983.0,976.0,8613.0,9.0,9.0,10.0,9.22,2188.0,945.0,1243.0,10801.0,7.0,7.0,7.0,5.63,1839.0,829.0,1010.0,12640.0,7.0,7.0,7.0,6.93,3122.0,89.0,3033.0,15762.0,19.0,19.0,20.0,6.26,2100.0,1142.0,958.0,17862.0,7.0,11.0,16.0,7.31,,,,,,,,,,,,,,,,,,,,,,,,,
2a770654-81e5-46f2-905b-9481e2bcd896,2025-11-22 00:09:53 UTC,False,15018.0,CFOP,Gan 12 UI Maglev,RandomForest,5237.0,15018.0,,,gan12,custom_rules,,,,8.0,0.0,0.0,15018.0,72.0,73.0,80.0,4.79,5453.0,9501.0,1673.0,0.0,1673.0,1737.0,5.0,6.0,7.0,2.99,1386.0,1007.0,379.0,3123.0,5.0,5.0,5.0,13.19,1634.0,539.0,1095.0,4757.0,8.0,8.0,9.0,7.31,3483.0,931.0,2552.0,8240.0,18.0,18.0,21.0,7.05,1359.0,916.0,443.0,9599.0,8.0,8.0,8.0,18.06,2592.0,1157.0,1435.0,12191.0,13.0,13.0,14.0,9.06,2827.0,903.0,1924.0,15018.0,15.0,15.0,16.0,7.8,,,,,,,,,,,,,,,,,,,,,,,,,
51520a60-f747-4f9d-bd1b-6d34d37d09ed,2025-11-22 00:10:25 UTC,False,19967.0,CFOP,Gan 12 UI Maglev,RandomForest,3020.0,19967.0,,,gan12,custom_rules,,,,8.0,0.0,0.0,19967.0,77.0,77.0,83.0,3.86,6460.0,13507.0,2702.0,0.0,2702.0,2702.0,6.0,6.0,6.0,2.22,1825.0,887.0,938.0,4527.0,11.0,11.0,11.0,11.73,1568.0,685.0,883.0,6095.0,8.0,8.0,8.0,9.06,6449.0,1088.0,5361.0,12544.0,22.0,22.0,25.0,4.1,728.0,550.0,178.0,13272.0,3.0,3.0,3.0,16.85,2245.0,886.0,1359.0,15517.0,9.0,9.0,12.0,6.62,4450.0,2364.0,2086.0,19967.0,18.0,18.0,18.0,8.63,,,,,,,,,,,,,,,,,,,,,,,,,
5761091b-fcc6-4e16-8c7b-f67e677d280a,2025-11-22 00:11:10 UTC,False,18643.0,CFOP,Gan 12 UI Maglev,RandomForest,17167.0,18643.0,,,gan12,custom_rules,,,,8.0,0.0,0.0,18643.0,78.0,78.0,84.0,4.18,7850.0,10793.0,1978.0,0.0,1978.0,1978.0,9.0,9.0,10.0,4.55,2486.0,1326.0,1160.0,4464.0,8.0,8.0,9.0,6.9,3130.0,838.0,2292.0,7594.0,12.0,12.0,13.0,5.24,3326.0,2395.0,931.0,10920.0,8.0,8.0,8.0,8.59,1869.0,1024.0,845.0,12789.0,8.0,8.0,9.0,9.47,3073.0,1007.0,2066.0,15862.0,15.0,15.0,16.0,7.26,2781.0,1260.0,1521.0,18643.0,18.0,18.0,19.0,11.83,,,,,,,,,,,,,,,,,,,,,,,,,
253d386b-3926-41af-a737-a16cb447d077,2025-11-22 00:11:53 UTC,False,16596.0,CFOP,Gan 12 UI Maglev,RandomForest,16219.0,16596.0,,,gan12,custom_rules,,,,8.0,0.0,0.0,16596.0,64.0,65.0,76.0,3.86,7257.0,9339.0,2381.0,0.0,2381.0,2381.0,7.0,7.0,9.0,2.94,1896.0,476.0,1420.0,4277.0,11.0,11.0,11.0,7.75,2466.0,1983.0,483.0,6743.0,6.0,6.0,8.0,12.42,2034.0,653.0,1381.0,8777.0,11.0,11.0,12.0,7.97,1318.0,488.0,830.0,10095.0,8.0,8.0,9.0,9.64,2606.0,1043.0,1563.0,12701.0,10.0,11.0,11.0,6.4,3895.0,2614.0,1281.0,16596.0,11.0,11.0,16.0,8.59,,,,,,,,,,,,,,,,,,,,,,,,,
9b8f8503-724f-40cf-86a4-b17cdd874546,2025-11-22 00:12:25 UTC,False,18702.0,CFOP,Gan 12 UI Maglev,RandomForest,4878.0,18702.0,,,gan12,custom_rules,,,,8.0,0.0,0.0,18702.0,64.0,65.0,75.0,3.42,8626.0,10076.0,1566.0,0.0,1566.0,1566.0,5.0,5.0,9.0,3.19,6282.0,3921.0,2361.0,7848.0,12.0,12.0,13.0,5.08,1790.0,830.0,960.0,9638.0,7.0,7.0,7.0,7.29,1343.0,1142.0,201.0,10981.0,4.0,4.0,4.0,19.9,2476.0,757.0,1719.0,13457.0,11.0,11.0,13.0,6.4,1312.0,789.0,523.0,14769.0,9.0,9.0,9.0,17.21,3933.0,1187.0,2746.0,18702.0,16.0,17.0,20.0,5.83,,,,,,,,,,,,,,,,,,,,,,,,,
5ce2ebc0-890a-4491-97c2-5d8f0df90010,2025-11-22 00:13:27 UTC,False,18187.0,CFOP,Gan 12 UI Maglev,RandomForest,34047.0,18187.0,,,gan12,custom_rules,,,,8.0,0.0,0.0,18187.0,74.0,75.0,85.0,4.07,8155.0,10032.0,1240.0,0.0,1240.0,1240.0,4.0,4.0,6.0,3.23,2770.0,618.0,2152.0,4010.0,10.0,11.0,12.0,4.65,2889.0,2246.0,643.0,6899.0,8.0,8.0,11.0,12.44,2485.0,1986.0,499.0,9384.0,8.0,8.0,10.0,16.03,3514.0,1550.0,1964.0,12898.0,12.0,12.0,12.0,6.11,1366.0,782.0,584.0,14264.0,9.0,9.0,9.0,15.41,3923.0,973.0,2950.0,18187.0,23.0,23.0,25.0,7.8,,,,,,,,,,,,,,,,,,,,,,,,,
e8aa8c83-19f1-42e3-aabe-a93b58ee64da,2025-11-22 00:14:12 UTC,False,19244.0,CFOP,Gan 12 UI Maglev,RandomForest,16142.0,19244.0,,,gan12,custom_rules,,,,8.0,0.0,0.0,19244.0,82.0,83.0,90.0,4.26,7609.0,11635.0,2287.0,0.0,2287.0,2287.0,7.0,7.0,8.0,3.06,2385.0,1472.0,913.0,4672.0,9.0,10.0,10.0,9.86,1379.0,577.0,802.0,6051.0,11.0,11.0,11.0,13.72,4924.0,1358.0,3566.0,10975.0,13.0,13.0,15.0,3.65,1879.0,1203.0,676.0,12854.0,8.0,8.0,10.0,11.83,2229.0,1335.0,894.0,15083.0,11.0,11.0,12.0,12.3,4161.0,1664.0,2497.0,19244.0,23.0,23.0,24.0,9.21,,,,,,,,,,,,,,,,,,,,,,,,,
ec2171c7-f7e6-4342-bce6-a002ee0ae16e,2025-11-22 00:14:49 UTC,False,17305.0,CFOP,Gan 12 UI Maglev,RandomForest,9938.0,17305.0,,,gan12,custom_rules,,,,8.0,0.0,0.0,17305.0,77.0,78.0,81.0,4.45,7686.0,9619.0,1768.0,0.0,1768.0,1768.0,8.0,8.0,9.0,4.52,2315.0,1112.0,1203.0,4083.0,7.0,7.0,7.0,5.82,3269.0,1607.0,1662.0,7352.0,11.0,12.0,12.0,6.62,2927.0,1598.0,1329.0,10279.0,13.0,13.0,14.0,9.78,1575.0,955.0,620.0,11854.0,8.0,8.0,8.0,12.9,2495.0,1068.0,1427.0,14349.0,13.0,13.0,13.0,9.11,2956.0,1346.0,1610.0,17305.0,17.0,17.0,18.0,10.56,,,,,,,,,,,,,,,,,,,,,,,,,
0ebaae8d-14cb-4fdf-b65b-71db485d3acc,2025-11-22 00:15:32 UTC,False,13691.0,CFOP,Gan 12 UI Maglev,RandomForest,16477.0,13691.0,,,gan12,custom_rules,,,,8.0,0.0,0.0,13691.0,58.0,62.0,71.0,4.24,5493.0,8198.0,1514.0,0.0,1514.0,1514.0,4.0,4.0,4.0,2.64,2199.0,73.0,2126.0,3713.0,10.0,10.0,11.0,4.7,1839.0,1186.0,653.0,5552.0,8.0,8.0,8.0,12.25,1430.0,753.0,677.0,6982.0,7.0,7.0,8.0,10.34,2861.0,1388.0,1473.0,9843.0,13.0,13.0,13.0,8.83,1410.0,774.0,636.0,11253.0,9.0,9.0,9.0,14.15,2438.0,1319.0,1119.0,13691.0,8.0,12.0,18.0,7.15,,,,,,,,,,,,,,,,,,,,,,,,,
46b9358e-766a-4210-ae05-753f34d256c5,2025-11-22 00:16:16 UTC,False,25448.0,CFOP,Gan 12 UI Maglev,RandomForest,6770.0,25448.0,,,gan12,custom_rules,,,,8.0,0.0,0.0,25448.0,80.0,83.0,95.0,3.14,8365.0,16930.0,4903.0,0.0,4903.0,5056.0,11.0,12.0,13.0,2.24,5485.0,477.0,5008.0,10541.0,12.0,13.0,14.0,2.4,2399.0,1239.0,1160.0,12940.0,9.0,10.0,11.0,7.76,2915.0,1649.0,1266.0,15855.0,14.0,14.0,14.0,11.06,2275.0,1686.0,589.0,18130.0,8.0,8.0,10.0,13.58,3844.0,1313.0,2531.0,21974.0,15.0,15.0,18.0,5.93,3474.0,2001.0,1473.0,25448.0,11.0,11.0,15.0,7.47,,,,,,,,,,,,,,,,,,,,,,,,,
2254fedd-79ea-42ab-8591-ff330c04546a,2025-11-22 00:17:10 UTC,False,21637.0,CFOP,Gan 12 UI Maglev,RandomForest,22133.0,21637.0,,,gan12,custom_rules,,,,8.0,0.0,0.0,21637.0,84.0,86.0,95.0,3.88,7390.0,14247.0,1901.0,0.0,1901.0,1901.0,5.0,5.0,6.0,2.63,4173.0,741.0,3432.0,6074.0,18.0,19.0,23.0,5.24,3947.0,974.0,2973.0,10021.0,12.0,12.0,12.0,4.04,3286.0,2287.0,999.0,13307.0,8.0,8.0,8.0,8.01,2170.0,1078.0,1092.0,15477.0,8.0,8.0,9.0,7.33,2568.0,879.0,1689.0,18045.0,16.0,16.0,16.0,9.47,3592.0,1431.0,2161.0,21637.0,17.0,18.0,21.0,7.87,,,,,,,,,,,,,,,,,,,,,,,,,
a89ea8f5-3ef0-4858-8ef1-ad0a3254d1de,2025-11-22 00:18:00 UTC,False,19114.0,CFOP,Gan 12 UI Maglev,RandomForest,18470.0,19114.0,,,gan12,custom_rules,,,,8.0,0.0,0.0,19114.0,88.0,93.0,105.0,4.6,5747.0,13367.0,822.0,0.0,822.0,822.0,4.0,4.0,4.0,4.87,2028.0,1125.0,903.0,2850.0,8.0,8.0,8.0,8.86,1606.0,1332.0,274.0,4456.0,4.0,4.0,5.0,14.6,5190.0,646.0,4544.0,9646.0,20.0,22.0,25.0,4.4,1519.0,549.0,970.0,11165.0,10.0,10.0,11.0,10.31,1843.0,843.0,1000.0,13008.0,10.0,11.0,12.0,10.0,6106.0,1252.0,4854.0,19114.0,32.0,34.0,40.0,6.59,,,,,,,,,,,,,,,,,,,,,,,,,
7583aba5-d386-4826-8b3f-495e3d1d18b5,2025-11-22 00:18:30 UTC,False,14182.0,CFOP,Gan 12 UI Maglev,RandomForest,6871.0,14182.0,,,gan12,custom_rules,,,,8.0,0.0,0.0,14182.0,63.0,64.0,70.0,4.44,7027.0,7155.0,1289.0,0.0,1289.0,1289.0,6.0,6.0,7.0,4.65,1623.0,672.0,951.0,2912.0,7.0,7.0,8.0,7.36,1653.0,290.0,1363.0,4565.0,8.0,8.0,9.0,5.87,2242.0,1662.0,580.0,6807.0,9.0,9.0,10.0,15.52,2588.0,2010.0,578.0,9395.0,9.0,9.0,9.0,15.57,1369.0,798.0,571.0,10764.0,9.0,9.0,9.0,15.76,3418.0,1595.0,1823.0,14182.0,15.0,16.0,18.0,8.23,,,,,,,,,,,,,,,,,,,,,,,,,
644eb7e4-4077-4da3-b8d2-182c509561a1,2025-11-22 00:19:24 UTC,False,20101.0,CFOP,Gan 12 UI Maglev,RandomForest,21483.0,20101.0,,,gan12,custom_rules,,,,8.0,0.0,0.0,20101.0,67.0,67.0,79.0,3.33,7200.0,12901.0,2040.0,0.0,2040.0,2040.0,7.0,7.0,7.0,3.43,0.0,0.0,0.0,2040.0,0.0,0.0,0.0,0.0,6168.0,1401.0,4767.0,8208.0,19.0,19.0,22.0,3.99,1801.0,1036.0,765.0,10009.0,8.0,8.0,10.0,10.46,4890.0,2819.0,2071.0,14899.0,13.0,13.0,14.0,6.28,2836.0,968.0,1868.0,17735.0,10.0,10.0,13.0,5.35,2366.0,976.0,1390.0,20101.0,10.0,10.0,13.0,7.19,,,,,,,,,,,,,,,,,,,,,,,,,
4c92ac51-47d6-4d37-b3e2-d8076b663594,2025-11-22 00:20:12 UTC,False,17116.0,CFOP,Gan 12 UI Maglev,RandomForest,19873.0,17116.0,,,gan12,custom_rules,,,,8.0,0.0,0.0,17116.0,68.0,68.0,76.0,3.97,9304.0,7812.0,1851.0,0.0,1851.0,1851.0,9.0,9.0,9.0,4.86,3595.0,1889.0,1706.0,5446.0,9.0,9.0,11.0,5.28,2407.0,1537.0,870.0,7853.0,7.0,7.0,7.0,8.05,2548.0,2064.0,484.0,10401.0,8.0,8.0,10.0,16.53,1856.0,1373.0,483.0,12257.0,8.0,8.0,8.0,16.56,1969.0,1259.0,710.0,14226.0,8.0,8.0,10.0,11.27,2890.0,1182.0,1708.0,17116.0,19.0,19.0,21.0,11.12,,,,,,,,,,,,,,,,,,,,,,,,,
1a8bdf25-8c50-4e76-92db-b7a6a8593a76,2025-11-22 00:20:43 UTC,False,15922.0,CFOP,Gan 12 UI Maglev,RandomForest,6960.0,15922.0,,,gan12,custom_rules,,,,8.0,0.0,0.0,15922.0,71.0,75.0,89.0,4.46,5503.0,10419.0,2225.0,0.0,2225.0,2225.0,6.0,6.0,10.0,2.7,2914.0,1064.0,1850.0,5139.0,8.0,8.0,9.0,4.32,1939.0,1076.0,863.0,7078.0,8.0,8.0,8.0,9.27,1436.0,647.0,789.0,8514.0,11.0,11.0,11.0,13.94,1610.0,997.0,613.0,10124.0,7.0,7.0,8.0,11.42,1455.0,701.0,754.0,11579.0,9.0,9.0,9.0,11.94,4343.0,1018.0,3325.0,15922.0,23.0,27.0,34.0,6.92,,,,,,,,,,,,,,,,,,,,,,,,,
37a8d127-cb81-4a17-b192-e2d094ca3139,2025-11-22 00:22:11 UTC,False,17888.0,CFOP,Gan 12 UI Maglev,RandomForest,21483.0,17888.0,,,gan12,custom_rules,,,,8.0,0.0,0.0,17888.0,55.0,57.0,65.0,3.07,9538.0,8350.0,1539.0,0.0,1539.0,1539.0,5.0,5.0,8.0,3.25,3957.0,3256.0,701.0,5496.0,7.0,8.0,8.0,9.99,2356.0,1507.0,849.0,7852.0,9.0,9.0,10.0,10.6,2798.0,2283.0,515.0,10650.0,4.0,4.0,6.0,7.77,2600.0,501.0,2099.0,13250.0,8.0,8.0,8.0,3.81,1970.0,1127.0,843.0,15220.0,10.0,11.0,11.0,11.86,2668.0,864.0,1804.0,17888.0,12.0,12.0,14.0,6.65,,,,,,,,,,,,,,,,,,,,,,,,,
a3c6636b-6f4c-4a36-986c-07cf7eb756a3,2025-11-22 00:22:52 UTC,False,15376.0,CFOP,Gan 12 UI Maglev,RandomForest,15635.0,15376.0,,,gan12,custom_rules,,,,8.0,0.0,0.0,15376.0,68.0,69.0,74.0,4.42,7533.0,7650.0,1119.0,0.0,1119.0,1312.0,5.0,6.0,6.0,4.47,2323.0,1224.0,1099.0,3635.0,8.0,8.0,10.0,7.28,1971.0,1031.0,940.0,5606.0,8.0,8.0,9.0,8.51,2896.0,2268.0,628.0,8502.0,9.0,9.0,10.0,14.33,1801.0,1318.0,483.0,10303.0,8.0,8.0,8.0,16.56,1607.0,776.0,831.0,11910.0,10.0,10.0,10.0,12.03,3466.0,916.0,2550.0,15376.0,20.0,20.0,21.0,7.84,,,,,,,,,,,,,,,,,,,,,,,,,
2689d5b2-4fe2-48f1-a291-64781f40ae25,2025-11-22 00:23:26 UTC,False,13776.0,CFOP,Gan 12 UI Maglev,RandomForest,10645.0,13776.0,,,gan12,custom_rules,,,,8.0,0.0,0.0,13776.0,70.0,71.0,78.0,5.08,4906.0,8870.0,1774.0,0.0,1774.0,1774.0,6.0,6.0,7.0,3.38,2055.0,951.0,1104.0,3829.0,7.0,7.0,7.0,6.34,1108.0,685.0,423.0,4937.0,5.0,5.0,5.0,11.82,2230.0,749.0,1481.0,7167.0,12.0,12.0,13.0,8.1,1709.0,410.0,1299.0,8876.0,14.0,14.0,15.0,10.78,2105.0,814.0,1291.0,10981.0,12.0,12.0,13.0,9.3,2795.0,1297.0,1498.0,13776.0,14.0,15.0,18.0,9.35,,,,,,,,,,,,,,,,,,,,,,,,,
e738001c-0800-4084-b057-9004535243e5,2025-11-22 00:23:58 UTC,False,16147.0,CFOP,Gan 12 UI Maglev,RandomForest,5976.0,16147.0,,,gan12,custom_rules,,,,8.0,0.0,0.0,16147.0,83.0,83.0,85.0,5.14,7002.0,9145.0,2021.0,0.0,2021.0,2021.0,8.0,8.0,8.0,3.96,2178.0,670.0,1508.0,4199.0,12.0,12.0,13.0,7.96,2339.0,912.0,1427.0,6538.0,12.0,12.0,12.0,8.41,2648.0,2000.0,648.0,9186.0,12.0,12.0,13.0,18.52,2083.0,1484.0,599.0,11269.0,7.0,7.0,7.0,11.69,2321.0,1151.0,1170.0,13590.0,14.0,14.0,14.0,11.97,2557.0,785.0,1772.0,16147.0,18.0,18.0,18.0,10.16,,,,,,,,,,,,,,,,,,,,,,,,,
ce30bddb-7823-4802-b647-d0ccde0da63a,2025-11-22 00:26:11 UTC,False,27160.0,CFOP,Gan 12 UI Maglev,RandomForest,97099.0,27160.0,,,gan12,custom_rules,,,,8.0,0.0,0.0,27160.0,77.0,78.0,87.0,2.84,4575.0,22585.0,4267.0,0.0,4267.0,4267.0,9.0,9.0,10.0,2.11,946.0,753.0,193.0,5213.0,3.0,3.0,3.0,15.54,1031.0,870.0,161.0,6244.0,3.0,3.0,3.0,18.63,14822.0,358.0,14464.0,21066.0,30.0,31.0,34.0,2.07,2037.0,926.0,1111.0,23103.0,7.0,7.0,8.0,6.3,1312.0,733.0,579.0,24415.0,9.0,9.0,9.0,15.54,2745.0,935.0,1810.0,27160.0,16.0,16.0,20.0,8.84,,,,,,,,,,,,,,,,,,,,,,,,,
1f55ca8f-df30-47ef-b652-eda968238677,2025-11-22 00:27:04 UTC,False,23955.0,CFOP,Gan 12 UI Maglev,RandomForest,9581.0,23955.0,,,testing,custom_rules,,,,8.0,0.0,0.0,23955.0,51.0,56.0,67.0,2.13,4673.0,19282.0,13650.0,0.0,13650.0,13650.0,9.0,9.0,10.0,0.66,925.0,498.0,427.0,14575.0,3.0,3.0,3.0,7.03,1263.0,926.0,337.0,15838.0,3.0,3.0,3.0,8.9,1580.0,362.0,1218.0,17418.0,8.0,8.0,8.0,6.57,1370.0,540.0,830.0,18788.0,7.0,7.0,8.0,8.43,2433.0,1297.0,1136.0,21221.0,11.0,11.0,12.0,9.68,2734.0,1050.0,1684.0,23955.0,10.0,15.0,23.0,5.94,,,,,,,,,,,,,,,,,,,,,,,,,
f82080bc-09b7-4448-95b1-7173551f735c,2025-11-22 00:27:31 UTC,False,11767.0,CFOP,Gan 12 UI Maglev,RandomForest,4676.0,11767.0,,,testing,custom_rules,,,,8.0,0.0,0.0,11767.0,55.0,60.0,69.0,4.67,4191.0,7576.0,2634.0,0.0,2634.0,2634.0,9.0,9.0,10.0,3.42,540.0,348.0,192.0,3174.0,3.0,3.0,3.0,15.63,731.0,538.0,193.0,3905.0,3.0,3.0,3.0,15.54,2124.0,839.0,1285.0,6029.0,8.0,8.0,8.0,6.23,1456.0,750.0,706.0,7485.0,7.0,7.0,8.0,9.92,1534.0,499.0,1035.0,9019.0,11.0,11.0,12.0,10.63,2748.0,1217.0,1531.0,11767.0,14.0,19.0,25.0,9.14,,,,,,,,,,,,,,,,,,,,,,,,,
7ddd0f51-b561-45b5-86f7-561395631386,2025-11-22 00:28:09 UTC,False,17611.0,CFOP,Gan 12 UI Maglev,RandomForest,5277.0,17611.0,,,gan12,custom_rules,,,,8.0,0.0,0.0,17611.0,71.0,75.0,84.0,4.03,5273.0,12338.0,4935.0,0.0,4935.0,4935.0,13.0,13.0,14.0,2.63,2559.0,216.0,2343.0,7494.0,10.0,10.0,12.0,4.27,1962.0,1143.0,819.0,9456.0,6.0,7.0,7.0,7.33,1560.0,925.0,635.0,11016.0,7.0,7.0,8.0,11.02,1558.0,692.0,866.0,12574.0,12.0,12.0,13.0,13.86,1986.0,798.0,1188.0,14560.0,9.0,10.0,11.0,7.58,3051.0,1499.0,1552.0,17611.0,15.0,17.0,19.0,9.66,,,,,,,,,,,,,,,,,,,,,,,,,
8d388e99-13df-45aa-947a-936f3d678f4b,2025-11-22 00:28:41 UTC,False,18474.0,CFOP,Gan 12 UI Maglev,RandomForest,3913.0,18474.0,,,gan12,custom_rules,,,,8.0,0.0,0.0,18474.0,63.0,75.0,101.0,3.41,6403.0,12071.0,1361.0,0.0,1361.0,1361.0,7.0,8.0,10.0,5.14,2539.0,1080.0,1459.0,3900.0,9.0,10.0,11.0,6.17,1725.0,757.0,968.0,5625.0,8.0,8.0,9.0,8.26,2057.0,1168.0,889.0,7682.0,7.0,7.0,9.0,7.87,1512.0,1303.0,209.0,9194.0,4.0,4.0,5.0,19.14,2718.0,1272.0,1446.0,11912.0,10.0,10.0,14.0,6.92,6562.0,823.0,5739.0,18474.0,18.0,28.0,43.0,3.14,,,,,,,,,,,,,,,,,,,,,,,,,
93081420-b297-48d4-a036-2ac9e1196b26,2025-11-22 00:29:18 UTC,False,16871.0,CFOP,Gan 12 UI Maglev,RandomForest,6893.0,16871.0,,,gan12,custom_rules,,,,8.0,0.0,0.0,16871.0,71.0,72.0,77.0,4.21,7147.0,9530.0,725.0,0.0,725.0,919.0,4.0,5.0,5.0,5.52,2932.0,1735.0,1197.0,3851.0,8.0,8.0,11.0,6.68,1518.0,1043.0,475.0,5369.0,8.0,8.0,9.0,16.84,3523.0,669.0,2854.0,8892.0,15.0,15.0,15.0,5.26,3142.0,1828.0,1314.0,12034.0,9.0,9.0,9.0,6.85,2138.0,880.0,1258.0,14172.0,11.0,11.0,11.0,8.74,2699.0,992.0,1707.0,16871.0,16.0,16.0,17.0,9.37,,,,,,,,,,,,,,,,,,,,,,,,,
b86f6bd1-30c3-4c45-b022-c1c08ea11cf4,2025-11-22 00:29:43 UTC,False,12225.0,CFOP,Gan 12 UI Maglev,RandomForest,4709.0,12225.0,,,gan12,custom_rules,,,,8.0,0.0,0.0,12225.0,47.0,52.0,63.0,3.84,7317.0,4908.0,1266.0,0.0,1266.0,1266.0,5.0,6.0,6.0,3.95,0.0,0.0,0.0,1266.0,0.0,0.0,0.0,0.0,1653.0,1387.0,266.0,2919.0,5.0,5.0,6.0,18.8,1531.0,1361.0,170.0,4450.0,3.0,3.0,3.0,17.65,2934.0,2184.0,750.0,7384.0,8.0,8.0,8.0,10.67,2263.0,870.0,1393.0,9647.0,18.0,18.0,18.0,12.92,2578.0,1515.0,1063.0,12225.0,8.0,12.0,22.0,7.53,,,,,,,,,,,,,,,,,,,,,,,,,
86baca24-1a68-49d0-9feb-39b0e80f264d,2025-11-22 00:30:18 UTC,False,17217.0,CFOP,Gan 12 UI Maglev,RandomForest,6579.0,17217.0,,,gan12,custom_rules,,,,8.0,0.0,0.0,17217.0,55.0,58.0,62.0,3.19,7974.0,9243.0,2793.0,0.0,2793.0,2793.0,8.0,8.0,9.0,2.86,3512.0,2345.0,1167.0,6305.0,7.0,7.0,7.0,6.0,2415.0,1123.0,1292.0,8720.0,4.0,4.0,5.0,3.1,1524.0,869.0,655.0,10244.0,6.0,7.0,7.0,9.16,1401.0,596.0,805.0,11645.0,6.0,6.0,6.0,7.45,2079.0,1154.0,925.0,13724.0,9.0,10.0,10.0,9.73,3493.0,1887.0,1606.0,17217.0,15.0,16.0,18.0,9.34,,,,,,,,,,,,,,,,,,,,,,,,,
e60c18b0-a6e9-41ba-9105-2876c43640bf,2025-11-22 00:30:47 UTC,False,15995.0,CFOP,Gan 12 UI Maglev,RandomForest,3867.0,15995.0,,,gan12,custom_rules,,,,8.0,0.0,0.0,15995.0,80.0,81.0,89.0,5.0,5954.0,10041.0,1396.0,0.0,1396.0,1396.0,6.0,6.0,7.0,4.3,4360.0,2032.0,2328.0,5756.0,16.0,16.0,17.0,6.87,2059.0,186.0,1873.0,7815.0,11.0,11.0,12.0,5.87,1099.0,581.0,518.0,8914.0,8.0,8.0,8.0,15.44,2672.0,1227.0,1445.0,11586.0,12.0,12.0,12.0,8.3,1713.0,783.0,930.0,13299.0,12.0,12.0,13.0,12.9,2696.0,1145.0,1551.0,15995.0,16.0,17.0,20.0,10.32,,,,,,,,,,,,,,,,,,,,,,,,,
edaa7877-88c3-4b45-a072-73169683c1bd,2025-11-22 00:31:21 UTC,False,17243.0,CFOP,Gan 12 UI Maglev,RandomForest,5366.0,17243.0,,,gan12,custom_rules,,,,8.0,0.0,0.0,17243.0,60.0,60.0,70.0,3.48,3823.0,13420.0,9320.0,0.0,9320.0,9320.0,30.0,30.0,34.0,3.22,0.0,0.0,0.0,9320.0,0.0,0.0,0.0,0.0,0.0,0.0,0.0,9320.0,0.0,0.0,0.0,0.0,1696.0,1127.0,569.0,11016.0,4.0,4.0,4.0,7.03,1663.0,540.0,1123.0,12679.0,8.0,8.0,9.0,7.12,1808.0,636.0,1172.0,14487.0,7.0,7.0,8.0,5.97,2756.0,1520.0,1236.0,17243.0,11.0,11.0,15.0,8.9,,,,,,,,,,,,,,,,,,,,,,,,,
4c51b058-2c30-4aeb-a252-79cd4074723b,2025-11-22 00:31:49 UTC,False,11722.0,CFOP,Gan 12 UI Maglev,RandomForest,7782.0,11722.0,,,gan12,custom_rules,,,,8.0,0.0,0.0,11722.0,66.0,67.0,77.0,5.63,4404.0,7085.0,1218.0,0.0,1218.0,1451.0,7.0,8.0,9.0,5.75,1949.0,762.0,1187.0,3400.0,11.0,11.0,11.0,9.27,1643.0,1475.0,168.0,5043.0,4.0,4.0,4.0,23.81,1531.0,97.0,1434.0,6574.0,11.0,11.0,11.0,7.67,1192.0,427.0,765.0,7766.0,11.0,11.0,11.0,14.38,1725.0,653.0,1072.0,9491.0,9.0,9.0,14.0,8.4,2231.0,990.0,1241.0,11722.0,16.0,16.0,17.0,12.89,,,,,,,,,,,,,,,,,,,,,,,,,
c962cb33-7a65-4509-add9-3e3c8bcb9e76,2025-11-22 00:32:29 UTC,False,12582.0,CFOP,Gan 12 UI Maglev,RandomForest,11683.0,12582.0,,,gan12,custom_rules,,,,8.0,0.0,0.0,12582.0,58.0,60.0,67.0,4.61,5537.0,7045.0,1786.0,0.0,1786.0,1786.0,7.0,7.0,10.0,3.92,1961.0,732.0,1229.0,3747.0,12.0,12.0,12.0,9.76,1450.0,555.0,895.0,5197.0,7.0,7.0,8.0,7.82,2372.0,1857.0,515.0,7569.0,9.0,9.0,9.0,17.48,2100.0,526.0,1574.0,9669.0,11.0,11.0,13.0,6.99,2358.0,1312.0,1046.0,12027.0,11.0,13.0,14.0,10.52,555.0,555.0,0.0,12582.0,1.0,1.0,1.0,,,,,,,,,,,,,,,,,,,,,,,,,,
0948337e-924e-4858-9b9d-93910302867f,2025-11-22 00:33:02 UTC,False,13147.0,CFOP,Gan 12 UI Maglev,RandomForest,8718.0,13147.0,,,gan12,custom_rules,,,,8.0,0.0,0.0,13147.0,54.0,58.0,68.0,4.11,4644.0,8503.0,2036.0,0.0,2036.0,2036.0,7.0,7.0,7.0,3.44,2615.0,1015.0,1600.0,4651.0,7.0,7.0,8.0,4.38,2522.0,451.0,2071.0,7173.0,12.0,12.0,13.0,5.79,1776.0,983.0,793.0,8949.0,8.0,8.0,9.0,10.09,1767.0,788.0,979.0,10716.0,12.0,12.0,13.0,12.26,0.0,0.0,0.0,10716.0,0.0,0.0,0.0,0.0,2431.0,1407.0,1024.0,13147.0,8.0,12.0,18.0,7.81,,,,,,,,,,,,,,,,,,,,,,,,,
52049354-7d8b-4b27-b854-b9fc539cbb27,2025-11-22 00:33:45 UTC,False,18264.0,CFOP,Gan 12 UI Maglev,RandomForest,8932.0,18264.0,,,gan12,custom_rules,,,,8.0,0.0,0.0,18264.0,74.0,75.0,87.0,4.05,6960.0,11304.0,1211.0,0.0,1211.0,1211.0,5.0,5.0,5.0,4.13,2473.0,474.0,1999.0,3684.0,11.0,11.0,14.0,5.5,5238.0,2084.0,3154.0,8922.0,16.0,16.0,21.0,5.07,2061.0,500.0,1561.0,10983.0,9.0,9.0,9.0,5.77,1292.0,413.0,879.0,12275.0,8.0,8.0,8.0,9.1,2156.0,1421.0,735.0,14431.0,9.0,10.0,12.0,12.24,3833.0,2068.0,1765.0,18264.0,16.0,16.0,18.0,9.07,,,,,,,,,,,,,,,,,,,,,,,,,
51081218-ca6e-49e0-85fb-d68a96c11aeb,2025-11-22 00:34:28 UTC,False,23953.0,CFOP,Gan 12 UI Maglev,RandomForest,9026.0,23953.0,,,gan12,custom_rules,,,,8.0,0.0,0.0,23953.0,96.0,100.0,108.0,4.01,6950.0,17003.0,1168.0,0.0,1168.0,1168.0,6.0,6.0,6.0,5.14,10675.0,1402.0,9273.0,11843.0,30.0,32.0,35.0,3.24,1788.0,609.0,1179.0,13631.0,8.0,8.0,9.0,6.79,3197.0,1869.0,1328.0,16828.0,12.0,12.0,12.0,9.04,1344.0,853.0,491.0,18172.0,8.0,8.0,8.0,16.29,2807.0,1087.0,1720.0,20979.0,17.0,17.0,18.0,9.88,2974.0,1130.0,1844.0,23953.0,15.0,17.0,20.0,8.13,,,,,,,,,,,,,,,,,,,,,,,,,
6de900ee-c402-4581-be00-da8b8db86bbc,2025-11-22 08:09:21 UTC,False,16427.0,CFOP,Gan 12 UI Maglev,RandomForest,20875.0,16427.0,,,gan12,custom_rules,,,,8.0,0.0,0.0,16427.0,62.0,64.0,72.0,3.77,6808.0,9619.0,1849.0,0.0,1849.0,1849.0,6.0,6.0,9.0,3.24,4318.0,2247.0,2071.0,6167.0,11.0,11.0,11.0,5.31,1858.0,346.0,1512.0,8025.0,9.0,9.0,10.0,5.95,1864.0,612.0,1252.0,9889.0,7.0,7.0,8.0,5.59,2152.0,1500.0,652.0,12041.0,7.0,7.0,8.0,10.74,1654.0,938.0,716.0,13695.0,8.0,8.0,8.0,11.17,2732.0,1165.0,1567.0,16427.0,14.0,16.0,18.0,8.93,,,,,,,,,,,,,,,,,,,,,,,,,
bc094cd0-d479-4611-96cc-19f8eef224ca,2025-11-22 08:10:16 UTC,False,17835.0,CFOP,Gan 12 UI Maglev,RandomForest,25519.0,17835.0,,,gan12,custom_rules,,,,8.0,0.0,0.0,17835.0,66.0,68.0,82.0,3.7,8453.0,9382.0,1614.0,0.0,1614.0,1614.0,7.0,8.0,9.0,4.34,3110.0,1910.0,1200.0,4724.0,8.0,8.0,9.0,6.67,2593.0,1480.0,1113.0,7317.0,13.0,13.0,13.0,11.68,4488.0,2703.0,1785.0,11805.0,9.0,9.0,9.0,5.04,854.0,193.0,661.0,12659.0,3.0,3.0,4.0,4.54,2055.0,920.0,1135.0,14714.0,10.0,10.0,16.0,8.81,3121.0,1247.0,1874.0,17835.0,17.0,18.0,22.0,9.07,,,,,,,,,,,,,,,,,,,,,,,,,
31c6041e-266a-4bca-84ad-8daadda880b9,2025-11-22 08:11:07 UTC,False,18981.0,CFOP,Gan 12 UI Maglev,RandomForest,22780.0,18981.0,,,gan12,custom_rules,,,,8.0,0.0,0.0,18981.0,71.0,72.0,80.0,3.74,7488.0,11493.0,1683.0,0.0,1683.0,1683.0,6.0,6.0,8.0,3.57,3923.0,1642.0,2281.0,5606.0,7.0,7.0,7.0,3.07,2540.0,1145.0,1395.0,8146.0,11.0,11.0,11.0,7.89,2418.0,728.0,1690.0,10564.0,11.0,11.0,12.0,6.51,1986.0,685.0,1301.0,12550.0,7.0,7.0,7.0,5.38,2911.0,1799.0,1112.0,15461.0,13.0,13.0,15.0,11.69,3520.0,1489.0,2031.0,18981.0,16.0,17.0,20.0,7.88,,,,,,,,,,,,,,,,,,,,,,,,,
d01b20d4-a5a1-4e60-bb9f-9e1125561560,2025-11-22 08:11:45 UTC,False,16933.0,CFOP,Gan 12 UI Maglev,RandomForest,9897.0,16933.0,,,gan12,custom_rules,,,,8.0,0.0,0.0,16933.0,69.0,71.0,79.0,4.07,7087.0,9789.0,2032.0,0.0,2032.0,2089.0,7.0,7.0,8.0,3.44,1759.0,1196.0,563.0,3848.0,7.0,7.0,8.0,12.43,2873.0,1432.0,1441.0,6721.0,9.0,10.0,12.0,6.25,1880.0,860.0,1020.0,8601.0,5.0,6.0,7.0,4.9,1447.0,628.0,819.0,10048.0,8.0,8.0,9.0,9.77,3861.0,1938.0,1923.0,13909.0,14.0,14.0,15.0,7.28,3024.0,1033.0,1991.0,16933.0,19.0,19.0,20.0,9.54,,,,,,,,,,,,,,,,,,,,,,,,,
1e9c3ad7-cd5f-4bb0-b2cc-fdf4629c87a9,2025-11-22 08:24:25 UTC,False,18894.0,CFOP,Gan 12 UI Maglev,RandomForest,28784.0,18894.0,,,gan12,custom_rules,,,,8.0,0.0,0.0,18894.0,69.0,71.0,76.0,3.65,6625.0,12269.0,2551.0,0.0,2551.0,2551.0,7.0,7.0,8.0,2.74,2568.0,1137.0,1431.0,5119.0,8.0,8.0,8.0,5.59,3704.0,830.0,2874.0,8823.0,11.0,11.0,11.0,3.83,2622.0,1521.0,1101.0,11445.0,7.0,7.0,7.0,6.36,2168.0,801.0,1367.0,13613.0,10.0,10.0,11.0,7.32,2152.0,1339.0,813.0,15765.0,10.0,10.0,11.0,12.3,3129.0,997.0,2132.0,18894.0,16.0,18.0,20.0,7.5,,,,,,,,,,,,,,,,,,,,,,,,,
1cdb2dfc-7c44-4620-8655-ef06af18556c,2025-11-22 08:25:01 UTC,False,15901.0,CFOP,Gan 12 UI Maglev,RandomForest,9079.0,15901.0,,,gan12,custom_rules,,,,8.0,0.0,0.0,15901.0,56.0,56.0,67.0,3.52,6507.0,9394.0,2709.0,0.0,2709.0,2709.0,7.0,7.0,9.0,2.58,1979.0,843.0,1136.0,4688.0,11.0,11.0,12.0,9.68,2519.0,1464.0,1055.0,7207.0,7.0,7.0,7.0,6.64,2726.0,1713.0,1013.0,9933.0,7.0,7.0,8.0,6.91,1182.0,226.0,956.0,11115.0,7.0,7.0,9.0,7.32,1658.0,925.0,733.0,12773.0,7.0,7.0,7.0,9.55,3128.0,1336.0,1792.0,15901.0,11.0,11.0,15.0,6.14,,,,,,,,,,,,,,,,,,,,,,,,,
d7ac9b04-8085-4ce8-97e8-81bdcaf96fbe,2025-11-22 08:25:47 UTC,False,19576.0,CFOP,Gan 12 UI Maglev,RandomForest,17575.0,19576.0,,,gan12,custom_rules,,,,8.0,0.0,0.0,19576.0,67.0,68.0,80.0,3.42,6532.0,13004.0,3819.0,0.0,3819.0,3859.0,9.0,9.0,13.0,2.36,1868.0,332.0,1536.0,5727.0,10.0,10.0,10.0,6.51,2599.0,1347.0,1252.0,8326.0,8.0,8.0,9.0,6.39,1523.0,864.0,659.0,9849.0,8.0,8.0,9.0,12.14,2295.0,1263.0,1032.0,12144.0,7.0,7.0,7.0,6.78,2211.0,1291.0,920.0,14355.0,10.0,11.0,12.0,10.87,5221.0,1435.0,3786.0,19576.0,15.0,15.0,20.0,3.96,,,,,,,,,,,,,,,,,,,,,,,,,
bcf49cb6-136b-4949-97da-621917c5ec8c,2025-11-22 08:26:57 UTC,False,20215.0,CFOP,Gan 12 UI Maglev,RandomForest,8580.0,20215.0,,,gan12,custom_rules,,,,8.0,0.0,0.0,20215.0,77.0,79.0,90.0,3.81,5670.0,14472.0,3531.0,0.0,3531.0,3604.0,7.0,7.0,8.0,1.98,1762.0,572.0,1190.0,5366.0,8.0,9.0,9.0,6.72,3580.0,645.0,2935.0,8946.0,16.0,16.0,17.0,5.45,2693.0,177.0,2516.0,11639.0,10.0,11.0,15.0,3.97,2674.0,1668.0,1006.0,14313.0,8.0,8.0,10.0,7.95,2320.0,1059.0,1261.0,16633.0,11.0,11.0,11.0,8.72,3582.0,1549.0,2033.0,20215.0,17.0,17.0,20.0,8.36,,,,,,,,,,,,,,,,,,,,,,,,,
442d8641-88bc-473c-88a0-5d741fc17979,2025-11-22 08:27:34 UTC,False,19499.0,CFOP,Gan 12 UI Maglev,RandomForest,7037.0,19499.0,,,gan12,custom_rules,,,,8.0,0.0,0.0,19499.0,76.0,77.0,87.0,3.9,7645.0,11854.0,2540.0,0.0,2540.0,2540.0,8.0,8.0,10.0,3.15,2350.0,1456.0,894.0,4890.0,8.0,8.0,8.0,8.95,1831.0,720.0,1111.0,6721.0,8.0,8.0,10.0,7.2,3321.0,1688.0,1633.0,10042.0,9.0,9.0,10.0,5.51,2437.0,866.0,1571.0,12479.0,10.0,10.0,11.0,6.37,2797.0,1016.0,1781.0,15276.0,16.0,16.0,16.0,8.98,4223.0,1899.0,2324.0,19499.0,17.0,18.0,22.0,7.31,,,,,,,,,,,,,,,,,,,,,,,,,
ddf3cedb-d781-4a3d-b32f-182842013383,2025-11-22 08:28:06 UTC,False,18516.0,CFOP,Gan 12 UI Maglev,RandomForest,6120.0,18516.0,,,gan12,custom_rules,,,,8.0,0.0,0.0,18516.0,64.0,66.0,74.0,3.46,8255.0,10261.0,2167.0,0.0,2167.0,2167.0,6.0,6.0,8.0,2.77,2947.0,1997.0,950.0,5114.0,7.0,7.0,7.0,7.37,2741.0,1765.0,976.0,7855.0,8.0,8.0,8.0,8.2,3288.0,734.0,2554.0,11143.0,12.0,12.0,13.0,4.7,1195.0,363.0,832.0,12338.0,8.0,8.0,9.0,9.62,2527.0,1641.0,886.0,14865.0,8.0,8.0,9.0,9.03,3651.0,1755.0,1896.0,18516.0,15.0,17.0,20.0,7.91,,,,,,,,,,,,,,,,,,,,,,,,,
1ac97b32-ce05-4959-a9d7-b3f31867f583,2025-11-22 08:36:01 UTC,False,27146.0,CFOP,Gan 12 UI Maglev,RandomForest,9127.0,27146.0,,,gan12,custom_rules,,,,8.0,0.0,0.0,27146.0,75.0,78.0,88.0,2.76,6865.0,20281.0,9791.0,0.0,9791.0,9791.0,13.0,13.0,14.0,1.33,3807.0,1640.0,2167.0,13598.0,11.0,12.0,12.0,5.08,4076.0,644.0,3432.0,17674.0,13.0,13.0,16.0,3.79,1690.0,1433.0,257.0,19364.0,4.0,4.0,4.0,15.56,1160.0,363.0,797.0,20524.0,7.0,7.0,8.0,8.78,2773.0,1608.0,1165.0,23297.0,10.0,11.0,12.0,8.58,3849.0,1177.0,2672.0,27146.0,17.0,18.0,22.0,6.36,,,,,,,,,,,,,,,,,,,,,,,,,
53aac3e2-bd57-4aae-a225-d4be20cd3661,2025-11-22 08:37:20 UTC,False,17202.0,CFOP,Gan 12 UI Maglev,RandomForest,52862.0,17202.0,,,gan12,custom_rules,,,,8.0,0.0,0.0,17202.0,63.0,64.0,71.0,3.66,7169.0,10033.0,2754.0,0.0,2754.0,2754.0,6.0,6.0,6.0,2.18,2235.0,500.0,1735.0,4989.0,11.0,11.0,11.0,6.34,2147.0,1494.0,653.0,7136.0,8.0,8.0,9.0,12.25,2145.0,1811.0,334.0,9281.0,5.0,6.0,6.0,14.97,1771.0,764.0,1007.0,11052.0,8.0,8.0,10.0,7.94,3120.0,956.0,2164.0,14172.0,15.0,15.0,16.0,6.93,3030.0,1644.0,1386.0,17202.0,10.0,10.0,13.0,7.22,,,,,,,,,,,,,,,,,,,,,,,,,
fa80d2cb-9738-4577-99dc-0ae3a5359dea,2025-11-22 08:38:45 UTC,False,20086.0,CFOP,Gan 12 UI Maglev,RandomForest,50413.0,20086.0,,,gan12,custom_rules,,,,8.0,0.0,0.0,20086.0,71.0,72.0,81.0,3.53,8256.0,11830.0,2106.0,0.0,2106.0,2106.0,6.0,6.0,7.0,2.85,1690.0,838.0,852.0,3796.0,8.0,8.0,8.0,9.39,5875.0,1301.0,4574.0,9671.0,19.0,19.0,24.0,4.15,2826.0,2093.0,733.0,12497.0,8.0,8.0,8.0,10.91,1576.0,908.0,668.0,14073.0,7.0,7.0,7.0,10.48,2421.0,1575.0,846.0,16494.0,7.0,7.0,7.0,8.27,3592.0,1541.0,2051.0,20086.0,16.0,17.0,20.0,7.8,,,,,,,,,,,,,,,,,,,,,,,,,
0a038bb8-410e-460b-8695-1a1953414c41,2025-11-22 08:39:25 UTC,False,15653.0,CFOP,Gan 12 UI Maglev,RandomForest,11210.0,15653.0,,,gan12,custom_rules,,,,8.0,0.0,0.0,15653.0,63.0,65.0,73.0,4.02,6404.0,9241.0,1464.0,0.0,1464.0,1472.0,6.0,8.0,8.0,4.1,1813.0,942.0,871.0,3285.0,5.0,5.0,6.0,5.74,1719.0,493.0,1226.0,5004.0,6.0,6.0,8.0,4.89,2709.0,1395.0,1314.0,7713.0,12.0,12.0,13.0,9.13,2397.0,1302.0,1095.0,10110.0,8.0,8.0,9.0,7.31,2263.0,1047.0,1216.0,12373.0,14.0,14.0,14.0,11.51,3280.0,1225.0,2055.0,15653.0,12.0,12.0,15.0,5.84,,,,,,,,,,,,,,,,,,,,,,,,,
f2fc3065-88ca-44af-915e-1baaa7e6e9da,2025-11-22 08:40:16 UTC,False,18382.0,CFOP,Gan 12 UI Maglev,RandomForest,22728.0,18382.0,,,gan12,custom_rules,,,,8.0,0.0,0.0,18382.0,75.0,75.0,83.0,4.08,4996.0,13386.0,5502.0,0.0,5502.0,5502.0,10.0,10.0,11.0,1.82,1781.0,1040.0,741.0,7283.0,8.0,8.0,9.0,10.8,1394.0,644.0,750.0,8677.0,8.0,8.0,9.0,10.67,2031.0,637.0,1394.0,10708.0,10.0,10.0,11.0,7.17,1931.0,836.0,1095.0,12639.0,8.0,8.0,10.0,7.31,2075.0,1013.0,1062.0,14714.0,11.0,11.0,12.0,10.36,3668.0,826.0,2842.0,18382.0,20.0,20.0,21.0,7.04,,,,,,,,,,,,,,,,,,,,,,,,,
1cbb72be-efc3-4f1e-849e-7d863ff675bb,2025-11-22 08:42:35 UTC,False,18275.0,CFOP,Gan 12 UI Maglev,RandomForest,110085.0,18275.0,,,gan12,custom_rules,,,,8.0,0.0,0.0,18275.0,61.0,67.0,77.0,3.34,6534.0,11741.0,2128.0,0.0,2128.0,2128.0,5.0,6.0,7.0,2.35,2917.0,2015.0,902.0,5045.0,9.0,9.0,10.0,9.98,2309.0,89.0,2220.0,7354.0,7.0,7.0,8.0,3.15,1112.0,580.0,532.0,8466.0,5.0,5.0,6.0,9.4,2145.0,944.0,1201.0,10611.0,8.0,9.0,12.0,6.66,1677.0,1072.0,605.0,12288.0,7.0,7.0,7.0,11.57,5987.0,1834.0,4153.0,18275.0,21.0,25.0,27.0,5.06,,,,,,,,,,,,,,,,,,,,,,,,,
b4a81bb7-321d-4ed5-b780-87354e47f4ed,2025-11-22 09:15:05 UTC,False,15511.0,CFOP,Gan 12 UI Maglev,RandomForest,10204.0,15511.0,,,gan12,custom_rules,,,,8.0,0.0,0.0,15511.0,72.0,72.0,84.0,4.64,5155.0,10356.0,1652.0,0.0,1652.0,1652.0,7.0,7.0,9.0,4.24,1318.0,394.0,924.0,2970.0,7.0,7.0,9.0,7.58,2919.0,1795.0,1124.0,5889.0,9.0,9.0,11.0,8.01,1563.0,587.0,976.0,7452.0,8.0,8.0,9.0,8.2,1014.0,298.0,716.0,8466.0,7.0,7.0,7.0,9.78,3335.0,713.0,2622.0,11801.0,18.0,18.0,20.0,6.86,3710.0,1368.0,2342.0,15511.0,18.0,18.0,19.0,7.69,,,,,,,,,,,,,,,,,,,,,,,,,
bd1dca93-14b0-4cc4-8106-19fcd1beffbc,2025-11-22 09:17:11 UTC,False,17589.0,CFOP,Gan 12 UI Maglev,RandomForest,93977.0,17589.0,,,gan12,custom_rules,,,,8.0,0.0,0.0,17589.0,66.0,67.0,78.0,3.75,4928.0,12661.0,2711.0,0.0,2711.0,2711.0,7.0,7.0,9.0,2.58,1449.0,836.0,613.0,4160.0,6.0,6.0,7.0,9.79,2719.0,797.0,1922.0,6879.0,12.0,12.0,13.0,6.24,2490.0,120.0,2370.0,9369.0,7.0,7.0,7.0,2.95,1813.0,516.0,1297.0,11182.0,7.0,7.0,10.0,5.4,3221.0,1477.0,1744.0,14403.0,11.0,12.0,12.0,6.31,3186.0,1182.0,2004.0,17589.0,17.0,17.0,20.0,8.48,,,,,,,,,,,,,,,,,,,,,,,,,
188c5163-1144-4759-905e-b64c02efd7d8,2025-11-22 09:18:23 UTC,False,21218.0,CFOP,Gan 12 UI Maglev,RandomForest,34950.0,21218.0,,,gan12,custom_rules,,,,8.0,0.0,0.0,21218.0,74.0,78.0,89.0,3.49,3085.0,18133.0,14481.0,0.0,14481.0,14481.0,39.0,43.0,50.0,2.69,0.0,0.0,0.0,14481.0,0.0,0.0,0.0,0.0,0.0,0.0,0.0,14481.0,0.0,0.0,0.0,0.0,0.0,0.0,0.0,14481.0,0.0,0.0,0.0,0.0,0.0,0.0,0.0,14481.0,0.0,0.0,0.0,0.0,3816.0,2216.0,1600.0,18297.0,19.0,19.0,21.0,11.88,2921.0,869.0,2052.0,21218.0,16.0,16.0,18.0,7.8,,,,,,,,,,,,,,,,,,,,,,,,,
84cf8e43-004e-4bb2-9c04-4961a5e5401d,2025-11-22 09:20:05 UTC,False,22068.0,CFOP,Gan 12 UI Maglev,RandomForest,68188.0,22068.0,,,gan12,custom_rules,,,,8.0,0.0,0.0,22068.0,55.0,57.0,63.0,2.49,3999.0,18069.0,13541.0,0.0,13541.0,13541.0,20.0,20.0,21.0,1.48,0.0,0.0,0.0,13541.0,0.0,0.0,0.0,0.0,0.0,0.0,0.0,13541.0,0.0,0.0,0.0,0.0,1988.0,956.0,1032.0,15529.0,8.0,8.0,8.0,7.75,940.0,795.0,145.0,16469.0,4.0,4.0,5.0,27.59,1984.0,781.0,1203.0,18453.0,8.0,8.0,9.0,6.65,3615.0,1467.0,2148.0,22068.0,15.0,17.0,20.0,6.98,,,,,,,,,,,,,,,,,,,,,,,,,
42a2a535-df26-438b-b539-15a63295d16e,2025-11-22 09:21:11 UTC,False,16684.0,CFOP,Gan 12 UI Maglev,RandomForest,35608.0,16684.0,,,gan12,custom_rules,,,,8.0,0.0,0.0,16684.0,83.0,84.0,94.0,4.97,4547.0,12137.0,1686.0,0.0,1686.0,1686.0,7.0,7.0,9.0,4.15,2019.0,315.0,1704.0,3705.0,11.0,11.0,12.0,6.46,1674.0,709.0,965.0,5379.0,8.0,8.0,8.0,8.29,3388.0,395.0,2993.0,8767.0,18.0,19.0,21.0,6.01,3007.0,923.0,2084.0,11774.0,13.0,13.0,15.0,6.24,1906.0,885.0,1021.0,13680.0,8.0,8.0,10.0,7.84,3004.0,1320.0,1684.0,16684.0,18.0,18.0,19.0,10.69,,,,,,,,,,,,,,,,,,,,,,,,,
d85011bc-88ad-46af-aa8f-057c9c1353a8,2025-11-22 09:21:45 UTC,False,15702.0,CFOP,Gan 12 UI Maglev,RandomForest,4799.0,15702.0,,,gan12,custom_rules,,,,8.0,0.0,0.0,15702.0,68.0,70.0,82.0,4.33,5776.0,9926.0,2381.0,0.0,2381.0,2381.0,7.0,7.0,9.0,2.94,2304.0,1063.0,1241.0,4685.0,10.0,11.0,12.0,8.06,1483.0,710.0,773.0,6168.0,8.0,8.0,9.0,10.35,1527.0,593.0,934.0,7695.0,6.0,7.0,7.0,6.42,1463.0,859.0,604.0,9158.0,8.0,8.0,8.0,13.25,2805.0,1625.0,1180.0,11963.0,12.0,12.0,17.0,10.17,3739.0,926.0,2813.0,15702.0,17.0,17.0,20.0,6.04,,,,,,,,,,,,,,,,,,,,,,,,,
81107438-d309-4f1a-a12e-463f3a9e6acd,2025-11-22 09:22:26 UTC,False,20684.0,CFOP,Gan 12 UI Maglev,RandomForest,6490.0,20684.0,,,gan12,custom_rules,,,,8.0,0.0,0.0,20684.0,63.0,66.0,71.0,3.05,9070.0,11614.0,1706.0,0.0,1706.0,1706.0,6.0,6.0,7.0,3.52,3352.0,2179.0,1173.0,5058.0,7.0,8.0,9.0,5.97,2355.0,805.0,1550.0,7413.0,8.0,8.0,8.0,5.16,2633.0,1875.0,758.0,10046.0,6.0,7.0,7.0,7.92,2667.0,1250.0,1417.0,12713.0,8.0,8.0,9.0,5.65,4494.0,1322.0,3172.0,17207.0,13.0,13.0,13.0,4.1,3477.0,1639.0,1838.0,20684.0,15.0,16.0,18.0,8.16,,,,,,,,,,,,,,,,,,,,,,,,,
10402e1d-65e6-4116-94a6-68778bdfc069,2025-11-22 09:23:08 UTC,False,15879.0,CFOP,Gan 12 UI Maglev,RandomForest,13510.0,15879.0,,,gan12,custom_rules,,,,8.0,0.0,0.0,15879.0,62.0,63.0,69.0,3.9,5582.0,10297.0,1619.0,0.0,1619.0,1619.0,6.0,6.0,6.0,3.71,2701.0,487.0,2214.0,4320.0,11.0,11.0,13.0,4.97,1660.0,806.0,854.0,5980.0,8.0,8.0,8.0,9.37,1224.0,339.0,885.0,7204.0,7.0,7.0,7.0,7.91,3402.0,1185.0,2217.0,10606.0,9.0,9.0,9.0,4.06,1950.0,1353.0,597.0,12556.0,8.0,8.0,9.0,13.4,3323.0,1412.0,1911.0,15879.0,14.0,15.0,17.0,7.33,,,,,,,,,,,,,,,,,,,,,,,,,
7bc2b5de-a8c8-47d0-8b1a-e83c77d252de,2025-11-22 09:23:51 UTC,False,23519.0,CFOP,Gan 12 UI Maglev,RandomForest,8554.0,23519.0,,,gan12,custom_rules,,,,8.0,0.0,0.0,23519.0,82.0,83.0,95.0,3.49,6661.0,16858.0,2556.0,0.0,2556.0,2556.0,7.0,7.0,8.0,2.74,3321.0,394.0,2927.0,5877.0,12.0,12.0,13.0,4.1,3049.0,2058.0,991.0,8926.0,8.0,8.0,9.0,8.07,4335.0,395.0,3940.0,13261.0,13.0,14.0,17.0,3.3,2949.0,717.0,2232.0,16210.0,14.0,14.0,15.0,6.27,3492.0,975.0,2517.0,19702.0,17.0,17.0,17.0,6.75,3817.0,2122.0,1695.0,23519.0,11.0,11.0,16.0,6.49,,,,,,,,,,,,,,,,,,,,,,,,,
f7bfbdbd-66c8-429a-8957-7be2e86982b8,2025-11-22 09:24:41 UTC,False,14217.0,CFOP,Gan 12 UI Maglev,RandomForest,26056.0,14217.0,,,gan12,custom_rules,,,,8.0,0.0,0.0,14217.0,60.0,68.0,78.0,4.22,4446.0,9771.0,5265.0,0.0,5265.0,5265.0,22.0,26.0,28.0,4.18,0.0,0.0,0.0,5265.0,0.0,0.0,0.0,0.0,0.0,0.0,0.0,5265.0,0.0,0.0,0.0,0.0,2295.0,1158.0,1137.0,7560.0,9.0,9.0,11.0,7.92,1699.0,982.0,717.0,9259.0,9.0,9.0,9.0,12.55,3047.0,1209.0,1838.0,12306.0,12.0,12.0,13.0,6.53,1911.0,1097.0,814.0,14217.0,8.0,12.0,17.0,9.83,,,,,,,,,,,,,,,,,,,,,,,,,
0f12040e-eba8-4cee-9f09-58864a046c29,2025-11-22 09:26:28 UTC,False,28321.0,CFOP,Gan 12 UI Maglev,RandomForest,34042.0,28321.0,,,gan12,custom_rules,,,,8.0,0.0,0.0,28321.0,128.0,129.0,139.0,4.52,4315.0,24006.0,1737.0,0.0,1737.0,1737.0,6.0,6.0,8.0,3.45,0.0,0.0,0.0,1737.0,0.0,0.0,0.0,0.0,1727.0,1063.0,664.0,3464.0,8.0,8.0,9.0,12.05,1491.0,217.0,1274.0,4955.0,9.0,9.0,9.0,7.06,2100.0,902.0,1198.0,7055.0,13.0,13.0,13.0,10.85,2297.0,1041.0,1256.0,9352.0,14.0,14.0,15.0,11.15,18969.0,1092.0,17877.0,28321.0,79.0,79.0,85.0,4.42,,,,,,,,,,,,,,,,,,,,,,,,,
26d8b182-88ab-4960-9147-82daef17faa1,2025-11-22 09:27:35 UTC,False,18765.0,CFOP,Gan 12 UI Maglev,RandomForest,34078.0,18765.0,,,gan12,custom_rules,,,,8.0,0.0,0.0,18765.0,69.0,70.0,81.0,3.68,6103.0,12662.0,3276.0,0.0,3276.0,3276.0,6.0,7.0,7.0,1.83,1490.0,427.0,1063.0,4766.0,7.0,7.0,8.0,6.59,1733.0,652.0,1081.0,6499.0,7.0,7.0,7.0,6.48,2015.0,846.0,1169.0,8514.0,8.0,8.0,10.0,6.84,2800.0,2244.0,556.0,11314.0,10.0,10.0,12.0,17.99,2845.0,812.0,2033.0,14159.0,16.0,16.0,18.0,7.87,4606.0,1122.0,3484.0,18765.0,16.0,16.0,19.0,4.59,,,,,,,,,,,,,,,,,,,,,,,,,
df5fa28e-c8cf-4a89-8226-c21c600b66fb,2025-11-22 09:28:06 UTC,False,17175.0,CFOP,Gan 12 UI Maglev,RandomForest,4582.0,17175.0,,,gan12,custom_rules,,,,8.0,0.0,0.0,17175.0,78.0,79.0,86.0,4.54,5966.0,11104.0,1591.0,0.0,1591.0,1696.0,7.0,7.0,9.0,4.4,2975.0,1400.0,1575.0,4671.0,8.0,8.0,10.0,5.08,1675.0,927.0,748.0,6346.0,8.0,8.0,8.0,10.7,2948.0,1297.0,1651.0,9294.0,11.0,11.0,11.0,6.66,2393.0,351.0,2042.0,11687.0,12.0,12.0,13.0,5.88,2528.0,878.0,1650.0,14215.0,17.0,17.0,17.0,10.3,2960.0,1113.0,1847.0,17175.0,15.0,16.0,18.0,8.12,,,,,,,,,,,,,,,,,,,,,,,,,
a330c0a1-b1dc-4761-a3e5-4cb0d0352250,2025-11-22 09:28:45 UTC,False,18930.0,CFOP,Gan 12 UI Maglev,RandomForest,10603.0,18930.0,,,gan12,custom_rules,,,,8.0,0.0,0.0,18930.0,73.0,73.0,82.0,3.86,5477.0,13453.0,4235.0,0.0,4235.0,4235.0,9.0,9.0,12.0,2.13,1779.0,1546.0,233.0,6014.0,5.0,5.0,6.0,21.46,2634.0,146.0,2488.0,8648.0,11.0,11.0,12.0,4.42,2973.0,1426.0,1547.0,11621.0,8.0,8.0,9.0,5.17,1791.0,870.0,921.0,13412.0,9.0,9.0,9.0,9.77,2691.0,781.0,1910.0,16103.0,17.0,17.0,17.0,8.9,2827.0,708.0,2119.0,18930.0,15.0,15.0,17.0,7.08,,,,,,,,,,,,,,,,,,,,,,,,,
f34547e1-8925-40c3-8b12-a68a29955216,2025-11-22 09:30:04 UTC,False,14092.0,CFOP,Gan 12 UI Maglev,RandomForest,16849.0,14092.0,,,gan12,custom_rules,,,,8.0,0.0,0.0,14092.0,61.0,62.0,71.0,4.33,4268.0,9744.0,2086.0,0.0,2086.0,2166.0,7.0,7.0,9.0,3.36,2302.0,597.0,1705.0,4468.0,7.0,7.0,8.0,4.11,2195.0,587.0,1608.0,6663.0,8.0,8.0,8.0,4.98,1530.0,789.0,741.0,8193.0,8.0,8.0,9.0,10.8,1376.0,634.0,742.0,9569.0,8.0,8.0,9.0,10.78,1156.0,551.0,605.0,10725.0,8.0,8.0,8.0,13.22,3367.0,1110.0,2257.0,14092.0,16.0,17.0,20.0,7.09,,,,,,,,,,,,,,,,,,,,,,,,,
1c101876-8d67-4bb2-95dd-4a12fed85ee3,2025-11-22 09:30:39 UTC,False,17583.0,CFOP,Gan 12 UI Maglev,RandomForest,5848.0,17583.0,,,gan12,custom_rules,,,,8.0,0.0,0.0,17583.0,76.0,78.0,90.0,4.32,7092.0,10491.0,1754.0,0.0,1754.0,1754.0,8.0,8.0,8.0,4.56,3053.0,1893.0,1160.0,4807.0,9.0,9.0,10.0,7.76,1673.0,1020.0,653.0,6480.0,7.0,7.0,8.0,10.72,2275.0,1324.0,951.0,8755.0,8.0,8.0,8.0,8.41,1411.0,612.0,799.0,10166.0,8.0,8.0,12.0,10.01,4198.0,906.0,3292.0,14364.0,21.0,21.0,25.0,6.38,3219.0,1337.0,1882.0,17583.0,15.0,17.0,19.0,7.97,,,,,,,,,,,,,,,,,,,,,,,,,
eb84c700-3401-44c2-809f-ec51bff26e71,2025-11-22 09:31:30 UTC,False,17989.0,CFOP,Gan 12 UI Maglev,RandomForest,22747.0,17989.0,,,gan12,custom_rules,,,,8.0,0.0,0.0,17989.0,66.0,70.0,76.0,3.67,6391.0,11598.0,1153.0,0.0,1153.0,1153.0,4.0,4.0,5.0,3.47,4545.0,904.0,3641.0,5698.0,9.0,9.0,9.0,2.47,2276.0,1285.0,991.0,7974.0,11.0,11.0,12.0,11.1,1975.0,734.0,1241.0,9949.0,9.0,10.0,10.0,7.25,3150.0,1752.0,1398.0,13099.0,8.0,8.0,10.0,5.72,2181.0,741.0,1440.0,15280.0,10.0,11.0,11.0,6.94,2709.0,975.0,1734.0,17989.0,15.0,17.0,19.0,8.65,,,,,,,,,,,,,,,,,,,,,,,,,
842bd1c1-7972-431a-ade9-7db996fc248c,2025-11-22 09:32:23 UTC,False,14296.0,CFOP,Gan 12 UI Maglev,RandomForest,27899.0,14296.0,,,gan12,custom_rules,,,,8.0,0.0,0.0,14296.0,62.0,62.0,67.0,4.34,6053.0,8243.0,1521.0,0.0,1521.0,1521.0,5.0,5.0,6.0,3.29,2039.0,903.0,1136.0,3560.0,6.0,6.0,7.0,5.28,919.0,693.0,226.0,4479.0,3.0,3.0,3.0,13.27,3357.0,2326.0,1031.0,7836.0,10.0,10.0,11.0,9.7,1569.0,401.0,1168.0,9405.0,12.0,12.0,13.0,10.27,2014.0,814.0,1200.0,11419.0,9.0,9.0,9.0,7.5,2877.0,916.0,1961.0,14296.0,18.0,18.0,18.0,9.18,,,,,,,,,,,,,,,,,,,,,,,,,
15e98aaf-d34b-4bb4-a63d-cc00ac94e6cd,2025-11-22 09:32:56 UTC,False,13316.0,CFOP,Gan 12 UI Maglev,RandomForest,9791.0,13316.0,,,gan12,custom_rules,,,,8.0,0.0,0.0,13316.0,51.0,55.0,66.0,3.83,6152.0,7164.0,1957.0,0.0,1957.0,1957.0,5.0,5.0,5.0,2.55,2685.0,1630.0,1055.0,4642.0,9.0,9.0,9.0,8.53,1912.0,1018.0,894.0,6554.0,8.0,8.0,9.0,8.95,1982.0,1362.0,620.0,8536.0,5.0,5.0,5.0,8.06,1174.0,287.0,887.0,9710.0,7.0,7.0,8.0,7.89,1465.0,684.0,781.0,11175.0,9.0,9.0,9.0,11.52,2141.0,1171.0,970.0,13316.0,8.0,12.0,21.0,8.25,,,,,,,,,,,,,,,,,,,,,,,,,
47030363-92b7-4bdb-bea4-c6ed07c9f662,2025-11-22 09:35:12 UTC,False,14469.0,CFOP,Gan 12 UI Maglev,RandomForest,28173.0,14469.0,,,gan12,custom_rules,,,,8.0,0.0,0.0,14469.0,56.0,58.0,65.0,3.87,5634.0,8770.0,2194.0,0.0,2194.0,2259.0,7.0,7.0,9.0,3.19,3062.0,1893.0,1169.0,5321.0,8.0,8.0,9.0,6.84,1467.0,532.0,935.0,6788.0,5.0,5.0,6.0,5.35,1502.0,777.0,725.0,8290.0,8.0,8.0,8.0,11.03,1270.0,523.0,747.0,9560.0,7.0,7.0,7.0,9.37,1489.0,886.0,603.0,11049.0,7.0,7.0,7.0,11.61,3420.0,1023.0,2397.0,14469.0,15.0,17.0,19.0,6.26,,,,,,,,,,,,,,,,,,,,,,,,,
dde45af6-a7bc-47fa-8261-e447da502998,2025-11-22 09:35:47 UTC,False,17333.0,CFOP,Gan 12 UI Maglev,RandomForest,5280.0,17333.0,,,gan12,custom_rules,,,,8.0,0.0,0.0,17333.0,80.0,81.0,87.0,4.62,6355.0,10914.0,2140.0,0.0,2140.0,2204.0,10.0,10.0,11.0,4.67,1939.0,177.0,1762.0,4143.0,10.0,10.0,11.0,5.68,2131.0,1310.0,821.0,6274.0,8.0,8.0,8.0,9.74,3381.0,1329.0,2052.0,9655.0,13.0,13.0,13.0,6.34,1505.0,1038.0,467.0,11160.0,8.0,8.0,9.0,17.13,2797.0,1039.0,1758.0,13957.0,14.0,14.0,15.0,7.96,3376.0,1462.0,1914.0,17333.0,17.0,18.0,20.0,8.88,,,,,,,,,,,,,,,,,,,,,,,,,
67995422-9f3d-4d96-8088-a461e76f17fd,2025-11-22 09:36:28 UTC,False,18766.0,CFOP,Gan 12 UI Maglev,RandomForest,8002.0,18766.0,,,gan12,custom_rules,,,,8.0,0.0,0.0,18766.0,76.0,77.0,81.0,4.05,5114.0,13652.0,2973.0,0.0,2973.0,2973.0,9.0,9.0,11.0,3.03,2013.0,877.0,1136.0,4986.0,8.0,8.0,8.0,7.04,1603.0,531.0,1072.0,6589.0,8.0,8.0,9.0,7.46,6016.0,1254.0,4762.0,12605.0,15.0,16.0,16.0,3.15,1538.0,863.0,675.0,14143.0,8.0,8.0,8.0,11.85,1520.0,735.0,785.0,15663.0,9.0,9.0,9.0,11.46,3103.0,854.0,2249.0,18766.0,19.0,19.0,20.0,8.45,,,,,,,,,,,,,,,,,,,,,,,,,
9af2a5c4-2fb8-402c-b8ce-7fcfffe02795,2025-11-22 09:36:55 UTC,False,13852.0,CFOP,Gan 12 UI Maglev,RandomForest,4289.0,13852.0,,,gan12,custom_rules,,,,8.0,0.0,0.0,13852.0,58.0,59.0,66.0,4.19,4115.0,9737.0,2327.0,0.0,2327.0,2327.0,6.0,6.0,8.0,2.58,2007.0,613.0,1394.0,4334.0,8.0,8.0,8.0,5.74,2665.0,209.0,2456.0,6999.0,9.0,9.0,10.0,3.66,1884.0,917.0,967.0,8883.0,8.0,8.0,10.0,8.27,1120.0,613.0,507.0,10003.0,8.0,8.0,8.0,15.78,1548.0,896.0,652.0,11551.0,7.0,7.0,8.0,10.74,2301.0,867.0,1434.0,13852.0,13.0,13.0,14.0,9.07,,,,,,,,,,,,,,,,,,,,,,,,,
79d7f22c-eceb-478e-a01f-4ca512d9e693,2025-11-22 09:37:38 UTC,False,18499.0,CFOP,Gan 12 UI Maglev,RandomForest,13728.0,18499.0,,,gan12,custom_rules,,,,8.0,0.0,0.0,18499.0,65.0,65.0,77.0,3.51,7919.0,10580.0,3092.0,0.0,3092.0,3092.0,9.0,9.0,11.0,2.91,3680.0,1434.0,2246.0,6772.0,13.0,13.0,14.0,5.79,3115.0,1918.0,1197.0,9887.0,8.0,8.0,10.0,6.68,846.0,492.0,354.0,10733.0,4.0,4.0,4.0,11.3,2822.0,1511.0,1311.0,13555.0,9.0,9.0,10.0,6.86,2031.0,1088.0,943.0,15586.0,11.0,11.0,14.0,11.66,2913.0,1476.0,1437.0,18499.0,11.0,11.0,14.0,7.65,,,,,,,,,,,,,,,,,,,,,,,,,
da81f606-ab05-4f3c-825c-663121a20e28,2025-11-22 09:38:19 UTC,False,14040.0,CFOP,Gan 12 UI Maglev,RandomForest,19302.0,14040.0,,,gan12,custom_rules,,,,8.0,0.0,0.0,14040.0,59.0,63.0,76.0,4.2,2905.0,11135.0,7711.0,0.0,7711.0,7711.0,25.0,27.0,32.0,3.24,0.0,0.0,0.0,7711.0,0.0,0.0,0.0,0.0,0.0,0.0,0.0,7711.0,0.0,0.0,0.0,0.0,0.0,0.0,0.0,7711.0,0.0,0.0,0.0,0.0,1589.0,816.0,773.0,9300.0,7.0,7.0,10.0,9.06,1546.0,755.0,791.0,10846.0,10.0,11.0,11.0,12.64,3194.0,1334.0,1860.0,14040.0,17.0,18.0,23.0,9.14,,,,,,,,,,,,,,,,,,,,,,,,,
b9561b52-e351-433e-ab0e-8fd6268484c3,2025-11-22 09:38:53 UTC,False,15427.0,CFOP,Gan 12 UI Maglev,RandomForest,8775.0,15427.0,,,gan12,custom_rules,,,,8.0,0.0,0.0,15427.0,68.0,68.0,79.0,4.41,6407.0,8931.0,1273.0,0.0,1273.0,1362.0,6.0,6.0,7.0,4.71,2441.0,1635.0,806.0,3803.0,8.0,8.0,9.0,9.93,1237.0,330.0,907.0,5040.0,7.0,7.0,7.0,7.72,1775.0,1018.0,757.0,6815.0,8.0,8.0,9.0,10.57,1806.0,944.0,862.0,8621.0,7.0,7.0,9.0,8.12,2925.0,976.0,1949.0,11546.0,17.0,17.0,17.0,8.72,3881.0,1504.0,2377.0,15427.0,16.0,16.0,21.0,6.73,,,,,,,,,,,,,,,,,,,,,,,,,
327008d2-5b10-4a85-8623-7340f5056d41,2025-11-22 09:39:18 UTC,False,13707.0,CFOP,Gan 12 UI Maglev,RandomForest,2581.0,13707.0,,,gan12,custom_rules,,,,8.0,0.0,0.0,13707.0,58.0,62.0,74.0,4.23,5986.0,7721.0,1258.0,0.0,1258.0,1258.0,5.0,5.0,6.0,3.97,1786.0,786.0,1000.0,3044.0,8.0,8.0,10.0,8.0,1307.0,500.0,807.0,4351.0,8.0,8.0,8.0,9.91,3070.0,1785.0,1285.0,7421.0,8.0,8.0,9.0,6.23,1576.0,492.0,1084.0,8997.0,8.0,8.0,9.0,7.38,2352.0,1145.0,1207.0,11349.0,12.0,12.0,13.0,9.94,2358.0,1278.0,1080.0,13707.0,9.0,13.0,19.0,8.33,,,,,,,,,,,,,,,,,,,,,,,,,
aafc23ab-b5d7-4e37-a4e9-c0cf96c32240,2025-11-22 09:39:55 UTC,False,18859.0,CFOP,Gan 12 UI Maglev,RandomForest,8390.0,18859.0,,,gan12,custom_rules,,,,8.0,0.0,0.0,18859.0,78.0,80.0,90.0,4.14,5738.0,13121.0,3677.0,0.0,3677.0,3677.0,11.0,11.0,13.0,2.99,821.0,596.0,225.0,4498.0,3.0,3.0,3.0,13.33,1369.0,1151.0,218.0,5867.0,6.0,6.0,6.0,27.52,2366.0,226.0,2140.0,8233.0,9.0,9.0,10.0,4.21,2823.0,1069.0,1754.0,11056.0,12.0,12.0,12.0,6.84,3106.0,1154.0,1952.0,14162.0,20.0,20.0,22.0,10.25,4697.0,1542.0,3155.0,18859.0,19.0,20.0,24.0,6.02,,,,,,,,,,,,,,,,,,,,,,,,,
e31df63c-a205-4f9e-be6b-0ae2c4efdfc4,2025-11-22 09:40:25 UTC,False,16139.0,CFOP,Gan 12 UI Maglev,RandomForest,4864.0,16139.0,,,gan12,custom_rules,,,,8.0,0.0,0.0,16139.0,73.0,77.0,85.0,4.52,6323.0,9816.0,1551.0,0.0,1551.0,1551.0,8.0,8.0,8.0,5.16,1949.0,1054.0,895.0,3500.0,8.0,8.0,10.0,8.94,619.0,394.0,225.0,4119.0,4.0,4.0,4.0,17.78,2305.0,1323.0,982.0,6424.0,7.0,7.0,7.0,7.13,1673.0,666.0,1007.0,8097.0,12.0,12.0,12.0,11.92,4080.0,1664.0,2416.0,12177.0,15.0,17.0,19.0,6.21,3962.0,1222.0,2740.0,16139.0,19.0,21.0,25.0,6.93,,,,,,,,,,,,,,,,,,,,,,,,,
e3443c92-15b3-40f0-a051-d1dca2f4b62a,2025-11-22 09:41:07 UTC,False,21697.0,CFOP,Gan 12 UI Maglev,RandomForest,9495.0,21697.0,,,gan12,custom_rules,,,,8.0,0.0,0.0,21697.0,75.0,77.0,85.0,3.46,5690.0,16007.0,2735.0,0.0,2735.0,2735.0,7.0,7.0,7.0,2.56,2367.0,1032.0,1335.0,5102.0,8.0,8.0,9.0,5.99,6326.0,452.0,5874.0,11428.0,10.0,11.0,11.0,1.7,1628.0,935.0,693.0,13056.0,8.0,8.0,11.0,11.54,3093.0,1201.0,1892.0,16149.0,8.0,8.0,10.0,4.23,2834.0,894.0,1940.0,18983.0,18.0,18.0,18.0,9.28,2714.0,1176.0,1538.0,21697.0,16.0,17.0,19.0,10.4,,,,,,,,,,,,,,,,,,,,,,,,,
fff28134-bc8f-41cb-a44c-a599a5917ba2,2025-11-22 09:41:40 UTC,False,16962.0,CFOP,Gan 12 UI Maglev,RandomForest,5529.0,16962.0,,,gan12,custom_rules,,,,8.0,0.0,0.0,16962.0,68.0,71.0,80.0,4.01,6524.0,10438.0,2006.0,0.0,2006.0,2006.0,7.0,7.0,7.0,3.49,3364.0,315.0,3049.0,5370.0,11.0,11.0,12.0,3.61,1525.0,837.0,688.0,6895.0,8.0,8.0,9.0,11.63,2391.0,1127.0,1264.0,9286.0,8.0,8.0,8.0,6.33,2101.0,1396.0,705.0,11387.0,9.0,9.0,10.0,12.77,2516.0,1543.0,973.0,13903.0,11.0,13.0,16.0,11.31,3059.0,1306.0,1753.0,16962.0,15.0,16.0,18.0,8.56,,,,,,,,,,,,,,,,,,,,,,,,,
c3ba407f-1c4b-448d-ac3c-ccd92e44750c,2025-11-22 09:42:20 UTC,False,24149.0,CFOP,Gan 12 UI Maglev,RandomForest,4931.0,24149.0,,,gan12,custom_rules,,,,8.0,0.0,0.0,24149.0,83.0,91.0,104.0,3.44,6124.0,18025.0,4111.0,0.0,4111.0,4111.0,10.0,10.0,13.0,2.43,2691.0,1208.0,1483.0,6802.0,8.0,8.0,8.0,5.39,5015.0,688.0,4327.0,11817.0,17.0,17.0,22.0,3.93,1881.0,890.0,991.0,13698.0,6.0,7.0,8.0,6.05,2093.0,1285.0,808.0,15791.0,8.0,8.0,10.0,9.9,4899.0,960.0,3939.0,20690.0,19.0,20.0,20.0,4.82,3459.0,1093.0,2366.0,24149.0,15.0,21.0,23.0,6.34,,,,,,,,,,,,,,,,,,,,,,,,,
9312a455-5259-45de-9893-9384d4a3f762,2025-11-22 09:43:04 UTC,False,17649.0,CFOP,Gan 12 UI Maglev,RandomForest,16430.0,17649.0,,,gan12,custom_rules,,,,8.0,0.0,0.0,17649.0,68.0,68.0,75.0,3.85,7126.0,10523.0,1088.0,0.0,1088.0,1088.0,4.0,4.0,6.0,3.68,2120.0,1410.0,710.0,3208.0,4.0,4.0,4.0,5.63,3343.0,498.0,2845.0,6551.0,10.0,10.0,10.0,3.51,2970.0,1392.0,1578.0,9521.0,12.0,12.0,14.0,7.6,2966.0,2134.0,832.0,12487.0,9.0,9.0,11.0,10.82,1537.0,685.0,852.0,14024.0,9.0,9.0,9.0,10.56,3625.0,1007.0,2618.0,17649.0,20.0,20.0,21.0,7.64,,,,,,,,,,,,,,,,,,,,,,,,,
70016924-dd8a-4f70-a7f9-9d2480fcbf84,2025-11-22 09:43:45 UTC,False,20911.0,CFOP,Gan 12 UI Maglev,RandomForest,7469.0,20911.0,,,gan12,custom_rules,,,,8.0,0.0,0.0,20911.0,75.0,77.0,87.0,3.59,5696.0,14917.0,4417.0,0.0,4417.0,4715.0,10.0,10.0,12.0,2.26,3688.0,297.0,3391.0,8403.0,11.0,11.0,12.0,3.24,1438.0,821.0,617.0,9841.0,8.0,8.0,9.0,12.97,3018.0,998.0,2020.0,12859.0,10.0,10.0,12.0,4.95,2258.0,725.0,1533.0,15117.0,14.0,14.0,15.0,9.13,1697.0,738.0,959.0,16814.0,7.0,7.0,7.0,7.3,4097.0,2117.0,1980.0,20911.0,15.0,17.0,20.0,7.58,,,,,,,,,,,,,,,,,,,,,,,,,
039763f4-aa49-4d7f-8f24-8d67178448eb,2025-11-22 09:44:15 UTC,False,15326.0,CFOP,Gan 12 UI Maglev,RandomForest,4911.0,15326.0,,,gan12,custom_rules,,,,8.0,0.0,0.0,15326.0,70.0,71.0,85.0,4.57,5777.0,9501.0,960.0,0.0,960.0,1008.0,5.0,6.0,8.0,5.21,1813.0,806.0,1007.0,2821.0,12.0,12.0,13.0,11.92,1910.0,887.0,1023.0,4731.0,7.0,7.0,7.0,6.84,2328.0,1482.0,846.0,7059.0,9.0,9.0,11.0,10.64,1827.0,669.0,1158.0,8886.0,8.0,8.0,12.0,6.91,3041.0,234.0,2807.0,11927.0,18.0,18.0,19.0,6.41,3399.0,1699.0,1700.0,15326.0,11.0,11.0,15.0,6.47,,,,,,,,,,,,,,,,,,,,,,,,,
4578593e-61a8-49c3-b851-cd6fc6c5fc40,2025-11-22 09:45:25 UTC,False,31044.0,CFOP,Gan 12 UI Maglev,RandomForest,23664.0,31044.0,,,gan12,custom_rules,,,,8.0,0.0,0.0,31044.0,100.0,120.0,140.0,3.22,6266.0,24778.0,7082.0,0.0,7082.0,7082.0,16.0,16.0,19.0,2.26,0.0,0.0,0.0,7082.0,0.0,0.0,0.0,0.0,1768.0,1322.0,446.0,8850.0,7.0,7.0,7.0,15.7,1620.0,1015.0,605.0,10470.0,7.0,7.0,8.0,11.57,1827.0,1207.0,620.0,12297.0,8.0,8.0,8.0,12.9,2205.0,1052.0,1153.0,14502.0,11.0,11.0,12.0,9.54,16542.0,1670.0,14872.0,31044.0,51.0,71.0,86.0,3.43,,,,,,,,,,,,,,,,,,,,,,,,,
1922c670-a87c-45bc-b00f-8c7586db0389,2025-11-22 09:45:59 UTC,False,18885.0,CFOP,Gan 12 UI Maglev,RandomForest,5431.0,18885.0,,,gan12,custom_rules,,,,8.0,0.0,0.0,18885.0,68.0,72.0,78.0,3.6,6621.0,12264.0,4493.0,0.0,4493.0,4493.0,10.0,10.0,11.0,2.23,1907.0,835.0,1072.0,6400.0,7.0,7.0,7.0,6.53,1891.0,1408.0,483.0,8291.0,6.0,6.0,6.0,12.42,1582.0,637.0,945.0,9873.0,8.0,8.0,9.0,8.47,4318.0,1624.0,2694.0,14191.0,15.0,17.0,18.0,5.57,1641.0,972.0,669.0,15832.0,7.0,7.0,8.0,10.46,3053.0,1145.0,1908.0,18885.0,15.0,17.0,19.0,7.86,,,,,,,,,,,,,,,,,,,,,,,,,
70afb613-0a85-4c1f-b878-5f2f392b8b5e,2025-11-22 09:46:39 UTC,False,12031.0,CFOP,Gan 12 UI Maglev,RandomForest,17429.0,12031.0,,,gan12,custom_rules,,,,8.0,0.0,0.0,12031.0,52.0,56.0,67.0,4.32,5748.0,6283.0,918.0,0.0,918.0,918.0,4.0,4.0,4.0,4.36,1742.0,330.0,1412.0,2660.0,7.0,7.0,9.0,4.96,2406.0,1676.0,730.0,5066.0,9.0,9.0,10.0,12.33,2076.0,1174.0,902.0,7142.0,8.0,8.0,10.0,8.87,1352.0,885.0,467.0,8494.0,8.0,8.0,8.0,17.13,1401.0,789.0,612.0,9895.0,8.0,8.0,9.0,13.07,2136.0,894.0,1242.0,12031.0,8.0,12.0,17.0,6.44,,,,,,,,,,,,,,,,,,,,,,,,,
506dffd2-5bb0-4dd6-baf7-c1b4d395c0b7,2025-11-22 09:47:33 UTC,False,30947.0,CFOP,Gan 12 UI Maglev,RandomForest,13843.0,30947.0,,,gan12,custom_rules,,,,8.0,0.0,0.0,30947.0,112.0,118.0,135.0,3.62,6639.0,24308.0,4560.0,0.0,4560.0,4560.0,9.0,11.0,17.0,1.97,1280.0,1006.0,274.0,5840.0,3.0,3.0,4.0,10.95,3592.0,2008.0,1584.0,9432.0,11.0,11.0,12.0,6.94,1242.0,444.0,798.0,10674.0,7.0,7.0,8.0,8.77,2368.0,1016.0,1352.0,13042.0,12.0,12.0,14.0,8.88,14758.0,968.0,13790.0,27800.0,52.0,56.0,61.0,3.77,3147.0,1197.0,1950.0,30947.0,18.0,18.0,19.0,9.23,,,,,,,,,,,,,,,,,,,,,,,,,
d5a614ec-4acd-47c6-a7c9-274bb8186ca3,2025-11-22 09:48:02 UTC,False,13957.0,CFOP,Gan 12 UI Maglev,RandomForest,6864.0,13957.0,,,gan12,custom_rules,,,,8.0,0.0,0.0,13957.0,68.0,68.0,75.0,4.87,4850.0,9107.0,2127.0,0.0,2127.0,2127.0,8.0,8.0,10.0,3.76,1638.0,1388.0,250.0,3765.0,3.0,3.0,3.0,12.0,2283.0,169.0,2114.0,6048.0,11.0,11.0,11.0,5.2,1560.0,314.0,1246.0,7608.0,7.0,7.0,8.0,5.62,1478.0,947.0,531.0,9086.0,8.0,8.0,9.0,15.07,2149.0,1038.0,1111.0,11235.0,13.0,13.0,14.0,11.7,2722.0,994.0,1728.0,13957.0,19.0,19.0,20.0,11.0,,,,,,,,,,,,,,,,,,,,,,,,,
3b80879a-fe00-4b00-b3dc-52c33c9843b4,2025-11-22 09:48:38 UTC,False,17393.0,CFOP,Gan 12 UI Maglev,RandomForest,7257.0,17393.0,,,gan12,custom_rules,,,,8.0,0.0,0.0,17393.0,77.0,77.0,84.0,4.43,5596.0,11797.0,2394.0,0.0,2394.0,2394.0,8.0,8.0,9.0,3.34,2020.0,363.0,1657.0,4414.0,10.0,10.0,11.0,6.04,1817.0,1149.0,668.0,6231.0,8.0,8.0,8.0,11.98,2848.0,854.0,1994.0,9079.0,11.0,11.0,12.0,5.52,1947.0,878.0,1069.0,11026.0,7.0,7.0,8.0,6.55,2745.0,1361.0,1384.0,13771.0,12.0,12.0,14.0,8.67,3622.0,991.0,2631.0,17393.0,21.0,21.0,22.0,7.98,,,,,,,,,,,,,,,,,,,,,,,,,
3a33c026-d8a6-403e-986e-0c28cb19d7c2,2025-11-22 09:49:20 UTC,False,16075.0,CFOP,Gan 12 UI Maglev,RandomForest,15867.0,16075.0,,,gan12,custom_rules,,,,8.0,0.0,0.0,16075.0,70.0,72.0,85.0,4.35,5460.0,10615.0,3464.0,0.0,3464.0,3464.0,8.0,8.0,9.0,2.31,1763.0,1071.0,692.0,5227.0,8.0,8.0,10.0,11.56,2275.0,984.0,1291.0,7502.0,12.0,12.0,13.0,9.3,1508.0,460.0,1048.0,9010.0,7.0,7.0,9.0,6.68,2322.0,299.0,2023.0,11332.0,11.0,11.0,13.0,5.44,2418.0,1339.0,1079.0,13750.0,11.0,13.0,15.0,10.19,2325.0,1307.0,1018.0,16075.0,14.0,14.0,16.0,13.75,,,,,,,,,,,,,,,,,,,,,,,,,
94991ff1-0dd7-42f3-8360-ee63397477b5,2025-11-22 09:49:56 UTC,False,20434.0,CFOP,Gan 12 UI Maglev,RandomForest,8320.0,20434.0,,,gan12,custom_rules,,,,8.0,0.0,0.0,20434.0,85.0,85.0,98.0,4.16,4276.0,16158.0,2689.0,0.0,2689.0,2689.0,10.0,10.0,11.0,3.72,8382.0,1081.0,7301.0,11071.0,27.0,27.0,30.0,3.7,2191.0,1160.0,1031.0,13262.0,8.0,8.0,9.0,7.76,1189.0,88.0,1101.0,14451.0,7.0,7.0,7.0,6.36,814.0,371.0,443.0,15265.0,4.0,4.0,4.0,9.03,1960.0,808.0,1152.0,17225.0,10.0,10.0,15.0,8.68,3209.0,768.0,2441.0,20434.0,20.0,20.0,22.0,8.19,,,,,,,,,,,,,,,,,,,,,,,,,
763cfd57-a5a6-4836-a1c9-25d6457b6248,2025-11-22 09:50:50 UTC,False,21767.0,CFOP,Gan 12 UI Maglev,RandomForest,22128.0,21767.0,,,gan12,custom_rules,,,,8.0,0.0,0.0,21767.0,65.0,74.0,92.0,2.99,4659.0,17108.0,9880.0,0.0,9880.0,9880.0,17.0,18.0,19.0,1.72,0.0,0.0,0.0,9880.0,0.0,0.0,0.0,0.0,1993.0,931.0,1062.0,11873.0,7.0,7.0,8.0,6.59,1600.0,738.0,862.0,13473.0,10.0,10.0,12.0,11.6,2733.0,1242.0,1491.0,16206.0,8.0,8.0,9.0,5.37,1706.0,669.0,1037.0,17912.0,9.0,10.0,10.0,8.68,3855.0,1079.0,2776.0,21767.0,14.0,21.0,34.0,5.04,,,,,,,,,,,,,,,,,,,,,,,,,
f1786a0b-d958-45d5-bc0a-2daa53af317a,2025-11-22 09:51:35 UTC,False,14297.0,CFOP,Gan 12 UI Maglev,RandomForest,18181.0,14297.0,,,gan12,custom_rules,,,,8.0,0.0,0.0,14297.0,63.0,64.0,71.0,4.41,6212.0,8085.0,1386.0,0.0,1386.0,1386.0,6.0,6.0,6.0,4.33,837.0,700.0,137.0,2223.0,3.0,3.0,3.0,21.9,1830.0,773.0,1057.0,4053.0,7.0,7.0,8.0,6.62,2449.0,757.0,1692.0,6502.0,9.0,10.0,12.0,5.32,2027.0,1334.0,693.0,8529.0,8.0,8.0,9.0,11.54,2996.0,1410.0,1586.0,11525.0,12.0,12.0,14.0,7.57,2772.0,1238.0,1534.0,14297.0,18.0,18.0,19.0,11.73,,,,,,,,,,,,,,,,,,,,,,,,,
e51839bf-19e5-48fa-babc-b4de32e04c54,2025-11-22 09:52:11 UTC,False,19944.0,CFOP,Gan 12 UI Maglev,RandomForest,6643.0,19944.0,,,gan12,custom_rules,,,,8.0,0.0,0.0,19944.0,69.0,69.0,89.0,3.46,5113.0,14831.0,3365.0,0.0,3365.0,3365.0,6.0,6.0,8.0,1.78,4615.0,1957.0,2658.0,7980.0,11.0,11.0,16.0,4.14,3784.0,282.0,3502.0,11764.0,10.0,10.0,14.0,2.86,1518.0,355.0,1163.0,13282.0,7.0,7.0,8.0,6.02,1516.0,443.0,1073.0,14798.0,8.0,8.0,9.0,7.46,2046.0,934.0,1112.0,16844.0,12.0,12.0,13.0,10.79,3100.0,1142.0,1958.0,19944.0,17.0,17.0,21.0,8.68,,,,,,,,,,,,,,,,,,,,,,,,,
72959444-f657-4f46-ba07-37bba78ec839,2025-11-22 09:53:04 UTC,False,19422.0,CFOP,Gan 12 UI Maglev,RandomForest,24669.0,19422.0,,,gan12,custom_rules,,,,8.0,0.0,0.0,19422.0,71.0,77.0,90.0,3.66,6379.0,13043.0,1608.0,0.0,1608.0,1608.0,5.0,6.0,6.0,3.11,2437.0,1120.0,1317.0,4045.0,7.0,7.0,8.0,5.32,4587.0,298.0,4289.0,8632.0,17.0,18.0,21.0,3.96,3796.0,1816.0,1980.0,12428.0,12.0,12.0,13.0,6.06,1938.0,572.0,1366.0,14366.0,11.0,11.0,12.0,8.05,1711.0,736.0,975.0,16077.0,12.0,12.0,13.0,12.31,3345.0,1837.0,1508.0,19422.0,8.0,12.0,17.0,5.31,,,,,,,,,,,,,,,,,,,,,,,,,
ccad49b2-225e-49f8-9bb0-ef198aca663f,2025-11-22 09:53:41 UTC,False,20461.0,CFOP,Gan 12 UI Maglev,RandomForest,5564.0,20461.0,,,gan12,custom_rules,,,,8.0,0.0,0.0,20461.0,76.0,80.0,92.0,3.71,8090.0,12371.0,1674.0,0.0,1674.0,1674.0,6.0,6.0,8.0,3.58,2761.0,1811.0,950.0,4435.0,12.0,12.0,13.0,12.63,4302.0,3014.0,1288.0,8737.0,10.0,10.0,10.0,7.76,1997.0,813.0,1184.0,10734.0,12.0,12.0,13.0,10.14,5487.0,562.0,4925.0,16221.0,16.0,16.0,17.0,3.25,2130.0,921.0,1209.0,18351.0,12.0,12.0,13.0,9.93,2110.0,969.0,1141.0,20461.0,8.0,12.0,18.0,7.01,,,,,,,,,,,,,,,,,,,,,,,,,
36b96857-0eee-4b73-9633-bcbc24f46376,2025-11-22 09:54:17 UTC,False,17037.0,CFOP,Gan 12 UI Maglev,RandomForest,8965.0,17037.0,,,gan12,custom_rules,,,,8.0,0.0,0.0,17037.0,60.0,61.0,73.0,3.52,6583.0,10454.0,3131.0,0.0,3131.0,3131.0,6.0,6.0,7.0,1.92,1704.0,686.0,1018.0,4835.0,8.0,8.0,10.0,7.86,3111.0,1834.0,1277.0,7946.0,6.0,6.0,8.0,4.7,3635.0,1112.0,2523.0,11581.0,12.0,12.0,13.0,4.76,1209.0,1031.0,178.0,12790.0,4.0,4.0,6.0,22.47,1567.0,575.0,992.0,14357.0,11.0,11.0,12.0,11.09,2680.0,1345.0,1335.0,17037.0,14.0,15.0,17.0,10.49,,,,,,,,,,,,,,,,,,,,,,,,,
32a234eb-ea88-4985-8a0d-08d3e5d07db6,2025-11-22 09:55:05 UTC,False,12763.0,CFOP,Gan 12 UI Maglev,RandomForest,26893.0,12763.0,,,gan12,custom_rules,,,,8.0,0.0,0.0,12763.0,61.0,63.0,72.0,4.78,5657.0,7025.0,1313.0,0.0,1313.0,1394.0,5.0,5.0,6.0,3.81,639.0,462.0,177.0,2033.0,3.0,3.0,3.0,16.95,1994.0,814.0,1180.0,4027.0,8.0,8.0,9.0,6.78,2695.0,1478.0,1217.0,6722.0,11.0,12.0,13.0,9.04,1225.0,515.0,710.0,7947.0,7.0,7.0,9.0,9.86,2086.0,845.0,1241.0,10033.0,13.0,13.0,13.0,10.48,2730.0,1543.0,1187.0,12763.0,14.0,15.0,19.0,11.79,,,,,,,,,,,,,,,,,,,,,,,,,
42647e4b-de80-469a-9053-65cb4e76fddb,2025-11-22 09:55:47 UTC,False,24178.0,CFOP,Gan 12 UI Maglev,RandomForest,7731.0,24178.0,,,gan12,custom_rules,,,,8.0,0.0,0.0,24178.0,81.0,86.0,93.0,3.35,8259.0,15629.0,7261.0,0.0,7261.0,7551.0,22.0,23.0,25.0,3.03,4792.0,1749.0,3043.0,12343.0,8.0,9.0,10.0,2.63,2437.0,1397.0,1040.0,14780.0,9.0,10.0,11.0,8.65,2418.0,2153.0,265.0,17198.0,4.0,4.0,5.0,15.09,1761.0,868.0,893.0,18959.0,9.0,9.0,10.0,10.08,2523.0,999.0,1524.0,21482.0,11.0,13.0,13.0,7.22,2696.0,1093.0,1603.0,24178.0,18.0,18.0,19.0,11.23,,,,,,,,,,,,,,,,,,,,,,,,,
5f54f68b-75a0-426c-8001-3fe54e21d37d,2025-11-22 09:56:20 UTC,False,18843.0,CFOP,Gan 12 UI Maglev,RandomForest,4729.0,18843.0,,,gan12,custom_rules,,,,8.0,0.0,0.0,18843.0,84.0,86.0,96.0,4.46,6143.0,12644.0,1048.0,0.0,1048.0,1104.0,5.0,5.0,8.0,4.77,4147.0,967.0,3180.0,5251.0,15.0,15.0,16.0,4.72,2350.0,871.0,1479.0,7601.0,8.0,8.0,9.0,5.41,4067.0,1393.0,2674.0,11668.0,16.0,16.0,17.0,5.98,1908.0,709.0,1199.0,13576.0,11.0,11.0,13.0,9.17,2253.0,725.0,1528.0,15829.0,14.0,14.0,14.0,9.16,3014.0,1478.0,1536.0,18843.0,15.0,17.0,19.0,9.77,,,,,,,,,,,,,,,,,,,,,,,,,
c8a87aeb-dfae-4ac3-b12c-d351f3bacbed,2025-11-22 09:56:52 UTC,False,17608.0,CFOP,Gan 12 UI Maglev,RandomForest,5537.0,17608.0,,,gan12,custom_rules,,,,8.0,0.0,0.0,17608.0,71.0,71.0,80.0,4.03,5876.0,11732.0,4472.0,0.0,4472.0,4472.0,11.0,11.0,13.0,2.46,1742.0,1032.0,710.0,6214.0,7.0,7.0,8.0,9.86,3023.0,1341.0,1682.0,9237.0,12.0,12.0,13.0,7.13,1577.0,1039.0,538.0,10814.0,8.0,8.0,8.0,14.87,2887.0,621.0,2266.0,13701.0,8.0,8.0,10.0,3.53,1909.0,998.0,911.0,15610.0,10.0,10.0,10.0,10.98,1998.0,845.0,1153.0,17608.0,15.0,15.0,18.0,13.01,,,,,,,,,,,,,,,,,,,,,,,,,
f7112689-6a70-4dae-8968-104828eb1bad,2025-11-22 09:57:23 UTC,False,17722.0,CFOP,Gan 12 UI Maglev,RandomForest,3173.0,17722.0,,,gan12,custom_rules,,,,8.0,0.0,0.0,17722.0,56.0,61.0,70.0,3.16,7847.0,9875.0,1550.0,0.0,1550.0,1550.0,4.0,4.0,6.0,2.58,3685.0,895.0,2790.0,5235.0,7.0,9.0,9.0,2.51,1159.0,925.0,234.0,6394.0,3.0,3.0,3.0,12.82,3127.0,2305.0,822.0,9521.0,7.0,7.0,8.0,8.52,1754.0,948.0,806.0,11275.0,8.0,8.0,9.0,9.93,3820.0,1802.0,2018.0,15095.0,14.0,16.0,19.0,6.94,2627.0,972.0,1655.0,17722.0,13.0,14.0,16.0,7.85,,,,,,,,,,,,,,,,,,,,,,,,,
c5aea19f-8688-4c20-92eb-0b4224d0c819,2025-11-22 09:57:58 UTC,False,17940.0,CFOP,Gan 12 UI Maglev,RandomForest,7730.0,17940.0,,,gan12,custom_rules,,,,8.0,0.0,0.0,17940.0,75.0,76.0,89.0,4.18,5665.0,12275.0,2195.0,0.0,2195.0,2195.0,10.0,10.0,12.0,4.56,3058.0,379.0,2679.0,5253.0,12.0,12.0,15.0,4.48,1817.0,580.0,1237.0,7070.0,11.0,11.0,13.0,8.89,4002.0,1790.0,2212.0,11072.0,8.0,8.0,9.0,3.62,1287.0,676.0,611.0,12359.0,7.0,7.0,7.0,11.46,2043.0,1007.0,1036.0,14402.0,10.0,10.0,13.0,9.65,3538.0,1233.0,2305.0,17940.0,17.0,18.0,20.0,7.38,,,,,,,,,,,,,,,,,,,,,,,,,
f9ba7c6b-55c8-4043-8f3c-56e23f0b50b1,2025-11-22 09:58:38 UTC,False,17966.0,CFOP,Gan 12 UI Maglev,RandomForest,12863.0,17966.0,,,gan12,custom_rules,,,,8.0,0.0,0.0,17966.0,65.0,65.0,77.0,3.62,9853.0,8113.0,2018.0,0.0,2018.0,2018.0,7.0,7.0,10.0,3.47,4027.0,3036.0,991.0,6045.0,9.0,9.0,10.0,9.08,1677.0,636.0,1041.0,7722.0,7.0,7.0,8.0,6.72,2309.0,1505.0,804.0,10031.0,9.0,9.0,10.0,11.19,1961.0,1244.0,717.0,11992.0,9.0,9.0,9.0,12.55,1798.0,871.0,927.0,13790.0,12.0,12.0,13.0,12.94,4176.0,2561.0,1615.0,17966.0,12.0,12.0,17.0,7.43,,,,,,,,,,,,,,,,,,,,,,,,,
6012c98a-cbc7-4b64-b6d2-77421832cd71,2025-11-22 09:59:08 UTC,False,16448.0,CFOP,Gan 12 UI Maglev,RandomForest,3263.0,16448.0,,,gan12,custom_rules,,,,8.0,0.0,0.0,16448.0,71.0,71.0,77.0,4.32,6866.0,9582.0,2701.0,0.0,2701.0,2701.0,6.0,6.0,6.0,2.22,1843.0,958.0,885.0,4544.0,8.0,8.0,9.0,9.04,3240.0,2016.0,1224.0,7784.0,8.0,8.0,9.0,6.54,1546.0,781.0,765.0,9330.0,8.0,8.0,8.0,10.46,1547.0,1039.0,508.0,10877.0,8.0,8.0,8.0,15.75,2238.0,1118.0,1120.0,13115.0,13.0,13.0,15.0,11.61,3333.0,954.0,2379.0,16448.0,20.0,20.0,22.0,8.41,,,,,,,,,,,,,,,,,,,,,,,,,
1ab14388-ce2f-48fb-81a3-6271432529b4,2025-11-22 09:59:44 UTC,False,22415.0,CFOP,Gan 12 UI Maglev,RandomForest,3759.0,22415.0,,,gan12,custom_rules,,,,8.0,0.0,0.0,22415.0,81.0,85.0,92.0,3.61,6165.0,16250.0,3186.0,0.0,3186.0,3186.0,9.0,9.0,10.0,2.82,3018.0,1055.0,1963.0,6204.0,9.0,9.0,10.0,4.58,1982.0,1080.0,902.0,8186.0,7.0,7.0,8.0,7.76,1844.0,669.0,1175.0,10030.0,10.0,11.0,12.0,8.51,663.0,526.0,137.0,10693.0,4.0,4.0,4.0,29.2,8553.0,1919.0,6634.0,19246.0,24.0,27.0,29.0,3.62,3169.0,916.0,2253.0,22415.0,18.0,18.0,19.0,7.99,,,,,,,,,,,,,,,,,,,,,,,,,
ee79a231-ed4a-468e-a27f-fe1084286f37,2025-11-22 10:00:23 UTC,False,18777.0,CFOP,Gan 12 UI Maglev,RandomForest,9799.0,18777.0,,,gan12,custom_rules,,,,8.0,0.0,0.0,18777.0,60.0,64.0,82.0,3.2,7746.0,11031.0,3277.0,0.0,3277.0,3277.0,7.0,7.0,11.0,2.14,1397.0,777.0,620.0,4674.0,8.0,8.0,9.0,12.9,2614.0,1493.0,1121.0,7288.0,8.0,8.0,8.0,7.14,2946.0,1247.0,1699.0,10234.0,11.0,11.0,12.0,6.47,2832.0,2026.0,806.0,13066.0,7.0,7.0,8.0,8.68,2166.0,1216.0,950.0,15232.0,8.0,8.0,10.0,8.42,3545.0,987.0,2558.0,18777.0,11.0,15.0,24.0,4.3,,,,,,,,,,,,,,,,,,,,,,,,,
09e306f7-5c25-4328-825d-6a44c1eba399,2025-11-22 10:00:53 UTC,False,13158.0,CFOP,Gan 12 UI Maglev,RandomForest,8129.0,13158.0,,,gan12,custom_rules,,,,8.0,0.0,0.0,13158.0,56.0,62.0,76.0,4.26,5205.0,7953.0,1434.0,0.0,1434.0,1434.0,5.0,5.0,7.0,3.49,1903.0,871.0,1032.0,3337.0,5.0,5.0,7.0,4.84,1911.0,944.0,967.0,5248.0,9.0,10.0,12.0,9.31,3051.0,1189.0,1862.0,8299.0,11.0,11.0,13.0,5.91,1096.0,347.0,749.0,9395.0,8.0,8.0,9.0,10.68,1499.0,532.0,967.0,10894.0,9.0,10.0,10.0,9.31,2264.0,1322.0,942.0,13158.0,9.0,13.0,18.0,9.55,,,,,,,,,,,,,,,,,,,,,,,,,
445817bb-d543-4d5a-977e-ed56b220a27a,2025-11-22 10:01:26 UTC,False,15187.0,CFOP,Gan 12 UI Maglev,RandomForest,8693.0,15187.0,,,gan12,custom_rules,,,,8.0,0.0,0.0,15187.0,63.0,64.0,73.0,4.15,9211.0,5927.0,1257.0,0.0,1257.0,1306.0,7.0,7.0,8.0,5.57,3254.0,2521.0,733.0,4560.0,7.0,7.0,7.0,9.55,859.0,725.0,134.0,5419.0,5.0,5.0,5.0,37.31,2339.0,1671.0,668.0,7758.0,8.0,8.0,10.0,11.98,3256.0,2501.0,755.0,11014.0,8.0,8.0,11.0,10.6,1687.0,741.0,946.0,12701.0,12.0,12.0,13.0,12.68,2486.0,1052.0,1434.0,15187.0,16.0,17.0,19.0,11.16,,,,,,,,,,,,,,,,,,,,,,,,,
018345d4-00a5-4b07-b9bf-0af339909fc1,2025-11-22 10:02:00 UTC,False,17404.0,CFOP,Gan 12 UI Maglev,RandomForest,6969.0,17404.0,,,gan12,custom_rules,,,,8.0,0.0,0.0,17404.0,61.0,61.0,73.0,3.5,6775.0,10548.0,3219.0,0.0,3219.0,3300.0,8.0,8.0,10.0,2.49,1664.0,1007.0,657.0,4964.0,6.0,6.0,8.0,9.13,2204.0,233.0,1971.0,7168.0,11.0,11.0,11.0,5.58,3103.0,1286.0,1817.0,10271.0,8.0,8.0,10.0,4.4,2484.0,1509.0,975.0,12755.0,9.0,9.0,9.0,9.23,2221.0,1544.0,677.0,14976.0,9.0,9.0,11.0,13.29,2428.0,1196.0,1232.0,17404.0,11.0,11.0,14.0,8.93,,,,,,,,,,,,,,,,,,,,,,,,,
396e95b3-4a71-4153-961e-7adf17411c63,2025-11-22 10:02:49 UTC,False,18632.0,CFOP,Gan 12 UI Maglev,RandomForest,21066.0,18632.0,,,gan12,custom_rules,,,,8.0,0.0,0.0,18632.0,83.0,86.0,94.0,4.45,5333.0,13299.0,3836.0,0.0,3836.0,3836.0,16.0,19.0,21.0,4.17,0.0,0.0,0.0,3836.0,0.0,0.0,0.0,0.0,3007.0,878.0,2129.0,6843.0,8.0,8.0,9.0,3.76,3728.0,1407.0,2321.0,10571.0,15.0,15.0,15.0,6.46,2925.0,1080.0,1845.0,13496.0,15.0,15.0,15.0,8.13,2667.0,1216.0,1451.0,16163.0,10.0,10.0,15.0,6.89,2469.0,752.0,1717.0,18632.0,19.0,19.0,19.0,11.07,,,,,,,,,,,,,,,,,,,,,,,,,
bdaeb7dc-d997-4fb5-8ea1-6d5429267bb4,2025-11-22 11:34:41 UTC,False,22112.0,CFOP,Gan 12 UI Maglev,RandomForest,24483.0,22112.0,,,gan12,custom_rules,,,,8.0,0.0,0.0,22112.0,80.0,82.0,90.0,3.62,7260.0,14602.0,4061.0,0.0,4061.0,4311.0,8.0,9.0,10.0,1.97,2027.0,824.0,1203.0,6338.0,12.0,12.0,12.0,9.98,2225.0,1063.0,1162.0,8563.0,8.0,8.0,8.0,6.88,1643.0,771.0,872.0,10206.0,8.0,8.0,11.0,9.17,6188.0,2529.0,3659.0,16394.0,16.0,16.0,17.0,4.37,1776.0,766.0,1010.0,18170.0,12.0,12.0,13.0,11.88,3942.0,1307.0,2635.0,22112.0,16.0,17.0,19.0,6.07,,,,,,,,,,,,,,,,,,,,,,,,,
d7cbc5b0-9651-449e-aa3c-620cb3dc6be2,2025-11-22 11:35:36 UTC,False,18127.0,CFOP,Gan 12 UI Maglev,RandomForest,25420.0,18127.0,,,gan12,custom_rules,,,,8.0,0.0,0.0,18127.0,70.0,75.0,83.0,3.86,6177.0,11652.0,1955.0,0.0,1955.0,2253.0,7.0,8.0,8.0,3.58,981.0,459.0,522.0,3234.0,8.0,8.0,8.0,15.33,1570.0,894.0,676.0,4804.0,5.0,5.0,6.0,7.4,3632.0,1885.0,1747.0,8436.0,7.0,7.0,7.0,4.01,2148.0,298.0,1850.0,10584.0,11.0,11.0,12.0,5.95,4310.0,1088.0,3222.0,14894.0,16.0,18.0,21.0,4.97,3233.0,1553.0,1680.0,18127.0,16.0,18.0,21.0,9.52,,,,,,,,,,,,,,,,,,,,,,,,,
83548b15-3381-439b-ac23-8a74ff278373,2025-11-22 11:36:37 UTC,False,18197.0,CFOP,Gan 12 UI Maglev,RandomForest,33249.0,18197.0,,,gan12,custom_rules,,,,8.0,0.0,0.0,18197.0,69.0,73.0,82.0,3.79,6033.0,12092.0,1346.0,0.0,1346.0,1418.0,5.0,5.0,8.0,3.71,1869.0,395.0,1474.0,3287.0,10.0,11.0,12.0,6.78,4680.0,530.0,4150.0,7967.0,12.0,12.0,12.0,2.89,2202.0,1751.0,451.0,10169.0,7.0,7.0,7.0,15.52,2108.0,976.0,1132.0,12277.0,8.0,8.0,9.0,7.07,3448.0,1395.0,2053.0,15725.0,14.0,16.0,18.0,6.82,2472.0,986.0,1486.0,18197.0,14.0,14.0,16.0,9.42,,,,,,,,,,,,,,,,,,,,,,,,,
383ca20b-9bd0-4e91-b24e-1784120c4bf7,2025-11-22 11:37:36 UTC,False,15375.0,CFOP,Gan 12 UI Maglev,RandomForest,35480.0,15375.0,,,gan12,custom_rules,,,,8.0,0.0,0.0,15375.0,68.0,69.0,78.0,4.42,5914.0,9461.0,1821.0,0.0,1821.0,1821.0,6.0,6.0,6.0,3.29,2201.0,645.0,1556.0,4022.0,8.0,8.0,9.0,5.14,2108.0,1197.0,911.0,6130.0,12.0,12.0,12.0,13.17,1584.0,842.0,742.0,7714.0,7.0,7.0,8.0,9.43,1683.0,789.0,894.0,9397.0,8.0,8.0,10.0,8.95,2189.0,793.0,1396.0,11586.0,11.0,11.0,12.0,7.88,3789.0,1648.0,2141.0,15375.0,16.0,17.0,21.0,7.47,,,,,,,,,,,,,,,,,,,,,,,,,
84e5d954-2f5f-4ced-9cb5-2fb7f60697d0,2025-11-22 11:38:24 UTC,False,18382.0,CFOP,Gan 12 UI Maglev,RandomForest,20948.0,18382.0,,,gan12,custom_rules,,,,8.0,0.0,0.0,18382.0,66.0,68.0,81.0,3.59,7065.0,11317.0,5943.0,0.0,5943.0,5943.0,19.0,21.0,25.0,3.2,0.0,0.0,0.0,5943.0,0.0,0.0,0.0,0.0,2510.0,1463.0,1047.0,8453.0,8.0,8.0,10.0,7.64,3347.0,2385.0,962.0,11800.0,8.0,8.0,11.0,8.32,1495.0,669.0,826.0,13295.0,8.0,8.0,9.0,9.69,2343.0,1119.0,1224.0,15638.0,13.0,13.0,13.0,10.62,2744.0,1429.0,1315.0,18382.0,10.0,10.0,13.0,7.6,,,,,,,,,,,,,,,,,,,,,,,,,
5daaa748-31e4-4806-a0e9-270ce18d065a,2025-11-22 11:38:56 UTC,False,12426.0,CFOP,Gan 12 UI Maglev,RandomForest,11833.0,12426.0,,,gan12,custom_rules,,,,8.0,0.0,0.0,12426.0,57.0,57.0,66.0,4.59,5820.0,6606.0,1686.0,0.0,1686.0,1686.0,8.0,8.0,8.0,4.74,1589.0,828.0,761.0,3275.0,8.0,8.0,8.0,10.51,1842.0,1280.0,562.0,5117.0,8.0,8.0,9.0,14.23,1371.0,797.0,574.0,6488.0,8.0,8.0,10.0,13.94,1624.0,749.0,875.0,8112.0,7.0,7.0,7.0,8.0,1588.0,926.0,662.0,9700.0,8.0,8.0,10.0,12.08,2726.0,1240.0,1486.0,12426.0,11.0,11.0,14.0,7.4,,,,,,,,,,,,,,,,,,,,,,,,,
f4e60064-b2c0-4cc0-b2d4-9e354072b1bc,2025-11-22 11:41:34 UTC,False,32160.0,CFOP,Gan 12 UI Maglev,RandomForest,112911.0,32160.0,,,gan12,custom_rules,,,,8.0,0.0,0.0,32160.0,75.0,79.0,89.0,2.33,5564.0,26596.0,20617.0,0.0,20617.0,20617.0,29.0,33.0,38.0,1.41,0.0,0.0,0.0,20617.0,0.0,0.0,0.0,0.0,0.0,0.0,0.0,20617.0,0.0,0.0,0.0,0.0,2341.0,1446.0,895.0,22958.0,8.0,8.0,9.0,8.94,4000.0,1728.0,2272.0,26958.0,15.0,15.0,15.0,6.6,1458.0,725.0,733.0,28416.0,6.0,6.0,6.0,8.19,3744.0,1665.0,2079.0,32160.0,17.0,17.0,21.0,8.18,,,,,,,,,,,,,,,,,,,,,,,,,
497be1bb-f72e-4c8a-8b51-239038dce6b1,2025-11-22 11:42:26 UTC,False,16142.0,CFOP,Gan 12 UI Maglev,RandomForest,25933.0,16142.0,,,gan12,custom_rules,,,,8.0,0.0,0.0,16142.0,73.0,73.0,82.0,4.52,5495.0,10647.0,1386.0,0.0,1386.0,1386.0,7.0,7.0,8.0,5.05,2395.0,556.0,1839.0,3781.0,9.0,9.0,11.0,4.89,1923.0,814.0,1109.0,5704.0,7.0,7.0,7.0,6.31,3002.0,1465.0,1537.0,8706.0,10.0,10.0,12.0,6.51,1659.0,1072.0,587.0,10365.0,9.0,9.0,9.0,15.33,1636.0,645.0,991.0,12001.0,12.0,12.0,12.0,12.11,4141.0,943.0,3198.0,16142.0,20.0,20.0,23.0,6.25,,,,,,,,,,,,,,,,,,,,,,,,,
63ad11a0-750a-4e6d-ba10-c89752585b13,2025-11-22 11:42:53 UTC,False,13151.0,CFOP,Gan 12 UI Maglev,RandomForest,3696.0,13151.0,,,gan12,custom_rules,,,,8.0,0.0,0.0,13151.0,53.0,54.0,60.0,4.03,6453.0,6617.0,1506.0,0.0,1506.0,1587.0,6.0,6.0,8.0,3.98,3335.0,1725.0,1610.0,4922.0,12.0,13.0,13.0,7.45,1514.0,1047.0,467.0,6436.0,3.0,3.0,3.0,6.42,2094.0,1474.0,620.0,8530.0,6.0,6.0,7.0,9.68,1173.0,1021.0,152.0,9703.0,3.0,3.0,3.0,19.74,1241.0,613.0,628.0,10944.0,7.0,7.0,8.0,11.15,2207.0,573.0,1634.0,13151.0,16.0,16.0,18.0,9.79,,,,,,,,,,,,,,,,,,,,,,,,,
8897baba-18b4-4a52-a2ce-f1edb91c98fb,2025-11-22 11:43:32 UTC,False,16216.0,CFOP,Gan 12 UI Maglev,RandomForest,8747.0,16216.0,,,gan12,custom_rules,,,,8.0,0.0,0.0,16216.0,78.0,80.0,89.0,4.81,5445.0,10771.0,2079.0,0.0,2079.0,2079.0,10.0,10.0,11.0,4.81,3316.0,1626.0,1690.0,5395.0,12.0,12.0,13.0,7.1,2463.0,725.0,1738.0,7858.0,11.0,12.0,12.0,6.33,973.0,473.0,500.0,8831.0,8.0,8.0,8.0,16.0,1685.0,927.0,758.0,10516.0,8.0,8.0,10.0,10.55,1201.0,669.0,532.0,11717.0,8.0,8.0,8.0,15.04,4499.0,1025.0,3474.0,16216.0,22.0,23.0,27.0,6.33,,,,,,,,,,,,,,,,,,,,,,,,,
63b6fa0a-daea-405c-a128-b461272eb7ad,2025-11-22 11:44:08 UTC,False,20389.0,CFOP,Gan 12 UI Maglev,RandomForest,7018.0,20389.0,,,gan12,custom_rules,,,,8.0,0.0,0.0,20389.0,71.0,74.0,80.0,3.48,10290.0,10099.0,1314.0,0.0,1314.0,1314.0,7.0,7.0,8.0,5.33,6390.0,4303.0,2087.0,7704.0,7.0,8.0,9.0,3.35,1350.0,649.0,701.0,9054.0,8.0,8.0,9.0,11.41,2786.0,1690.0,1096.0,11840.0,10.0,11.0,12.0,9.12,2294.0,991.0,1303.0,14134.0,11.0,11.0,12.0,8.44,2579.0,1098.0,1481.0,16713.0,10.0,11.0,11.0,6.75,3676.0,1559.0,2117.0,20389.0,18.0,18.0,19.0,8.5,,,,,,,,,,,,,,,,,,,,,,,,,
1d5cf44b-53ca-480c-bd24-e24d3a50e205,2025-11-22 11:44:39 UTC,False,15924.0,CFOP,Gan 12 UI Maglev,RandomForest,5781.0,15924.0,,,gan12,custom_rules,,,,8.0,0.0,0.0,15924.0,68.0,69.0,78.0,4.27,5076.0,10848.0,1509.0,0.0,1509.0,1509.0,6.0,6.0,7.0,3.98,3035.0,1046.0,1989.0,4544.0,12.0,12.0,13.0,6.03,2091.0,577.0,1514.0,6635.0,8.0,8.0,9.0,5.28,2555.0,781.0,1774.0,9190.0,9.0,9.0,10.0,5.07,1254.0,491.0,763.0,10444.0,7.0,7.0,7.0,9.17,1504.0,805.0,699.0,11948.0,8.0,8.0,10.0,11.44,3976.0,1376.0,2600.0,15924.0,18.0,19.0,22.0,6.92,,,,,,,,,,,,,,,,,,,,,,,,,
92471586-7764-4190-97ee-5327359338c0,2025-11-22 11:45:29 UTC,False,22126.0,CFOP,Gan 12 UI Maglev,RandomForest,17667.0,22126.0,,,gan12,custom_rules,,,,8.0,0.0,0.0,22126.0,86.0,86.0,96.0,3.89,5940.0,16186.0,1225.0,0.0,1225.0,1225.0,6.0,6.0,7.0,4.9,5581.0,1576.0,4005.0,6806.0,14.0,14.0,16.0,3.5,2092.0,553.0,1539.0,8898.0,7.0,7.0,7.0,4.55,2036.0,612.0,1424.0,10934.0,11.0,11.0,12.0,7.72,2596.0,580.0,2016.0,13530.0,12.0,12.0,14.0,5.95,4539.0,1564.0,2975.0,18069.0,16.0,16.0,19.0,5.38,4057.0,1055.0,3002.0,22126.0,20.0,20.0,21.0,6.66,,,,,,,,,,,,,,,,,,,,,,,,,
5b430afe-4567-4153-81da-873e95db9a43,2025-11-22 11:46:28 UTC,False,44429.0,CFOP,Gan 12 UI Maglev,RandomForest,6179.0,44429.0,,,gan12,custom_rules,,,,8.0,0.0,0.0,44429.0,124.0,129.0,150.0,2.79,7954.0,36475.0,1488.0,0.0,1488.0,1488.0,6.0,6.0,6.0,4.03,2395.0,97.0,2298.0,3883.0,10.0,10.0,11.0,4.35,4872.0,3664.0,1208.0,8755.0,6.0,6.0,6.0,4.97,2941.0,1676.0,1265.0,11696.0,8.0,9.0,9.0,6.32,1749.0,596.0,1153.0,13445.0,12.0,12.0,13.0,10.41,28693.0,1005.0,27688.0,42138.0,69.0,73.0,89.0,2.49,2291.0,916.0,1375.0,44429.0,14.0,14.0,16.0,10.18,,,,,,,,,,,,,,,,,,,,,,,,,
660a2643-e311-4471-8e4c-489c3fda1de7,2025-11-22 11:47:27 UTC,False,19562.0,CFOP,Gan 12 UI Maglev,RandomForest,31569.0,19562.0,,,gan12,custom_rules,,,,8.0,0.0,0.0,19562.0,77.0,78.0,85.0,3.94,5029.0,14533.0,3784.0,0.0,3784.0,3784.0,15.0,15.0,16.0,3.96,5507.0,459.0,5048.0,9291.0,15.0,15.0,17.0,2.97,0.0,0.0,0.0,9291.0,0.0,0.0,0.0,0.0,2519.0,908.0,1611.0,11810.0,11.0,11.0,12.0,6.83,2448.0,1561.0,887.0,14258.0,8.0,8.0,8.0,9.02,3111.0,1134.0,1977.0,17369.0,14.0,14.0,14.0,7.08,2193.0,967.0,1226.0,19562.0,14.0,15.0,18.0,11.42,,,,,,,,,,,,,,,,,,,,,,,,,
61f65922-4c4e-4d6e-b158-587247c2d810,2025-11-22 11:48:05 UTC,False,14215.0,CFOP,Gan 12 UI Maglev,RandomForest,14537.0,14215.0,,,gan12,custom_rules,,,,8.0,0.0,0.0,14215.0,58.0,64.0,78.0,4.08,6523.0,7587.0,1461.0,0.0,1461.0,1566.0,6.0,6.0,8.0,4.11,1606.0,572.0,1034.0,3172.0,8.0,8.0,8.0,7.74,1817.0,742.0,1075.0,4989.0,7.0,7.0,8.0,6.51,1443.0,814.0,629.0,6432.0,8.0,8.0,8.0,12.72,1408.0,677.0,731.0,7840.0,8.0,8.0,9.0,10.94,2905.0,1753.0,1152.0,10745.0,11.0,12.0,13.0,9.55,3470.0,1965.0,1505.0,14215.0,11.0,16.0,24.0,7.31,,,,,,,,,,,,,,,,,,,,,,,,,
19b9088e-ab15-4b01-a753-f9241afdb1b8,2025-11-22 11:48:44 UTC,False,16193.0,CFOP,Gan 12 UI Maglev,RandomForest,11980.0,16193.0,,,gan12,custom_rules,,,,8.0,0.0,0.0,16193.0,70.0,74.0,82.0,4.32,289.0,15904.0,14968.0,0.0,14968.0,14968.0,56.0,60.0,67.0,3.74,0.0,0.0,0.0,14968.0,0.0,0.0,0.0,0.0,0.0,0.0,0.0,14968.0,0.0,0.0,0.0,0.0,774.0,96.0,678.0,15742.0,9.0,9.0,10.0,13.27,395.0,137.0,258.0,16137.0,4.0,4.0,4.0,15.5,0.0,0.0,0.0,16137.0,0.0,0.0,0.0,0.0,56.0,56.0,0.0,16193.0,1.0,1.0,1.0,,,,,,,,,,,,,,,,,,,,,,,,,,
2b1668a5-e44c-439d-aee2-683702fb0fd5,2025-11-22 11:49:12 UTC,False,11460.0,CFOP,Gan 12 UI Maglev,RandomForest,7323.0,11460.0,,,gan12,custom_rules,,,,8.0,0.0,0.0,11460.0,61.0,64.0,70.0,5.32,5508.0,5944.0,1503.0,0.0,1503.0,1511.0,7.0,8.0,9.0,4.66,959.0,435.0,524.0,2470.0,8.0,8.0,8.0,15.27,1471.0,1018.0,453.0,3941.0,8.0,8.0,8.0,17.66,1315.0,1032.0,283.0,5256.0,4.0,4.0,6.0,14.13,1894.0,1128.0,766.0,7150.0,9.0,9.0,10.0,11.75,1694.0,808.0,886.0,8844.0,9.0,9.0,9.0,10.16,2616.0,1087.0,1529.0,11460.0,16.0,18.0,20.0,10.46,,,,,,,,,,,,,,,,,,,,,,,,,
5499e9af-7011-4137-9ef8-e96bada21a28,2025-11-22 11:49:43 UTC,False,12560.0,CFOP,Gan 12 UI Maglev,RandomForest,10398.0,12560.0,,,gan12,custom_rules,,,,8.0,0.0,0.0,12560.0,60.0,61.0,74.0,4.78,4253.0,8307.0,2035.0,0.0,2035.0,2035.0,7.0,7.0,10.0,3.44,1432.0,668.0,764.0,3467.0,6.0,6.0,7.0,7.85,1889.0,766.0,1123.0,5356.0,7.0,7.0,8.0,6.23,2026.0,612.0,1414.0,7382.0,10.0,11.0,13.0,7.07,985.0,338.0,647.0,8367.0,7.0,7.0,8.0,10.82,1644.0,661.0,983.0,10011.0,12.0,12.0,13.0,12.21,2549.0,1208.0,1341.0,12560.0,11.0,11.0,15.0,8.2,,,,,,,,,,,,,,,,,,,,,,,,,
fcbc0c02-7106-402c-a2ee-2791339fab59,2025-11-22 11:50:25 UTC,False,17537.0,CFOP,Gan 12 UI Maglev,RandomForest,14475.0,17537.0,,,gan12,custom_rules,,,,8.0,0.0,0.0,17537.0,57.0,65.0,82.0,3.25,2800.0,14737.0,2976.0,0.0,2976.0,2976.0,8.0,10.0,13.0,2.69,8533.0,80.0,8453.0,11509.0,24.0,26.0,28.0,2.84,0.0,0.0,0.0,11509.0,0.0,0.0,0.0,0.0,0.0,0.0,0.0,11509.0,0.0,0.0,0.0,0.0,1684.0,556.0,1128.0,13193.0,7.0,7.0,8.0,6.21,2203.0,1053.0,1150.0,15396.0,11.0,11.0,14.0,9.57,2141.0,1111.0,1030.0,17537.0,9.0,13.0,19.0,8.74,,,,,,,,,,,,,,,,,,,,,,,,,
48a5cd63-d22a-4607-a7b6-a06d89526778,2025-11-22 11:51:04 UTC,False,13100.0,CFOP,Gan 12 UI Maglev,RandomForest,17159.0,13100.0,,,gan12,custom_rules,,,,8.0,0.0,0.0,13100.0,59.0,59.0,65.0,4.5,4356.0,8672.0,870.0,0.0,870.0,942.0,4.0,4.0,5.0,4.6,1185.0,523.0,662.0,2127.0,5.0,5.0,6.0,7.55,1721.0,628.0,1093.0,3848.0,8.0,8.0,9.0,7.32,2006.0,975.0,1031.0,5854.0,8.0,8.0,8.0,7.76,1788.0,523.0,1265.0,7642.0,7.0,7.0,8.0,5.53,1799.0,953.0,846.0,9441.0,10.0,10.0,10.0,11.82,3659.0,754.0,2905.0,13100.0,17.0,17.0,19.0,5.85,,,,,,,,,,,,,,,,,,,,,,,,,
dc9a5613-247a-4f73-8ed0-768a08a149b3,2025-11-22 11:51:44 UTC,False,14692.0,CFOP,Gan 12 UI Maglev,RandomForest,8118.0,14692.0,,,gan12,custom_rules,,,,8.0,0.0,0.0,14692.0,63.0,64.0,69.0,4.29,5507.0,9185.0,1298.0,0.0,1298.0,1298.0,6.0,6.0,6.0,4.62,3946.0,1167.0,2779.0,5244.0,8.0,8.0,9.0,2.88,1754.0,602.0,1152.0,6998.0,8.0,8.0,8.0,6.94,1859.0,908.0,951.0,8857.0,8.0,8.0,11.0,8.41,1084.0,906.0,178.0,9941.0,4.0,4.0,4.0,22.47,1611.0,846.0,765.0,11552.0,10.0,11.0,11.0,13.07,3140.0,1078.0,2062.0,14692.0,19.0,19.0,20.0,9.21,,,,,,,,,,,,,,,,,,,,,,,,,
a30c19a0-bbc2-4e7e-b394-986f4776d6c6,2025-11-22 11:52:20 UTC,False,13050.0,CFOP,Gan 12 UI Maglev,RandomForest,13196.0,13050.0,,,gan12,custom_rules,,,,8.0,0.0,0.0,13050.0,57.0,59.0,66.0,4.37,4903.0,8083.0,2857.0,0.0,2857.0,2921.0,9.0,9.0,12.0,3.15,0.0,0.0,0.0,2921.0,0.0,0.0,0.0,0.0,2089.0,1092.0,997.0,5010.0,6.0,7.0,8.0,6.02,1015.0,475.0,540.0,6025.0,5.0,5.0,7.0,9.26,2204.0,1181.0,1023.0,8229.0,12.0,12.0,12.0,11.73,2135.0,1209.0,926.0,10364.0,10.0,11.0,11.0,10.8,2686.0,946.0,1740.0,13050.0,15.0,15.0,16.0,8.62,,,,,,,,,,,,,,,,,,,,,,,,,
a5bba834-374a-417a-b5ea-6bd5a183bd64,2025-11-22 11:53:21 UTC,False,14899.0,CFOP,Gan 12 UI Maglev,RandomForest,31763.0,14899.0,,,gan12,custom_rules,,,,8.0,0.0,0.0,14899.0,71.0,72.0,83.0,4.77,4158.0,10741.0,2850.0,0.0,2850.0,2850.0,6.0,6.0,7.0,2.11,2834.0,822.0,2012.0,5684.0,12.0,12.0,15.0,5.96,1657.0,822.0,835.0,7341.0,8.0,8.0,9.0,9.58,1850.0,612.0,1238.0,9191.0,11.0,11.0,12.0,8.89,1490.0,637.0,853.0,10681.0,11.0,11.0,12.0,12.9,1757.0,773.0,984.0,12438.0,10.0,11.0,12.0,10.16,2461.0,492.0,1969.0,14899.0,14.0,14.0,16.0,7.11,,,,,,,,,,,,,,,,,,,,,,,,,
62d9627c-0909-4b0f-81a7-c88070c191a2,2025-11-22 11:53:58 UTC,False,16006.0,CFOP,Gan 12 UI Maglev,RandomForest,7775.0,16006.0,,,gan12,custom_rules,,,,8.0,0.0,0.0,16006.0,63.0,65.0,74.0,3.94,5140.0,10818.0,2207.0,0.0,2207.0,2255.0,6.0,8.0,9.0,2.72,1901.0,387.0,1514.0,4156.0,11.0,11.0,12.0,7.27,3836.0,306.0,3530.0,7992.0,18.0,18.0,20.0,5.1,2962.0,1818.0,1144.0,10954.0,8.0,8.0,9.0,6.99,1736.0,626.0,1110.0,12690.0,10.0,10.0,10.0,9.01,0.0,0.0,0.0,12690.0,0.0,0.0,0.0,0.0,3316.0,2003.0,1313.0,16006.0,10.0,10.0,14.0,7.62,,,,,,,,,,,,,,,,,,,,,,,,,
41bbeb2e-b474-4ffc-a994-bed1a0c74d53,2025-11-22 11:54:34 UTC,False,18121.0,CFOP,Gan 12 UI Maglev,RandomForest,9821.0,18121.0,,,gan12,custom_rules,,,,8.0,0.0,0.0,18121.0,74.0,79.0,86.0,4.08,7428.0,10693.0,1290.0,0.0,1290.0,1290.0,6.0,6.0,7.0,4.65,3674.0,353.0,3321.0,4964.0,12.0,13.0,13.0,3.61,2176.0,709.0,1467.0,7140.0,8.0,8.0,8.0,5.45,4629.0,2938.0,1691.0,11769.0,15.0,15.0,16.0,8.87,1890.0,1447.0,443.0,13659.0,8.0,8.0,8.0,18.06,2594.0,943.0,1651.0,16253.0,17.0,17.0,17.0,10.3,1868.0,1038.0,830.0,18121.0,8.0,12.0,17.0,9.64,,,,,,,,,,,,,,,,,,,,,,,,,
8e482453-1b2c-41c4-be56-17b24a8c854c,2025-11-22 11:55:12 UTC,False,16378.0,CFOP,Gan 12 UI Maglev,RandomForest,12330.0,16378.0,,,gan12,custom_rules,,,,8.0,0.0,0.0,16378.0,66.0,67.0,80.0,4.03,6431.0,9947.0,2283.0,0.0,2283.0,2283.0,8.0,8.0,9.0,3.5,2341.0,1092.0,1249.0,4624.0,8.0,8.0,9.0,6.41,1514.0,644.0,870.0,6138.0,8.0,8.0,9.0,9.2,2842.0,1290.0,1552.0,8980.0,10.0,10.0,13.0,6.44,1365.0,1161.0,204.0,10345.0,4.0,4.0,5.0,19.61,2367.0,1136.0,1231.0,12712.0,12.0,12.0,14.0,9.75,3666.0,1108.0,2558.0,16378.0,16.0,17.0,21.0,6.25,,,,,,,,,,,,,,,,,,,,,,,,,
e809837a-416a-47b2-986a-2fc771decb87,2025-11-22 11:55:50 UTC,False,18434.0,CFOP,Gan 12 UI Maglev,RandomForest,10941.0,18434.0,,,gan12,custom_rules,,,,8.0,0.0,0.0,18434.0,83.0,84.0,98.0,4.5,6398.0,12036.0,3000.0,0.0,3000.0,3000.0,7.0,7.0,10.0,2.33,2325.0,1753.0,572.0,5325.0,6.0,6.0,8.0,10.49,2064.0,1284.0,780.0,7389.0,10.0,10.0,11.0,12.82,1544.0,685.0,859.0,8933.0,7.0,7.0,7.0,8.15,4794.0,805.0,3989.0,13727.0,28.0,28.0,30.0,7.02,1635.0,726.0,909.0,15362.0,10.0,10.0,13.0,11.0,3072.0,1145.0,1927.0,18434.0,15.0,16.0,19.0,7.78,,,,,,,,,,,,,,,,,,,,,,,,,
6e8b5b5f-f658-46b9-8303-c63128272e67,2025-11-22 11:56:40 UTC,False,12348.0,CFOP,Gan 12 UI Maglev,RandomForest,28782.0,12348.0,,,gan12,custom_rules,,,,8.0,0.0,0.0,12348.0,47.0,48.0,55.0,3.81,4533.0,7815.0,3979.0,0.0,3979.0,3979.0,8.0,8.0,10.0,2.01,861.0,580.0,281.0,4840.0,4.0,4.0,5.0,14.23,1748.0,653.0,1095.0,6588.0,8.0,8.0,8.0,7.31,1000.0,555.0,445.0,7588.0,3.0,3.0,4.0,6.74,1144.0,894.0,250.0,8732.0,3.0,3.0,3.0,12.0,1119.0,595.0,524.0,9851.0,8.0,8.0,8.0,15.27,2497.0,1256.0,1241.0,12348.0,14.0,15.0,17.0,11.28,,,,,,,,,,,,,,,,,,,,,,,,,
3b4e5d41-650e-4078-8ab0-58a64eda1adc,2025-11-22 11:57:16 UTC,False,16875.0,CFOP,Gan 12 UI Maglev,RandomForest,7634.0,16875.0,,,gan12,custom_rules,,,,8.0,0.0,0.0,16875.0,69.0,72.0,78.0,4.09,6230.0,10645.0,4503.0,0.0,4503.0,4503.0,12.0,12.0,14.0,2.66,0.0,0.0,0.0,4503.0,0.0,0.0,0.0,0.0,2225.0,1314.0,911.0,6728.0,8.0,8.0,9.0,8.78,1868.0,1330.0,538.0,8596.0,8.0,8.0,9.0,14.87,2413.0,983.0,1430.0,11009.0,11.0,11.0,11.0,7.69,2555.0,1168.0,1387.0,13564.0,15.0,16.0,16.0,10.81,3311.0,1435.0,1876.0,16875.0,15.0,17.0,19.0,8.0,,,,,,,,,,,,,,,,,,,,,,,,,
dd8bb7c8-4f94-4b9d-b0b8-2383b3982858,2025-11-22 11:57:53 UTC,False,21508.0,CFOP,Gan 12 UI Maglev,RandomForest,5773.0,21508.0,,,gan12,custom_rules,,,,8.0,0.0,0.0,21508.0,86.0,86.0,97.0,4.0,5985.0,15523.0,2255.0,0.0,2255.0,2255.0,8.0,8.0,9.0,3.55,3756.0,185.0,3571.0,6011.0,11.0,11.0,14.0,3.08,4383.0,1628.0,2755.0,10394.0,13.0,13.0,15.0,4.72,2337.0,1112.0,1225.0,12731.0,12.0,12.0,13.0,9.8,2165.0,797.0,1368.0,14896.0,12.0,12.0,13.0,8.77,3272.0,1160.0,2112.0,18168.0,13.0,13.0,15.0,6.16,3340.0,1103.0,2237.0,21508.0,18.0,18.0,18.0,8.05,,,,,,,,,,,,,,,,,,,,,,,,,
5ac75e51-665b-4b30-9705-5f67b449ff33,2025-11-22 11:58:32 UTC,False,18952.0,CFOP,Gan 12 UI Maglev,RandomForest,12031.0,18952.0,,,gan12,custom_rules,,,,8.0,0.0,0.0,18952.0,81.0,83.0,93.0,4.27,5920.0,13032.0,1601.0,0.0,1601.0,1601.0,6.0,6.0,8.0,3.75,6071.0,395.0,5676.0,7672.0,26.0,27.0,30.0,4.58,2007.0,1201.0,806.0,9679.0,7.0,8.0,9.0,8.68,3634.0,1732.0,1902.0,13313.0,9.0,9.0,10.0,4.73,1217.0,902.0,315.0,14530.0,5.0,5.0,6.0,15.87,1417.0,757.0,660.0,15947.0,8.0,8.0,8.0,12.12,3005.0,933.0,2072.0,18952.0,20.0,20.0,22.0,9.65,,,,,,,,,,,,,,,,,,,,,,,,,
699328ec-8d45-41a0-8017-b1d562d5e02e,2025-11-22 11:59:40 UTC,False,16816.0,CFOP,Gan 12 UI Maglev,RandomForest,5496.0,16816.0,,,gan12,custom_rules,,,,8.0,0.0,0.0,16816.0,74.0,79.0,90.0,4.4,6520.0,10296.0,1329.0,0.0,1329.0,1329.0,6.0,6.0,9.0,4.51,4099.0,1481.0,2618.0,5428.0,12.0,12.0,13.0,4.58,1411.0,476.0,935.0,6839.0,7.0,7.0,8.0,7.49,2194.0,1155.0,1039.0,9033.0,8.0,8.0,10.0,7.7,1181.0,359.0,822.0,10214.0,12.0,12.0,12.0,14.6,2605.0,1482.0,1123.0,12819.0,11.0,13.0,15.0,9.8,3997.0,1567.0,2430.0,16816.0,18.0,21.0,23.0,7.41,,,,,,,,,,,,,,,,,,,,,,,,,
bedae6ee-6e44-4c2f-8e22-078ba8c51eb5,2025-11-22 12:00:27 UTC,False,14641.0,CFOP,Gan 12 UI Maglev,RandomForest,22381.0,14641.0,,,gan12,custom_rules,,,,8.0,0.0,0.0,14641.0,68.0,69.0,79.0,4.64,4377.0,10264.0,4156.0,0.0,4156.0,4156.0,15.0,15.0,16.0,3.61,0.0,0.0,0.0,4156.0,0.0,0.0,0.0,0.0,2137.0,1138.0,999.0,6293.0,8.0,8.0,10.0,8.01,1945.0,647.0,1298.0,8238.0,9.0,9.0,9.0,6.93,1367.0,835.0,532.0,9605.0,8.0,8.0,8.0,15.04,1834.0,867.0,967.0,11439.0,11.0,11.0,14.0,11.38,3202.0,890.0,2312.0,14641.0,17.0,18.0,22.0,7.35,,,,,,,,,,,,,,,,,,,,,,,,,
e7e037de-b2c8-47f9-9a70-6876f2cf3f7a,2025-11-22 12:01:13 UTC,False,16917.0,CFOP,Gan 12 UI Maglev,RandomForest,21123.0,16917.0,,,gan12,custom_rules,,,,8.0,0.0,0.0,16917.0,74.0,75.0,89.0,4.37,6046.0,10871.0,2803.0,0.0,2803.0,2803.0,5.0,5.0,8.0,1.78,3072.0,1384.0,1688.0,5875.0,9.0,9.0,10.0,5.33,1578.0,596.0,982.0,7453.0,8.0,8.0,8.0,8.15,1792.0,749.0,1043.0,9245.0,8.0,8.0,10.0,7.67,1723.0,941.0,782.0,10968.0,9.0,9.0,10.0,11.51,2880.0,1337.0,1543.0,13848.0,18.0,18.0,20.0,11.67,3069.0,1039.0,2030.0,16917.0,17.0,18.0,23.0,8.37,,,,,,,,,,,,,,,,,,,,,,,,,
eb771101-a854-4819-8b4f-228abde29c9d,2025-11-22 12:02:09 UTC,False,22488.0,CFOP,Gan 12 UI Maglev,RandomForest,24603.0,22488.0,,,gan12,custom_rules,,,,8.0,0.0,0.0,22488.0,102.0,104.0,119.0,4.54,6260.0,16050.0,1328.0,0.0,1328.0,1506.0,6.0,7.0,9.0,4.52,2914.0,1615.0,1299.0,4420.0,9.0,10.0,10.0,6.93,1456.0,440.0,1016.0,5876.0,8.0,8.0,10.0,7.87,2851.0,1577.0,1274.0,8727.0,12.0,12.0,13.0,9.42,6909.0,98.0,6811.0,15636.0,33.0,33.0,36.0,4.85,4642.0,1621.0,3021.0,20278.0,19.0,19.0,24.0,6.29,2210.0,909.0,1301.0,22488.0,16.0,16.0,17.0,12.3,,,,,,,,,,,,,,,,,,,,,,,,,
7ffc329c-1418-48dc-8f43-38b7b08dfe0c,2025-11-22 12:02:41 UTC,False,15181.0,CFOP,Gan 12 UI Maglev,RandomForest,7119.0,15181.0,,,gan12,custom_rules,,,,8.0,0.0,0.0,15181.0,67.0,72.0,83.0,4.41,5199.0,9917.0,1378.0,0.0,1378.0,1443.0,8.0,8.0,9.0,5.81,3561.0,637.0,2924.0,5004.0,10.0,10.0,12.0,3.42,1400.0,546.0,854.0,6404.0,9.0,10.0,10.0,10.54,2192.0,1265.0,927.0,8596.0,8.0,8.0,8.0,8.63,1816.0,930.0,886.0,10412.0,11.0,11.0,12.0,12.42,2385.0,878.0,1507.0,12797.0,12.0,12.0,14.0,7.96,2384.0,943.0,1441.0,15181.0,9.0,13.0,18.0,6.25,,,,,,,,,,,,,,,,,,,,,,,,,
07f26ae3-9dfa-420d-9a36-bc80affbeda3,2025-11-22 12:03:21 UTC,False,17619.0,CFOP,Gan 12 UI Maglev,RandomForest,8677.0,17619.0,,,gan12,custom_rules,,,,8.0,0.0,0.0,17619.0,67.0,68.0,78.0,3.8,6332.0,11287.0,2659.0,0.0,2659.0,2659.0,8.0,8.0,10.0,3.01,5213.0,1444.0,3769.0,7872.0,16.0,16.0,19.0,4.25,1644.0,289.0,1355.0,9516.0,7.0,7.0,7.0,5.17,1641.0,1448.0,193.0,11157.0,5.0,5.0,6.0,25.91,2066.0,700.0,1366.0,13223.0,11.0,11.0,12.0,8.05,1384.0,796.0,588.0,14607.0,9.0,9.0,9.0,15.31,3012.0,1655.0,1357.0,17619.0,12.0,12.0,15.0,8.84,,,,,,,,,,,,,,,,,,,,,,,,,
837c92c4-d9d7-43aa-bb93-61a371207d47,2025-11-22 12:04:10 UTC,False,13365.0,CFOP,Gan 12 UI Maglev,RandomForest,24843.0,13365.0,,,gan12,custom_rules,,,,8.0,0.0,0.0,13365.0,62.0,62.0,70.0,4.64,5923.0,7442.0,516.0,0.0,516.0,516.0,4.0,4.0,4.0,7.75,1632.0,838.0,794.0,2148.0,8.0,8.0,9.0,10.08,2299.0,1501.0,798.0,4447.0,7.0,7.0,8.0,8.77,2159.0,878.0,1281.0,6606.0,8.0,8.0,9.0,6.25,2303.0,647.0,1656.0,8909.0,11.0,11.0,14.0,6.64,1979.0,919.0,1060.0,10888.0,10.0,10.0,10.0,9.43,2477.0,1140.0,1337.0,13365.0,15.0,15.0,16.0,11.22,,,,,,,,,,,,,,,,,,,,,,,,,
19855b43-631c-48ae-9923-ca8d5295586c,2025-11-22 12:04:59 UTC,False,28867.0,CFOP,Gan 12 UI Maglev,RandomForest,11534.0,28867.0,,,gan12,custom_rules,,,,8.0,0.0,0.0,28867.0,80.0,81.0,97.0,2.77,13235.0,15519.0,7024.0,0.0,7024.0,7137.0,16.0,17.0,20.0,2.28,2706.0,1481.0,1225.0,9843.0,8.0,8.0,10.0,6.53,2517.0,1841.0,676.0,12360.0,6.0,6.0,7.0,8.88,3268.0,2623.0,645.0,15628.0,11.0,11.0,12.0,17.05,7343.0,5261.0,2082.0,22971.0,9.0,9.0,11.0,4.32,3074.0,973.0,2101.0,26045.0,13.0,13.0,16.0,6.19,2822.0,1056.0,1766.0,28867.0,17.0,17.0,21.0,9.63,,,,,,,,,,,,,,,,,,,,,,,,,
fe30fde9-a98e-4054-a014-a9914e9624bd,2025-11-22 12:06:00 UTC,False,45164.0,CFOP,Gan 12 UI Maglev,RandomForest,6152.0,45164.0,,,gan12,custom_rules,,,,8.0,0.0,0.0,45164.0,96.0,96.0,109.0,2.13,12505.0,32659.0,2491.0,0.0,2491.0,2491.0,8.0,8.0,9.0,3.21,10850.0,5281.0,5569.0,13341.0,9.0,9.0,9.0,1.62,15382.0,2316.0,13066.0,28723.0,30.0,30.0,32.0,2.3,8489.0,1778.0,6711.0,37212.0,17.0,17.0,21.0,2.53,2309.0,781.0,1528.0,39521.0,11.0,11.0,11.0,7.2,1595.0,975.0,620.0,41116.0,8.0,8.0,10.0,12.9,4048.0,1374.0,2674.0,45164.0,13.0,13.0,17.0,4.86,,,,,,,,,,,,,,,,,,,,,,,,,
6b9b51e0-8708-46de-bd10-9728b1b31665,2025-11-22 12:06:31 UTC,False,15516.0,CFOP,Gan 12 UI Maglev,RandomForest,4772.0,15516.0,,,gan12,custom_rules,,,,8.0,0.0,0.0,15516.0,50.0,57.0,73.0,3.22,7068.0,8448.0,1729.0,0.0,1729.0,1729.0,5.0,5.0,7.0,2.89,1602.0,887.0,715.0,3331.0,6.0,7.0,7.0,8.39,2230.0,539.0,1691.0,5561.0,9.0,9.0,9.0,5.32,2209.0,1991.0,218.0,7770.0,4.0,4.0,7.0,18.35,1704.0,584.0,1120.0,9474.0,7.0,7.0,10.0,6.25,3474.0,1664.0,1810.0,12948.0,11.0,13.0,16.0,6.08,2568.0,1403.0,1165.0,15516.0,8.0,12.0,17.0,6.87,,,,,,,,,,,,,,,,,,,,,,,,,
6af3d070-1a92-4cae-aadf-0425196b34ce,2025-11-22 12:07:16 UTC,False,16332.0,CFOP,Gan 12 UI Maglev,RandomForest,19581.0,16332.0,,,gan12,custom_rules,,,,8.0,0.0,0.0,16332.0,67.0,70.0,75.0,4.1,5220.0,11112.0,2480.0,0.0,2480.0,2480.0,8.0,10.0,11.0,3.23,0.0,0.0,0.0,2480.0,0.0,0.0,0.0,0.0,2255.0,774.0,1481.0,4735.0,9.0,10.0,11.0,6.08,2440.0,1117.0,1323.0,7175.0,9.0,9.0,10.0,6.8,3332.0,1130.0,2202.0,10507.0,10.0,10.0,10.0,4.54,2100.0,1016.0,1084.0,12607.0,12.0,12.0,13.0,11.07,3725.0,1183.0,2542.0,16332.0,19.0,19.0,20.0,7.47,,,,,,,,,,,,,,,,,,,,,,,,,
85b2d2e4-e0d7-4853-8f16-7733ddf1fff9,2025-11-22 12:07:45 UTC,False,15884.0,CFOP,Gan 12 UI Maglev,RandomForest,4740.0,15884.0,,,gan12,custom_rules,,,,8.0,0.0,0.0,15884.0,67.0,69.0,77.0,4.22,5131.0,10753.0,999.0,0.0,999.0,999.0,5.0,5.0,7.0,5.01,2848.0,1123.0,1725.0,3847.0,11.0,11.0,11.0,6.38,3193.0,81.0,3112.0,7040.0,14.0,14.0,14.0,4.5,2365.0,637.0,1728.0,9405.0,9.0,10.0,11.0,5.21,735.0,588.0,147.0,10140.0,3.0,3.0,3.0,20.41,1804.0,878.0,926.0,11944.0,10.0,10.0,10.0,10.8,3940.0,1824.0,2116.0,15884.0,17.0,18.0,21.0,8.03,,,,,,,,,,,,,,,,,,,,,,,,,
90be5dac-d6d5-4253-835d-a16dec249107,2025-11-22 12:08:37 UTC,False,15005.0,CFOP,Gan 12 UI Maglev,RandomForest,20903.0,15005.0,,,gan12,custom_rules,,,,8.0,0.0,0.0,15005.0,64.0,71.0,85.0,4.27,4571.0,10434.0,4662.0,0.0,4662.0,4662.0,21.0,22.0,24.0,4.5,0.0,0.0,0.0,4662.0,0.0,0.0,0.0,0.0,1948.0,282.0,1666.0,6610.0,11.0,11.0,11.0,6.6,3620.0,1778.0,1842.0,10230.0,10.0,11.0,13.0,5.43,878.0,588.0,290.0,11108.0,5.0,5.0,5.0,17.24,1785.0,834.0,951.0,12893.0,11.0,11.0,12.0,11.57,2112.0,1089.0,1023.0,15005.0,7.0,11.0,20.0,6.84,,,,,,,,,,,,,,,,,,,,,,,,,
53f90b16-34e8-4d3a-9caa-08252837b6b5,2025-11-22 12:09:06 UTC,False,16142.0,CFOP,Gan 12 UI Maglev,RandomForest,3763.0,16142.0,,,gan12,custom_rules,,,,8.0,0.0,0.0,16142.0,59.0,60.0,67.0,3.66,7449.0,8693.0,2111.0,0.0,2111.0,2111.0,6.0,6.0,6.0,2.84,2172.0,1158.0,1014.0,4283.0,6.0,7.0,7.0,5.92,1871.0,847.0,1024.0,6154.0,11.0,11.0,12.0,10.74,3774.0,2017.0,1757.0,9928.0,7.0,7.0,7.0,3.98,1562.0,1063.0,499.0,11490.0,7.0,7.0,7.0,14.03,2501.0,1422.0,1079.0,13991.0,12.0,12.0,15.0,11.12,2151.0,942.0,1209.0,16142.0,10.0,10.0,13.0,8.27,,,,,,,,,,,,,,,,,,,,,,,,,
448ba06e-6dc1-4db3-9daf-502fc446e9fa,2025-11-22 12:11:11 UTC,False,17403.0,CFOP,Gan 12 UI Maglev,RandomForest,5717.0,17403.0,,,gan12,custom_rules,,,,8.0,0.0,0.0,17403.0,63.0,66.0,75.0,3.62,8677.0,8726.0,3305.0,0.0,3305.0,3305.0,10.0,10.0,12.0,3.03,1569.0,1385.0,184.0,4874.0,4.0,4.0,4.0,21.74,4081.0,3122.0,959.0,8955.0,10.0,10.0,11.0,10.43,2164.0,1431.0,733.0,11119.0,8.0,8.0,9.0,10.91,1750.0,888.0,862.0,12869.0,7.0,7.0,10.0,8.12,1822.0,742.0,1080.0,14691.0,10.0,11.0,11.0,9.26,2712.0,1109.0,1603.0,17403.0,14.0,16.0,18.0,8.73,,,,,,,,,,,,,,,,,,,,,,,,,
5e0e3d69-5fa4-49ab-9176-defb41e212ed,2025-11-22 12:11:42 UTC,False,13657.0,CFOP,Gan 12 UI Maglev,RandomForest,8176.0,13657.0,,,gan12,custom_rules,,,,8.0,0.0,0.0,13657.0,64.0,66.0,78.0,4.69,5104.0,8553.0,1192.0,0.0,1192.0,1192.0,6.0,6.0,6.0,5.03,1507.0,1394.0,113.0,2699.0,4.0,4.0,5.0,35.4,3005.0,531.0,2474.0,5704.0,11.0,11.0,13.0,4.45,1715.0,377.0,1338.0,7419.0,9.0,10.0,12.0,6.73,2204.0,884.0,1320.0,9623.0,10.0,10.0,13.0,7.58,1713.0,814.0,899.0,11336.0,10.0,10.0,10.0,11.12,2321.0,1104.0,1217.0,13657.0,15.0,16.0,19.0,12.33,,,,,,,,,,,,,,,,,,,,,,,,,
79b96caf-31c0-4765-83ed-4951e520dfb6,2025-11-22 12:12:19 UTC,False,16956.0,CFOP,Gan 12 UI Maglev,RandomForest,7132.0,16956.0,,,gan12,custom_rules,,,,8.0,0.0,0.0,16956.0,71.0,72.0,85.0,4.19,5922.0,11034.0,1656.0,0.0,1656.0,1656.0,6.0,6.0,8.0,3.62,1836.0,822.0,1014.0,3492.0,7.0,8.0,8.0,6.9,1785.0,580.0,1205.0,5277.0,11.0,11.0,13.0,9.13,1294.0,758.0,536.0,6571.0,6.0,6.0,7.0,11.19,4726.0,1585.0,3141.0,11297.0,14.0,14.0,17.0,4.46,2707.0,831.0,1876.0,14004.0,10.0,10.0,13.0,5.33,2952.0,1346.0,1606.0,16956.0,17.0,17.0,19.0,10.59,,,,,,,,,,,,,,,,,,,,,,,,,
0c91f451-83ef-41df-900a-bc52a601bcbe,2025-11-22 12:13:00 UTC,False,19908.0,CFOP,Gan 12 UI Maglev,RandomForest,11303.0,19908.0,,,gan12,custom_rules,,,,8.0,0.0,0.0,19908.0,82.0,83.0,96.0,4.12,6063.0,13845.0,5093.0,0.0,5093.0,5093.0,22.0,22.0,25.0,4.32,0.0,0.0,0.0,5093.0,0.0,0.0,0.0,0.0,5625.0,1979.0,3646.0,10718.0,15.0,15.0,18.0,4.11,2362.0,802.0,1560.0,13080.0,10.0,10.0,12.0,6.41,2089.0,878.0,1211.0,15169.0,12.0,12.0,13.0,9.91,1948.0,1167.0,781.0,17117.0,8.0,8.0,10.0,10.24,2791.0,1237.0,1554.0,19908.0,15.0,16.0,18.0,9.65,,,,,,,,,,,,,,,,,,,,,,,,,
d510e36a-d108-4520-8d9c-ad36139f4913,2025-11-22 12:13:45 UTC,False,18002.0,CFOP,Gan 12 UI Maglev,RandomForest,18219.0,18002.0,,,gan12,custom_rules,,,,8.0,0.0,0.0,18002.0,70.0,76.0,89.0,3.89,4180.0,13822.0,4663.0,0.0,4663.0,4663.0,18.0,21.0,27.0,3.86,0.0,0.0,0.0,4663.0,0.0,0.0,0.0,0.0,1468.0,816.0,652.0,6131.0,7.0,7.0,8.0,10.74,3775.0,496.0,3279.0,9906.0,8.0,9.0,9.0,2.44,2537.0,1036.0,1501.0,12443.0,12.0,12.0,13.0,7.99,2306.0,831.0,1475.0,14749.0,10.0,10.0,13.0,6.78,3253.0,1001.0,2252.0,18002.0,15.0,17.0,19.0,6.66,,,,,,,,,,,,,,,,,,,,,,,,,
4355d7b0-795f-4f93-a5c8-68647ed16df9,2025-11-22 12:14:21 UTC,False,12645.0,CFOP,Gan 12 UI Maglev,RandomForest,14806.0,12645.0,,,gan12,custom_rules,,,,8.0,0.0,0.0,12645.0,61.0,63.0,70.0,4.82,4672.0,7973.0,3044.0,0.0,3044.0,3044.0,11.0,11.0,12.0,3.61,0.0,0.0,0.0,3044.0,0.0,0.0,0.0,0.0,1662.0,1171.0,491.0,4706.0,8.0,8.0,8.0,16.29,1390.0,734.0,656.0,6096.0,7.0,7.0,8.0,10.67,1414.0,701.0,713.0,7510.0,7.0,7.0,9.0,9.82,2653.0,943.0,1710.0,10163.0,13.0,13.0,13.0,7.6,2482.0,1123.0,1359.0,12645.0,15.0,17.0,20.0,11.04,,,,,,,,,,,,,,,,,,,,,,,,,
ff58b2d3-9151-4cce-bc3c-66a3a56834c8,2025-11-22 12:15:13 UTC,False,27598.0,CFOP,Gan 12 UI Maglev,RandomForest,12002.0,27598.0,,,gan12,custom_rules,,,,8.0,0.0,0.0,27598.0,82.0,90.0,103.0,2.97,7787.0,19811.0,12512.0,0.0,12512.0,12512.0,31.0,33.0,36.0,2.48,0.0,0.0,0.0,12512.0,0.0,0.0,0.0,0.0,2313.0,1540.0,773.0,14825.0,8.0,8.0,9.0,10.35,5816.0,2471.0,3345.0,20641.0,16.0,16.0,18.0,4.78,2226.0,991.0,1235.0,22867.0,8.0,8.0,8.0,6.48,2366.0,1262.0,1104.0,25233.0,11.0,13.0,15.0,9.96,2365.0,1523.0,842.0,27598.0,8.0,12.0,17.0,9.5,,,,,,,,,,,,,,,,,,,,,,,,,
65617d7b-a0f4-41cf-bf1e-6f751abe78e0,2025-11-22 12:16:01 UTC,False,27508.0,CFOP,Gan 12 UI Maglev,RandomForest,11864.0,27508.0,,,gan12,custom_rules,,,,8.0,0.0,0.0,27508.0,79.0,94.0,123.0,2.87,7906.0,19602.0,3845.0,0.0,3845.0,3845.0,7.0,7.0,10.0,1.82,2920.0,1847.0,1073.0,6765.0,8.0,8.0,9.0,7.46,1353.0,644.0,709.0,8118.0,6.0,6.0,8.0,8.46,3447.0,2415.0,1032.0,11565.0,9.0,9.0,14.0,8.72,1269.0,1060.0,209.0,12834.0,4.0,4.0,4.0,19.14,2642.0,870.0,1772.0,15476.0,17.0,17.0,17.0,9.59,12032.0,1070.0,10962.0,27508.0,28.0,43.0,61.0,2.55,,,,,,,,,,,,,,,,,,,,,,,,,
022d6acb-2a2e-4ec4-a20a-a041bd2be328,2025-11-22 12:16:36 UTC,False,20157.0,CFOP,Gan 12 UI Maglev,RandomForest,4082.0,20157.0,,,gan12,custom_rules,,,,8.0,0.0,0.0,20157.0,77.0,79.0,94.0,3.82,6422.0,13735.0,1665.0,0.0,1665.0,1665.0,6.0,6.0,7.0,3.6,4436.0,668.0,3768.0,6101.0,14.0,14.0,15.0,3.72,3496.0,274.0,3222.0,9597.0,14.0,14.0,16.0,4.35,3129.0,2178.0,951.0,12726.0,8.0,8.0,12.0,8.41,1766.0,911.0,855.0,14492.0,8.0,8.0,9.0,9.36,2803.0,1378.0,1425.0,17295.0,15.0,15.0,18.0,10.53,2862.0,1013.0,1849.0,20157.0,13.0,14.0,17.0,7.03,,,,,,,,,,,,,,,,,,,,,,,,,
56e0dd96-71ba-4c10-b98d-ac3b74b51b82,2025-11-22 12:17:07 UTC,False,17260.0,CFOP,Gan 12 UI Maglev,RandomForest,4283.0,17260.0,,,gan12,custom_rules,,,,8.0,0.0,0.0,17260.0,69.0,76.0,87.0,4.0,6914.0,10346.0,1635.0,0.0,1635.0,1635.0,8.0,8.0,9.0,4.89,1698.0,443.0,1255.0,3333.0,8.0,8.0,9.0,6.37,3169.0,2283.0,886.0,6502.0,7.0,7.0,7.0,7.9,1928.0,744.0,1184.0,8430.0,10.0,11.0,12.0,8.45,1974.0,849.0,1125.0,10404.0,8.0,8.0,9.0,7.11,4254.0,1511.0,2743.0,14658.0,19.0,21.0,23.0,6.93,2602.0,1084.0,1518.0,17260.0,9.0,13.0,18.0,5.93,,,,,,,,,,,,,,,,,,,,,,,,,
f56dd9e5-4120-49ba-be2e-701132ac08b5,2025-11-22 12:17:47 UTC,False,21980.0,CFOP,Gan 12 UI Maglev,RandomForest,7802.0,21980.0,,,gan12,custom_rules,,,,8.0,0.0,0.0,21980.0,71.0,72.0,84.0,3.23,7220.0,14760.0,4015.0,0.0,4015.0,4015.0,9.0,9.0,11.0,2.24,2343.0,533.0,1810.0,6358.0,9.0,9.0,9.0,4.97,2491.0,1822.0,669.0,8849.0,8.0,8.0,11.0,11.96,2985.0,1880.0,1105.0,11834.0,6.0,6.0,6.0,5.43,1469.0,664.0,805.0,13303.0,8.0,8.0,8.0,9.94,1314.0,653.0,661.0,14617.0,6.0,6.0,6.0,9.08,7363.0,1668.0,5695.0,21980.0,25.0,26.0,33.0,4.39,,,,,,,,,,,,,,,,,,,,,,,,,
1b652b93-c264-43d7-8664-4076e1c873cd,2025-11-22 12:18:40 UTC,False,15436.0,CFOP,Gan 12 UI Maglev,RandomForest,27392.0,15436.0,,,gan12,custom_rules,,,,8.0,0.0,0.0,15436.0,59.0,63.0,79.0,3.82,5703.0,9733.0,1055.0,0.0,1055.0,1055.0,5.0,5.0,6.0,4.74,3378.0,1140.0,2238.0,4433.0,9.0,9.0,11.0,4.02,1879.0,1387.0,492.0,6312.0,8.0,8.0,9.0,16.26,3234.0,1430.0,1804.0,9546.0,12.0,12.0,14.0,6.65,1841.0,233.0,1608.0,11387.0,7.0,7.0,7.0,4.35,1741.0,663.0,1078.0,13128.0,9.0,9.0,14.0,8.35,2308.0,850.0,1458.0,15436.0,9.0,13.0,18.0,6.17,,,,,,,,,,,,,,,,,,,,,,,,,
9a5b3e4b-d251-4e12-8f99-866439600574,2025-11-22 12:19:26 UTC,False,21210.0,CFOP,Gan 12 UI Maglev,RandomForest,14174.0,21210.0,,,gan12,custom_rules,,,,8.0,0.0,0.0,21210.0,70.0,70.0,85.0,3.3,7636.0,13574.0,2721.0,0.0,2721.0,2721.0,9.0,9.0,9.0,3.31,2225.0,120.0,2105.0,4946.0,11.0,11.0,13.0,5.23,4969.0,427.0,4542.0,9915.0,14.0,14.0,16.0,3.08,3420.0,1793.0,1627.0,13335.0,13.0,13.0,15.0,7.99,1543.0,1302.0,241.0,14878.0,5.0,5.0,6.0,20.75,2510.0,1655.0,855.0,17388.0,8.0,8.0,11.0,9.36,3822.0,2339.0,1483.0,21210.0,11.0,11.0,15.0,7.42,,,,,,,,,,,,,,,,,,,,,,,,,
e663b6ec-e6af-47b5-8e17-247cadf9bd9c,2025-11-22 12:19:52 UTC,False,13895.0,CFOP,Gan 12 UI Maglev,RandomForest,3455.0,13895.0,,,gan12,custom_rules,,,,8.0,0.0,0.0,13895.0,67.0,67.0,78.0,4.82,5393.0,8502.0,1104.0,0.0,1104.0,1104.0,5.0,5.0,6.0,4.53,1381.0,534.0,847.0,2485.0,8.0,8.0,10.0,9.45,1121.0,587.0,534.0,3606.0,8.0,8.0,8.0,14.98,2075.0,1084.0,991.0,5681.0,8.0,8.0,10.0,8.07,1931.0,1109.0,822.0,7612.0,8.0,8.0,9.0,9.73,2696.0,863.0,1833.0,10308.0,10.0,10.0,13.0,5.46,3587.0,1216.0,2371.0,13895.0,20.0,20.0,22.0,8.44,,,,,,,,,,,,,,,,,,,,,,,,,
5f06fd2f-30bb-469e-83e5-e35406a7eaba,2025-11-22 12:20:30 UTC,False,19102.0,CFOP,Gan 12 UI Maglev,RandomForest,4253.0,19102.0,,,gan12,custom_rules,,,,8.0,0.0,0.0,19102.0,88.0,90.0,101.0,4.61,6837.0,12265.0,2004.0,0.0,2004.0,2004.0,7.0,7.0,10.0,3.49,2764.0,725.0,2039.0,4768.0,12.0,12.0,13.0,5.89,2003.0,980.0,1023.0,6771.0,7.0,7.0,8.0,6.84,3585.0,444.0,3141.0,10356.0,23.0,24.0,24.0,7.32,3719.0,2369.0,1350.0,14075.0,11.0,11.0,12.0,8.15,1788.0,854.0,934.0,15863.0,12.0,12.0,13.0,12.85,3239.0,1465.0,1774.0,19102.0,16.0,17.0,21.0,9.02,,,,,,,,,,,,,,,,,,,,,,,,,
53c84988-1cf5-4f5b-abb3-461c11307ad8,2025-11-22 12:21:12 UTC,False,13810.0,CFOP,Gan 12 UI Maglev,RandomForest,11232.0,13810.0,,,gan12,custom_rules,,,,8.0,0.0,0.0,13810.0,58.0,64.0,72.0,4.2,4854.0,8730.0,1561.0,0.0,1561.0,1787.0,6.0,7.0,7.0,3.84,2409.0,1361.0,1048.0,4196.0,8.0,8.0,9.0,7.63,2406.0,436.0,1970.0,6602.0,11.0,11.0,12.0,5.58,1672.0,886.0,786.0,8274.0,5.0,6.0,6.0,6.36,1087.0,249.0,838.0,9361.0,7.0,7.0,7.0,8.35,2524.0,835.0,1689.0,11885.0,14.0,14.0,14.0,8.29,1925.0,1087.0,838.0,13810.0,8.0,12.0,17.0,9.55,,,,,,,,,,,,,,,,,,,,,,,,,
f614397c-ee5c-44d2-a38e-4c6058c2ee8d,2025-11-22 12:21:45 UTC,False,15585.0,CFOP,Gan 12 UI Maglev,RandomForest,8704.0,15585.0,,,gan12,custom_rules,,,,8.0,0.0,0.0,15585.0,67.0,71.0,87.0,4.3,5842.0,9743.0,1370.0,0.0,1370.0,1370.0,7.0,7.0,8.0,5.11,2523.0,1725.0,798.0,3893.0,8.0,8.0,10.0,10.03,3309.0,471.0,2838.0,7202.0,11.0,11.0,12.0,3.88,3059.0,708.0,2351.0,10261.0,16.0,16.0,17.0,6.81,1488.0,1029.0,459.0,11749.0,7.0,7.0,7.0,15.25,1828.0,871.0,957.0,13577.0,12.0,12.0,13.0,12.54,2008.0,1038.0,970.0,15585.0,7.0,11.0,20.0,7.22,,,,,,,,,,,,,,,,,,,,,,,,,
4db2f1b7-dd70-49d8-aaa2-efda2023ab0e,2025-11-22 12:22:22 UTC,False,16494.0,CFOP,Gan 12 UI Maglev,RandomForest,11717.0,16494.0,,,gan12,custom_rules,,,,8.0,0.0,0.0,16494.0,81.0,82.0,88.0,4.91,5608.0,10886.0,2003.0,0.0,2003.0,2003.0,8.0,9.0,11.0,3.99,3312.0,612.0,2700.0,5315.0,19.0,19.0,19.0,7.04,3059.0,2326.0,733.0,8374.0,8.0,8.0,8.0,10.91,2398.0,508.0,1890.0,10772.0,10.0,10.0,11.0,5.29,1745.0,682.0,1063.0,12517.0,10.0,10.0,11.0,9.41,1192.0,507.0,685.0,13709.0,8.0,8.0,8.0,11.68,2785.0,973.0,1812.0,16494.0,19.0,19.0,20.0,10.49,,,,,,,,,,,,,,,,,,,,,,,,,
8fa1366f-646e-4896-b627-fef9b6ebe5d5,2025-11-22 12:22:57 UTC,False,17108.0,CFOP,Gan 12 UI Maglev,RandomForest,8026.0,17108.0,,,gan12,custom_rules,,,,8.0,0.0,0.0,17108.0,80.0,83.0,86.0,4.68,6281.0,10827.0,781.0,0.0,781.0,781.0,5.0,5.0,5.0,6.4,2848.0,1411.0,1437.0,3629.0,13.0,13.0,13.0,9.05,2578.0,411.0,2167.0,6207.0,14.0,14.0,14.0,6.46,2524.0,779.0,1745.0,8731.0,12.0,12.0,12.0,6.88,2542.0,926.0,1616.0,11273.0,8.0,8.0,9.0,4.95,3135.0,1712.0,1423.0,14408.0,13.0,15.0,15.0,9.14,2700.0,1042.0,1658.0,17108.0,15.0,16.0,18.0,9.05,,,,,,,,,,,,,,,,,,,,,,,,,
0c42e2e1-53aa-463c-869f-890f5612bf17,2025-11-22 12:23:31 UTC,False,14921.0,CFOP,Gan 12 UI Maglev,RandomForest,10711.0,14921.0,,,gan12,custom_rules,,,,8.0,0.0,0.0,14921.0,49.0,50.0,55.0,3.28,6690.0,8231.0,2546.0,0.0,2546.0,2546.0,8.0,8.0,8.0,3.14,2577.0,1112.0,1465.0,5123.0,8.0,8.0,9.0,5.46,1580.0,992.0,588.0,6703.0,6.0,6.0,7.0,10.2,2835.0,1266.0,1569.0,9538.0,10.0,11.0,12.0,6.37,2807.0,2049.0,758.0,12345.0,8.0,8.0,10.0,10.55,2039.0,734.0,1305.0,14384.0,8.0,8.0,8.0,6.13,537.0,537.0,0.0,14921.0,1.0,1.0,1.0,,,,,,,,,,,,,,,,,,,,,,,,,,
883d6e89-bc24-4172-ab8b-f5a3e436c4df,2025-11-22 12:24:09 UTC,False,16325.0,CFOP,Gan 12 UI Maglev,RandomForest,9784.0,16325.0,,,gan12,custom_rules,,,,8.0,0.0,0.0,16325.0,59.0,63.0,76.0,3.61,7409.0,8916.0,1728.0,0.0,1728.0,1728.0,8.0,8.0,8.0,4.63,3353.0,435.0,2918.0,5081.0,11.0,11.0,13.0,3.77,2809.0,2028.0,781.0,7890.0,9.0,9.0,9.0,11.52,1717.0,983.0,734.0,9607.0,7.0,7.0,8.0,9.54,2708.0,1573.0,1135.0,12315.0,8.0,8.0,12.0,7.05,1794.0,1068.0,726.0,14109.0,7.0,7.0,8.0,9.64,2216.0,1322.0,894.0,16325.0,9.0,13.0,18.0,10.07,,,,,,,,,,,,,,,,,,,,,,,,,
360ed4c7-21bf-4c01-8d8e-1fe8a8e237d1,2025-11-22 12:24:41 UTC,False,15652.0,CFOP,Gan 12 UI Maglev,RandomForest,7994.0,15652.0,,,gan12,custom_rules,,,,8.0,0.0,0.0,15652.0,69.0,70.0,81.0,4.41,5364.0,10288.0,2344.0,0.0,2344.0,2344.0,8.0,8.0,8.0,3.41,1373.0,459.0,914.0,3717.0,8.0,8.0,9.0,8.75,1132.0,394.0,738.0,4849.0,8.0,8.0,9.0,10.84,2216.0,1048.0,1168.0,7065.0,8.0,8.0,10.0,6.85,2333.0,1100.0,1233.0,9398.0,11.0,11.0,11.0,8.92,1701.0,1048.0,653.0,11099.0,8.0,8.0,9.0,12.25,4553.0,1315.0,3238.0,15652.0,19.0,19.0,25.0,5.87,,,,,,,,,,,,,,,,,,,,,,,,,
cc06ebdc-8632-49ee-b8af-daf645b70897,2025-11-22 12:25:10 UTC,False,14993.0,CFOP,Gan 12 UI Maglev,RandomForest,5900.0,14993.0,,,gan12,custom_rules,,,,8.0,0.0,0.0,14993.0,61.0,67.0,76.0,4.07,6345.0,8648.0,1625.0,0.0,1625.0,1625.0,7.0,8.0,8.0,4.31,2178.0,491.0,1687.0,3803.0,9.0,10.0,11.0,5.33,3623.0,1569.0,2054.0,7426.0,11.0,11.0,12.0,5.36,2053.0,1312.0,741.0,9479.0,9.0,9.0,10.0,12.15,2217.0,1565.0,652.0,11696.0,8.0,8.0,9.0,12.27,1376.0,661.0,715.0,13072.0,8.0,8.0,8.0,11.19,1921.0,747.0,1174.0,14993.0,9.0,13.0,18.0,7.67,,,,,,,,,,,,,,,,,,,,,,,,,
e24c751d-b004-4cc7-9362-8e7207345096,2025-11-22 12:25:44 UTC,False,17662.0,CFOP,Gan 12 UI Maglev,RandomForest,7502.0,17662.0,,,gan12,custom_rules,,,,8.0,0.0,0.0,17662.0,78.0,79.0,91.0,4.42,4490.0,13172.0,3703.0,0.0,3703.0,3703.0,11.0,11.0,13.0,2.97,2261.0,862.0,1399.0,5964.0,9.0,10.0,10.0,6.43,1055.0,395.0,660.0,7019.0,5.0,5.0,6.0,7.58,2834.0,1008.0,1826.0,9853.0,8.0,8.0,10.0,4.38,2654.0,411.0,2243.0,12507.0,15.0,15.0,16.0,6.69,2164.0,686.0,1478.0,14671.0,10.0,10.0,13.0,6.77,2991.0,1128.0,1863.0,17662.0,20.0,20.0,23.0,10.74,,,,,,,,,,,,,,,,,,,,,,,,,
fb33201c-b2f2-4630-8f17-ea7cb0acc62e,2025-11-22 12:26:20 UTC,False,17865.0,CFOP,Gan 12 UI Maglev,RandomForest,8232.0,17865.0,,,gan12,custom_rules,,,,8.0,0.0,0.0,17865.0,76.0,76.0,84.0,4.25,8275.0,9590.0,1038.0,0.0,1038.0,1038.0,6.0,6.0,6.0,5.78,3491.0,3161.0,330.0,4529.0,5.0,5.0,6.0,15.15,2389.0,826.0,1563.0,6918.0,7.0,7.0,9.0,4.48,2033.0,1007.0,1026.0,8951.0,12.0,12.0,12.0,11.7,2361.0,1073.0,1288.0,11312.0,8.0,8.0,9.0,6.21,3359.0,1147.0,2212.0,14671.0,18.0,18.0,20.0,8.14,3194.0,1061.0,2133.0,17865.0,20.0,20.0,22.0,9.38,,,,,,,,,,,,,,,,,,,,,,,,,
619d3c26-cba7-4609-8d71-6d0ede76ea1a,2025-11-22 12:27:00 UTC,False,16427.0,CFOP,Gan 12 UI Maglev,RandomForest,14832.0,16427.0,,,gan12,custom_rules,,,,8.0,0.0,0.0,16427.0,64.0,64.0,70.0,3.9,6978.0,9449.0,2134.0,0.0,2134.0,2134.0,7.0,7.0,7.0,3.28,2562.0,607.0,1955.0,4696.0,9.0,9.0,10.0,4.6,2787.0,1949.0,838.0,7483.0,7.0,7.0,7.0,8.35,2237.0,1295.0,942.0,9720.0,8.0,8.0,9.0,8.49,1206.0,956.0,250.0,10926.0,4.0,4.0,5.0,16.0,1873.0,830.0,1043.0,12799.0,10.0,10.0,10.0,9.59,3628.0,1341.0,2287.0,16427.0,20.0,20.0,22.0,8.75,,,,,,,,,,,,,,,,,,,,,,,,,
6d5721bf-b3be-4d04-94c7-bb53c56e59ec,2025-11-22 12:27:40 UTC,False,22372.0,CFOP,Gan 12 UI Maglev,RandomForest,7259.0,22372.0,,,gan12,custom_rules,,,,8.0,0.0,0.0,22372.0,68.0,71.0,96.0,3.04,681.0,21691.0,21691.0,0.0,21691.0,21691.0,67.0,70.0,95.0,3.09,0.0,0.0,0.0,21691.0,0.0,0.0,0.0,0.0,0.0,0.0,0.0,21691.0,0.0,0.0,0.0,0.0,0.0,0.0,0.0,21691.0,0.0,0.0,0.0,0.0,0.0,0.0,0.0,21691.0,0.0,0.0,0.0,0.0,0.0,0.0,0.0,21691.0,0.0,0.0,0.0,0.0,681.0,681.0,0.0,22372.0,1.0,1.0,1.0,,,,,,,,,,,,,,,,,,,,,,,,,,
65e23ecb-73dc-4713-b99e-dd9c3e2fba5a,2025-11-22 12:28:12 UTC,False,14396.0,CFOP,Gan 12 UI Maglev,RandomForest,6775.0,14396.0,,,gan12,custom_rules,,,,8.0,0.0,0.0,14396.0,59.0,64.0,76.0,4.1,5091.0,9305.0,2493.0,0.0,2493.0,2493.0,8.0,8.0,8.0,3.21,2092.0,693.0,1399.0,4585.0,8.0,8.0,9.0,5.72,1991.0,210.0,1781.0,6576.0,11.0,11.0,12.0,6.18,1802.0,830.0,972.0,8378.0,8.0,8.0,9.0,8.23,2318.0,1625.0,693.0,10696.0,9.0,9.0,11.0,12.99,1491.0,838.0,653.0,12187.0,7.0,7.0,7.0,10.72,2209.0,895.0,1314.0,14396.0,9.0,13.0,20.0,6.85,,,,,,,,,,,,,,,,,,,,,,,,,
a5d5a6bd-e93f-402b-bb77-c7900b512f9e,2025-11-22 12:28:46 UTC,False,17841.0,CFOP,Gan 12 UI Maglev,RandomForest,7409.0,17841.0,,,gan12,custom_rules,,,,8.0,0.0,0.0,17841.0,69.0,70.0,80.0,3.87,6628.0,11148.0,2332.0,0.0,2332.0,2397.0,7.0,7.0,8.0,3.0,3623.0,435.0,3188.0,6020.0,10.0,11.0,13.0,3.14,3532.0,2059.0,1473.0,9552.0,8.0,8.0,8.0,5.43,1857.0,1104.0,753.0,11409.0,7.0,7.0,7.0,9.3,1607.0,782.0,825.0,13016.0,12.0,12.0,14.0,14.55,1640.0,971.0,669.0,14656.0,8.0,8.0,10.0,11.96,3185.0,1277.0,1908.0,17841.0,17.0,17.0,20.0,8.91,,,,,,,,,,,,,,,,,,,,,,,,,
a8ad57ea-1284-4aaa-acc0-20947e314918,2025-11-22 12:29:27 UTC,False,14177.0,CFOP,Gan 12 UI Maglev,RandomForest,18829.0,14177.0,,,gan12,custom_rules,,,,8.0,0.0,0.0,14177.0,66.0,68.0,75.0,4.66,6414.0,7763.0,830.0,0.0,830.0,830.0,4.0,4.0,5.0,4.82,1369.0,693.0,676.0,2199.0,7.0,7.0,7.0,10.36,3183.0,2168.0,1015.0,5382.0,8.0,8.0,9.0,7.88,3291.0,767.0,2524.0,8673.0,15.0,15.0,16.0,5.94,1468.0,864.0,604.0,10141.0,8.0,8.0,9.0,13.25,1442.0,718.0,724.0,11583.0,9.0,9.0,9.0,12.43,2594.0,1204.0,1390.0,14177.0,15.0,17.0,20.0,10.79,,,,,,,,,,,,,,,,,,,,,,,,,
16a16ebf-0b9f-4377-895c-372dc3b1b0e1,2025-11-22 12:30:08 UTC,False,17651.0,CFOP,Gan 12 UI Maglev,RandomForest,13988.0,17651.0,,,gan12,custom_rules,,,,8.0,0.0,0.0,17651.0,68.0,76.0,92.0,3.85,4963.0,12567.0,2346.0,0.0,2346.0,2467.0,6.0,6.0,8.0,2.56,1276.0,403.0,873.0,3743.0,7.0,7.0,7.0,8.02,2408.0,500.0,1908.0,6151.0,8.0,9.0,10.0,4.19,1954.0,0.0,1954.0,8105.0,11.0,11.0,12.0,5.63,1207.0,974.0,233.0,9312.0,3.0,3.0,3.0,12.88,2516.0,878.0,1638.0,11828.0,15.0,15.0,16.0,9.16,5823.0,2208.0,3615.0,17651.0,18.0,25.0,36.0,4.98,,,,,,,,,,,,,,,,,,,,,,,,,
7299c5a3-3ce2-4c56-aada-0b7477b28059,2025-11-22 12:33:11 UTC,False,34094.0,CFOP,Gan 12 UI Maglev,RandomForest,19029.0,34094.0,,,gan12,custom_rules,,,,8.0,0.0,0.0,34094.0,82.0,82.0,99.0,2.41,16959.0,17135.0,1801.0,0.0,1801.0,1801.0,6.0,6.0,8.0,3.33,5012.0,4231.0,781.0,6813.0,6.0,6.0,8.0,7.68,5330.0,3871.0,1459.0,12143.0,7.0,7.0,8.0,4.8,6968.0,6018.0,950.0,19111.0,11.0,11.0,14.0,11.58,2724.0,1202.0,1522.0,21835.0,8.0,8.0,9.0,5.26,8987.0,218.0,8769.0,30822.0,33.0,33.0,37.0,3.76,3272.0,1419.0,1853.0,34094.0,11.0,11.0,15.0,5.94,,,,,,,,,,,,,,,,,,,,,,,,,
81628ac1-227c-4289-889d-5cf6dda165c3,2025-11-22 12:34:02 UTC,False,28822.0,CFOP,Gan 12 UI Maglev,RandomForest,12586.0,28822.0,,,gan12,custom_rules,,,,8.0,0.0,0.0,28822.0,82.0,82.0,92.0,2.85,11281.0,17541.0,1135.0,0.0,1135.0,1135.0,7.0,7.0,7.0,6.17,7234.0,2056.0,5178.0,8369.0,16.0,16.0,19.0,3.09,9545.0,3158.0,6387.0,17914.0,15.0,15.0,17.0,2.35,1338.0,565.0,773.0,19252.0,7.0,7.0,8.0,9.06,1997.0,1368.0,629.0,21249.0,8.0,8.0,8.0,12.72,2457.0,913.0,1544.0,23706.0,13.0,13.0,15.0,8.42,5116.0,3221.0,1895.0,28822.0,16.0,16.0,18.0,8.44,,,,,,,,,,,,,,,,,,,,,,,,,
56b7b42b-da3b-408d-8a2f-171c677de4c3,2025-11-22 12:34:42 UTC,False,16640.0,CFOP,Gan 12 UI Maglev,RandomForest,14642.0,16640.0,,,gan12,custom_rules,,,,8.0,0.0,0.0,16640.0,62.0,64.0,75.0,3.73,7425.0,9215.0,3020.0,0.0,3020.0,3020.0,7.0,7.0,9.0,2.32,2236.0,858.0,1378.0,5256.0,7.0,7.0,7.0,5.08,1384.0,353.0,1031.0,6640.0,8.0,8.0,9.0,7.76,1801.0,1366.0,435.0,8441.0,7.0,7.0,7.0,16.09,3168.0,2569.0,599.0,11609.0,8.0,8.0,10.0,13.36,2407.0,1209.0,1198.0,14016.0,11.0,11.0,15.0,9.18,2624.0,1070.0,1554.0,16640.0,14.0,16.0,18.0,9.01,,,,,,,,,,,,,,,,,,,,,,,,,
eebb7af1-955c-4d83-9bf3-0f1c3c0b30b1,2025-11-22 12:35:27 UTC,False,14120.0,CFOP,Gan 12 UI Maglev,RandomForest,18256.0,14120.0,,,gan12,custom_rules,,,,8.0,0.0,0.0,14120.0,73.0,74.0,78.0,5.17,5625.0,8495.0,790.0,0.0,790.0,790.0,4.0,5.0,5.0,5.06,2200.0,612.0,1588.0,2990.0,7.0,7.0,7.0,4.41,2309.0,888.0,1421.0,5299.0,11.0,11.0,13.0,7.74,1365.0,1184.0,181.0,6664.0,4.0,4.0,4.0,22.1,1708.0,959.0,749.0,8372.0,8.0,8.0,8.0,10.68,3181.0,1201.0,1980.0,11553.0,19.0,19.0,20.0,9.6,2567.0,781.0,1786.0,14120.0,20.0,20.0,21.0,11.2,,,,,,,,,,,,,,,,,,,,,,,,,
a30c9b06-ac07-4ff7-bc56-7659544b379d,2025-11-22 12:36:31 UTC,False,43507.0,CFOP,Gan 12 UI Maglev,RandomForest,11732.0,43507.0,,,gan12,custom_rules,,,,8.0,0.0,0.0,43507.0,149.0,152.0,162.0,3.42,5757.0,37750.0,1792.0,0.0,1792.0,1792.0,7.0,7.0,8.0,3.91,4063.0,307.0,3756.0,5855.0,13.0,14.0,14.0,3.46,3575.0,834.0,2741.0,9430.0,7.0,7.0,7.0,2.55,1915.0,798.0,1117.0,11345.0,8.0,8.0,9.0,7.16,3243.0,1005.0,2238.0,14588.0,11.0,11.0,12.0,4.92,2337.0,901.0,1436.0,16925.0,13.0,13.0,13.0,9.05,26582.0,1912.0,24670.0,43507.0,90.0,92.0,99.0,3.65,,,,,,,,,,,,,,,,,,,,,,,,,
dbedf790-8801-4649-a41c-ab04e536362e,2025-11-22 12:37:07 UTC,False,19960.0,CFOP,Gan 12 UI Maglev,RandomForest,6681.0,19960.0,,,gan12,custom_rules,,,,8.0,0.0,0.0,19960.0,83.0,84.0,93.0,4.16,8378.0,11582.0,4574.0,0.0,4574.0,4574.0,18.0,18.0,19.0,3.94,2431.0,782.0,1649.0,7005.0,10.0,11.0,12.0,6.06,2597.0,2178.0,419.0,9602.0,6.0,6.0,6.0,14.32,1779.0,1078.0,701.0,11381.0,8.0,8.0,10.0,11.41,2397.0,1946.0,451.0,13778.0,8.0,8.0,9.0,17.74,2445.0,1161.0,1284.0,16223.0,17.0,17.0,17.0,13.24,3737.0,1233.0,2504.0,19960.0,16.0,16.0,20.0,6.39,,,,,,,,,,,,,,,,,,,,,,,,,
bdb050b5-e51f-42cb-b595-63c4c9bfb0f2,2025-11-22 12:37:44 UTC,False,11546.0,CFOP,Gan 12 UI Maglev,RandomForest,16034.0,11546.0,,,gan12,custom_rules,,,,8.0,0.0,0.0,11546.0,55.0,55.0,62.0,4.76,3823.0,7675.0,1839.0,0.0,1839.0,1887.0,5.0,5.0,7.0,2.72,0.0,0.0,0.0,1887.0,0.0,0.0,0.0,0.0,1555.0,733.0,822.0,3442.0,9.0,9.0,9.0,10.95,3818.0,1546.0,2272.0,7260.0,12.0,12.0,13.0,5.28,1058.0,322.0,736.0,8318.0,7.0,7.0,9.0,9.51,1361.0,539.0,822.0,9679.0,8.0,8.0,8.0,9.73,1867.0,683.0,1184.0,11546.0,15.0,15.0,16.0,12.67,,,,,,,,,,,,,,,,,,,,,,,,,
6a964676-21a3-478d-87b2-76023047c69f,2025-11-22 12:38:41 UTC,False,15000.0,CFOP,Gan 12 UI Maglev,RandomForest,25448.0,15000.0,,,gan12,custom_rules,,,,8.0,0.0,0.0,15000.0,70.0,74.0,81.0,4.67,7060.0,7819.0,629.0,0.0,629.0,750.0,4.0,5.0,5.0,6.36,2670.0,1775.0,895.0,3420.0,9.0,9.0,11.0,10.06,2480.0,617.0,1863.0,5900.0,12.0,12.0,13.0,6.44,2107.0,871.0,1236.0,8007.0,12.0,12.0,13.0,9.71,1212.0,793.0,419.0,9219.0,8.0,8.0,8.0,19.09,2295.0,1151.0,1144.0,11514.0,9.0,10.0,10.0,7.87,3486.0,1853.0,1633.0,15000.0,16.0,18.0,21.0,9.8,,,,,,,,,,,,,,,,,,,,,,,,,
125a1d17-75eb-4d95-82f7-638ef68d9d50,2025-11-22 12:39:36 UTC,False,17162.0,CFOP,Gan 12 UI Maglev,RandomForest,25009.0,17162.0,,,gan12,custom_rules,,,,8.0,0.0,0.0,17162.0,64.0,64.0,69.0,3.73,6750.0,10412.0,4328.0,0.0,4328.0,4328.0,11.0,11.0,11.0,2.54,0.0,0.0,0.0,4328.0,0.0,0.0,0.0,0.0,3296.0,1869.0,1427.0,7624.0,9.0,9.0,10.0,6.31,2475.0,966.0,1509.0,10099.0,9.0,9.0,10.0,5.96,2891.0,1735.0,1156.0,12990.0,10.0,10.0,11.0,8.65,1557.0,822.0,735.0,14547.0,9.0,9.0,9.0,12.24,2615.0,1358.0,1257.0,17162.0,16.0,16.0,18.0,12.73,,,,,,,,,,,,,,,,,,,,,,,,,
37058c9e-2171-4a1a-b717-e4154e203f4c,2025-11-22 12:40:04 UTC,False,13469.0,CFOP,Gan 12 UI Maglev,RandomForest,5469.0,13469.0,,,gan12,custom_rules,,,,8.0,0.0,0.0,13469.0,61.0,61.0,71.0,4.53,5560.0,7909.0,1088.0,0.0,1088.0,1088.0,5.0,5.0,7.0,4.6,1675.0,628.0,1047.0,2763.0,8.0,8.0,10.0,7.64,1934.0,1007.0,927.0,4697.0,7.0,7.0,8.0,7.55,2228.0,1648.0,580.0,6925.0,9.0,9.0,9.0,15.52,2169.0,497.0,1672.0,9094.0,13.0,13.0,13.0,7.78,1939.0,781.0,1158.0,11033.0,9.0,9.0,10.0,7.77,2436.0,999.0,1437.0,13469.0,10.0,10.0,14.0,6.96,,,,,,,,,,,,,,,,,,,,,,,,,
8c869b03-afe9-4090-bf92-18af23825532,2025-11-22 12:40:34 UTC,False,16738.0,CFOP,Gan 12 UI Maglev,RandomForest,4144.0,16738.0,,,gan12,custom_rules,,,,8.0,0.0,0.0,16738.0,68.0,68.0,77.0,4.06,6581.0,10157.0,1712.0,0.0,1712.0,1712.0,6.0,6.0,7.0,3.5,1233.0,645.0,588.0,2945.0,8.0,8.0,9.0,13.61,1422.0,1164.0,258.0,4367.0,4.0,4.0,4.0,15.5,1453.0,1138.0,315.0,5820.0,6.0,6.0,7.0,19.05,5681.0,757.0,4924.0,11501.0,19.0,19.0,20.0,3.86,2065.0,953.0,1112.0,13566.0,14.0,14.0,15.0,12.59,3172.0,1924.0,1248.0,16738.0,11.0,11.0,15.0,8.81,,,,,,,,,,,,,,,,,,,,,,,,,
1f6b1c5f-3f15-4d60-b2d1-f12c3b9baf03,2025-11-22 12:41:04 UTC,False,14971.0,CFOP,Gan 12 UI Maglev,RandomForest,6848.0,14971.0,,,gan12,custom_rules,,,,8.0,0.0,0.0,14971.0,54.0,55.0,60.0,3.61,7838.0,7133.0,3118.0,0.0,3118.0,3118.0,11.0,11.0,11.0,3.53,3737.0,2633.0,1104.0,6855.0,6.0,7.0,8.0,5.43,1327.0,626.0,701.0,8182.0,8.0,8.0,10.0,11.41,2326.0,1550.0,776.0,10508.0,9.0,9.0,10.0,11.6,1551.0,1080.0,471.0,12059.0,8.0,8.0,8.0,16.99,2316.0,1353.0,963.0,14375.0,11.0,11.0,12.0,11.42,596.0,596.0,0.0,14971.0,1.0,1.0,1.0,,,,,,,,,,,,,,,,,,,,,,,,,,
3ad6299f-9b7d-4462-980b-ab52f06a9c75,2025-11-22 12:41:43 UTC,False,17850.0,CFOP,Gan 12 UI Maglev,RandomForest,10541.0,17850.0,,,gan12,custom_rules,,,,8.0,0.0,0.0,17850.0,68.0,69.0,80.0,3.81,6836.0,11014.0,2775.0,0.0,2775.0,2775.0,9.0,9.0,9.0,3.24,4749.0,2472.0,2277.0,7524.0,11.0,12.0,12.0,4.83,2132.0,283.0,1849.0,9656.0,9.0,9.0,10.0,4.87,2014.0,1036.0,978.0,11670.0,7.0,7.0,9.0,7.16,1599.0,904.0,695.0,13269.0,8.0,8.0,10.0,11.51,1881.0,733.0,1148.0,15150.0,12.0,12.0,13.0,10.45,2700.0,1408.0,1292.0,17850.0,12.0,12.0,17.0,9.29,,,,,,,,,,,,,,,,,,,,,,,,,
2d1461b3-5a42-4051-a2f4-b32e648b7c3c,2025-11-22 12:42:24 UTC,False,16130.0,CFOP,Gan 12 UI Maglev,RandomForest,15556.0,16130.0,,,gan12,custom_rules,,,,8.0,0.0,0.0,16130.0,63.0,64.0,70.0,3.91,6309.0,9717.0,5734.0,0.0,5734.0,5838.0,16.0,16.0,18.0,2.79,0.0,0.0,0.0,5838.0,0.0,0.0,0.0,0.0,2271.0,1346.0,925.0,8109.0,8.0,8.0,9.0,8.65,1785.0,1116.0,669.0,9894.0,8.0,8.0,8.0,11.96,756.0,580.0,176.0,10650.0,4.0,4.0,4.0,22.73,1736.0,822.0,914.0,12386.0,12.0,12.0,13.0,13.13,3744.0,2445.0,1299.0,16130.0,15.0,16.0,18.0,11.55,,,,,,,,,,,,,,,,,,,,,,,,,
e8cd2cdd-de1e-43be-b3b3-b095a1f45a35,2025-11-22 12:42:50 UTC,False,13963.0,CFOP,Gan 12 UI Maglev,RandomForest,3685.0,13963.0,,,gan12,custom_rules,,,,8.0,0.0,0.0,13963.0,60.0,60.0,64.0,4.3,6957.0,7006.0,1153.0,0.0,1153.0,1153.0,5.0,5.0,6.0,4.34,1663.0,800.0,863.0,2816.0,8.0,8.0,8.0,9.27,1529.0,596.0,933.0,4345.0,7.0,7.0,8.0,7.5,2826.0,1945.0,881.0,7171.0,8.0,8.0,8.0,9.08,854.0,669.0,185.0,8025.0,5.0,5.0,5.0,27.03,1419.0,894.0,525.0,9444.0,9.0,9.0,9.0,17.14,4519.0,2053.0,2466.0,13963.0,18.0,18.0,20.0,7.3,,,,,,,,,,,,,,,,,,,,,,,,,
23c2cee4-9065-4c07-9167-f8ed1e4d7887,2025-11-22 12:43:22 UTC,False,17203.0,CFOP,Gan 12 UI Maglev,RandomForest,5781.0,17203.0,,,gan12,custom_rules,,,,8.0,0.0,0.0,17203.0,62.0,64.0,68.0,3.6,7552.0,9651.0,2236.0,0.0,2236.0,2236.0,7.0,8.0,9.0,3.13,4214.0,2498.0,1716.0,6450.0,7.0,7.0,9.0,4.08,1801.0,1536.0,265.0,8251.0,5.0,5.0,6.0,18.87,2797.0,492.0,2305.0,11048.0,11.0,11.0,11.0,4.77,1460.0,662.0,798.0,12508.0,6.0,7.0,7.0,7.52,1733.0,1177.0,556.0,14241.0,7.0,7.0,7.0,12.59,2962.0,1187.0,1775.0,17203.0,19.0,19.0,19.0,10.7,,,,,,,,,,,,,,,,,,,,,,,,,
bca9cdfb-a0ef-4535-af35-c7e36788dbea,2025-11-22 12:43:55 UTC,False,18348.0,CFOP,Gan 12 UI Maglev,RandomForest,5146.0,18348.0,,,gan12,custom_rules,,,,8.0,0.0,0.0,18348.0,56.0,62.0,72.0,3.05,7829.0,10519.0,1900.0,0.0,1900.0,1900.0,5.0,6.0,7.0,2.63,2909.0,1492.0,1417.0,4809.0,6.0,6.0,6.0,4.23,3832.0,2361.0,1471.0,8641.0,9.0,10.0,10.0,6.12,1612.0,1120.0,492.0,10253.0,8.0,8.0,9.0,16.26,2998.0,486.0,2512.0,13251.0,8.0,8.0,10.0,3.18,2948.0,1152.0,1796.0,16199.0,12.0,12.0,13.0,6.68,2149.0,1218.0,931.0,18348.0,8.0,12.0,17.0,8.59,,,,,,,,,,,,,,,,,,,,,,,,,
cef0fa1e-3bba-4dc0-8f0f-013c8b62d169,2025-11-22 12:51:30 UTC,False,18829.0,CFOP,Gan 12 UI Maglev,RandomForest,16509.0,18829.0,,,gan12,custom_rules,,,,8.0,0.0,0.0,18829.0,78.0,89.0,106.0,4.14,652.0,18177.0,4523.0,0.0,4523.0,4523.0,16.0,18.0,22.0,3.54,5537.0,193.0,5344.0,10060.0,24.0,25.0,27.0,4.49,8769.0,459.0,8310.0,18829.0,38.0,46.0,57.0,4.57,0.0,0.0,0.0,18829.0,0.0,0.0,0.0,0.0,0.0,0.0,0.0,18829.0,0.0,0.0,0.0,0.0,0.0,0.0,0.0,18829.0,0.0,0.0,0.0,0.0,0.0,0.0,0.0,18829.0,0.0,0.0,0.0,0.0,,,,,,,,,,,,,,,,,,,,,,,,,
5fab914e-f0fb-474c-8cd9-d21b873a0f7c,2025-11-22 12:52:21 UTC,False,18566.0,CFOP,Gan 12 UI Maglev,RandomForest,20104.0,18566.0,,,gan12,custom_rules,,,,8.0,0.0,0.0,18566.0,65.0,69.0,79.0,3.5,5075.0,13491.0,5437.0,0.0,5437.0,5437.0,13.0,13.0,16.0,2.39,0.0,0.0,0.0,5437.0,0.0,0.0,0.0,0.0,3249.0,1570.0,1679.0,8686.0,9.0,10.0,10.0,5.36,2250.0,1004.0,1246.0,10936.0,9.0,10.0,12.0,7.22,2100.0,689.0,1411.0,13036.0,8.0,8.0,8.0,5.67,2272.0,838.0,1434.0,15308.0,9.0,10.0,10.0,6.28,3258.0,974.0,2284.0,18566.0,17.0,18.0,23.0,7.44,,,,,,,,,,,,,,,,,,,,,,,,,
710b917c-ab9d-4ea7-b303-a06358455e48,2025-11-22 12:53:05 UTC,False,17478.0,CFOP,Gan 12 UI Maglev,RandomForest,13320.0,17478.0,,,gan12,custom_rules,,,,8.0,0.0,0.0,17478.0,64.0,74.0,96.0,3.66,5392.0,12086.0,3111.0,0.0,3111.0,3111.0,8.0,8.0,10.0,2.57,2563.0,1510.0,1053.0,5674.0,8.0,8.0,9.0,7.6,1854.0,178.0,1676.0,7528.0,6.0,6.0,6.0,3.58,1004.0,483.0,521.0,8532.0,5.0,5.0,7.0,9.6,2500.0,1509.0,991.0,11032.0,9.0,9.0,10.0,9.08,1350.0,786.0,564.0,12382.0,9.0,9.0,9.0,15.96,5096.0,926.0,4170.0,17478.0,20.0,30.0,45.0,4.8,,,,,,,,,,,,,,,,,,,,,,,,,
1c38f9aa-a6db-4e52-9bf9-8f0771d0d161,2025-11-22 12:53:37 UTC,False,15170.0,CFOP,Gan 12 UI Maglev,RandomForest,6333.0,15170.0,,,gan12,custom_rules,,,,8.0,0.0,0.0,15170.0,50.0,55.0,66.0,3.3,6401.0,8769.0,2306.0,0.0,2306.0,2306.0,6.0,7.0,8.0,2.6,0.0,0.0,0.0,2306.0,0.0,0.0,0.0,0.0,3356.0,2397.0,959.0,5662.0,8.0,8.0,8.0,8.34,3173.0,1370.0,1803.0,8835.0,8.0,8.0,10.0,4.44,1709.0,597.0,1112.0,10544.0,8.0,8.0,10.0,7.19,2198.0,790.0,1408.0,12742.0,11.0,11.0,12.0,7.81,2428.0,1247.0,1181.0,15170.0,9.0,13.0,18.0,7.62,,,,,,,,,,,,,,,,,,,,,,,,,
d9e6b307-0fd5-49b4-a789-f8f37604b63f,2025-11-22 12:54:25 UTC,False,24498.0,CFOP,Gan 12 UI Maglev,RandomForest,10585.0,24498.0,,,gan12,custom_rules,,,,8.0,0.0,0.0,24498.0,84.0,85.0,94.0,3.43,7876.0,16622.0,3971.0,0.0,3971.0,3971.0,9.0,9.0,13.0,2.27,1377.0,1207.0,170.0,5348.0,3.0,3.0,3.0,17.65,4580.0,2533.0,2047.0,9928.0,11.0,11.0,13.0,5.37,985.0,736.0,249.0,10913.0,3.0,3.0,3.0,12.05,3357.0,1284.0,2073.0,14270.0,12.0,12.0,12.0,5.79,1769.0,844.0,925.0,16039.0,10.0,11.0,11.0,10.81,8459.0,1272.0,7187.0,24498.0,36.0,36.0,39.0,5.01,,,,,,,,,,,,,,,,,,,,,,,,,
4dff2417-9362-43ff-9b6d-e8dd3cd14b94,2025-11-22 12:57:27 UTC,False,17625.0,CFOP,Gan 12 UI Maglev,RandomForest,25105.0,17625.0,,,gan12,custom_rules,,,,8.0,0.0,0.0,17625.0,65.0,66.0,73.0,3.69,5861.0,11764.0,709.0,0.0,709.0,709.0,4.0,4.0,4.0,5.64,2488.0,435.0,2053.0,3197.0,9.0,10.0,11.0,4.38,2440.0,394.0,2046.0,5637.0,11.0,11.0,12.0,5.38,6450.0,1962.0,4488.0,12087.0,14.0,14.0,15.0,3.12,1805.0,1427.0,378.0,13892.0,4.0,4.0,4.0,10.58,1255.0,660.0,595.0,15147.0,7.0,7.0,8.0,11.76,2478.0,983.0,1495.0,17625.0,16.0,16.0,19.0,10.7,,,,,,,,,,,,,,,,,,,,,,,,,
f131a610-c1a8-4ebf-b4c3-739aa0dc3d8c,2025-11-22 12:59:02 UTC,False,14467.0,CFOP,Gan 12 UI Maglev,RandomForest,69531.0,14467.0,,,gan12,custom_rules,,,,8.0,0.0,0.0,14467.0,57.0,57.0,65.0,3.94,6870.0,7597.0,1569.0,0.0,1569.0,1569.0,7.0,7.0,8.0,4.46,1160.0,540.0,620.0,2729.0,5.0,5.0,6.0,8.06,2239.0,1296.0,943.0,4968.0,7.0,7.0,8.0,7.42,3236.0,1490.0,1746.0,8204.0,7.0,7.0,7.0,4.01,1894.0,1297.0,597.0,10098.0,7.0,7.0,7.0,11.73,1444.0,829.0,615.0,11542.0,8.0,8.0,10.0,13.01,2925.0,1418.0,1507.0,14467.0,16.0,16.0,19.0,10.62,,,,,,,,,,,,,,,,,,,,,,,,,
c9e74447-7d22-4a07-89b8-79c3f0b6aa2d,2025-11-22 12:59:49 UTC,False,21256.0,CFOP,Gan 12 UI Maglev,RandomForest,13528.0,21256.0,,,gan12,custom_rules,,,,8.0,0.0,0.0,21256.0,77.0,80.0,85.0,3.62,4865.0,16391.0,7282.0,0.0,7282.0,7282.0,18.0,18.0,19.0,2.47,0.0,0.0,0.0,7282.0,0.0,0.0,0.0,0.0,1658.0,821.0,837.0,8940.0,8.0,8.0,9.0,9.56,7052.0,1871.0,5181.0,15992.0,23.0,26.0,27.0,4.44,0.0,0.0,0.0,15992.0,0.0,0.0,0.0,0.0,1998.0,1119.0,879.0,17990.0,8.0,8.0,8.0,9.1,3266.0,1054.0,2212.0,21256.0,20.0,20.0,22.0,9.04,,,,,,,,,,,,,,,,,,,,,,,,,
fedac254-166c-4675-b6e2-cb0f63fb861a,2025-11-22 14:39:29 UTC,False,17234.0,CFOP,Gan 12 UI Maglev,RandomForest,5637.0,17234.0,,,gan12,custom_rules,,,,8.0,0.0,0.0,17234.0,81.0,82.0,90.0,4.7,4901.0,12244.0,1193.0,0.0,1193.0,1282.0,5.0,5.0,7.0,4.19,3202.0,335.0,2867.0,4484.0,12.0,12.0,14.0,4.19,1636.0,903.0,733.0,6120.0,6.0,7.0,7.0,8.19,2299.0,723.0,1576.0,8419.0,9.0,9.0,12.0,5.71,3104.0,701.0,2403.0,11523.0,17.0,17.0,18.0,7.07,2275.0,857.0,1418.0,13798.0,13.0,13.0,13.0,9.17,3436.0,1382.0,2054.0,17234.0,19.0,19.0,19.0,9.25,,,,,,,,,,,,,,,,,,,,,,,,,
f4d95e7c-957e-4bee-9f7b-60894b9205c2,2025-11-22 14:48:51 UTC,False,17566.0,CFOP,Gan 12 UI Maglev,RandomForest,10865.0,17566.0,,,gan12,custom_rules,,,,8.0,0.0,0.0,17566.0,71.0,71.0,79.0,4.04,5249.0,12317.0,4271.0,0.0,4271.0,4271.0,9.0,9.0,10.0,2.11,1729.0,354.0,1375.0,6000.0,7.0,7.0,8.0,5.09,3072.0,1301.0,1771.0,9072.0,8.0,8.0,10.0,4.52,991.0,225.0,766.0,10063.0,7.0,7.0,7.0,9.14,2607.0,1914.0,693.0,12670.0,8.0,8.0,11.0,11.54,2941.0,771.0,2170.0,15611.0,17.0,17.0,17.0,7.83,1955.0,684.0,1271.0,17566.0,15.0,15.0,16.0,11.8,,,,,,,,,,,,,,,,,,,,,,,,,
f4caed02-ec93-4bfe-ac2e-9b6e9b153c3b,2025-11-22 14:49:38 UTC,False,12413.0,CFOP,Gan 12 UI Maglev,RandomForest,24589.0,12413.0,,,gan12,custom_rules,,,,8.0,0.0,0.0,12413.0,46.0,50.0,63.0,3.71,5096.0,7229.0,1737.0,0.0,1737.0,1825.0,5.0,5.0,6.0,2.88,1112.0,839.0,273.0,2937.0,4.0,4.0,4.0,14.65,1400.0,546.0,854.0,4337.0,7.0,7.0,8.0,8.2,2288.0,1104.0,1184.0,6625.0,7.0,7.0,9.0,5.91,1851.0,723.0,1128.0,8476.0,7.0,7.0,7.0,6.21,1555.0,847.0,708.0,10031.0,9.0,9.0,9.0,12.71,2382.0,1037.0,1345.0,12413.0,9.0,13.0,20.0,6.69,,,,,,,,,,,,,,,,,,,,,,,,,
2eacbc9a-468d-42a2-87ff-de7fca60bb9a,2025-11-22 14:50:34 UTC,False,13305.0,CFOP,Gan 12 UI Maglev,RandomForest,30988.0,13305.0,,,gan12,custom_rules,,,,8.0,0.0,0.0,13305.0,57.0,58.0,66.0,4.28,5891.0,7414.0,1361.0,0.0,1361.0,1361.0,6.0,6.0,6.0,4.41,1377.0,563.0,814.0,2738.0,8.0,8.0,9.0,9.83,2715.0,169.0,2546.0,5453.0,14.0,14.0,16.0,5.5,1623.0,1284.0,339.0,7076.0,3.0,3.0,3.0,8.85,1925.0,1739.0,186.0,9001.0,4.0,4.0,5.0,21.51,2015.0,1266.0,749.0,11016.0,8.0,8.0,10.0,10.68,2289.0,870.0,1419.0,13305.0,16.0,16.0,17.0,11.28,,,,,,,,,,,,,,,,,,,,,,,,,
8356e154-70e5-4379-9848-bfcafb2f56d9,2025-11-22 14:51:10 UTC,False,17042.0,CFOP,Gan 12 UI Maglev,RandomForest,8827.0,17042.0,,,gan12,custom_rules,,,,8.0,0.0,0.0,17042.0,64.0,70.0,83.0,3.76,7078.0,9964.0,2174.0,0.0,2174.0,2174.0,8.0,8.0,9.0,3.68,2322.0,1050.0,1272.0,4496.0,9.0,9.0,12.0,7.08,2010.0,454.0,1556.0,6506.0,8.0,8.0,10.0,5.14,4351.0,2906.0,1445.0,10857.0,10.0,10.0,11.0,6.92,1314.0,749.0,565.0,12171.0,8.0,8.0,8.0,14.16,1675.0,814.0,861.0,13846.0,8.0,8.0,9.0,9.29,3196.0,1105.0,2091.0,17042.0,13.0,19.0,24.0,6.22,,,,,,,,,,,,,,,,,,,,,,,,,
e7776c2b-9383-4ca7-b985-079f11285831,2025-11-22 14:51:50 UTC,False,15547.0,CFOP,Gan 12 UI Maglev,RandomForest,7235.0,15547.0,,,gan12,custom_rules,,,,8.0,0.0,0.0,15547.0,56.0,64.0,77.0,3.6,5753.0,9617.0,3305.0,0.0,3305.0,3482.0,11.0,13.0,13.0,3.33,1808.0,427.0,1381.0,5290.0,6.0,6.0,7.0,4.34,1938.0,1592.0,346.0,7228.0,4.0,4.0,5.0,11.56,2722.0,1424.0,1298.0,9950.0,8.0,8.0,10.0,6.16,1612.0,645.0,967.0,11562.0,8.0,8.0,12.0,8.27,1901.0,701.0,1200.0,13463.0,11.0,13.0,13.0,9.17,2084.0,964.0,1120.0,15547.0,8.0,12.0,17.0,7.14,,,,,,,,,,,,,,,,,,,,,,,,,
c371b2fa-9ff7-4f9d-a847-209bdec9da79,2025-11-22 14:52:39 UTC,False,23193.0,CFOP,Gan 12 UI Maglev,RandomForest,14832.0,23193.0,,,gan12,custom_rules,,,,8.0,0.0,0.0,23193.0,77.0,83.0,97.0,3.32,4219.0,18974.0,8865.0,0.0,8865.0,8865.0,31.0,35.0,40.0,3.5,0.0,0.0,0.0,8865.0,0.0,0.0,0.0,0.0,0.0,0.0,0.0,8865.0,0.0,0.0,0.0,0.0,7482.0,1721.0,5761.0,16347.0,20.0,20.0,23.0,3.47,808.0,252.0,556.0,17155.0,5.0,6.0,6.0,8.99,2674.0,1109.0,1565.0,19829.0,8.0,8.0,10.0,5.11,3364.0,1137.0,2227.0,23193.0,14.0,15.0,18.0,6.29,,,,,,,,,,,,,,,,,,,,,,,,,
85a64088-8256-4527-bffd-f8b2f4c44709,2025-11-22 14:53:13 UTC,False,17179.0,CFOP,Gan 12 UI Maglev,RandomForest,5139.0,17179.0,,,gan12,custom_rules,,,,8.0,0.0,0.0,17179.0,62.0,67.0,79.0,3.61,7707.0,9472.0,1273.0,0.0,1273.0,1273.0,6.0,6.0,7.0,4.71,3177.0,2016.0,1161.0,4450.0,9.0,9.0,9.0,7.75,3338.0,1484.0,1854.0,7788.0,9.0,10.0,11.0,4.85,1843.0,1230.0,613.0,9631.0,8.0,8.0,9.0,13.05,1918.0,781.0,1137.0,11549.0,6.0,6.0,6.0,5.28,2744.0,1125.0,1619.0,14293.0,15.0,15.0,18.0,9.26,2886.0,1071.0,1815.0,17179.0,9.0,13.0,19.0,4.96,,,,,,,,,,,,,,,,,,,,,,,,,
c7ee4b89-0ae5-462c-9dde-1d1aebc53c47,2025-11-22 14:53:47 UTC,False,15431.0,CFOP,Gan 12 UI Maglev,RandomForest,9129.0,15431.0,,,gan12,custom_rules,,,,8.0,0.0,0.0,15431.0,63.0,65.0,74.0,4.08,6821.0,8610.0,1773.0,0.0,1773.0,1773.0,8.0,8.0,9.0,4.51,2189.0,1063.0,1126.0,3962.0,7.0,7.0,8.0,6.22,2499.0,1589.0,910.0,6461.0,9.0,9.0,10.0,9.89,2243.0,1574.0,669.0,8704.0,7.0,7.0,8.0,10.46,2265.0,1082.0,1183.0,10969.0,8.0,8.0,10.0,6.76,1395.0,622.0,773.0,12364.0,7.0,7.0,8.0,9.06,3067.0,891.0,2176.0,15431.0,17.0,19.0,21.0,7.81,,,,,,,,,,,,,,,,,,,,,,,,,
2929fe9b-fee4-4c31-ad1a-daf5227e134b,2025-11-22 14:54:35 UTC,False,15325.0,CFOP,Gan 12 UI Maglev,RandomForest,17414.0,15325.0,,,gan12,custom_rules,,,,8.0,0.0,0.0,15325.0,69.0,75.0,85.0,4.5,4261.0,11064.0,3868.0,0.0,3868.0,3868.0,17.0,18.0,18.0,4.4,0.0,0.0,0.0,3868.0,0.0,0.0,0.0,0.0,1629.0,281.0,1348.0,5497.0,9.0,10.0,10.0,6.68,1380.0,1194.0,186.0,6877.0,4.0,4.0,5.0,21.51,2312.0,1112.0,1200.0,9189.0,11.0,11.0,12.0,9.17,3876.0,747.0,3129.0,13065.0,19.0,19.0,22.0,6.07,2260.0,927.0,1333.0,15325.0,9.0,13.0,18.0,6.75,,,,,,,,,,,,,,,,,,,,,,,,,
27e87f68-2f50-4c30-81fd-3f38f0bbc238,2025-11-22 14:56:03 UTC,False,17510.0,CFOP,Gan 12 UI Maglev,RandomForest,49942.0,17510.0,,,gan12,custom_rules,,,,8.0,0.0,0.0,17510.0,77.0,77.0,89.0,4.4,6511.0,10999.0,572.0,0.0,572.0,572.0,4.0,4.0,4.0,6.99,3449.0,507.0,2942.0,4021.0,15.0,15.0,16.0,5.1,2574.0,1151.0,1423.0,6595.0,13.0,13.0,16.0,9.14,2448.0,991.0,1457.0,9043.0,11.0,11.0,13.0,7.55,2172.0,1374.0,798.0,11215.0,8.0,8.0,9.0,10.03,2785.0,1200.0,1585.0,14000.0,9.0,9.0,9.0,5.68,3510.0,1288.0,2222.0,17510.0,17.0,17.0,22.0,7.65,,,,,,,,,,,,,,,,,,,,,,,,,
b910852d-6ccd-4a85-9660-68483808915c,2025-11-22 14:57:00 UTC,False,16962.0,CFOP,Gan 12 UI Maglev,RandomForest,31051.0,16962.0,,,gan12,custom_rules,,,,8.0,0.0,0.0,16962.0,76.0,78.0,86.0,4.48,5429.0,11533.0,1979.0,0.0,1979.0,1979.0,6.0,6.0,7.0,3.03,2937.0,878.0,2059.0,4916.0,12.0,12.0,14.0,5.83,2028.0,435.0,1593.0,6944.0,11.0,11.0,11.0,6.91,2197.0,988.0,1209.0,9141.0,8.0,8.0,9.0,6.62,1840.0,466.0,1374.0,10981.0,11.0,11.0,12.0,8.01,2835.0,1425.0,1410.0,13816.0,12.0,14.0,15.0,8.51,3146.0,1237.0,1909.0,16962.0,16.0,16.0,18.0,8.38,,,,,,,,,,,,,,,,,,,,,,,,,
5b2057d1-842e-4e75-84f2-021a696a9986,2025-11-22 14:57:37 UTC,False,18975.0,CFOP,Gan 12 UI Maglev,RandomForest,7669.0,18975.0,,,gan12,custom_rules,,,,8.0,0.0,0.0,18975.0,72.0,75.0,83.0,3.79,6907.0,12068.0,4137.0,0.0,4137.0,4137.0,7.0,7.0,9.0,1.69,1382.0,371.0,1011.0,5519.0,7.0,7.0,7.0,6.92,1929.0,588.0,1341.0,7448.0,9.0,10.0,11.0,6.71,3121.0,2289.0,832.0,10569.0,12.0,12.0,13.0,14.42,1249.0,548.0,701.0,11818.0,7.0,7.0,8.0,9.99,2761.0,1391.0,1370.0,14579.0,12.0,13.0,14.0,8.76,4396.0,1720.0,2676.0,18975.0,18.0,19.0,21.0,6.73,,,,,,,,,,,,,,,,,,,,,,,,,
39c45ed6-0809-42d4-91c9-26bb87875357,2025-11-22 14:58:37 UTC,False,14723.0,CFOP,Gan 12 UI Maglev,RandomForest,33432.0,14723.0,,,gan12,custom_rules,,,,8.0,0.0,0.0,14723.0,69.0,70.0,79.0,4.69,6350.0,8373.0,1361.0,0.0,1361.0,1361.0,6.0,6.0,7.0,4.41,1441.0,749.0,692.0,2802.0,7.0,7.0,7.0,10.12,1256.0,717.0,539.0,4058.0,6.0,6.0,8.0,11.13,2503.0,1761.0,742.0,6561.0,8.0,8.0,10.0,10.78,1865.0,793.0,1072.0,8426.0,8.0,8.0,9.0,7.46,2906.0,913.0,1993.0,11332.0,17.0,17.0,18.0,8.53,3391.0,1417.0,1974.0,14723.0,17.0,18.0,20.0,8.61,,,,,,,,,,,,,,,,,,,,,,,,,
734a7994-f57d-40f3-aaf0-298c4448832f,2025-11-22 14:59:35 UTC,False,16769.0,CFOP,Gan 12 UI Maglev,RandomForest,33774.0,16769.0,,,gan12,custom_rules,,,,8.0,0.0,0.0,16769.0,69.0,69.0,80.0,4.11,4490.0,12279.0,4057.0,0.0,4057.0,4057.0,10.0,10.0,10.0,2.46,2322.0,790.0,1532.0,6379.0,7.0,7.0,8.0,4.57,1218.0,177.0,1041.0,7597.0,7.0,7.0,9.0,6.72,2338.0,642.0,1696.0,9935.0,11.0,11.0,12.0,6.49,999.0,782.0,217.0,10934.0,4.0,4.0,4.0,18.43,3113.0,1094.0,2019.0,14047.0,14.0,14.0,17.0,6.93,2722.0,1005.0,1717.0,16769.0,17.0,17.0,20.0,9.9,,,,,,,,,,,,,,,,,,,,,,,,,
73e093ac-2b60-4428-998c-dd842649dc4b,2025-11-22 15:00:07 UTC,False,15702.0,CFOP,Gan 12 UI Maglev,RandomForest,5517.0,15702.0,,,gan12,custom_rules,,,,8.0,0.0,0.0,15702.0,70.0,73.0,80.0,4.46,5277.0,10353.0,2553.0,0.0,2553.0,2625.0,9.0,10.0,12.0,3.53,2357.0,1069.0,1288.0,4982.0,8.0,8.0,8.0,6.21,1547.0,346.0,1201.0,6529.0,8.0,8.0,9.0,6.66,1217.0,669.0,548.0,7746.0,4.0,4.0,4.0,7.3,1660.0,628.0,1032.0,9406.0,12.0,12.0,13.0,11.63,2193.0,833.0,1360.0,11599.0,14.0,14.0,14.0,10.29,4103.0,1732.0,2371.0,15702.0,15.0,17.0,20.0,6.33,,,,,,,,,,,,,,,,,,,,,,,,,
d4715a9e-c751-4796-9c7d-12bfb171f60d,2025-11-22 15:00:41 UTC,False,15121.0,CFOP,Gan 12 UI Maglev,RandomForest,7386.0,15121.0,,,gan12,custom_rules,,,,8.0,0.0,0.0,15121.0,61.0,66.0,81.0,4.03,6337.0,8784.0,1402.0,0.0,1402.0,1402.0,7.0,7.0,7.0,4.99,2515.0,726.0,1789.0,3917.0,11.0,11.0,11.0,6.15,2334.0,1072.0,1262.0,6251.0,7.0,7.0,7.0,5.55,1248.0,732.0,516.0,7499.0,7.0,7.0,8.0,13.57,2267.0,1284.0,983.0,9766.0,8.0,8.0,11.0,8.14,2494.0,1180.0,1314.0,12260.0,11.0,11.0,14.0,8.37,2861.0,1343.0,1518.0,15121.0,10.0,15.0,23.0,6.59,,,,,,,,,,,,,,,,,,,,,,,,,
72950350-8bff-4301-a9f2-ae9b017621e6,2025-11-22 15:03:19 UTC,False,17861.0,CFOP,Gan 12 UI Maglev,RandomForest,123384.0,17861.0,,,gan12,custom_rules,,,,8.0,0.0,0.0,17861.0,62.0,63.0,71.0,3.47,6777.0,10988.0,2715.0,0.0,2715.0,2811.0,8.0,8.0,9.0,2.95,2307.0,1517.0,790.0,5118.0,9.0,9.0,9.0,11.39,1725.0,499.0,1226.0,6843.0,6.0,6.0,7.0,4.89,2174.0,1289.0,885.0,9017.0,8.0,8.0,10.0,9.04,2552.0,1457.0,1095.0,11569.0,8.0,8.0,9.0,7.31,1337.0,766.0,571.0,12906.0,8.0,8.0,9.0,14.01,4955.0,1249.0,3706.0,17861.0,15.0,16.0,18.0,4.05,,,,,,,,,,,,,,,,,,,,,,,,,
6652ad1c-a82b-4a9f-bf2b-a5a6dcf879b5,2025-11-22 15:03:53 UTC,False,13706.0,CFOP,Gan 12 UI Maglev,RandomForest,6378.0,13706.0,,,gan12,custom_rules,,,,8.0,0.0,0.0,13706.0,55.0,55.0,63.0,4.01,5532.0,8174.0,1385.0,0.0,1385.0,1385.0,5.0,5.0,7.0,3.61,1531.0,1249.0,282.0,2916.0,3.0,3.0,3.0,10.64,4066.0,539.0,3527.0,6982.0,11.0,11.0,14.0,3.12,1257.0,1063.0,194.0,8239.0,4.0,4.0,4.0,20.62,2310.0,1464.0,846.0,10549.0,10.0,10.0,10.0,11.82,1385.0,693.0,692.0,11934.0,9.0,9.0,9.0,13.01,1772.0,524.0,1248.0,13706.0,14.0,14.0,16.0,11.22,,,,,,,,,,,,,,,,,,,,,,,,,
477a62f9-17c1-4248-b4a4-9b9138ef4d60,2025-11-22 15:05:11 UTC,False,15010.0,CFOP,Gan 12 UI Maglev,RandomForest,48199.0,15010.0,,,gan12,custom_rules,,,,8.0,0.0,0.0,15010.0,67.0,69.0,73.0,4.46,5021.0,9989.0,1079.0,0.0,1079.0,1079.0,5.0,5.0,6.0,4.63,4175.0,835.0,3340.0,5254.0,12.0,13.0,13.0,3.59,2128.0,795.0,1333.0,7382.0,8.0,8.0,8.0,6.0,2231.0,1514.0,717.0,9613.0,6.0,6.0,7.0,8.37,1498.0,547.0,951.0,11111.0,11.0,11.0,12.0,11.57,1642.0,652.0,990.0,12753.0,10.0,11.0,11.0,10.1,2257.0,678.0,1579.0,15010.0,15.0,15.0,16.0,9.5,,,,,,,,,,,,,,,,,,,,,,,,,
dc7b348d-15a2-4288-910f-a71808499824,2025-11-22 15:05:51 UTC,False,14475.0,CFOP,Gan 12 UI Maglev,RandomForest,13908.0,14475.0,,,gan12,custom_rules,,,,8.0,0.0,0.0,14475.0,58.0,63.0,77.0,4.01,5097.0,9378.0,3845.0,0.0,3845.0,3845.0,12.0,12.0,14.0,3.12,0.0,0.0,0.0,3845.0,0.0,0.0,0.0,0.0,3275.0,1366.0,1909.0,7120.0,10.0,10.0,12.0,5.24,1804.0,1120.0,684.0,8924.0,8.0,8.0,8.0,11.7,1838.0,871.0,967.0,10762.0,8.0,8.0,12.0,8.27,1569.0,860.0,709.0,12331.0,9.0,9.0,10.0,12.69,2144.0,880.0,1264.0,14475.0,11.0,16.0,21.0,8.7,,,,,,,,,,,,,,,,,,,,,,,,,
866c1a12-d708-40ca-a773-df3d60ceabef,2025-11-22 15:07:44 UTC,False,16375.0,CFOP,Gan 12 UI Maglev,RandomForest,82280.0,16375.0,,,gan12,custom_rules,,,,8.0,0.0,0.0,16375.0,66.0,67.0,75.0,4.03,7037.0,9338.0,2824.0,0.0,2824.0,2824.0,9.0,9.0,10.0,3.19,450.0,233.0,217.0,3274.0,3.0,3.0,3.0,13.82,2807.0,1686.0,1121.0,6081.0,8.0,8.0,9.0,7.14,2795.0,1732.0,1063.0,8876.0,9.0,9.0,9.0,8.47,1746.0,749.0,997.0,10622.0,12.0,12.0,12.0,12.04,1888.0,959.0,929.0,12510.0,10.0,10.0,14.0,10.76,3865.0,1678.0,2187.0,16375.0,15.0,16.0,18.0,6.86,,,,,,,,,,,,,,,,,,,,,,,,,
dd765cbb-fcfa-4c6c-a1ec-33a790e34192,2025-11-22 15:08:37 UTC,False,18356.0,CFOP,Gan 12 UI Maglev,RandomForest,23461.0,18356.0,,,gan12,custom_rules,,,,8.0,0.0,0.0,18356.0,66.0,74.0,100.0,3.6,4022.0,14334.0,6709.0,0.0,6709.0,6709.0,25.0,25.0,32.0,3.73,0.0,0.0,0.0,6709.0,0.0,0.0,0.0,0.0,0.0,0.0,0.0,6709.0,0.0,0.0,0.0,0.0,2069.0,1377.0,692.0,8778.0,8.0,8.0,10.0,11.56,2424.0,830.0,1594.0,11202.0,9.0,9.0,11.0,5.65,1694.0,511.0,1183.0,12896.0,8.0,8.0,8.0,6.76,5460.0,1304.0,4156.0,18356.0,17.0,25.0,39.0,4.09,,,,,,,,,,,,,,,,,,,,,,,,,
6ddccc2c-173e-4772-9f5d-93e398e496b5,2025-11-22 15:09:41 UTC,False,22125.0,CFOP,Gan 12 UI Maglev,RandomForest,29747.0,22125.0,,,gan12,custom_rules,,,,8.0,0.0,0.0,22125.0,90.0,94.0,103.0,4.07,726.0,21399.0,13083.0,0.0,13083.0,13083.0,40.0,40.0,46.0,3.06,0.0,0.0,0.0,13083.0,0.0,0.0,0.0,0.0,4284.0,114.0,4170.0,17367.0,18.0,22.0,23.0,4.32,2287.0,282.0,2005.0,19654.0,14.0,14.0,15.0,6.98,2471.0,330.0,2141.0,22125.0,18.0,18.0,19.0,8.41,0.0,0.0,0.0,22125.0,0.0,0.0,0.0,0.0,0.0,0.0,0.0,22125.0,0.0,0.0,0.0,0.0,,,,,,,,,,,,,,,,,,,,,,,,,
be53a6ab-b8b7-4226-a179-38f47e366bfc,2025-11-22 15:10:48 UTC,False,18084.0,CFOP,Gan 12 UI Maglev,RandomForest,37223.0,18084.0,,,gan12,custom_rules,,,,8.0,0.0,0.0,18084.0,64.0,68.0,80.0,3.54,6162.0,11922.0,5230.0,0.0,5230.0,5230.0,9.0,9.0,11.0,1.72,1349.0,718.0,631.0,6579.0,6.0,6.0,7.0,9.51,2602.0,1523.0,1079.0,9181.0,11.0,11.0,13.0,10.19,2615.0,403.0,2212.0,11796.0,10.0,10.0,10.0,4.52,2073.0,1131.0,942.0,13869.0,8.0,8.0,9.0,8.49,1939.0,1101.0,838.0,15808.0,11.0,11.0,11.0,13.13,2276.0,1286.0,990.0,18084.0,9.0,13.0,19.0,9.09,,,,,,,,,,,,,,,,,,,,,,,,,
392003f5-a3ee-41b2-a80c-5627c1226ab9,2025-11-22 15:11:18 UTC,False,14216.0,CFOP,Gan 12 UI Maglev,RandomForest,6023.0,14216.0,,,gan12,custom_rules,,,,8.0,0.0,0.0,14216.0,60.0,60.0,69.0,4.22,6511.0,7705.0,1265.0,0.0,1265.0,1265.0,6.0,6.0,8.0,4.74,1173.0,955.0,218.0,2438.0,5.0,5.0,6.0,22.94,1688.0,1438.0,250.0,4126.0,5.0,5.0,6.0,20.0,3020.0,792.0,2228.0,7146.0,12.0,12.0,14.0,5.39,2293.0,903.0,1390.0,9439.0,8.0,8.0,8.0,5.76,1736.0,1092.0,644.0,11175.0,7.0,7.0,7.0,10.87,3041.0,1331.0,1710.0,14216.0,17.0,17.0,20.0,9.94,,,,,,,,,,,,,,,,,,,,,,,,,
dde2de14-20e5-402b-a8ef-49f3ab418cf5,2025-11-22 15:12:05 UTC,False,24247.0,CFOP,Gan 12 UI Maglev,RandomForest,12766.0,24247.0,,,gan12,custom_rules,,,,8.0,0.0,0.0,24247.0,85.0,86.0,97.0,3.51,9469.0,14778.0,1654.0,0.0,1654.0,1654.0,6.0,6.0,7.0,3.63,2928.0,1929.0,999.0,4582.0,7.0,7.0,8.0,7.01,6948.0,1165.0,5783.0,11530.0,21.0,21.0,23.0,3.63,4436.0,2387.0,2049.0,15966.0,10.0,11.0,12.0,4.88,2512.0,1610.0,902.0,18478.0,8.0,8.0,10.0,8.87,2701.0,1293.0,1408.0,21179.0,14.0,14.0,16.0,9.94,3068.0,1085.0,1983.0,24247.0,19.0,19.0,21.0,9.58,,,,,,,,,,,,,,,,,,,,,,,,,
15ce8a23-102b-48b6-a505-cb27d7ab496b,2025-11-22 15:12:40 UTC,False,18698.0,CFOP,Gan 12 UI Maglev,RandomForest,7247.0,18698.0,,,gan12,custom_rules,,,,8.0,0.0,0.0,18698.0,77.0,78.0,91.0,4.12,7304.0,11312.0,2822.0,0.0,2822.0,2904.0,7.0,7.0,9.0,2.48,2810.0,1851.0,959.0,5714.0,9.0,9.0,10.0,9.38,2457.0,991.0,1466.0,8171.0,9.0,10.0,12.0,6.14,1605.0,636.0,969.0,9776.0,8.0,8.0,10.0,8.26,2458.0,1718.0,740.0,12234.0,9.0,9.0,11.0,12.16,3539.0,1203.0,2336.0,15773.0,18.0,18.0,18.0,7.71,2925.0,905.0,2020.0,18698.0,17.0,17.0,21.0,8.42,,,,,,,,,,,,,,,,,,,,,,,,,
54463a65-35b0-42a1-b0b0-af14ccb368bd,2025-11-22 15:13:11 UTC,False,15815.0,CFOP,Gan 12 UI Maglev,RandomForest,6660.0,15815.0,,,gan12,custom_rules,,,,8.0,0.0,0.0,15815.0,62.0,66.0,76.0,3.92,6180.0,9570.0,1370.0,0.0,1370.0,1435.0,7.0,7.0,9.0,5.11,3275.0,2366.0,909.0,4710.0,9.0,9.0,10.0,9.9,3042.0,476.0,2566.0,7752.0,11.0,11.0,12.0,4.29,1681.0,417.0,1264.0,9433.0,8.0,8.0,8.0,6.33,2213.0,597.0,1616.0,11646.0,8.0,8.0,9.0,4.95,1857.0,914.0,943.0,13503.0,11.0,11.0,11.0,11.66,2312.0,1410.0,902.0,15815.0,8.0,12.0,17.0,8.87,,,,,,,,,,,,,,,,,,,,,,,,,
80fc79c6-880e-4fec-a153-b4d4792047a9,2025-11-22 15:13:45 UTC,False,19483.0,CFOP,Gan 12 UI Maglev,RandomForest,5321.0,19483.0,,,gan12,custom_rules,,,,8.0,0.0,0.0,19483.0,92.0,92.0,99.0,4.72,5914.0,13569.0,2610.0,0.0,2610.0,2610.0,7.0,7.0,8.0,2.68,2687.0,1371.0,1316.0,5297.0,8.0,8.0,10.0,6.08,2608.0,838.0,1770.0,7905.0,12.0,12.0,13.0,6.78,2226.0,921.0,1305.0,10131.0,13.0,13.0,14.0,9.96,2067.0,1439.0,628.0,12198.0,9.0,9.0,10.0,14.33,3726.0,338.0,3388.0,15924.0,24.0,24.0,24.0,7.08,3559.0,1007.0,2552.0,19483.0,19.0,19.0,20.0,7.45,,,,,,,,,,,,,,,,,,,,,,,,,
44c9fba3-79f1-4764-b67d-ecb3f6833cd2,2025-11-22 15:14:27 UTC,False,19407.0,CFOP,Gan 12 UI Maglev,RandomForest,12046.0,19407.0,,,gan12,custom_rules,,,,8.0,0.0,0.0,19407.0,67.0,68.0,79.0,3.45,6751.0,12656.0,4395.0,0.0,4395.0,4395.0,9.0,9.0,9.0,2.05,1094.0,328.0,766.0,5489.0,7.0,7.0,8.0,9.14,4965.0,692.0,4273.0,10454.0,17.0,18.0,20.0,3.98,2624.0,2053.0,571.0,13078.0,6.0,6.0,7.0,10.51,1952.0,1356.0,596.0,15030.0,7.0,7.0,8.0,11.74,1880.0,962.0,918.0,16910.0,11.0,11.0,14.0,11.98,2497.0,1360.0,1137.0,19407.0,10.0,10.0,13.0,8.8,,,,,,,,,,,,,,,,,,,,,,,,,
c40014c6-e1b4-4fc2-9a11-50e5dec8a2fa,2025-11-22 15:15:01 UTC,False,19582.0,CFOP,Gan 12 UI Maglev,RandomForest,5137.0,19582.0,,,gan12,custom_rules,,,,8.0,0.0,0.0,19582.0,84.0,84.0,95.0,4.29,5969.0,13613.0,2094.0,0.0,2094.0,2094.0,7.0,7.0,10.0,3.34,3146.0,1604.0,1542.0,5240.0,12.0,12.0,14.0,7.78,3805.0,975.0,2830.0,9045.0,12.0,12.0,14.0,4.24,2370.0,1032.0,1338.0,11415.0,8.0,8.0,9.0,5.98,3449.0,475.0,2974.0,14864.0,16.0,16.0,16.0,5.38,1961.0,822.0,1139.0,16825.0,13.0,13.0,14.0,11.41,2757.0,1061.0,1696.0,19582.0,16.0,16.0,18.0,9.43,,,,,,,,,,,,,,,,,,,,,,,,,
9eb15a40-d4e2-43c5-b4dd-e9bfab2638d7,2025-11-22 15:15:41 UTC,False,23300.0,CFOP,Gan 12 UI Maglev,RandomForest,7741.0,23300.0,,,gan12,custom_rules,,,,8.0,0.0,0.0,23300.0,84.0,85.0,95.0,3.61,9823.0,13477.0,3230.0,0.0,3230.0,3230.0,10.0,10.0,12.0,3.1,1629.0,573.0,1056.0,4859.0,9.0,10.0,11.0,8.52,2295.0,1289.0,1006.0,7154.0,7.0,7.0,8.0,6.96,4445.0,3816.0,629.0,11599.0,9.0,9.0,11.0,14.31,3976.0,2340.0,1636.0,15575.0,11.0,11.0,12.0,6.72,4621.0,870.0,3751.0,20196.0,19.0,19.0,20.0,5.07,3104.0,935.0,2169.0,23300.0,19.0,19.0,21.0,8.76,,,,,,,,,,,,,,,,,,,,,,,,,
c1622025-9bfb-4540-b4a7-95b5db827a6f,2025-11-22 15:16:13 UTC,False,17441.0,CFOP,Gan 12 UI Maglev,RandomForest,4329.0,17441.0,,,gan12,custom_rules,,,,8.0,0.0,0.0,17441.0,65.0,69.0,78.0,3.73,6995.0,10446.0,2295.0,0.0,2295.0,2295.0,9.0,9.0,9.0,3.92,1933.0,773.0,1160.0,4228.0,6.0,6.0,7.0,5.17,2041.0,1506.0,535.0,6269.0,6.0,7.0,7.0,11.21,2954.0,1361.0,1593.0,9223.0,9.0,9.0,14.0,5.65,1488.0,781.0,707.0,10711.0,8.0,8.0,8.0,11.32,2722.0,757.0,1965.0,13433.0,11.0,13.0,13.0,5.6,4008.0,1817.0,2191.0,17441.0,16.0,17.0,20.0,7.3,,,,,,,,,,,,,,,,,,,,,,,,,
a2a6b6cb-2d03-4690-b7f2-1f3b038af73a,2025-11-22 15:17:46 UTC,False,19126.0,CFOP,Gan 12 UI Maglev,RandomForest,64960.0,19126.0,,,gan12,custom_rules,,,,8.0,0.0,0.0,19126.0,68.0,72.0,79.0,3.56,5489.0,13403.0,5968.0,0.0,5968.0,6202.0,12.0,15.0,17.0,2.01,0.0,0.0,0.0,6202.0,0.0,0.0,0.0,0.0,2320.0,1028.0,1292.0,8522.0,8.0,8.0,10.0,6.19,3574.0,1008.0,2566.0,12096.0,11.0,12.0,12.0,4.29,2022.0,1153.0,869.0,14118.0,10.0,10.0,11.0,11.51,2416.0,1221.0,1195.0,16534.0,12.0,12.0,13.0,10.04,2592.0,1079.0,1513.0,19126.0,15.0,15.0,16.0,9.91,,,,,,,,,,,,,,,,,,,,,,,,,
0ff082a2-06a4-4677-b580-8784e7fcb3ce,2025-11-22 15:18:25 UTC,False,14553.0,CFOP,Gan 12 UI Maglev,RandomForest,14602.0,14553.0,,,gan12,custom_rules,,,,8.0,0.0,0.0,14553.0,71.0,76.0,80.0,4.88,5205.0,9073.0,943.0,0.0,943.0,1218.0,6.0,7.0,7.0,6.36,1663.0,937.0,726.0,2881.0,8.0,8.0,8.0,11.02,3879.0,1188.0,2691.0,6760.0,17.0,18.0,20.0,6.32,1367.0,456.0,911.0,8127.0,8.0,8.0,8.0,8.78,1347.0,840.0,507.0,9474.0,8.0,8.0,8.0,15.78,2108.0,722.0,1386.0,11582.0,10.0,11.0,11.0,7.22,2971.0,1062.0,1909.0,14553.0,14.0,16.0,18.0,7.33,,,,,,,,,,,,,,,,,,,,,,,,,
0b46aad2-e378-4b1a-b1a7-2b2e7526dee3,2025-11-22 15:19:14 UTC,False,15411.0,CFOP,Gan 12 UI Maglev,RandomForest,25705.0,15411.0,,,gan12,custom_rules,,,,8.0,0.0,0.0,15411.0,62.0,68.0,77.0,4.02,5277.0,10134.0,3147.0,0.0,3147.0,3147.0,8.0,9.0,10.0,2.54,1958.0,765.0,1193.0,5105.0,7.0,7.0,8.0,5.87,1747.0,724.0,1023.0,6852.0,7.0,7.0,8.0,6.84,1638.0,688.0,950.0,8490.0,8.0,8.0,8.0,8.42,2010.0,925.0,1085.0,10500.0,8.0,8.0,9.0,7.37,2345.0,1395.0,950.0,12845.0,13.0,13.0,14.0,13.68,2566.0,780.0,1786.0,15411.0,12.0,17.0,20.0,6.72,,,,,,,,,,,,,,,,,,,,,,,,,
42114e12-c42f-41b2-9114-8133db7defc2,2025-11-22 15:19:46 UTC,False,18431.0,CFOP,Gan 12 UI Maglev,RandomForest,3887.0,18431.0,,,gan12,custom_rules,,,,8.0,0.0,0.0,18431.0,70.0,70.0,85.0,3.8,7980.0,10403.0,1394.0,0.0,1394.0,1442.0,6.0,6.0,8.0,4.3,2184.0,1217.0,967.0,3626.0,8.0,8.0,10.0,8.27,1983.0,1323.0,660.0,5609.0,6.0,6.0,7.0,9.09,1778.0,1609.0,169.0,7387.0,5.0,5.0,6.0,29.59,3615.0,1726.0,1889.0,11002.0,8.0,8.0,9.0,4.24,4478.0,1121.0,3357.0,15480.0,20.0,20.0,26.0,5.96,2951.0,984.0,1967.0,18431.0,17.0,17.0,19.0,8.64,,,,,,,,,,,,,,,,,,,,,,,,,
6bb75ab8-3ea9-40f5-ab27-0d9e53015a7e,2025-11-22 15:20:23 UTC,False,17182.0,CFOP,Gan 12 UI Maglev,RandomForest,8123.0,17182.0,,,gan12,custom_rules,,,,8.0,0.0,0.0,17182.0,67.0,68.0,80.0,3.9,6525.0,10657.0,1409.0,0.0,1409.0,1409.0,6.0,6.0,6.0,4.26,3067.0,1299.0,1768.0,4476.0,11.0,11.0,14.0,6.22,2504.0,1505.0,999.0,6980.0,8.0,8.0,10.0,8.01,2450.0,647.0,1803.0,9430.0,7.0,7.0,9.0,3.88,1916.0,499.0,1417.0,11346.0,8.0,8.0,9.0,5.65,2283.0,1106.0,1177.0,13629.0,11.0,11.0,12.0,9.35,3553.0,1469.0,2084.0,17182.0,16.0,17.0,20.0,7.68,,,,,,,,,,,,,,,,,,,,,,,,,
c923c91b-79b2-4444-a1dd-b30fa560084b,2025-11-22 15:20:59 UTC,False,14132.0,CFOP,Gan 12 UI Maglev,RandomForest,12506.0,14132.0,,,gan12,custom_rules,,,,8.0,0.0,0.0,14132.0,68.0,70.0,80.0,4.81,5274.0,8802.0,2520.0,0.0,2520.0,2576.0,9.0,9.0,12.0,3.57,2588.0,1379.0,1209.0,5164.0,9.0,9.0,11.0,7.44,1657.0,851.0,806.0,6821.0,8.0,8.0,9.0,9.93,1299.0,362.0,937.0,8120.0,7.0,7.0,8.0,7.47,1592.0,705.0,887.0,9712.0,11.0,11.0,12.0,12.4,1578.0,854.0,724.0,11290.0,9.0,9.0,9.0,12.43,2842.0,1123.0,1719.0,14132.0,15.0,17.0,19.0,8.73,,,,,,,,,,,,,,,,,,,,,,,,,
cbb01a0e-bbec-4609-8572-8702d2945d67,2025-11-22 15:21:28 UTC,False,16168.0,CFOP,Gan 12 UI Maglev,RandomForest,3778.0,16168.0,,,gan12,custom_rules,,,,8.0,0.0,0.0,16168.0,74.0,75.0,79.0,4.58,6867.0,9253.0,1281.0,0.0,1281.0,1329.0,5.0,5.0,6.0,3.9,4076.0,1571.0,2505.0,5405.0,11.0,12.0,12.0,4.39,2905.0,2284.0,621.0,8310.0,8.0,8.0,9.0,12.88,960.0,686.0,274.0,9270.0,4.0,4.0,4.0,14.6,1600.0,741.0,859.0,10870.0,12.0,12.0,12.0,13.97,1793.0,773.0,1020.0,12663.0,12.0,12.0,12.0,11.76,3505.0,812.0,2693.0,16168.0,22.0,22.0,24.0,8.17,,,,,,,,,,,,,,,,,,,,,,,,,
1fb790b8-61a5-49e8-9fa5-26a14de8b61e,2025-11-22 15:22:24 UTC,False,23071.0,CFOP,Gan 12 UI Maglev,RandomForest,6340.0,23071.0,,,gan12,custom_rules,,,,8.0,0.0,0.0,23071.0,74.0,75.0,90.0,3.21,9974.0,13097.0,2201.0,0.0,2201.0,2201.0,9.0,9.0,10.0,4.09,2092.0,1335.0,757.0,4293.0,8.0,8.0,8.0,10.57,2900.0,1238.0,1662.0,7193.0,10.0,10.0,13.0,6.02,1671.0,1105.0,566.0,8864.0,8.0,8.0,9.0,14.13,8123.0,3606.0,4517.0,16987.0,15.0,16.0,18.0,3.32,2878.0,988.0,1890.0,19865.0,13.0,13.0,16.0,6.88,3206.0,1702.0,1504.0,23071.0,11.0,11.0,16.0,7.31,,,,,,,,,,,,,,,,,,,,,,,,,
6a4350c4-3dff-42d4-96f4-19f5fb2e2a29,2025-11-22 15:23:33 UTC,False,14884.0,CFOP,Gan 12 UI Maglev,RandomForest,8625.0,14884.0,,,gan12,custom_rules,,,,8.0,0.0,0.0,14884.0,75.0,78.0,87.0,5.04,5200.0,9684.0,1434.0,0.0,1434.0,1434.0,6.0,6.0,8.0,4.18,1397.0,515.0,882.0,2831.0,8.0,9.0,9.0,9.07,1603.0,773.0,830.0,4434.0,11.0,11.0,12.0,13.25,3179.0,1128.0,2051.0,7613.0,14.0,15.0,16.0,6.83,1863.0,234.0,1629.0,9476.0,11.0,11.0,12.0,6.75,1641.0,981.0,660.0,11117.0,7.0,7.0,7.0,10.61,3767.0,1569.0,2198.0,14884.0,18.0,19.0,23.0,8.19,,,,,,,,,,,,,,,,,,,,,,,,,
6c097a55-f403-4fcd-9b08-04832dfa531d,2025-11-22 15:24:12 UTC,False,22808.0,CFOP,Gan 12 UI Maglev,RandomForest,5241.0,22808.0,,,gan12,custom_rules,,,,8.0,0.0,0.0,22808.0,95.0,95.0,105.0,4.17,7089.0,15719.0,1872.0,0.0,1872.0,1872.0,7.0,7.0,7.0,3.74,1543.0,846.0,697.0,3415.0,7.0,7.0,7.0,10.04,2777.0,2237.0,540.0,6192.0,9.0,9.0,11.0,16.67,8747.0,1495.0,7252.0,14939.0,33.0,33.0,35.0,4.55,2588.0,844.0,1744.0,17527.0,11.0,11.0,13.0,6.31,1989.0,838.0,1151.0,19516.0,12.0,12.0,13.0,10.43,3292.0,829.0,2463.0,22808.0,16.0,16.0,19.0,6.5,,,,,,,,,,,,,,,,,,,,,,,,,
d082ed51-339d-4b79-922a-d99f75d37494,2025-11-22 15:25:13 UTC,False,20435.0,CFOP,Gan 12 UI Maglev,RandomForest,30656.0,20435.0,,,gan12,custom_rules,,,,8.0,0.0,0.0,20435.0,71.0,76.0,91.0,3.47,7079.0,13356.0,4514.0,0.0,4514.0,4514.0,11.0,12.0,13.0,2.44,4786.0,2009.0,2777.0,9300.0,18.0,18.0,20.0,6.48,2781.0,1226.0,1555.0,12081.0,9.0,9.0,10.0,5.79,1628.0,628.0,1000.0,13709.0,8.0,8.0,10.0,8.0,2013.0,959.0,1054.0,15722.0,8.0,8.0,10.0,7.59,1884.0,1240.0,644.0,17606.0,8.0,8.0,8.0,12.42,2829.0,1017.0,1812.0,20435.0,9.0,13.0,20.0,4.97,,,,,,,,,,,,,,,,,,,,,,,,,
85873f18-0e79-4909-90a0-a08b2cb4e229,2025-11-22 15:26:03 UTC,False,27014.0,CFOP,Gan 12 UI Maglev,RandomForest,12381.0,27014.0,,,gan12,custom_rules,,,,8.0,0.0,0.0,27014.0,87.0,89.0,100.0,3.22,9399.0,17615.0,3742.0,0.0,3742.0,3742.0,11.0,11.0,11.0,2.94,6827.0,5451.0,1376.0,10569.0,8.0,8.0,9.0,5.81,2753.0,266.0,2487.0,13322.0,13.0,13.0,16.0,5.23,2030.0,588.0,1442.0,15352.0,8.0,8.0,10.0,5.55,2410.0,97.0,2313.0,17762.0,11.0,11.0,12.0,4.76,5002.0,861.0,4141.0,22764.0,20.0,21.0,21.0,4.83,4250.0,2136.0,2114.0,27014.0,17.0,18.0,21.0,8.04,,,,,,,,,,,,,,,,,,,,,,,,,
3588e6dc-526b-4f7c-9cbd-1c4a7f5ae0bd,2025-11-22 15:26:33 UTC,False,12571.0,CFOP,Gan 12 UI Maglev,RandomForest,6183.0,12571.0,,,gan12,custom_rules,,,,8.0,0.0,0.0,12571.0,47.0,48.0,53.0,3.74,7402.0,5169.0,1063.0,0.0,1063.0,1063.0,5.0,5.0,6.0,4.7,3243.0,2437.0,806.0,4306.0,7.0,8.0,8.0,8.68,1477.0,1187.0,290.0,5783.0,4.0,4.0,5.0,13.79,963.0,777.0,186.0,6746.0,3.0,3.0,3.0,16.13,1824.0,587.0,1237.0,8570.0,12.0,12.0,12.0,9.7,1271.0,724.0,547.0,9841.0,7.0,7.0,7.0,12.8,2730.0,1690.0,1040.0,12571.0,9.0,9.0,12.0,8.65,,,,,,,,,,,,,,,,,,,,,,,,,
65303927-f2bb-427f-9ef2-ceda3a5244f0,2025-11-22 15:27:06 UTC,False,17924.0,CFOP,Gan 12 UI Maglev,RandomForest,4835.0,17924.0,,,gan12,custom_rules,,,,8.0,0.0,0.0,17924.0,64.0,66.0,74.0,3.57,6815.0,11109.0,2921.0,0.0,2921.0,2921.0,9.0,9.0,12.0,3.08,2316.0,776.0,1540.0,5237.0,11.0,11.0,11.0,7.14,3024.0,1992.0,1032.0,8261.0,8.0,8.0,8.0,7.75,2514.0,1124.0,1390.0,10775.0,7.0,7.0,8.0,5.04,1723.0,782.0,941.0,12498.0,6.0,7.0,8.0,6.38,1772.0,765.0,1007.0,14270.0,7.0,7.0,8.0,6.95,3654.0,1376.0,2278.0,17924.0,16.0,17.0,19.0,7.02,,,,,,,,,,,,,,,,,,,,,,,,,
3d599a49-6ad1-40db-a9cd-3ce61f3d103a,2025-11-22 15:27:38 UTC,False,17639.0,CFOP,Gan 12 UI Maglev,RandomForest,5635.0,17639.0,,,gan12,custom_rules,,,,8.0,0.0,0.0,17639.0,70.0,71.0,85.0,3.97,8473.0,9166.0,2012.0,0.0,2012.0,2012.0,8.0,8.0,9.0,3.98,1857.0,934.0,923.0,3869.0,8.0,8.0,9.0,8.67,2245.0,1794.0,451.0,6114.0,8.0,8.0,10.0,17.74,3183.0,2442.0,741.0,9297.0,9.0,9.0,12.0,12.15,1609.0,675.0,934.0,10906.0,12.0,12.0,14.0,12.85,1682.0,1094.0,588.0,12588.0,8.0,8.0,9.0,13.61,5051.0,1534.0,3517.0,17639.0,17.0,18.0,22.0,4.83,,,,,,,,,,,,,,,,,,,,,,,,,
96ff26f5-af13-4d46-9784-7001f5bac443,2025-11-22 15:28:19 UTC,False,21181.0,CFOP,Gan 12 UI Maglev,RandomForest,8202.0,21181.0,,,gan12,custom_rules,,,,8.0,0.0,0.0,21181.0,85.0,86.0,93.0,4.01,8298.0,12810.0,2417.0,0.0,2417.0,2490.0,7.0,7.0,9.0,2.9,4080.0,1649.0,2431.0,6570.0,12.0,12.0,12.0,4.94,3642.0,2584.0,1058.0,10212.0,6.0,7.0,8.0,5.67,2178.0,1168.0,1010.0,12390.0,8.0,8.0,10.0,7.92,3715.0,972.0,2743.0,16105.0,21.0,21.0,21.0,7.66,1612.0,620.0,992.0,17717.0,12.0,12.0,12.0,12.1,3464.0,1305.0,2159.0,21181.0,19.0,19.0,21.0,8.8,,,,,,,,,,,,,,,,,,,,,,,,,
ecfb767c-548e-45c2-b9a6-4592033ebb4c,2025-11-22 15:29:07 UTC,False,22682.0,CFOP,Gan 12 UI Maglev,RandomForest,15993.0,22682.0,,,gan12,custom_rules,,,,8.0,0.0,0.0,22682.0,69.0,70.0,81.0,3.04,6296.0,16386.0,9020.0,0.0,9020.0,9020.0,17.0,17.0,20.0,1.88,0.0,0.0,0.0,9020.0,0.0,0.0,0.0,0.0,2336.0,669.0,1667.0,11356.0,8.0,8.0,9.0,4.8,2707.0,1111.0,1596.0,14063.0,11.0,11.0,15.0,6.89,3130.0,1871.0,1259.0,17193.0,8.0,8.0,8.0,6.35,2510.0,1551.0,959.0,19703.0,9.0,9.0,10.0,9.38,2979.0,1094.0,1885.0,22682.0,16.0,17.0,19.0,8.49,,,,,,,,,,,,,,,,,,,,,,,,,
2e794c31-85bb-4d54-8006-6aac9029e12b,2025-11-22 15:29:47 UTC,False,21952.0,CFOP,Gan 12 UI Maglev,RandomForest,8500.0,21952.0,,,gan12,custom_rules,,,,8.0,0.0,0.0,21952.0,74.0,74.0,88.0,3.37,9284.0,12665.0,1349.0,0.0,1349.0,1352.0,5.0,5.0,7.0,3.71,1927.0,1210.0,717.0,3279.0,8.0,8.0,8.0,11.16,6461.0,2786.0,3675.0,9740.0,13.0,13.0,15.0,3.54,1886.0,967.0,919.0,11626.0,7.0,7.0,7.0,7.62,2139.0,1616.0,523.0,13765.0,7.0,7.0,7.0,13.38,2036.0,822.0,1214.0,15801.0,12.0,12.0,13.0,9.88,6151.0,1883.0,4268.0,21952.0,22.0,22.0,31.0,5.15,,,,,,,,,,,,,,,,,,,,,,,,,
5994181a-a9a0-4624-8e74-dc93a05eb909,2025-11-22 15:30:29 UTC,False,16635.0,CFOP,Gan 12 UI Maglev,RandomForest,15903.0,16635.0,,,gan12,custom_rules,,,,8.0,0.0,0.0,16635.0,56.0,57.0,65.0,3.37,7702.0,8933.0,3487.0,0.0,3487.0,3487.0,9.0,10.0,11.0,2.58,3327.0,3086.0,241.0,6814.0,3.0,3.0,3.0,12.45,1735.0,1389.0,346.0,8549.0,4.0,4.0,5.0,11.56,1856.0,508.0,1348.0,10405.0,7.0,7.0,9.0,5.19,1412.0,701.0,711.0,11817.0,8.0,8.0,8.0,11.25,1814.0,889.0,925.0,13631.0,9.0,9.0,10.0,9.73,3004.0,1129.0,1875.0,16635.0,16.0,16.0,19.0,8.53,,,,,,,,,,,,,,,,,,,,,,,,,
7be67671-befd-4a8d-b80b-83e5a7928093,2025-11-22 15:30:54 UTC,False,12355.0,CFOP,Gan 12 UI Maglev,RandomForest,4134.0,12355.0,,,gan12,custom_rules,,,,8.0,0.0,0.0,12355.0,59.0,60.0,69.0,4.78,5197.0,7158.0,950.0,0.0,950.0,950.0,5.0,5.0,6.0,5.26,2128.0,856.0,1272.0,3078.0,9.0,9.0,9.0,7.08,1392.0,353.0,1039.0,4470.0,8.0,8.0,10.0,7.7,2307.0,985.0,1322.0,6777.0,8.0,8.0,9.0,6.05,1330.0,911.0,419.0,8107.0,8.0,8.0,9.0,19.09,1420.0,799.0,621.0,9527.0,8.0,8.0,10.0,12.88,2828.0,1293.0,1535.0,12355.0,13.0,14.0,16.0,8.47,,,,,,,,,,,,,,,,,,,,,,,,,
2949eb6a-6203-4330-91f7-998b30239598,2025-11-22 15:31:24 UTC,False,17947.0,CFOP,Gan 12 UI Maglev,RandomForest,3023.0,17947.0,,,gan12,custom_rules,,,,8.0,0.0,0.0,17947.0,81.0,81.0,87.0,4.51,5414.0,12533.0,1542.0,0.0,1542.0,1542.0,8.0,8.0,9.0,5.19,1859.0,314.0,1545.0,3401.0,7.0,7.0,8.0,4.53,2304.0,1040.0,1264.0,5705.0,12.0,12.0,13.0,9.49,2690.0,528.0,2162.0,8395.0,12.0,12.0,13.0,5.55,3179.0,588.0,2591.0,11574.0,15.0,15.0,16.0,5.79,1757.0,716.0,1041.0,13331.0,9.0,9.0,9.0,8.65,4616.0,2228.0,2388.0,17947.0,19.0,19.0,19.0,7.96,,,,,,,,,,,,,,,,,,,,,,,,,
455f557e-ee5e-4687-bc18-af84aad77965,2025-11-22 15:31:54 UTC,False,16145.0,CFOP,Gan 12 UI Maglev,RandomForest,3908.0,16145.0,,,gan12,custom_rules,,,,8.0,0.0,0.0,16145.0,70.0,71.0,75.0,4.34,6933.0,9212.0,1607.0,0.0,1607.0,1607.0,9.0,9.0,9.0,5.6,1567.0,1329.0,238.0,3174.0,4.0,4.0,4.0,16.81,1790.0,620.0,1170.0,4964.0,8.0,8.0,9.0,6.84,3455.0,1223.0,2232.0,8419.0,11.0,11.0,11.0,4.93,1300.0,484.0,816.0,9719.0,7.0,7.0,7.0,8.58,2378.0,1240.0,1138.0,12097.0,14.0,14.0,14.0,12.3,4048.0,2037.0,2011.0,16145.0,17.0,18.0,21.0,8.45,,,,,,,,,,,,,,,,,,,,,,,,,
3b5913b7-e426-478b-bc6f-339b3918de0d,2025-11-22 15:32:33 UTC,False,16434.0,CFOP,Gan 12 UI Maglev,RandomForest,11729.0,16434.0,,,gan12,custom_rules,,,,8.0,0.0,0.0,16434.0,66.0,67.0,74.0,4.02,6467.0,9967.0,3306.0,0.0,3306.0,3306.0,10.0,10.0,13.0,3.02,1506.0,451.0,1055.0,4812.0,7.0,7.0,7.0,6.64,1207.0,1046.0,161.0,6019.0,4.0,4.0,5.0,24.84,2206.0,1489.0,717.0,8225.0,6.0,6.0,7.0,8.37,2112.0,1329.0,783.0,10337.0,9.0,9.0,9.0,11.49,2381.0,954.0,1427.0,12718.0,13.0,13.0,13.0,9.11,3716.0,1198.0,2518.0,16434.0,17.0,18.0,20.0,6.75,,,,,,,,,,,,,,,,,,,,,,,,,
eb2134f5-d334-40b6-83e7-a94fbad7143f,2025-11-22 15:33:10 UTC,False,15309.0,CFOP,Gan 12 UI Maglev,RandomForest,10382.0,15309.0,,,gan12,custom_rules,,,,8.0,0.0,0.0,15309.0,68.0,68.0,80.0,4.44,3459.0,11850.0,7207.0,0.0,7207.0,7207.0,26.0,26.0,29.0,3.61,0.0,0.0,0.0,7207.0,0.0,0.0,0.0,0.0,0.0,0.0,0.0,7207.0,0.0,0.0,0.0,0.0,2044.0,1072.0,972.0,9251.0,8.0,8.0,10.0,8.23,1185.0,694.0,491.0,10436.0,7.0,7.0,7.0,14.26,1832.0,887.0,945.0,12268.0,10.0,10.0,13.0,10.58,3041.0,806.0,2235.0,15309.0,17.0,17.0,21.0,7.61,,,,,,,,,,,,,,,,,,,,,,,,,
983cd7fc-5233-44b2-b77c-745ed994f3c3,2025-11-22 15:33:45 UTC,False,14407.0,CFOP,Gan 12 UI Maglev,RandomForest,7229.0,14407.0,,,gan12,custom_rules,,,,8.0,0.0,0.0,14407.0,74.0,75.0,85.0,5.14,4776.0,9631.0,2591.0,0.0,2591.0,2591.0,8.0,8.0,8.0,3.09,1115.0,668.0,447.0,3706.0,6.0,6.0,7.0,13.42,1337.0,484.0,853.0,5043.0,8.0,8.0,9.0,9.38,2021.0,701.0,1320.0,7064.0,11.0,12.0,13.0,8.33,2210.0,962.0,1248.0,9274.0,11.0,11.0,14.0,8.81,3238.0,1250.0,1988.0,12512.0,15.0,15.0,17.0,7.55,1895.0,711.0,1184.0,14407.0,15.0,15.0,17.0,12.67,,,,,,,,,,,,,,,,,,,,,,,,,
7c415580-407c-415c-89ab-f29d76b2917f,2025-11-22 15:34:25 UTC,False,26678.0,CFOP,Gan 12 UI Maglev,RandomForest,3598.0,26678.0,,,gan12,custom_rules,,,,8.0,0.0,0.0,26678.0,104.0,105.0,116.0,3.9,4268.0,22410.0,1888.0,0.0,1888.0,1888.0,9.0,9.0,9.0,4.77,2256.0,298.0,1958.0,4144.0,11.0,11.0,11.0,5.62,3706.0,1478.0,2228.0,7850.0,12.0,12.0,15.0,5.39,2194.0,311.0,1883.0,10044.0,8.0,8.0,9.0,4.25,1484.0,612.0,872.0,11528.0,8.0,8.0,9.0,9.17,11385.0,581.0,10804.0,22913.0,34.0,35.0,39.0,3.15,3765.0,988.0,2777.0,26678.0,22.0,22.0,24.0,7.92,,,,,,,,,,,,,,,,,,,,,,,,,
83725574-e610-423a-bb96-a9fae8f8a2a3,2025-11-22 15:35:00 UTC,False,18310.0,CFOP,Gan 12 UI Maglev,RandomForest,7796.0,18310.0,,,gan12,custom_rules,,,,8.0,0.0,0.0,18310.0,83.0,85.0,95.0,4.53,6514.0,11796.0,2164.0,0.0,2164.0,2164.0,7.0,7.0,10.0,3.23,1254.0,378.0,876.0,3418.0,7.0,7.0,8.0,7.99,4194.0,942.0,3252.0,7612.0,19.0,20.0,22.0,5.84,1877.0,951.0,926.0,9489.0,8.0,8.0,9.0,8.64,2747.0,2215.0,532.0,12236.0,8.0,8.0,8.0,15.04,2804.0,908.0,1896.0,15040.0,17.0,17.0,17.0,8.97,3270.0,1120.0,2150.0,18310.0,17.0,18.0,21.0,7.91,,,,,,,,,,,,,,,,,,,,,,,,,
328a06b6-85fa-494c-a50f-491d7007a1c6,2025-11-22 15:35:34 UTC,False,17963.0,CFOP,Gan 12 UI Maglev,RandomForest,4978.0,17963.0,,,gan12,custom_rules,,,,8.0,0.0,0.0,17963.0,73.0,75.0,83.0,4.06,6481.0,11482.0,2449.0,0.0,2449.0,2449.0,7.0,7.0,9.0,2.86,1991.0,1185.0,806.0,4440.0,6.0,7.0,8.0,7.44,3427.0,700.0,2727.0,7867.0,16.0,16.0,18.0,5.87,2276.0,834.0,1442.0,10143.0,7.0,7.0,7.0,4.85,2133.0,1416.0,717.0,12276.0,8.0,8.0,8.0,11.16,2292.0,805.0,1487.0,14568.0,13.0,13.0,13.0,8.74,3395.0,1541.0,1854.0,17963.0,16.0,17.0,20.0,8.63,,,,,,,,,,,,,,,,,,,,,,,,,
236447d5-dc91-4461-809f-b9dbf9e7581b,2025-11-22 15:35:59 UTC,False,13068.0,CFOP,Gan 12 UI Maglev,RandomForest,4324.0,13068.0,,,gan12,custom_rules,,,,8.0,0.0,0.0,13068.0,57.0,57.0,63.0,4.36,6161.0,6907.0,1911.0,0.0,1911.0,1911.0,8.0,8.0,8.0,4.19,1306.0,461.0,845.0,3217.0,8.0,8.0,9.0,9.47,1824.0,1316.0,508.0,5041.0,6.0,6.0,10.0,11.81,2653.0,1118.0,1535.0,7694.0,12.0,12.0,12.0,7.82,2067.0,1841.0,226.0,9761.0,4.0,4.0,4.0,17.7,0.0,0.0,0.0,9761.0,0.0,0.0,0.0,0.0,3307.0,1425.0,1882.0,13068.0,19.0,19.0,20.0,10.1,,,,,,,,,,,,,,,,,,,,,,,,,
47f1b81e-aa87-4b64-82c7-9494bf0e23ab,2025-11-22 15:45:02 UTC,False,14481.0,CFOP,Gan 12 UI Maglev,RandomForest,61256.0,14481.0,,,gan12,custom_rules,,,,8.0,0.0,0.0,14481.0,64.0,64.0,75.0,4.42,5248.0,9233.0,1953.0,0.0,1953.0,1953.0,4.0,4.0,6.0,2.05,1974.0,701.0,1273.0,3927.0,7.0,7.0,8.0,5.5,2150.0,1127.0,1023.0,6077.0,7.0,7.0,9.0,6.84,1877.0,1208.0,669.0,7954.0,8.0,8.0,8.0,11.96,1608.0,564.0,1044.0,9562.0,12.0,12.0,13.0,11.49,1825.0,770.0,1055.0,11387.0,12.0,12.0,13.0,11.37,3094.0,878.0,2216.0,14481.0,14.0,14.0,18.0,6.32,,,,,,,,,,,,,,,,,,,,,,,,,
3749ce43-4e9e-4c55-a968-2cc22fb5d7ba,2025-11-22 15:45:48 UTC,False,14535.0,CFOP,Gan 12 UI Maglev,RandomForest,22837.0,14535.0,,,gan12,custom_rules,,,,8.0,0.0,0.0,14535.0,63.0,66.0,74.0,4.33,5000.0,9487.0,2890.0,0.0,2890.0,2938.0,11.0,11.0,13.0,3.81,0.0,0.0,0.0,2938.0,0.0,0.0,0.0,0.0,1441.0,853.0,588.0,4379.0,8.0,8.0,9.0,13.61,1739.0,926.0,813.0,6118.0,9.0,9.0,9.0,11.07,2452.0,789.0,1663.0,8570.0,8.0,8.0,8.0,4.81,2625.0,1225.0,1400.0,11195.0,11.0,13.0,14.0,7.86,3340.0,1207.0,2133.0,14535.0,16.0,17.0,21.0,7.5,,,,,,,,,,,,,,,,,,,,,,,,,
d39f9d49-99b1-4068-9f39-8e9cba59f1fe,2025-11-22 15:47:22 UTC,False,8951.0,CFOP,Gan 12 UI Maglev,RandomForest,59096.0,8951.0,,,gan12,custom_rules,0.0,1.0,0.0,8.0,0.0,0.0,8951.0,44.0,44.0,55.0,4.92,3153.0,5766.0,1882.0,0.0,1882.0,1914.0,10.0,10.0,15.0,5.31,0.0,0.0,0.0,1914.0,0.0,0.0,0.0,0.0,0.0,0.0,0.0,1914.0,0.0,0.0,0.0,0.0,805.0,378.0,427.0,2719.0,3.0,3.0,4.0,7.03,1567.0,745.0,822.0,4286.0,8.0,8.0,9.0,9.73,2216.0,918.0,1298.0,6502.0,14.0,14.0,15.0,10.79,2449.0,1112.0,1337.0,8951.0,9.0,9.0,12.0,6.73,,,,,,,,,,,,,,,,,,,,,,,,,
50c34382-3598-4f02-ab75-c84d57660357,2025-11-22 15:59:02 UTC,False,33681.0,CFOP,Gan 12 UI Maglev,RandomForest,11309.0,33681.0,,,gan12,custom_rules,,,,8.0,0.0,0.0,33681.0,110.0,111.0,130.0,3.27,6941.0,26740.0,1665.0,0.0,1665.0,1665.0,6.0,7.0,8.0,3.6,3086.0,1564.0,1522.0,4751.0,7.0,7.0,8.0,4.6,3301.0,654.0,2647.0,8052.0,12.0,12.0,14.0,4.53,1887.0,403.0,1484.0,9939.0,7.0,7.0,7.0,4.72,3165.0,1551.0,1614.0,13104.0,14.0,14.0,15.0,8.67,2738.0,1764.0,974.0,15842.0,8.0,8.0,11.0,8.21,17839.0,1005.0,16834.0,33681.0,56.0,56.0,67.0,3.33,,,,,,,,,,,,,,,,,,,,,,,,,
f037c0cd-03de-409c-8de0-f07f43cf7a49,2025-11-23 09:36:11 UTC,False,17674.0,CFOP,Gan 12 UI Maglev,RandomForest,15586.0,17674.0,,,gan12,custom_rules,,,,8.0,0.0,0.0,17674.0,59.0,59.0,63.0,3.34,6914.0,10696.0,5837.0,0.0,5837.0,5901.0,13.0,13.0,16.0,2.23,0.0,0.0,0.0,5901.0,0.0,0.0,0.0,0.0,2036.0,1014.0,1022.0,7937.0,12.0,12.0,13.0,11.74,2843.0,2232.0,611.0,10780.0,8.0,8.0,8.0,13.09,2867.0,2232.0,635.0,13647.0,8.0,8.0,8.0,12.6,0.0,0.0,0.0,13647.0,0.0,0.0,0.0,0.0,4027.0,1436.0,2591.0,17674.0,18.0,18.0,18.0,6.95,,,,,,,,,,,,,,,,,,,,,,,,,
42f2f557-1563-4402-a3ef-2919847dc418,2025-11-23 09:36:59 UTC,False,20057.0,CFOP,Gan 12 UI Maglev,RandomForest,13926.0,20057.0,,,gan12,custom_rules,,,,8.0,0.0,0.0,20057.0,81.0,82.0,89.0,4.04,6418.0,13639.0,4330.0,0.0,4330.0,4330.0,20.0,20.0,23.0,4.62,0.0,0.0,0.0,4330.0,0.0,0.0,0.0,0.0,3173.0,1617.0,1556.0,7503.0,11.0,11.0,13.0,7.07,3331.0,1849.0,1482.0,10834.0,10.0,11.0,11.0,6.75,1937.0,1348.0,589.0,12771.0,8.0,8.0,9.0,13.58,2278.0,717.0,1561.0,15049.0,14.0,14.0,15.0,8.97,5008.0,887.0,4121.0,20057.0,18.0,18.0,18.0,4.37,,,,,,,,,,,,,,,,,,,,,,,,,
c197a999-9f0a-466d-a310-6a7656190bd8,2025-11-23 09:37:45 UTC,False,18412.0,CFOP,Gan 12 UI Maglev,RandomForest,18200.0,18412.0,,,gan12,custom_rules,,,,8.0,0.0,0.0,18412.0,78.0,79.0,87.0,4.24,5294.0,12828.0,1694.0,0.0,1694.0,1984.0,7.0,8.0,9.0,4.13,3113.0,1747.0,1366.0,5097.0,8.0,8.0,9.0,5.86,2286.0,378.0,1908.0,7383.0,11.0,11.0,11.0,5.77,2136.0,1048.0,1088.0,9519.0,8.0,8.0,11.0,7.35,2669.0,774.0,1895.0,12188.0,12.0,12.0,13.0,6.33,2824.0,549.0,2275.0,15012.0,17.0,17.0,17.0,7.47,3400.0,798.0,2602.0,18412.0,15.0,15.0,17.0,5.76,,,,,,,,,,,,,,,,,,,,,,,,,
d594b082-dcc1-4ebc-ba26-039f1848ee5d,2025-11-23 09:38:23 UTC,False,18904.0,CFOP,Gan 12 UI Maglev,RandomForest,8985.0,18904.0,,,gan12,custom_rules,,,,8.0,0.0,0.0,18904.0,81.0,83.0,93.0,4.28,4690.0,14166.0,1701.0,0.0,1701.0,1749.0,6.0,6.0,9.0,3.53,2951.0,436.0,2515.0,4700.0,9.0,10.0,11.0,3.58,3218.0,597.0,2621.0,7918.0,12.0,12.0,13.0,4.58,2306.0,1419.0,887.0,10224.0,7.0,8.0,8.0,7.89,2083.0,394.0,1689.0,12307.0,10.0,10.0,11.0,5.92,2399.0,1008.0,1391.0,14706.0,13.0,13.0,14.0,9.35,4198.0,836.0,3362.0,18904.0,24.0,24.0,27.0,7.14,,,,,,,,,,,,,,,,,,,,,,,,,
604b14b9-204a-4953-8da7-88414688cdea,2025-11-23 09:39:07 UTC,False,16493.0,CFOP,Gan 12 UI Maglev,RandomForest,18045.0,16493.0,,,gan12,custom_rules,,,,8.0,0.0,0.0,16493.0,56.0,60.0,68.0,3.4,6577.0,9916.0,1874.0,0.0,1874.0,1874.0,7.0,7.0,8.0,3.74,3040.0,467.0,2573.0,4914.0,10.0,10.0,10.0,3.89,1645.0,695.0,950.0,6559.0,8.0,8.0,8.0,8.42,3096.0,1627.0,1469.0,9655.0,7.0,7.0,8.0,4.77,1256.0,1079.0,177.0,10911.0,3.0,3.0,3.0,16.95,1754.0,844.0,910.0,12665.0,11.0,11.0,11.0,12.09,3828.0,1865.0,1963.0,16493.0,10.0,14.0,20.0,5.09,,,,,,,,,,,,,,,,,,,,,,,,,
7a9d1656-e335-432e-8c8e-8d41d2ed19ae,2025-11-23 09:39:43 UTC,False,18292.0,CFOP,Gan 12 UI Maglev,RandomForest,5236.0,18292.0,,,gan12,custom_rules,,,,8.0,0.0,0.0,18292.0,74.0,76.0,86.0,4.05,4946.0,13273.0,2168.0,0.0,2168.0,2241.0,7.0,7.0,10.0,3.23,2303.0,862.0,1441.0,4544.0,8.0,8.0,8.0,5.55,3313.0,324.0,2989.0,7857.0,10.0,10.0,13.0,3.35,3000.0,631.0,2369.0,10857.0,8.0,8.0,9.0,3.38,1803.0,790.0,1013.0,12660.0,10.0,10.0,11.0,9.87,2392.0,1215.0,1177.0,15052.0,12.0,14.0,15.0,10.2,3240.0,1124.0,2116.0,18292.0,19.0,19.0,20.0,8.98,,,,,,,,,,,,,,,,,,,,,,,,,
c5924042-ee47-4dc8-bd99-b425c506df6e,2025-11-23 09:40:26 UTC,False,24115.0,CFOP,Gan 12 UI Maglev,RandomForest,8379.0,24115.0,,,gan12,custom_rules,,,,8.0,0.0,0.0,24115.0,58.0,62.0,73.0,2.41,10745.0,13370.0,1137.0,0.0,1137.0,1137.0,5.0,5.0,6.0,4.4,3780.0,790.0,2990.0,4917.0,8.0,8.0,8.0,2.68,5206.0,1280.0,3926.0,10123.0,11.0,11.0,13.0,2.8,7150.0,5936.0,1214.0,17273.0,8.0,8.0,8.0,6.59,2129.0,821.0,1308.0,19402.0,9.0,9.0,10.0,6.88,2266.0,853.0,1413.0,21668.0,8.0,8.0,9.0,5.66,2447.0,1065.0,1382.0,24115.0,9.0,13.0,19.0,6.51,,,,,,,,,,,,,,,,,,,,,,,,,
6bb04db7-2171-4c6f-93e2-f8afbd6facd2,2025-11-23 09:40:58 UTC,False,13627.0,CFOP,Gan 12 UI Maglev,RandomForest,10353.0,13627.0,,,gan12,custom_rules,,,,8.0,0.0,0.0,13627.0,63.0,63.0,72.0,4.62,6035.0,7592.0,1369.0,0.0,1369.0,1369.0,7.0,7.0,7.0,5.11,1517.0,720.0,797.0,2886.0,8.0,8.0,9.0,10.04,2001.0,1260.0,741.0,4887.0,8.0,8.0,8.0,10.8,1298.0,767.0,531.0,6185.0,6.0,6.0,9.0,11.3,1286.0,636.0,650.0,7471.0,8.0,8.0,10.0,12.31,1588.0,942.0,646.0,9059.0,9.0,9.0,11.0,13.93,4568.0,1710.0,2858.0,13627.0,17.0,17.0,18.0,5.95,,,,,,,,,,,,,,,,,,,,,,,,,
fd1c8f52-e7ba-4e32-8dc1-48d332504327,2025-11-23 09:41:30 UTC,False,15768.0,CFOP,Gan 12 UI Maglev,RandomForest,5776.0,15768.0,,,gan12,custom_rules,,,,8.0,0.0,0.0,15768.0,68.0,70.0,79.0,4.31,7772.0,7996.0,2151.0,0.0,2151.0,2151.0,6.0,6.0,8.0,2.79,3417.0,2224.0,1193.0,5568.0,9.0,9.0,10.0,7.54,1897.0,843.0,1054.0,7465.0,9.0,10.0,10.0,8.54,2155.0,1549.0,606.0,9620.0,9.0,9.0,10.0,14.85,1720.0,1179.0,541.0,11340.0,8.0,8.0,9.0,14.79,2111.0,925.0,1186.0,13451.0,14.0,14.0,15.0,11.8,2317.0,1052.0,1265.0,15768.0,13.0,14.0,17.0,10.28,,,,,,,,,,,,,,,,,,,,,,,,,
f15ca32f-2e73-499a-b56b-3a2f23c2af4d,2025-11-23 09:42:27 UTC,False,27176.0,CFOP,Gan 12 UI Maglev,RandomForest,19965.0,27176.0,,,gan12,custom_rules,,,,8.0,0.0,0.0,27176.0,113.0,115.0,126.0,4.16,8955.0,18221.0,1581.0,0.0,1581.0,1581.0,6.0,6.0,8.0,3.8,2311.0,1640.0,671.0,3892.0,7.0,7.0,7.0,10.43,1320.0,337.0,983.0,5212.0,11.0,11.0,11.0,11.19,4710.0,3808.0,902.0,9922.0,10.0,10.0,12.0,11.09,688.0,491.0,197.0,10610.0,4.0,4.0,4.0,20.3,2848.0,1208.0,1640.0,13458.0,16.0,16.0,16.0,9.76,13718.0,1471.0,12247.0,27176.0,59.0,61.0,68.0,4.82,,,,,,,,,,,,,,,,,,,,,,,,,
a6d2fb40-21db-4d3a-8034-33ff7412f27d,2025-11-23 09:43:41 UTC,False,51661.0,CFOP,Gan 12 UI Maglev,RandomForest,11416.0,51661.0,,,gan12,custom_rules,,,,8.0,0.0,0.0,51661.0,179.0,182.0,204.0,3.46,7575.0,44086.0,3085.0,0.0,3085.0,3085.0,8.0,8.0,9.0,2.59,2411.0,1887.0,524.0,5496.0,8.0,8.0,9.0,15.27,2441.0,1683.0,758.0,7937.0,12.0,12.0,12.0,15.83,2990.0,699.0,2291.0,10927.0,12.0,12.0,16.0,5.24,1735.0,1220.0,515.0,12662.0,7.0,7.0,7.0,13.59,1497.0,669.0,828.0,14159.0,9.0,10.0,10.0,10.87,37502.0,1417.0,36085.0,51661.0,123.0,125.0,141.0,3.41,,,,,,,,,,,,,,,,,,,,,,,,,
208c2e92-1a4c-4640-821b-b40dda9f121d,2025-11-24 19:14:31 UTC,False,18550.0,CFOP,Gan 12 UI Maglev,RandomForest,91273.0,18550.0,,,gan12,custom_rules,,,,8.0,0.0,0.0,18550.0,73.0,75.0,85.0,3.94,5386.0,13164.0,1610.0,0.0,1610.0,1610.0,6.0,6.0,7.0,3.73,2411.0,589.0,1822.0,4021.0,11.0,11.0,13.0,6.04,4300.0,1043.0,3257.0,8321.0,12.0,12.0,13.0,3.68,3002.0,1281.0,1721.0,11323.0,8.0,8.0,10.0,4.65,1665.0,442.0,1223.0,12988.0,8.0,8.0,9.0,6.54,2452.0,983.0,1469.0,15440.0,11.0,13.0,13.0,7.49,3110.0,1048.0,2062.0,18550.0,17.0,17.0,20.0,8.24,,,,,,,,,,,,,,,,,,,,,,,,,
627d5774-7ed7-4962-b270-2dd26e5c2e75,2025-11-24 19:15:04 UTC,False,15301.0,CFOP,Gan 12 UI Maglev,RandomForest,9067.0,15301.0,,,gan12,custom_rules,,,,8.0,0.0,0.0,15301.0,63.0,69.0,79.0,4.12,4764.0,10537.0,3543.0,0.0,3543.0,3543.0,8.0,8.0,9.0,2.26,2730.0,1828.0,902.0,6273.0,8.0,8.0,8.0,8.87,1344.0,290.0,1054.0,7617.0,7.0,7.0,7.0,6.64,2509.0,282.0,2227.0,10126.0,11.0,12.0,14.0,4.94,1289.0,395.0,894.0,11415.0,8.0,8.0,9.0,8.95,2110.0,1151.0,959.0,13525.0,13.0,13.0,14.0,13.56,1776.0,818.0,958.0,15301.0,9.0,13.0,18.0,9.39,,,,,,,,,,,,,,,,,,,,,,,,,
5e3c7b38-e5d7-4edd-9300-0fd483890d5d,2025-11-24 19:15:40 UTC,False,17995.0,CFOP,Gan 12 UI Maglev,RandomForest,4564.0,17995.0,,,gan12,custom_rules,,,,8.0,0.0,0.0,17995.0,87.0,88.0,99.0,4.83,4740.0,13207.0,1071.0,0.0,1071.0,1119.0,5.0,5.0,8.0,4.67,3240.0,731.0,2509.0,4359.0,12.0,12.0,14.0,4.78,3289.0,619.0,2670.0,7648.0,15.0,16.0,18.0,5.62,2610.0,274.0,2336.0,10258.0,13.0,13.0,14.0,5.57,2257.0,1178.0,1079.0,12515.0,12.0,12.0,13.0,11.12,1975.0,791.0,1184.0,14490.0,11.0,11.0,12.0,9.29,3505.0,1147.0,2358.0,17995.0,19.0,19.0,20.0,8.06,,,,,,,,,,,,,,,,,,,,,,,,,
05749645-0c23-42b0-a157-7dd7afd29dd0,2025-11-24 19:17:37 UTC,False,19812.0,CFOP,Gan 12 UI Maglev,RandomForest,17075.0,19812.0,,,gan12,custom_rules,,,,8.0,0.0,0.0,19812.0,76.0,76.0,87.0,3.84,7997.0,11815.0,1523.0,0.0,1523.0,1523.0,6.0,6.0,6.0,3.94,4200.0,1894.0,2306.0,5723.0,8.0,8.0,8.0,3.47,1398.0,878.0,520.0,7121.0,4.0,4.0,4.0,7.69,4133.0,1280.0,2853.0,11254.0,18.0,18.0,23.0,6.31,3441.0,2075.0,1366.0,14695.0,12.0,12.0,14.0,8.78,1827.0,965.0,862.0,16522.0,7.0,7.0,8.0,8.12,3290.0,905.0,2385.0,19812.0,21.0,21.0,24.0,8.81,,,,,,,,,,,,,,,,,,,,,,,,,
c4f975a1-fdf0-4186-a7b2-ee0e17c8eb2c,2025-11-24 19:18:52 UTC,False,24554.0,CFOP,Gan 12 UI Maglev,RandomForest,24790.0,24554.0,,,gan12,custom_rules,,,,8.0,0.0,0.0,24554.0,82.0,83.0,95.0,3.34,3375.0,21179.0,11653.0,0.0,11653.0,11653.0,27.0,27.0,31.0,2.32,0.0,0.0,0.0,11653.0,0.0,0.0,0.0,0.0,0.0,0.0,0.0,11653.0,0.0,0.0,0.0,0.0,5132.0,1784.0,3348.0,16785.0,17.0,17.0,20.0,5.08,1226.0,315.0,911.0,18011.0,7.0,7.0,10.0,7.68,2737.0,680.0,2057.0,20748.0,10.0,11.0,11.0,4.86,3806.0,596.0,3210.0,24554.0,21.0,21.0,23.0,6.54,,,,,,,,,,,,,,,,,,,,,,,,,
db46d582-fce3-4f8f-95c2-6fc288ce7a34,2025-11-24 19:19:26 UTC,False,17913.0,CFOP,Gan 12 UI Maglev,RandomForest,6150.0,17913.0,,,gan12,custom_rules,,,,8.0,0.0,0.0,17913.0,67.0,74.0,85.0,3.74,5646.0,12187.0,3531.0,0.0,3531.0,3611.0,7.0,8.0,10.0,1.98,1458.0,475.0,983.0,5069.0,9.0,10.0,10.0,9.16,2187.0,611.0,1576.0,7256.0,8.0,8.0,10.0,5.08,2566.0,1559.0,1007.0,9822.0,8.0,8.0,8.0,7.94,3509.0,603.0,2906.0,13331.0,17.0,17.0,18.0,5.85,2083.0,1262.0,821.0,15414.0,10.0,11.0,11.0,12.18,2499.0,1136.0,1363.0,17913.0,8.0,12.0,18.0,5.87,,,,,,,,,,,,,,,,,,,,,,,,,
f60a165a-5ece-4cf5-a978-4d8ec24d9e6b,2025-11-24 19:21:01 UTC,False,13317.0,CFOP,Gan 12 UI Maglev,RandomForest,70756.0,13317.0,,,gan12,custom_rules,,,,8.0,0.0,0.0,13317.0,55.0,56.0,64.0,4.13,4059.0,9258.0,5843.0,0.0,5843.0,5843.0,23.0,23.0,27.0,3.94,0.0,0.0,0.0,5843.0,0.0,0.0,0.0,0.0,0.0,0.0,0.0,5843.0,0.0,0.0,0.0,0.0,0.0,0.0,0.0,5843.0,0.0,0.0,0.0,0.0,2904.0,1655.0,1249.0,8747.0,9.0,9.0,10.0,7.21,1492.0,929.0,563.0,10239.0,8.0,8.0,8.0,14.21,3078.0,1475.0,1603.0,13317.0,15.0,16.0,19.0,9.36,,,,,,,,,,,,,,,,,,,,,,,,,
4777772d-0fab-4452-b999-f69ff8186ea3,2025-11-24 19:22:11 UTC,False,18355.0,CFOP,Gan 12 UI Maglev,RandomForest,40402.0,18355.0,,,gan12,custom_rules,,,,8.0,0.0,0.0,18355.0,62.0,66.0,79.0,3.38,6178.0,12177.0,5579.0,0.0,5579.0,5579.0,12.0,12.0,15.0,2.15,0.0,0.0,0.0,5579.0,0.0,0.0,0.0,0.0,2164.0,773.0,1391.0,7743.0,12.0,12.0,13.0,8.63,2807.0,1963.0,844.0,10550.0,9.0,9.0,11.0,10.66,2465.0,1280.0,1185.0,13015.0,8.0,8.0,9.0,6.75,2227.0,795.0,1432.0,15242.0,13.0,13.0,13.0,9.08,3113.0,1367.0,1746.0,18355.0,8.0,12.0,18.0,4.58,,,,,,,,,,,,,,,,,,,,,,,,,
a15b2ce8-9a02-4380-8e48-665997b2deec,2025-11-24 19:22:53 UTC,False,15296.0,CFOP,Gan 12 UI Maglev,RandomForest,17083.0,15296.0,,,gan12,custom_rules,,,,8.0,0.0,0.0,15296.0,66.0,67.0,75.0,4.31,7712.0,7576.0,1653.0,0.0,1653.0,1661.0,6.0,7.0,8.0,3.63,3279.0,1829.0,1450.0,4940.0,10.0,10.0,13.0,6.9,2506.0,1821.0,685.0,7446.0,8.0,8.0,9.0,11.68,1701.0,1040.0,661.0,9147.0,8.0,8.0,9.0,12.1,2333.0,1245.0,1088.0,11480.0,8.0,8.0,8.0,7.35,2162.0,1138.0,1024.0,13642.0,12.0,12.0,13.0,11.72,1654.0,639.0,1015.0,15296.0,14.0,14.0,15.0,13.79,,,,,,,,,,,,,,,,,,,,,,,,,
4e3cd793-5325-4fce-b83f-a8bd4744aed0,2025-11-24 19:23:30 UTC,False,15104.0,CFOP,Gan 12 UI Maglev,RandomForest,11826.0,15104.0,,,gan12,custom_rules,,,,8.0,0.0,0.0,15104.0,63.0,63.0,75.0,4.17,7187.0,7837.0,1273.0,0.0,1273.0,1353.0,6.0,6.0,8.0,4.71,946.0,309.0,637.0,2299.0,7.0,7.0,7.0,10.99,2188.0,1246.0,942.0,4487.0,8.0,8.0,9.0,8.49,2727.0,1618.0,1109.0,7214.0,9.0,9.0,12.0,8.12,1849.0,1087.0,762.0,9063.0,8.0,8.0,10.0,10.5,1608.0,911.0,697.0,10671.0,7.0,7.0,7.0,10.04,4433.0,2016.0,2417.0,15104.0,18.0,18.0,22.0,7.45,,,,,,,,,,,,,,,,,,,,,,,,,
797463b2-0eff-485a-9a37-9e14f26f24b7,2025-11-24 19:24:27 UTC,False,23499.0,CFOP,Gan 12 UI Maglev,RandomForest,18256.0,23499.0,,,gan12,custom_rules,,,,8.0,0.0,0.0,23499.0,77.0,79.0,87.0,3.28,6428.0,17071.0,8227.0,0.0,8227.0,8227.0,16.0,16.0,18.0,1.94,0.0,0.0,0.0,8227.0,0.0,0.0,0.0,0.0,4255.0,1096.0,3159.0,12482.0,12.0,12.0,13.0,3.8,1641.0,835.0,806.0,14123.0,7.0,7.0,7.0,8.68,2276.0,1139.0,1137.0,16399.0,12.0,12.0,14.0,10.55,2907.0,1248.0,1659.0,19306.0,13.0,13.0,14.0,7.84,4193.0,2110.0,2083.0,23499.0,17.0,19.0,21.0,8.16,,,,,,,,,,,,,,,,,,,,,,,,,
2235a8b9-a06b-490d-8d31-1e4ba171de95,2025-11-24 19:25:00 UTC,False,16885.0,CFOP,Gan 12 UI Maglev,RandomForest,6333.0,16885.0,,,gan12,custom_rules,,,,8.0,0.0,0.0,16885.0,65.0,70.0,80.0,3.85,6317.0,10520.0,4056.0,0.0,4056.0,4104.0,7.0,7.0,8.0,1.73,1465.0,837.0,628.0,5569.0,8.0,8.0,9.0,12.74,1937.0,875.0,1062.0,7506.0,8.0,8.0,9.0,7.53,2631.0,714.0,1917.0,10137.0,15.0,15.0,16.0,7.82,2424.0,1845.0,579.0,12561.0,8.0,8.0,9.0,13.82,1899.0,1052.0,847.0,14460.0,10.0,11.0,11.0,11.81,2425.0,994.0,1431.0,16885.0,9.0,13.0,18.0,6.29,,,,,,,,,,,,,,,,,,,,,,,,,
20a47d84-4ce6-4786-9a58-a94f06f90173,2025-11-24 19:25:36 UTC,False,18448.0,CFOP,Gan 12 UI Maglev,RandomForest,7788.0,18448.0,,,gan12,custom_rules,,,,8.0,0.0,0.0,18448.0,61.0,62.0,69.0,3.31,9449.0,8999.0,3180.0,0.0,3180.0,3180.0,6.0,6.0,7.0,1.89,3864.0,2565.0,1299.0,7044.0,8.0,8.0,9.0,6.16,1486.0,1002.0,484.0,8530.0,7.0,7.0,8.0,14.46,2503.0,1778.0,725.0,11033.0,8.0,8.0,8.0,11.03,2193.0,1685.0,508.0,13226.0,7.0,7.0,7.0,13.78,1916.0,822.0,1094.0,15142.0,8.0,8.0,9.0,7.31,3306.0,1597.0,1709.0,18448.0,17.0,18.0,21.0,9.95,,,,,,,,,,,,,,,,,,,,,,,,,
3c633297-79ea-4c0c-94a7-c59a52688fb3,2025-11-24 19:26:21 UTC,False,12129.0,CFOP,Gan 12 UI Maglev,RandomForest,21990.0,12129.0,,,gan12,custom_rules,,,,8.0,0.0,0.0,12129.0,59.0,60.0,66.0,4.86,4081.0,8048.0,1707.0,0.0,1707.0,1707.0,6.0,6.0,7.0,3.51,1639.0,701.0,938.0,3346.0,8.0,8.0,9.0,8.53,974.0,104.0,870.0,4320.0,6.0,7.0,7.0,6.9,1348.0,306.0,1042.0,5668.0,7.0,7.0,7.0,6.72,1516.0,984.0,532.0,7184.0,8.0,8.0,8.0,15.04,1651.0,895.0,756.0,8835.0,8.0,8.0,9.0,10.58,3294.0,1091.0,2203.0,12129.0,17.0,17.0,19.0,7.72,,,,,,,,,,,,,,,,,,,,,,,,,
8610d181-b783-4070-bb1c-34d5e24dc19a,2025-11-24 19:26:59 UTC,False,18198.0,CFOP,Gan 12 UI Maglev,RandomForest,5449.0,18198.0,,,gan12,custom_rules,,,,8.0,0.0,0.0,18198.0,83.0,84.0,92.0,4.56,7663.0,10535.0,1595.0,0.0,1595.0,1595.0,6.0,6.0,8.0,3.76,2764.0,1693.0,1071.0,4359.0,9.0,10.0,11.0,8.4,3402.0,1726.0,1676.0,7761.0,13.0,13.0,15.0,7.76,3086.0,753.0,2333.0,10847.0,15.0,15.0,17.0,6.43,2563.0,1588.0,975.0,13410.0,10.0,10.0,11.0,10.26,2021.0,853.0,1168.0,15431.0,11.0,11.0,11.0,9.42,2767.0,1050.0,1717.0,18198.0,19.0,19.0,19.0,11.07,,,,,,,,,,,,,,,,,,,,,,,,,
a265fe30-30e9-4d6b-a838-10055cd29e1d,2025-11-24 19:27:36 UTC,False,15651.0,CFOP,Gan 12 UI Maglev,RandomForest,10313.0,15651.0,,,gan12,custom_rules,,,,8.0,0.0,0.0,15651.0,63.0,64.0,75.0,4.03,3792.0,11859.0,5623.0,0.0,5623.0,5623.0,19.0,19.0,23.0,3.38,0.0,0.0,0.0,5623.0,0.0,0.0,0.0,0.0,2560.0,908.0,1652.0,8183.0,13.0,14.0,16.0,7.87,2015.0,483.0,1532.0,10198.0,9.0,9.0,11.0,5.87,2465.0,636.0,1829.0,12663.0,8.0,8.0,10.0,4.37,2343.0,1120.0,1223.0,15006.0,13.0,13.0,13.0,10.63,645.0,645.0,0.0,15651.0,1.0,1.0,2.0,,,,,,,,,,,,,,,,,,,,,,,,,,
4d53712d-5c0d-48b0-9655-df208b278696,2025-11-24 19:28:16 UTC,False,16025.0,CFOP,Gan 12 UI Maglev,RandomForest,15554.0,16025.0,,,gan12,custom_rules,,,,8.0,0.0,0.0,16025.0,65.0,67.0,72.0,4.06,7113.0,8912.0,1794.0,0.0,1794.0,1794.0,8.0,8.0,9.0,4.46,2219.0,1398.0,821.0,4013.0,8.0,8.0,9.0,9.74,1900.0,1617.0,283.0,5913.0,3.0,3.0,3.0,10.6,2340.0,515.0,1825.0,8253.0,14.0,14.0,14.0,7.67,1231.0,981.0,250.0,9484.0,3.0,3.0,3.0,12.0,1594.0,854.0,740.0,11078.0,8.0,8.0,9.0,10.81,4947.0,1748.0,3199.0,16025.0,21.0,23.0,25.0,6.56,,,,,,,,,,,,,,,,,,,,,,,,,
59aefa98-b591-46d5-b606-8ac8f772a352,2025-11-24 19:28:47 UTC,False,14837.0,CFOP,Gan 12 UI Maglev,RandomForest,7482.0,14837.0,,,gan12,custom_rules,,,,8.0,0.0,0.0,14837.0,51.0,56.0,67.0,3.44,6943.0,7894.0,2321.0,0.0,2321.0,2321.0,8.0,8.0,10.0,3.45,1703.0,589.0,1114.0,4024.0,8.0,8.0,8.0,7.18,1723.0,1546.0,177.0,5747.0,4.0,4.0,5.0,22.6,2387.0,830.0,1557.0,8134.0,8.0,8.0,9.0,5.14,1324.0,1154.0,170.0,9458.0,4.0,4.0,4.0,23.53,1939.0,902.0,1037.0,11397.0,9.0,9.0,9.0,8.68,3440.0,1922.0,1518.0,14837.0,10.0,15.0,22.0,6.59,,,,,,,,,,,,,,,,,,,,,,,,,
28a88575-4741-4fd2-a31d-ad6405ecbd72,2025-11-24 19:29:39 UTC,False,13738.0,CFOP,Gan 12 UI Maglev,RandomForest,28711.0,13738.0,,,gan12,custom_rules,,,,8.0,0.0,0.0,13738.0,62.0,63.0,69.0,4.51,5173.0,8565.0,1579.0,0.0,1579.0,1579.0,5.0,5.0,6.0,3.17,2187.0,1096.0,1091.0,3766.0,9.0,10.0,10.0,8.25,3279.0,1547.0,1732.0,7045.0,9.0,9.0,10.0,5.2,2261.0,508.0,1753.0,9306.0,8.0,8.0,9.0,4.56,645.0,339.0,306.0,9951.0,4.0,4.0,4.0,13.07,1747.0,852.0,895.0,11698.0,12.0,12.0,13.0,13.41,2040.0,831.0,1209.0,13738.0,15.0,15.0,17.0,12.41,,,,,,,,,,,,,,,,,,,,,,,,,
b304bfde-643b-49ca-891a-cbb629ee470a,2025-11-24 19:30:13 UTC,False,19154.0,CFOP,Gan 12 UI Maglev,RandomForest,5116.0,19154.0,,,gan12,custom_rules,,,,8.0,0.0,0.0,19154.0,83.0,89.0,99.0,4.33,7129.0,11952.0,2318.0,0.0,2318.0,2391.0,7.0,7.0,8.0,3.02,3064.0,2107.0,957.0,5455.0,8.0,8.0,10.0,8.36,1704.0,628.0,1076.0,7159.0,8.0,8.0,9.0,7.43,1530.0,830.0,700.0,8689.0,7.0,7.0,8.0,10.0,1746.0,1096.0,650.0,10435.0,8.0,8.0,10.0,12.31,5698.0,988.0,4710.0,16133.0,28.0,34.0,35.0,5.94,3021.0,1480.0,1541.0,19154.0,17.0,17.0,19.0,11.03,,,,,,,,,,,,,,,,,,,,,,,,,
3ae7a072-3403-4165-91f2-3fda1fafd20c,2025-11-24 19:31:03 UTC,False,26555.0,CFOP,Gan 12 UI Maglev,RandomForest,14579.0,26555.0,,,gan12,custom_rules,,,,8.0,0.0,0.0,26555.0,80.0,82.0,89.0,3.01,7055.0,19500.0,10988.0,0.0,10988.0,10988.0,28.0,29.0,30.0,2.55,3268.0,2970.0,298.0,14256.0,4.0,4.0,5.0,13.42,3233.0,1418.0,1815.0,17489.0,7.0,7.0,8.0,3.86,2645.0,290.0,2355.0,20134.0,11.0,11.0,12.0,4.67,3113.0,1127.0,1986.0,23247.0,9.0,9.0,10.0,4.53,1384.0,653.0,731.0,24631.0,8.0,8.0,8.0,10.94,1924.0,597.0,1327.0,26555.0,14.0,14.0,16.0,10.55,,,,,,,,,,,,,,,,,,,,,,,,,
eba9cfdf-94ec-457b-9931-e1c8d7fcc5ae,2025-11-24 19:31:35 UTC,False,16369.0,CFOP,Gan 12 UI Maglev,RandomForest,6480.0,16369.0,,,gan12,custom_rules,,,,8.0,0.0,0.0,16369.0,77.0,78.0,89.0,4.7,5088.0,11281.0,2967.0,0.0,2967.0,2967.0,11.0,11.0,13.0,3.71,3812.0,725.0,3087.0,6779.0,18.0,18.0,21.0,5.83,1981.0,113.0,1868.0,8760.0,11.0,11.0,11.0,5.89,1585.0,764.0,821.0,10345.0,8.0,8.0,8.0,9.74,1726.0,1146.0,580.0,12071.0,8.0,8.0,9.0,13.79,2110.0,1377.0,733.0,14181.0,8.0,8.0,10.0,10.91,2188.0,963.0,1225.0,16369.0,14.0,15.0,17.0,11.43,,,,,,,,,,,,,,,,,,,,,,,,,
676a1510-c81b-430b-b7ce-a709e5e85da7,2025-11-24 19:32:13 UTC,False,20965.0,CFOP,Gan 12 UI Maglev,RandomForest,8318.0,20965.0,,,gan12,custom_rules,,,,8.0,0.0,0.0,20965.0,64.0,65.0,72.0,3.05,10527.0,10438.0,3757.0,0.0,3757.0,3757.0,7.0,7.0,8.0,1.86,3717.0,2830.0,887.0,7474.0,10.0,10.0,10.0,11.27,3162.0,2614.0,548.0,10636.0,5.0,5.0,6.0,9.12,3202.0,1728.0,1474.0,13838.0,6.0,6.0,8.0,4.07,2020.0,1078.0,942.0,15858.0,7.0,7.0,7.0,7.43,2323.0,907.0,1416.0,18181.0,13.0,13.0,13.0,9.18,2784.0,1370.0,1414.0,20965.0,16.0,17.0,20.0,11.32,,,,,,,,,,,,,,,,,,,,,,,,,
a701553d-abff-42a5-96ba-330c93bffd2d,2025-11-24 19:33:02 UTC,False,20351.0,CFOP,Gan 12 UI Maglev,RandomForest,17959.0,20351.0,,,gan12,custom_rules,,,,8.0,0.0,0.0,20351.0,69.0,72.0,84.0,3.39,9750.0,10601.0,2326.0,0.0,2326.0,2326.0,7.0,7.0,9.0,3.01,5949.0,3810.0,2139.0,8275.0,9.0,10.0,11.0,4.21,1900.0,426.0,1474.0,10175.0,10.0,11.0,12.0,6.78,2305.0,1524.0,781.0,12480.0,8.0,8.0,9.0,10.24,1894.0,1346.0,548.0,14374.0,8.0,8.0,8.0,14.6,2247.0,1490.0,757.0,16621.0,8.0,8.0,11.0,10.57,3730.0,1154.0,2576.0,20351.0,19.0,20.0,24.0,7.38,,,,,,,,,,,,,,,,,,,,,,,,,
23615dc7-30c4-40cc-9eb1-79fb3ff009e1,2025-11-24 19:33:32 UTC,False,17849.0,CFOP,Gan 12 UI Maglev,RandomForest,4780.0,17849.0,,,gan12,custom_rules,,,,8.0,0.0,0.0,17849.0,66.0,66.0,72.0,3.7,8881.0,8968.0,1442.0,0.0,1442.0,1442.0,6.0,6.0,8.0,4.16,2728.0,1971.0,757.0,4170.0,7.0,7.0,8.0,9.25,2860.0,1869.0,991.0,7030.0,8.0,8.0,9.0,8.07,3796.0,1577.0,2219.0,10826.0,10.0,10.0,10.0,4.51,620.0,451.0,169.0,11446.0,4.0,4.0,4.0,23.67,2235.0,967.0,1268.0,13681.0,13.0,13.0,14.0,10.25,4168.0,2046.0,2122.0,17849.0,18.0,18.0,19.0,8.48,,,,,,,,,,,,,,,,,,,,,,,,,
9f28c911-d997-4353-99cc-501cb1df28b5,2025-11-24 19:34:30 UTC,False,14511.0,CFOP,Gan 12 UI Maglev,RandomForest,34362.0,14511.0,,,gan12,custom_rules,,,,8.0,0.0,0.0,14511.0,49.0,53.0,66.0,3.38,5703.0,8808.0,1538.0,0.0,1538.0,1538.0,4.0,4.0,5.0,2.6,1757.0,814.0,943.0,3295.0,8.0,8.0,9.0,8.48,1765.0,613.0,1152.0,5060.0,7.0,7.0,7.0,6.08,3772.0,1305.0,2467.0,8832.0,7.0,7.0,8.0,2.84,1212.0,922.0,290.0,10044.0,5.0,5.0,5.0,17.24,2256.0,782.0,1474.0,12300.0,11.0,11.0,12.0,7.46,2211.0,1267.0,944.0,14511.0,7.0,11.0,20.0,7.42,,,,,,,,,,,,,,,,,,,,,,,,,
e69c761a-2ade-4bc4-8fb4-ccab89f869b1,2025-11-24 19:35:03 UTC,False,14943.0,CFOP,Gan 12 UI Maglev,RandomForest,7468.0,14943.0,,,gan12,custom_rules,,,,8.0,0.0,0.0,14943.0,68.0,68.0,74.0,4.55,6849.0,8094.0,2683.0,0.0,2683.0,2683.0,9.0,9.0,10.0,3.35,2236.0,1567.0,669.0,4919.0,6.0,6.0,8.0,8.97,2545.0,790.0,1755.0,7464.0,13.0,13.0,15.0,7.41,1383.0,757.0,626.0,8847.0,8.0,8.0,8.0,12.78,1994.0,1414.0,580.0,10841.0,8.0,8.0,9.0,13.79,1346.0,798.0,548.0,12187.0,6.0,6.0,6.0,10.95,2756.0,1523.0,1233.0,14943.0,18.0,18.0,18.0,14.6,,,,,,,,,,,,,,,,,,,,,,,,,
4a5fc014-88db-4bd2-a94e-64b81fafd509,2025-11-24 19:36:28 UTC,False,15814.0,CFOP,Gan 12 UI Maglev,RandomForest,60218.0,15814.0,,,gan12,custom_rules,,,,8.0,0.0,0.0,15814.0,53.0,53.0,69.0,3.35,5996.0,9746.0,4668.0,0.0,4668.0,4740.0,10.0,10.0,16.0,2.14,0.0,0.0,0.0,4740.0,0.0,0.0,0.0,0.0,2611.0,1348.0,1263.0,7351.0,8.0,8.0,10.0,6.33,1329.0,958.0,371.0,8680.0,4.0,4.0,4.0,10.78,2604.0,1967.0,637.0,11284.0,9.0,9.0,11.0,14.13,1405.0,729.0,676.0,12689.0,7.0,7.0,8.0,10.36,3125.0,994.0,2131.0,15814.0,16.0,16.0,20.0,7.51,,,,,,,,,,,,,,,,,,,,,,,,,
676614fb-47fa-42b8-885e-40b55a21dd24,2025-11-24 19:36:59 UTC,False,16361.0,CFOP,Gan 12 UI Maglev,RandomForest,6399.0,16361.0,,,gan12,custom_rules,,,,8.0,0.0,0.0,16361.0,62.0,62.0,73.0,3.79,7058.0,9303.0,1298.0,0.0,1298.0,1298.0,6.0,6.0,8.0,4.62,1394.0,718.0,676.0,2692.0,6.0,6.0,7.0,8.88,2916.0,756.0,2160.0,5608.0,11.0,11.0,14.0,5.09,3215.0,1990.0,1225.0,8823.0,8.0,8.0,9.0,6.53,1087.0,693.0,394.0,9910.0,8.0,8.0,8.0,20.3,2280.0,702.0,1578.0,12190.0,13.0,13.0,13.0,8.24,4171.0,2199.0,1972.0,16361.0,10.0,10.0,14.0,5.07,,,,,,,,,,,,,,,,,,,,,,,,,
cdaa948a-ca4c-4abc-9703-e93e59cae0fd,2025-11-24 19:37:29 UTC,False,16748.0,CFOP,Gan 12 UI Maglev,RandomForest,5065.0,16748.0,,,gan12,custom_rules,,,,8.0,0.0,0.0,16748.0,49.0,55.0,68.0,2.93,9750.0,6973.0,1007.0,0.0,1007.0,1032.0,5.0,6.0,7.0,4.97,3763.0,3497.0,266.0,4795.0,5.0,5.0,5.0,18.8,2044.0,1104.0,940.0,6839.0,6.0,7.0,9.0,6.38,2309.0,1383.0,926.0,9148.0,7.0,7.0,8.0,7.56,2530.0,1733.0,797.0,11678.0,8.0,8.0,12.0,10.04,2310.0,964.0,1346.0,13988.0,10.0,10.0,10.0,7.43,2760.0,1069.0,1691.0,16748.0,8.0,12.0,17.0,4.73,,,,,,,,,,,,,,,,,,,,,,,,,
bd1b39e2-2cd5-4a8c-b9cc-79a57f7e47fb,2025-11-24 19:43:50 UTC,False,24163.0,CFOP,Gan 12 UI Maglev,RandomForest,39471.0,24163.0,,,gan12,custom_rules,,,,8.0,0.0,0.0,24163.0,72.0,73.0,83.0,2.98,5018.0,19145.0,9363.0,0.0,9363.0,9363.0,17.0,17.0,20.0,1.82,0.0,0.0,0.0,9363.0,0.0,0.0,0.0,0.0,1829.0,1232.0,597.0,11192.0,8.0,8.0,8.0,13.4,6853.0,778.0,6075.0,18045.0,19.0,19.0,20.0,3.13,1088.0,750.0,338.0,19133.0,4.0,4.0,4.0,11.83,2701.0,1251.0,1450.0,21834.0,10.0,10.0,13.0,6.9,2329.0,1007.0,1322.0,24163.0,14.0,15.0,18.0,10.59,,,,,,,,,,,,,,,,,,,,,,,,,
c51756fa-8058-484d-999a-f832d7ee43c6,2025-11-24 19:45:09 UTC,False,22966.0,CFOP,Gan 12 UI Maglev,RandomForest,47719.0,22966.0,,,gan12,custom_rules,,,,8.0,0.0,0.0,22966.0,85.0,90.0,113.0,3.7,6777.0,16189.0,1063.0,0.0,1063.0,1063.0,5.0,5.0,7.0,4.7,2323.0,1482.0,841.0,3386.0,8.0,8.0,10.0,9.51,2556.0,1159.0,1397.0,5942.0,11.0,11.0,14.0,7.87,8317.0,1109.0,7208.0,14259.0,23.0,23.0,25.0,3.19,3687.0,1200.0,2487.0,17946.0,19.0,19.0,21.0,7.64,2314.0,1001.0,1313.0,20260.0,10.0,11.0,12.0,7.62,2706.0,826.0,1880.0,22966.0,9.0,13.0,24.0,4.79,,,,,,,,,,,,,,,,,,,,,,,,,
327c8149-87f7-41d9-a097-3d89b27c4740,2025-11-24 19:45:45 UTC,False,21822.0,CFOP,Gan 12 UI Maglev,RandomForest,4461.0,21822.0,,,gan12,custom_rules,,,,8.0,0.0,0.0,21822.0,60.0,62.0,72.0,2.75,8160.0,13662.0,7799.0,0.0,7799.0,7799.0,13.0,13.0,15.0,1.67,4386.0,3137.0,1249.0,12185.0,7.0,7.0,8.0,5.6,1284.0,297.0,987.0,13469.0,7.0,7.0,8.0,7.09,2068.0,1061.0,1007.0,15537.0,9.0,10.0,10.0,8.94,1819.0,1392.0,427.0,17356.0,5.0,5.0,5.0,11.71,1835.0,1069.0,766.0,19191.0,10.0,11.0,12.0,13.05,2631.0,1204.0,1427.0,21822.0,10.0,10.0,14.0,7.01,,,,,,,,,,,,,,,,,,,,,,,,,
1656bd83-0004-4cc6-8585-6324f6907347,2025-11-24 19:46:41 UTC,False,18005.0,CFOP,Gan 12 UI Maglev,RandomForest,27250.0,18005.0,,,gan12,custom_rules,,,,8.0,0.0,0.0,18005.0,67.0,67.0,73.0,3.72,8526.0,9479.0,1360.0,0.0,1360.0,1360.0,4.0,4.0,5.0,2.94,2302.0,1165.0,1137.0,3662.0,7.0,7.0,8.0,6.16,5130.0,4196.0,934.0,8792.0,8.0,8.0,9.0,8.57,2029.0,772.0,1257.0,10821.0,7.0,7.0,7.0,5.57,1734.0,783.0,951.0,12555.0,8.0,8.0,9.0,8.41,1664.0,689.0,975.0,14219.0,11.0,11.0,12.0,11.28,3786.0,921.0,2865.0,18005.0,22.0,22.0,23.0,7.68,,,,,,,,,,,,,,,,,,,,,,,,,
31f5edba-fafb-4e14-8f56-3d20c6647dad,2025-11-24 19:47:21 UTC,False,20845.0,CFOP,Gan 12 UI Maglev,RandomForest,9527.0,20845.0,,,gan12,custom_rules,,,,8.0,0.0,0.0,20845.0,72.0,73.0,80.0,3.45,10241.0,10604.0,1458.0,0.0,1458.0,1458.0,5.0,5.0,6.0,3.43,3586.0,1224.0,2362.0,5044.0,7.0,7.0,9.0,2.96,5603.0,3507.0,2096.0,10647.0,12.0,12.0,13.0,5.73,3491.0,1830.0,1661.0,14138.0,14.0,14.0,14.0,8.43,1697.0,1241.0,456.0,15835.0,8.0,8.0,8.0,17.54,1962.0,1072.0,890.0,17797.0,8.0,8.0,8.0,8.99,3048.0,1367.0,1681.0,20845.0,18.0,19.0,22.0,10.71,,,,,,,,,,,,,,,,,,,,,,,,,
44c430a4-d8d5-49a3-ac40-1389d59d0c78,2025-11-25 19:04:57 UTC,False,18906.0,CFOP,Gan 12 UI Maglev,RandomForest,18930.0,18906.0,,,gan12,custom_rules,,,,8.0,0.0,0.0,18906.0,79.0,81.0,90.0,4.18,6187.0,12719.0,1124.0,0.0,1124.0,1124.0,5.0,5.0,5.0,4.45,1203.0,496.0,707.0,2327.0,7.0,7.0,7.0,9.9,1720.0,1382.0,338.0,4047.0,5.0,5.0,5.0,14.79,2290.0,1743.0,547.0,6337.0,8.0,8.0,8.0,14.63,1837.0,695.0,1142.0,8174.0,8.0,8.0,9.0,7.01,2299.0,771.0,1528.0,10473.0,11.0,13.0,13.0,7.2,8433.0,1100.0,7333.0,18906.0,35.0,35.0,43.0,4.77,,,,,,,,,,,,,,,,,,,,,,,,,
662e395e-bd0a-4338-98f5-b6cd8eae5ebf,2025-11-25 19:07:35 UTC,False,24659.0,CFOP,Gan 12 UI Maglev,RandomForest,119553.0,24659.0,,,gan12,custom_rules,,,,8.0,0.0,0.0,24659.0,80.0,82.0,96.0,3.24,7501.0,17158.0,5562.0,0.0,5562.0,5562.0,5.0,5.0,6.0,0.9,1644.0,427.0,1217.0,7206.0,8.0,8.0,8.0,6.57,7587.0,2507.0,5080.0,14793.0,20.0,20.0,24.0,3.94,1493.0,994.0,499.0,16286.0,8.0,8.0,10.0,16.03,1974.0,1128.0,846.0,18260.0,11.0,11.0,12.0,13.0,3075.0,1141.0,1934.0,21335.0,13.0,13.0,16.0,6.72,3324.0,1304.0,2020.0,24659.0,15.0,17.0,20.0,7.43,,,,,,,,,,,,,,,,,,,,,,,,,
eb5c4eea-4770-4929-a734-54a1d195d606,2025-11-25 19:08:08 UTC,False,15157.0,CFOP,Gan 12 UI Maglev,RandomForest,7734.0,15157.0,,,gan12,custom_rules,,,,8.0,0.0,0.0,15157.0,62.0,62.0,71.0,4.09,5211.0,9946.0,2139.0,0.0,2139.0,2139.0,10.0,10.0,12.0,4.68,1223.0,524.0,699.0,3362.0,8.0,8.0,9.0,11.44,2639.0,1649.0,990.0,6001.0,8.0,8.0,8.0,8.08,3230.0,122.0,3108.0,9231.0,14.0,14.0,15.0,4.5,2522.0,613.0,1909.0,11753.0,11.0,11.0,12.0,5.76,0.0,0.0,0.0,11753.0,0.0,0.0,0.0,0.0,3404.0,2303.0,1101.0,15157.0,12.0,12.0,15.0,10.9,,,,,,,,,,,,,,,,,,,,,,,,,
3041f92a-6350-4193-bc25-656ad29799d1,2025-11-25 19:10:03 UTC,False,16285.0,CFOP,Gan 12 UI Maglev,RandomForest,79183.0,16285.0,,,gan12,custom_rules,,,,8.0,0.0,0.0,16285.0,67.0,72.0,86.0,4.11,7404.0,8881.0,1249.0,0.0,1249.0,1249.0,5.0,5.0,5.0,4.0,2888.0,579.0,2309.0,4137.0,19.0,19.0,19.0,8.23,3702.0,3026.0,676.0,7839.0,6.0,6.0,7.0,8.88,2111.0,1176.0,935.0,9950.0,12.0,12.0,13.0,12.83,2121.0,953.0,1168.0,12071.0,8.0,8.0,9.0,6.85,1900.0,845.0,1055.0,13971.0,10.0,11.0,12.0,9.48,2314.0,825.0,1489.0,16285.0,8.0,12.0,21.0,5.37,,,,,,,,,,,,,,,,,,,,,,,,,
07b96b35-b852-4874-974c-3818ca2e7270,2025-11-25 19:10:59 UTC,False,16736.0,CFOP,Gan 12 UI Maglev,RandomForest,29577.0,16736.0,,,gan12,custom_rules,,,,8.0,0.0,0.0,16736.0,67.0,67.0,75.0,4.0,6404.0,10332.0,4402.0,0.0,4402.0,4402.0,18.0,18.0,20.0,4.09,0.0,0.0,0.0,4402.0,0.0,0.0,0.0,0.0,2517.0,1558.0,959.0,6919.0,8.0,8.0,9.0,8.34,3186.0,1848.0,1338.0,10105.0,9.0,9.0,10.0,6.73,1607.0,774.0,833.0,11712.0,9.0,9.0,10.0,10.8,2051.0,923.0,1128.0,13763.0,13.0,13.0,13.0,11.52,2973.0,1301.0,1672.0,16736.0,10.0,10.0,13.0,5.98,,,,,,,,,,,,,,,,,,,,,,,,,
63182819-179d-4d9a-b604-281e7b182ddc,2025-11-25 19:11:51 UTC,False,21832.0,CFOP,Gan 12 UI Maglev,RandomForest,19115.0,21832.0,,,gan12,custom_rules,,,,8.0,0.0,0.0,21832.0,76.0,82.0,95.0,3.48,5817.0,16015.0,9753.0,0.0,9753.0,9753.0,30.0,34.0,40.0,3.08,0.0,0.0,0.0,9753.0,0.0,0.0,0.0,0.0,0.0,0.0,0.0,9753.0,0.0,0.0,0.0,0.0,2974.0,1645.0,1329.0,12727.0,11.0,11.0,11.0,8.28,3147.0,1058.0,2089.0,15874.0,8.0,8.0,10.0,3.83,2614.0,1602.0,1012.0,18488.0,11.0,12.0,13.0,10.87,3344.0,1512.0,1832.0,21832.0,16.0,17.0,21.0,8.73,,,,,,,,,,,,,,,,,,,,,,,,,
14fdb7e5-c7ed-4d61-9a90-ecd8a7ad13a8,2025-11-25 19:12:30 UTC,False,20939.0,CFOP,Gan 12 UI Maglev,RandomForest,9010.0,20939.0,,,gan12,custom_rules,,,,8.0,0.0,0.0,20939.0,63.0,64.0,71.0,3.01,9844.0,11095.0,1689.0,0.0,1689.0,1689.0,6.0,6.0,7.0,3.55,4574.0,3325.0,1249.0,6263.0,9.0,9.0,9.0,7.21,1705.0,424.0,1281.0,7968.0,5.0,5.0,6.0,3.9,5554.0,1376.0,4178.0,13522.0,11.0,11.0,12.0,2.63,2474.0,1902.0,572.0,15996.0,8.0,8.0,9.0,13.99,1776.0,1035.0,741.0,17772.0,9.0,9.0,10.0,12.15,3167.0,1782.0,1385.0,20939.0,15.0,16.0,18.0,10.83,,,,,,,,,,,,,,,,,,,,,,,,,
3e576a54-27a9-4686-b3e0-5263ca7cefdf,2025-11-25 19:13:17 UTC,False,17259.0,CFOP,Gan 12 UI Maglev,RandomForest,19881.0,17259.0,,,gan12,custom_rules,,,,8.0,0.0,0.0,17259.0,61.0,61.0,69.0,3.53,5812.0,11447.0,1511.0,0.0,1511.0,1511.0,6.0,6.0,6.0,3.97,3387.0,1032.0,2355.0,4898.0,12.0,12.0,13.0,5.1,2348.0,516.0,1832.0,7246.0,9.0,9.0,12.0,4.91,4783.0,726.0,4057.0,12029.0,13.0,13.0,13.0,3.2,2214.0,1416.0,798.0,14243.0,12.0,12.0,14.0,15.04,2069.0,1175.0,894.0,16312.0,8.0,8.0,8.0,8.95,947.0,947.0,0.0,17259.0,1.0,1.0,3.0,,,,,,,,,,,,,,,,,,,,,,,,,,
a6f86613-8677-4283-a2ac-01ed50d3f3a5,2025-11-25 19:14:10 UTC,False,19189.0,CFOP,Gan 12 UI Maglev,RandomForest,22899.0,19189.0,,,gan12,custom_rules,,,,8.0,0.0,0.0,19189.0,69.0,71.0,76.0,3.6,5772.0,13417.0,6834.0,0.0,6834.0,6834.0,17.0,17.0,17.0,2.49,0.0,0.0,0.0,6834.0,0.0,0.0,0.0,0.0,1778.0,684.0,1094.0,8612.0,9.0,10.0,11.0,8.23,4001.0,2401.0,1600.0,12613.0,9.0,9.0,10.0,5.63,1826.0,596.0,1230.0,14439.0,8.0,8.0,9.0,6.5,1851.0,757.0,1094.0,16290.0,9.0,10.0,10.0,8.23,2899.0,1334.0,1565.0,19189.0,17.0,17.0,19.0,10.86,,,,,,,,,,,,,,,,,,,,,,,,,
1f969688-10e7-4b02-bebe-bfe4547f24bf,2025-11-25 19:15:17 UTC,False,27436.0,CFOP,Gan 12 UI Maglev,RandomForest,25978.0,27436.0,,,gan12,custom_rules,,,,8.0,0.0,0.0,27436.0,76.0,85.0,99.0,2.77,3801.0,23586.0,19800.0,0.0,19800.0,19849.0,46.0,55.0,62.0,2.32,0.0,0.0,0.0,19849.0,0.0,0.0,0.0,0.0,0.0,0.0,0.0,19849.0,0.0,0.0,0.0,0.0,0.0,0.0,0.0,19849.0,0.0,0.0,0.0,0.0,3571.0,2134.0,1437.0,23420.0,11.0,11.0,12.0,7.65,1778.0,764.0,1014.0,25198.0,10.0,10.0,13.0,9.86,2238.0,903.0,1335.0,27436.0,9.0,9.0,12.0,6.74,,,,,,,,,,,,,,,,,,,,,,,,,
8ef4afb7-763a-4439-ac83-33eed49176ae,2025-11-25 19:16:11 UTC,False,32928.0,CFOP,Gan 12 UI Maglev,RandomForest,8924.0,32928.0,,,gan12,custom_rules,,,,8.0,0.0,0.0,32928.0,88.0,90.0,101.0,2.67,8297.0,24631.0,4403.0,0.0,4403.0,4403.0,9.0,9.0,11.0,2.04,2150.0,1634.0,516.0,6553.0,8.0,8.0,9.0,15.5,1534.0,890.0,644.0,8087.0,5.0,5.0,6.0,7.76,2335.0,1804.0,531.0,10422.0,8.0,8.0,9.0,15.07,2099.0,1503.0,596.0,12521.0,7.0,7.0,8.0,11.74,2323.0,1193.0,1130.0,14844.0,12.0,12.0,15.0,10.62,18084.0,1273.0,16811.0,32928.0,39.0,41.0,43.0,2.32,,,,,,,,,,,,,,,,,,,,,,,,,
095e458d-0cd5-497b-b745-a998d64f9620,2025-11-26 09:07:27 UTC,False,18859.0,CFOP,Gan 12 UI Maglev,RandomForest,23601.0,18859.0,,,gan12,custom_rules,,,,8.0,0.0,0.0,18859.0,64.0,69.0,79.0,3.39,6645.0,12214.0,5616.0,0.0,5616.0,5616.0,11.0,11.0,14.0,1.96,1301.0,291.0,1010.0,6917.0,6.0,7.0,7.0,5.94,1398.0,331.0,1067.0,8315.0,7.0,7.0,7.0,6.56,1620.0,998.0,622.0,9935.0,7.0,7.0,8.0,11.25,2839.0,2137.0,702.0,12774.0,9.0,9.0,10.0,12.82,3313.0,1461.0,1852.0,16087.0,15.0,15.0,15.0,8.1,2772.0,1427.0,1345.0,18859.0,9.0,13.0,18.0,6.69,,,,,,,,,,,,,,,,,,,,,,,,,
95c4dd2e-8406-4b84-b6eb-9b56629627a8,2025-11-26 09:08:01 UTC,False,16560.0,CFOP,Gan 12 UI Maglev,RandomForest,5265.0,16560.0,,,gan12,custom_rules,,,,8.0,0.0,0.0,16560.0,63.0,67.0,84.0,3.8,4909.0,11651.0,2582.0,0.0,2582.0,2582.0,8.0,8.0,10.0,3.1,4820.0,659.0,4161.0,7402.0,15.0,15.0,18.0,3.6,1661.0,751.0,910.0,9063.0,8.0,8.0,10.0,8.79,2484.0,885.0,1599.0,11547.0,12.0,12.0,14.0,7.5,1007.0,725.0,282.0,12554.0,4.0,4.0,5.0,14.18,1544.0,762.0,782.0,14098.0,8.0,8.0,9.0,10.23,2462.0,1127.0,1335.0,16560.0,8.0,12.0,18.0,5.99,,,,,,,,,,,,,,,,,,,,,,,,,
f2d38e54-2c5a-43e9-96a1-d8982fbca7b6,2025-11-26 09:08:47 UTC,False,27405.0,CFOP,Gan 12 UI Maglev,RandomForest,9104.0,27405.0,,,gan12,custom_rules,,,,8.0,0.0,0.0,27405.0,85.0,87.0,101.0,3.1,5415.0,21990.0,14996.0,0.0,14996.0,14996.0,35.0,35.0,39.0,2.33,0.0,0.0,0.0,14996.0,0.0,0.0,0.0,0.0,0.0,0.0,0.0,14996.0,0.0,0.0,0.0,0.0,4379.0,1869.0,2510.0,19375.0,11.0,11.0,15.0,4.38,1845.0,1112.0,733.0,21220.0,8.0,8.0,9.0,10.91,2528.0,1257.0,1271.0,23748.0,11.0,13.0,15.0,8.65,3657.0,1177.0,2480.0,27405.0,20.0,20.0,23.0,8.06,,,,,,,,,,,,,,,,,,,,,,,,,
1ef0ab7b-4ff5-4ae5-a72c-754f6b00ce16,2025-11-26 09:10:06 UTC,False,13102.0,CFOP,Gan 12 UI Maglev,RandomForest,53482.0,13102.0,,,gan12,custom_rules,,,,8.0,0.0,0.0,13102.0,49.0,53.0,69.0,3.74,4809.0,8293.0,2236.0,0.0,2236.0,2236.0,7.0,7.0,8.0,3.13,0.0,0.0,0.0,2236.0,0.0,0.0,0.0,0.0,1418.0,524.0,894.0,3654.0,6.0,6.0,6.0,6.71,1326.0,427.0,899.0,4980.0,8.0,8.0,9.0,8.9,3308.0,1410.0,1898.0,8288.0,10.0,10.0,14.0,5.27,1819.0,975.0,844.0,10107.0,10.0,10.0,11.0,11.85,2995.0,1473.0,1522.0,13102.0,8.0,12.0,21.0,5.26,,,,,,,,,,,,,,,,,,,,,,,,,
b68321db-345e-40b3-b3f2-e7483bcd9a20,2025-11-26 09:11:42 UTC,True,,CFOP,Gan 12 UI Maglev,RandomForest,,,,,gan12,custom_rules,,,,,,,,,,,,,,,,,,,,,,,,,,,,,,,,,,,,,,,,,,,,,,,,,,,,,,,,,,,,,,,,,,,,,,,,,,,,,,,,,,,,,,,,,,,,,,
c944dfc3-8507-4fe9-9291-7e1e8ca57476,2025-11-26 09:12:52 UTC,False,18719.0,CFOP,Gan 12 UI Maglev,RandomForest,18492.0,18719.0,,,testing,custom_rules,,,,8.0,0.0,0.0,18719.0,74.0,76.0,78.0,3.95,5786.0,12684.0,1686.0,0.0,1686.0,1935.0,7.0,8.0,8.0,4.15,3430.0,548.0,2882.0,5365.0,15.0,15.0,15.0,5.2,1520.0,757.0,763.0,6885.0,7.0,7.0,7.0,9.17,2720.0,1753.0,967.0,9605.0,8.0,8.0,8.0,8.27,2689.0,578.0,2111.0,12294.0,8.0,8.0,8.0,3.79,2254.0,855.0,1399.0,14548.0,14.0,14.0,14.0,10.01,4171.0,1295.0,2876.0,18719.0,15.0,16.0,18.0,5.22,,,,,,,,,,,,,,,,,,,,,,,,,
92427893-efd5-4bf9-893b-3466b4744345,2025-11-26 09:13:29 UTC,False,17315.0,CFOP,Gan 12 UI Maglev,RandomForest,9551.0,17315.0,,,testing,custom_rules,,,,8.0,0.0,0.0,17315.0,65.0,67.0,73.0,3.75,9292.0,8023.0,1829.0,0.0,1829.0,1829.0,9.0,9.0,10.0,4.92,2802.0,1915.0,887.0,4631.0,8.0,8.0,9.0,9.02,4843.0,2908.0,1935.0,9474.0,16.0,17.0,17.0,8.27,1326.0,541.0,785.0,10800.0,6.0,7.0,7.0,7.64,1678.0,1057.0,621.0,12478.0,7.0,7.0,7.0,11.27,2196.0,1374.0,822.0,14674.0,9.0,9.0,10.0,10.95,2641.0,1497.0,1144.0,17315.0,10.0,10.0,13.0,8.74,,,,,,,,,,,,,,,,,,,,,,,,,
e23bdc58-07be-4991-9bb4-74cf3571797a,2025-11-26 09:15:35 UTC,False,33073.0,CFOP,Gan 12 UI Maglev,RandomForest,40203.0,33073.0,,,testing,custom_rules,,,,8.0,0.0,0.0,33073.0,91.0,111.0,133.0,2.75,7252.0,25821.0,9606.0,0.0,9606.0,9606.0,5.0,5.0,7.0,0.52,2073.0,1735.0,338.0,11679.0,3.0,3.0,3.0,8.88,2578.0,1659.0,919.0,14257.0,11.0,11.0,12.0,11.97,1375.0,787.0,588.0,15632.0,8.0,8.0,8.0,13.61,1966.0,911.0,1055.0,17598.0,8.0,8.0,10.0,7.58,2427.0,1299.0,1128.0,20025.0,11.0,13.0,15.0,9.75,13048.0,861.0,12187.0,33073.0,45.0,63.0,78.0,3.69,,,,,,,,,,,,,,,,,,,,,,,,,
3833aae4-6cab-4ac7-9873-85527d1b7321,2025-11-26 09:16:12 UTC,False,18600.0,CFOP,Gan 12 UI Maglev,RandomForest,5025.0,18600.0,,,testing,custom_rules,,,,8.0,0.0,0.0,18600.0,56.0,62.0,73.0,3.01,9664.0,8936.0,1667.0,0.0,1667.0,1667.0,8.0,8.0,10.0,4.8,5761.0,4512.0,1249.0,7428.0,5.0,6.0,6.0,4.0,1541.0,848.0,693.0,8969.0,7.0,7.0,8.0,10.1,2281.0,1080.0,1201.0,11250.0,9.0,9.0,11.0,7.49,3497.0,1177.0,2320.0,14747.0,9.0,10.0,10.0,3.88,1878.0,1072.0,806.0,16625.0,9.0,9.0,10.0,11.17,1975.0,975.0,1000.0,18600.0,9.0,13.0,18.0,9.0,,,,,,,,,,,,,,,,,,,,,,,,,
396a7081-0e63-4a0d-854b-0d507663149a,2025-11-26 09:16:48 UTC,False,18234.0,CFOP,Gan 12 UI Maglev,RandomForest,8138.0,18234.0,,,testing,custom_rules,,,,8.0,0.0,0.0,18234.0,74.0,77.0,84.0,4.06,6999.0,11235.0,2584.0,0.0,2584.0,2584.0,8.0,8.0,9.0,3.1,1600.0,1343.0,257.0,4184.0,5.0,5.0,5.0,19.46,2021.0,766.0,1255.0,6205.0,8.0,8.0,9.0,6.37,3414.0,821.0,2593.0,9619.0,17.0,17.0,19.0,6.56,2126.0,918.0,1208.0,11745.0,8.0,8.0,9.0,6.62,3506.0,2047.0,1459.0,15251.0,12.0,13.0,13.0,8.22,2983.0,1104.0,1879.0,18234.0,16.0,18.0,20.0,8.52,,,,,,,,,,,,,,,,,,,,,,,,,
d64a8f19-7b7d-40da-b751-50ec2bbb4549,2025-11-26 09:17:33 UTC,False,14340.0,CFOP,Gan 12 UI Maglev,RandomForest,21074.0,14340.0,,,testing,custom_rules,,,,8.0,0.0,0.0,14340.0,58.0,60.0,70.0,4.04,6044.0,8296.0,1378.0,0.0,1378.0,1378.0,9.0,9.0,10.0,6.53,0.0,0.0,0.0,1378.0,0.0,0.0,0.0,0.0,2231.0,706.0,1525.0,3609.0,8.0,9.0,10.0,5.25,2035.0,1297.0,738.0,5644.0,8.0,8.0,9.0,10.84,2410.0,1741.0,669.0,8054.0,8.0,8.0,9.0,11.96,3862.0,1318.0,2544.0,11916.0,13.0,14.0,16.0,5.11,2424.0,982.0,1442.0,14340.0,12.0,12.0,16.0,8.32,,,,,,,,,,,,,,,,,,,,,,,,,
48198d6a-3ea5-468a-a677-cce59f70449b,2025-11-26 09:18:27 UTC,False,25346.0,CFOP,Gan 12 UI Maglev,RandomForest,9686.0,25346.0,,,testing,custom_rules,,,,8.0,0.0,0.0,25346.0,70.0,70.0,81.0,2.76,10763.0,14583.0,3110.0,0.0,3110.0,3110.0,7.0,7.0,11.0,2.25,4086.0,3853.0,233.0,7196.0,5.0,5.0,7.0,21.46,5212.0,709.0,4503.0,12408.0,10.0,10.0,11.0,2.22,3276.0,1782.0,1494.0,15684.0,14.0,14.0,14.0,9.37,2632.0,1657.0,975.0,18316.0,8.0,8.0,8.0,8.21,3879.0,1451.0,2428.0,22195.0,16.0,16.0,17.0,6.59,3151.0,1311.0,1840.0,25346.0,10.0,10.0,13.0,5.43,,,,,,,,,,,,,,,,,,,,,,,,,
5b161da1-858a-4629-9d0e-6e9058aff6e6,2025-11-26 09:19:09 UTC,False,15735.0,CFOP,Gan 12 UI Maglev,RandomForest,10468.0,15735.0,,,testing,custom_rules,,,,8.0,0.0,0.0,15735.0,61.0,61.0,71.0,3.88,5401.0,10334.0,3623.0,0.0,3623.0,3623.0,10.0,10.0,11.0,2.76,1128.0,919.0,209.0,4751.0,4.0,4.0,4.0,19.14,1901.0,458.0,1443.0,6652.0,7.0,7.0,8.0,4.85,1593.0,594.0,999.0,8245.0,8.0,8.0,9.0,8.01,1119.0,820.0,299.0,9364.0,5.0,5.0,5.0,16.72,1950.0,886.0,1064.0,11314.0,10.0,10.0,16.0,9.4,4421.0,1724.0,2697.0,15735.0,17.0,17.0,18.0,6.3,,,,,,,,,,,,,,,,,,,,,,,,,
0c5f31b8-ea2d-405d-98b5-c39a8cf2c107,2025-11-26 09:19:45 UTC,False,18657.0,CFOP,Gan 12 UI Maglev,RandomForest,8160.0,18657.0,,,testing,custom_rules,,,,8.0,0.0,0.0,18657.0,76.0,76.0,85.0,4.07,6218.0,12439.0,2286.0,0.0,2286.0,2286.0,9.0,9.0,12.0,3.94,2043.0,854.0,1189.0,4329.0,8.0,8.0,8.0,6.73,2436.0,884.0,1552.0,6765.0,8.0,8.0,10.0,5.15,5046.0,1112.0,3934.0,11811.0,16.0,16.0,17.0,4.07,1667.0,781.0,886.0,13478.0,8.0,8.0,9.0,9.03,2527.0,1386.0,1141.0,16005.0,12.0,12.0,12.0,10.52,2652.0,1201.0,1451.0,18657.0,15.0,15.0,17.0,10.34,,,,,,,,,,,,,,,,,,,,,,,,,
9dcba8fd-9952-4bec-8b3a-8f6a9087299a,2025-11-26 09:20:31 UTC,False,15692.0,CFOP,Gan 12 UI Maglev,RandomForest,10582.0,15692.0,,,testing,custom_rules,,,,8.0,0.0,0.0,15692.0,59.0,63.0,71.0,3.76,5252.0,10440.0,3046.0,0.0,3046.0,3046.0,9.0,9.0,9.0,2.95,1272.0,345.0,927.0,4318.0,6.0,6.0,6.0,6.47,910.0,717.0,193.0,5228.0,3.0,3.0,3.0,15.54,1883.0,1209.0,674.0,7111.0,7.0,7.0,7.0,10.39,2442.0,959.0,1483.0,9553.0,11.0,11.0,11.0,7.42,1884.0,1247.0,637.0,11437.0,7.0,7.0,8.0,10.99,4255.0,775.0,3480.0,15692.0,16.0,20.0,27.0,4.6,,,,,,,,,,,,,,,,,,,,,,,,,
a46bdf28-3971-44d0-a064-198801f17ec6,2025-11-26 09:21:09 UTC,False,17491.0,CFOP,Gan 12 UI Maglev,RandomForest,10089.0,17491.0,,,testing,custom_rules,,,,8.0,0.0,0.0,17491.0,76.0,76.0,84.0,4.35,6768.0,10723.0,2520.0,0.0,2520.0,2520.0,7.0,7.0,10.0,2.78,1088.0,298.0,790.0,3608.0,7.0,7.0,8.0,8.86,2925.0,1571.0,1354.0,6533.0,12.0,12.0,13.0,8.86,3115.0,1280.0,1835.0,9648.0,12.0,12.0,14.0,6.54,2208.0,1595.0,613.0,11856.0,8.0,8.0,8.0,13.05,2248.0,992.0,1256.0,14104.0,12.0,12.0,13.0,9.55,3387.0,1032.0,2355.0,17491.0,18.0,18.0,18.0,7.64,,,,,,,,,,,,,,,,,,,,,,,,,
5f30b1df-2037-4b87-8f03-3c2988b9cdff,2025-11-26 09:21:46 UTC,False,18279.0,CFOP,Gan 12 UI Maglev,RandomForest,6355.0,18279.0,,,testing,custom_rules,,,,8.0,0.0,0.0,18279.0,78.0,79.0,89.0,4.27,6372.0,11907.0,2730.0,0.0,2730.0,2730.0,14.0,14.0,14.0,5.13,2613.0,1526.0,1087.0,5343.0,9.0,10.0,10.0,8.28,3685.0,538.0,3147.0,9028.0,13.0,13.0,14.0,4.13,1385.0,339.0,1046.0,10413.0,7.0,7.0,10.0,6.69,2875.0,1972.0,903.0,13288.0,8.0,8.0,11.0,8.86,2543.0,1030.0,1513.0,15831.0,12.0,12.0,13.0,7.93,2448.0,967.0,1481.0,18279.0,15.0,15.0,17.0,10.13,,,,,,,,,,,,,,,,,,,,,,,,,
1e73db79-cac8-4568-83ca-b886eec8a9e2,2025-11-26 09:22:14 UTC,False,16271.0,CFOP,Gan 12 UI Maglev,RandomForest,2533.0,16271.0,,,testing,custom_rules,,,,8.0,0.0,0.0,16271.0,71.0,71.0,79.0,4.36,7784.0,8487.0,1654.0,0.0,1654.0,1654.0,9.0,9.0,9.0,5.44,3427.0,2278.0,1149.0,5081.0,7.0,7.0,9.0,6.09,1770.0,845.0,925.0,6851.0,7.0,7.0,8.0,7.57,2155.0,1430.0,725.0,9006.0,8.0,8.0,8.0,11.03,2236.0,1543.0,693.0,11242.0,9.0,9.0,11.0,12.99,2157.0,779.0,1378.0,13399.0,11.0,11.0,12.0,7.98,2872.0,909.0,1963.0,16271.0,20.0,20.0,22.0,10.19,,,,,,,,,,,,,,,,,,,,,,,,,
04e3c00c-a58e-480c-899b-eca3c340486e,2025-11-26 09:23:23 UTC,False,29260.0,CFOP,Gan 12 UI Maglev,RandomForest,30666.0,29260.0,,,testing,custom_rules,,,,8.0,0.0,0.0,29260.0,90.0,96.0,107.0,3.08,6408.0,22796.0,8592.0,0.0,8592.0,8648.0,14.0,14.0,16.0,1.63,1166.0,353.0,813.0,9814.0,7.0,7.0,7.0,8.61,3865.0,913.0,2952.0,13679.0,17.0,18.0,20.0,5.76,7532.0,972.0,6560.0,21211.0,24.0,28.0,31.0,3.66,2617.0,1900.0,717.0,23828.0,7.0,7.0,7.0,9.76,1737.0,669.0,1068.0,25565.0,7.0,7.0,8.0,6.55,3695.0,1601.0,2094.0,29260.0,15.0,16.0,18.0,7.16,,,,,,,,,,,,,,,,,,,,,,,,,
752a7e22-d74b-479a-b882-2d3bafc38d46,2025-11-26 09:24:22 UTC,False,16335.0,CFOP,Gan 12 UI Maglev,RandomForest,29846.0,16335.0,,,testing,custom_rules,,,,8.0,0.0,0.0,16335.0,61.0,62.0,72.0,3.73,8000.0,8335.0,3029.0,0.0,3029.0,3029.0,6.0,7.0,9.0,1.98,1808.0,1486.0,322.0,4837.0,5.0,5.0,6.0,15.53,2303.0,1682.0,621.0,7140.0,7.0,7.0,7.0,11.27,1625.0,1117.0,508.0,8765.0,4.0,4.0,4.0,7.87,2243.0,1542.0,701.0,11008.0,8.0,8.0,9.0,11.41,2248.0,1134.0,1114.0,13256.0,14.0,14.0,16.0,12.57,3079.0,1039.0,2040.0,16335.0,17.0,17.0,21.0,8.33,,,,,,,,,,,,,,,,,,,,,,,,,
675c4561-d0ac-4b01-8769-fe704e5462bf,2025-11-26 09:25:49 UTC,False,24041.0,CFOP,Gan 12 UI Maglev,RandomForest,11695.0,24041.0,,,testing,custom_rules,,,,8.0,0.0,0.0,24041.0,84.0,85.0,97.0,3.49,6172.0,17788.0,7500.0,0.0,7500.0,7581.0,15.0,16.0,20.0,2.0,0.0,0.0,0.0,7581.0,0.0,0.0,0.0,0.0,4424.0,1066.0,3358.0,12005.0,12.0,12.0,14.0,3.57,3289.0,1323.0,1966.0,15294.0,12.0,12.0,14.0,6.1,2697.0,1464.0,1233.0,17991.0,12.0,12.0,13.0,9.73,3060.0,870.0,2190.0,21051.0,17.0,17.0,18.0,7.76,2990.0,1449.0,1541.0,24041.0,16.0,16.0,18.0,10.38,,,,,,,,,,,,,,,,,,,,,,,,,
12c5d360-c942-4588-aedf-54a961ab61fb,2025-11-26 09:28:31 UTC,False,17990.0,CFOP,Gan 12 UI Maglev,RandomForest,9964.0,17990.0,,,testing,custom_rules,,,,8.0,0.0,0.0,17990.0,72.0,72.0,82.0,4.0,6766.0,11144.0,3038.0,0.0,3038.0,3118.0,7.0,7.0,9.0,2.3,2489.0,1796.0,693.0,5607.0,8.0,8.0,8.0,11.54,2393.0,1104.0,1289.0,8000.0,8.0,8.0,9.0,6.21,1804.0,1103.0,701.0,9804.0,8.0,8.0,10.0,11.41,1387.0,372.0,1015.0,11191.0,8.0,8.0,10.0,7.88,4096.0,840.0,3256.0,15287.0,18.0,18.0,20.0,5.53,2703.0,1551.0,1152.0,17990.0,15.0,15.0,16.0,13.02,,,,,,,,,,,,,,,,,,,,,,,,,
183df059-d626-43e5-8294-7c63011bf1a9,2025-11-26 09:29:10 UTC,False,15651.0,CFOP,Gan 12 UI Maglev,RandomForest,5289.0,15651.0,,,testing,custom_rules,,,,8.0,0.0,0.0,15651.0,70.0,70.0,79.0,4.47,5686.0,9965.0,2330.0,0.0,2330.0,2330.0,8.0,8.0,9.0,3.43,2022.0,1474.0,548.0,4352.0,6.0,6.0,7.0,10.95,2267.0,1196.0,1071.0,6619.0,8.0,8.0,10.0,7.47,1870.0,492.0,1378.0,8489.0,8.0,8.0,10.0,5.81,1500.0,686.0,814.0,9989.0,3.0,3.0,3.0,3.69,2788.0,863.0,1925.0,12777.0,17.0,17.0,17.0,8.83,2874.0,975.0,1899.0,15651.0,20.0,20.0,23.0,10.53,,,,,,,,,,,,,,,,,,,,,,,,,
20d15688-2be5-4630-a105-995859a2a437,2025-11-26 09:29:44 UTC,False,18144.0,CFOP,Gan 12 UI Maglev,RandomForest,14799.0,18144.0,,,testing,custom_rules,,,,8.0,0.0,0.0,18144.0,60.0,62.0,71.0,3.31,9870.0,8274.0,637.0,0.0,637.0,637.0,4.0,4.0,4.0,6.28,2100.0,1004.0,1096.0,2737.0,6.0,6.0,8.0,5.47,2614.0,1332.0,1282.0,5351.0,9.0,9.0,12.0,7.02,3355.0,3001.0,354.0,8706.0,3.0,3.0,4.0,8.47,1964.0,1206.0,758.0,10670.0,8.0,8.0,9.0,10.55,3020.0,1361.0,1659.0,13690.0,11.0,13.0,14.0,6.63,4454.0,1966.0,2488.0,18144.0,19.0,19.0,20.0,7.64,,,,,,,,,,,,,,,,,,,,,,,,,
ead13891-7d34-46da-a1d1-7b9dc21d7580,2025-11-26 09:33:18 UTC,False,16164.0,CFOP,Gan 12 UI Maglev,RandomForest,4491.0,16164.0,,,testing,custom_rules,,,,8.0,0.0,0.0,16164.0,59.0,60.0,69.0,3.65,8162.0,8002.0,2093.0,0.0,2093.0,2093.0,6.0,6.0,9.0,2.87,1137.0,476.0,661.0,3230.0,8.0,8.0,8.0,12.1,2278.0,1087.0,1191.0,5508.0,8.0,8.0,8.0,6.72,1855.0,1661.0,194.0,7363.0,4.0,4.0,4.0,20.62,3143.0,1652.0,1491.0,10506.0,8.0,8.0,9.0,5.37,2432.0,1659.0,773.0,12938.0,9.0,9.0,11.0,11.64,3226.0,1627.0,1599.0,16164.0,16.0,17.0,20.0,10.01,,,,,,,,,,,,,,,,,,,,,,,,,
880a02a6-587c-44cd-98e6-f00e43050881,2025-11-26 09:34:55 UTC,False,31616.0,CFOP,Gan 12 UI Maglev,RandomForest,24562.0,31616.0,,,testing,custom_rules,,,,8.0,0.0,0.0,31616.0,115.0,126.0,144.0,3.64,7637.0,23979.0,1965.0,0.0,1965.0,1965.0,6.0,6.0,6.0,3.05,2844.0,2054.0,790.0,4809.0,6.0,7.0,7.0,7.59,3594.0,1675.0,1919.0,8403.0,12.0,12.0,14.0,6.25,2545.0,853.0,1692.0,10948.0,9.0,9.0,10.0,5.32,1549.0,685.0,864.0,12497.0,8.0,8.0,8.0,9.26,2329.0,1128.0,1201.0,14826.0,11.0,11.0,11.0,9.16,16790.0,1242.0,15548.0,31616.0,63.0,73.0,88.0,4.05,,,,,,,,,,,,,,,,,,,,,,,,,
a1b67b5d-7797-4ba4-a0c1-bbe3eb3a4364,2025-11-26 09:35:51 UTC,False,18452.0,CFOP,Gan 12 UI Maglev,RandomForest,29167.0,18452.0,,,testing,custom_rules,,,,8.0,0.0,0.0,18452.0,78.0,80.0,92.0,4.23,6812.0,11640.0,1931.0,0.0,1931.0,1931.0,7.0,7.0,10.0,3.63,3274.0,1867.0,1407.0,5205.0,10.0,11.0,12.0,7.11,2277.0,314.0,1963.0,7482.0,10.0,10.0,12.0,5.09,5191.0,1627.0,3564.0,12673.0,19.0,19.0,19.0,5.33,1836.0,1160.0,676.0,14509.0,8.0,8.0,9.0,11.83,1784.0,849.0,935.0,16293.0,10.0,10.0,13.0,10.7,2159.0,995.0,1164.0,18452.0,14.0,15.0,17.0,12.03,,,,,,,,,,,,,,,,,,,,,,,,,
edf85375-640f-4a84-b675-5e0669463318,2025-11-26 09:36:27 UTC,False,17452.0,CFOP,Gan 12 UI Maglev,RandomForest,7730.0,17452.0,,,testing,custom_rules,,,,8.0,0.0,0.0,17452.0,68.0,68.0,77.0,3.9,5167.0,12205.0,2694.0,0.0,2694.0,2774.0,6.0,6.0,8.0,2.23,1673.0,547.0,1126.0,4447.0,7.0,7.0,7.0,6.22,4143.0,242.0,3901.0,8590.0,13.0,13.0,14.0,3.33,2681.0,1521.0,1160.0,11271.0,6.0,6.0,9.0,5.17,2027.0,1071.0,956.0,13298.0,8.0,8.0,9.0,8.37,2093.0,894.0,1199.0,15391.0,13.0,13.0,13.0,10.84,2061.0,892.0,1169.0,17452.0,15.0,15.0,17.0,12.83,,,,,,,,,,,,,,,,,,,,,,,,,
eca3eae7-9bec-4169-94fe-d82c01d1074d,2025-11-26 09:37:05 UTC,False,23221.0,CFOP,Gan 12 UI Maglev,RandomForest,6218.0,23221.0,,,testing,custom_rules,,,,8.0,0.0,0.0,23221.0,66.0,70.0,84.0,2.84,8878.0,14343.0,3333.0,0.0,3333.0,3333.0,7.0,7.0,7.0,2.1,7473.0,637.0,6836.0,10806.0,23.0,23.0,27.0,3.36,2812.0,2594.0,218.0,13618.0,4.0,4.0,4.0,18.35,2417.0,1563.0,854.0,16035.0,7.0,7.0,9.0,8.2,2582.0,1634.0,948.0,18617.0,8.0,8.0,10.0,8.44,1386.0,765.0,621.0,20003.0,8.0,8.0,9.0,12.88,3218.0,1685.0,1533.0,23221.0,9.0,13.0,18.0,5.87,,,,,,,,,,,,,,,,,,,,,,,,,
b253cc0a-0919-43a8-9aa8-a9502b6f9450,2025-11-26 10:56:38 UTC,False,19330.0,CFOP,Gan 12 UI Maglev,RandomForest,21422.0,19330.0,,,testing,custom_rules,,,,8.0,0.0,0.0,19330.0,74.0,75.0,81.0,3.83,7136.0,12194.0,3004.0,0.0,3004.0,3004.0,5.0,5.0,5.0,1.66,1594.0,701.0,893.0,4598.0,9.0,10.0,10.0,10.08,2087.0,537.0,1550.0,6685.0,5.0,5.0,6.0,3.23,3992.0,2791.0,1201.0,10677.0,14.0,14.0,15.0,11.66,1899.0,1335.0,564.0,12576.0,7.0,7.0,7.0,12.41,3740.0,725.0,3015.0,16316.0,18.0,18.0,20.0,5.97,3014.0,1047.0,1967.0,19330.0,16.0,16.0,18.0,8.13,,,,,,,,,,,,,,,,,,,,,,,,,
1ba64ae3-f472-4a3f-be0b-e9f8ceb4cc4e,2025-11-26 10:57:13 UTC,False,17790.0,CFOP,Gan 12 UI Maglev,RandomForest,7273.0,17790.0,,,testing,custom_rules,,,,8.0,0.0,0.0,17790.0,64.0,67.0,79.0,3.6,9504.0,8286.0,1699.0,0.0,1699.0,1699.0,5.0,6.0,7.0,2.94,2555.0,1120.0,1435.0,4254.0,9.0,10.0,11.0,6.27,2642.0,2376.0,266.0,6896.0,4.0,4.0,6.0,15.04,1412.0,784.0,628.0,8308.0,8.0,8.0,10.0,12.74,2287.0,1489.0,798.0,10595.0,10.0,10.0,12.0,12.53,4056.0,2407.0,1649.0,14651.0,12.0,12.0,13.0,7.28,3139.0,1328.0,1811.0,17790.0,16.0,17.0,20.0,8.83,,,,,,,,,,,,,,,,,,,,,,,,,
0586391b-a8d6-4e0a-b4d7-8b66ba3d7f69,2025-11-26 10:57:50 UTC,False,18336.0,CFOP,Gan 12 UI Maglev,RandomForest,8417.0,18336.0,,,testing,custom_rules,,,,8.0,0.0,0.0,18336.0,78.0,79.0,87.0,4.25,6767.0,11569.0,3684.0,0.0,3684.0,3684.0,9.0,9.0,10.0,2.44,4968.0,3248.0,1720.0,8652.0,11.0,11.0,12.0,6.4,1233.0,307.0,926.0,9885.0,8.0,9.0,9.0,8.64,1363.0,509.0,854.0,11248.0,8.0,8.0,9.0,9.37,2061.0,844.0,1217.0,13309.0,12.0,12.0,14.0,9.86,2142.0,813.0,1329.0,15451.0,12.0,12.0,14.0,9.03,2885.0,1046.0,1839.0,18336.0,19.0,19.0,19.0,10.33,,,,,,,,,,,,,,,,,,,,,,,,,
df2aba2e-633d-4216-9a91-87207a3a31aa,2025-11-26 10:59:30 UTC,False,19206.0,CFOP,Gan 12 UI Maglev,RandomForest,19771.0,19206.0,,,testing,custom_rules,,,,8.0,0.0,0.0,19206.0,75.0,77.0,87.0,3.91,6656.0,12550.0,7092.0,0.0,7092.0,7092.0,24.0,26.0,28.0,3.38,0.0,0.0,0.0,7092.0,0.0,0.0,0.0,0.0,3044.0,2031.0,1013.0,10136.0,8.0,8.0,10.0,7.9,2295.0,943.0,1352.0,12431.0,8.0,8.0,10.0,5.92,1830.0,1331.0,499.0,14261.0,8.0,8.0,8.0,16.03,2223.0,1402.0,821.0,16484.0,8.0,8.0,11.0,9.74,2722.0,949.0,1773.0,19206.0,19.0,19.0,20.0,10.72,,,,,,,,,,,,,,,,,,,,,,,,,
8f0071ca-4fdf-4309-9307-4055e5876f42,2025-11-26 10:59:30 UTC,False,18304.0,CFOP,Gan 12 UI Maglev,RandomForest,20584.0,18304.0,,,testing,custom_rules,,,,8.0,0.0,0.0,18304.0,71.0,74.0,83.0,3.88,3817.0,14487.0,5966.0,0.0,5966.0,5966.0,15.0,15.0,17.0,2.51,0.0,0.0,0.0,5966.0,0.0,0.0,0.0,0.0,3855.0,282.0,3573.0,9821.0,14.0,16.0,17.0,3.92,0.0,0.0,0.0,9821.0,0.0,0.0,0.0,0.0,1915.0,822.0,1093.0,11736.0,7.0,7.0,10.0,6.4,3314.0,1297.0,2017.0,15050.0,20.0,20.0,20.0,9.92,3254.0,1416.0,1838.0,18304.0,15.0,16.0,19.0,8.16,,,,,,,,,,,,,,,,,,,,,,,,,
bfe773c8-030b-4657-a626-a34efef95b95,2025-11-26 11:00:42 UTC,False,38252.0,CFOP,Gan 12 UI Maglev,RandomForest,10404.0,38252.0,,,testing,custom_rules,,,,8.0,0.0,0.0,38252.0,111.0,115.0,141.0,2.9,6291.0,31961.0,6905.0,0.0,6905.0,6905.0,13.0,15.0,20.0,1.88,0.0,0.0,0.0,6905.0,0.0,0.0,0.0,0.0,2001.0,1537.0,464.0,8906.0,8.0,8.0,9.0,17.24,2354.0,1065.0,1289.0,11260.0,12.0,12.0,14.0,9.31,2059.0,753.0,1306.0,13319.0,8.0,8.0,10.0,6.13,20775.0,1118.0,19657.0,34094.0,51.0,52.0,66.0,2.59,4158.0,1818.0,2340.0,38252.0,19.0,20.0,22.0,8.12,,,,,,,,,,,,,,,,,,,,,,,,,
d6c91a19-36e8-4fba-bdcb-27ebda85a647,2025-11-26 11:01:17 UTC,False,22780.0,CFOP,Gan 12 UI Maglev,RandomForest,17763.0,22780.0,,,testing,custom_rules,,,,8.0,0.0,0.0,22780.0,77.0,80.0,91.0,3.38,7543.0,15237.0,3066.0,0.0,3066.0,3066.0,10.0,12.0,17.0,3.26,6633.0,1956.0,4677.0,9699.0,22.0,22.0,22.0,4.7,580.0,435.0,145.0,10279.0,4.0,4.0,4.0,27.59,2025.0,1171.0,854.0,12304.0,8.0,8.0,9.0,9.37,1529.0,933.0,596.0,13833.0,8.0,8.0,10.0,13.42,2705.0,1377.0,1328.0,16538.0,6.0,6.0,6.0,4.52,6242.0,1671.0,4571.0,22780.0,19.0,20.0,23.0,4.16,,,,,,,,,,,,,,,,,,,,,,,,,
e8a57e7c-9985-4501-b588-d898ce17ff33,2025-11-26 11:02:19 UTC,False,29305.0,CFOP,Gan 12 UI Maglev,RandomForest,20236.0,29305.0,,,testing,custom_rules,,,,8.0,0.0,0.0,29305.0,98.0,101.0,119.0,3.34,5185.0,24120.0,4999.0,0.0,4999.0,4999.0,14.0,14.0,18.0,2.8,0.0,0.0,0.0,4999.0,0.0,0.0,0.0,0.0,4967.0,1377.0,3590.0,9966.0,14.0,14.0,18.0,3.9,1572.0,500.0,1072.0,11538.0,8.0,8.0,9.0,7.46,1496.0,932.0,564.0,13034.0,9.0,9.0,10.0,15.96,13122.0,1175.0,11947.0,26156.0,37.0,38.0,44.0,3.1,3149.0,1201.0,1948.0,29305.0,16.0,18.0,20.0,8.21,,,,,,,,,,,,,,,,,,,,,,,,,
8f66997f-5575-4fb7-96c3-7d0c4c92a9a5,2025-11-26 11:03:03 UTC,False,17828.0,CFOP,Gan 12 UI Maglev,RandomForest,11763.0,17828.0,,,testing,custom_rules,,,,8.0,0.0,0.0,17828.0,82.0,86.0,101.0,4.6,3015.0,14813.0,8639.0,0.0,8639.0,8639.0,36.0,40.0,46.0,4.17,0.0,0.0,0.0,8639.0,0.0,0.0,0.0,0.0,0.0,0.0,0.0,8639.0,0.0,0.0,0.0,0.0,0.0,0.0,0.0,8639.0,0.0,0.0,0.0,0.0,2135.0,1112.0,1023.0,10774.0,9.0,9.0,9.0,8.8,4113.0,121.0,3992.0,14887.0,26.0,26.0,31.0,6.51,2941.0,1782.0,1159.0,17828.0,11.0,11.0,15.0,9.49,,,,,,,,,,,,,,,,,,,,,,,,,
1395a099-acf5-437b-a256-2e24c088771e,2025-11-26 11:03:36 UTC,False,14518.0,CFOP,Gan 12 UI Maglev,RandomForest,8667.0,14518.0,,,testing,custom_rules,,,,8.0,0.0,0.0,14518.0,61.0,66.0,79.0,4.2,6208.0,8310.0,1491.0,0.0,1491.0,1491.0,5.0,5.0,6.0,3.35,2200.0,1233.0,967.0,3691.0,7.0,7.0,8.0,7.24,2211.0,1430.0,781.0,5902.0,8.0,8.0,10.0,10.24,2344.0,362.0,1982.0,8246.0,14.0,14.0,14.0,7.06,1876.0,1224.0,652.0,10122.0,7.0,7.0,8.0,10.74,1729.0,842.0,887.0,11851.0,11.0,11.0,11.0,12.4,2667.0,1117.0,1550.0,14518.0,10.0,15.0,22.0,6.45,,,,,,,,,,,,,,,,,,,,,,,,,
c3f4f4b0-a76c-41e7-b112-b2cea1171cf5,2025-11-26 11:04:43 UTC,False,19677.0,CFOP,Gan 12 UI Maglev,RandomForest,35550.0,19677.0,,,testing,custom_rules,,,,8.0,0.0,0.0,19677.0,69.0,72.0,81.0,3.51,3678.0,15999.0,9518.0,0.0,9518.0,9518.0,13.0,15.0,18.0,1.37,0.0,0.0,0.0,9518.0,0.0,0.0,0.0,0.0,1959.0,1241.0,718.0,11477.0,6.0,7.0,8.0,8.36,1340.0,395.0,945.0,12817.0,8.0,8.0,9.0,8.47,1209.0,492.0,717.0,14026.0,11.0,11.0,11.0,15.34,2058.0,881.0,1177.0,16084.0,10.0,10.0,13.0,8.5,3593.0,669.0,2924.0,19677.0,22.0,22.0,22.0,7.52,,,,,,,,,,,,,,,,,,,,,,,,,
d0209d99-c58e-4f54-8701-b638be83663f,2025-11-26 11:05:36 UTC,False,20116.0,CFOP,Gan 12 UI Maglev,RandomForest,19786.0,20116.0,,,testing,custom_rules,,,,8.0,0.0,0.0,20116.0,75.0,78.0,88.0,3.73,5343.0,14773.0,7228.0,0.0,7228.0,7228.0,20.0,20.0,25.0,2.77,0.0,0.0,0.0,7228.0,0.0,0.0,0.0,0.0,1489.0,347.0,1142.0,8717.0,7.0,7.0,7.0,6.13,2253.0,242.0,2011.0,10970.0,11.0,11.0,12.0,5.47,2102.0,1280.0,822.0,13072.0,7.0,7.0,7.0,8.52,1741.0,758.0,983.0,14813.0,10.0,11.0,12.0,10.17,5303.0,2716.0,2587.0,20116.0,22.0,23.0,25.0,8.5,,,,,,,,,,,,,,,,,,,,,,,,,
586e7d13-7fcd-448d-b338-1ac3b0ffaf5b,2025-11-26 11:07:44 UTC,False,17091.0,CFOP,Gan 12 UI Maglev,RandomForest,34899.0,17091.0,,,testing,custom_rules,,,,8.0,0.0,0.0,17091.0,83.0,83.0,96.0,4.86,4502.0,12589.0,702.0,0.0,702.0,702.0,5.0,5.0,5.0,7.12,4338.0,700.0,3638.0,5040.0,19.0,19.0,22.0,5.22,1625.0,540.0,1085.0,6665.0,7.0,7.0,7.0,6.45,1844.0,677.0,1167.0,8509.0,8.0,8.0,9.0,6.86,1029.0,548.0,481.0,9538.0,8.0,8.0,9.0,16.63,3931.0,910.0,3021.0,13469.0,20.0,20.0,26.0,6.62,3622.0,1127.0,2495.0,17091.0,16.0,16.0,18.0,6.41,,,,,,,,,,,,,,,,,,,,,,,,,
d464d4f3-876b-46b6-8b66-4eab42f70361,2025-11-26 11:09:21 UTC,False,19528.0,CFOP,Gan 12 UI Maglev,RandomForest,6793.0,19528.0,,,testing,custom_rules,,,,8.0,0.0,0.0,19528.0,68.0,68.0,78.0,3.48,6141.0,13387.0,6018.0,0.0,6018.0,6018.0,14.0,14.0,16.0,2.33,1087.0,765.0,322.0,7105.0,4.0,4.0,5.0,12.42,1224.0,387.0,837.0,8329.0,7.0,7.0,8.0,8.36,2096.0,1492.0,604.0,10425.0,8.0,8.0,10.0,13.25,2893.0,1154.0,1739.0,13318.0,8.0,8.0,11.0,4.6,1909.0,950.0,959.0,15227.0,8.0,8.0,9.0,8.34,4301.0,1393.0,2908.0,19528.0,19.0,19.0,19.0,6.53,,,,,,,,,,,,,,,,,,,,,,,,,
26ea02f8-fdca-4d9e-a55d-b2b7bb65f30b,2025-11-26 11:09:50 UTC,False,16955.0,CFOP,Gan 12 UI Maglev,RandomForest,3580.0,16955.0,,,testing,custom_rules,,,,8.0,0.0,0.0,16955.0,66.0,69.0,77.0,3.89,6598.0,10357.0,2169.0,0.0,2169.0,2169.0,6.0,6.0,9.0,2.77,3182.0,346.0,2836.0,5351.0,10.0,10.0,11.0,3.53,1800.0,1363.0,437.0,7151.0,8.0,8.0,8.0,18.31,2561.0,1828.0,733.0,9712.0,6.0,7.0,7.0,8.19,2377.0,1096.0,1281.0,12089.0,11.0,11.0,13.0,8.59,1755.0,732.0,1023.0,13844.0,10.0,11.0,11.0,9.78,3111.0,1233.0,1878.0,16955.0,15.0,16.0,18.0,7.99,,,,,,,,,,,,,,,,,,,,,,,,,
4c1e03a6-a791-4e0d-b92e-7d5ab6de10f2,2025-11-26 11:10:23 UTC,False,19638.0,CFOP,Gan 12 UI Maglev,RandomForest,3817.0,19638.0,,,testing,custom_rules,,,,8.0,0.0,0.0,19638.0,74.0,78.0,88.0,3.77,9463.0,10175.0,2861.0,0.0,2861.0,2861.0,10.0,10.0,11.0,3.5,2717.0,630.0,2087.0,5578.0,15.0,15.0,15.0,7.19,1903.0,749.0,1154.0,7481.0,7.0,7.0,8.0,6.07,4284.0,3639.0,645.0,11765.0,9.0,9.0,10.0,13.95,1982.0,1490.0,492.0,13747.0,8.0,8.0,8.0,16.26,3316.0,1825.0,1491.0,17063.0,18.0,18.0,20.0,12.07,2575.0,1130.0,1445.0,19638.0,7.0,11.0,16.0,4.84,,,,,,,,,,,,,,,,,,,,,,,,,
85ab464b-637b-427c-b51c-7ec20fe402ed,2025-11-26 11:36:42 UTC,False,15924.0,CFOP,Gan 12 UI Maglev,RandomForest,9015.0,15924.0,,,testing,custom_rules,,,,8.0,0.0,0.0,15924.0,60.0,60.0,64.0,3.77,7072.0,8852.0,2335.0,0.0,2335.0,2335.0,8.0,8.0,8.0,3.43,3517.0,2542.0,975.0,5852.0,7.0,7.0,8.0,7.18,1793.0,1092.0,701.0,7645.0,6.0,6.0,7.0,8.56,1703.0,817.0,886.0,9348.0,7.0,7.0,7.0,7.9,1798.0,1025.0,773.0,11146.0,8.0,8.0,8.0,10.35,1956.0,659.0,1297.0,13102.0,8.0,8.0,9.0,6.17,2822.0,937.0,1885.0,15924.0,16.0,16.0,17.0,8.49,,,,,,,,,,,,,,,,,,,,,,,,,
a5721b83-ba0a-4cbf-b780-85bcf97cba9b,2025-11-26 11:37:35 UTC,False,17159.0,CFOP,Gan 12 UI Maglev,RandomForest,22333.0,17159.0,,,testing,custom_rules,,,,8.0,0.0,0.0,17159.0,61.0,67.0,82.0,3.55,4175.0,12919.0,2706.0,0.0,2706.0,2771.0,8.0,8.0,10.0,2.96,822.0,604.0,218.0,3593.0,3.0,3.0,3.0,13.76,8343.0,951.0,7392.0,11936.0,30.0,32.0,37.0,4.06,0.0,0.0,0.0,11936.0,0.0,0.0,0.0,0.0,0.0,0.0,0.0,11936.0,0.0,0.0,0.0,0.0,2472.0,975.0,1497.0,14408.0,12.0,12.0,13.0,8.02,2751.0,1645.0,1106.0,17159.0,8.0,12.0,19.0,7.23,,,,,,,,,,,,,,,,,,,,,,,,,
506e625c-19d4-4ad9-a7b7-6a6ebb0aba37,2025-11-26 11:38:10 UTC,False,19770.0,CFOP,Gan 12 UI Maglev,RandomForest,7295.0,19770.0,,,testing,custom_rules,,,,8.0,0.0,0.0,19770.0,91.0,91.0,100.0,4.6,5128.0,14642.0,2422.0,0.0,2422.0,2422.0,8.0,8.0,9.0,3.3,2957.0,653.0,2304.0,5379.0,12.0,12.0,13.0,5.21,2200.0,161.0,2039.0,7579.0,12.0,12.0,12.0,5.89,1957.0,1103.0,854.0,9536.0,8.0,8.0,9.0,9.37,2287.0,1199.0,1088.0,11823.0,8.0,8.0,10.0,7.35,5394.0,1118.0,4276.0,17217.0,30.0,30.0,32.0,7.02,2553.0,894.0,1659.0,19770.0,14.0,14.0,15.0,8.44,,,,,,,,,,,,,,,,,,,,,,,,,
ad04ed7a-321a-4458-bea2-8a95c4e49202,2025-11-26 11:38:56 UTC,False,26961.0,CFOP,Gan 12 UI Maglev,RandomForest,9018.0,26961.0,,,testing,custom_rules,,,,8.0,0.0,0.0,26961.0,98.0,100.0,116.0,3.63,5741.0,21220.0,4069.0,0.0,4069.0,4069.0,11.0,11.0,12.0,2.7,1489.0,524.0,965.0,5558.0,8.0,8.0,8.0,8.29,2414.0,1329.0,1085.0,7972.0,7.0,7.0,9.0,6.45,2093.0,796.0,1297.0,10065.0,7.0,7.0,9.0,5.4,1756.0,717.0,1039.0,11821.0,11.0,11.0,12.0,10.59,12135.0,924.0,11211.0,23956.0,39.0,39.0,46.0,3.48,3005.0,1451.0,1554.0,26961.0,15.0,17.0,20.0,9.65,,,,,,,,,,,,,,,,,,,,,,,,,
68fe8490-4d43-4f84-99c5-cce6ce526bc4,2025-11-26 11:39:40 UTC,False,19949.0,CFOP,Gan 12 UI Maglev,RandomForest,16137.0,19949.0,,,testing,custom_rules,,,,8.0,0.0,0.0,19949.0,74.0,76.0,86.0,3.71,7008.0,12876.0,1224.0,0.0,1224.0,1289.0,6.0,6.0,7.0,4.9,4311.0,517.0,3794.0,5600.0,10.0,10.0,12.0,2.64,3644.0,1007.0,2637.0,9244.0,12.0,12.0,12.0,4.55,2846.0,1612.0,1234.0,12090.0,10.0,10.0,12.0,8.1,1990.0,1200.0,790.0,14080.0,9.0,9.0,9.0,11.39,2819.0,1829.0,990.0,16899.0,11.0,13.0,16.0,11.11,3050.0,843.0,2207.0,19949.0,16.0,16.0,18.0,7.25,,,,,,,,,,,,,,,,,,,,,,,,,
54e63ab8-6846-4043-be7a-aa6efc7f3de4,2025-11-26 11:40:19 UTC,False,19488.0,CFOP,Gan 12 UI Maglev,RandomForest,8310.0,19488.0,,,testing,custom_rules,,,,8.0,0.0,0.0,19488.0,73.0,76.0,83.0,3.75,7316.0,12172.0,1925.0,0.0,1925.0,1925.0,7.0,7.0,8.0,3.64,2265.0,1177.0,1088.0,4190.0,8.0,8.0,9.0,7.35,3261.0,1699.0,1562.0,7451.0,7.0,7.0,8.0,4.48,1803.0,218.0,1585.0,9254.0,11.0,11.0,12.0,6.94,1879.0,991.0,888.0,11133.0,8.0,8.0,9.0,9.01,2770.0,1271.0,1499.0,13903.0,10.0,11.0,11.0,6.67,5585.0,1960.0,3625.0,19488.0,23.0,24.0,26.0,6.34,,,,,,,,,,,,,,,,,,,,,,,,,
bd9259fe-5fb3-4a77-b2b9-6002cfd5a07c,2025-11-26 11:41:08 UTC,False,21631.0,CFOP,Gan 12 UI Maglev,RandomForest,16263.0,21631.0,,,testing,custom_rules,,,,8.0,0.0,0.0,21631.0,76.0,78.0,84.0,3.51,6298.0,15333.0,2897.0,0.0,2897.0,2897.0,9.0,9.0,9.0,3.11,2393.0,747.0,1646.0,5290.0,10.0,10.0,10.0,6.08,2974.0,1604.0,1370.0,8264.0,9.0,10.0,10.0,6.57,5539.0,401.0,5138.0,13803.0,11.0,11.0,13.0,2.14,2136.0,1152.0,984.0,15939.0,10.0,10.0,11.0,10.16,2571.0,1378.0,1193.0,18510.0,13.0,13.0,13.0,10.9,3121.0,1016.0,2105.0,21631.0,14.0,15.0,18.0,6.65,,,,,,,,,,,,,,,,,,,,,,,,,
3e466ce1-8865-40d9-9625-e39e7e56ba5c,2025-11-26 11:41:47 UTC,False,23325.0,CFOP,Gan 12 UI Maglev,RandomForest,4918.0,23325.0,,,testing,custom_rules,,,,8.0,0.0,0.0,23325.0,70.0,71.0,88.0,3.0,11265.0,12060.0,2415.0,0.0,2415.0,2415.0,6.0,6.0,7.0,2.48,3473.0,1514.0,1959.0,5888.0,10.0,10.0,14.0,5.1,5013.0,4224.0,789.0,10901.0,7.0,7.0,9.0,8.87,1539.0,693.0,846.0,12440.0,8.0,8.0,10.0,9.46,3264.0,1249.0,2015.0,15704.0,11.0,11.0,12.0,5.46,3096.0,1895.0,1201.0,18800.0,11.0,11.0,15.0,9.16,4525.0,1690.0,2835.0,23325.0,17.0,18.0,21.0,6.0,,,,,,,,,,,,,,,,,,,,,,,,,
790a4d74-6035-4afc-97b4-5f43f27166ea,2025-11-26 11:42:24 UTC,False,19778.0,CFOP,Gan 12 UI Maglev,RandomForest,6128.0,19778.0,,,testing,custom_rules,,,,8.0,0.0,0.0,19778.0,64.0,65.0,73.0,3.24,7702.0,12076.0,5241.0,0.0,5241.0,5241.0,12.0,12.0,13.0,2.29,1991.0,572.0,1419.0,7232.0,8.0,8.0,10.0,5.64,3518.0,2487.0,1031.0,10750.0,7.0,7.0,7.0,6.79,2071.0,1152.0,919.0,12821.0,7.0,7.0,8.0,7.62,1914.0,1382.0,532.0,14735.0,7.0,7.0,7.0,13.16,1780.0,934.0,846.0,16515.0,7.0,7.0,8.0,8.27,3263.0,1175.0,2088.0,19778.0,16.0,17.0,20.0,7.66,,,,,,,,,,,,,,,,,,,,,,,,,
040d68e0-8944-49b4-8421-536837b5c0f6,2025-11-26 11:43:00 UTC,False,16356.0,CFOP,Gan 12 UI Maglev,RandomForest,9954.0,16356.0,,,testing,custom_rules,,,,8.0,0.0,0.0,16356.0,57.0,64.0,77.0,3.48,8689.0,7562.0,1200.0,0.0,1200.0,1305.0,5.0,5.0,6.0,4.17,3905.0,3365.0,540.0,5210.0,7.0,7.0,8.0,12.96,2523.0,1818.0,705.0,7733.0,8.0,8.0,10.0,11.35,2402.0,1079.0,1323.0,10135.0,10.0,11.0,12.0,7.56,1645.0,1049.0,596.0,11780.0,8.0,8.0,8.0,13.42,1618.0,629.0,989.0,13398.0,9.0,10.0,10.0,9.1,2958.0,749.0,2209.0,16356.0,10.0,15.0,23.0,4.53,,,,,,,,,,,,,,,,,,,,,,,,,
478b86bd-a538-49a6-9228-fa6f3c7c5e17,2025-11-26 11:43:41 UTC,False,17603.0,CFOP,Gan 12 UI Maglev,RandomForest,11379.0,17603.0,,,testing,custom_rules,,,,8.0,0.0,0.0,17603.0,72.0,72.0,79.0,4.09,6559.0,11044.0,2169.0,0.0,2169.0,2169.0,7.0,7.0,10.0,3.23,1972.0,892.0,1080.0,4141.0,8.0,8.0,10.0,7.41,4325.0,1251.0,3074.0,8466.0,12.0,12.0,13.0,3.9,1620.0,1257.0,363.0,10086.0,3.0,3.0,3.0,8.26,2604.0,1420.0,1184.0,12690.0,11.0,11.0,11.0,9.29,2110.0,877.0,1233.0,14800.0,13.0,13.0,14.0,10.54,2803.0,862.0,1941.0,17603.0,18.0,18.0,18.0,9.27,,,,,,,,,,,,,,,,,,,,,,,,,
17d0726c-6961-46da-9c36-9c7c6c46757e,2025-11-26 11:44:22 UTC,False,22704.0,CFOP,Gan 12 UI Maglev,RandomForest,8829.0,22704.0,,,testing,custom_rules,,,,8.0,0.0,0.0,22704.0,80.0,83.0,92.0,3.52,7189.0,15515.0,1877.0,0.0,1877.0,1877.0,7.0,7.0,7.0,3.73,5468.0,717.0,4751.0,7345.0,14.0,15.0,16.0,2.95,4143.0,355.0,3788.0,11488.0,11.0,11.0,13.0,2.9,983.0,790.0,193.0,12471.0,5.0,5.0,5.0,25.91,2900.0,2151.0,749.0,15371.0,9.0,9.0,10.0,12.02,3037.0,1789.0,1248.0,18408.0,11.0,11.0,15.0,8.81,4296.0,1387.0,2909.0,22704.0,23.0,25.0,26.0,7.91,,,,,,,,,,,,,,,,,,,,,,,,,
d4ccdc07-4880-4045-b481-aedfbb0c5b7d,2025-11-26 11:45:01 UTC,False,16268.0,CFOP,Gan 12 UI Maglev,RandomForest,11476.0,16268.0,,,testing,custom_rules,,,,8.0,0.0,0.0,16268.0,72.0,74.0,84.0,4.43,5349.0,10919.0,2886.0,0.0,2886.0,2886.0,8.0,8.0,9.0,2.77,1642.0,926.0,716.0,4528.0,6.0,6.0,8.0,8.38,2451.0,958.0,1493.0,6979.0,10.0,11.0,12.0,6.7,1474.0,161.0,1313.0,8453.0,7.0,7.0,8.0,5.33,1731.0,990.0,741.0,10184.0,8.0,8.0,9.0,10.8,3330.0,913.0,2417.0,13514.0,18.0,18.0,20.0,7.45,2754.0,1401.0,1353.0,16268.0,15.0,16.0,18.0,11.09,,,,,,,,,,,,,,,,,,,,,,,,,
3541ce85-5de2-4017-83b5-4d47cf87aa5e,2025-11-26 11:45:33 UTC,False,17090.0,CFOP,Gan 12 UI Maglev,RandomForest,4262.0,17090.0,,,testing,custom_rules,,,,8.0,0.0,0.0,17090.0,64.0,64.0,76.0,3.74,6518.0,10572.0,1830.0,0.0,1830.0,1830.0,7.0,7.0,9.0,3.83,2392.0,910.0,1482.0,4222.0,7.0,7.0,8.0,4.72,1960.0,848.0,1112.0,6182.0,7.0,7.0,9.0,6.29,2594.0,474.0,2120.0,8776.0,12.0,12.0,15.0,5.66,2822.0,2121.0,701.0,11598.0,8.0,8.0,10.0,11.41,1860.0,861.0,999.0,13458.0,8.0,8.0,9.0,8.01,3632.0,1304.0,2328.0,17090.0,15.0,15.0,16.0,6.44,,,,,,,,,,,,,,,,,,,,,,,,,
4f910f7d-30b8-4675-a9f7-2fd8d4b2096e,2025-11-26 11:46:10 UTC,False,19832.0,CFOP,Gan 12 UI Maglev,RandomForest,8478.0,19832.0,,,testing,custom_rules,,,,8.0,0.0,0.0,19832.0,73.0,76.0,92.0,3.68,6452.0,13364.0,1990.0,0.0,1990.0,2006.0,5.0,7.0,9.0,2.51,3062.0,460.0,2602.0,5068.0,9.0,9.0,12.0,3.46,3432.0,637.0,2795.0,8500.0,15.0,15.0,16.0,5.37,3118.0,2240.0,878.0,11618.0,8.0,8.0,8.0,9.11,2102.0,635.0,1467.0,13720.0,10.0,10.0,11.0,6.82,2312.0,1103.0,1209.0,16032.0,10.0,10.0,16.0,8.27,3800.0,1377.0,2423.0,19832.0,16.0,17.0,20.0,6.6,,,,,,,,,,,,,,,,,,,,,,,,,
4245563e-2b3b-48c2-95ea-a9f0dad1d0b2,2025-11-26 11:46:38 UTC,False,11851.0,CFOP,Gan 12 UI Maglev,RandomForest,4862.0,11851.0,,,testing,custom_rules,,,,8.0,0.0,0.0,11851.0,63.0,65.0,68.0,5.32,4597.0,7254.0,1338.0,0.0,1338.0,1338.0,6.0,6.0,6.0,4.48,2239.0,475.0,1764.0,3577.0,11.0,11.0,11.0,6.24,1414.0,563.0,851.0,4991.0,7.0,7.0,7.0,8.23,1104.0,645.0,459.0,6095.0,6.0,6.0,7.0,13.07,1650.0,869.0,781.0,7745.0,8.0,8.0,8.0,10.24,1177.0,661.0,516.0,8922.0,9.0,9.0,9.0,17.44,2929.0,1384.0,1545.0,11851.0,16.0,18.0,20.0,10.36,,,,,,,,,,,,,,,,,,,,,,,,,
21298595-26ee-4442-9481-8b94f27a4a54,2025-11-26 11:47:29 UTC,False,17934.0,CFOP,Gan 12 UI Maglev,RandomForest,24791.0,17934.0,,,testing,custom_rules,,,,8.0,0.0,0.0,17934.0,78.0,78.0,87.0,4.35,5288.0,12646.0,5415.0,0.0,5415.0,5415.0,16.0,16.0,19.0,2.95,0.0,0.0,0.0,5415.0,0.0,0.0,0.0,0.0,1508.0,911.0,597.0,6923.0,8.0,8.0,8.0,13.4,2768.0,1225.0,1543.0,9691.0,12.0,12.0,17.0,7.78,2459.0,1573.0,886.0,12150.0,8.0,8.0,8.0,9.03,2867.0,886.0,1981.0,15017.0,16.0,16.0,17.0,8.08,2917.0,693.0,2224.0,17934.0,18.0,18.0,18.0,8.09,,,,,,,,,,,,,,,,,,,,,,,,,
83c4ac4c-2ddf-4a4f-b062-2e5d9573f68f,2025-11-26 11:48:59 UTC,False,17180.0,CFOP,Gan 12 UI Maglev,RandomForest,3701.0,17180.0,,,testing,custom_rules,,,,8.0,0.0,0.0,17180.0,69.0,71.0,80.0,4.02,6906.0,10274.0,1568.0,0.0,1568.0,1568.0,6.0,6.0,7.0,3.83,2004.0,1794.0,210.0,3572.0,4.0,4.0,5.0,19.05,5522.0,2261.0,3261.0,9094.0,12.0,12.0,15.0,3.68,1563.0,636.0,927.0,10657.0,9.0,10.0,11.0,9.71,1250.0,491.0,759.0,11907.0,12.0,12.0,12.0,15.81,1346.0,661.0,685.0,13253.0,9.0,9.0,9.0,13.14,3927.0,1063.0,2864.0,17180.0,17.0,18.0,21.0,5.94,,,,,,,,,,,,,,,,,,,,,,,,,
8c8e592e-36d6-4054-af6b-c55709de4965,2025-11-26 11:49:24 UTC,False,12819.0,CFOP,Gan 12 UI Maglev,RandomForest,3540.0,12819.0,,,testing,custom_rules,,,,8.0,0.0,0.0,12819.0,47.0,47.0,59.0,3.67,6824.0,5995.0,1386.0,0.0,1386.0,1386.0,8.0,8.0,11.0,5.77,1843.0,1642.0,201.0,3229.0,5.0,5.0,7.0,24.88,3376.0,2055.0,1321.0,6605.0,8.0,8.0,10.0,6.06,2248.0,1023.0,1225.0,8853.0,8.0,8.0,10.0,6.53,1073.0,532.0,541.0,9926.0,7.0,7.0,7.0,12.94,0.0,0.0,0.0,9926.0,0.0,0.0,0.0,0.0,2893.0,1572.0,1321.0,12819.0,11.0,11.0,14.0,8.33,,,,,,,,,,,,,,,,,,,,,,,,,
4e7f7bbc-4a96-496f-bc8c-b00443ca1b85,2025-11-26 11:49:57 UTC,False,16504.0,CFOP,Gan 12 UI Maglev,RandomForest,6106.0,16504.0,,,testing,custom_rules,,,,8.0,0.0,0.0,16504.0,71.0,71.0,80.0,4.3,5387.0,11117.0,2413.0,0.0,2413.0,2413.0,6.0,6.0,11.0,2.49,2953.0,750.0,2203.0,5366.0,10.0,10.0,10.0,4.54,3062.0,347.0,2715.0,8428.0,11.0,11.0,12.0,4.05,1983.0,1298.0,685.0,10411.0,9.0,9.0,11.0,13.14,767.0,622.0,145.0,11178.0,3.0,3.0,3.0,20.69,1943.0,1080.0,863.0,13121.0,13.0,13.0,14.0,15.06,3383.0,1290.0,2093.0,16504.0,19.0,19.0,19.0,9.08,,,,,,,,,,,,,,,,,,,,,,,,,
6e85c9b4-acde-4dcc-8e5c-2aeee99687e0,2025-11-26 11:50:43 UTC,False,17606.0,CFOP,Gan 12 UI Maglev,RandomForest,10738.0,17606.0,,,testing,custom_rules,,,,8.0,0.0,0.0,17606.0,69.0,70.0,78.0,3.92,7809.0,9668.0,3353.0,0.0,3353.0,3482.0,12.0,12.0,14.0,3.58,2659.0,2466.0,193.0,6141.0,4.0,4.0,4.0,20.73,3619.0,1178.0,2441.0,9760.0,12.0,12.0,13.0,4.92,1811.0,957.0,854.0,11571.0,8.0,8.0,9.0,9.37,1516.0,977.0,539.0,13087.0,8.0,8.0,8.0,14.84,1827.0,909.0,918.0,14914.0,11.0,11.0,12.0,11.98,2692.0,1322.0,1370.0,17606.0,14.0,15.0,18.0,10.22,,,,,,,,,,,,,,,,,,,,,,,,,
9092a0b6-1457-4dd3-ab26-998aadf29031,2025-11-26 11:51:18 UTC,False,17636.0,CFOP,Gan 12 UI Maglev,RandomForest,7319.0,17636.0,,,testing,custom_rules,,,,8.0,0.0,0.0,17636.0,72.0,73.0,80.0,4.08,7767.0,9869.0,1128.0,0.0,1128.0,1128.0,5.0,5.0,6.0,4.43,1845.0,951.0,894.0,2973.0,8.0,8.0,8.0,8.95,1509.0,857.0,652.0,4482.0,8.0,8.0,9.0,12.27,3024.0,1323.0,1701.0,7506.0,11.0,11.0,12.0,6.47,3230.0,1144.0,2086.0,10736.0,12.0,12.0,12.0,5.75,2455.0,1480.0,975.0,13191.0,11.0,11.0,11.0,11.28,4445.0,2012.0,2433.0,17636.0,17.0,18.0,22.0,6.99,,,,,,,,,,,,,,,,,,,,,,,,,
7519af11-71a8-47ca-b0bc-ea9ed34e580e,2025-11-26 11:52:30 UTC,False,36525.0,CFOP,Gan 12 UI Maglev,RandomForest,22467.0,36525.0,,,testing,custom_rules,,,,8.0,0.0,0.0,36525.0,120.0,120.0,137.0,3.29,7567.0,28958.0,11474.0,0.0,11474.0,11474.0,13.0,13.0,19.0,1.13,2762.0,1577.0,1185.0,14236.0,8.0,8.0,8.0,6.75,8434.0,693.0,7741.0,22670.0,31.0,31.0,35.0,4.0,4811.0,1226.0,3585.0,27481.0,21.0,21.0,23.0,5.86,2055.0,1233.0,822.0,29536.0,12.0,12.0,12.0,14.6,3871.0,1557.0,2314.0,33407.0,18.0,18.0,21.0,7.78,3118.0,1281.0,1837.0,36525.0,17.0,17.0,19.0,9.25,,,,,,,,,,,,,,,,,,,,,,,,,
afa10199-eab9-4461-8ec9-a77b7f5c3a01,2025-11-26 11:53:06 UTC,False,19241.0,CFOP,Gan 12 UI Maglev,RandomForest,6103.0,19241.0,,,testing,custom_rules,,,,8.0,0.0,0.0,19241.0,71.0,72.0,83.0,3.69,6961.0,12208.0,1225.0,0.0,1225.0,1297.0,5.0,5.0,8.0,4.08,1642.0,506.0,1136.0,2939.0,8.0,8.0,9.0,7.04,2440.0,1256.0,1184.0,5379.0,7.0,7.0,7.0,5.91,5472.0,853.0,4619.0,10851.0,17.0,17.0,19.0,3.68,1796.0,1168.0,628.0,12647.0,7.0,7.0,8.0,11.15,3773.0,1526.0,2247.0,16420.0,17.0,17.0,18.0,7.57,2821.0,1652.0,1169.0,19241.0,11.0,11.0,14.0,9.41,,,,,,,,,,,,,,,,,,,,,,,,,
c5048eb7-bed2-4bc7-9941-b980ead919c4,2025-11-26 11:53:36 UTC,False,15806.0,CFOP,Gan 12 UI Maglev,RandomForest,3850.0,15806.0,,,testing,custom_rules,,,,8.0,0.0,0.0,15806.0,63.0,63.0,69.0,3.99,6897.0,8909.0,2237.0,0.0,2237.0,2237.0,6.0,6.0,8.0,2.68,2135.0,1120.0,1015.0,4372.0,8.0,8.0,9.0,7.88,1926.0,1015.0,911.0,6298.0,6.0,6.0,7.0,6.59,2376.0,1611.0,765.0,8674.0,4.0,4.0,4.0,5.23,1186.0,791.0,395.0,9860.0,4.0,4.0,5.0,10.13,2490.0,1112.0,1378.0,12350.0,18.0,18.0,19.0,13.06,3456.0,1248.0,2208.0,15806.0,17.0,17.0,17.0,7.7,,,,,,,,,,,,,,,,,,,,,,,,,
84c4b079-99d2-42a1-9f49-175033389789,2025-11-26 11:54:11 UTC,False,14054.0,CFOP,Gan 12 UI Maglev,RandomForest,9089.0,14054.0,,,testing,custom_rules,,,,8.0,0.0,0.0,14054.0,69.0,70.0,79.0,4.91,5571.0,8483.0,2369.0,0.0,2369.0,2369.0,8.0,8.0,11.0,3.38,2208.0,885.0,1323.0,4577.0,8.0,8.0,8.0,6.05,1450.0,508.0,942.0,6027.0,8.0,8.0,9.0,8.49,1539.0,991.0,548.0,7566.0,8.0,8.0,8.0,14.6,1538.0,829.0,709.0,9104.0,8.0,8.0,9.0,11.28,2310.0,1102.0,1208.0,11414.0,14.0,14.0,16.0,11.59,2640.0,1256.0,1384.0,14054.0,15.0,16.0,18.0,10.84,,,,,,,,,,,,,,,,,,,,,,,,,
b52227c2-5040-48d2-b587-cff85b4688ec,2025-11-26 11:54:54 UTC,False,18559.0,CFOP,Gan 12 UI Maglev,RandomForest,4257.0,18559.0,,,testing,custom_rules,,,,8.0,0.0,0.0,18559.0,67.0,76.0,90.0,3.61,1905.0,16654.0,13896.0,0.0,13896.0,13896.0,45.0,49.0,55.0,3.24,0.0,0.0,0.0,13896.0,0.0,0.0,0.0,0.0,0.0,0.0,0.0,13896.0,0.0,0.0,0.0,0.0,0.0,0.0,0.0,13896.0,0.0,0.0,0.0,0.0,0.0,0.0,0.0,13896.0,0.0,0.0,0.0,0.0,2035.0,1020.0,1015.0,15931.0,11.0,11.0,12.0,10.84,2628.0,885.0,1743.0,18559.0,11.0,16.0,23.0,6.31,,,,,,,,,,,,,,,,,,,,,,,,,
57a609b9-614e-4370-be70-a24c3401ec23,2025-11-26 11:55:31 UTC,False,16743.0,CFOP,Gan 12 UI Maglev,RandomForest,10124.0,16743.0,,,testing,custom_rules,,,,8.0,0.0,0.0,16743.0,72.0,73.0,83.0,4.3,6273.0,10470.0,1458.0,0.0,1458.0,1458.0,5.0,5.0,7.0,3.43,1803.0,1199.0,604.0,3261.0,7.0,7.0,8.0,11.59,2755.0,1981.0,774.0,6016.0,8.0,8.0,9.0,10.34,2211.0,145.0,2066.0,8227.0,11.0,11.0,12.0,5.32,1522.0,443.0,1079.0,9749.0,9.0,9.0,9.0,8.34,2586.0,861.0,1725.0,12335.0,16.0,16.0,16.0,9.28,4408.0,1644.0,2764.0,16743.0,17.0,18.0,22.0,6.15,,,,,,,,,,,,,,,,,,,,,,,,,
daa420a5-e951-4a17-855e-cef62eb2eb51,2025-11-26 12:11:23 UTC,False,21549.0,CFOP,Gan 12 UI Maglev,RandomForest,10576.0,21549.0,,,testing,custom_rules,,,,8.0,0.0,0.0,21549.0,74.0,78.0,85.0,3.43,9043.0,12506.0,1736.0,0.0,1736.0,1736.0,6.0,6.0,7.0,3.46,2042.0,724.0,1318.0,3778.0,9.0,10.0,10.0,6.83,4307.0,3038.0,1269.0,8085.0,9.0,10.0,11.0,7.09,3428.0,1856.0,1572.0,11513.0,9.0,10.0,10.0,5.73,1872.0,1113.0,759.0,13385.0,8.0,8.0,8.0,10.54,2041.0,863.0,1178.0,15426.0,12.0,12.0,13.0,10.19,6123.0,1449.0,4674.0,21549.0,21.0,22.0,26.0,4.49,,,,,,,,,,,,,,,,,,,,,,,,,
fb6ce804-5a1a-49b1-82b8-aadf9a495b33,2025-11-26 12:11:57 UTC,False,18421.0,CFOP,Gan 12 UI Maglev,RandomForest,5129.0,18421.0,,,testing,custom_rules,,,,8.0,0.0,0.0,18421.0,59.0,64.0,80.0,3.2,7265.0,11156.0,3872.0,0.0,3872.0,3872.0,8.0,8.0,9.0,2.07,3868.0,2756.0,1112.0,7740.0,7.0,7.0,7.0,6.29,2208.0,620.0,1588.0,9948.0,8.0,8.0,8.0,5.04,2632.0,1482.0,1150.0,12580.0,8.0,8.0,10.0,6.96,1726.0,768.0,958.0,14306.0,9.0,9.0,10.0,9.39,2061.0,860.0,1201.0,16367.0,10.0,10.0,15.0,8.33,2054.0,779.0,1275.0,18421.0,9.0,14.0,21.0,7.06,,,,,,,,,,,,,,,,,,,,,,,,,
ed0a160d-4a55-4a21-b27b-4ba88f523901,2025-11-26 12:12:44 UTC,False,19603.0,CFOP,Gan 12 UI Maglev,RandomForest,15807.0,19603.0,,,testing,custom_rules,,,,8.0,0.0,0.0,19603.0,63.0,64.0,71.0,3.21,7208.0,12395.0,1967.0,0.0,1967.0,1967.0,5.0,5.0,6.0,2.54,5765.0,2538.0,3227.0,7732.0,9.0,9.0,10.0,2.79,1328.0,474.0,854.0,9060.0,6.0,6.0,7.0,7.03,2252.0,779.0,1473.0,11312.0,10.0,11.0,12.0,6.79,981.0,651.0,330.0,12293.0,4.0,4.0,4.0,12.12,4527.0,1184.0,3343.0,16820.0,19.0,19.0,19.0,5.68,2783.0,1582.0,1201.0,19603.0,10.0,10.0,13.0,8.33,,,,,,,,,,,,,,,,,,,,,,,,,
fc1756bb-7d11-4d1d-9e4f-7ae3c5dc6a32,2025-11-26 12:13:19 UTC,False,16302.0,CFOP,Gan 12 UI Maglev,RandomForest,7834.0,16302.0,,,testing,custom_rules,,,,8.0,0.0,0.0,16302.0,64.0,66.0,73.0,3.93,5995.0,10210.0,2809.0,0.0,2809.0,2906.0,7.0,7.0,8.0,2.49,1696.0,475.0,1221.0,4602.0,7.0,7.0,8.0,5.73,1857.0,1133.0,724.0,6459.0,8.0,8.0,10.0,11.05,2456.0,645.0,1811.0,8915.0,9.0,10.0,11.0,4.97,1272.0,805.0,467.0,10187.0,7.0,7.0,7.0,14.99,2486.0,1488.0,998.0,12673.0,11.0,11.0,11.0,11.02,3629.0,1449.0,2180.0,16302.0,15.0,16.0,18.0,6.88,,,,,,,,,,,,,,,,,,,,,,,,,
00f78ff8-50a2-44b5-af25-b36dc4253f2e,2025-11-26 12:13:52 UTC,False,18584.0,CFOP,Gan 12 UI Maglev,RandomForest,5439.0,18584.0,,,testing,custom_rules,,,,8.0,0.0,0.0,18584.0,60.0,61.0,71.0,3.23,8254.0,10330.0,2564.0,0.0,2564.0,2564.0,8.0,8.0,10.0,3.12,2894.0,2040.0,854.0,5458.0,7.0,7.0,7.0,8.2,2754.0,1448.0,1306.0,8212.0,7.0,7.0,8.0,5.36,2310.0,778.0,1532.0,10522.0,8.0,8.0,9.0,5.22,1786.0,1128.0,658.0,12308.0,7.0,7.0,8.0,10.64,2137.0,1128.0,1009.0,14445.0,7.0,7.0,8.0,6.94,4139.0,1732.0,2407.0,18584.0,16.0,17.0,21.0,6.65,,,,,,,,,,,,,,,,,,,,,,,,,
e8e2cfc1-7231-45c3-a654-952816c6cbea,2025-11-26 12:14:27 UTC,False,17706.0,CFOP,Gan 12 UI Maglev,RandomForest,6276.0,17706.0,,,testing,custom_rules,,,,8.0,0.0,0.0,17706.0,74.0,82.0,96.0,4.18,1663.0,16043.0,9043.0,0.0,9043.0,9043.0,36.0,36.0,41.0,3.98,0.0,0.0,0.0,9043.0,0.0,0.0,0.0,0.0,6128.0,169.0,5959.0,15171.0,29.0,33.0,37.0,4.87,2535.0,1494.0,1041.0,17706.0,9.0,13.0,18.0,8.65,0.0,0.0,0.0,17706.0,0.0,0.0,0.0,0.0,0.0,0.0,0.0,17706.0,0.0,0.0,0.0,0.0,0.0,0.0,0.0,17706.0,0.0,0.0,0.0,0.0,,,,,,,,,,,,,,,,,,,,,,,,,
2b7284ab-4dc6-4729-85a0-b87f45c037bb,2025-11-26 12:14:59 UTC,False,18612.0,CFOP,Gan 12 UI Maglev,RandomForest,3543.0,18612.0,,,testing,custom_rules,,,,8.0,0.0,0.0,18612.0,65.0,67.0,78.0,3.49,8283.0,10329.0,1137.0,0.0,1137.0,1137.0,5.0,5.0,6.0,4.4,1948.0,1311.0,637.0,3085.0,7.0,7.0,8.0,10.99,5468.0,2383.0,3085.0,8553.0,12.0,12.0,13.0,3.89,1612.0,717.0,895.0,10165.0,7.0,7.0,9.0,7.82,1643.0,443.0,1200.0,11808.0,8.0,8.0,9.0,6.67,2828.0,1418.0,1410.0,14636.0,10.0,11.0,11.0,7.09,3976.0,2011.0,1965.0,18612.0,17.0,18.0,22.0,8.65,,,,,,,,,,,,,,,,,,,,,,,,,
ffc445ac-704d-45f7-8d4c-884b175e5631,2025-11-26 12:15:30 UTC,False,16588.0,CFOP,Gan 12 UI Maglev,RandomForest,4068.0,16588.0,,,testing,custom_rules,,,,8.0,0.0,0.0,16588.0,56.0,62.0,77.0,3.38,5890.0,10698.0,1192.0,0.0,1192.0,1192.0,5.0,5.0,6.0,4.19,5554.0,2808.0,2746.0,6746.0,11.0,12.0,15.0,4.01,1562.0,338.0,1224.0,8308.0,5.0,5.0,5.0,4.08,2287.0,660.0,1627.0,10595.0,7.0,7.0,8.0,4.3,948.0,394.0,554.0,11543.0,7.0,7.0,7.0,12.64,2102.0,765.0,1337.0,13645.0,10.0,10.0,13.0,7.48,2943.0,925.0,2018.0,16588.0,11.0,16.0,23.0,5.45,,,,,,,,,,,,,,,,,,,,,,,,,
8db5839d-0af8-463e-b961-68c46d36316f,2025-11-26 12:16:00 UTC,False,12030.0,CFOP,Gan 12 UI Maglev,RandomForest,5991.0,12030.0,,,testing,custom_rules,,,,8.0,0.0,0.0,12030.0,52.0,56.0,65.0,4.32,5958.0,6072.0,1591.0,0.0,1591.0,1591.0,8.0,8.0,9.0,5.03,1057.0,896.0,161.0,2648.0,3.0,3.0,3.0,18.63,746.0,553.0,193.0,3394.0,4.0,4.0,4.0,20.73,2493.0,1630.0,863.0,5887.0,8.0,8.0,9.0,9.27,2244.0,802.0,1442.0,8131.0,9.0,9.0,10.0,6.24,2006.0,1135.0,871.0,10137.0,11.0,11.0,11.0,12.63,1893.0,942.0,951.0,12030.0,9.0,13.0,19.0,9.46,,,,,,,,,,,,,,,,,,,,,,,,,
f9d60942-d196-4543-b9f2-dc12dadde6d6,2025-11-26 12:16:35 UTC,False,19177.0,CFOP,Gan 12 UI Maglev,RandomForest,5950.0,19177.0,,,testing,custom_rules,,,,8.0,0.0,0.0,19177.0,69.0,72.0,74.0,3.6,6604.0,12283.0,1007.0,0.0,1007.0,1297.0,7.0,8.0,8.0,6.95,2258.0,1086.0,1172.0,3555.0,9.0,10.0,10.0,7.68,5021.0,392.0,4629.0,8576.0,14.0,15.0,16.0,3.02,1809.0,1076.0,733.0,10385.0,4.0,4.0,5.0,5.46,2443.0,1613.0,830.0,12828.0,8.0,8.0,8.0,9.64,2355.0,1130.0,1225.0,15183.0,10.0,10.0,10.0,8.16,3994.0,1307.0,2687.0,19177.0,17.0,17.0,17.0,6.33,,,,,,,,,,,,,,,,,,,,,,,,,
b19ab52b-c35d-43ac-828d-487d2f210fae,2025-11-26 12:17:07 UTC,False,16461.0,CFOP,Gan 12 UI Maglev,RandomForest,4640.0,16461.0,,,testing,custom_rules,,,,8.0,0.0,0.0,16461.0,63.0,65.0,71.0,3.83,7123.0,9338.0,1793.0,0.0,1793.0,1793.0,7.0,7.0,9.0,3.9,4596.0,2092.0,2504.0,6389.0,10.0,11.0,13.0,3.99,2687.0,1777.0,910.0,9076.0,8.0,8.0,8.0,8.79,1777.0,810.0,967.0,10853.0,7.0,7.0,7.0,7.24,1114.0,607.0,507.0,11967.0,8.0,8.0,8.0,15.78,2146.0,1211.0,935.0,14113.0,10.0,11.0,12.0,10.7,2348.0,626.0,1722.0,16461.0,13.0,13.0,14.0,7.55,,,,,,,,,,,,,,,,,,,,,,,,,
796ac776-3751-4242-98d7-8084bb111ec4,2025-11-26 12:17:39 UTC,False,17500.0,CFOP,Gan 12 UI Maglev,RandomForest,5348.0,17500.0,,,testing,custom_rules,,,,8.0,0.0,0.0,17500.0,64.0,66.0,75.0,3.66,6698.0,10802.0,1850.0,0.0,1850.0,1850.0,7.0,8.0,8.0,3.78,2647.0,1665.0,982.0,4497.0,7.0,7.0,9.0,7.13,2863.0,1720.0,1143.0,7360.0,8.0,8.0,8.0,7.0,4993.0,400.0,4593.0,12353.0,14.0,14.0,17.0,3.05,1277.0,987.0,290.0,13630.0,5.0,5.0,6.0,17.24,1707.0,975.0,732.0,15337.0,9.0,9.0,10.0,12.3,2163.0,951.0,1212.0,17500.0,14.0,15.0,17.0,11.55,,,,,,,,,,,,,,,,,,,,,,,,,
88454462-79b4-49db-8d4e-3ee947deba1e,2025-11-26 12:18:15 UTC,False,19518.0,CFOP,Gan 12 UI Maglev,RandomForest,3444.0,19518.0,,,testing,custom_rules,,,,8.0,0.0,0.0,19518.0,63.0,65.0,75.0,3.23,8064.0,11454.0,3712.0,0.0,3712.0,3712.0,13.0,13.0,14.0,3.5,3350.0,2754.0,596.0,7062.0,8.0,8.0,8.0,13.42,2183.0,749.0,1434.0,9245.0,7.0,7.0,9.0,4.88,2213.0,1126.0,1087.0,11458.0,8.0,8.0,9.0,7.36,2315.0,407.0,1908.0,13773.0,7.0,7.0,7.0,3.67,2804.0,1426.0,1378.0,16577.0,11.0,13.0,15.0,7.98,2941.0,1602.0,1339.0,19518.0,10.0,10.0,13.0,7.47,,,,,,,,,,,,,,,,,,,,,,,,,
935cdd77-9825-4f26-962a-7b2a1d4963ac,2025-11-26 12:18:57 UTC,False,18939.0,CFOP,Gan 12 UI Maglev,RandomForest,5833.0,18939.0,,,testing,custom_rules,,,,8.0,0.0,0.0,18939.0,80.0,82.0,94.0,4.22,5236.0,13703.0,2770.0,0.0,2770.0,2770.0,7.0,7.0,8.0,2.53,1845.0,459.0,1386.0,4615.0,9.0,10.0,11.0,6.49,1854.0,1113.0,741.0,6469.0,12.0,12.0,13.0,16.19,5915.0,701.0,5214.0,12384.0,22.0,22.0,25.0,4.22,2698.0,1216.0,1482.0,15082.0,8.0,8.0,11.0,5.4,1337.0,797.0,540.0,16419.0,8.0,8.0,9.0,14.81,2520.0,950.0,1570.0,18939.0,14.0,15.0,17.0,8.92,,,,,,,,,,,,,,,,,,,,,,,,,
9949b898-495f-4eca-bd29-c403a6c48aab,2025-11-26 12:19:26 UTC,False,15114.0,CFOP,Gan 12 UI Maglev,RandomForest,4588.0,15114.0,,,testing,custom_rules,,,,8.0,0.0,0.0,15114.0,59.0,64.0,74.0,3.9,4831.0,10283.0,2754.0,0.0,2754.0,2754.0,7.0,7.0,10.0,2.54,2645.0,939.0,1706.0,5399.0,10.0,10.0,10.0,5.86,3027.0,395.0,2632.0,8426.0,15.0,16.0,17.0,5.7,1674.0,757.0,917.0,10100.0,6.0,6.0,6.0,6.54,975.0,685.0,290.0,11075.0,5.0,5.0,5.0,17.24,1957.0,917.0,1040.0,13032.0,9.0,9.0,10.0,8.65,2082.0,1138.0,944.0,15114.0,7.0,11.0,16.0,7.42,,,,,,,,,,,,,,,,,,,,,,,,,
1a1e53fe-381f-4392-beca-c2479861a793,2025-11-26 12:19:59 UTC,False,15830.0,CFOP,Gan 12 UI Maglev,RandomForest,5800.0,15830.0,,,testing,custom_rules,,,,8.0,0.0,0.0,15830.0,83.0,83.0,86.0,5.24,5217.0,10613.0,2853.0,0.0,2853.0,2853.0,11.0,11.0,11.0,3.86,2494.0,870.0,1624.0,5347.0,11.0,11.0,12.0,6.77,1927.0,1282.0,645.0,7274.0,8.0,8.0,8.0,12.4,1453.0,524.0,929.0,8727.0,8.0,8.0,9.0,8.61,1548.0,539.0,1009.0,10275.0,12.0,12.0,12.0,11.89,2567.0,995.0,1572.0,12842.0,14.0,14.0,14.0,8.91,2988.0,1007.0,1981.0,15830.0,19.0,19.0,20.0,9.59,,,,,,,,,,,,,,,,,,,,,,,,,
3adfcad7-0f31-4d07-a51c-fcdb01c77630,2025-11-26 12:20:27 UTC,False,14931.0,CFOP,Gan 12 UI Maglev,RandomForest,4066.0,14931.0,,,testing,custom_rules,,,,8.0,0.0,0.0,14931.0,70.0,72.0,84.0,4.69,5788.0,9143.0,1820.0,0.0,1820.0,1820.0,6.0,6.0,7.0,3.3,1748.0,612.0,1136.0,3568.0,8.0,8.0,9.0,7.04,2715.0,411.0,2304.0,6283.0,15.0,15.0,17.0,6.51,1833.0,939.0,894.0,8116.0,12.0,12.0,13.0,13.42,1650.0,1078.0,572.0,9766.0,8.0,8.0,8.0,13.99,2151.0,1096.0,1055.0,11917.0,11.0,13.0,15.0,10.43,3014.0,1652.0,1362.0,14931.0,11.0,11.0,15.0,8.08,,,,,,,,,,,,,,,,,,,,,,,,,
44ff33c3-8f96-4e0f-b1a6-23c403cf734f,2025-11-26 12:21:05 UTC,False,19234.0,CFOP,Gan 12 UI Maglev,RandomForest,10353.0,19234.0,,,testing,custom_rules,,,,8.0,0.0,0.0,19234.0,54.0,54.0,61.0,2.81,9757.0,9477.0,3349.0,0.0,3349.0,3349.0,7.0,7.0,8.0,2.09,5206.0,4183.0,1023.0,8555.0,8.0,8.0,9.0,7.82,804.0,345.0,459.0,9359.0,3.0,3.0,3.0,6.54,2244.0,887.0,1357.0,11603.0,8.0,8.0,8.0,5.9,1651.0,780.0,871.0,13254.0,7.0,7.0,9.0,8.04,1995.0,802.0,1193.0,15249.0,9.0,9.0,9.0,7.54,3985.0,2760.0,1225.0,19234.0,12.0,12.0,15.0,9.8,,,,,,,,,,,,,,,,,,,,,,,,,
f5370fe7-82eb-4f41-8032-61ba8d6c16c4,2025-11-26 12:21:34 UTC,False,14825.0,CFOP,Gan 12 UI Maglev,RandomForest,4754.0,14825.0,,,testing,custom_rules,,,,8.0,0.0,0.0,14825.0,65.0,65.0,75.0,4.38,6346.0,8479.0,2237.0,0.0,2237.0,2237.0,8.0,8.0,8.0,3.58,2755.0,1683.0,1072.0,4992.0,8.0,8.0,9.0,7.46,2536.0,1256.0,1280.0,7528.0,8.0,8.0,11.0,6.25,2279.0,895.0,1384.0,9807.0,11.0,11.0,13.0,7.95,1500.0,879.0,621.0,11307.0,8.0,8.0,9.0,12.88,1818.0,932.0,886.0,13125.0,8.0,8.0,9.0,9.03,1700.0,701.0,999.0,14825.0,14.0,14.0,16.0,14.01,,,,,,,,,,,,,,,,,,,,,,,,,
e88d8018-2348-4e63-9e46-8b3bd82eb74d,2025-11-26 12:22:18 UTC,False,24236.0,CFOP,Gan 12 UI Maglev,RandomForest,6131.0,24236.0,,,testing,custom_rules,,,,8.0,0.0,0.0,24236.0,67.0,72.0,89.0,2.76,6104.0,18132.0,10229.0,0.0,10229.0,10229.0,17.0,17.0,20.0,1.66,0.0,0.0,0.0,10229.0,0.0,0.0,0.0,0.0,5138.0,1780.0,3358.0,15367.0,12.0,12.0,13.0,3.57,2354.0,1661.0,693.0,17721.0,8.0,8.0,10.0,11.54,1514.0,692.0,822.0,19235.0,8.0,8.0,11.0,9.73,2158.0,1175.0,983.0,21393.0,12.0,12.0,13.0,12.21,2843.0,796.0,2047.0,24236.0,10.0,15.0,22.0,4.89,,,,,,,,,,,,,,,,,,,,,,,,,
85936ac3-9063-49ef-a8bd-6617d96f1598,2025-11-26 12:22:57 UTC,False,16432.0,CFOP,Gan 12 UI Maglev,RandomForest,7320.0,16432.0,,,testing,custom_rules,,,,8.0,0.0,0.0,16432.0,73.0,76.0,85.0,4.44,5246.0,11122.0,2136.0,0.0,2136.0,2200.0,9.0,9.0,11.0,4.21,1636.0,621.0,1015.0,3836.0,7.0,7.0,8.0,6.9,4482.0,452.0,4030.0,8318.0,15.0,16.0,18.0,3.72,2192.0,1015.0,1177.0,10510.0,7.0,7.0,7.0,5.95,1635.0,870.0,765.0,12145.0,11.0,11.0,12.0,14.38,1732.0,845.0,887.0,13877.0,10.0,11.0,11.0,11.27,2555.0,1443.0,1112.0,16432.0,14.0,15.0,18.0,12.59,,,,,,,,,,,,,,,,,,,,,,,,,
5b69b369-08d9-4b81-a246-3daab8f0b383,2025-11-26 12:23:33 UTC,False,22333.0,CFOP,Gan 12 UI Maglev,RandomForest,4369.0,22333.0,,,testing,custom_rules,,,,8.0,0.0,0.0,22333.0,61.0,61.0,70.0,2.73,12646.0,9687.0,1509.0,0.0,1509.0,1509.0,6.0,6.0,7.0,3.98,4349.0,2690.0,1659.0,5858.0,7.0,7.0,10.0,4.22,2466.0,1451.0,1015.0,8324.0,8.0,8.0,9.0,7.88,1483.0,798.0,685.0,9807.0,8.0,8.0,9.0,11.68,8128.0,5766.0,2362.0,17935.0,13.0,13.0,13.0,5.5,1742.0,694.0,1048.0,19677.0,9.0,9.0,9.0,8.59,2656.0,1247.0,1409.0,22333.0,10.0,10.0,13.0,7.1,,,,,,,,,,,,,,,,,,,,,,,,,
29b70243-c770-4638-b873-28c88111dc7b,2025-11-26 12:24:11 UTC,False,20928.0,CFOP,Gan 12 UI Maglev,RandomForest,7312.0,20928.0,,,testing,custom_rules,,,,8.0,0.0,0.0,20928.0,69.0,70.0,81.0,3.3,7563.0,13365.0,4439.0,0.0,4439.0,4439.0,10.0,10.0,10.0,2.25,2455.0,562.0,1893.0,6894.0,11.0,11.0,13.0,5.81,2672.0,1633.0,1039.0,9566.0,8.0,8.0,10.0,7.7,4121.0,1945.0,2176.0,13687.0,8.0,8.0,10.0,3.68,1734.0,604.0,1130.0,15421.0,8.0,8.0,8.0,7.08,2986.0,1707.0,1279.0,18407.0,10.0,10.0,11.0,7.82,2521.0,1112.0,1409.0,20928.0,14.0,15.0,19.0,9.94,,,,,,,,,,,,,,,,,,,,,,,,,
41919f79-c033-41a6-9918-99ad7103f606,2025-11-26 12:24:36 UTC,False,14549.0,CFOP,Gan 12 UI Maglev,RandomForest,3244.0,14549.0,,,testing,custom_rules,,,,8.0,0.0,0.0,14549.0,68.0,72.0,78.0,4.67,6340.0,8209.0,1499.0,0.0,1499.0,1499.0,6.0,6.0,6.0,4.0,1184.0,524.0,660.0,2683.0,8.0,8.0,9.0,12.12,2412.0,757.0,1655.0,5095.0,9.0,10.0,10.0,5.44,2113.0,1056.0,1057.0,7208.0,10.0,10.0,11.0,9.46,2384.0,1570.0,814.0,9592.0,9.0,9.0,10.0,11.06,2225.0,1281.0,944.0,11817.0,11.0,12.0,13.0,11.65,2732.0,1152.0,1580.0,14549.0,15.0,17.0,19.0,9.49,,,,,,,,,,,,,,,,,,,,,,,,,
443e0645-508a-4a3c-a825-3c7cd969c089,2025-11-26 12:25:08 UTC,False,16941.0,CFOP,Gan 12 UI Maglev,RandomForest,4594.0,16941.0,,,testing,custom_rules,,,,8.0,0.0,0.0,16941.0,59.0,63.0,80.0,3.48,5386.0,11555.0,2996.0,0.0,2996.0,2996.0,9.0,9.0,10.0,3.0,4591.0,733.0,3858.0,7587.0,18.0,18.0,22.0,4.67,2313.0,1088.0,1225.0,9900.0,7.0,7.0,8.0,5.71,1410.0,1135.0,275.0,11310.0,4.0,4.0,5.0,14.55,2235.0,507.0,1728.0,13545.0,7.0,7.0,7.0,4.05,1271.0,723.0,548.0,14816.0,7.0,7.0,8.0,12.77,2125.0,1200.0,925.0,16941.0,7.0,11.0,20.0,7.57,,,,,,,,,,,,,,,,,,,,,,,,,
79da68d8-d32e-4b24-b011-19320a387ab8,2025-11-26 12:25:44 UTC,False,14859.0,CFOP,Gan 12 UI Maglev,RandomForest,9488.0,14859.0,,,testing,custom_rules,,,,8.0,0.0,0.0,14859.0,69.0,69.0,79.0,4.64,4788.0,10071.0,2500.0,0.0,2500.0,2500.0,11.0,11.0,11.0,4.4,2138.0,720.0,1418.0,4638.0,7.0,7.0,8.0,4.94,1584.0,93.0,1491.0,6222.0,10.0,10.0,10.0,6.71,1590.0,664.0,926.0,7812.0,7.0,7.0,7.0,7.56,2214.0,1473.0,741.0,10026.0,9.0,9.0,9.0,12.15,1880.0,857.0,1023.0,11906.0,10.0,10.0,15.0,9.78,2953.0,981.0,1972.0,14859.0,16.0,16.0,19.0,8.11,,,,,,,,,,,,,,,,,,,,,,,,,
e1a7769f-54b9-4564-8888-66ca4a70d9e4,2025-11-26 12:26:52 UTC,False,13462.0,CFOP,Gan 12 UI Maglev,RandomForest,27187.0,13462.0,,,testing,custom_rules,,,,8.0,0.0,0.0,13462.0,66.0,67.0,75.0,4.9,3499.0,9963.0,1584.0,0.0,1584.0,1584.0,5.0,6.0,7.0,3.16,1038.0,338.0,700.0,2622.0,7.0,7.0,7.0,10.0,2154.0,536.0,1618.0,4776.0,9.0,9.0,11.0,5.56,1329.0,378.0,951.0,6105.0,7.0,7.0,7.0,7.36,1094.0,506.0,588.0,7199.0,8.0,8.0,8.0,13.61,2700.0,668.0,2032.0,9899.0,12.0,12.0,15.0,5.91,3563.0,1073.0,2490.0,13462.0,18.0,18.0,20.0,7.23,,,,,,,,,,,,,,,,,,,,,,,,,
37c441c1-14e1-4b56-a0d3-5457e6a65cbc,2025-11-26 12:27:24 UTC,False,17553.0,CFOP,Gan 12 UI Maglev,RandomForest,3566.0,17553.0,,,testing,custom_rules,,,,8.0,0.0,0.0,17553.0,55.0,64.0,81.0,3.13,6079.0,11474.0,1808.0,0.0,1808.0,1808.0,6.0,7.0,8.0,3.32,3610.0,1804.0,1806.0,5418.0,7.0,7.0,7.0,3.88,1433.0,612.0,821.0,6851.0,7.0,7.0,8.0,8.53,2262.0,846.0,1416.0,9113.0,7.0,7.0,8.0,4.94,1336.0,540.0,796.0,10449.0,7.0,7.0,10.0,8.79,1755.0,1094.0,661.0,12204.0,9.0,9.0,10.0,13.62,5349.0,1183.0,4166.0,17553.0,12.0,20.0,30.0,2.88,,,,,,,,,,,,,,,,,,,,,,,,,
a1ac6f21-4c40-47fb-9aa9-af3842d885c2,2025-11-26 12:28:39 UTC,False,18262.0,CFOP,Gan 12 UI Maglev,RandomForest,7456.0,18262.0,,,testing,custom_rules,,,,8.0,0.0,0.0,18262.0,66.0,68.0,74.0,3.61,8183.0,10079.0,3682.0,0.0,3682.0,3682.0,9.0,9.0,10.0,2.44,4112.0,2960.0,1152.0,7794.0,7.0,7.0,9.0,6.08,931.0,463.0,468.0,8725.0,5.0,6.0,6.0,10.68,2655.0,1801.0,854.0,11380.0,9.0,9.0,9.0,10.54,2308.0,970.0,1338.0,13688.0,8.0,8.0,8.0,5.98,2069.0,861.0,1208.0,15757.0,14.0,14.0,14.0,11.59,2505.0,1128.0,1377.0,18262.0,14.0,15.0,18.0,10.17,,,,,,,,,,,,,,,,,,,,,,,,,
c735d7af-64d9-499e-8e82-aa570660b81a,2025-11-26 19:30:14 UTC,False,14418.0,CFOP,Gan 12 UI Maglev,RandomForest,15191.0,14418.0,,,testing,custom_rules,,,,8.0,0.0,0.0,14418.0,60.0,60.0,70.0,4.16,5227.0,9191.0,2143.0,0.0,2143.0,2143.0,6.0,6.0,8.0,2.8,1717.0,395.0,1322.0,3860.0,7.0,7.0,7.0,5.3,1839.0,1235.0,604.0,5699.0,8.0,8.0,9.0,13.25,2105.0,830.0,1275.0,7804.0,8.0,8.0,10.0,6.27,1748.0,797.0,951.0,9552.0,8.0,8.0,9.0,8.41,1742.0,864.0,878.0,11294.0,7.0,7.0,7.0,7.97,3124.0,1106.0,2018.0,14418.0,16.0,16.0,20.0,7.93,,,,,,,,,,,,,,,,,,,,,,,,,
1fe01043-b3c5-4bef-a768-4eaa18634e40,2025-11-26 19:30:57 UTC,False,14789.0,CFOP,Gan 12 UI Maglev,RandomForest,18036.0,14789.0,,,testing,custom_rules,,,,8.0,0.0,0.0,14789.0,64.0,68.0,83.0,4.33,4803.0,9986.0,1645.0,0.0,1645.0,1645.0,5.0,5.0,7.0,3.04,1820.0,467.0,1353.0,3465.0,8.0,8.0,8.0,5.91,1499.0,194.0,1305.0,4964.0,6.0,6.0,7.0,4.6,3921.0,734.0,3187.0,8885.0,22.0,22.0,23.0,6.9,2272.0,1636.0,636.0,11157.0,8.0,8.0,9.0,12.58,1433.0,869.0,564.0,12590.0,9.0,9.0,9.0,15.96,2199.0,903.0,1296.0,14789.0,7.0,11.0,20.0,5.4,,,,,,,,,,,,,,,,,,,,,,,,,
810792a7-c912-47a9-8377-423a81fcaf7d,2025-11-26 19:31:50 UTC,False,17169.0,CFOP,Gan 12 UI Maglev,RandomForest,26120.0,17169.0,,,testing,custom_rules,,,,8.0,0.0,0.0,17169.0,70.0,70.0,83.0,4.08,6496.0,10673.0,1731.0,0.0,1731.0,1731.0,5.0,5.0,7.0,2.89,2965.0,306.0,2659.0,4696.0,13.0,13.0,16.0,4.89,2323.0,1710.0,613.0,7019.0,8.0,8.0,10.0,13.05,2190.0,984.0,1206.0,9209.0,8.0,8.0,10.0,6.63,2436.0,1482.0,954.0,11645.0,8.0,8.0,11.0,8.39,2274.0,977.0,1297.0,13919.0,10.0,10.0,11.0,7.71,3250.0,1037.0,2213.0,17169.0,18.0,18.0,18.0,8.13,,,,,,,,,,,,,,,,,,,,,,,,,
510287e3-4d71-4d49-9622-50f4a83ec788,2025-11-26 19:32:22 UTC,False,16852.0,CFOP,Gan 12 UI Maglev,RandomForest,4875.0,16852.0,,,testing,custom_rules,,,,8.0,0.0,0.0,16852.0,62.0,62.0,77.0,3.68,6219.0,10561.0,4266.0,0.0,4266.0,4338.0,7.0,7.0,10.0,1.64,1761.0,1044.0,717.0,6099.0,7.0,7.0,8.0,9.76,1197.0,668.0,529.0,7296.0,6.0,6.0,7.0,11.34,1873.0,1406.0,467.0,9169.0,4.0,4.0,5.0,8.57,1882.0,1101.0,781.0,11051.0,8.0,8.0,11.0,10.24,2052.0,916.0,1136.0,13103.0,10.0,10.0,14.0,8.8,3749.0,1084.0,2665.0,16852.0,20.0,20.0,22.0,7.5,,,,,,,,,,,,,,,,,,,,,,,,,
093f16d8-beb1-4abc-bc4c-852667fc0906,2025-11-27 16:52:50 UTC,False,32025.0,CFOP,Gan 12 UI Maglev,RandomForest,12307.0,32025.0,,,testing,custom_rules,,,,8.0,0.0,0.0,32025.0,116.0,117.0,129.0,3.62,8388.0,23637.0,1418.0,0.0,1418.0,1418.0,6.0,6.0,8.0,4.23,2049.0,1638.0,411.0,3467.0,3.0,3.0,3.0,7.3,4016.0,2093.0,1923.0,7483.0,12.0,12.0,14.0,6.24,2855.0,1010.0,1845.0,10338.0,14.0,15.0,15.0,7.59,3032.0,1426.0,1606.0,13370.0,12.0,12.0,13.0,7.47,2232.0,894.0,1338.0,15602.0,10.0,10.0,10.0,7.47,16423.0,1327.0,15096.0,32025.0,59.0,59.0,66.0,3.91,,,,,,,,,,,,,,,,,,,,,,,,,
f0029a63-51e4-41d3-9680-b2284747485f,2025-11-27 16:53:29 UTC,False,14555.0,CFOP,Gan 12 UI Maglev,RandomForest,12424.0,14555.0,,,testing,custom_rules,,,,8.0,0.0,0.0,14555.0,65.0,66.0,75.0,4.47,5682.0,8792.0,1224.0,0.0,1224.0,1305.0,5.0,5.0,7.0,4.08,2263.0,974.0,1289.0,3568.0,10.0,11.0,12.0,7.76,1173.0,932.0,241.0,4741.0,5.0,5.0,6.0,20.75,1642.0,885.0,757.0,6383.0,8.0,8.0,10.0,10.57,3545.0,1570.0,1975.0,9928.0,10.0,10.0,11.0,5.06,1765.0,741.0,1024.0,11693.0,7.0,7.0,8.0,6.84,2862.0,580.0,2282.0,14555.0,20.0,20.0,21.0,8.76,,,,,,,,,,,,,,,,,,,,,,,,,
8478e6e7-11be-4c15-81cb-5f77dd4e65df,2025-11-27 16:54:04 UTC,False,14580.0,CFOP,Gan 12 UI Maglev,RandomForest,7945.0,14580.0,,,testing,custom_rules,,,,8.0,0.0,0.0,14580.0,69.0,70.0,77.0,4.73,3812.0,10768.0,4194.0,0.0,4194.0,4194.0,17.0,17.0,19.0,4.05,0.0,0.0,0.0,4194.0,0.0,0.0,0.0,0.0,1690.0,725.0,965.0,5884.0,8.0,8.0,8.0,8.29,1337.0,596.0,741.0,7221.0,8.0,8.0,9.0,10.8,1732.0,201.0,1531.0,8953.0,11.0,11.0,12.0,7.18,1808.0,881.0,927.0,10761.0,9.0,9.0,10.0,9.71,3819.0,1409.0,2410.0,14580.0,16.0,17.0,19.0,6.64,,,,,,,,,,,,,,,,,,,,,,,,,
e09702e7-4164-4540-9b5a-efb75c5768d7,2025-11-27 16:54:38 UTC,False,9493.0,CFOP,Gan 12 UI Maglev,RandomForest,13994.0,9493.0,,,testing,custom_rules,,,,8.0,0.0,0.0,9493.0,38.0,38.0,42.0,4.0,4739.0,4754.0,1466.0,0.0,1466.0,1466.0,5.0,5.0,6.0,3.41,1708.0,1393.0,315.0,3174.0,4.0,4.0,5.0,12.7,991.0,572.0,419.0,4165.0,4.0,4.0,5.0,9.55,2457.0,1144.0,1313.0,6622.0,11.0,11.0,11.0,8.38,1589.0,1025.0,564.0,8211.0,7.0,7.0,7.0,12.41,1282.0,605.0,677.0,9493.0,8.0,8.0,8.0,11.82,0.0,0.0,0.0,9493.0,0.0,0.0,0.0,0.0,,,,,,,,,,,,,,,,,,,,,,,,,
f1958f3f-b9b1-4f61-bc9a-74a2849e6f10,2025-11-27 16:57:08 UTC,False,16542.0,CFOP,Gan 12 UI Maglev,RandomForest,16251.0,16542.0,,,testing,custom_rules,,,,8.0,0.0,0.0,16542.0,59.0,65.0,76.0,3.57,1726.0,14816.0,11855.0,0.0,11855.0,11855.0,38.0,40.0,41.0,3.21,0.0,0.0,0.0,11855.0,0.0,0.0,0.0,0.0,0.0,0.0,0.0,11855.0,0.0,0.0,0.0,0.0,0.0,0.0,0.0,11855.0,0.0,0.0,0.0,0.0,0.0,0.0,0.0,11855.0,0.0,0.0,0.0,0.0,2199.0,911.0,1288.0,14054.0,14.0,14.0,15.0,10.87,2488.0,815.0,1673.0,16542.0,7.0,11.0,20.0,4.18,,,,,,,,,,,,,,,,,,,,,,,,,
e953b72a-89b6-42d5-be5e-4e4851408c5a,2025-11-27 16:57:44 UTC,False,15211.0,CFOP,Gan 12 UI Maglev,RandomForest,9895.0,15211.0,,,testing,custom_rules,,,,8.0,0.0,0.0,15211.0,67.0,69.0,75.0,4.4,3061.0,12150.0,2038.0,0.0,2038.0,2038.0,6.0,6.0,7.0,2.94,1578.0,362.0,1216.0,3616.0,8.0,8.0,8.0,6.58,1276.0,637.0,639.0,4892.0,5.0,6.0,6.0,7.82,4974.0,411.0,4563.0,9866.0,19.0,20.0,24.0,4.16,0.0,0.0,0.0,9866.0,0.0,0.0,0.0,0.0,1974.0,831.0,1143.0,11840.0,11.0,11.0,12.0,9.62,3371.0,820.0,2551.0,15211.0,18.0,18.0,18.0,7.06,,,,,,,,,,,,,,,,,,,,,,,,,
8d3d9a7a-4f2f-4aa4-b6c5-7bf888b9ae52,2025-11-27 17:00:03 UTC,False,24310.0,CFOP,Gan 12 UI Maglev,RandomForest,15717.0,24310.0,,,testing,custom_rules,,,,8.0,0.0,0.0,24310.0,86.0,88.0,102.0,3.54,8100.0,16138.0,2225.0,0.0,2225.0,2297.0,7.0,7.0,8.0,3.15,2386.0,944.0,1442.0,4683.0,7.0,7.0,8.0,4.85,5172.0,1134.0,4038.0,9855.0,13.0,14.0,17.0,3.22,3138.0,2179.0,959.0,12993.0,13.0,13.0,15.0,13.56,2624.0,1811.0,813.0,15617.0,9.0,9.0,11.0,11.07,3888.0,363.0,3525.0,19505.0,20.0,21.0,23.0,5.67,4805.0,1669.0,3136.0,24310.0,17.0,17.0,20.0,5.42,,,,,,,,,,,,,,,,,,,,,,,,,
9cbc440c-3f82-42af-a5eb-f94d50344dc9,2025-11-27 17:01:00 UTC,False,18083.0,CFOP,Gan 12 UI Maglev,RandomForest,19252.0,18083.0,,,testing,custom_rules,,,,8.0,0.0,0.0,18083.0,57.0,64.0,78.0,3.15,5688.0,12307.0,6250.0,0.0,6250.0,6338.0,17.0,20.0,22.0,2.72,0.0,0.0,0.0,6338.0,0.0,0.0,0.0,0.0,4138.0,1458.0,2680.0,10476.0,11.0,11.0,12.0,4.1,1183.0,805.0,378.0,11659.0,3.0,3.0,3.0,7.94,2151.0,1579.0,572.0,13810.0,8.0,8.0,9.0,13.99,2135.0,927.0,1208.0,15945.0,9.0,9.0,12.0,7.45,2138.0,919.0,1219.0,18083.0,9.0,13.0,20.0,7.38,,,,,,,,,,,,,,,,,,,,,,,,,
2f28d3dd-4a3b-4b4e-b260-402d42853921,2025-11-27 17:01:32 UTC,False,18917.0,CFOP,Gan 12 UI Maglev,RandomForest,5689.0,18917.0,,,testing,custom_rules,,,,8.0,0.0,0.0,18917.0,76.0,76.0,85.0,4.02,7089.0,11828.0,1595.0,0.0,1595.0,1595.0,5.0,5.0,7.0,3.13,2365.0,1120.0,1245.0,3960.0,8.0,8.0,10.0,6.43,3577.0,765.0,2812.0,7537.0,16.0,16.0,17.0,5.69,2431.0,1311.0,1120.0,9968.0,8.0,8.0,9.0,7.14,1779.0,1070.0,709.0,11747.0,8.0,8.0,9.0,11.28,2600.0,1302.0,1298.0,14347.0,12.0,12.0,13.0,9.24,4570.0,1521.0,3049.0,18917.0,19.0,19.0,20.0,6.23,,,,,,,,,,,,,,,,,,,,,,,,,
02521cdc-0198-4e2e-8fa0-498a221d3040,2025-11-27 17:02:14 UTC,False,17796.0,CFOP,Gan 12 UI Maglev,RandomForest,13371.0,17796.0,,,testing,custom_rules,,,,8.0,0.0,0.0,17796.0,75.0,77.0,87.0,4.21,4714.0,12873.0,3350.0,0.0,3350.0,3559.0,10.0,11.0,12.0,2.99,2457.0,290.0,2167.0,6016.0,13.0,13.0,14.0,6.0,3838.0,868.0,2970.0,9854.0,11.0,11.0,12.0,3.7,934.0,644.0,290.0,10788.0,4.0,4.0,5.0,13.79,1885.0,846.0,1039.0,12673.0,11.0,11.0,13.0,10.59,1497.0,893.0,604.0,14170.0,9.0,9.0,10.0,14.9,3626.0,1173.0,2453.0,17796.0,17.0,18.0,21.0,6.93,,,,,,,,,,,,,,,,,,,,,,,,,
eafaac81-eb2a-4e1c-88bb-bfeb24ed1e25,2025-11-27 17:03:02 UTC,False,20137.0,CFOP,Gan 12 UI Maglev,RandomForest,13618.0,20137.0,,,testing,custom_rules,,,,8.0,0.0,0.0,20137.0,84.0,90.0,112.0,4.17,7705.0,12432.0,2423.0,0.0,2423.0,2423.0,7.0,8.0,9.0,2.89,3345.0,2152.0,1193.0,5768.0,8.0,8.0,10.0,6.71,1514.0,202.0,1312.0,7282.0,7.0,7.0,9.0,5.34,1282.0,419.0,863.0,8564.0,12.0,12.0,12.0,13.9,2287.0,1586.0,701.0,10851.0,8.0,8.0,9.0,11.41,6808.0,2233.0,4575.0,17659.0,29.0,29.0,40.0,6.34,2478.0,1113.0,1365.0,20137.0,13.0,18.0,23.0,9.52,,,,,,,,,,,,,,,,,,,,,,,,,
7c14195a-32df-424b-a9b3-7f144fada490,2025-11-27 17:03:51 UTC,False,24071.0,CFOP,Gan 12 UI Maglev,RandomForest,15101.0,24071.0,,,testing,custom_rules,,,,8.0,0.0,0.0,24071.0,83.0,87.0,96.0,3.45,5486.0,18585.0,11838.0,0.0,11838.0,11838.0,29.0,33.0,37.0,2.45,0.0,0.0,0.0,11838.0,0.0,0.0,0.0,0.0,0.0,0.0,0.0,11838.0,0.0,0.0,0.0,0.0,2728.0,1198.0,1530.0,14566.0,8.0,8.0,9.0,5.23,2109.0,1384.0,725.0,16675.0,8.0,8.0,8.0,11.03,4064.0,1366.0,2698.0,20739.0,22.0,22.0,24.0,8.15,3332.0,1538.0,1794.0,24071.0,16.0,16.0,18.0,8.92,,,,,,,,,,,,,,,,,,,,,,,,,
12f3df0f-4e9e-46bb-b19d-1048721a5e65,2025-11-27 17:04:29 UTC,False,18027.0,CFOP,Gan 12 UI Maglev,RandomForest,11260.0,18027.0,,,testing,custom_rules,,,,8.0,0.0,0.0,18027.0,63.0,65.0,79.0,3.49,5878.0,12149.0,2738.0,0.0,2738.0,2738.0,6.0,8.0,14.0,2.19,2077.0,1489.0,588.0,4815.0,6.0,6.0,8.0,10.2,3920.0,274.0,3646.0,8735.0,12.0,12.0,13.0,3.29,1262.0,516.0,746.0,9997.0,7.0,7.0,8.0,9.38,2699.0,1556.0,1143.0,12696.0,9.0,9.0,10.0,7.87,2569.0,803.0,1766.0,15265.0,8.0,8.0,8.0,4.53,2762.0,1240.0,1522.0,18027.0,16.0,16.0,18.0,10.51,,,,,,,,,,,,,,,,,,,,,,,,,
5972db7b-4b9e-4192-b1d5-8d3d6f9aa352,2025-11-27 17:05:06 UTC,False,18848.0,CFOP,Gan 12 UI Maglev,RandomForest,8616.0,18848.0,,,testing,custom_rules,,,,8.0,0.0,0.0,18848.0,68.0,69.0,75.0,3.61,7676.0,11172.0,4534.0,0.0,4534.0,4534.0,10.0,10.0,11.0,2.21,0.0,0.0,0.0,4534.0,0.0,0.0,0.0,0.0,4629.0,3203.0,1426.0,9163.0,8.0,8.0,9.0,5.61,1161.0,340.0,821.0,10324.0,12.0,12.0,12.0,14.62,1852.0,644.0,1208.0,12176.0,7.0,7.0,7.0,5.79,3232.0,1597.0,1635.0,15408.0,15.0,15.0,16.0,9.17,3440.0,1892.0,1548.0,18848.0,17.0,18.0,20.0,10.98,,,,,,,,,,,,,,,,,,,,,,,,,
491d5479-a84c-4649-b846-4108133b9919,2025-11-27 17:05:59 UTC,False,22379.0,CFOP,Gan 12 UI Maglev,RandomForest,18322.0,22379.0,,,testing,custom_rules,,,,8.0,0.0,0.0,22379.0,79.0,79.0,92.0,3.53,6319.0,16060.0,3654.0,0.0,3654.0,3654.0,9.0,9.0,10.0,2.46,3233.0,484.0,2749.0,6887.0,11.0,11.0,12.0,4.0,3216.0,1523.0,1693.0,10103.0,7.0,7.0,9.0,4.13,1524.0,637.0,887.0,11627.0,11.0,11.0,12.0,12.4,5029.0,789.0,4240.0,16656.0,16.0,16.0,17.0,3.77,2256.0,1361.0,895.0,18912.0,8.0,8.0,11.0,8.94,3467.0,1525.0,1942.0,22379.0,17.0,17.0,21.0,8.75,,,,,,,,,,,,,,,,,,,,,,,,,
f28ddef2-8f97-421b-88d9-19739bb43d4b,2025-11-27 17:06:49 UTC,False,17839.0,CFOP,Gan 12 UI Maglev,RandomForest,22298.0,17839.0,,,testing,custom_rules,,,,8.0,0.0,0.0,17839.0,65.0,67.0,75.0,3.64,5578.0,12261.0,3762.0,0.0,3762.0,3762.0,15.0,15.0,16.0,3.99,0.0,0.0,0.0,3762.0,0.0,0.0,0.0,0.0,5654.0,733.0,4921.0,9416.0,14.0,15.0,17.0,2.84,901.0,708.0,193.0,10317.0,3.0,3.0,3.0,15.54,1782.0,1080.0,702.0,12099.0,8.0,8.0,10.0,11.4,2345.0,1409.0,936.0,14444.0,10.0,11.0,12.0,10.68,3395.0,1648.0,1747.0,17839.0,16.0,16.0,17.0,9.16,,,,,,,,,,,,,,,,,,,,,,,,,
5ee0ae7b-5343-4479-b588-8c1fee259439,2025-11-27 17:07:26 UTC,False,15060.0,CFOP,Gan 12 UI Maglev,RandomForest,8267.0,15060.0,,,testing,custom_rules,,,,8.0,0.0,0.0,15060.0,63.0,64.0,72.0,4.18,6972.0,8088.0,2112.0,0.0,2112.0,2112.0,6.0,6.0,8.0,2.84,1997.0,1047.0,950.0,4109.0,8.0,8.0,8.0,8.42,1845.0,1668.0,177.0,5954.0,5.0,5.0,6.0,28.25,1647.0,588.0,1059.0,7601.0,8.0,8.0,9.0,7.55,1802.0,900.0,902.0,9403.0,8.0,8.0,8.0,8.87,2695.0,1392.0,1303.0,12098.0,12.0,12.0,14.0,9.21,2962.0,1377.0,1585.0,15060.0,16.0,17.0,19.0,10.09,,,,,,,,,,,,,,,,,,,,,,,,,
688cae01-6a38-47c7-ba44-b986f5148894,2025-11-27 17:07:58 UTC,False,18092.0,CFOP,Gan 12 UI Maglev,RandomForest,4980.0,18092.0,,,testing,custom_rules,,,,8.0,0.0,0.0,18092.0,65.0,69.0,80.0,3.59,4290.0,13802.0,3076.0,0.0,3076.0,3076.0,7.0,7.0,8.0,2.28,4355.0,213.0,4142.0,7431.0,13.0,13.0,14.0,3.14,3066.0,652.0,2414.0,10497.0,13.0,13.0,14.0,5.39,3125.0,1007.0,2118.0,13622.0,10.0,10.0,11.0,4.72,555.0,250.0,305.0,14177.0,4.0,4.0,4.0,13.11,1682.0,1144.0,538.0,15859.0,9.0,9.0,10.0,16.73,2233.0,1024.0,1209.0,18092.0,9.0,13.0,19.0,7.44,,,,,,,,,,,,,,,,,,,,,,,,,
9853ac6b-07a4-4714-b1e7-c5702aaf7581,2025-11-28 14:28:17 UTC,False,16239.0,CFOP,Gan 12 UI Maglev,RandomForest,12868.0,16239.0,,,gan12,custom_rules,,,,8.0,0.0,0.0,16239.0,64.0,66.0,79.0,3.94,4285.0,11914.0,1734.0,0.0,1734.0,1774.0,4.0,4.0,8.0,2.31,1855.0,620.0,1235.0,3629.0,8.0,8.0,9.0,6.48,1665.0,532.0,1133.0,5294.0,9.0,10.0,12.0,7.94,1851.0,476.0,1375.0,7145.0,7.0,7.0,8.0,5.09,1754.0,426.0,1328.0,8899.0,8.0,8.0,9.0,6.02,4223.0,1149.0,3074.0,13122.0,14.0,15.0,15.0,4.55,3117.0,1082.0,2035.0,16239.0,14.0,14.0,18.0,6.88,,,,,,,,,,,,,,,,,,,,,,,,,
9353a8e4-0f4f-409c-bd70-8f23e16098a5,2025-11-28 14:28:54 UTC,False,22970.0,CFOP,Gan 12 UI Maglev,RandomForest,4722.0,22970.0,,,gan12,custom_rules,,,,8.0,0.0,0.0,22970.0,85.0,87.0,100.0,3.7,6169.0,16720.0,1217.0,0.0,1217.0,1298.0,5.0,5.0,7.0,4.11,2934.0,1375.0,1559.0,4232.0,7.0,7.0,8.0,4.49,2818.0,2029.0,789.0,7050.0,10.0,10.0,13.0,12.67,5867.0,743.0,5124.0,12917.0,22.0,23.0,26.0,4.29,606.0,364.0,242.0,13523.0,4.0,4.0,4.0,16.53,3624.0,516.0,3108.0,17147.0,19.0,19.0,19.0,6.11,5823.0,1142.0,4681.0,22970.0,18.0,19.0,23.0,3.85,,,,,,,,,,,,,,,,,,,,,,,,,
ef9ec192-ecdf-4223-810c-b2725d97f949,2025-11-28 14:29:47 UTC,False,17365.0,CFOP,Gan 12 UI Maglev,RandomForest,11899.0,17365.0,,,gan12,custom_rules,,,,8.0,0.0,0.0,17365.0,70.0,73.0,83.0,4.03,7833.0,9532.0,2020.0,0.0,2020.0,2020.0,7.0,7.0,10.0,3.47,3395.0,2308.0,1087.0,5415.0,9.0,9.0,10.0,8.28,3436.0,1095.0,2341.0,8851.0,13.0,14.0,16.0,5.55,1643.0,1159.0,484.0,10494.0,8.0,8.0,9.0,16.53,1507.0,1031.0,476.0,12001.0,7.0,7.0,7.0,14.71,2331.0,983.0,1348.0,14332.0,11.0,11.0,12.0,8.16,3033.0,1257.0,1776.0,17365.0,15.0,17.0,19.0,8.45,,,,,,,,,,,,,,,,,,,,,,,,,
38739d1c-7008-4d4d-8441-261584b88d62,2025-11-28 14:30:21 UTC,False,17278.0,CFOP,Gan 12 UI Maglev,RandomForest,5558.0,17278.0,,,gan12,custom_rules,,,,8.0,0.0,0.0,17278.0,67.0,69.0,77.0,3.88,5485.0,11736.0,531.0,0.0,531.0,588.0,4.0,5.0,6.0,7.53,2308.0,1342.0,966.0,2896.0,6.0,7.0,8.0,6.21,1569.0,499.0,1070.0,4465.0,8.0,8.0,9.0,7.48,834.0,641.0,193.0,5299.0,3.0,3.0,3.0,15.54,6456.0,1224.0,5232.0,11755.0,20.0,20.0,21.0,3.82,3095.0,563.0,2532.0,14850.0,15.0,15.0,16.0,5.92,2428.0,1216.0,1212.0,17278.0,11.0,11.0,14.0,9.08,,,,,,,,,,,,,,,,,,,,,,,,,
5ed347e1-df35-4541-b5fc-a9243f954412,2025-11-28 14:31:05 UTC,False,22619.0,CFOP,Gan 12 UI Maglev,RandomForest,9433.0,22619.0,,,gan12,custom_rules,,,,8.0,0.0,0.0,22619.0,97.0,105.0,119.0,4.29,6194.0,16425.0,1849.0,0.0,1849.0,1849.0,8.0,8.0,9.0,4.33,4930.0,315.0,4615.0,6779.0,21.0,22.0,25.0,4.55,3469.0,1864.0,1605.0,10248.0,14.0,15.0,15.0,8.72,1984.0,1081.0,903.0,12232.0,8.0,8.0,9.0,8.86,2851.0,277.0,2574.0,15083.0,12.0,12.0,13.0,4.66,2445.0,1198.0,1247.0,17528.0,13.0,13.0,14.0,10.43,5091.0,1459.0,3632.0,22619.0,22.0,27.0,34.0,6.06,,,,,,,,,,,,,,,,,,,,,,,,,
a5a56507-7dd7-4084-991b-9cf57a008a2d,2025-11-28 14:32:24 UTC,False,14904.0,CFOP,Gan 12 UI Maglev,RandomForest,5174.0,14904.0,,,gan12,custom_rules,,,,8.0,0.0,0.0,14904.0,70.0,72.0,79.0,4.7,6439.0,8465.0,2417.0,0.0,2417.0,2417.0,11.0,11.0,11.0,4.55,1727.0,938.0,789.0,4144.0,5.0,6.0,6.0,6.34,1474.0,548.0,926.0,5618.0,8.0,8.0,9.0,8.64,2480.0,1755.0,725.0,8098.0,12.0,12.0,14.0,16.55,2120.0,677.0,1443.0,10218.0,8.0,8.0,9.0,5.54,2002.0,1172.0,830.0,12220.0,10.0,11.0,12.0,12.05,2684.0,1349.0,1335.0,14904.0,16.0,16.0,18.0,11.99,,,,,,,,,,,,,,,,,,,,,,,,,
5667acf6-4ec6-43a2-b398-72e3843c6b38,2025-11-28 14:33:22 UTC,False,23790.0,CFOP,Gan 12 UI Maglev,RandomForest,5927.0,23790.0,,,gan12,custom_rules,,,,8.0,0.0,0.0,23790.0,60.0,65.0,76.0,2.52,13329.0,10461.0,2769.0,0.0,2769.0,2769.0,6.0,6.0,7.0,2.17,4641.0,3409.0,1232.0,7410.0,7.0,7.0,8.0,5.68,7524.0,5427.0,2097.0,14934.0,11.0,11.0,12.0,5.25,2446.0,1528.0,918.0,17380.0,7.0,8.0,8.0,7.63,1589.0,525.0,1064.0,18969.0,7.0,7.0,8.0,6.58,2776.0,1352.0,1424.0,21745.0,13.0,13.0,15.0,9.13,2045.0,1088.0,957.0,23790.0,9.0,13.0,18.0,9.4,,,,,,,,,,,,,,,,,,,,,,,,,
325cee53-f1b8-41bb-af24-98088279e5b9,2025-11-28 14:34:21 UTC,False,18033.0,CFOP,Gan 12 UI Maglev,RandomForest,5230.0,18033.0,,,gan12,custom_rules,,,,8.0,0.0,0.0,18033.0,86.0,89.0,101.0,4.77,7931.0,10102.0,1169.0,0.0,1169.0,1169.0,4.0,4.0,4.0,3.42,2697.0,1762.0,935.0,3866.0,7.0,8.0,9.0,7.49,2288.0,648.0,1640.0,6154.0,12.0,12.0,13.0,7.32,1402.0,854.0,548.0,7556.0,8.0,8.0,9.0,14.6,2507.0,1669.0,838.0,10063.0,12.0,12.0,14.0,14.32,2520.0,1658.0,862.0,12583.0,12.0,12.0,13.0,13.92,5450.0,1340.0,4110.0,18033.0,31.0,33.0,39.0,7.54,,,,,,,,,,,,,,,,,,,,,,,,,
29616c61-d3f2-44d4-9709-f56ffe8a4380,2025-11-28 14:35:07 UTC,False,15099.0,CFOP,Gan 12 UI Maglev,RandomForest,18713.0,15099.0,,,gan12,custom_rules,,,,8.0,0.0,0.0,15099.0,72.0,73.0,82.0,4.77,3614.0,11485.0,7670.0,0.0,7670.0,7670.0,28.0,29.0,33.0,3.65,0.0,0.0,0.0,7670.0,0.0,0.0,0.0,0.0,0.0,0.0,0.0,7670.0,0.0,0.0,0.0,0.0,2099.0,1193.0,906.0,9769.0,8.0,8.0,10.0,8.83,1802.0,870.0,932.0,11571.0,11.0,11.0,13.0,11.8,1493.0,785.0,708.0,13064.0,9.0,9.0,9.0,12.71,2035.0,766.0,1269.0,15099.0,16.0,16.0,17.0,12.61,,,,,,,,,,,,,,,,,,,,,,,,,
5080af91-238b-489c-96a5-c2b9542ae497,2025-11-28 14:35:48 UTC,False,20783.0,CFOP,Gan 12 UI Maglev,RandomForest,7830.0,20783.0,,,gan12,custom_rules,,,,8.0,0.0,0.0,20783.0,71.0,71.0,81.0,3.42,5013.0,15770.0,7919.0,0.0,7919.0,7919.0,12.0,12.0,16.0,1.52,1859.0,554.0,1305.0,9778.0,9.0,9.0,11.0,6.9,2239.0,837.0,1402.0,12017.0,7.0,7.0,7.0,4.99,2990.0,1198.0,1792.0,15007.0,8.0,8.0,10.0,4.46,1184.0,652.0,532.0,16191.0,8.0,8.0,10.0,15.04,1644.0,685.0,959.0,17835.0,8.0,8.0,8.0,8.34,2948.0,1087.0,1861.0,20783.0,19.0,19.0,19.0,10.21,,,,,,,,,,,,,,,,,,,,,,,,,
69addbf6-532c-48bd-92c9-43ad77af0c0a,2025-11-28 14:36:17 UTC,False,13821.0,CFOP,Gan 12 UI Maglev,RandomForest,5364.0,13821.0,,,gan12,custom_rules,,,,8.0,0.0,0.0,13821.0,59.0,59.0,68.0,4.27,5929.0,7892.0,2100.0,0.0,2100.0,2100.0,10.0,10.0,11.0,4.76,2377.0,1579.0,798.0,4477.0,8.0,8.0,8.0,10.03,1978.0,665.0,1313.0,6455.0,8.0,8.0,8.0,6.09,1900.0,764.0,1136.0,8355.0,8.0,8.0,10.0,7.04,1212.0,511.0,701.0,9567.0,8.0,8.0,9.0,11.41,1966.0,1169.0,797.0,11533.0,8.0,8.0,10.0,10.04,2288.0,1241.0,1047.0,13821.0,9.0,9.0,12.0,8.6,,,,,,,,,,,,,,,,,,,,,,,,,
f4e919bb-6a1f-4411-a03f-f0926217d402,2025-11-28 14:52:40 UTC,False,16859.0,CFOP,Gan 12 UI Maglev,RandomForest,18600.0,16859.0,,,gan12,custom_rules,,,,8.0,0.0,0.0,16859.0,66.0,67.0,72.0,3.91,7612.0,9247.0,2607.0,0.0,2607.0,2607.0,7.0,7.0,9.0,2.69,1787.0,1053.0,734.0,4394.0,6.0,7.0,7.0,8.17,2078.0,789.0,1289.0,6472.0,11.0,11.0,11.0,8.53,3024.0,1704.0,1320.0,9496.0,9.0,9.0,10.0,6.82,2504.0,2231.0,273.0,12000.0,5.0,5.0,5.0,18.32,2265.0,1025.0,1240.0,14265.0,14.0,14.0,14.0,11.29,2594.0,810.0,1784.0,16859.0,14.0,14.0,16.0,7.85,,,,,,,,,,,,,,,,,,,,,,,,,
ad07ded7-b575-4554-902c-dc619e1fbadf,2025-11-28 14:53:52 UTC,False,19770.0,CFOP,Gan 12 UI Maglev,RandomForest,5574.0,19770.0,,,gan12,custom_rules,,,,8.0,0.0,0.0,19770.0,71.0,71.0,73.0,3.59,8580.0,11117.0,2321.0,0.0,2321.0,2394.0,8.0,8.0,9.0,3.45,2828.0,1708.0,1120.0,5222.0,11.0,11.0,11.0,9.82,2206.0,1642.0,564.0,7428.0,8.0,8.0,8.0,14.18,5206.0,1791.0,3415.0,12634.0,11.0,11.0,12.0,3.22,1515.0,1032.0,483.0,14149.0,8.0,8.0,8.0,16.56,1313.0,572.0,741.0,15462.0,8.0,8.0,8.0,10.8,4308.0,1835.0,2473.0,19770.0,17.0,17.0,17.0,6.87,,,,,,,,,,,,,,,,,,,,,,,,,
13eceb45-a415-4693-aac3-8a4de799b998,2025-11-28 14:54:23 UTC,False,15223.0,CFOP,Gan 12 UI Maglev,RandomForest,5756.0,15223.0,,,gan12,custom_rules,,,,8.0,0.0,0.0,15223.0,57.0,57.0,64.0,3.74,6277.0,8946.0,3262.0,0.0,3262.0,3262.0,11.0,11.0,11.0,3.37,1983.0,1241.0,742.0,5245.0,6.0,6.0,7.0,8.09,1692.0,765.0,927.0,6937.0,6.0,6.0,7.0,6.47,1843.0,1247.0,596.0,8780.0,7.0,7.0,7.0,11.74,1046.0,790.0,256.0,9826.0,4.0,4.0,5.0,15.63,2626.0,1055.0,1571.0,12452.0,12.0,12.0,13.0,7.64,2771.0,1179.0,1592.0,15223.0,11.0,11.0,14.0,6.91,,,,,,,,,,,,,,,,,,,,,,,,,
c4b20ffc-4fca-4bcb-851e-36d3c538ca6e,2025-11-28 14:55:07 UTC,False,23277.0,CFOP,Gan 12 UI Maglev,RandomForest,11211.0,23277.0,,,gan12,custom_rules,,,,8.0,0.0,0.0,23277.0,82.0,84.0,94.0,3.52,10784.0,12493.0,1064.0,0.0,1064.0,1064.0,5.0,5.0,7.0,4.7,5760.0,3672.0,2088.0,6824.0,13.0,14.0,16.0,6.23,6208.0,2460.0,3748.0,13032.0,15.0,15.0,16.0,4.0,2319.0,1191.0,1128.0,15351.0,11.0,11.0,11.0,9.75,1696.0,1237.0,459.0,17047.0,7.0,7.0,7.0,15.25,2137.0,927.0,1210.0,19184.0,12.0,12.0,14.0,9.92,4093.0,1297.0,2796.0,23277.0,19.0,20.0,23.0,6.8,,,,,,,,,,,,,,,,,,,,,,,,,
c40ee5c8-375b-4a38-9661-e5954ffa46df,2025-11-28 14:55:46 UTC,False,21943.0,CFOP,Gan 12 UI Maglev,RandomForest,6544.0,21943.0,,,gan12,custom_rules,,,,8.0,0.0,0.0,21943.0,75.0,86.0,106.0,3.42,8844.0,12850.0,999.0,0.0,999.0,1248.0,5.0,6.0,7.0,5.01,4239.0,1571.0,2668.0,5487.0,17.0,18.0,18.0,6.37,3960.0,2436.0,1524.0,9447.0,11.0,11.0,12.0,7.22,2369.0,1442.0,927.0,11816.0,7.0,8.0,9.0,7.55,2592.0,1545.0,1047.0,14408.0,8.0,8.0,9.0,7.64,2561.0,806.0,1755.0,16969.0,12.0,12.0,14.0,6.84,4974.0,1044.0,3930.0,21943.0,15.0,23.0,37.0,3.82,,,,,,,,,,,,,,,,,,,,,,,,,
b14029ab-4f6f-4eac-960b-1cdb6309a8df,2025-11-28 14:56:17 UTC,False,16638.0,CFOP,Gan 12 UI Maglev,RandomForest,5635.0,16638.0,,,gan12,custom_rules,,,,8.0,0.0,0.0,16638.0,60.0,61.0,70.0,3.61,7279.0,9359.0,2193.0,0.0,2193.0,2193.0,10.0,10.0,12.0,4.56,1716.0,726.0,990.0,3909.0,8.0,8.0,9.0,8.08,3740.0,2692.0,1048.0,7649.0,9.0,9.0,11.0,8.59,2757.0,1391.0,1366.0,10406.0,12.0,12.0,13.0,8.78,1732.0,918.0,814.0,12138.0,7.0,7.0,8.0,8.6,0.0,0.0,0.0,12138.0,0.0,0.0,0.0,0.0,4500.0,1552.0,2948.0,16638.0,14.0,15.0,17.0,4.75,,,,,,,,,,,,,,,,,,,,,,,,,
8afd38c1-a94d-42b1-a1d5-bb88272e63e9,2025-11-28 14:56:56 UTC,False,15912.0,CFOP,Gan 12 UI Maglev,RandomForest,13787.0,15912.0,,,gan12,custom_rules,,,,8.0,0.0,0.0,15912.0,55.0,56.0,59.0,3.46,7385.0,8245.0,3568.0,0.0,3568.0,3850.0,7.0,8.0,8.0,1.96,1898.0,886.0,1012.0,5748.0,8.0,8.0,9.0,7.91,1632.0,1294.0,338.0,7380.0,4.0,4.0,4.0,11.83,2449.0,2111.0,338.0,9829.0,4.0,4.0,4.0,11.83,1600.0,883.0,717.0,11429.0,8.0,8.0,8.0,11.16,1457.0,868.0,589.0,12886.0,8.0,8.0,10.0,13.58,3026.0,1343.0,1683.0,15912.0,16.0,16.0,16.0,9.51,,,,,,,,,,,,,,,,,,,,,,,,,
265bbef1-8ad9-4598-a581-3ac313f9a1ec,2025-11-28 14:57:33 UTC,False,19826.0,CFOP,Gan 12 UI Maglev,RandomForest,8344.0,19826.0,,,gan12,custom_rules,,,,8.0,0.0,0.0,19826.0,56.0,60.0,73.0,2.82,12009.0,7817.0,910.0,0.0,910.0,910.0,5.0,5.0,5.0,5.49,3309.0,2342.0,967.0,4219.0,7.0,7.0,7.0,7.24,3208.0,419.0,2789.0,7427.0,12.0,12.0,12.0,4.3,3654.0,2921.0,733.0,11081.0,8.0,8.0,10.0,10.91,4322.0,3758.0,564.0,15403.0,9.0,9.0,10.0,15.96,2132.0,1406.0,726.0,17535.0,7.0,7.0,8.0,9.64,2291.0,1163.0,1128.0,19826.0,8.0,12.0,21.0,7.09,,,,,,,,,,,,,,,,,,,,,,,,,
3fb344f1-ab7e-4b02-8c75-2677ddf0b2f9,2025-11-28 14:58:08 UTC,False,14401.0,CFOP,Gan 12 UI Maglev,RandomForest,9665.0,14401.0,,,gan12,custom_rules,,,,8.0,0.0,0.0,14401.0,64.0,64.0,73.0,4.44,4915.0,9486.0,3563.0,0.0,3563.0,3563.0,13.0,13.0,17.0,3.65,0.0,0.0,0.0,3563.0,0.0,0.0,0.0,0.0,2465.0,1201.0,1264.0,6028.0,8.0,8.0,10.0,6.33,2021.0,688.0,1333.0,8049.0,8.0,8.0,8.0,6.0,1812.0,967.0,845.0,9861.0,8.0,8.0,10.0,9.47,1682.0,765.0,917.0,11543.0,10.0,10.0,10.0,10.91,2858.0,1294.0,1564.0,14401.0,17.0,17.0,18.0,10.87,,,,,,,,,,,,,,,,,,,,,,,,,
6f4e3e17-bda9-4b39-86d2-050c3b8f1827,2025-11-28 14:59:29 UTC,False,17705.0,CFOP,Gan 12 UI Maglev,RandomForest,53614.0,17705.0,,,gan12,custom_rules,,,,8.0,0.0,0.0,17705.0,74.0,79.0,93.0,4.18,6573.0,11132.0,2087.0,0.0,2087.0,2087.0,11.0,11.0,12.0,5.27,330.0,177.0,153.0,2417.0,3.0,3.0,3.0,19.61,2805.0,1501.0,1304.0,5222.0,8.0,8.0,9.0,6.13,2614.0,1305.0,1309.0,7836.0,10.0,11.0,13.0,7.64,1825.0,987.0,838.0,9661.0,9.0,9.0,10.0,10.74,1904.0,977.0,927.0,11565.0,11.0,11.0,14.0,11.87,6140.0,1626.0,4514.0,17705.0,22.0,26.0,32.0,4.87,,,,,,,,,,,,,,,,,,,,,,,,,
48c66015-4543-4b9d-aa42-3cbc27ab87d1,2025-11-28 15:12:06 UTC,False,26826.0,CFOP,Gan 12 UI Maglev,RandomForest,7631.0,26826.0,,,gan12,custom_rules,,,,8.0,0.0,0.0,26826.0,77.0,79.0,89.0,2.87,8467.0,18359.0,2177.0,0.0,2177.0,2177.0,9.0,10.0,11.0,4.13,5004.0,2722.0,2282.0,7181.0,12.0,12.0,14.0,5.26,2435.0,1662.0,773.0,9616.0,8.0,8.0,9.0,10.35,10907.0,945.0,9962.0,20523.0,20.0,20.0,21.0,2.01,1255.0,1037.0,218.0,21778.0,3.0,3.0,3.0,13.76,2210.0,814.0,1396.0,23988.0,10.0,10.0,13.0,7.16,2838.0,1287.0,1551.0,26826.0,15.0,16.0,18.0,9.67,,,,,,,,,,,,,,,,,,,,,,,,,
3f4097f3-1105-441f-8b7c-f40da712b251,2025-11-28 15:12:42 UTC,False,17656.0,CFOP,Gan 12 UI Maglev,RandomForest,5014.0,17656.0,,,gan12,custom_rules,,,,8.0,0.0,0.0,17656.0,70.0,71.0,78.0,3.96,5161.0,12495.0,3946.0,0.0,3946.0,3946.0,9.0,9.0,13.0,2.28,3626.0,1112.0,2514.0,7572.0,12.0,12.0,13.0,4.77,1982.0,1000.0,982.0,9554.0,6.0,6.0,7.0,6.11,1409.0,877.0,532.0,10963.0,8.0,8.0,8.0,15.04,2401.0,741.0,1660.0,13364.0,8.0,8.0,8.0,4.82,1578.0,522.0,1056.0,14942.0,9.0,10.0,10.0,8.52,2714.0,909.0,1805.0,17656.0,18.0,18.0,19.0,9.97,,,,,,,,,,,,,,,,,,,,,,,,,
371aa460-d287-4a89-ae03-5782cd0594a6,2025-11-28 15:13:25 UTC,False,25453.0,CFOP,Gan 12 UI Maglev,RandomForest,4121.0,25453.0,,,gan12,custom_rules,,,,8.0,0.0,0.0,25453.0,83.0,85.0,95.0,3.26,8066.0,17387.0,2000.0,0.0,2000.0,2000.0,8.0,8.0,9.0,4.0,8067.0,983.0,7084.0,10067.0,21.0,21.0,23.0,2.96,4985.0,1836.0,3149.0,15052.0,13.0,14.0,16.0,4.13,1979.0,1197.0,782.0,17031.0,7.0,7.0,7.0,8.95,2423.0,1481.0,942.0,19454.0,9.0,9.0,10.0,9.55,1725.0,871.0,854.0,21179.0,9.0,9.0,9.0,10.54,4274.0,1698.0,2576.0,25453.0,16.0,17.0,21.0,6.21,,,,,,,,,,,,,,,,,,,,,,,,,
2340cddd-2530-451a-930d-3758a277c1c1,2025-11-28 15:14:28 UTC,False,29755.0,CFOP,Gan 12 UI Maglev,RandomForest,23682.0,29755.0,,,gan12,custom_rules,,,,8.0,0.0,0.0,29755.0,76.0,76.0,83.0,2.55,6470.0,23221.0,14490.0,0.0,14490.0,14554.0,26.0,26.0,28.0,1.79,1405.0,1212.0,193.0,15959.0,3.0,3.0,3.0,15.54,4287.0,1071.0,3216.0,20246.0,10.0,10.0,11.0,3.11,2017.0,623.0,1394.0,22263.0,7.0,7.0,7.0,5.02,1924.0,1062.0,862.0,24187.0,8.0,8.0,8.0,9.28,3162.0,1240.0,1922.0,27349.0,13.0,13.0,14.0,6.76,2406.0,1262.0,1144.0,29755.0,9.0,9.0,12.0,7.87,,,,,,,,,,,,,,,,,,,,,,,,,
ca9f80b9-2be9-4497-a836-20e42a32ea56,2025-11-28 15:15:03 UTC,False,17666.0,CFOP,Gan 12 UI Maglev,RandomForest,5004.0,17666.0,,,gan12,custom_rules,,,,8.0,0.0,0.0,17666.0,59.0,61.0,73.0,3.34,9522.0,8144.0,1474.0,0.0,1474.0,1474.0,5.0,5.0,8.0,3.39,2498.0,1507.0,991.0,3972.0,9.0,10.0,12.0,9.08,2210.0,1139.0,1071.0,6182.0,7.0,7.0,7.0,6.54,3315.0,2495.0,820.0,9497.0,7.0,7.0,9.0,8.54,2192.0,766.0,1426.0,11689.0,8.0,8.0,9.0,5.61,2628.0,1701.0,927.0,14317.0,8.0,8.0,10.0,8.63,3349.0,1914.0,1435.0,17666.0,15.0,16.0,18.0,10.45,,,,,,,,,,,,,,,,,,,,,,,,,
e08f354b-7d8e-4c71-9e3f-418a84f89e8b,2025-11-28 15:15:31 UTC,False,14882.0,CFOP,Gan 12 UI Maglev,RandomForest,3913.0,14882.0,,,gan12,custom_rules,,,,8.0,0.0,0.0,14882.0,66.0,67.0,72.0,4.43,4867.0,10015.0,975.0,0.0,975.0,975.0,5.0,5.0,6.0,5.13,1520.0,371.0,1149.0,2495.0,8.0,8.0,10.0,6.96,3322.0,539.0,2783.0,5817.0,10.0,10.0,11.0,3.59,1462.0,544.0,918.0,7279.0,8.0,8.0,9.0,8.71,1585.0,932.0,653.0,8864.0,8.0,8.0,8.0,12.25,1839.0,985.0,854.0,10703.0,9.0,9.0,9.0,10.54,4179.0,1496.0,2683.0,14882.0,19.0,19.0,19.0,7.08,,,,,,,,,,,,,,,,,,,,,,,,,
7e0ca8ea-d6d5-40ed-8ea5-46ac7a554c1e,2025-11-28 15:16:24 UTC,False,28104.0,CFOP,Gan 12 UI Maglev,RandomForest,15370.0,28104.0,,,gan12,custom_rules,,,,8.0,0.0,0.0,28104.0,77.0,77.0,86.0,2.74,6136.0,21968.0,10131.0,0.0,10131.0,10131.0,15.0,15.0,17.0,1.48,0.0,0.0,0.0,10131.0,0.0,0.0,0.0,0.0,5260.0,1512.0,3748.0,15391.0,11.0,11.0,13.0,2.93,2091.0,1253.0,838.0,17482.0,8.0,8.0,9.0,9.55,2573.0,728.0,1845.0,20055.0,9.0,9.0,10.0,4.88,2030.0,854.0,1176.0,22085.0,11.0,11.0,12.0,9.35,6019.0,1789.0,4230.0,28104.0,23.0,23.0,25.0,5.44,,,,,,,,,,,,,,,,,,,,,,,,,
499e1dbe-0456-4ffb-b012-f4f342abc807,2025-11-28 15:16:57 UTC,False,17859.0,CFOP,Gan 12 UI Maglev,RandomForest,4579.0,17859.0,,,gan12,custom_rules,,,,8.0,0.0,0.0,17859.0,75.0,75.0,82.0,4.2,5106.0,12753.0,2431.0,0.0,2431.0,2431.0,9.0,9.0,9.0,3.7,1839.0,644.0,1195.0,4270.0,7.0,7.0,8.0,5.86,1956.0,556.0,1400.0,6226.0,7.0,7.0,9.0,5.0,4007.0,1050.0,2957.0,10233.0,12.0,12.0,13.0,4.06,2068.0,730.0,1338.0,12301.0,8.0,8.0,9.0,5.98,2638.0,1039.0,1599.0,14939.0,16.0,16.0,16.0,10.01,2920.0,1087.0,1833.0,17859.0,16.0,16.0,18.0,8.73,,,,,,,,,,,,,,,,,,,,,,,,,
c2eec638-dd1f-4615-a1c3-7fade1e650d9,2025-11-28 15:17:39 UTC,False,17576.0,CFOP,Gan 12 UI Maglev,RandomForest,12492.0,17576.0,,,gan12,custom_rules,,,,8.0,0.0,0.0,17576.0,70.0,71.0,82.0,3.98,7415.0,10161.0,2164.0,0.0,2164.0,2164.0,7.0,7.0,9.0,3.23,2722.0,1469.0,1253.0,4886.0,8.0,8.0,8.0,6.38,2301.0,1567.0,734.0,7187.0,8.0,8.0,9.0,10.9,3160.0,693.0,2467.0,10347.0,16.0,16.0,17.0,6.49,2303.0,1667.0,636.0,12650.0,8.0,8.0,9.0,12.58,1928.0,1025.0,903.0,14578.0,10.0,11.0,12.0,11.07,2998.0,994.0,2004.0,17576.0,13.0,13.0,18.0,6.49,,,,,,,,,,,,,,,,,,,,,,,,,
16200ee3-8625-4f38-9026-f54f3025618f,2025-11-28 15:18:20 UTC,False,15790.0,CFOP,Gan 12 UI Maglev,RandomForest,15605.0,15790.0,,,gan12,custom_rules,,,,8.0,0.0,0.0,15790.0,62.0,63.0,75.0,3.93,4723.0,10971.0,2821.0,0.0,2821.0,2917.0,9.0,9.0,11.0,3.19,0.0,0.0,0.0,2917.0,0.0,0.0,0.0,0.0,3374.0,996.0,2378.0,6291.0,11.0,11.0,13.0,4.63,2093.0,636.0,1457.0,8384.0,8.0,8.0,10.0,5.49,2548.0,1058.0,1490.0,10932.0,12.0,12.0,13.0,8.05,1786.0,886.0,900.0,12718.0,8.0,8.0,9.0,8.89,3072.0,1147.0,1925.0,15790.0,14.0,15.0,19.0,7.27,,,,,,,,,,,,,,,,,,,,,,,,,
64537e88-c06f-47e0-ae11-6f31c5574d0b,2025-11-28 15:18:53 UTC,False,15391.0,CFOP,Gan 12 UI Maglev,RandomForest,7223.0,15391.0,,,gan12,custom_rules,,,,8.0,0.0,0.0,15391.0,57.0,57.0,67.0,3.7,6934.0,8457.0,1972.0,0.0,1972.0,1972.0,7.0,7.0,9.0,3.55,2041.0,952.0,1089.0,4013.0,7.0,7.0,9.0,6.43,2481.0,1385.0,1096.0,6494.0,8.0,8.0,9.0,7.3,1118.0,433.0,685.0,7612.0,8.0,8.0,9.0,11.68,3468.0,2061.0,1407.0,11080.0,8.0,8.0,9.0,5.69,1962.0,1108.0,854.0,13042.0,9.0,9.0,9.0,10.54,2349.0,995.0,1354.0,15391.0,10.0,10.0,13.0,7.39,,,,,,,,,,,,,,,,,,,,,,,,,
9865d4b2-43bd-4d2d-8496-dcc7f828483a,2025-11-28 15:19:37 UTC,False,15755.0,CFOP,Gan 12 UI Maglev,RandomForest,18526.0,15755.0,,,gan12,custom_rules,,,,8.0,0.0,0.0,15755.0,60.0,61.0,66.0,3.81,6379.0,9376.0,3102.0,0.0,3102.0,3102.0,12.0,12.0,14.0,3.87,0.0,0.0,0.0,3102.0,0.0,0.0,0.0,0.0,2553.0,1497.0,1056.0,5655.0,8.0,8.0,8.0,7.58,2796.0,720.0,2076.0,8451.0,9.0,10.0,10.0,4.34,2779.0,1519.0,1260.0,11230.0,8.0,8.0,10.0,6.35,1536.0,935.0,601.0,12766.0,7.0,7.0,7.0,11.65,2989.0,1708.0,1281.0,15755.0,17.0,17.0,17.0,13.27,,,,,,,,,,,,,,,,,,,,,,,,,
17fafb31-dab3-4f15-b61e-8461a4e6f97c,2025-11-28 15:20:40 UTC,False,23172.0,CFOP,Gan 12 UI Maglev,RandomForest,24294.0,23172.0,,,gan12,custom_rules,,,,8.0,0.0,0.0,23172.0,72.0,72.0,78.0,3.11,7947.0,15225.0,1595.0,0.0,1595.0,1595.0,7.0,7.0,10.0,4.39,4022.0,2816.0,1206.0,5617.0,8.0,8.0,9.0,6.63,2920.0,1257.0,1663.0,8537.0,8.0,8.0,9.0,4.81,4802.0,1378.0,3424.0,13339.0,17.0,17.0,18.0,4.96,7691.0,1635.0,6056.0,21030.0,22.0,22.0,22.0,3.63,2142.0,861.0,1281.0,23172.0,10.0,10.0,10.0,7.81,0.0,0.0,0.0,23172.0,0.0,0.0,0.0,0.0,,,,,,,,,,,,,,,,,,,,,,,,,
77adcec0-8913-46c0-9dfc-ff48fffef775,2025-11-28 15:26:48 UTC,False,13045.0,CFOP,Gan 12 UI Maglev,RandomForest,326038.0,13045.0,,,gan12,custom_rules,,,,8.0,0.0,0.0,13045.0,65.0,65.0,74.0,4.98,4957.0,8088.0,1544.0,0.0,1544.0,1544.0,5.0,5.0,6.0,3.24,1678.0,910.0,768.0,3222.0,8.0,8.0,8.0,10.42,1969.0,629.0,1340.0,5191.0,9.0,9.0,12.0,6.72,2177.0,726.0,1451.0,7368.0,11.0,11.0,12.0,7.58,1539.0,757.0,782.0,8907.0,7.0,7.0,10.0,8.95,1309.0,604.0,705.0,10216.0,7.0,7.0,8.0,9.93,2829.0,1331.0,1498.0,13045.0,18.0,18.0,18.0,12.02,,,,,,,,,,,,,,,,,,,,,,,,,
94a0d997-d6e5-46bc-84df-bec34478c649,2025-11-28 15:27:45 UTC,False,27680.0,CFOP,Gan 12 UI Maglev,RandomForest,15237.0,27680.0,,,gan12,custom_rules,,,,8.0,0.0,0.0,27680.0,84.0,84.0,92.0,3.03,5285.0,22395.0,15483.0,0.0,15483.0,15483.0,25.0,25.0,28.0,1.61,742.0,451.0,291.0,16225.0,4.0,4.0,4.0,13.75,3671.0,1450.0,2221.0,19896.0,12.0,12.0,14.0,5.4,1889.0,817.0,1072.0,21785.0,12.0,12.0,12.0,11.19,1932.0,715.0,1217.0,23717.0,8.0,8.0,9.0,6.57,1732.0,806.0,926.0,25449.0,8.0,8.0,9.0,8.64,2231.0,1046.0,1185.0,27680.0,15.0,15.0,16.0,12.66,,,,,,,,,,,,,,,,,,,,,,,,,
0dc65166-9a11-404a-99b0-27633a7174cb,2025-11-28 15:28:27 UTC,False,23766.0,CFOP,Gan 12 UI Maglev,RandomForest,7391.0,23766.0,,,gan12,custom_rules,,,,8.0,0.0,0.0,23766.0,87.0,88.0,97.0,3.66,5203.0,18467.0,1911.0,0.0,1911.0,2007.0,5.0,5.0,7.0,2.62,2394.0,290.0,2104.0,4401.0,10.0,11.0,12.0,4.75,3138.0,804.0,2334.0,7539.0,14.0,14.0,14.0,6.0,1704.0,1099.0,605.0,9243.0,6.0,6.0,8.0,9.92,2260.0,1285.0,975.0,11503.0,7.0,7.0,7.0,7.18,10380.0,1018.0,9362.0,21883.0,30.0,30.0,33.0,3.2,1883.0,707.0,1176.0,23766.0,15.0,15.0,16.0,12.76,,,,,,,,,,,,,,,,,,,,,,,,,
365ab708-3e12-4f2e-b3f2-ea5b63b42ac2,2025-11-28 15:29:09 UTC,False,15003.0,CFOP,Gan 12 UI Maglev,RandomForest,17947.0,15003.0,,,gan12,custom_rules,,,,8.0,0.0,0.0,15003.0,50.0,54.0,65.0,3.33,6762.0,8241.0,476.0,0.0,476.0,476.0,3.0,3.0,3.0,6.3,2966.0,362.0,2604.0,3442.0,7.0,7.0,9.0,2.69,3032.0,1622.0,1410.0,6474.0,7.0,7.0,9.0,4.96,2016.0,890.0,1126.0,8490.0,8.0,8.0,9.0,7.1,2046.0,1571.0,475.0,10536.0,7.0,7.0,7.0,14.74,1954.0,1084.0,870.0,12490.0,10.0,10.0,10.0,11.49,2513.0,1233.0,1280.0,15003.0,8.0,12.0,18.0,6.25,,,,,,,,,,,,,,,,,,,,,,,,,
8daed63d-bf9c-4f11-a616-7ea43eb7143e,2025-11-28 15:30:10 UTC,False,23660.0,CFOP,Gan 12 UI Maglev,RandomForest,28701.0,23660.0,,,gan12,custom_rules,,,,8.0,0.0,0.0,23660.0,85.0,85.0,99.0,3.59,7352.0,16260.0,4233.0,0.0,4233.0,4281.0,8.0,8.0,10.0,1.89,2652.0,780.0,1872.0,6933.0,9.0,9.0,11.0,4.81,3189.0,2214.0,975.0,10122.0,10.0,10.0,10.0,10.26,1773.0,830.0,943.0,11895.0,12.0,12.0,14.0,12.73,3486.0,1128.0,2358.0,15381.0,12.0,12.0,14.0,5.09,1782.0,798.0,984.0,17163.0,8.0,8.0,8.0,8.13,6497.0,1602.0,4895.0,23660.0,26.0,26.0,32.0,5.31,,,,,,,,,,,,,,,,,,,,,,,,,
e3be2362-6379-41b2-974f-bb2cc2f2c445,2025-11-28 15:30:51 UTC,False,13410.0,CFOP,Gan 12 UI Maglev,RandomForest,5549.0,13410.0,,,gan12,custom_rules,,,,8.0,0.0,0.0,13410.0,61.0,62.0,74.0,4.55,5928.0,7378.0,1674.0,0.0,1674.0,1778.0,7.0,8.0,10.0,4.18,1676.0,1120.0,556.0,3454.0,6.0,6.0,7.0,10.79,1772.0,597.0,1175.0,5226.0,7.0,7.0,9.0,5.96,1037.0,790.0,247.0,6263.0,4.0,4.0,4.0,16.19,766.0,234.0,532.0,7029.0,8.0,8.0,9.0,15.04,3187.0,1828.0,1359.0,10216.0,12.0,12.0,16.0,8.83,3194.0,1359.0,1835.0,13410.0,17.0,17.0,19.0,9.26,,,,,,,,,,,,,,,,,,,,,,,,,
a15fc9cd-c858-4655-bcac-a443edf09e73,2025-11-28 15:31:20 UTC,False,13623.0,CFOP,Gan 12 UI Maglev,RandomForest,4034.0,13623.0,,,gan12,custom_rules,,,,8.0,0.0,0.0,13623.0,62.0,62.0,66.0,4.55,4592.0,8965.0,3147.0,0.0,3147.0,3213.0,10.0,10.0,12.0,3.18,1182.0,562.0,620.0,4395.0,6.0,6.0,7.0,9.68,1735.0,572.0,1163.0,6130.0,8.0,8.0,8.0,6.88,1651.0,918.0,733.0,7781.0,8.0,8.0,8.0,10.91,1896.0,889.0,1007.0,9677.0,8.0,8.0,8.0,7.94,1361.0,765.0,596.0,11038.0,6.0,6.0,6.0,10.07,2585.0,886.0,1699.0,13623.0,16.0,16.0,17.0,9.42,,,,,,,,,,,,,,,,,,,,,,,,,
f25e8bf7-766a-4f34-97a6-cc1302e234be,2025-11-28 15:31:53 UTC,False,16733.0,CFOP,Gan 12 UI Maglev,RandomForest,6516.0,16733.0,,,gan12,custom_rules,,,,8.0,0.0,0.0,16733.0,68.0,72.0,84.0,4.06,6559.0,10174.0,1418.0,0.0,1418.0,1418.0,6.0,6.0,7.0,4.23,1950.0,878.0,1072.0,3368.0,8.0,8.0,10.0,7.46,1163.0,591.0,572.0,4531.0,6.0,6.0,8.0,10.49,5100.0,1914.0,3186.0,9631.0,18.0,18.0,20.0,5.65,2029.0,844.0,1185.0,11660.0,8.0,8.0,8.0,6.75,2394.0,1059.0,1335.0,14054.0,14.0,14.0,14.0,10.49,2679.0,1273.0,1406.0,16733.0,8.0,12.0,17.0,5.69,,,,,,,,,,,,,,,,,,,,,,,,,
479b2b07-5152-4745-8bf1-0b9631558e60,2025-11-28 15:32:27 UTC,False,14698.0,CFOP,Gan 12 UI Maglev,RandomForest,10133.0,14698.0,,,gan12,custom_rules,,,,8.0,0.0,0.0,14698.0,50.0,51.0,56.0,3.4,6850.0,7848.0,4030.0,0.0,4030.0,4030.0,12.0,12.0,12.0,2.98,1873.0,718.0,1155.0,5903.0,8.0,8.0,8.0,6.93,2682.0,1474.0,1208.0,8585.0,10.0,11.0,12.0,8.28,1761.0,1088.0,673.0,10346.0,8.0,8.0,10.0,11.89,1654.0,1501.0,153.0,12000.0,4.0,4.0,5.0,26.14,1922.0,1293.0,629.0,13922.0,7.0,7.0,7.0,11.13,776.0,776.0,0.0,14698.0,1.0,1.0,2.0,,,,,,,,,,,,,,,,,,,,,,,,,,
149746a9-1fc2-4a6b-ad74-c58bc1515188,2025-11-28 15:32:58 UTC,False,13717.0,CFOP,Gan 12 UI Maglev,RandomForest,5831.0,13717.0,,,gan12,custom_rules,,,,8.0,0.0,0.0,13717.0,64.0,64.0,75.0,4.67,5320.0,8397.0,1610.0,0.0,1610.0,1610.0,5.0,5.0,6.0,3.11,2576.0,1000.0,1576.0,4186.0,10.0,10.0,11.0,6.35,1964.0,1086.0,878.0,6150.0,7.0,7.0,8.0,7.97,2019.0,817.0,1202.0,8169.0,12.0,12.0,14.0,9.98,1410.0,564.0,846.0,9579.0,8.0,8.0,9.0,9.46,1563.0,596.0,967.0,11142.0,9.0,9.0,12.0,9.31,2575.0,1257.0,1318.0,13717.0,14.0,14.0,15.0,10.62,,,,,,,,,,,,,,,,,,,,,,,,,
8169d809-c815-4cd0-b4e2-1b5b9ae20d3c,2025-11-28 15:33:34 UTC,False,16280.0,CFOP,Gan 12 UI Maglev,RandomForest,7057.0,16280.0,,,gan12,custom_rules,,,,8.0,0.0,0.0,16280.0,71.0,71.0,79.0,4.36,5680.0,10528.0,5228.0,0.0,5228.0,5300.0,21.0,21.0,23.0,4.02,0.0,0.0,0.0,5300.0,0.0,0.0,0.0,0.0,2358.0,1464.0,894.0,7658.0,7.0,7.0,8.0,7.83,1138.0,671.0,467.0,8796.0,6.0,6.0,8.0,12.85,2420.0,1493.0,927.0,11216.0,9.0,9.0,9.0,9.71,2366.0,1126.0,1240.0,13582.0,13.0,13.0,15.0,10.48,2698.0,926.0,1772.0,16280.0,15.0,15.0,16.0,8.47,,,,,,,,,,,,,,,,,,,,,,,,,
01baeb67-a9a9-4eb6-833e-55dd5ec09d5c,2025-11-28 15:34:11 UTC,False,18888.0,CFOP,Gan 12 UI Maglev,RandomForest,4917.0,18888.0,,,gan12,custom_rules,,,,8.0,0.0,0.0,18888.0,71.0,71.0,78.0,3.76,6201.0,12687.0,1314.0,0.0,1314.0,1314.0,5.0,5.0,6.0,3.81,2438.0,391.0,2047.0,3752.0,10.0,10.0,11.0,4.89,2458.0,984.0,1474.0,6210.0,8.0,8.0,9.0,5.43,2249.0,1403.0,846.0,8459.0,9.0,9.0,11.0,10.64,4800.0,685.0,4115.0,13259.0,14.0,14.0,16.0,3.4,1634.0,991.0,643.0,14893.0,7.0,7.0,7.0,10.89,3995.0,1747.0,2248.0,18888.0,18.0,18.0,18.0,8.01,,,,,,,,,,,,,,,,,,,,,,,,,
64e9c0cc-eb2e-4caf-a5c4-7b7e434ae083,2025-11-28 15:37:56 UTC,False,13840.0,CFOP,Gan 12 UI Maglev,RandomForest,49971.0,13840.0,,,gan12,custom_rules,,,,8.0,0.0,0.0,13840.0,66.0,67.0,71.0,4.77,5305.0,8535.0,3805.0,0.0,3805.0,3805.0,13.0,13.0,14.0,3.42,0.0,0.0,0.0,3805.0,0.0,0.0,0.0,0.0,1910.0,1136.0,774.0,5715.0,12.0,12.0,13.0,15.5,2094.0,1264.0,830.0,7809.0,8.0,8.0,8.0,9.64,1759.0,905.0,854.0,9568.0,8.0,8.0,8.0,9.37,1850.0,940.0,910.0,11418.0,11.0,11.0,11.0,12.09,2422.0,1060.0,1362.0,13840.0,14.0,15.0,17.0,10.28,,,,,,,,,,,,,,,,,,,,,,,,,
627de93d-528c-4c0e-803f-7acd12ed3605,2025-11-28 15:38:29 UTC,False,15358.0,CFOP,Gan 12 UI Maglev,RandomForest,4876.0,15358.0,,,gan12,custom_rules,,,,8.0,0.0,0.0,15358.0,63.0,64.0,76.0,4.1,5229.0,10129.0,3148.0,0.0,3148.0,3148.0,7.0,7.0,10.0,2.22,2575.0,1762.0,813.0,5723.0,9.0,9.0,10.0,11.07,1378.0,451.0,927.0,7101.0,8.0,8.0,8.0,8.63,1031.0,443.0,588.0,8132.0,5.0,5.0,7.0,8.5,1464.0,843.0,621.0,9596.0,7.0,7.0,7.0,11.27,1778.0,830.0,948.0,11374.0,8.0,8.0,10.0,8.44,3984.0,900.0,3084.0,15358.0,19.0,20.0,24.0,6.16,,,,,,,,,,,,,,,,,,,,,,,,,
4312fb6b-e7ed-4364-8491-2918a2705b24,2025-11-28 15:39:15 UTC,False,16527.0,CFOP,Gan 12 UI Maglev,RandomForest,20045.0,16527.0,,,gan12,custom_rules,,,,8.0,0.0,0.0,16527.0,69.0,72.0,81.0,4.17,8447.0,8080.0,1062.0,0.0,1062.0,1062.0,5.0,5.0,5.0,4.71,1604.0,622.0,982.0,2666.0,9.0,10.0,11.0,9.16,2834.0,1431.0,1403.0,5500.0,10.0,11.0,14.0,7.13,2937.0,1908.0,1029.0,8437.0,8.0,8.0,8.0,7.77,2294.0,1466.0,828.0,10731.0,12.0,12.0,13.0,14.49,1738.0,1037.0,701.0,12469.0,9.0,9.0,10.0,12.84,4058.0,1983.0,2075.0,16527.0,16.0,17.0,20.0,7.71,,,,,,,,,,,,,,,,,,,,,,,,,
7f52e077-644c-475a-b285-fb4efd0d0ceb,2025-11-28 15:39:56 UTC,False,22603.0,CFOP,Gan 12 UI Maglev,RandomForest,9159.0,22603.0,,,gan12,custom_rules,,,,8.0,0.0,0.0,22603.0,72.0,73.0,87.0,3.19,5337.0,17266.0,9104.0,0.0,9104.0,9104.0,12.0,12.0,16.0,1.32,2091.0,1302.0,789.0,11195.0,7.0,7.0,7.0,8.87,1552.0,1044.0,508.0,12747.0,4.0,4.0,5.0,7.87,3010.0,419.0,2591.0,15757.0,10.0,10.0,14.0,3.86,1191.0,483.0,708.0,16948.0,7.0,7.0,8.0,9.89,2024.0,782.0,1242.0,18972.0,13.0,13.0,13.0,10.47,3631.0,1307.0,2324.0,22603.0,19.0,20.0,24.0,8.18,,,,,,,,,,,,,,,,,,,,,,,,,
432b72b6-50d5-4b1b-a225-21d8400668ac,2025-11-28 15:40:43 UTC,False,23427.0,CFOP,Gan 12 UI Maglev,RandomForest,14059.0,23427.0,,,gan12,custom_rules,,,,8.0,0.0,0.0,23427.0,65.0,70.0,80.0,2.77,8350.0,14821.0,9627.0,0.0,9627.0,9883.0,22.0,23.0,24.0,2.29,0.0,0.0,0.0,9883.0,0.0,0.0,0.0,0.0,5203.0,3922.0,1281.0,15086.0,7.0,7.0,8.0,5.46,2204.0,1224.0,980.0,17290.0,8.0,8.0,8.0,8.16,1886.0,1184.0,702.0,19176.0,8.0,8.0,10.0,11.4,2313.0,1096.0,1217.0,21489.0,11.0,11.0,12.0,9.04,1938.0,924.0,1014.0,23427.0,9.0,13.0,18.0,8.88,,,,,,,,,,,,,,,,,,,,,,,,,
e987916a-f824-4a38-9c78-597703908cde,2025-11-28 15:41:29 UTC,False,19462.0,CFOP,Gan 12 UI Maglev,RandomForest,17921.0,19462.0,,,gan12,custom_rules,,,,8.0,0.0,0.0,19462.0,75.0,81.0,89.0,3.85,1536.0,17926.0,14574.0,0.0,14574.0,14574.0,48.0,54.0,60.0,3.29,0.0,0.0,0.0,14574.0,0.0,0.0,0.0,0.0,0.0,0.0,0.0,14574.0,0.0,0.0,0.0,0.0,0.0,0.0,0.0,14574.0,0.0,0.0,0.0,0.0,0.0,0.0,0.0,14574.0,0.0,0.0,0.0,0.0,1249.0,532.0,717.0,15823.0,8.0,8.0,8.0,11.16,3639.0,1004.0,2635.0,19462.0,19.0,19.0,21.0,7.21,,,,,,,,,,,,,,,,,,,,,,,,,
5d63cb52-34c4-41fd-8363-c9cff8f81bf1,2025-11-28 15:42:30 UTC,False,17686.0,CFOP,Gan 12 UI Maglev,RandomForest,6673.0,17686.0,,,gan12,custom_rules,,,,8.0,0.0,0.0,17686.0,76.0,78.0,87.0,4.3,4701.0,12985.0,2046.0,0.0,2046.0,2046.0,8.0,8.0,8.0,3.91,1657.0,499.0,1158.0,3703.0,7.0,7.0,8.0,6.04,5202.0,242.0,4960.0,8905.0,19.0,20.0,22.0,3.83,2067.0,1165.0,902.0,10972.0,8.0,8.0,9.0,8.87,2545.0,713.0,1832.0,13517.0,11.0,11.0,13.0,6.0,1313.0,572.0,741.0,14830.0,7.0,7.0,8.0,9.45,2856.0,1510.0,1346.0,17686.0,16.0,17.0,19.0,11.89,,,,,,,,,,,,,,,,,,,,,,,,,
78e62898-732d-43bc-aa09-6b6da09e8538,2025-11-28 15:43:34 UTC,False,20627.0,CFOP,Gan 12 UI Maglev,RandomForest,32758.0,20627.0,,,gan12,custom_rules,,,,8.0,0.0,0.0,20627.0,79.0,80.0,90.0,3.83,6242.0,14385.0,3482.0,0.0,3482.0,3482.0,12.0,12.0,16.0,3.45,0.0,0.0,0.0,3482.0,0.0,0.0,0.0,0.0,6933.0,588.0,6345.0,10415.0,18.0,19.0,21.0,2.84,1628.0,854.0,774.0,12043.0,12.0,12.0,12.0,15.5,2630.0,2083.0,547.0,14673.0,8.0,8.0,8.0,14.63,2652.0,1286.0,1366.0,17325.0,11.0,11.0,14.0,8.05,3302.0,1431.0,1871.0,20627.0,18.0,18.0,19.0,9.62,,,,,,,,,,,,,,,,,,,,,,,,,
817097c5-7760-4ade-b5d8-df1a744b1344,2025-11-28 15:44:12 UTC,False,26369.0,CFOP,Gan 12 UI Maglev,RandomForest,3001.0,26369.0,,,gan12,custom_rules,,,,8.0,0.0,0.0,26369.0,96.0,98.0,104.0,3.64,8774.0,17507.0,8054.0,0.0,8054.0,8142.0,28.0,28.0,29.0,3.48,2922.0,1370.0,1552.0,11064.0,9.0,10.0,11.0,5.8,5402.0,2212.0,3190.0,16466.0,16.0,17.0,18.0,5.02,1610.0,1169.0,441.0,18076.0,8.0,8.0,9.0,18.14,2880.0,1528.0,1352.0,20956.0,8.0,8.0,9.0,5.92,2426.0,1612.0,814.0,23382.0,9.0,9.0,10.0,11.06,2987.0,883.0,2104.0,26369.0,18.0,18.0,18.0,8.56,,,,,,,,,,,,,,,,,,,,,,,,,
63f26355-2f3a-497b-b325-72ef7d0e4a0b,2025-11-28 15:44:59 UTC,False,21714.0,CFOP,Gan 12 UI Maglev,RandomForest,16446.0,21714.0,,,gan12,custom_rules,,,,8.0,0.0,0.0,21714.0,63.0,67.0,75.0,2.9,8444.0,13270.0,4970.0,0.0,4970.0,4970.0,10.0,10.0,10.0,2.01,4765.0,2837.0,1928.0,9735.0,12.0,12.0,13.0,6.22,2193.0,725.0,1468.0,11928.0,8.0,8.0,8.0,5.45,2153.0,1396.0,757.0,14081.0,8.0,8.0,10.0,10.57,3408.0,1439.0,1969.0,17489.0,5.0,5.0,5.0,2.54,2215.0,951.0,1264.0,19704.0,12.0,12.0,12.0,9.49,2010.0,1096.0,914.0,21714.0,8.0,12.0,17.0,8.75,,,,,,,,,,,,,,,,,,,,,,,,,
95f95cc6-725f-4903-9f03-36b71c2faca2,2025-11-28 15:45:37 UTC,False,18607.0,CFOP,Gan 12 UI Maglev,RandomForest,9936.0,18607.0,,,gan12,custom_rules,,,,8.0,0.0,0.0,18607.0,66.0,68.0,80.0,3.55,8927.0,9680.0,1555.0,0.0,1555.0,1555.0,5.0,5.0,6.0,3.22,4385.0,2670.0,1715.0,5940.0,10.0,10.0,12.0,5.83,3446.0,1437.0,2009.0,9386.0,12.0,12.0,13.0,5.97,1828.0,1032.0,796.0,11214.0,8.0,8.0,10.0,10.05,814.0,379.0,435.0,12028.0,3.0,3.0,3.0,6.9,3060.0,1817.0,1243.0,15088.0,12.0,12.0,15.0,9.65,3519.0,1592.0,1927.0,18607.0,16.0,18.0,21.0,8.3,,,,,,,,,,,,,,,,,,,,,,,,,
8ff135a2-55b5-42f0-a3d4-1a6d8d085fd8,2025-11-28 15:46:11 UTC,False,17951.0,CFOP,Gan 12 UI Maglev,RandomForest,7685.0,17951.0,,,gan12,custom_rules,,,,8.0,0.0,0.0,17951.0,70.0,71.0,78.0,3.9,7732.0,10219.0,2552.0,0.0,2552.0,2552.0,8.0,8.0,8.0,3.13,2097.0,1421.0,676.0,4649.0,6.0,6.0,7.0,8.88,3214.0,1997.0,1217.0,7863.0,8.0,9.0,9.0,6.57,2929.0,1414.0,1515.0,10792.0,9.0,9.0,11.0,5.94,1495.0,660.0,835.0,12287.0,8.0,8.0,8.0,9.58,2166.0,910.0,1256.0,14453.0,12.0,12.0,14.0,9.55,3498.0,1330.0,2168.0,17951.0,19.0,19.0,21.0,8.76,,,,,,,,,,,,,,,,,,,,,,,,,
bc84efd2-da59-4803-bf8a-f56217c54b0b,2025-11-28 15:46:52 UTC,False,15688.0,CFOP,Gan 12 UI Maglev,RandomForest,16434.0,15688.0,,,gan12,custom_rules,,,,8.0,0.0,0.0,15688.0,72.0,74.0,81.0,4.59,5780.0,9826.0,2472.0,0.0,2472.0,2554.0,5.0,5.0,6.0,2.02,1454.0,540.0,914.0,4008.0,7.0,7.0,9.0,7.66,3627.0,1118.0,2509.0,7635.0,17.0,19.0,19.0,6.78,1213.0,971.0,242.0,8848.0,4.0,4.0,4.0,16.53,1556.0,927.0,629.0,10404.0,8.0,8.0,10.0,12.72,1864.0,702.0,1162.0,12268.0,12.0,12.0,12.0,10.33,3420.0,1522.0,1898.0,15688.0,19.0,19.0,21.0,10.01,,,,,,,,,,,,,,,,,,,,,,,,,
bc7169be-5849-4707-bdfe-f39905693020,2025-11-28 15:47:24 UTC,False,16213.0,CFOP,Gan 12 UI Maglev,RandomForest,6395.0,16213.0,,,gan12,custom_rules,,,,8.0,0.0,0.0,16213.0,75.0,76.0,87.0,4.63,4589.0,11624.0,1136.0,0.0,1136.0,1136.0,6.0,6.0,7.0,5.28,2140.0,851.0,1289.0,3276.0,7.0,7.0,8.0,5.43,1541.0,493.0,1048.0,4817.0,8.0,8.0,9.0,7.63,4901.0,568.0,4333.0,9718.0,18.0,19.0,22.0,4.15,1383.0,556.0,827.0,11101.0,10.0,10.0,11.0,12.09,2903.0,1273.0,1630.0,14004.0,10.0,10.0,13.0,6.13,2209.0,848.0,1361.0,16213.0,16.0,16.0,17.0,11.76,,,,,,,,,,,,,,,,,,,,,,,,,
f0c43550-1c2e-4a90-bedf-b4c3d8fbe501,2025-11-28 15:48:08 UTC,False,27414.0,CFOP,Gan 12 UI Maglev,RandomForest,7527.0,27414.0,,,gan12,custom_rules,,,,8.0,0.0,0.0,27414.0,112.0,113.0,125.0,4.09,5732.0,21682.0,4091.0,0.0,4091.0,4091.0,11.0,11.0,11.0,2.69,2376.0,1569.0,807.0,6467.0,8.0,8.0,9.0,9.91,1184.0,153.0,1031.0,7651.0,6.0,6.0,6.0,5.82,3571.0,548.0,3023.0,11222.0,12.0,12.0,14.0,3.97,1974.0,1161.0,813.0,13196.0,7.0,7.0,8.0,8.61,10745.0,1028.0,9717.0,23941.0,52.0,52.0,54.0,5.35,3473.0,1273.0,2200.0,27414.0,17.0,18.0,23.0,7.73,,,,,,,,,,,,,,,,,,,,,,,,,
7c043435-ab95-4845-9ff5-75f330b8dd7a,2025-11-28 15:48:48 UTC,False,14036.0,CFOP,Gan 12 UI Maglev,RandomForest,14903.0,14036.0,,,gan12,custom_rules,,,,8.0,0.0,0.0,14036.0,73.0,75.0,81.0,5.2,5730.0,8306.0,749.0,0.0,749.0,749.0,5.0,5.0,5.0,6.68,1732.0,492.0,1240.0,2481.0,7.0,7.0,7.0,5.65,2283.0,1252.0,1031.0,4764.0,9.0,9.0,9.0,8.73,2335.0,1223.0,1112.0,7099.0,11.0,11.0,11.0,9.89,1136.0,540.0,596.0,8235.0,8.0,8.0,9.0,13.42,2403.0,1063.0,1340.0,10638.0,15.0,15.0,18.0,11.19,3398.0,1160.0,2238.0,14036.0,18.0,20.0,22.0,8.04,,,,,,,,,,,,,,,,,,,,,,,,,
a7850c17-f99f-4c1e-a0f4-5ba724f2fa2c,2025-11-28 15:49:38 UTC,False,16861.0,CFOP,Gan 12 UI Maglev,RandomForest,23993.0,16861.0,,,gan12,custom_rules,,,,8.0,0.0,0.0,16861.0,67.0,68.0,78.0,3.97,7900.0,8961.0,468.0,0.0,468.0,468.0,3.0,3.0,3.0,6.41,1698.0,1263.0,435.0,2166.0,8.0,8.0,9.0,18.39,4943.0,2576.0,2367.0,7109.0,7.0,7.0,9.0,2.96,1479.0,677.0,802.0,8588.0,8.0,8.0,10.0,9.98,2234.0,1420.0,814.0,10822.0,8.0,8.0,11.0,9.83,2697.0,917.0,1780.0,13519.0,13.0,14.0,15.0,7.3,3342.0,1047.0,2295.0,16861.0,20.0,20.0,21.0,8.71,,,,,,,,,,,,,,,,,,,,,,,,,
27f582f4-94bf-4a34-9514-cdacec5cb096,2025-11-28 16:38:01 UTC,False,28376.0,CFOP,Gan 12 UI Maglev,RandomForest,40523.0,28376.0,,,gan12,custom_rules,,,,8.0,0.0,0.0,28376.0,89.0,96.0,110.0,3.14,11190.0,17186.0,1737.0,0.0,1737.0,1737.0,7.0,7.0,7.0,4.03,8529.0,5730.0,2799.0,10266.0,12.0,12.0,12.0,4.29,1671.0,257.0,1414.0,11937.0,7.0,7.0,7.0,4.95,1554.0,588.0,966.0,13491.0,8.0,8.0,9.0,8.28,4012.0,1865.0,2147.0,17503.0,12.0,14.0,15.0,5.59,3289.0,1241.0,2048.0,20792.0,14.0,14.0,15.0,6.84,7584.0,1509.0,6075.0,28376.0,30.0,35.0,45.0,4.94,,,,,,,,,,,,,,,,,,,,,,,,,
8198a2b1-44d2-4064-b8e4-d7be0185722c,2025-11-28 16:39:05 UTC,False,34179.0,CFOP,Gan 12 UI Maglev,RandomForest,20402.0,34179.0,,,gan12,custom_rules,,,,8.0,0.0,0.0,34179.0,72.0,73.0,86.0,2.11,12410.0,21769.0,1915.0,0.0,1915.0,1915.0,6.0,6.0,8.0,3.13,2246.0,1160.0,1086.0,4161.0,7.0,7.0,8.0,6.45,1836.0,999.0,837.0,5997.0,8.0,8.0,8.0,9.56,2800.0,1730.0,1070.0,8797.0,9.0,9.0,10.0,8.41,1182.0,386.0,796.0,9979.0,7.0,7.0,10.0,8.79,20797.0,6668.0,14129.0,30776.0,22.0,22.0,26.0,1.56,3403.0,1467.0,1936.0,34179.0,13.0,14.0,16.0,6.71,,,,,,,,,,,,,,,,,,,,,,,,,
6d333ccf-2185-469c-9306-e73a814e196e,2025-11-28 16:39:43 UTC,False,18954.0,CFOP,Gan 12 UI Maglev,RandomForest,8120.0,18954.0,,,gan12,custom_rules,,,,8.0,0.0,0.0,18954.0,70.0,72.0,85.0,3.69,6400.0,12433.0,1949.0,0.0,1949.0,2070.0,6.0,7.0,7.0,3.08,2703.0,701.0,2002.0,4773.0,7.0,7.0,8.0,3.5,3036.0,1604.0,1432.0,7809.0,8.0,8.0,8.0,5.59,1861.0,958.0,903.0,9670.0,8.0,8.0,8.0,8.86,1554.0,861.0,693.0,11224.0,8.0,8.0,9.0,11.54,2089.0,943.0,1146.0,13313.0,10.0,10.0,16.0,8.73,5641.0,1333.0,4308.0,18954.0,23.0,24.0,29.0,5.34,,,,,,,,,,,,,,,,,,,,,,,,,
b8540aa8-5bb0-45b0-ba12-39cd04f02068,2025-11-28 16:40:27 UTC,False,21430.0,CFOP,Gan 12 UI Maglev,RandomForest,10098.0,21430.0,,,gan12,custom_rules,,,,8.0,0.0,0.0,21430.0,74.0,77.0,87.0,3.45,6571.0,14778.0,3236.0,0.0,3236.0,3317.0,9.0,9.0,11.0,2.78,3044.0,587.0,2457.0,6361.0,11.0,11.0,12.0,4.48,3746.0,1475.0,2271.0,10107.0,9.0,9.0,10.0,3.96,4651.0,1362.0,3289.0,14758.0,11.0,11.0,14.0,3.34,1783.0,1211.0,572.0,16541.0,6.0,7.0,8.0,10.49,2194.0,833.0,1361.0,18735.0,13.0,13.0,13.0,9.55,2695.0,1103.0,1592.0,21430.0,15.0,17.0,19.0,9.42,,,,,,,,,,,,,,,,,,,,,,,,,
4328810c-80c9-4174-a27d-e4754a4479f0,2025-11-28 16:41:00 UTC,False,18973.0,CFOP,Gan 12 UI Maglev,RandomForest,3991.0,18973.0,,,gan12,custom_rules,,,,8.0,0.0,0.0,18973.0,95.0,95.0,106.0,5.01,4744.0,14229.0,1329.0,0.0,1329.0,1329.0,7.0,7.0,8.0,5.27,2625.0,577.0,2048.0,3954.0,8.0,8.0,9.0,3.91,766.0,276.0,490.0,4720.0,8.0,8.0,8.0,16.33,1320.0,677.0,643.0,6040.0,6.0,6.0,8.0,9.33,4590.0,1069.0,3521.0,10630.0,17.0,17.0,19.0,4.83,2300.0,1084.0,1216.0,12930.0,13.0,13.0,15.0,10.69,6043.0,1061.0,4982.0,18973.0,36.0,36.0,39.0,7.23,,,,,,,,,,,,,,,,,,,,,,,,,
2917e98b-5fd4-43c2-bece-ea8a87cfb6f3,2025-11-28 16:41:30 UTC,False,16709.0,CFOP,Gan 12 UI Maglev,RandomForest,5196.0,16709.0,,,gan12,custom_rules,,,,8.0,0.0,0.0,16709.0,73.0,73.0,82.0,4.37,6195.0,10401.0,2467.0,0.0,2467.0,2580.0,11.0,11.0,13.0,4.46,1850.0,468.0,1382.0,4430.0,9.0,9.0,10.0,6.51,1038.0,805.0,233.0,5468.0,3.0,3.0,3.0,12.88,2711.0,1792.0,919.0,8179.0,8.0,8.0,9.0,8.71,1791.0,791.0,1000.0,9970.0,5.0,5.0,6.0,5.0,3550.0,1436.0,2114.0,13520.0,17.0,17.0,18.0,8.04,3189.0,903.0,2286.0,16709.0,20.0,20.0,23.0,8.75,,,,,,,,,,,,,,,,,,,,,,,,,
30f10d91-1b6e-4460-a92a-a151eb76d517,2025-11-28 16:42:04 UTC,False,17534.0,CFOP,Gan 12 UI Maglev,RandomForest,5081.0,17534.0,,,gan12,custom_rules,,,,8.0,0.0,0.0,17534.0,71.0,73.0,80.0,4.05,6407.0,11127.0,4028.0,0.0,4028.0,4028.0,12.0,12.0,12.0,2.98,1925.0,1651.0,274.0,5953.0,4.0,4.0,5.0,14.6,1398.0,620.0,778.0,7351.0,8.0,8.0,9.0,10.28,3411.0,814.0,2597.0,10762.0,9.0,10.0,12.0,3.47,1262.0,810.0,452.0,12024.0,8.0,8.0,9.0,17.7,2666.0,1425.0,1241.0,14690.0,14.0,14.0,14.0,11.28,2844.0,1087.0,1757.0,17534.0,16.0,17.0,19.0,9.11,,,,,,,,,,,,,,,,,,,,,,,,,
24ebc783-e99d-4369-b3d2-0ceb04a7ef6f,2025-11-28 16:42:59 UTC,False,15043.0,CFOP,Gan 12 UI Maglev,RandomForest,31310.0,15043.0,,,gan12,custom_rules,,,,8.0,0.0,0.0,15043.0,66.0,68.0,76.0,4.39,7691.0,7352.0,2317.0,0.0,2317.0,2317.0,12.0,12.0,14.0,5.18,0.0,0.0,0.0,2317.0,0.0,0.0,0.0,0.0,2170.0,1030.0,1140.0,4487.0,8.0,8.0,9.0,7.02,2794.0,2012.0,782.0,7281.0,11.0,11.0,12.0,14.07,2839.0,2308.0,531.0,10120.0,8.0,8.0,8.0,15.07,2027.0,1117.0,910.0,12147.0,12.0,12.0,14.0,13.19,2896.0,1224.0,1672.0,15043.0,15.0,17.0,19.0,8.97,,,,,,,,,,,,,,,,,,,,,,,,,
cc8bff0a-6870-4c35-a3ba-344d19a571fe,2025-11-28 16:43:34 UTC,False,19140.0,CFOP,Gan 12 UI Maglev,RandomForest,7589.0,19140.0,,,gan12,custom_rules,,,,8.0,0.0,0.0,19140.0,81.0,81.0,94.0,4.23,5612.0,13528.0,1768.0,0.0,1768.0,1768.0,5.0,5.0,6.0,2.83,5123.0,2456.0,2667.0,6891.0,11.0,11.0,14.0,4.12,2203.0,701.0,1502.0,9094.0,9.0,9.0,11.0,5.99,2292.0,330.0,1962.0,11386.0,11.0,11.0,13.0,5.61,1811.0,289.0,1522.0,13197.0,10.0,10.0,11.0,6.57,3335.0,1046.0,2289.0,16532.0,18.0,18.0,20.0,7.86,2608.0,790.0,1818.0,19140.0,18.0,18.0,19.0,9.9,,,,,,,,,,,,,,,,,,,,,,,,,
7a260439-c16a-46a2-8b41-734092c83d2f,2025-11-28 16:44:13 UTC,False,18052.0,CFOP,Gan 12 UI Maglev,RandomForest,11369.0,18052.0,,,gan12,custom_rules,,,,8.0,0.0,0.0,18052.0,72.0,72.0,82.0,3.99,7389.0,10663.0,1917.0,0.0,1917.0,1917.0,7.0,7.0,7.0,3.65,1941.0,902.0,1039.0,3858.0,7.0,7.0,9.0,6.74,3487.0,1509.0,1978.0,7345.0,11.0,11.0,13.0,5.56,2467.0,766.0,1701.0,9812.0,12.0,12.0,16.0,7.05,3270.0,2336.0,934.0,13082.0,8.0,8.0,9.0,8.57,1483.0,734.0,749.0,14565.0,7.0,7.0,8.0,9.35,3487.0,1142.0,2345.0,18052.0,20.0,20.0,20.0,8.53,,,,,,,,,,,,,,,,,,,,,,,,,
9d2f9de6-c62c-4eec-b2c4-fe7162376688,2025-11-28 16:44:55 UTC,False,20250.0,CFOP,Gan 12 UI Maglev,RandomForest,14251.0,20250.0,,,gan12,custom_rules,,,,8.0,0.0,0.0,20250.0,79.0,80.0,84.0,3.9,7981.0,12269.0,5231.0,0.0,5231.0,5231.0,14.0,14.0,14.0,2.68,2113.0,516.0,1597.0,7344.0,7.0,7.0,8.0,4.38,2291.0,1192.0,1099.0,9635.0,9.0,9.0,9.0,8.19,3093.0,2561.0,532.0,12728.0,8.0,8.0,9.0,15.04,1741.0,628.0,1113.0,14469.0,11.0,11.0,11.0,9.88,2396.0,1241.0,1155.0,16865.0,14.0,14.0,14.0,12.12,3385.0,1843.0,1542.0,20250.0,16.0,17.0,19.0,10.38,,,,,,,,,,,,,,,,,,,,,,,,,
c7abe281-6973-4c5a-8886-b857e0fc49b7,2025-11-28 16:45:27 UTC,False,13887.0,CFOP,Gan 12 UI Maglev,RandomForest,9782.0,13887.0,,,gan12,custom_rules,,,,8.0,0.0,0.0,13887.0,71.0,71.0,76.0,5.11,5825.0,8062.0,1241.0,0.0,1241.0,1241.0,6.0,6.0,6.0,4.83,2226.0,682.0,1544.0,3467.0,11.0,11.0,11.0,7.12,1931.0,823.0,1108.0,5398.0,7.0,7.0,8.0,6.32,2007.0,1119.0,888.0,7405.0,12.0,12.0,13.0,13.51,1964.0,1367.0,597.0,9369.0,9.0,9.0,9.0,15.08,1707.0,957.0,750.0,11076.0,8.0,8.0,10.0,10.67,2811.0,877.0,1934.0,13887.0,18.0,18.0,19.0,9.31,,,,,,,,,,,,,,,,,,,,,,,,,
8319084f-bfd8-4424-b1a5-f601d42b05e3,2025-11-28 16:45:56 UTC,False,15679.0,CFOP,Gan 12 UI Maglev,RandomForest,5501.0,15679.0,,,gan12,custom_rules,,,,8.0,0.0,0.0,15679.0,65.0,67.0,77.0,4.15,6709.0,8922.0,1559.0,0.0,1559.0,1607.0,6.0,6.0,7.0,3.85,3213.0,1804.0,1409.0,4820.0,8.0,8.0,9.0,5.68,1897.0,347.0,1550.0,6717.0,7.0,7.0,9.0,4.52,2134.0,701.0,1433.0,8851.0,12.0,12.0,12.0,8.37,1690.0,774.0,916.0,10541.0,11.0,11.0,13.0,12.01,2439.0,1440.0,999.0,12980.0,12.0,14.0,15.0,12.01,2699.0,1643.0,1056.0,15679.0,9.0,9.0,12.0,8.52,,,,,,,,,,,,,,,,,,,,,,,,,
e9a9697e-2f22-4de8-9cd9-597f1f35c58c,2025-11-28 16:46:33 UTC,False,17509.0,CFOP,Gan 12 UI Maglev,RandomForest,8488.0,17509.0,,,gan12,custom_rules,,,,8.0,0.0,0.0,17509.0,71.0,72.0,81.0,4.06,6751.0,10758.0,1056.0,0.0,1056.0,1056.0,6.0,6.0,7.0,5.68,4689.0,1671.0,3018.0,5745.0,11.0,11.0,12.0,3.64,2453.0,1429.0,1024.0,8198.0,8.0,8.0,8.0,7.81,2812.0,959.0,1853.0,11010.0,13.0,14.0,14.0,7.02,1523.0,888.0,635.0,12533.0,8.0,8.0,10.0,12.6,1503.0,773.0,730.0,14036.0,8.0,8.0,9.0,10.96,3473.0,1031.0,2442.0,17509.0,17.0,17.0,21.0,6.96,,,,,,,,,,,,,,,,,,,,,,,,,
1a32c2e5-d2e4-4119-9447-638b194ced23,2025-11-28 16:47:09 UTC,False,16089.0,CFOP,Gan 12 UI Maglev,RandomForest,7906.0,16089.0,,,gan12,custom_rules,,,,8.0,0.0,0.0,16089.0,64.0,64.0,73.0,3.98,7327.0,8706.0,1184.0,0.0,1184.0,1240.0,5.0,5.0,6.0,4.22,2904.0,2050.0,854.0,4144.0,7.0,7.0,7.0,8.2,2151.0,709.0,1442.0,6295.0,8.0,8.0,9.0,5.55,2138.0,1067.0,1071.0,8433.0,6.0,6.0,7.0,5.6,2332.0,1206.0,1126.0,10765.0,8.0,8.0,10.0,7.1,2821.0,1175.0,1646.0,13586.0,19.0,19.0,19.0,11.54,2503.0,1120.0,1383.0,16089.0,11.0,11.0,15.0,7.95,,,,,,,,,,,,,,,,,,,,,,,,,
6b76c52b-5888-4ed0-a017-672fbe2b0bc0,2025-11-28 16:47:44 UTC,False,13813.0,CFOP,Gan 12 UI Maglev,RandomForest,12695.0,13813.0,,,gan12,custom_rules,,,,8.0,0.0,0.0,13813.0,63.0,65.0,70.0,4.56,4145.0,9668.0,4294.0,0.0,4294.0,4294.0,18.0,18.0,18.0,4.19,0.0,0.0,0.0,4294.0,0.0,0.0,0.0,0.0,2479.0,1120.0,1359.0,6773.0,10.0,11.0,13.0,7.36,2701.0,1029.0,1672.0,9474.0,8.0,8.0,9.0,4.78,1570.0,692.0,878.0,11044.0,11.0,11.0,11.0,12.53,0.0,0.0,0.0,11044.0,0.0,0.0,0.0,0.0,2769.0,1304.0,1465.0,13813.0,16.0,17.0,19.0,10.92,,,,,,,,,,,,,,,,,,,,,,,,,
7efc5200-e20b-40d2-8a8e-4663f031ba07,2025-11-28 16:48:18 UTC,False,18578.0,CFOP,Gan 12 UI Maglev,RandomForest,6051.0,18578.0,,,gan12,custom_rules,,,,8.0,0.0,0.0,18578.0,72.0,74.0,83.0,3.88,5715.0,12452.0,1381.0,0.0,1381.0,1792.0,6.0,6.0,8.0,4.34,2453.0,661.0,1792.0,4245.0,7.0,7.0,8.0,3.91,5012.0,867.0,4145.0,9257.0,15.0,15.0,17.0,3.62,2144.0,1555.0,589.0,11401.0,8.0,8.0,9.0,13.58,1905.0,1059.0,846.0,13306.0,7.0,7.0,8.0,8.27,2815.0,758.0,2057.0,16121.0,11.0,13.0,15.0,5.35,2457.0,815.0,1642.0,18578.0,18.0,18.0,18.0,10.96,,,,,,,,,,,,,,,,,,,,,,,,,
6726e579-141b-41fb-832d-8fae3e9293cb,2025-11-28 16:48:52 UTC,False,15737.0,CFOP,Gan 12 UI Maglev,RandomForest,8311.0,15737.0,,,gan12,custom_rules,,,,8.0,0.0,0.0,15737.0,54.0,60.0,69.0,3.43,5448.0,10289.0,2688.0,0.0,2688.0,2688.0,7.0,7.0,10.0,2.6,3172.0,1672.0,1500.0,5860.0,8.0,8.0,8.0,5.33,1201.0,573.0,628.0,7061.0,7.0,7.0,7.0,11.15,3146.0,250.0,2896.0,10207.0,8.0,8.0,9.0,2.76,1432.0,707.0,725.0,11639.0,8.0,8.0,8.0,11.03,1753.0,852.0,901.0,13392.0,9.0,10.0,10.0,9.99,2345.0,1394.0,951.0,15737.0,8.0,12.0,17.0,8.41,,,,,,,,,,,,,,,,,,,,,,,,,
e9cefb25-a6fb-45d2-941a-4dc45c47d408,2025-11-28 16:49:28 UTC,False,15452.0,CFOP,Gan 12 UI Maglev,RandomForest,11230.0,15452.0,,,gan12,custom_rules,,,,8.0,0.0,0.0,15452.0,59.0,62.0,71.0,3.82,5459.0,9913.0,2220.0,0.0,2220.0,2300.0,7.0,7.0,11.0,3.15,3884.0,1303.0,2581.0,6184.0,7.0,7.0,8.0,2.71,2125.0,419.0,1706.0,8309.0,8.0,8.0,10.0,4.69,2044.0,1150.0,894.0,10353.0,6.0,7.0,7.0,6.71,694.0,533.0,161.0,11047.0,4.0,4.0,4.0,24.84,2528.0,1337.0,1191.0,13575.0,12.0,14.0,15.0,10.08,1877.0,717.0,1160.0,15452.0,15.0,15.0,16.0,12.93,,,,,,,,,,,,,,,,,,,,,,,,,
720e9da2-10e3-4722-9fb5-0142c3c2cd82,2025-11-28 16:50:14 UTC,False,21152.0,CFOP,Gan 12 UI Maglev,RandomForest,12625.0,21152.0,,,gan12,custom_rules,,,,8.0,0.0,0.0,21152.0,72.0,74.0,83.0,3.4,11485.0,9667.0,934.0,0.0,934.0,934.0,5.0,5.0,7.0,5.35,6838.0,3304.0,3534.0,7772.0,14.0,14.0,15.0,3.96,2187.0,1953.0,234.0,9959.0,6.0,6.0,7.0,25.64,1415.0,456.0,959.0,11374.0,8.0,8.0,8.0,8.34,1554.0,676.0,878.0,12928.0,10.0,10.0,10.0,11.39,4213.0,2771.0,1442.0,17141.0,11.0,12.0,14.0,7.63,4011.0,2325.0,1686.0,21152.0,18.0,19.0,22.0,10.68,,,,,,,,,,,,,,,,,,,,,,,,,
5f3e42cd-fee5-4ded-be09-784d9b02329c,2025-11-28 16:51:38 UTC,False,14119.0,CFOP,Gan 12 UI Maglev,RandomForest,61265.0,14119.0,,,gan12,custom_rules,,,,8.0,0.0,0.0,14119.0,68.0,73.0,83.0,4.82,5074.0,9045.0,1917.0,0.0,1917.0,1917.0,10.0,10.0,11.0,5.22,0.0,0.0,0.0,1917.0,0.0,0.0,0.0,0.0,1478.0,443.0,1035.0,3395.0,7.0,7.0,8.0,6.76,1770.0,879.0,891.0,5165.0,7.0,7.0,7.0,7.86,1531.0,1079.0,452.0,6696.0,8.0,8.0,8.0,17.7,1929.0,1104.0,825.0,8625.0,11.0,11.0,11.0,13.33,5494.0,1569.0,3925.0,14119.0,25.0,30.0,38.0,6.37,,,,,,,,,,,,,,,,,,,,,,,,,
e774d69c-5a4c-4db0-92a0-e301af5200e8,2025-11-28 16:52:20 UTC,False,19440.0,CFOP,Gan 12 UI Maglev,RandomForest,8112.0,19440.0,,,gan12,custom_rules,,,,8.0,0.0,0.0,19440.0,91.0,94.0,109.0,4.68,6605.0,12835.0,1386.0,0.0,1386.0,1386.0,6.0,7.0,8.0,4.33,4656.0,787.0,3869.0,6042.0,18.0,18.0,20.0,4.65,1134.0,548.0,586.0,7176.0,8.0,8.0,9.0,13.65,2954.0,2156.0,798.0,10130.0,9.0,9.0,10.0,11.28,1603.0,797.0,806.0,11733.0,9.0,9.0,10.0,11.17,1778.0,698.0,1080.0,13511.0,10.0,10.0,13.0,9.26,5929.0,1619.0,4310.0,19440.0,31.0,33.0,39.0,7.19,,,,,,,,,,,,,,,,,,,,,,,,,
89731d16-831b-4f26-926f-492c7d66a3f5,2025-11-28 16:52:50 UTC,False,14586.0,CFOP,Gan 12 UI Maglev,RandomForest,6369.0,14586.0,,,gan12,custom_rules,,,,8.0,0.0,0.0,14586.0,68.0,70.0,79.0,4.66,4022.0,10564.0,3834.0,0.0,3834.0,3834.0,10.0,10.0,10.0,2.61,2162.0,724.0,1438.0,5996.0,8.0,8.0,8.0,5.56,2409.0,378.0,2031.0,8405.0,12.0,13.0,15.0,5.91,965.0,240.0,725.0,9370.0,7.0,7.0,8.0,9.66,1576.0,789.0,787.0,10946.0,8.0,8.0,11.0,10.17,1709.0,919.0,790.0,12655.0,10.0,11.0,12.0,12.66,1931.0,972.0,959.0,14586.0,14.0,14.0,15.0,14.6,,,,,,,,,,,,,,,,,,,,,,,,,
f7388a91-8621-4917-9e8e-f78bee42b8fa,2025-11-28 16:53:24 UTC,False,16305.0,CFOP,Gan 12 UI Maglev,RandomForest,6697.0,16305.0,,,gan12,custom_rules,,,,8.0,0.0,0.0,16305.0,65.0,65.0,75.0,3.99,6167.0,10138.0,2706.0,0.0,2706.0,2706.0,9.0,9.0,11.0,3.33,2016.0,792.0,1224.0,4722.0,9.0,9.0,10.0,7.35,1842.0,1383.0,459.0,6564.0,8.0,8.0,8.0,17.43,1294.0,1101.0,193.0,7858.0,4.0,4.0,4.0,20.73,2237.0,629.0,1608.0,10095.0,11.0,11.0,12.0,6.84,1406.0,684.0,722.0,11501.0,9.0,9.0,9.0,12.47,4804.0,1578.0,3226.0,16305.0,15.0,15.0,21.0,4.65,,,,,,,,,,,,,,,,,,,,,,,,,
b4a41cfa-823a-471e-b50e-be2b9857c13a,2025-11-28 16:53:57 UTC,False,15243.0,CFOP,Gan 12 UI Maglev,RandomForest,7419.0,15243.0,,,gan12,custom_rules,,,,8.0,0.0,0.0,15243.0,74.0,80.0,90.0,4.85,5732.0,9511.0,1314.0,0.0,1314.0,1314.0,6.0,6.0,8.0,4.57,2673.0,660.0,2013.0,3987.0,12.0,12.0,13.0,5.96,1204.0,906.0,298.0,5191.0,4.0,4.0,5.0,13.42,1177.0,685.0,492.0,6368.0,7.0,7.0,7.0,14.23,1887.0,1379.0,508.0,8255.0,8.0,8.0,8.0,15.75,1842.0,1165.0,677.0,10097.0,10.0,10.0,10.0,14.77,5146.0,937.0,4209.0,15243.0,27.0,33.0,39.0,6.41,,,,,,,,,,,,,,,,,,,,,,,,,
fad12cf2-dd0f-4d53-957d-404b075dc585,2025-11-28 16:54:43 UTC,False,22575.0,CFOP,Gan 12 UI Maglev,RandomForest,12551.0,22575.0,,,gan12,custom_rules,,,,8.0,0.0,0.0,22575.0,88.0,90.0,106.0,3.9,3364.0,19162.0,7497.0,0.0,7497.0,7546.0,26.0,28.0,34.0,3.47,0.0,0.0,0.0,7546.0,0.0,0.0,0.0,0.0,1164.0,501.0,663.0,8710.0,8.0,8.0,8.0,12.07,2542.0,161.0,2381.0,11252.0,11.0,11.0,12.0,4.62,6211.0,579.0,5632.0,17463.0,25.0,25.0,27.0,4.44,1971.0,580.0,1391.0,19434.0,9.0,9.0,12.0,6.47,3141.0,1543.0,1598.0,22575.0,10.0,10.0,13.0,6.26,,,,,,,,,,,,,,,,,,,,,,,,,
51f9b5e5-3cc5-4bd5-8fe1-6108ea5c49ec,2025-11-28 16:55:13 UTC,False,15788.0,CFOP,Gan 12 UI Maglev,RandomForest,3197.0,15788.0,,,gan12,custom_rules,,,,8.0,0.0,0.0,15788.0,53.0,53.0,64.0,3.36,8011.0,7777.0,2364.0,0.0,2364.0,2364.0,6.0,6.0,8.0,2.54,1779.0,347.0,1432.0,4143.0,6.0,6.0,6.0,4.19,1817.0,1559.0,258.0,5960.0,5.0,5.0,7.0,19.38,2067.0,1576.0,491.0,8027.0,6.0,6.0,8.0,12.22,3088.0,1938.0,1150.0,11115.0,8.0,8.0,9.0,6.96,1765.0,878.0,887.0,12880.0,11.0,11.0,11.0,12.4,2908.0,1713.0,1195.0,15788.0,11.0,11.0,15.0,9.21,,,,,,,,,,,,,,,,,,,,,,,,,
0ee82b27-7d62-4026-9b6f-cb463e31087a,2025-11-28 16:55:47 UTC,False,17178.0,CFOP,Gan 12 UI Maglev,RandomForest,8126.0,17178.0,,,gan12,custom_rules,,,,8.0,0.0,0.0,17178.0,77.0,77.0,87.0,4.48,5372.0,11806.0,3077.0,0.0,3077.0,3077.0,9.0,9.0,11.0,2.92,2243.0,668.0,1575.0,5320.0,8.0,8.0,8.0,5.08,1046.0,546.0,500.0,6366.0,7.0,7.0,8.0,14.0,2629.0,1444.0,1185.0,8995.0,8.0,8.0,8.0,6.75,1611.0,812.0,799.0,10606.0,8.0,8.0,9.0,10.01,1881.0,978.0,903.0,12487.0,10.0,10.0,14.0,11.07,4691.0,924.0,3767.0,17178.0,27.0,27.0,29.0,7.17,,,,,,,,,,,,,,,,,,,,,,,,,
270ac15c-0861-490d-9b3c-5535b84decf3,2025-11-28 16:56:21 UTC,False,17847.0,CFOP,Gan 12 UI Maglev,RandomForest,5319.0,17847.0,,,gan12,custom_rules,,,,8.0,0.0,0.0,17847.0,58.0,63.0,74.0,3.25,8748.0,9049.0,4144.0,0.0,4144.0,4194.0,8.0,8.0,10.0,1.93,1551.0,491.0,1060.0,5745.0,6.0,7.0,7.0,5.66,2749.0,2024.0,725.0,8494.0,8.0,8.0,10.0,11.03,3090.0,2510.0,580.0,11584.0,8.0,8.0,9.0,13.79,2121.0,1493.0,628.0,13705.0,9.0,9.0,10.0,14.33,1878.0,976.0,902.0,15583.0,11.0,11.0,11.0,12.2,2264.0,1254.0,1010.0,17847.0,8.0,12.0,17.0,7.92,,,,,,,,,,,,,,,,,,,,,,,,,
e1c17979-5719-41bb-b108-f706826d19e4,2025-11-28 16:57:06 UTC,False,12391.0,CFOP,Gan 12 UI Maglev,RandomForest,23460.0,12391.0,,,gan12,custom_rules,,,,8.0,0.0,0.0,12391.0,65.0,67.0,74.0,5.25,5217.0,6924.0,983.0,0.0,983.0,1233.0,4.0,5.0,6.0,4.07,1842.0,916.0,926.0,3075.0,8.0,8.0,9.0,8.64,955.0,407.0,548.0,4030.0,8.0,8.0,8.0,14.6,1286.0,644.0,642.0,5316.0,8.0,8.0,9.0,12.46,1705.0,918.0,787.0,7021.0,11.0,11.0,11.0,13.98,1474.0,612.0,862.0,8495.0,9.0,10.0,10.0,10.44,3896.0,1720.0,2176.0,12391.0,17.0,17.0,21.0,7.81,,,,,,,,,,,,,,,,,,,,,,,,,
e8c78887-46cf-4c11-985a-99c759ef81fd,2025-11-28 16:57:57 UTC,False,20922.0,CFOP,Gan 12 UI Maglev,RandomForest,6379.0,20922.0,,,gan12,custom_rules,,,,8.0,0.0,0.0,20922.0,84.0,88.0,101.0,4.01,5331.0,15591.0,4976.0,0.0,4976.0,4976.0,20.0,20.0,20.0,4.02,0.0,0.0,0.0,4976.0,0.0,0.0,0.0,0.0,2981.0,1676.0,1305.0,7957.0,11.0,11.0,12.0,8.43,3573.0,805.0,2768.0,11530.0,12.0,12.0,12.0,4.34,1810.0,561.0,1249.0,13340.0,14.0,14.0,16.0,11.21,4749.0,1311.0,3438.0,18089.0,18.0,18.0,21.0,5.24,2833.0,978.0,1855.0,20922.0,9.0,13.0,20.0,4.85,,,,,,,,,,,,,,,,,,,,,,,,,
9ff98c50-08c3-40e5-b110-d7d0a932bcf4,2025-11-28 16:58:23 UTC,False,12607.0,CFOP,Gan 12 UI Maglev,RandomForest,3032.0,12607.0,,,gan12,custom_rules,,,,8.0,0.0,0.0,12607.0,54.0,55.0,63.0,4.28,5768.0,6839.0,1208.0,0.0,1208.0,1208.0,6.0,6.0,6.0,4.97,2154.0,1340.0,814.0,3362.0,8.0,8.0,9.0,9.83,1023.0,402.0,621.0,4385.0,8.0,8.0,9.0,12.88,1326.0,1092.0,234.0,5711.0,4.0,4.0,5.0,17.09,1361.0,579.0,782.0,7072.0,3.0,3.0,4.0,3.84,1427.0,741.0,686.0,8499.0,8.0,8.0,9.0,11.66,4108.0,1614.0,2494.0,12607.0,17.0,18.0,21.0,6.82,,,,,,,,,,,,,,,,,,,,,,,,,
2cc1374a-3064-4f32-93ef-80dff389e764,2025-11-28 16:59:11 UTC,False,12050.0,CFOP,Gan 12 UI Maglev,RandomForest,20304.0,12050.0,,,gan12,custom_rules,,,,8.0,0.0,0.0,12050.0,52.0,54.0,59.0,4.32,5199.0,6851.0,950.0,0.0,950.0,950.0,5.0,5.0,5.0,5.26,0.0,0.0,0.0,950.0,0.0,0.0,0.0,0.0,2223.0,1707.0,516.0,3173.0,7.0,7.0,8.0,13.57,3199.0,838.0,2361.0,6372.0,13.0,13.0,14.0,5.51,797.0,555.0,242.0,7169.0,3.0,3.0,3.0,12.4,2300.0,1070.0,1230.0,9469.0,10.0,11.0,12.0,8.13,2581.0,1029.0,1552.0,12050.0,14.0,15.0,17.0,9.02,,,,,,,,,,,,,,,,,,,,,,,,,
18bfe7b1-2c2c-4392-bcdb-5d8cc8a48dac,2025-11-28 16:59:55 UTC,False,14801.0,CFOP,Gan 12 UI Maglev,RandomForest,12851.0,14801.0,,,gan12,custom_rules,,,,8.0,0.0,0.0,14801.0,73.0,74.0,80.0,4.93,6446.0,8355.0,1661.0,0.0,1661.0,1661.0,9.0,9.0,9.0,5.42,1750.0,1564.0,186.0,3411.0,4.0,4.0,5.0,21.51,2581.0,588.0,1993.0,5992.0,15.0,15.0,15.0,7.53,1321.0,684.0,637.0,7313.0,8.0,8.0,9.0,12.56,2106.0,1494.0,612.0,9419.0,8.0,8.0,9.0,13.07,2573.0,931.0,1642.0,11992.0,13.0,13.0,14.0,7.92,2809.0,1185.0,1624.0,14801.0,16.0,17.0,19.0,9.85,,,,,,,,,,,,,,,,,,,,,,,,,
4804deaa-21bc-494c-bf48-6ecf61ee28a1,2025-11-28 17:01:23 UTC,False,16503.0,CFOP,Gan 12 UI Maglev,RandomForest,24128.0,16503.0,,,gan12,custom_rules,,,,8.0,0.0,0.0,16503.0,72.0,73.0,85.0,4.36,5949.0,10554.0,1135.0,0.0,1135.0,1135.0,4.0,4.0,6.0,3.52,2584.0,678.0,1906.0,3719.0,9.0,9.0,11.0,4.72,1788.0,604.0,1184.0,5507.0,7.0,7.0,7.0,5.91,2540.0,1230.0,1310.0,8047.0,12.0,12.0,15.0,9.16,1974.0,1242.0,732.0,10021.0,8.0,8.0,9.0,10.93,2505.0,903.0,1602.0,12526.0,12.0,13.0,14.0,7.49,3977.0,1292.0,2685.0,16503.0,21.0,21.0,23.0,7.82,,,,,,,,,,,,,,,,,,,,,,,,,
ff0c63ae-a6b5-44bc-b698-95d8a5259e4b,2025-11-28 17:01:54 UTC,False,16137.0,CFOP,Gan 12 UI Maglev,RandomForest,4762.0,16137.0,,,gan12,custom_rules,,,,8.0,0.0,0.0,16137.0,64.0,65.0,75.0,3.97,7232.0,8905.0,1378.0,0.0,1378.0,1378.0,6.0,6.0,8.0,4.35,640.0,334.0,306.0,2018.0,3.0,3.0,4.0,9.8,1302.0,806.0,496.0,3320.0,5.0,6.0,6.0,10.08,4171.0,2222.0,1949.0,7491.0,11.0,11.0,12.0,5.64,2436.0,1016.0,1420.0,9927.0,8.0,8.0,9.0,5.63,2344.0,704.0,1640.0,12271.0,16.0,16.0,16.0,9.76,3866.0,2150.0,1716.0,16137.0,15.0,15.0,20.0,8.74,,,,,,,,,,,,,,,,,,,,,,,,,
ccea67c9-682e-48fb-be21-d439ae068cd7,2025-11-28 17:02:28 UTC,False,14258.0,CFOP,Gan 12 UI Maglev,RandomForest,10722.0,14258.0,,,gan12,custom_rules,,,,8.0,0.0,0.0,14258.0,54.0,59.0,71.0,3.79,4921.0,9337.0,1135.0,0.0,1135.0,1135.0,5.0,5.0,5.0,4.41,1560.0,674.0,886.0,2695.0,7.0,7.0,8.0,7.9,2267.0,731.0,1536.0,4962.0,6.0,6.0,6.0,3.91,2840.0,330.0,2510.0,7802.0,12.0,12.0,12.0,4.78,841.0,274.0,567.0,8643.0,6.0,6.0,6.0,10.58,2930.0,1899.0,1031.0,11573.0,10.0,11.0,11.0,9.7,2685.0,1013.0,1672.0,14258.0,9.0,13.0,23.0,5.38,,,,,,,,,,,,,,,,,,,,,,,,,
c0b9a403-6856-4892-93d0-c19cd078acc3,2025-11-28 17:03:09 UTC,False,21252.0,CFOP,Gan 12 UI Maglev,RandomForest,9883.0,21252.0,,,gan12,custom_rules,,,,8.0,0.0,0.0,21252.0,75.0,77.0,84.0,3.53,8549.0,12703.0,1394.0,0.0,1394.0,1394.0,6.0,6.0,6.0,4.3,2885.0,1581.0,1304.0,4279.0,8.0,8.0,10.0,6.13,3822.0,2142.0,1680.0,8101.0,7.0,7.0,7.0,4.17,3789.0,1353.0,2436.0,11890.0,10.0,10.0,12.0,4.11,2485.0,661.0,1824.0,14375.0,11.0,11.0,12.0,6.03,2599.0,870.0,1729.0,16974.0,17.0,17.0,17.0,9.83,4278.0,1942.0,2336.0,21252.0,16.0,18.0,20.0,6.85,,,,,,,,,,,,,,,,,,,,,,,,,
3846049c-14a9-426e-9d71-a2784e8307a0,2025-11-28 17:03:39 UTC,False,14880.0,CFOP,Gan 12 UI Maglev,RandomForest,7335.0,14880.0,,,gan12,custom_rules,,,,8.0,0.0,0.0,14880.0,61.0,62.0,78.0,4.1,6315.0,8565.0,2342.0,0.0,2342.0,2342.0,6.0,6.0,10.0,2.56,1949.0,1192.0,757.0,4291.0,7.0,7.0,7.0,9.25,1528.0,774.0,754.0,5819.0,8.0,8.0,10.0,10.61,2264.0,1660.0,604.0,8083.0,6.0,7.0,8.0,9.93,1769.0,1270.0,499.0,9852.0,8.0,8.0,8.0,16.03,1201.0,580.0,621.0,11053.0,7.0,7.0,8.0,11.27,3827.0,839.0,2988.0,14880.0,20.0,20.0,27.0,6.69,,,,,,,,,,,,,,,,,,,,,,,,,
56622b3d-7544-4869-856a-bcd96e2217fc,2025-11-28 17:04:12 UTC,False,17121.0,CFOP,Gan 12 UI Maglev,RandomForest,5032.0,17121.0,,,gan12,custom_rules,,,,8.0,0.0,0.0,17121.0,75.0,77.0,82.0,4.38,7236.0,9620.0,1409.0,0.0,1409.0,1674.0,8.0,9.0,9.0,5.68,3284.0,1814.0,1470.0,4958.0,11.0,11.0,12.0,7.48,2746.0,1498.0,1248.0,7704.0,10.0,10.0,11.0,8.01,3033.0,1664.0,1369.0,10737.0,8.0,8.0,10.0,5.84,1055.0,443.0,612.0,11792.0,8.0,8.0,9.0,13.07,1923.0,529.0,1394.0,13715.0,9.0,10.0,10.0,6.46,3406.0,1288.0,2118.0,17121.0,21.0,21.0,21.0,9.92,,,,,,,,,,,,,,,,,,,,,,,,,
ddcee93b-43ce-4baf-96d2-59c43baf9125,2025-11-28 17:04:49 UTC,False,12789.0,CFOP,Gan 12 UI Maglev,RandomForest,6231.0,12789.0,,,gan12,custom_rules,,,,8.0,0.0,0.0,12789.0,45.0,47.0,55.0,3.52,3350.0,9439.0,1617.0,0.0,1617.0,1617.0,5.0,6.0,8.0,3.09,3070.0,56.0,3014.0,4687.0,12.0,13.0,14.0,3.98,2118.0,443.0,1675.0,6805.0,5.0,5.0,6.0,2.99,2059.0,1039.0,1020.0,8864.0,8.0,8.0,9.0,7.84,1279.0,725.0,554.0,10143.0,8.0,8.0,9.0,14.44,2308.0,749.0,1559.0,12451.0,8.0,8.0,8.0,5.13,338.0,338.0,0.0,12789.0,1.0,1.0,1.0,,,,,,,,,,,,,,,,,,,,,,,,,,
dd7d9da3-26b2-4d66-bd59-1bcea91144aa,2025-11-28 17:05:37 UTC,False,25375.0,CFOP,Gan 12 UI Maglev,RandomForest,13381.0,25375.0,,,gan12,custom_rules,,,,8.0,0.0,0.0,25375.0,74.0,75.0,84.0,2.92,13267.0,12108.0,3823.0,0.0,3823.0,3823.0,7.0,7.0,9.0,1.83,3844.0,2675.0,1169.0,7667.0,7.0,7.0,8.0,5.99,4199.0,2577.0,1622.0,11866.0,9.0,9.0,10.0,5.55,3166.0,2118.0,1048.0,15032.0,8.0,8.0,9.0,7.63,2121.0,619.0,1502.0,17153.0,8.0,8.0,9.0,5.33,2223.0,831.0,1392.0,19376.0,16.0,16.0,16.0,11.49,5999.0,4447.0,1552.0,25375.0,19.0,20.0,23.0,12.24,,,,,,,,,,,,,,,,,,,,,,,,,
1fd870db-b419-4a5d-b761-187e3bb87a58,2025-11-28 17:06:12 UTC,False,18524.0,CFOP,Gan 12 UI Maglev,RandomForest,7114.0,18524.0,,,gan12,custom_rules,,,,8.0,0.0,0.0,18524.0,68.0,69.0,73.0,3.67,6239.0,12285.0,4958.0,0.0,4958.0,4958.0,11.0,11.0,11.0,2.22,1433.0,773.0,660.0,6391.0,7.0,7.0,8.0,10.61,3124.0,933.0,2191.0,9515.0,9.0,10.0,10.0,4.11,2722.0,715.0,2007.0,12237.0,10.0,10.0,11.0,4.98,1078.0,619.0,459.0,13315.0,7.0,7.0,7.0,15.25,1405.0,866.0,539.0,14720.0,7.0,7.0,7.0,12.99,3804.0,2333.0,1471.0,18524.0,18.0,18.0,19.0,12.24,,,,,,,,,,,,,,,,,,,,,,,,,
321d4798-98f1-415d-92a8-86152db71311,2025-11-28 17:06:47 UTC,False,19130.0,CFOP,Gan 12 UI Maglev,RandomForest,6944.0,19130.0,,,gan12,custom_rules,,,,8.0,0.0,0.0,19130.0,71.0,71.0,76.0,3.71,6214.0,12916.0,5862.0,0.0,5862.0,5862.0,15.0,15.0,15.0,2.56,1843.0,901.0,942.0,7705.0,8.0,8.0,9.0,8.49,3094.0,1701.0,1393.0,10799.0,7.0,7.0,7.0,5.03,2729.0,1344.0,1385.0,13528.0,7.0,7.0,8.0,5.05,1378.0,604.0,774.0,14906.0,8.0,8.0,8.0,10.34,1385.0,797.0,588.0,16291.0,8.0,8.0,10.0,13.61,2839.0,867.0,1972.0,19130.0,18.0,18.0,19.0,9.13,,,,,,,,,,,,,,,,,,,,,,,,,
72b61ab8-4164-4c31-9de5-c583c8034368,2025-11-28 17:07:28 UTC,False,21820.0,CFOP,Gan 12 UI Maglev,RandomForest,8274.0,21820.0,,,gan12,custom_rules,,,,8.0,0.0,0.0,21820.0,80.0,80.0,91.0,3.67,5426.0,16330.0,2289.0,0.0,2289.0,2353.0,7.0,7.0,8.0,3.06,6537.0,363.0,6174.0,8890.0,20.0,20.0,22.0,3.24,3189.0,112.0,3077.0,12079.0,10.0,10.0,12.0,3.25,1491.0,1233.0,258.0,13570.0,4.0,4.0,5.0,15.5,1995.0,1552.0,443.0,15565.0,8.0,8.0,8.0,18.06,3030.0,814.0,2216.0,18595.0,14.0,14.0,17.0,6.32,3225.0,1352.0,1873.0,21820.0,18.0,18.0,19.0,9.61,,,,,,,,,,,,,,,,,,,,,,,,,
76786bdd-acb6-4639-81d3-ee178a6829ff,2025-11-28 19:06:33 UTC,False,12520.0,CFOP,Gan 12 UI Maglev,RandomForest,7191.0,12520.0,,,gan12,custom_rules,,,,8.0,0.0,0.0,12520.0,59.0,59.0,68.0,4.71,4350.0,8170.0,1442.0,0.0,1442.0,1442.0,6.0,6.0,7.0,4.16,1797.0,558.0,1239.0,3239.0,8.0,8.0,8.0,6.46,1940.0,679.0,1261.0,5179.0,7.0,7.0,8.0,5.55,1559.0,339.0,1220.0,6738.0,8.0,8.0,8.0,6.56,1080.0,935.0,145.0,7818.0,4.0,4.0,6.0,27.59,2097.0,935.0,1162.0,9915.0,10.0,10.0,14.0,8.61,2605.0,904.0,1701.0,12520.0,17.0,17.0,17.0,9.99,,,,,,,,,,,,,,,,,,,,,,,,,
b51321b2-57cb-4d96-bd8a-c6156c48bac0,2025-11-28 19:07:27 UTC,False,17275.0,CFOP,Gan 12 UI Maglev,RandomForest,13254.0,17275.0,,,gan12,custom_rules,,,,8.0,0.0,0.0,17275.0,72.0,74.0,85.0,4.17,6400.0,10875.0,3086.0,0.0,3086.0,3086.0,8.0,8.0,10.0,2.59,1490.0,709.0,781.0,4576.0,6.0,7.0,8.0,7.68,2004.0,795.0,1209.0,6580.0,9.0,9.0,12.0,7.44,2225.0,1112.0,1113.0,8805.0,8.0,8.0,9.0,7.19,1721.0,1141.0,580.0,10526.0,8.0,8.0,8.0,13.79,2659.0,839.0,1820.0,13185.0,17.0,17.0,17.0,9.34,4090.0,1804.0,2286.0,17275.0,16.0,17.0,21.0,7.0,,,,,,,,,,,,,,,,,,,,,,,,,
94e81c29-c24d-4faa-a389-298efcfd6405,2025-11-28 19:08:11 UTC,False,19692.0,CFOP,Gan 12 UI Maglev,RandomForest,12597.0,19692.0,,,gan12,custom_rules,,,,8.0,0.0,0.0,19692.0,78.0,80.0,90.0,3.96,6257.0,13435.0,2751.0,0.0,2751.0,2751.0,9.0,9.0,10.0,3.27,3507.0,691.0,2816.0,6258.0,9.0,10.0,11.0,3.2,2607.0,1286.0,1321.0,8865.0,8.0,9.0,10.0,6.06,1807.0,1017.0,790.0,10672.0,12.0,12.0,12.0,15.19,3942.0,737.0,3205.0,14614.0,13.0,13.0,16.0,4.06,3194.0,1753.0,1441.0,17808.0,12.0,12.0,14.0,8.33,1884.0,773.0,1111.0,19692.0,15.0,15.0,17.0,13.5,,,,,,,,,,,,,,,,,,,,,,,,,
99381d5d-8115-46d4-918c-35a638ee67d3,2025-11-28 19:08:41 UTC,False,17999.0,CFOP,Gan 12 UI Maglev,RandomForest,4122.0,17999.0,,,gan12,custom_rules,,,,8.0,0.0,0.0,17999.0,71.0,74.0,83.0,3.94,6294.0,11705.0,1104.0,0.0,1104.0,1104.0,6.0,6.0,7.0,5.43,1373.0,471.0,902.0,2477.0,8.0,8.0,8.0,8.87,3785.0,556.0,3229.0,6262.0,14.0,14.0,16.0,4.34,3209.0,1337.0,1872.0,9471.0,12.0,12.0,13.0,6.41,2442.0,1185.0,1257.0,11913.0,7.0,7.0,8.0,5.57,2042.0,915.0,1127.0,13955.0,10.0,11.0,11.0,8.87,4044.0,1830.0,2214.0,17999.0,16.0,17.0,20.0,7.23,,,,,,,,,,,,,,,,,,,,,,,,,
a6ef2839-e8f1-4e13-8172-1d89b23e66de,2025-11-28 19:09:23 UTC,False,17051.0,CFOP,Gan 12 UI Maglev,RandomForest,15104.0,17051.0,,,gan12,custom_rules,,,,8.0,0.0,0.0,17051.0,69.0,74.0,85.0,4.05,5537.0,11514.0,2039.0,0.0,2039.0,2039.0,6.0,7.0,7.0,2.94,4248.0,870.0,3378.0,6287.0,23.0,23.0,25.0,6.81,3240.0,557.0,2683.0,9527.0,9.0,9.0,9.0,3.35,1429.0,1163.0,266.0,10956.0,5.0,5.0,6.0,18.8,2250.0,995.0,1255.0,13206.0,8.0,8.0,10.0,6.37,1634.0,909.0,725.0,14840.0,9.0,9.0,10.0,12.41,2211.0,1043.0,1168.0,17051.0,9.0,13.0,18.0,7.71,,,,,,,,,,,,,,,,,,,,,,,,,
f66fa292-4239-4583-bfee-09bb9331aead,2025-11-28 19:09:52 UTC,False,11558.0,CFOP,Gan 12 UI Maglev,RandomForest,6100.0,11558.0,,,gan12,custom_rules,,,,8.0,0.0,0.0,11558.0,57.0,59.0,65.0,4.93,4658.0,6900.0,347.0,0.0,347.0,347.0,3.0,3.0,3.0,8.65,1311.0,338.0,973.0,1658.0,6.0,6.0,6.0,6.17,2962.0,1152.0,1810.0,4620.0,11.0,12.0,14.0,6.08,1055.0,338.0,717.0,5675.0,7.0,7.0,8.0,9.76,2316.0,979.0,1337.0,7991.0,10.0,10.0,10.0,7.48,1318.0,633.0,685.0,9309.0,8.0,8.0,9.0,11.68,2249.0,1218.0,1031.0,11558.0,12.0,13.0,15.0,11.64,,,,,,,,,,,,,,,,,,,,,,,,,
2013d921-411a-46f2-aabf-3b899315353b,2025-11-28 19:10:31 UTC,False,16206.0,CFOP,Gan 12 UI Maglev,RandomForest,10543.0,16206.0,,,gan12,custom_rules,,,,8.0,0.0,0.0,16206.0,69.0,69.0,77.0,4.26,7317.0,8889.0,2522.0,0.0,2522.0,2522.0,15.0,15.0,17.0,5.95,0.0,0.0,0.0,2522.0,0.0,0.0,0.0,0.0,2094.0,1054.0,1040.0,4616.0,8.0,8.0,8.0,7.69,2396.0,895.0,1501.0,7012.0,14.0,14.0,14.0,9.33,3695.0,2792.0,903.0,10707.0,8.0,8.0,8.0,8.86,1757.0,718.0,1039.0,12464.0,11.0,11.0,12.0,10.59,3742.0,1858.0,1884.0,16206.0,14.0,14.0,18.0,7.43,,,,,,,,,,,,,,,,,,,,,,,,,
dfd9b089-141b-47a5-b7d9-a3044c743f3d,2025-11-28 19:11:09 UTC,False,19209.0,CFOP,Gan 12 UI Maglev,RandomForest,7097.0,19209.0,,,gan12,custom_rules,,,,8.0,0.0,0.0,19209.0,83.0,83.0,91.0,4.32,6225.0,12984.0,774.0,0.0,774.0,774.0,6.0,6.0,7.0,7.75,1342.0,516.0,826.0,2116.0,7.0,7.0,8.0,8.47,6240.0,1876.0,4364.0,8356.0,18.0,18.0,19.0,4.12,3094.0,1394.0,1700.0,11450.0,9.0,9.0,11.0,5.29,1577.0,532.0,1045.0,13027.0,8.0,8.0,9.0,7.66,2447.0,1145.0,1302.0,15474.0,17.0,17.0,18.0,13.06,3735.0,762.0,2973.0,19209.0,18.0,18.0,19.0,6.05,,,,,,,,,,,,,,,,,,,,,,,,,
289bfe75-28a8-4260-a050-5ba1f0013576,2025-11-28 19:11:51 UTC,False,18779.0,CFOP,Gan 12 UI Maglev,RandomForest,15956.0,18779.0,,,gan12,custom_rules,,,,8.0,0.0,0.0,18779.0,68.0,70.0,79.0,3.62,5391.0,13388.0,3940.0,0.0,3940.0,3940.0,14.0,15.0,17.0,3.55,0.0,0.0,0.0,3940.0,0.0,0.0,0.0,0.0,4078.0,869.0,3209.0,8018.0,12.0,12.0,13.0,3.74,1774.0,469.0,1305.0,9792.0,10.0,10.0,11.0,7.66,2374.0,1818.0,556.0,12166.0,8.0,8.0,8.0,14.39,2760.0,870.0,1890.0,14926.0,10.0,10.0,11.0,5.29,3853.0,1365.0,2488.0,18779.0,15.0,16.0,19.0,6.03,,,,,,,,,,,,,,,,,,,,,,,,,
6a2e6f39-4046-41e8-8227-95587257b1b5,2025-11-28 19:12:24 UTC,False,15626.0,CFOP,Gan 12 UI Maglev,RandomForest,8314.0,15626.0,,,gan12,custom_rules,,,,8.0,0.0,0.0,15626.0,68.0,70.0,78.0,4.35,5746.0,9880.0,1765.0,0.0,1765.0,1765.0,7.0,7.0,8.0,3.97,2351.0,1193.0,1158.0,4116.0,9.0,9.0,11.0,7.77,1369.0,443.0,926.0,5485.0,6.0,6.0,6.0,6.48,2717.0,863.0,1854.0,8202.0,11.0,11.0,14.0,5.93,2239.0,1297.0,942.0,10441.0,8.0,8.0,8.0,8.49,3172.0,1137.0,2035.0,13613.0,12.0,14.0,14.0,5.9,2013.0,813.0,1200.0,15626.0,15.0,15.0,17.0,12.5,,,,,,,,,,,,,,,,,,,,,,,,,
1a7e2f37-188e-4e69-9dbd-73c991e76941,2025-11-28 19:13:23 UTC,False,15842.0,CFOP,Gan 12 UI Maglev,RandomForest,34119.0,15842.0,,,gan12,custom_rules,,,,8.0,0.0,0.0,15842.0,61.0,65.0,75.0,3.85,8088.0,7754.0,2732.0,0.0,2732.0,2732.0,8.0,10.0,15.0,2.93,546.0,355.0,191.0,3278.0,3.0,3.0,3.0,15.71,2079.0,976.0,1103.0,5357.0,8.0,8.0,9.0,7.25,4243.0,3486.0,757.0,9600.0,8.0,8.0,9.0,10.57,1708.0,1160.0,548.0,11308.0,8.0,8.0,8.0,14.6,1794.0,750.0,1044.0,13102.0,12.0,12.0,13.0,11.49,2740.0,1361.0,1379.0,15842.0,14.0,16.0,18.0,10.15,,,,,,,,,,,,,,,,,,,,,,,,,
0d70ef52-c08d-4bef-b549-4d51deb0b51c,2025-11-28 19:13:58 UTC,False,16522.0,CFOP,Gan 12 UI Maglev,RandomForest,11069.0,16522.0,,,gan12,custom_rules,,,,8.0,0.0,0.0,16522.0,70.0,73.0,81.0,4.24,6056.0,10466.0,1306.0,0.0,1306.0,1306.0,6.0,6.0,6.0,4.59,1541.0,654.0,887.0,2847.0,8.0,8.0,10.0,9.02,3085.0,88.0,2997.0,5932.0,12.0,12.0,12.0,4.0,1547.0,710.0,837.0,7479.0,9.0,10.0,10.0,10.75,1752.0,1075.0,677.0,9231.0,8.0,8.0,9.0,11.82,3733.0,1716.0,2017.0,12964.0,11.0,12.0,13.0,5.45,3558.0,1813.0,1745.0,16522.0,17.0,18.0,21.0,9.74,,,,,,,,,,,,,,,,,,,,,,,,,
370f1655-6086-4b5d-b454-03d957799312,2025-11-28 19:14:35 UTC,False,18883.0,CFOP,Gan 12 UI Maglev,RandomForest,10182.0,18883.0,,,gan12,custom_rules,,,,8.0,0.0,0.0,18883.0,66.0,71.0,82.0,3.5,7402.0,11481.0,2474.0,0.0,2474.0,2474.0,6.0,6.0,7.0,2.43,3340.0,2080.0,1260.0,5814.0,8.0,8.0,10.0,6.35,894.0,692.0,202.0,6708.0,3.0,3.0,3.0,14.85,2495.0,1488.0,1007.0,9203.0,8.0,8.0,9.0,7.94,4948.0,971.0,3977.0,14151.0,16.0,16.0,19.0,4.02,1758.0,733.0,1025.0,15909.0,13.0,13.0,13.0,12.68,2974.0,1438.0,1536.0,18883.0,12.0,17.0,21.0,7.81,,,,,,,,,,,,,,,,,,,,,,,,,
a7208cc3-985a-430f-a003-b79f07c2548e,2025-11-28 19:15:07 UTC,False,13033.0,CFOP,Gan 12 UI Maglev,RandomForest,3940.0,13033.0,,,gan12,custom_rules,,,,8.0,0.0,0.0,13033.0,52.0,55.0,59.0,3.99,6877.0,6156.0,1624.0,0.0,1624.0,1624.0,6.0,6.0,7.0,3.69,1962.0,1007.0,955.0,3586.0,8.0,8.0,8.0,8.38,2525.0,1542.0,983.0,6111.0,8.0,8.0,9.0,8.14,2205.0,1242.0,963.0,8316.0,9.0,10.0,12.0,9.35,2596.0,2160.0,436.0,10912.0,9.0,9.0,9.0,20.64,2121.0,926.0,1195.0,13033.0,12.0,14.0,14.0,10.04,0.0,0.0,0.0,13033.0,0.0,0.0,0.0,0.0,,,,,,,,,,,,,,,,,,,,,,,,,
fe37c5fa-935d-468b-a230-7fd97283d433,2025-11-28 19:16:21 UTC,False,13402.0,CFOP,Gan 12 UI Maglev,RandomForest,10878.0,13402.0,,,gan12,custom_rules,,,,8.0,0.0,0.0,13402.0,68.0,68.0,74.0,5.07,4993.0,8409.0,1666.0,0.0,1666.0,1666.0,8.0,8.0,8.0,4.8,1048.0,387.0,661.0,2714.0,6.0,6.0,8.0,9.08,1641.0,553.0,1088.0,4355.0,7.0,7.0,8.0,6.43,1603.0,862.0,741.0,5958.0,8.0,8.0,9.0,10.8,1473.0,692.0,781.0,7431.0,8.0,8.0,8.0,10.24,2150.0,1248.0,902.0,9581.0,11.0,11.0,11.0,12.2,3821.0,1251.0,2570.0,13402.0,20.0,20.0,22.0,7.78,,,,,,,,,,,,,,,,,,,,,,,,,
a7077060-6b94-44f3-948a-15a2b1263c68,2025-11-28 19:17:11 UTC,False,17703.0,CFOP,Gan 12 UI Maglev,RandomForest,18660.0,17703.0,,,gan12,custom_rules,,,,8.0,0.0,0.0,17703.0,68.0,70.0,76.0,3.84,6569.0,11134.0,3216.0,0.0,3216.0,3216.0,7.0,7.0,8.0,2.18,1218.0,904.0,314.0,4434.0,4.0,4.0,4.0,12.74,3025.0,1592.0,1433.0,7459.0,8.0,8.0,9.0,5.58,1511.0,685.0,826.0,8970.0,5.0,5.0,6.0,6.05,2589.0,694.0,1895.0,11559.0,12.0,12.0,13.0,6.33,2470.0,1396.0,1074.0,14029.0,12.0,14.0,15.0,11.17,3674.0,1298.0,2376.0,17703.0,20.0,20.0,21.0,8.42,,,,,,,,,,,,,,,,,,,,,,,,,
46dbf3a3-a58f-4e53-a939-21b4dbb6f754,2025-11-28 19:17:47 UTC,False,20627.0,CFOP,Gan 12 UI Maglev,RandomForest,7415.0,20627.0,,,gan12,custom_rules,,,,8.0,0.0,0.0,20627.0,85.0,87.0,97.0,4.12,6292.0,14335.0,1965.0,0.0,1965.0,1965.0,6.0,6.0,7.0,3.05,3951.0,1056.0,2895.0,5916.0,9.0,9.0,10.0,3.11,2548.0,1020.0,1528.0,8464.0,11.0,11.0,13.0,7.2,2102.0,621.0,1481.0,10566.0,10.0,10.0,10.0,6.75,3417.0,954.0,2463.0,13983.0,20.0,20.0,20.0,8.12,2106.0,986.0,1120.0,16089.0,9.0,10.0,12.0,8.04,4538.0,1655.0,2883.0,20627.0,20.0,21.0,25.0,6.94,,,,,,,,,,,,,,,,,,,,,,,,,
083279bb-4a9b-4767-830b-a7b10bfb43a5,2025-11-28 19:18:20 UTC,False,17367.0,CFOP,Gan 12 UI Maglev,RandomForest,5613.0,17367.0,,,gan12,custom_rules,,,,8.0,0.0,0.0,17367.0,60.0,62.0,66.0,3.45,7680.0,9687.0,4324.0,0.0,4324.0,4324.0,8.0,8.0,8.0,1.85,2051.0,1567.0,484.0,6375.0,8.0,8.0,8.0,16.53,3506.0,2110.0,1396.0,9881.0,10.0,10.0,11.0,7.16,1499.0,862.0,637.0,11380.0,5.0,5.0,6.0,7.85,1903.0,959.0,944.0,13283.0,6.0,7.0,7.0,6.36,1574.0,947.0,627.0,14857.0,7.0,7.0,7.0,11.16,2510.0,1235.0,1275.0,17367.0,16.0,17.0,19.0,12.55,,,,,,,,,,,,,,,,,,,,,,,,,
c3d64239-123d-4d91-b4eb-2f0f52ee58a0,2025-11-28 19:19:15 UTC,False,15327.0,CFOP,Gan 12 UI Maglev,RandomForest,21594.0,15327.0,,,gan12,custom_rules,,,,8.0,0.0,0.0,15327.0,55.0,56.0,65.0,3.59,5936.0,9391.0,5086.0,0.0,5086.0,5086.0,13.0,13.0,16.0,2.56,0.0,0.0,0.0,5086.0,0.0,0.0,0.0,0.0,2325.0,1277.0,1048.0,7411.0,9.0,9.0,11.0,8.59,2397.0,1890.0,507.0,9808.0,6.0,6.0,7.0,11.83,1496.0,988.0,508.0,11304.0,4.0,4.0,4.0,7.87,1689.0,935.0,754.0,12993.0,8.0,8.0,10.0,10.61,2334.0,846.0,1488.0,15327.0,15.0,16.0,17.0,10.08,,,,,,,,,,,,,,,,,,,,,,,,,
b25d7e8d-d199-42fa-898c-6165666a55a8,2025-11-28 19:20:02 UTC,False,19104.0,CFOP,Gan 12 UI Maglev,RandomForest,10276.0,19104.0,,,gan12,custom_rules,,,,8.0,0.0,0.0,19104.0,84.0,86.0,94.0,4.4,6524.0,12492.0,5182.0,0.0,5182.0,5270.0,21.0,21.0,24.0,4.05,0.0,0.0,0.0,5270.0,0.0,0.0,0.0,0.0,1954.0,722.0,1232.0,7224.0,8.0,8.0,9.0,6.49,2972.0,1868.0,1104.0,10196.0,7.0,7.0,8.0,6.34,3116.0,1610.0,1506.0,13312.0,15.0,15.0,15.0,9.96,2950.0,1133.0,1817.0,16262.0,17.0,17.0,17.0,9.36,2842.0,1191.0,1651.0,19104.0,16.0,18.0,21.0,9.69,,,,,,,,,,,,,,,,,,,,,,,,,
8a704276-8dc7-4a78-9901-775713be4d64,2025-11-28 19:20:59 UTC,False,21823.0,CFOP,Gan 12 UI Maglev,RandomForest,27541.0,21823.0,,,gan12,custom_rules,,,,8.0,0.0,0.0,21823.0,77.0,78.0,91.0,3.53,7638.0,14185.0,1807.0,0.0,1807.0,1807.0,6.0,6.0,9.0,3.32,4676.0,379.0,4297.0,6483.0,11.0,11.0,11.0,2.56,3028.0,2045.0,983.0,9511.0,9.0,9.0,10.0,9.16,2927.0,2073.0,854.0,12438.0,8.0,8.0,9.0,9.37,2627.0,581.0,2046.0,15065.0,9.0,9.0,11.0,4.4,3201.0,1359.0,1842.0,18266.0,15.0,15.0,18.0,8.14,3557.0,1201.0,2356.0,21823.0,19.0,20.0,23.0,8.06,,,,,,,,,,,,,,,,,,,,,,,,,
5a58b4be-216e-4fca-a975-c746530e3087,2025-11-28 19:21:45 UTC,False,20797.0,CFOP,Gan 12 UI Maglev,RandomForest,14571.0,20797.0,,,gan12,custom_rules,,,,8.0,0.0,0.0,20797.0,76.0,78.0,93.0,3.65,6380.0,14417.0,5589.0,0.0,5589.0,5589.0,17.0,18.0,22.0,3.04,0.0,0.0,0.0,5589.0,0.0,0.0,0.0,0.0,3664.0,1597.0,2067.0,9253.0,11.0,11.0,13.0,5.32,3166.0,250.0,2916.0,12419.0,11.0,11.0,12.0,3.77,1858.0,958.0,900.0,14277.0,8.0,8.0,10.0,8.89,2020.0,907.0,1113.0,16297.0,12.0,12.0,14.0,10.78,4500.0,2668.0,1832.0,20797.0,18.0,19.0,22.0,9.83,,,,,,,,,,,,,,,,,,,,,,,,,
9f24f1a6-40c0-4f41-ac76-0d74abb3a611,2025-11-28 19:22:45 UTC,False,35458.0,CFOP,Gan 12 UI Maglev,RandomForest,7925.0,35458.0,,,gan12,custom_rules,,,,8.0,0.0,0.0,35458.0,119.0,121.0,135.0,3.36,5969.0,29416.0,7446.0,0.0,7446.0,7519.0,11.0,11.0,12.0,1.48,1978.0,939.0,1039.0,9497.0,8.0,8.0,9.0,7.7,2998.0,1453.0,1545.0,12495.0,10.0,10.0,13.0,6.47,1614.0,604.0,1010.0,14109.0,8.0,8.0,10.0,7.92,1860.0,789.0,1071.0,15969.0,8.0,8.0,9.0,7.47,1889.0,1100.0,789.0,17858.0,8.0,8.0,9.0,10.14,17600.0,1084.0,16516.0,35458.0,66.0,68.0,73.0,4.0,,,,,,,,,,,,,,,,,,,,,,,,,
a05c2189-6f36-47f8-8a81-9291b3a05173,2025-11-28 19:23:15 UTC,False,13825.0,CFOP,Gan 12 UI Maglev,RandomForest,6480.0,13825.0,,,gan12,custom_rules,,,,8.0,0.0,0.0,13825.0,64.0,65.0,75.0,4.63,6646.0,7179.0,1600.0,0.0,1600.0,1600.0,6.0,6.0,7.0,3.75,1886.0,718.0,1168.0,3486.0,7.0,7.0,8.0,5.99,1894.0,1313.0,581.0,5380.0,8.0,8.0,10.0,13.77,1847.0,652.0,1195.0,7227.0,14.0,14.0,15.0,11.72,2845.0,1969.0,876.0,10072.0,9.0,9.0,11.0,10.27,1340.0,588.0,752.0,11412.0,8.0,8.0,8.0,10.64,2413.0,1406.0,1007.0,13825.0,13.0,14.0,16.0,12.91,,,,,,,,,,,,,,,,,,,,,,,,,
a91615dc-0672-42f7-a45d-f457253c2670,2025-11-28 19:23:48 UTC,False,17628.0,CFOP,Gan 12 UI Maglev,RandomForest,5004.0,17628.0,,,gan12,custom_rules,,,,8.0,0.0,0.0,17628.0,64.0,66.0,74.0,3.63,5416.0,12212.0,4267.0,0.0,4267.0,4267.0,6.0,6.0,7.0,1.41,2520.0,1860.0,660.0,6787.0,6.0,6.0,7.0,9.09,2014.0,298.0,1716.0,8801.0,11.0,11.0,12.0,6.41,2301.0,447.0,1854.0,11102.0,10.0,10.0,10.0,5.39,1593.0,942.0,651.0,12695.0,8.0,8.0,10.0,12.29,1576.0,515.0,1061.0,14271.0,8.0,8.0,8.0,7.54,3357.0,1354.0,2003.0,17628.0,16.0,18.0,20.0,7.99,,,,,,,,,,,,,,,,,,,,,,,,,
9af23280-ac1c-45ad-9be1-1882c7945ef6,2025-11-28 19:24:32 UTC,False,24218.0,CFOP,Gan 12 UI Maglev,RandomForest,10607.0,24218.0,,,gan12,custom_rules,,,,8.0,0.0,0.0,24218.0,72.0,81.0,94.0,2.97,2609.0,21609.0,18852.0,0.0,18852.0,18852.0,49.0,53.0,57.0,2.6,0.0,0.0,0.0,18852.0,0.0,0.0,0.0,0.0,0.0,0.0,0.0,18852.0,0.0,0.0,0.0,0.0,0.0,0.0,0.0,18852.0,0.0,0.0,0.0,0.0,0.0,0.0,0.0,18852.0,0.0,0.0,0.0,0.0,2530.0,1231.0,1299.0,21382.0,13.0,13.0,14.0,10.01,2836.0,1378.0,1458.0,24218.0,10.0,15.0,23.0,6.86,,,,,,,,,,,,,,,,,,,,,,,,,
302e8ba4-2a5d-43ce-af10-1a546bd36ef2,2025-11-28 19:25:35 UTC,False,17398.0,CFOP,Gan 12 UI Maglev,RandomForest,35905.0,17398.0,,,gan12,custom_rules,,,,8.0,0.0,0.0,17398.0,74.0,74.0,85.0,4.25,6350.0,11048.0,959.0,0.0,959.0,959.0,4.0,4.0,5.0,4.17,2637.0,1492.0,1145.0,3596.0,8.0,8.0,9.0,6.99,4627.0,1758.0,2869.0,8223.0,14.0,14.0,17.0,4.88,1552.0,231.0,1321.0,9775.0,11.0,11.0,12.0,8.33,2345.0,1080.0,1265.0,12120.0,11.0,11.0,12.0,8.7,2472.0,919.0,1553.0,14592.0,10.0,10.0,13.0,6.44,2806.0,870.0,1936.0,17398.0,16.0,16.0,17.0,8.26,,,,,,,,,,,,,,,,,,,,,,,,,
fe7d0cdc-8fb1-4db8-a2b3-0c28f2d557fe,2025-11-28 19:26:13 UTC,False,17486.0,CFOP,Gan 12 UI Maglev,RandomForest,11885.0,17486.0,,,gan12,custom_rules,,,,8.0,0.0,0.0,17486.0,71.0,73.0,81.0,4.06,6884.0,10602.0,3793.0,0.0,3793.0,3793.0,12.0,12.0,12.0,3.16,2548.0,564.0,1984.0,6341.0,10.0,10.0,12.0,5.04,2080.0,1863.0,217.0,8421.0,5.0,5.0,6.0,23.04,1184.0,893.0,291.0,9605.0,5.0,5.0,6.0,17.18,2949.0,1330.0,1619.0,12554.0,13.0,13.0,14.0,8.03,2458.0,1250.0,1208.0,15012.0,12.0,12.0,13.0,9.93,2474.0,984.0,1490.0,17486.0,14.0,16.0,18.0,9.4,,,,,,,,,,,,,,,,,,,,,,,,,
cd0006c4-3c7a-4c99-92e5-bd36e2e12277,2025-11-28 19:27:00 UTC,False,20087.0,CFOP,Gan 12 UI Maglev,RandomForest,19033.0,20087.0,,,gan12,custom_rules,,,,8.0,0.0,0.0,20087.0,86.0,86.0,94.0,4.28,6863.0,13224.0,1635.0,0.0,1635.0,1635.0,6.0,6.0,6.0,3.67,2505.0,822.0,1683.0,4140.0,10.0,10.0,14.0,5.94,2380.0,1172.0,1208.0,6520.0,7.0,7.0,7.0,5.79,2616.0,600.0,2016.0,9136.0,12.0,12.0,13.0,5.95,1772.0,1112.0,660.0,10908.0,9.0,9.0,10.0,13.64,5419.0,1101.0,4318.0,16327.0,25.0,25.0,27.0,5.79,3760.0,2056.0,1704.0,20087.0,17.0,17.0,17.0,9.98,,,,,,,,,,,,,,,,,,,,,,,,,
ee0fb6eb-7a61-49f7-b78e-23c9e0053b22,2025-11-28 19:27:28 UTC,False,13690.0,CFOP,Gan 12 UI Maglev,RandomForest,5466.0,13690.0,,,gan12,custom_rules,,,,8.0,0.0,0.0,13690.0,64.0,64.0,72.0,4.67,4554.0,9136.0,1725.0,0.0,1725.0,1725.0,6.0,6.0,7.0,3.48,1241.0,371.0,870.0,2966.0,5.0,5.0,5.0,5.75,2627.0,1314.0,1313.0,5593.0,9.0,9.0,10.0,6.85,2271.0,595.0,1676.0,7864.0,11.0,11.0,13.0,6.56,1818.0,609.0,1209.0,9682.0,7.0,7.0,8.0,5.79,1770.0,667.0,1103.0,11452.0,12.0,12.0,13.0,10.88,2238.0,998.0,1240.0,13690.0,15.0,15.0,16.0,12.1,,,,,,,,,,,,,,,,,,,,,,,,,
6c7e5014-21fc-4a34-b9fc-579a88226be6,2025-11-28 19:28:06 UTC,False,20575.0,CFOP,Gan 12 UI Maglev,RandomForest,8966.0,20575.0,,,gan12,custom_rules,,,,8.0,0.0,0.0,20575.0,68.0,70.0,84.0,3.3,6399.0,14176.0,5301.0,0.0,5301.0,5301.0,10.0,10.0,11.0,1.89,2375.0,443.0,1932.0,7676.0,7.0,7.0,9.0,3.62,1754.0,684.0,1070.0,9430.0,8.0,8.0,10.0,7.48,2362.0,1154.0,1208.0,11792.0,8.0,8.0,9.0,6.62,1241.0,934.0,307.0,13033.0,4.0,4.0,4.0,13.03,3663.0,1144.0,2519.0,16696.0,16.0,18.0,22.0,6.35,3879.0,2040.0,1839.0,20575.0,16.0,16.0,19.0,8.7,,,,,,,,,,,,,,,,,,,,,,,,,
e2360550-bfab-4592-9aa0-6d7fe61104e0,2025-11-28 19:28:33 UTC,False,15324.0,CFOP,Gan 12 UI Maglev,RandomForest,3693.0,15324.0,,,gan12,custom_rules,,,,8.0,0.0,0.0,15324.0,69.0,74.0,84.0,4.5,5971.0,9289.0,1144.0,0.0,1144.0,1208.0,7.0,7.0,8.0,6.12,3287.0,2441.0,846.0,4495.0,8.0,8.0,8.0,9.46,2883.0,729.0,2154.0,7378.0,12.0,13.0,15.0,5.57,1128.0,448.0,680.0,8506.0,7.0,7.0,8.0,10.29,1152.0,418.0,734.0,9658.0,7.0,7.0,7.0,9.54,2569.0,813.0,1756.0,12227.0,18.0,18.0,18.0,10.25,3097.0,1122.0,1975.0,15324.0,11.0,15.0,20.0,5.57,,,,,,,,,,,,,,,,,,,,,,,,,
a11cadc2-b88d-4f4e-81ff-3f0838010d48,2025-11-28 19:29:05 UTC,False,17900.0,CFOP,Gan 12 UI Maglev,RandomForest,5517.0,17900.0,,,gan12,custom_rules,,,,8.0,0.0,0.0,17900.0,80.0,82.0,92.0,4.47,6764.0,11136.0,1580.0,0.0,1580.0,1580.0,7.0,7.0,7.0,4.43,2457.0,1168.0,1289.0,4037.0,12.0,12.0,13.0,9.31,2180.0,1512.0,668.0,6217.0,8.0,8.0,9.0,11.98,1787.0,570.0,1217.0,8004.0,14.0,15.0,15.0,11.5,2077.0,1102.0,975.0,10081.0,10.0,10.0,10.0,10.26,1678.0,905.0,773.0,11759.0,9.0,9.0,10.0,11.64,6141.0,1507.0,4634.0,17900.0,20.0,21.0,28.0,4.32,,,,,,,,,,,,,,,,,,,,,,,,,
41e885a3-be38-41e4-9ecc-b33d53975f01,2025-11-28 19:29:40 UTC,False,15315.0,CFOP,Gan 12 UI Maglev,RandomForest,10281.0,15315.0,,,gan12,custom_rules,,,,8.0,0.0,0.0,15315.0,68.0,68.0,84.0,4.44,4020.0,11295.0,1523.0,0.0,1523.0,1523.0,7.0,7.0,7.0,4.6,1286.0,343.0,943.0,2809.0,7.0,7.0,7.0,7.42,2882.0,96.0,2786.0,5691.0,12.0,12.0,13.0,4.31,2511.0,258.0,2253.0,8202.0,9.0,9.0,11.0,3.99,1993.0,1139.0,854.0,10195.0,7.0,7.0,9.0,8.2,1939.0,1037.0,902.0,12134.0,11.0,11.0,15.0,12.2,3181.0,1147.0,2034.0,15315.0,17.0,17.0,22.0,8.36,,,,,,,,,,,,,,,,,,,,,,,,,
a4e7963d-12b2-4a7d-9a86-a0b3c9e2ff10,2025-11-28 19:30:31 UTC,False,30537.0,CFOP,Gan 12 UI Maglev,RandomForest,13080.0,30537.0,,,gan12,custom_rules,,,,8.0,0.0,0.0,30537.0,113.0,114.0,125.0,3.7,6670.0,23867.0,2519.0,0.0,2519.0,2519.0,9.0,9.0,11.0,3.57,3122.0,1428.0,1694.0,5641.0,12.0,13.0,13.0,7.08,4141.0,480.0,3661.0,9782.0,10.0,10.0,11.0,2.73,1295.0,449.0,846.0,11077.0,8.0,8.0,10.0,9.46,5659.0,1898.0,3761.0,16736.0,17.0,17.0,17.0,4.52,10722.0,1151.0,9571.0,27458.0,40.0,40.0,42.0,4.18,3079.0,1264.0,1815.0,30537.0,17.0,17.0,21.0,9.37,,,,,,,,,,,,,,,,,,,,,,,,,
5d826cf9-3b1d-4aa1-90e0-a783c67df5c7,2025-11-28 19:31:28 UTC,False,17288.0,CFOP,Gan 12 UI Maglev,RandomForest,29162.0,17288.0,,,gan12,custom_rules,,,,8.0,0.0,0.0,17288.0,69.0,76.0,99.0,3.99,7173.0,10115.0,1648.0,0.0,1648.0,1648.0,8.0,8.0,9.0,4.85,2623.0,1407.0,1216.0,4271.0,7.0,7.0,7.0,5.76,2101.0,1005.0,1096.0,6372.0,9.0,9.0,11.0,8.21,2392.0,1537.0,855.0,8764.0,7.0,7.0,7.0,8.19,2250.0,1211.0,1039.0,11014.0,12.0,12.0,14.0,11.55,2729.0,877.0,1852.0,13743.0,11.0,11.0,17.0,5.94,3545.0,1136.0,2409.0,17288.0,15.0,22.0,34.0,6.23,,,,,,,,,,,,,,,,,,,,,,,,,
f23cf24c-76a7-44b7-b682-f2ee45ec32f2,2025-11-28 19:32:03 UTC,False,17117.0,CFOP,Gan 12 UI Maglev,RandomForest,6876.0,17117.0,,,gan12,custom_rules,,,,8.0,0.0,0.0,17117.0,66.0,68.0,77.0,3.86,6802.0,10315.0,2648.0,0.0,2648.0,2648.0,7.0,7.0,9.0,2.64,3489.0,1151.0,2338.0,6137.0,12.0,12.0,12.0,5.13,1567.0,987.0,580.0,7704.0,8.0,8.0,9.0,13.79,3934.0,1876.0,2058.0,11638.0,8.0,8.0,10.0,3.89,613.0,460.0,153.0,12251.0,4.0,4.0,5.0,26.14,1872.0,871.0,1001.0,14123.0,12.0,12.0,13.0,11.99,2994.0,1457.0,1537.0,17117.0,15.0,17.0,19.0,9.76,,,,,,,,,,,,,,,,,,,,,,,,,
0a86707c-a0d1-488c-a178-6f2d53a9f55c,2025-11-28 19:32:44 UTC,False,20609.0,CFOP,Gan 12 UI Maglev,RandomForest,8012.0,20609.0,,,gan12,custom_rules,,,,8.0,0.0,0.0,20609.0,87.0,87.0,92.0,4.22,8031.0,12578.0,2237.0,0.0,2237.0,2237.0,10.0,10.0,10.0,4.47,3121.0,1912.0,1209.0,5358.0,8.0,8.0,8.0,6.62,2768.0,1903.0,865.0,8126.0,8.0,8.0,8.0,9.25,2590.0,668.0,1922.0,10716.0,8.0,8.0,11.0,4.16,1359.0,1085.0,274.0,12075.0,5.0,5.0,6.0,18.25,5022.0,909.0,4113.0,17097.0,30.0,30.0,30.0,7.29,3512.0,1554.0,1958.0,20609.0,18.0,18.0,19.0,9.19,,,,,,,,,,,,,,,,,,,,,,,,,
1244c822-2c1f-4a4d-96bb-245bcaa10616,2025-11-28 19:33:14 UTC,False,16476.0,CFOP,Gan 12 UI Maglev,RandomForest,4732.0,16476.0,,,gan12,custom_rules,,,,8.0,0.0,0.0,16476.0,57.0,59.0,69.0,3.46,7822.0,8541.0,1892.0,0.0,1892.0,2005.0,6.0,6.0,7.0,3.17,4349.0,2702.0,1647.0,6354.0,9.0,9.0,9.0,5.46,2277.0,1648.0,629.0,8631.0,4.0,4.0,4.0,6.36,2107.0,1044.0,1063.0,10738.0,8.0,8.0,11.0,7.53,861.0,217.0,644.0,11599.0,7.0,7.0,9.0,10.87,2259.0,1067.0,1192.0,13858.0,8.0,8.0,10.0,6.71,2618.0,1144.0,1474.0,16476.0,15.0,17.0,19.0,10.18,,,,,,,,,,,,,,,,,,,,,,,,,
db577217-d94d-420c-ab2c-1309f007bd11,2025-11-28 19:33:50 UTC,False,23015.0,CFOP,Gan 12 UI Maglev,RandomForest,4777.0,23015.0,,,gan12,custom_rules,,,,8.0,0.0,0.0,23015.0,71.0,72.0,82.0,3.08,8735.0,14280.0,3036.0,0.0,3036.0,3036.0,7.0,7.0,9.0,2.31,5372.0,572.0,4800.0,8408.0,17.0,17.0,18.0,3.54,1622.0,652.0,970.0,10030.0,7.0,7.0,8.0,7.22,3255.0,2594.0,661.0,13285.0,9.0,9.0,11.0,13.62,4457.0,2469.0,1988.0,17742.0,8.0,8.0,9.0,4.02,1692.0,749.0,943.0,19434.0,7.0,7.0,8.0,7.42,3581.0,1699.0,1882.0,23015.0,16.0,17.0,19.0,8.5,,,,,,,,,,,,,,,,,,,,,,,,,
afc82812-b54a-4772-bc3f-deaf39430194,2025-11-28 19:34:37 UTC,False,18563.0,CFOP,Gan 12 UI Maglev,RandomForest,18973.0,18563.0,,,gan12,custom_rules,,,,8.0,0.0,0.0,18563.0,56.0,64.0,73.0,3.02,8143.0,10420.0,2451.0,0.0,2451.0,2451.0,6.0,6.0,7.0,2.45,4516.0,3130.0,1386.0,6967.0,8.0,8.0,8.0,5.77,1575.0,621.0,954.0,8542.0,6.0,7.0,8.0,6.29,1370.0,475.0,895.0,9912.0,8.0,8.0,9.0,8.94,2183.0,1159.0,1024.0,12095.0,8.0,8.0,9.0,7.81,1979.0,794.0,1185.0,14074.0,10.0,11.0,11.0,8.44,4489.0,1964.0,2525.0,18563.0,10.0,16.0,21.0,3.96,,,,,,,,,,,,,,,,,,,,,,,,,
69067558-ebd1-4dbc-9472-6c742392fad3,2025-11-28 19:35:42 UTC,False,43403.0,CFOP,Gan 12 UI Maglev,RandomForest,10761.0,43403.0,,,gan12,custom_rules,,,,8.0,0.0,0.0,43403.0,138.0,147.0,169.0,3.18,8219.0,35184.0,1470.0,0.0,1470.0,1470.0,7.0,7.0,8.0,4.76,3583.0,2609.0,974.0,5053.0,8.0,8.0,9.0,8.21,2414.0,1230.0,1184.0,7467.0,8.0,8.0,8.0,6.76,1516.0,637.0,879.0,8983.0,8.0,8.0,8.0,9.1,2147.0,1054.0,1093.0,11130.0,8.0,8.0,10.0,7.32,2858.0,1176.0,1682.0,13988.0,15.0,15.0,17.0,8.92,29415.0,1513.0,27902.0,43403.0,84.0,93.0,109.0,3.01,,,,,,,,,,,,,,,,,,,,,,,,,
d8fcb215-49ef-4032-bac3-6dee2d21dbc5,2025-11-28 19:36:36 UTC,False,16367.0,CFOP,Gan 12 UI Maglev,RandomForest,29446.0,16367.0,,,gan12,custom_rules,,,,8.0,0.0,0.0,16367.0,69.0,70.0,83.0,4.22,7564.0,8803.0,975.0,0.0,975.0,975.0,4.0,4.0,7.0,4.1,3353.0,1360.0,1993.0,4328.0,14.0,15.0,16.0,7.02,1491.0,1031.0,460.0,5819.0,6.0,6.0,7.0,13.04,2702.0,1631.0,1071.0,8521.0,7.0,7.0,7.0,6.54,2944.0,1694.0,1250.0,11465.0,11.0,11.0,11.0,8.8,1890.0,842.0,1048.0,13355.0,10.0,10.0,16.0,9.54,3012.0,1006.0,2006.0,16367.0,17.0,17.0,19.0,8.47,,,,,,,,,,,,,,,,,,,,,,,,,
f0460dea-b0d1-4f3d-80b4-716dafab09c3,2025-11-28 19:37:05 UTC,False,14300.0,CFOP,Gan 12 UI Maglev,RandomForest,5777.0,14300.0,,,gan12,custom_rules,,,,8.0,0.0,0.0,14300.0,64.0,71.0,80.0,4.48,3700.0,10583.0,2375.0,0.0,2375.0,2392.0,6.0,8.0,9.0,2.53,5852.0,474.0,5378.0,8244.0,24.0,27.0,33.0,4.46,0.0,0.0,0.0,8244.0,0.0,0.0,0.0,0.0,0.0,0.0,0.0,8244.0,0.0,0.0,0.0,0.0,1068.0,923.0,145.0,9312.0,5.0,5.0,5.0,34.48,1947.0,901.0,1046.0,11259.0,13.0,13.0,13.0,12.43,3041.0,1402.0,1639.0,14300.0,16.0,18.0,20.0,9.76,,,,,,,,,,,,,,,,,,,,,,,,,
f2d92003-a5a6-41be-b866-240df73b16ac,2025-11-28 19:37:44 UTC,False,19560.0,CFOP,Gan 12 UI Maglev,RandomForest,9474.0,19560.0,,,gan12,custom_rules,,,,8.0,0.0,0.0,19560.0,73.0,75.0,81.0,3.73,6674.0,12886.0,3212.0,0.0,3212.0,3212.0,7.0,8.0,8.0,2.18,5095.0,1039.0,4056.0,8307.0,17.0,17.0,18.0,4.19,1001.0,354.0,647.0,9308.0,6.0,6.0,7.0,9.27,2111.0,1063.0,1048.0,11419.0,8.0,8.0,8.0,7.63,1753.0,971.0,782.0,13172.0,8.0,8.0,9.0,10.23,3631.0,1997.0,1634.0,16803.0,13.0,13.0,14.0,7.96,2757.0,1250.0,1507.0,19560.0,14.0,15.0,17.0,9.29,,,,,,,,,,,,,,,,,,,,,,,,,
afe4f858-f0ea-47b3-a07a-2fe70841a402,2025-11-28 19:38:19 UTC,False,18672.0,CFOP,Gan 12 UI Maglev,RandomForest,6863.0,18672.0,,,gan12,custom_rules,,,,8.0,0.0,0.0,18672.0,68.0,72.0,84.0,3.64,9095.0,9577.0,2745.0,0.0,2745.0,2745.0,11.0,11.0,14.0,4.01,1935.0,1234.0,701.0,4680.0,7.0,7.0,8.0,9.99,2735.0,1897.0,838.0,7415.0,8.0,8.0,9.0,9.55,2665.0,1586.0,1079.0,10080.0,8.0,8.0,11.0,7.41,1963.0,1705.0,258.0,12043.0,4.0,4.0,5.0,15.5,2669.0,1485.0,1184.0,14712.0,12.0,14.0,15.0,10.14,3960.0,1188.0,2772.0,18672.0,18.0,20.0,22.0,6.49,,,,,,,,,,,,,,,,,,,,,,,,,
d300d346-2eec-400a-ba52-d89ce22d94b9,2025-11-28 19:38:50 UTC,False,18560.0,CFOP,Gan 12 UI Maglev,RandomForest,3932.0,18560.0,,,gan12,custom_rules,,,,8.0,0.0,0.0,18560.0,78.0,81.0,88.0,4.2,5280.0,13280.0,2810.0,0.0,2810.0,2810.0,6.0,6.0,7.0,2.14,1810.0,658.0,1152.0,4620.0,8.0,8.0,8.0,6.94,2705.0,474.0,2231.0,7325.0,16.0,16.0,18.0,7.17,2732.0,1005.0,1727.0,10057.0,11.0,11.0,11.0,6.37,2158.0,661.0,1497.0,12215.0,10.0,10.0,11.0,6.68,2919.0,1256.0,1663.0,15134.0,12.0,14.0,15.0,7.22,3426.0,1226.0,2200.0,18560.0,15.0,16.0,18.0,6.82,,,,,,,,,,,,,,,,,,,,,,,,,
916343b5-2450-4880-bede-36a6b9b4e471,2025-11-28 19:40:14 UTC,False,13291.0,CFOP,Gan 12 UI Maglev,RandomForest,60886.0,13291.0,,,gan12,custom_rules,,,,8.0,0.0,0.0,13291.0,60.0,65.0,84.0,4.51,4328.0,8939.0,1674.0,0.0,1674.0,1698.0,6.0,7.0,7.0,3.58,709.0,282.0,427.0,2407.0,3.0,3.0,3.0,7.03,1737.0,1181.0,556.0,4144.0,8.0,8.0,10.0,14.39,2914.0,275.0,2639.0,7058.0,11.0,11.0,13.0,4.17,1945.0,573.0,1372.0,9003.0,15.0,15.0,16.0,10.93,1590.0,575.0,1015.0,10593.0,9.0,9.0,14.0,8.87,2698.0,1442.0,1256.0,13291.0,8.0,12.0,21.0,6.37,,,,,,,,,,,,,,,,,,,,,,,,,
5f9ced7f-a1e1-4d1b-9610-95776be11f28,2025-11-28 19:41:01 UTC,False,18955.0,CFOP,Gan 12 UI Maglev,RandomForest,14170.0,18955.0,,,gan12,custom_rules,,,,8.0,0.0,0.0,18955.0,77.0,78.0,88.0,4.06,4857.0,14098.0,1601.0,0.0,1601.0,1601.0,7.0,7.0,7.0,4.37,3527.0,724.0,2803.0,5128.0,13.0,13.0,14.0,4.64,2224.0,967.0,1257.0,7352.0,8.0,8.0,9.0,6.36,4530.0,1046.0,3484.0,11882.0,13.0,13.0,14.0,3.73,1255.0,586.0,669.0,13137.0,8.0,8.0,8.0,11.96,2747.0,850.0,1897.0,15884.0,12.0,13.0,14.0,6.33,3071.0,684.0,2387.0,18955.0,16.0,16.0,22.0,6.7,,,,,,,,,,,,,,,,,,,,,,,,,
a0b13260-9d89-4b86-845a-ec8ef03cc3e5,2025-11-28 19:41:35 UTC,False,15697.0,CFOP,Gan 12 UI Maglev,RandomForest,8926.0,15697.0,,,gan12,custom_rules,,,,8.0,0.0,0.0,15697.0,60.0,64.0,76.0,3.82,6679.0,9018.0,999.0,0.0,999.0,999.0,4.0,4.0,5.0,4.0,3335.0,819.0,2516.0,4334.0,11.0,11.0,12.0,4.37,1739.0,362.0,1377.0,6073.0,12.0,12.0,12.0,8.71,2725.0,2559.0,166.0,8798.0,5.0,5.0,7.0,30.12,958.0,757.0,201.0,9756.0,3.0,3.0,3.0,14.93,3607.0,796.0,2811.0,13363.0,18.0,18.0,21.0,6.4,2334.0,1386.0,948.0,15697.0,7.0,11.0,16.0,7.38,,,,,,,,,,,,,,,,,,,,,,,,,
807bff2f-26b6-4b6d-bb29-a73e8431b12f,2025-11-28 19:42:12 UTC,False,17741.0,CFOP,Gan 12 UI Maglev,RandomForest,7832.0,17741.0,,,gan12,custom_rules,,,,8.0,0.0,0.0,17741.0,61.0,61.0,67.0,3.44,6769.0,10972.0,3861.0,0.0,3861.0,3861.0,8.0,8.0,9.0,2.07,2335.0,2110.0,225.0,6196.0,4.0,4.0,4.0,17.78,1402.0,902.0,500.0,7598.0,5.0,5.0,6.0,10.0,3249.0,1365.0,1884.0,10847.0,9.0,9.0,11.0,4.78,1255.0,524.0,731.0,12102.0,8.0,8.0,10.0,10.94,1298.0,580.0,718.0,13400.0,8.0,8.0,8.0,11.14,4341.0,1288.0,3053.0,17741.0,19.0,19.0,19.0,6.22,,,,,,,,,,,,,,,,,,,,,,,,,
6d679ba7-7de6-472e-aed7-1a4a86e973af,2025-11-28 19:42:50 UTC,False,15864.0,CFOP,Gan 12 UI Maglev,RandomForest,13274.0,15864.0,,,gan12,custom_rules,,,,8.0,0.0,0.0,15864.0,72.0,76.0,82.0,4.54,5877.0,9987.0,3142.0,0.0,3142.0,3142.0,9.0,9.0,10.0,2.86,1281.0,982.0,299.0,4423.0,4.0,4.0,5.0,13.38,2212.0,1210.0,1002.0,6635.0,9.0,10.0,11.0,8.98,1812.0,620.0,1192.0,8447.0,8.0,9.0,9.0,6.71,1436.0,537.0,899.0,9883.0,11.0,11.0,12.0,12.24,2459.0,1275.0,1184.0,12342.0,15.0,16.0,16.0,12.67,3522.0,1253.0,2269.0,15864.0,16.0,17.0,19.0,7.05,,,,,,,,,,,,,,,,,,,,,,,,,
c75653e3-cd95-487a-ad6c-ecd568b16b52,2025-11-28 19:43:45 UTC,False,14902.0,CFOP,Gan 12 UI Maglev,RandomForest,31441.0,14902.0,,,gan12,custom_rules,,,,8.0,0.0,0.0,14902.0,59.0,59.0,65.0,3.96,7342.0,7560.0,1395.0,0.0,1395.0,1395.0,5.0,5.0,6.0,3.58,2671.0,1832.0,839.0,4066.0,8.0,8.0,8.0,9.54,1794.0,827.0,967.0,5860.0,8.0,8.0,10.0,8.27,4042.0,2760.0,1282.0,9902.0,7.0,7.0,7.0,5.46,1250.0,227.0,1023.0,11152.0,7.0,7.0,7.0,6.84,1112.0,572.0,540.0,12264.0,9.0,9.0,9.0,16.67,2638.0,1124.0,1514.0,14902.0,16.0,16.0,18.0,10.57,,,,,,,,,,,,,,,,,,,,,,,,,
adad4420-e48e-4b99-bdf4-b155b6f6b6f7,2025-11-28 19:44:49 UTC,False,22463.0,CFOP,Gan 12 UI Maglev,RandomForest,33023.0,22463.0,,,gan12,custom_rules,,,,8.0,0.0,0.0,22463.0,80.0,81.0,91.0,3.56,5032.0,17431.0,3656.0,0.0,3656.0,3656.0,11.0,11.0,11.0,3.01,0.0,0.0,0.0,3656.0,0.0,0.0,0.0,0.0,1087.0,893.0,194.0,4743.0,4.0,4.0,5.0,20.62,2164.0,1495.0,669.0,6907.0,8.0,8.0,9.0,11.96,1649.0,472.0,1177.0,8556.0,7.0,7.0,8.0,5.95,9690.0,1117.0,8573.0,18246.0,34.0,34.0,37.0,3.97,4217.0,1055.0,3162.0,22463.0,16.0,17.0,21.0,5.06,,,,,,,,,,,,,,,,,,,,,,,,,
a6e7ea32-e097-4c3a-9594-15fb560f5aef,2025-11-28 19:45:58 UTC,False,14820.0,CFOP,Gan 12 UI Maglev,RandomForest,36924.0,14820.0,,,gan12,custom_rules,,,,8.0,0.0,0.0,14820.0,72.0,72.0,81.0,4.86,6056.0,8715.0,531.0,0.0,531.0,580.0,3.0,3.0,4.0,5.65,1241.0,420.0,821.0,1821.0,7.0,7.0,7.0,8.53,4032.0,1208.0,2824.0,5853.0,13.0,13.0,15.0,4.6,1507.0,469.0,1038.0,7360.0,11.0,11.0,11.0,10.6,2242.0,1436.0,806.0,9602.0,10.0,10.0,11.0,12.41,2204.0,770.0,1434.0,11806.0,17.0,17.0,18.0,11.85,3014.0,1753.0,1261.0,14820.0,11.0,11.0,15.0,8.72,,,,,,,,,,,,,,,,,,,,,,,,,
911ed859-6f6a-4d2f-85ad-0bab0b87a099,2025-11-28 19:46:31 UTC,False,14884.0,CFOP,Gan 12 UI Maglev,RandomForest,10629.0,14884.0,,,gan12,custom_rules,,,,8.0,0.0,0.0,14884.0,61.0,63.0,69.0,4.1,6486.0,8398.0,1305.0,0.0,1305.0,1305.0,5.0,5.0,5.0,3.83,2526.0,1078.0,1448.0,3831.0,8.0,8.0,10.0,5.52,2833.0,983.0,1850.0,6664.0,9.0,9.0,10.0,4.86,2715.0,1803.0,912.0,9379.0,6.0,7.0,8.0,6.58,1803.0,1174.0,629.0,11182.0,8.0,8.0,9.0,12.72,1528.0,531.0,997.0,12710.0,9.0,10.0,10.0,9.03,2174.0,917.0,1257.0,14884.0,16.0,16.0,17.0,12.73,,,,,,,,,,,,,,,,,,,,,,,,,
ee2c2cb8-1d45-4510-93b6-0724fe0f7201,2025-11-28 19:47:15 UTC,False,14737.0,CFOP,Gan 12 UI Maglev,RandomForest,21229.0,14737.0,,,gan12,custom_rules,,,,8.0,0.0,0.0,14737.0,65.0,67.0,79.0,4.41,5001.0,9736.0,2592.0,0.0,2592.0,2592.0,8.0,8.0,10.0,3.09,1920.0,604.0,1316.0,4512.0,7.0,7.0,8.0,5.32,1994.0,515.0,1479.0,6506.0,8.0,8.0,10.0,5.41,1007.0,765.0,242.0,7513.0,4.0,4.0,5.0,16.53,1961.0,664.0,1297.0,9474.0,10.0,10.0,12.0,7.71,2491.0,1499.0,992.0,11965.0,11.0,13.0,16.0,11.09,2772.0,954.0,1818.0,14737.0,17.0,17.0,18.0,9.35,,,,,,,,,,,,,,,,,,,,,,,,,
645d34d0-0064-4aae-8370-9a59c97c90ce,2025-11-28 19:48:04 UTC,False,12462.0,CFOP,Gan 12 UI Maglev,RandomForest,28123.0,12462.0,,,gan12,custom_rules,,,,8.0,0.0,0.0,12462.0,65.0,65.0,69.0,5.22,4591.0,7871.0,1008.0,0.0,1008.0,1008.0,5.0,5.0,6.0,4.96,1149.0,666.0,483.0,2157.0,5.0,5.0,6.0,10.35,3397.0,1254.0,2143.0,5554.0,10.0,10.0,10.0,4.67,1436.0,354.0,1082.0,6990.0,8.0,8.0,9.0,7.39,1493.0,540.0,953.0,8483.0,11.0,11.0,11.0,11.54,1452.0,668.0,784.0,9935.0,9.0,9.0,9.0,11.48,2527.0,1109.0,1418.0,12462.0,17.0,17.0,18.0,11.99,,,,,,,,,,,,,,,,,,,,,,,,,
75fe69f6-bfcc-43c4-8840-3fad416bdff2,2025-11-28 19:48:44 UTC,False,23188.0,CFOP,Gan 12 UI Maglev,RandomForest,5284.0,23188.0,,,gan12,custom_rules,,,,8.0,0.0,0.0,23188.0,60.0,62.0,72.0,2.59,9505.0,13627.0,6030.0,0.0,6030.0,6086.0,7.0,7.0,8.0,1.16,6686.0,5156.0,1530.0,12772.0,7.0,7.0,9.0,4.58,2446.0,983.0,1463.0,15218.0,7.0,7.0,8.0,4.78,2296.0,942.0,1354.0,17514.0,7.0,7.0,8.0,5.17,1455.0,488.0,967.0,18969.0,8.0,8.0,10.0,8.27,2038.0,961.0,1077.0,21007.0,10.0,11.0,12.0,9.29,2181.0,975.0,1206.0,23188.0,14.0,15.0,17.0,11.61,,,,,,,,,,,,,,,,,,,,,,,,,
d6e8fe0b-8576-489c-ae60-669aea74e153,2025-11-28 19:49:34 UTC,False,13919.0,CFOP,Gan 12 UI Maglev,RandomForest,29125.0,13919.0,,,gan12,custom_rules,,,,8.0,0.0,0.0,13919.0,55.0,62.0,77.0,3.95,5037.0,8882.0,2021.0,0.0,2021.0,2021.0,6.0,6.0,9.0,2.97,0.0,0.0,0.0,2021.0,0.0,0.0,0.0,0.0,1963.0,782.0,1181.0,3984.0,8.0,8.0,9.0,6.77,3308.0,1559.0,1749.0,7292.0,13.0,13.0,17.0,7.43,1753.0,1157.0,596.0,9045.0,9.0,9.0,10.0,15.1,1351.0,629.0,722.0,10396.0,9.0,10.0,10.0,12.47,3523.0,910.0,2613.0,13919.0,10.0,16.0,22.0,3.83,,,,,,,,,,,,,,,,,,,,,,,,,
a41842c1-2c81-482b-871c-ebabdbfe4faa,2025-11-28 19:50:36 UTC,False,27602.0,CFOP,Gan 12 UI Maglev,RandomForest,23337.0,27602.0,,,gan12,custom_rules,,,,8.0,0.0,0.0,27602.0,76.0,78.0,89.0,2.75,12156.0,15446.0,2590.0,0.0,2590.0,2590.0,9.0,9.0,10.0,3.47,6686.0,881.0,5805.0,9276.0,18.0,18.0,20.0,3.1,4593.0,3372.0,1221.0,13869.0,13.0,14.0,16.0,10.65,5325.0,4561.0,764.0,19194.0,7.0,7.0,9.0,9.16,2480.0,1303.0,1177.0,21674.0,3.0,3.0,3.0,2.55,1334.0,544.0,790.0,23008.0,9.0,9.0,9.0,11.39,4594.0,1495.0,3099.0,27602.0,17.0,18.0,22.0,5.49,,,,,,,,,,,,,,,,,,,,,,,,,
de93bcd1-4425-44d0-8af0-3c560726425d,2025-11-28 19:51:22 UTC,False,23169.0,CFOP,Gan 12 UI Maglev,RandomForest,14033.0,23169.0,,,gan12,custom_rules,,,,8.0,0.0,0.0,23169.0,90.0,94.0,98.0,3.88,5378.0,17791.0,3106.0,0.0,3106.0,3106.0,7.0,7.0,7.0,2.25,2054.0,707.0,1347.0,5160.0,8.0,8.0,8.0,5.94,6679.0,523.0,6156.0,11839.0,23.0,23.0,25.0,3.74,2771.0,983.0,1788.0,14610.0,13.0,14.0,14.0,7.27,1160.0,483.0,677.0,15770.0,8.0,8.0,8.0,11.82,3047.0,1136.0,1911.0,18817.0,14.0,14.0,14.0,7.33,4352.0,1546.0,2806.0,23169.0,17.0,20.0,22.0,6.06,,,,,,,,,,,,,,,,,,,,,,,,,
ca22d661-9c10-449a-b875-f1e4469299ca,2025-11-28 19:51:56 UTC,False,13949.0,CFOP,Gan 12 UI Maglev,RandomForest,11032.0,13949.0,,,gan12,custom_rules,,,,8.0,0.0,0.0,13949.0,70.0,70.0,75.0,5.02,5818.0,8131.0,1625.0,0.0,1625.0,1625.0,6.0,6.0,8.0,3.69,2165.0,846.0,1319.0,3790.0,6.0,6.0,6.0,4.55,1996.0,1032.0,964.0,5786.0,12.0,12.0,12.0,12.45,2180.0,1181.0,999.0,7966.0,8.0,8.0,9.0,8.01,1585.0,650.0,935.0,9551.0,11.0,11.0,12.0,11.76,2069.0,1166.0,903.0,11620.0,11.0,11.0,11.0,12.18,2329.0,943.0,1386.0,13949.0,16.0,16.0,17.0,11.54,,,,,,,,,,,,,,,,,,,,,,,,,
b912149b-1172-40f3-97b6-e51d113b3642,2025-11-28 19:52:31 UTC,False,20028.0,CFOP,Gan 12 UI Maglev,RandomForest,4623.0,20028.0,,,gan12,custom_rules,,,,8.0,0.0,0.0,20028.0,92.0,92.0,99.0,4.59,4571.0,15457.0,1963.0,0.0,1963.0,1963.0,6.0,6.0,7.0,3.06,1105.0,338.0,767.0,3068.0,7.0,7.0,8.0,9.13,6523.0,234.0,6289.0,9591.0,27.0,27.0,29.0,4.29,3191.0,1878.0,1313.0,12782.0,11.0,11.0,11.0,8.38,3175.0,333.0,2842.0,15957.0,17.0,17.0,18.0,5.98,1844.0,859.0,985.0,17801.0,8.0,8.0,9.0,8.12,2227.0,929.0,1298.0,20028.0,16.0,16.0,17.0,12.33,,,,,,,,,,,,,,,,,,,,,,,,,
3abec398-4a95-4c77-98f7-6f932ee1c1a7,2025-11-28 19:53:19 UTC,False,15992.0,CFOP,Gan 12 UI Maglev,RandomForest,21860.0,15992.0,,,gan12,custom_rules,,,,8.0,0.0,0.0,15992.0,66.0,67.0,74.0,4.13,6738.0,9254.0,1184.0,0.0,1184.0,1184.0,4.0,4.0,4.0,3.38,2542.0,1348.0,1194.0,3726.0,5.0,5.0,6.0,4.19,1537.0,209.0,1328.0,5263.0,7.0,7.0,7.0,5.27,1597.0,879.0,718.0,6860.0,9.0,9.0,10.0,12.53,2643.0,1418.0,1225.0,9503.0,8.0,8.0,8.0,6.53,2922.0,1649.0,1273.0,12425.0,14.0,14.0,16.0,11.0,3567.0,1235.0,2332.0,15992.0,20.0,21.0,23.0,8.58,,,,,,,,,,,,,,,,,,,,,,,,,
17d7f124-c743-44a8-b3d4-819e3fac9555,2025-11-28 19:54:09 UTC,False,18790.0,CFOP,Gan 12 UI Maglev,RandomForest,20656.0,18790.0,,,gan12,custom_rules,,,,8.0,0.0,0.0,18790.0,73.0,74.0,83.0,3.89,8270.0,10520.0,2301.0,0.0,2301.0,2301.0,7.0,7.0,8.0,3.04,2319.0,2013.0,306.0,4620.0,5.0,5.0,7.0,16.34,1500.0,574.0,926.0,6120.0,8.0,8.0,10.0,8.64,3908.0,1693.0,2215.0,10028.0,12.0,12.0,13.0,5.42,2343.0,1683.0,660.0,12371.0,9.0,9.0,9.0,13.64,3109.0,1348.0,1761.0,15480.0,11.0,12.0,13.0,6.25,3310.0,959.0,2351.0,18790.0,21.0,21.0,23.0,8.93,,,,,,,,,,,,,,,,,,,,,,,,,
90b74324-34c1-44e1-acc2-e2069c95bcac,2025-11-28 19:54:51 UTC,False,20329.0,CFOP,Gan 12 UI Maglev,RandomForest,13217.0,20329.0,,,gan12,custom_rules,,,,8.0,0.0,0.0,20329.0,70.0,72.0,83.0,3.44,7211.0,13038.0,4406.0,0.0,4406.0,4486.0,11.0,11.0,15.0,2.5,0.0,0.0,0.0,4486.0,0.0,0.0,0.0,0.0,3845.0,893.0,2952.0,8331.0,11.0,12.0,13.0,3.73,2757.0,1806.0,951.0,11088.0,10.0,10.0,11.0,10.52,3773.0,2251.0,1522.0,14861.0,12.0,12.0,13.0,7.88,2503.0,1303.0,1200.0,17364.0,14.0,15.0,15.0,11.67,2965.0,958.0,2007.0,20329.0,12.0,12.0,16.0,5.98,,,,,,,,,,,,,,,,,,,,,,,,,
92f54779-64fe-4184-bad4-80de983e2732,2025-11-28 19:56:02 UTC,False,17336.0,CFOP,Gan 12 UI Maglev,RandomForest,44071.0,17336.0,,,gan12,custom_rules,,,,8.0,0.0,0.0,17336.0,69.0,72.0,78.0,3.98,5885.0,11403.0,3428.0,0.0,3428.0,3476.0,9.0,9.0,11.0,2.63,2608.0,532.0,2076.0,6084.0,11.0,11.0,11.0,5.3,1423.0,685.0,738.0,7507.0,6.0,7.0,7.0,8.13,1749.0,693.0,1056.0,9256.0,8.0,8.0,8.0,7.58,2021.0,1015.0,1006.0,11277.0,8.0,8.0,9.0,7.95,2290.0,1090.0,1200.0,13567.0,11.0,11.0,12.0,9.17,3769.0,1870.0,1899.0,17336.0,16.0,18.0,20.0,8.43,,,,,,,,,,,,,,,,,,,,,,,,,
62c8e549-dffa-430b-aa00-2c978978a10e,2025-11-28 19:56:33 UTC,False,17376.0,CFOP,Gan 12 UI Maglev,RandomForest,6043.0,17376.0,,,gan12,custom_rules,,,,8.0,0.0,0.0,17376.0,66.0,67.0,73.0,3.8,9351.0,7968.0,1702.0,0.0,1702.0,1759.0,7.0,7.0,9.0,4.11,5337.0,5087.0,250.0,7096.0,7.0,7.0,7.0,28.0,2294.0,1131.0,1163.0,9390.0,7.0,7.0,8.0,6.02,1530.0,499.0,1031.0,10920.0,9.0,10.0,11.0,8.73,1513.0,773.0,740.0,12433.0,8.0,8.0,9.0,10.81,1750.0,757.0,993.0,14183.0,9.0,9.0,9.0,9.06,3193.0,1104.0,2089.0,17376.0,19.0,19.0,20.0,9.1,,,,,,,,,,,,,,,,,,,,,,,,,
434b102a-dd96-4cd3-b5a8-d7b85906af59,2025-11-28 19:57:12 UTC,False,19339.0,CFOP,Gan 12 UI Maglev,RandomForest,10947.0,19339.0,,,gan12,custom_rules,,,,8.0,0.0,0.0,19339.0,72.0,72.0,82.0,3.72,9028.0,10311.0,2149.0,0.0,2149.0,2149.0,8.0,8.0,9.0,3.72,4707.0,3918.0,789.0,6856.0,10.0,10.0,11.0,12.67,2581.0,881.0,1700.0,9437.0,8.0,8.0,9.0,4.71,3221.0,1844.0,1377.0,12658.0,9.0,9.0,11.0,6.54,1561.0,733.0,828.0,14219.0,8.0,8.0,8.0,9.66,1849.0,903.0,946.0,16068.0,9.0,9.0,12.0,9.51,3271.0,749.0,2522.0,19339.0,20.0,20.0,22.0,7.93,,,,,,,,,,,,,,,,,,,,,,,,,
f26d8333-a85e-4a8e-ab3e-65ebaada38a4,2025-11-28 19:58:03 UTC,False,13918.0,CFOP,Gan 12 UI Maglev,RandomForest,29443.0,13918.0,,,gan12,custom_rules,,,,8.0,0.0,0.0,13918.0,69.0,70.0,80.0,4.96,5590.0,8328.0,2486.0,0.0,2486.0,2486.0,13.0,13.0,14.0,5.23,0.0,0.0,0.0,2486.0,0.0,0.0,0.0,0.0,2456.0,443.0,2013.0,4942.0,12.0,12.0,14.0,5.96,1997.0,1297.0,700.0,6939.0,12.0,12.0,12.0,17.14,2400.0,1683.0,717.0,9339.0,7.0,7.0,8.0,9.76,1822.0,880.0,942.0,11161.0,10.0,10.0,13.0,10.62,2757.0,1287.0,1470.0,13918.0,15.0,16.0,19.0,10.2,,,,,,,,,,,,,,,,,,,,,,,,,
b5cd7a34-5a8b-45d0-8a82-9da1dc66de04,2025-11-28 19:58:49 UTC,False,23562.0,CFOP,Gan 12 UI Maglev,RandomForest,12246.0,23562.0,,,gan12,custom_rules,,,,8.0,0.0,0.0,23562.0,101.0,104.0,116.0,4.29,5798.0,17764.0,484.0,0.0,484.0,484.0,4.0,4.0,4.0,8.26,1646.0,475.0,1171.0,2130.0,8.0,8.0,9.0,6.83,1928.0,1010.0,918.0,4058.0,8.0,8.0,10.0,8.71,2133.0,1521.0,612.0,6191.0,8.0,8.0,9.0,13.07,2639.0,955.0,1684.0,8830.0,14.0,14.0,14.0,8.31,1699.0,830.0,869.0,10529.0,12.0,12.0,13.0,13.81,13033.0,1007.0,12026.0,23562.0,47.0,50.0,57.0,3.91,,,,,,,,,,,,,,,,,,,,,,,,,
b59648f5-7380-40a4-acf3-7a34d980587e,2025-11-28 19:59:27 UTC,False,19323.0,CFOP,Gan 12 UI Maglev,RandomForest,8118.0,19323.0,,,gan12,custom_rules,,,,8.0,0.0,0.0,19323.0,75.0,77.0,86.0,3.88,7612.0,11711.0,870.0,0.0,870.0,870.0,5.0,5.0,6.0,5.75,7404.0,923.0,6481.0,8274.0,27.0,28.0,32.0,4.17,2073.0,1759.0,314.0,10347.0,4.0,4.0,4.0,12.74,1088.0,943.0,145.0,11435.0,5.0,5.0,5.0,34.48,2150.0,1675.0,475.0,13585.0,7.0,7.0,7.0,14.74,2662.0,1128.0,1534.0,16247.0,13.0,13.0,15.0,8.47,3076.0,1184.0,1892.0,19323.0,14.0,15.0,17.0,7.4,,,,,,,,,,,,,,,,,,,,,,,,,
107a6a37-dbc5-4067-a17c-4761f585a623,2025-11-28 19:59:57 UTC,False,16276.0,CFOP,Gan 12 UI Maglev,RandomForest,5377.0,16276.0,,,gan12,custom_rules,,,,8.0,0.0,0.0,16276.0,70.0,72.0,78.0,4.3,4423.0,11853.0,2058.0,0.0,2058.0,2058.0,7.0,7.0,8.0,3.4,2147.0,717.0,1430.0,4205.0,7.0,7.0,7.0,4.9,4459.0,113.0,4346.0,8664.0,16.0,17.0,17.0,3.68,2120.0,1081.0,1039.0,10784.0,8.0,8.0,9.0,7.7,1386.0,516.0,870.0,12170.0,11.0,11.0,11.0,12.64,1169.0,604.0,565.0,13339.0,7.0,7.0,8.0,12.39,2937.0,1392.0,1545.0,16276.0,15.0,16.0,18.0,9.71,,,,,,,,,,,,,,,,,,,,,,,,,
76261423-7fd6-412b-a3a1-3f7de3474858,2025-11-28 20:00:27 UTC,False,18763.0,CFOP,Gan 12 UI Maglev,RandomForest,2864.0,18763.0,,,gan12,custom_rules,,,,8.0,0.0,0.0,18763.0,84.0,87.0,95.0,4.48,4959.0,13804.0,3480.0,0.0,3480.0,3480.0,9.0,9.0,10.0,2.59,2296.0,499.0,1797.0,5776.0,12.0,12.0,13.0,6.68,2332.0,1423.0,909.0,8108.0,9.0,9.0,9.0,9.9,1072.0,137.0,935.0,9180.0,6.0,7.0,7.0,6.42,1401.0,378.0,1023.0,10581.0,7.0,7.0,7.0,6.84,2304.0,959.0,1345.0,12885.0,13.0,13.0,14.0,9.67,5878.0,1563.0,4315.0,18763.0,29.0,31.0,35.0,6.72,,,,,,,,,,,,,,,,,,,,,,,,,
81f74859-491e-4b1f-8690-7352a2ea5be5,2025-11-28 20:01:15 UTC,False,26826.0,CFOP,Gan 12 UI Maglev,RandomForest,10213.0,26826.0,,,gan12,custom_rules,,,,8.0,0.0,0.0,26826.0,94.0,95.0,104.0,3.5,10882.0,15944.0,2073.0,0.0,2073.0,2073.0,7.0,7.0,7.0,3.38,4304.0,3027.0,1277.0,6377.0,9.0,9.0,11.0,7.05,3183.0,1683.0,1500.0,9560.0,8.0,8.0,8.0,5.33,1329.0,725.0,604.0,10889.0,7.0,7.0,8.0,11.59,4061.0,3134.0,927.0,14950.0,9.0,9.0,9.0,9.71,2215.0,1169.0,1046.0,17165.0,12.0,12.0,13.0,11.47,9661.0,1144.0,8517.0,26826.0,42.0,43.0,48.0,4.93,,,,,,,,,,,,,,,,,,,,,,,,,
f97be809-6e08-449a-8808-fb16243bd667,2025-11-28 20:01:56 UTC,False,19049.0,CFOP,Gan 12 UI Maglev,RandomForest,13207.0,19049.0,,,gan12,custom_rules,,,,8.0,0.0,0.0,19049.0,69.0,71.0,78.0,3.62,11415.0,7577.0,1015.0,0.0,1015.0,1072.0,5.0,5.0,6.0,4.93,3408.0,2457.0,951.0,4480.0,7.0,7.0,7.0,7.36,3948.0,3408.0,540.0,8428.0,8.0,8.0,10.0,14.81,1789.0,927.0,862.0,10217.0,7.0,7.0,8.0,8.12,2901.0,2232.0,669.0,13118.0,8.0,8.0,9.0,11.96,2612.0,1046.0,1566.0,15730.0,18.0,18.0,18.0,11.49,3319.0,1345.0,1974.0,19049.0,16.0,18.0,20.0,8.11,,,,,,,,,,,,,,,,,,,,,,,,,
d7990698-a57e-40dc-83df-84231c782bc4,2025-11-29 09:09:34 UTC,False,18413.0,CFOP,Gan 12 UI Maglev,RandomForest,15707.0,18413.0,,,gan12,custom_rules,,,,8.0,0.0,0.0,18413.0,69.0,70.0,77.0,3.75,7143.0,11270.0,2308.0,0.0,2308.0,2308.0,8.0,8.0,9.0,3.47,2414.0,1244.0,1170.0,4722.0,8.0,8.0,9.0,6.84,3948.0,1496.0,2452.0,8670.0,8.0,8.0,8.0,3.26,4272.0,2090.0,2182.0,12942.0,13.0,13.0,13.0,5.96,1569.0,593.0,976.0,14511.0,9.0,9.0,9.0,9.22,1915.0,897.0,1018.0,16426.0,11.0,11.0,14.0,10.81,1987.0,823.0,1164.0,18413.0,12.0,13.0,15.0,10.31,,,,,,,,,,,,,,,,,,,,,,,,,
fbba31b3-74ae-40fa-abc3-c39c27111a90,2025-11-29 09:10:37 UTC,False,19708.0,CFOP,Gan 12 UI Maglev,RandomForest,29559.0,19708.0,,,gan12,custom_rules,,,,8.0,0.0,0.0,19708.0,64.0,65.0,77.0,3.25,7570.0,11920.0,6514.0,0.0,6514.0,6732.0,13.0,14.0,16.0,2.0,654.0,299.0,355.0,7386.0,5.0,5.0,6.0,14.08,2582.0,1364.0,1218.0,9968.0,6.0,6.0,7.0,4.93,3133.0,2260.0,873.0,13101.0,9.0,9.0,10.0,10.31,2507.0,1892.0,615.0,15608.0,9.0,9.0,10.0,14.63,2249.0,1025.0,1224.0,17857.0,13.0,13.0,15.0,10.62,1851.0,730.0,1121.0,19708.0,10.0,10.0,13.0,8.92,,,,,,,,,,,,,,,,,,,,,,,,,
093e2bc7-01b1-46b7-8a80-28dd64f7143f,2025-11-29 09:13:14 UTC,False,18417.0,CFOP,Gan 12 UI Maglev,RandomForest,6547.0,18417.0,,,gan12,custom_rules,,,,8.0,0.0,0.0,18417.0,63.0,65.0,72.0,3.42,7195.0,11222.0,2449.0,0.0,2449.0,2449.0,6.0,6.0,8.0,2.45,1596.0,742.0,854.0,4045.0,8.0,8.0,8.0,9.37,4075.0,2217.0,1858.0,8120.0,9.0,10.0,11.0,4.84,2681.0,810.0,1871.0,10801.0,11.0,11.0,12.0,5.88,2117.0,750.0,1367.0,12918.0,7.0,7.0,7.0,5.12,2871.0,1193.0,1678.0,15789.0,9.0,9.0,10.0,5.36,2628.0,1483.0,1145.0,18417.0,13.0,14.0,16.0,11.35,,,,,,,,,,,,,,,,,,,,,,,,,
7d69a9e6-700d-46e4-bb36-f798d159f405,2025-11-29 09:14:03 UTC,False,30232.0,CFOP,Gan 12 UI Maglev,RandomForest,8143.0,30232.0,,,gan12,custom_rules,,,,8.0,0.0,0.0,30232.0,85.0,87.0,96.0,2.81,8265.0,21967.0,10485.0,0.0,10485.0,10485.0,26.0,26.0,30.0,2.48,7545.0,3604.0,3941.0,18030.0,13.0,13.0,13.0,3.3,0.0,0.0,0.0,18030.0,0.0,0.0,0.0,0.0,4235.0,1336.0,2899.0,22265.0,12.0,12.0,13.0,4.14,1858.0,1157.0,701.0,24123.0,7.0,7.0,7.0,9.99,2234.0,834.0,1400.0,26357.0,10.0,10.0,13.0,7.14,3875.0,1334.0,2541.0,30232.0,17.0,19.0,20.0,6.69,,,,,,,,,,,,,,,,,,,,,,,,,
bbaeb9f8-05e6-447f-ba30-7829dae60df9,2025-11-29 09:14:42 UTC,False,17725.0,CFOP,Gan 12 UI Maglev,RandomForest,11366.0,17725.0,,,gan12,custom_rules,,,,8.0,0.0,0.0,17725.0,59.0,60.0,63.0,3.33,10436.0,7289.0,1611.0,0.0,1611.0,1611.0,6.0,7.0,7.0,3.72,5415.0,4279.0,1136.0,7026.0,8.0,8.0,9.0,7.04,2513.0,1636.0,877.0,9539.0,8.0,8.0,8.0,9.12,2051.0,1704.0,347.0,11590.0,4.0,4.0,4.0,11.53,2504.0,1320.0,1184.0,14094.0,10.0,10.0,11.0,8.45,1749.0,863.0,886.0,15843.0,9.0,9.0,9.0,10.16,1882.0,634.0,1248.0,17725.0,14.0,14.0,15.0,11.22,,,,,,,,,,,,,,,,,,,,,,,,,
ef710647-a9ec-42c3-98f4-cdbc6a8bd1d9,2025-11-29 09:15:18 UTC,False,15573.0,CFOP,Gan 12 UI Maglev,RandomForest,6167.0,15573.0,,,gan12,custom_rules,,,,8.0,0.0,0.0,15573.0,60.0,61.0,69.0,3.85,7730.0,7843.0,2118.0,0.0,2118.0,2118.0,8.0,8.0,9.0,3.78,4215.0,3118.0,1097.0,6333.0,9.0,9.0,11.0,8.2,1384.0,1054.0,330.0,7717.0,4.0,4.0,4.0,12.12,2264.0,608.0,1656.0,9981.0,9.0,10.0,11.0,5.43,1761.0,1064.0,697.0,11742.0,8.0,8.0,10.0,11.48,1469.0,733.0,736.0,13211.0,8.0,8.0,9.0,10.87,2362.0,1153.0,1209.0,15573.0,14.0,14.0,15.0,11.58,,,,,,,,,,,,,,,,,,,,,,,,,
b2b01d79-5513-417f-b492-b412d51ab74c,2025-11-29 09:15:57 UTC,False,18157.0,CFOP,Gan 12 UI Maglev,RandomForest,11733.0,18157.0,,,gan12,custom_rules,,,,8.0,0.0,0.0,18157.0,79.0,80.0,87.0,4.35,5651.0,12506.0,1265.0,0.0,1265.0,1265.0,7.0,8.0,9.0,5.53,5917.0,1925.0,3992.0,7182.0,17.0,17.0,18.0,4.26,1362.0,726.0,636.0,8544.0,6.0,6.0,7.0,9.43,3007.0,783.0,2224.0,11551.0,9.0,9.0,10.0,4.05,1119.0,445.0,674.0,12670.0,5.0,5.0,5.0,7.42,1719.0,716.0,1003.0,14389.0,12.0,12.0,13.0,11.96,3768.0,1056.0,2712.0,18157.0,23.0,23.0,25.0,8.48,,,,,,,,,,,,,,,,,,,,,,,,,
7cc7dc18-c2ac-47b5-9a1b-360e7b61eb8e,2025-11-29 09:16:46 UTC,False,19553.0,CFOP,Gan 12 UI Maglev,RandomForest,19924.0,19553.0,,,gan12,custom_rules,,,,8.0,0.0,0.0,19553.0,71.0,72.0,81.0,3.63,5694.0,13859.0,2933.0,0.0,2933.0,2933.0,7.0,7.0,8.0,2.39,2365.0,980.0,1385.0,5298.0,7.0,7.0,7.0,5.05,2684.0,128.0,2556.0,7982.0,10.0,11.0,11.0,3.91,2136.0,1008.0,1128.0,10118.0,8.0,8.0,10.0,7.09,2394.0,1710.0,684.0,12512.0,10.0,10.0,10.0,14.62,1634.0,781.0,853.0,14146.0,9.0,9.0,9.0,10.55,5407.0,1087.0,4320.0,19553.0,21.0,21.0,26.0,4.86,,,,,,,,,,,,,,,,,,,,,,,,,
46c58704-98c2-4009-b483-84a8b651c496,2025-11-29 09:17:18 UTC,False,12220.0,CFOP,Gan 12 UI Maglev,RandomForest,8819.0,12220.0,,,gan12,custom_rules,,,,8.0,0.0,0.0,12220.0,48.0,48.0,56.0,3.93,7041.0,5179.0,1638.0,0.0,1638.0,1638.0,7.0,7.0,8.0,4.27,2099.0,1922.0,177.0,3737.0,4.0,4.0,4.0,22.6,2070.0,1281.0,789.0,5807.0,7.0,7.0,7.0,8.87,1181.0,564.0,617.0,6988.0,8.0,8.0,10.0,12.97,741.0,612.0,129.0,7729.0,4.0,4.0,4.0,31.01,1884.0,1078.0,806.0,9613.0,8.0,8.0,10.0,9.93,2607.0,1584.0,1023.0,12220.0,10.0,10.0,13.0,9.78,,,,,,,,,,,,,,,,,,,,,,,,,
20725a6f-179e-44ef-b334-54b4a4afcba7,2025-11-29 09:18:04 UTC,False,13075.0,CFOP,Gan 12 UI Maglev,RandomForest,23340.0,13075.0,,,gan12,custom_rules,,,,8.0,0.0,0.0,13075.0,60.0,60.0,68.0,4.59,5975.0,7100.0,1807.0,0.0,1807.0,1807.0,7.0,7.0,8.0,3.87,2145.0,871.0,1274.0,3952.0,7.0,7.0,8.0,5.49,1799.0,1371.0,428.0,5751.0,4.0,4.0,4.0,9.35,862.0,564.0,298.0,6613.0,4.0,4.0,4.0,13.42,1873.0,969.0,904.0,8486.0,12.0,12.0,13.0,13.27,1974.0,1250.0,724.0,10460.0,9.0,9.0,11.0,12.43,2615.0,950.0,1665.0,13075.0,17.0,17.0,20.0,10.21,,,,,,,,,,,,,,,,,,,,,,,,,
c8f3c70f-b18a-41c8-b215-872749d78ba4,2025-11-29 09:19:07 UTC,False,13986.0,CFOP,Gan 12 UI Maglev,RandomForest,39698.0,13986.0,,,gan12,custom_rules,,,,8.0,0.0,0.0,13986.0,59.0,59.0,65.0,4.22,6714.0,7272.0,749.0,0.0,749.0,749.0,4.0,4.0,4.0,5.34,1891.0,459.0,1432.0,2640.0,9.0,9.0,9.0,6.28,2496.0,1603.0,893.0,5136.0,9.0,9.0,9.0,10.08,3027.0,2326.0,701.0,8163.0,7.0,7.0,7.0,9.99,1383.0,564.0,819.0,9546.0,8.0,8.0,10.0,9.77,2533.0,966.0,1567.0,12079.0,8.0,8.0,10.0,5.11,1907.0,796.0,1111.0,13986.0,14.0,14.0,16.0,12.6,,,,,,,,,,,,,,,,,,,,,,,,,
12bd8c6b-5b0c-4826-b033-cecfe869d0b4,2025-11-29 09:20:34 UTC,False,17858.0,CFOP,Gan 12 UI Maglev,RandomForest,25191.0,17858.0,,,gan12,custom_rules,,,,8.0,0.0,0.0,17858.0,70.0,72.0,86.0,3.92,6108.0,11750.0,1110.0,0.0,1110.0,1110.0,5.0,5.0,7.0,4.5,4754.0,691.0,4063.0,5864.0,17.0,17.0,21.0,4.18,3034.0,730.0,2304.0,8898.0,10.0,11.0,12.0,4.34,588.0,451.0,137.0,9486.0,3.0,3.0,3.0,21.9,2122.0,1461.0,661.0,11608.0,8.0,8.0,9.0,12.1,3216.0,963.0,2253.0,14824.0,13.0,13.0,16.0,5.77,3034.0,1812.0,1222.0,17858.0,14.0,15.0,18.0,11.46,,,,,,,,,,,,,,,,,,,,,,,,,
7f4ab9d6-b49e-4f13-8cbd-9a94afccee34,2025-11-29 09:21:13 UTC,False,15555.0,CFOP,Gan 12 UI Maglev,RandomForest,14996.0,15555.0,,,gan12,custom_rules,,,,8.0,0.0,0.0,15555.0,77.0,77.0,83.0,4.95,5809.0,9746.0,1290.0,0.0,1290.0,1290.0,6.0,6.0,6.0,4.65,3605.0,722.0,2883.0,4895.0,14.0,14.0,16.0,4.86,1368.0,443.0,925.0,6263.0,12.0,12.0,13.0,12.97,2632.0,1641.0,991.0,8895.0,7.0,7.0,7.0,7.06,1456.0,618.0,838.0,10351.0,8.0,8.0,8.0,9.55,2384.0,1160.0,1224.0,12735.0,13.0,13.0,13.0,10.62,2820.0,1225.0,1595.0,15555.0,17.0,17.0,20.0,10.66,,,,,,,,,,,,,,,,,,,,,,,,,
93ad84c0-5e34-4de4-8666-2ebc442d7715,2025-11-29 09:21:52 UTC,False,14622.0,CFOP,Gan 12 UI Maglev,RandomForest,12960.0,14622.0,,,gan12,custom_rules,,,,8.0,0.0,0.0,14622.0,71.0,71.0,81.0,4.86,4972.0,9650.0,1257.0,0.0,1257.0,1257.0,6.0,6.0,7.0,4.77,3193.0,1310.0,1883.0,4450.0,12.0,12.0,14.0,6.37,2096.0,202.0,1894.0,6546.0,11.0,11.0,12.0,5.81,2076.0,578.0,1498.0,8622.0,7.0,7.0,8.0,4.67,1554.0,749.0,805.0,10176.0,9.0,9.0,10.0,11.18,2137.0,985.0,1152.0,12313.0,12.0,12.0,13.0,10.42,2309.0,1148.0,1161.0,14622.0,15.0,15.0,17.0,12.92,,,,,,,,,,,,,,,,,,,,,,,,,
bbe71771-bd7f-41e0-b679-4aa2dde55ce0,2025-11-29 09:22:35 UTC,False,19681.0,CFOP,Gan 12 UI Maglev,RandomForest,13278.0,19681.0,,,gan12,custom_rules,,,,8.0,0.0,0.0,19681.0,72.0,81.0,98.0,3.66,5203.0,14478.0,5205.0,0.0,5205.0,5205.0,15.0,15.0,17.0,2.88,1969.0,951.0,1018.0,7174.0,7.0,7.0,8.0,6.88,2316.0,1015.0,1301.0,9490.0,8.0,8.0,9.0,6.15,2035.0,665.0,1370.0,11525.0,8.0,8.0,10.0,5.84,1547.0,749.0,798.0,13072.0,7.0,7.0,7.0,8.77,1921.0,841.0,1080.0,14993.0,10.0,11.0,12.0,9.26,4688.0,982.0,3706.0,19681.0,17.0,25.0,35.0,4.59,,,,,,,,,,,,,,,,,,,,,,,,,
4339c527-b056-4b21-a5b7-ecd6d1b561bd,2025-11-29 09:23:40 UTC,False,18268.0,CFOP,Gan 12 UI Maglev,RandomForest,37975.0,18268.0,,,gan12,custom_rules,,,,8.0,0.0,0.0,18268.0,81.0,82.0,95.0,4.43,6101.0,12167.0,3652.0,0.0,3652.0,3652.0,14.0,14.0,16.0,3.83,0.0,0.0,0.0,3652.0,0.0,0.0,0.0,0.0,3299.0,1176.0,2123.0,6951.0,11.0,11.0,14.0,5.18,3475.0,2621.0,854.0,10426.0,9.0,9.0,14.0,10.54,2043.0,766.0,1277.0,12469.0,12.0,12.0,12.0,9.4,3253.0,443.0,2810.0,15722.0,20.0,20.0,21.0,7.12,2546.0,1095.0,1451.0,18268.0,15.0,16.0,18.0,10.34,,,,,,,,,,,,,,,,,,,,,,,,,
f82dd983-2f50-44a5-b7ac-20e32349b87a,2025-11-29 09:24:36 UTC,False,25681.0,CFOP,Gan 12 UI Maglev,RandomForest,18489.0,25681.0,,,gan12,custom_rules,,,,8.0,0.0,0.0,25681.0,62.0,69.0,80.0,2.41,6865.0,18816.0,13350.0,0.0,13350.0,13350.0,15.0,15.0,17.0,1.12,1261.0,927.0,334.0,14611.0,4.0,4.0,4.0,11.98,1048.0,589.0,459.0,15659.0,4.0,4.0,4.0,8.71,2361.0,1272.0,1089.0,18020.0,8.0,8.0,9.0,7.35,1656.0,870.0,786.0,19676.0,8.0,8.0,8.0,10.18,2679.0,1463.0,1216.0,22355.0,12.0,14.0,15.0,9.87,3326.0,1744.0,1582.0,25681.0,11.0,16.0,23.0,6.95,,,,,,,,,,,,,,,,,,,,,,,,,
0815bcd0-bd20-456a-b009-083d943cf770,2025-11-29 09:25:24 UTC,False,19542.0,CFOP,Gan 12 UI Maglev,RandomForest,17478.0,19542.0,,,gan12,custom_rules,,,,8.0,0.0,0.0,19542.0,63.0,63.0,68.0,3.22,8290.0,11252.0,1662.0,0.0,1662.0,1662.0,6.0,6.0,7.0,3.61,5530.0,2049.0,3481.0,7192.0,12.0,12.0,12.0,3.45,3089.0,596.0,2493.0,10281.0,8.0,8.0,8.0,3.21,942.0,402.0,540.0,11223.0,3.0,3.0,3.0,5.56,3499.0,2968.0,531.0,14722.0,9.0,9.0,11.0,16.95,2282.0,1395.0,887.0,17004.0,9.0,9.0,9.0,10.15,2538.0,880.0,1658.0,19542.0,16.0,16.0,18.0,9.65,,,,,,,,,,,,,,,,,,,,,,,,,
7c2d0167-300a-49b4-942f-2dc707515f65,2025-11-29 09:25:59 UTC,False,19284.0,CFOP,Gan 12 UI Maglev,RandomForest,7378.0,19284.0,,,gan12,custom_rules,,,,8.0,0.0,0.0,19284.0,63.0,63.0,81.0,3.27,5966.0,13318.0,5554.0,0.0,5554.0,5554.0,8.0,8.0,11.0,1.44,999.0,797.0,202.0,6553.0,4.0,4.0,4.0,19.8,2429.0,105.0,2324.0,8982.0,12.0,12.0,13.0,5.16,2407.0,1223.0,1184.0,11389.0,9.0,9.0,10.0,7.6,1648.0,875.0,773.0,13037.0,8.0,8.0,11.0,10.35,2836.0,1015.0,1821.0,15873.0,12.0,12.0,17.0,6.59,3411.0,1951.0,1460.0,19284.0,11.0,11.0,15.0,7.53,,,,,,,,,,,,,,,,,,,,,,,,,
27b5b82a-bf0e-473d-9db8-e59354d423d0,2025-11-29 09:26:55 UTC,False,17366.0,CFOP,Gan 12 UI Maglev,RandomForest,29465.0,17366.0,,,gan12,custom_rules,,,,8.0,0.0,0.0,17366.0,65.0,67.0,77.0,3.74,7917.0,9449.0,2427.0,0.0,2427.0,2427.0,7.0,7.0,9.0,2.88,2222.0,1288.0,934.0,4649.0,9.0,9.0,11.0,9.64,2395.0,1211.0,1184.0,7044.0,8.0,8.0,8.0,6.76,3034.0,1674.0,1360.0,10078.0,7.0,7.0,9.0,5.15,2545.0,1554.0,991.0,12623.0,8.0,8.0,9.0,8.07,2125.0,989.0,1136.0,14748.0,11.0,11.0,12.0,9.68,2618.0,1201.0,1417.0,17366.0,15.0,17.0,19.0,10.59,,,,,,,,,,,,,,,,,,,,,,,,,
4a2bdc98-4868-4136-a218-cf7d9d055c2c,2025-11-29 09:35:16 UTC,False,12941.0,CFOP,Gan 12 UI Maglev,RandomForest,15899.0,12941.0,,,gan12,custom_rules,,,,8.0,0.0,0.0,12941.0,69.0,71.0,76.0,5.33,3587.0,9354.0,1884.0,0.0,1884.0,1884.0,7.0,8.0,9.0,3.72,1669.0,112.0,1557.0,3553.0,10.0,10.0,10.0,6.42,1641.0,298.0,1343.0,5194.0,8.0,8.0,8.0,5.96,1658.0,604.0,1054.0,6852.0,9.0,10.0,10.0,8.54,1681.0,524.0,1157.0,8533.0,12.0,12.0,13.0,10.37,1401.0,829.0,572.0,9934.0,7.0,7.0,8.0,12.24,3007.0,1220.0,1787.0,12941.0,17.0,17.0,18.0,9.51,,,,,,,,,,,,,,,,,,,,,,,,,
aa150430-fe50-4608-a40e-c6c32f8601e8,2025-11-29 09:41:35 UTC,False,28654.0,CFOP,Gan 12 UI Maglev,RandomForest,334142.0,28654.0,,,gan12,custom_rules,,,,8.0,0.0,0.0,28654.0,113.0,121.0,144.0,3.94,5791.0,22863.0,878.0,0.0,878.0,878.0,5.0,5.0,6.0,5.69,2827.0,823.0,2004.0,3705.0,11.0,11.0,12.0,5.49,1496.0,411.0,1085.0,5201.0,8.0,8.0,9.0,7.37,2393.0,1765.0,628.0,7594.0,7.0,7.0,7.0,11.15,2480.0,774.0,1706.0,10074.0,8.0,8.0,12.0,4.69,1741.0,790.0,951.0,11815.0,7.0,7.0,7.0,7.36,16839.0,1228.0,15611.0,28654.0,67.0,75.0,91.0,4.29,,,,,,,,,,,,,,,,,,,,,,,,,
3af4d51b-6ca6-432b-bb17-f76f07f836dd,2025-11-29 09:42:22 UTC,False,17734.0,CFOP,Gan 12 UI Maglev,RandomForest,19082.0,17734.0,,,gan12,custom_rules,,,,8.0,0.0,0.0,17734.0,69.0,76.0,92.0,3.89,7022.0,10712.0,2108.0,0.0,2108.0,2108.0,7.0,7.0,9.0,3.32,3211.0,742.0,2469.0,5319.0,11.0,11.0,13.0,4.46,2070.0,646.0,1424.0,7389.0,10.0,10.0,13.0,7.02,1513.0,298.0,1215.0,8902.0,10.0,10.0,12.0,8.23,3024.0,2146.0,878.0,11926.0,10.0,10.0,11.0,11.39,3329.0,1988.0,1341.0,15255.0,13.0,15.0,16.0,9.69,2479.0,1202.0,1277.0,17734.0,9.0,13.0,18.0,7.05,,,,,,,,,,,,,,,,,,,,,,,,,
1cc222f4-4180-4f81-bdb7-38c0a519ab19,2025-11-29 09:42:59 UTC,False,17821.0,CFOP,Gan 12 UI Maglev,RandomForest,10630.0,17821.0,,,gan12,custom_rules,,,,8.0,0.0,0.0,17821.0,92.0,94.0,102.0,5.16,3838.0,13983.0,1071.0,0.0,1071.0,1071.0,6.0,6.0,7.0,5.6,1864.0,447.0,1417.0,2935.0,7.0,7.0,7.0,4.94,3630.0,553.0,3077.0,6565.0,16.0,18.0,19.0,5.2,2550.0,346.0,2204.0,9115.0,10.0,10.0,11.0,4.54,1129.0,606.0,523.0,10244.0,8.0,8.0,9.0,15.3,1740.0,1129.0,611.0,11984.0,9.0,9.0,9.0,14.73,5837.0,757.0,5080.0,17821.0,36.0,36.0,40.0,7.09,,,,,,,,,,,,,,,,,,,,,,,,,
c6c5f6ce-3cf8-49db-8e37-6fbc24837a68,2025-11-29 09:44:12 UTC,False,25052.0,CFOP,Gan 12 UI Maglev,RandomForest,32581.0,25052.0,,,gan12,custom_rules,,,,8.0,0.0,0.0,25052.0,109.0,115.0,127.0,4.35,6410.0,18633.0,926.0,0.0,926.0,935.0,4.0,6.0,6.0,4.32,1625.0,459.0,1166.0,2560.0,7.0,7.0,7.0,6.0,3279.0,453.0,2826.0,5839.0,14.0,14.0,16.0,4.95,746.0,568.0,178.0,6585.0,3.0,3.0,3.0,16.85,4013.0,2359.0,1654.0,10598.0,13.0,13.0,13.0,7.86,2717.0,1533.0,1184.0,13315.0,14.0,14.0,16.0,11.82,11737.0,1038.0,10699.0,25052.0,54.0,58.0,66.0,5.05,,,,,,,,,,,,,,,,,,,,,,,,,
e6ba7714-bdd7-44d0-9641-68686ae9b8f5,2025-11-29 09:45:20 UTC,False,16685.0,CFOP,Gan 12 UI Maglev,RandomForest,42432.0,16685.0,,,gan12,custom_rules,,,,8.0,0.0,0.0,16685.0,70.0,72.0,80.0,4.2,5139.0,11546.0,1603.0,0.0,1603.0,1603.0,5.0,5.0,7.0,3.12,6392.0,732.0,5660.0,7995.0,19.0,19.0,21.0,3.36,1034.0,452.0,582.0,9029.0,6.0,7.0,7.0,10.31,1894.0,1047.0,847.0,10923.0,8.0,8.0,9.0,9.45,2095.0,1208.0,887.0,13018.0,10.0,10.0,10.0,11.27,1245.0,519.0,726.0,14263.0,8.0,8.0,8.0,11.02,2422.0,1181.0,1241.0,16685.0,14.0,15.0,18.0,11.28,,,,,,,,,,,,,,,,,,,,,,,,,
a058d0d3-f0a2-4ddd-9d3e-3f3ec1adfb3b,2025-11-29 09:46:02 UTC,False,17289.0,CFOP,Gan 12 UI Maglev,RandomForest,12872.0,17289.0,,,gan12,custom_rules,,,,8.0,0.0,0.0,17289.0,60.0,61.0,70.0,3.47,4841.0,12448.0,4065.0,0.0,4065.0,4065.0,8.0,8.0,10.0,1.97,1623.0,692.0,931.0,5688.0,7.0,7.0,8.0,7.52,1630.0,363.0,1267.0,7318.0,6.0,6.0,7.0,4.74,1151.0,869.0,282.0,8469.0,3.0,3.0,3.0,10.64,1651.0,999.0,652.0,10120.0,8.0,8.0,8.0,12.27,1178.0,638.0,540.0,11298.0,8.0,8.0,8.0,14.81,5991.0,1280.0,4711.0,17289.0,20.0,21.0,26.0,4.25,,,,,,,,,,,,,,,,,,,,,,,,,
cf9a00f8-a6ad-49e9-8074-e11353ee4396,2025-11-29 09:46:50 UTC,False,14721.0,CFOP,Gan 12 UI Maglev,RandomForest,23054.0,14721.0,,,gan12,custom_rules,,,,8.0,0.0,0.0,14721.0,69.0,70.0,76.0,4.69,4613.0,10108.0,2963.0,0.0,2963.0,2963.0,10.0,10.0,11.0,3.37,1898.0,521.0,1377.0,4861.0,7.0,7.0,7.0,5.08,2108.0,1009.0,1099.0,6969.0,8.0,8.0,9.0,7.28,967.0,298.0,669.0,7936.0,8.0,8.0,9.0,11.96,1512.0,1052.0,460.0,9448.0,8.0,8.0,8.0,17.39,1762.0,798.0,964.0,11210.0,12.0,12.0,13.0,12.45,3511.0,935.0,2576.0,14721.0,16.0,17.0,19.0,6.21,,,,,,,,,,,,,,,,,,,,,,,,,
04ef0c48-bcf2-4214-828f-22c36d150820,2025-11-29 09:47:31 UTC,False,17697.0,CFOP,Gan 12 UI Maglev,RandomForest,14831.0,17697.0,,,gan12,custom_rules,,,,8.0,0.0,0.0,17697.0,56.0,57.0,64.0,3.16,7225.0,10472.0,1614.0,0.0,1614.0,1614.0,7.0,7.0,8.0,4.34,3234.0,1977.0,1257.0,4848.0,7.0,7.0,8.0,5.57,4108.0,1951.0,2157.0,8956.0,10.0,11.0,12.0,4.64,3696.0,451.0,3245.0,12652.0,15.0,15.0,15.0,4.62,2281.0,1266.0,1015.0,14933.0,7.0,7.0,8.0,6.9,0.0,0.0,0.0,14933.0,0.0,0.0,0.0,0.0,2764.0,1580.0,1184.0,17697.0,10.0,10.0,13.0,8.45,,,,,,,,,,,,,,,,,,,,,,,,,
c0f59a3b-5aed-4f07-9613-89c76a5ff3bd,2025-11-29 09:48:08 UTC,False,20735.0,CFOP,Gan 12 UI Maglev,RandomForest,4381.0,20735.0,,,gan12,custom_rules,,,,8.0,0.0,0.0,20735.0,71.0,73.0,77.0,3.42,10284.0,10451.0,2162.0,0.0,2162.0,2162.0,11.0,11.0,11.0,5.09,3795.0,2287.0,1508.0,5957.0,8.0,8.0,8.0,5.31,2867.0,2021.0,846.0,8824.0,6.0,6.0,8.0,7.09,3721.0,2343.0,1378.0,12545.0,8.0,8.0,8.0,5.81,2130.0,857.0,1273.0,14675.0,11.0,11.0,11.0,8.64,1913.0,946.0,967.0,16588.0,12.0,12.0,12.0,12.41,4147.0,1830.0,2317.0,20735.0,15.0,17.0,19.0,6.47,,,,,,,,,,,,,,,,,,,,,,,,,
bc0a1c8f-5c9b-46eb-8aa5-120305640b78,2025-11-29 09:48:54 UTC,False,22136.0,CFOP,Gan 12 UI Maglev,RandomForest,15518.0,22136.0,,,gan12,custom_rules,,,,8.0,0.0,0.0,22136.0,85.0,90.0,102.0,3.84,3815.0,18321.0,14813.0,0.0,14813.0,14813.0,47.0,48.0,56.0,3.17,0.0,0.0,0.0,14813.0,0.0,0.0,0.0,0.0,0.0,0.0,0.0,14813.0,0.0,0.0,0.0,0.0,0.0,0.0,0.0,14813.0,0.0,0.0,0.0,0.0,1965.0,1049.0,916.0,16778.0,12.0,12.0,13.0,13.1,2557.0,1535.0,1022.0,19335.0,12.0,14.0,15.0,11.74,2801.0,1231.0,1570.0,22136.0,14.0,16.0,18.0,8.92,,,,,,,,,,,,,,,,,,,,,,,,,
99cf4916-85b0-4076-9970-88e3bb4e4090,2025-11-29 09:49:51 UTC,False,31506.0,CFOP,Gan 12 UI Maglev,RandomForest,17281.0,31506.0,,,gan12,custom_rules,,,,8.0,0.0,0.0,31506.0,95.0,96.0,109.0,3.02,8798.0,22708.0,10540.0,0.0,10540.0,10540.0,23.0,23.0,30.0,2.18,0.0,0.0,0.0,10540.0,0.0,0.0,0.0,0.0,2118.0,1240.0,878.0,12658.0,8.0,8.0,8.0,9.11,4228.0,1778.0,2450.0,16886.0,15.0,15.0,17.0,6.12,7450.0,702.0,6748.0,24336.0,25.0,25.0,25.0,3.7,2873.0,1926.0,947.0,27209.0,10.0,10.0,12.0,10.56,4297.0,3152.0,1145.0,31506.0,14.0,15.0,17.0,12.23,,,,,,,,,,,,,,,,,,,,,,,,,
9beff2ee-f452-4f7f-b293-8bb29b702b59,2025-11-29 09:50:39 UTC,False,22625.0,CFOP,Gan 12 UI Maglev,RandomForest,13804.0,22625.0,,,gan12,custom_rules,,,,8.0,0.0,0.0,22625.0,85.0,86.0,93.0,3.76,7060.0,15516.0,1750.0,0.0,1750.0,1799.0,5.0,5.0,7.0,2.86,6989.0,2402.0,4587.0,8788.0,14.0,14.0,16.0,3.05,1140.0,298.0,842.0,9928.0,6.0,6.0,7.0,7.13,2247.0,1498.0,749.0,12175.0,8.0,8.0,9.0,10.68,4108.0,1502.0,2606.0,16283.0,15.0,15.0,15.0,5.76,3131.0,314.0,2817.0,19414.0,20.0,20.0,21.0,7.1,3211.0,1046.0,2165.0,22625.0,18.0,18.0,18.0,8.31,,,,,,,,,,,,,,,,,,,,,,,,,
1d19db4f-ef83-4145-9d45-e9d726d40ce8,2025-11-29 09:51:47 UTC,False,27581.0,CFOP,Gan 12 UI Maglev,RandomForest,31054.0,27581.0,,,gan12,custom_rules,,,,8.0,0.0,0.0,27581.0,67.0,74.0,91.0,2.43,8032.0,19549.0,1314.0,0.0,1314.0,1314.0,5.0,5.0,6.0,3.81,9312.0,298.0,9014.0,10626.0,16.0,16.0,17.0,1.78,1550.0,492.0,1058.0,12176.0,8.0,8.0,8.0,7.56,1576.0,548.0,1028.0,13752.0,3.0,3.0,4.0,2.92,6799.0,4599.0,2200.0,20551.0,15.0,15.0,16.0,6.82,2197.0,579.0,1618.0,22748.0,8.0,8.0,8.0,4.94,4833.0,1516.0,3317.0,27581.0,12.0,19.0,32.0,3.62,,,,,,,,,,,,,,,,,,,,,,,,,
15df2c76-625d-4da6-9540-3a052e98284c,2025-11-29 09:52:35 UTC,False,24058.0,CFOP,Gan 12 UI Maglev,RandomForest,15924.0,24058.0,,,gan12,custom_rules,,,,8.0,0.0,0.0,24058.0,95.0,101.0,112.0,3.95,5946.0,18024.0,3084.0,0.0,3084.0,3172.0,12.0,12.0,15.0,3.89,2285.0,1189.0,1096.0,5457.0,6.0,6.0,6.0,5.47,3544.0,886.0,2658.0,9001.0,10.0,10.0,11.0,3.76,2871.0,1013.0,1858.0,11872.0,11.0,11.0,15.0,5.92,2253.0,467.0,1786.0,14125.0,11.0,11.0,11.0,6.16,6690.0,1062.0,5628.0,20815.0,27.0,33.0,36.0,4.8,3243.0,1329.0,1914.0,24058.0,18.0,18.0,18.0,9.4,,,,,,,,,,,,,,,,,,,,,,,,,
2182cf2b-f0a9-4b4b-bf14-62170b0e2593,2025-11-29 09:53:17 UTC,False,19218.0,CFOP,Gan 12 UI Maglev,RandomForest,14288.0,19218.0,,,gan12,custom_rules,,,,8.0,0.0,0.0,19218.0,67.0,69.0,76.0,3.49,7503.0,11706.0,3834.0,0.0,3834.0,3843.0,8.0,9.0,9.0,2.09,3682.0,1363.0,2319.0,7525.0,11.0,11.0,12.0,4.74,3363.0,1343.0,2020.0,10888.0,11.0,11.0,14.0,5.45,1896.0,1646.0,250.0,12784.0,4.0,4.0,5.0,16.0,1879.0,1155.0,724.0,14663.0,10.0,10.0,10.0,13.81,1462.0,753.0,709.0,16125.0,8.0,8.0,8.0,11.28,3093.0,1243.0,1850.0,19218.0,15.0,16.0,18.0,8.11,,,,,,,,,,,,,,,,,,,,,,,,,
789496bd-ef2a-4edc-9ecb-77739b03cc3e,2025-11-29 09:53:58 UTC,False,20965.0,CFOP,Gan 12 UI Maglev,RandomForest,11374.0,20965.0,,,gan12,custom_rules,,,,8.0,0.0,0.0,20965.0,75.0,80.0,90.0,3.58,6529.0,14436.0,3141.0,0.0,3141.0,3141.0,8.0,8.0,10.0,2.55,3653.0,1112.0,2541.0,6794.0,12.0,12.0,12.0,4.72,2849.0,1042.0,1807.0,9643.0,7.0,7.0,8.0,3.87,1937.0,1054.0,883.0,11580.0,8.0,8.0,9.0,9.06,3174.0,909.0,2265.0,14754.0,14.0,16.0,17.0,6.18,2474.0,1159.0,1315.0,17228.0,11.0,13.0,15.0,8.37,3737.0,1253.0,2484.0,20965.0,15.0,16.0,19.0,6.04,,,,,,,,,,,,,,,,,,,,,,,,,
79431588-09d3-42fd-a42e-e2862ea53564,2025-11-29 09:54:38 UTC,False,21919.0,CFOP,Gan 12 UI Maglev,RandomForest,9090.0,21919.0,,,gan12,custom_rules,,,,8.0,0.0,0.0,21919.0,80.0,82.0,88.0,3.65,7905.0,14014.0,2650.0,0.0,2650.0,2650.0,7.0,7.0,8.0,2.64,6793.0,4095.0,2698.0,9443.0,8.0,8.0,9.0,2.97,2544.0,682.0,1862.0,11987.0,12.0,12.0,13.0,6.44,1755.0,355.0,1400.0,13742.0,10.0,11.0,12.0,7.14,2009.0,1040.0,969.0,15751.0,11.0,11.0,11.0,11.35,2784.0,702.0,2082.0,18535.0,13.0,13.0,14.0,6.24,3384.0,1031.0,2353.0,21919.0,19.0,20.0,21.0,8.07,,,,,,,,,,,,,,,,,,,,,,,,,
09284c69-8496-4848-b98b-fe6ffb5cf1a9,2025-11-29 09:55:31 UTC,False,23036.0,CFOP,Gan 12 UI Maglev,RandomForest,18842.0,23036.0,,,gan12,custom_rules,,,,8.0,0.0,0.0,23036.0,91.0,91.0,99.0,3.95,7667.0,15369.0,1886.0,0.0,1886.0,1886.0,5.0,5.0,5.0,2.65,1176.0,378.0,798.0,3062.0,7.0,7.0,7.0,8.77,1654.0,1145.0,509.0,4716.0,8.0,8.0,10.0,15.72,5738.0,1104.0,4634.0,10454.0,22.0,22.0,24.0,4.75,5749.0,993.0,4756.0,16203.0,19.0,19.0,21.0,3.99,1934.0,944.0,990.0,18137.0,12.0,12.0,14.0,12.12,4899.0,3103.0,1796.0,23036.0,18.0,18.0,18.0,10.02,,,,,,,,,,,,,,,,,,,,,,,,,
a4bdf61f-1f51-4776-bf07-0d197de026d4,2025-11-29 09:56:21 UTC,False,21124.0,CFOP,Gan 12 UI Maglev,RandomForest,21005.0,21124.0,,,gan12,custom_rules,,,,8.0,0.0,0.0,21124.0,65.0,65.0,73.0,3.08,12331.0,8793.0,790.0,0.0,790.0,790.0,4.0,4.0,4.0,5.06,9224.0,6207.0,3017.0,10014.0,13.0,13.0,15.0,4.31,1555.0,1031.0,524.0,11569.0,6.0,6.0,6.0,11.45,2013.0,780.0,1233.0,13582.0,7.0,7.0,8.0,5.68,1283.0,582.0,701.0,14865.0,7.0,7.0,8.0,9.99,2170.0,1107.0,1063.0,17035.0,11.0,11.0,14.0,10.35,4089.0,2624.0,1465.0,21124.0,17.0,17.0,18.0,11.6,,,,,,,,,,,,,,,,,,,,,,,,,
6d7bc2f4-b032-449f-a927-b50bda971fc2,2025-11-29 09:56:57 UTC,False,14531.0,CFOP,Gan 12 UI Maglev,RandomForest,12125.0,14531.0,,,gan12,custom_rules,,,,8.0,0.0,0.0,14531.0,62.0,63.0,76.0,4.27,6243.0,8288.0,895.0,0.0,895.0,895.0,5.0,5.0,6.0,5.59,3486.0,2043.0,1443.0,4381.0,9.0,9.0,11.0,6.24,1664.0,528.0,1136.0,6045.0,7.0,8.0,8.0,6.16,1481.0,465.0,1016.0,7526.0,8.0,8.0,10.0,7.87,2085.0,936.0,1149.0,9611.0,13.0,13.0,14.0,11.31,2399.0,1015.0,1384.0,12010.0,10.0,10.0,14.0,7.23,2521.0,1256.0,1265.0,14531.0,10.0,10.0,13.0,7.91,,,,,,,,,,,,,,,,,,,,,,,,,
331e887a-365a-4b43-9d40-0743fdc06435,2025-11-29 09:57:29 UTC,False,15908.0,CFOP,Gan 12 UI Maglev,RandomForest,6632.0,15908.0,,,gan12,custom_rules,,,,8.0,0.0,0.0,15908.0,65.0,70.0,84.0,4.09,5516.0,10392.0,2237.0,0.0,2237.0,2237.0,8.0,8.0,9.0,3.58,2534.0,661.0,1873.0,4771.0,11.0,11.0,12.0,5.87,2081.0,993.0,1088.0,6852.0,7.0,7.0,7.0,6.43,1708.0,112.0,1596.0,8560.0,11.0,11.0,13.0,6.89,1921.0,1301.0,620.0,10481.0,9.0,9.0,9.0,14.52,2303.0,1256.0,1047.0,12784.0,8.0,8.0,9.0,7.64,3124.0,1193.0,1931.0,15908.0,12.0,17.0,25.0,6.21,,,,,,,,,,,,,,,,,,,,,,,,,
b255c1ec-d16e-458b-91ab-3db1e410da5f,2025-11-29 09:58:11 UTC,False,22759.0,CFOP,Gan 12 UI Maglev,RandomForest,10491.0,22759.0,,,gan12,custom_rules,,,,8.0,0.0,0.0,22759.0,78.0,82.0,97.0,3.43,8284.0,14475.0,2792.0,0.0,2792.0,2792.0,8.0,8.0,11.0,2.87,1975.0,288.0,1687.0,4767.0,11.0,11.0,11.0,6.52,1405.0,386.0,1019.0,6172.0,8.0,8.0,8.0,7.85,5218.0,1104.0,4114.0,11390.0,19.0,19.0,22.0,4.62,4235.0,2549.0,1686.0,15625.0,11.0,11.0,13.0,6.52,2334.0,685.0,1649.0,17959.0,11.0,11.0,12.0,6.67,4800.0,3272.0,1528.0,22759.0,10.0,14.0,20.0,6.54,,,,,,,,,,,,,,,,,,,,,,,,,
e313bdd9-47e8-478e-9819-a38b2897a52b,2025-11-29 09:58:47 UTC,False,16865.0,CFOP,Gan 12 UI Maglev,RandomForest,11228.0,16865.0,,,gan12,custom_rules,,,,8.0,0.0,0.0,16865.0,73.0,73.0,76.0,4.33,6294.0,10571.0,1643.0,0.0,1643.0,1643.0,8.0,8.0,8.0,4.87,2052.0,950.0,1102.0,3695.0,7.0,7.0,8.0,6.35,1991.0,1291.0,700.0,5686.0,9.0,9.0,9.0,12.86,1960.0,757.0,1203.0,7646.0,8.0,8.0,8.0,6.65,2056.0,1306.0,750.0,9702.0,8.0,8.0,9.0,10.67,1900.0,1045.0,855.0,11602.0,11.0,11.0,11.0,12.87,5263.0,945.0,4318.0,16865.0,22.0,22.0,23.0,5.09,,,,,,,,,,,,,,,,,,,,,,,,,
abc4ed33-728b-4bb4-aa5b-fcd85b5fc80a,2025-11-29 09:59:30 UTC,False,14595.0,CFOP,Gan 12 UI Maglev,RandomForest,18088.0,14595.0,,,gan12,custom_rules,,,,8.0,0.0,0.0,14595.0,64.0,64.0,68.0,4.39,5220.0,9375.0,1864.0,0.0,1864.0,1864.0,6.0,6.0,7.0,3.22,2399.0,1209.0,1190.0,4263.0,8.0,8.0,8.0,6.72,2076.0,683.0,1393.0,6339.0,8.0,8.0,9.0,5.74,2671.0,320.0,2351.0,9010.0,10.0,10.0,10.0,4.25,2125.0,1456.0,669.0,11135.0,9.0,9.0,9.0,13.45,1290.0,654.0,636.0,12425.0,9.0,9.0,9.0,14.15,2170.0,898.0,1272.0,14595.0,15.0,15.0,16.0,11.79,,,,,,,,,,,,,,,,,,,,,,,,,
f5ddad1b-64ce-4c78-9d2d-2ebf489b08e7,2025-11-29 09:59:58 UTC,False,12531.0,CFOP,Gan 12 UI Maglev,RandomForest,6824.0,12531.0,,,gan12,custom_rules,,,,8.0,0.0,0.0,12531.0,64.0,64.0,70.0,5.11,5522.0,7009.0,2253.0,0.0,2253.0,2253.0,7.0,7.0,8.0,3.11,903.0,653.0,250.0,3156.0,4.0,4.0,5.0,16.0,1393.0,1136.0,257.0,4549.0,4.0,4.0,4.0,15.56,1213.0,564.0,649.0,5762.0,7.0,7.0,9.0,10.79,1641.0,926.0,715.0,7403.0,7.0,7.0,7.0,9.79,2659.0,1389.0,1270.0,10062.0,19.0,19.0,20.0,14.96,2469.0,854.0,1615.0,12531.0,16.0,16.0,17.0,9.91,,,,,,,,,,,,,,,,,,,,,,,,,
e6792f7d-aa54-4878-b706-558a48506ccd,2025-11-29 10:00:51 UTC,False,16382.0,CFOP,Gan 12 UI Maglev,RandomForest,26095.0,16382.0,,,gan12,custom_rules,,,,8.0,0.0,0.0,16382.0,69.0,71.0,77.0,4.21,8023.0,8359.0,1734.0,0.0,1734.0,1734.0,7.0,7.0,7.0,4.04,2213.0,701.0,1512.0,3947.0,7.0,7.0,8.0,4.63,2783.0,1969.0,814.0,6730.0,9.0,9.0,10.0,11.06,1853.0,1225.0,628.0,8583.0,8.0,8.0,10.0,12.74,2502.0,1825.0,677.0,11085.0,8.0,8.0,8.0,11.82,2352.0,1315.0,1037.0,13437.0,12.0,14.0,15.0,11.57,2945.0,988.0,1957.0,16382.0,18.0,18.0,19.0,9.2,,,,,,,,,,,,,,,,,,,,,,,,,
40499bbd-8790-4f70-a74e-8b4eae124402,2025-11-29 10:01:33 UTC,False,21999.0,CFOP,Gan 12 UI Maglev,RandomForest,12748.0,21999.0,,,gan12,custom_rules,,,,8.0,0.0,0.0,21999.0,65.0,65.0,80.0,2.95,6865.0,15134.0,1160.0,0.0,1160.0,1160.0,6.0,6.0,6.0,5.17,4319.0,186.0,4133.0,5479.0,11.0,11.0,12.0,2.66,2327.0,1054.0,1273.0,7806.0,7.0,7.0,8.0,5.5,2061.0,802.0,1259.0,9867.0,8.0,8.0,10.0,6.35,4555.0,799.0,3756.0,14422.0,11.0,11.0,14.0,2.93,2755.0,1313.0,1442.0,17177.0,10.0,10.0,14.0,6.93,4822.0,2711.0,2111.0,21999.0,12.0,12.0,16.0,5.68,,,,,,,,,,,,,,,,,,,,,,,,,
b809a189-3bbd-4722-8fe7-f2391ab2c6fc,2025-11-29 10:02:07 UTC,False,18067.0,CFOP,Gan 12 UI Maglev,RandomForest,7276.0,18067.0,,,gan12,custom_rules,,,,8.0,0.0,0.0,18067.0,74.0,75.0,81.0,4.1,6532.0,11052.0,2366.0,0.0,2366.0,2849.0,9.0,9.0,10.0,3.8,3592.0,1002.0,2590.0,6441.0,12.0,12.0,12.0,4.63,2744.0,534.0,2210.0,9185.0,15.0,15.0,16.0,6.79,2399.0,1481.0,918.0,11584.0,8.0,8.0,9.0,8.71,1581.0,1323.0,258.0,13165.0,5.0,5.0,5.0,19.38,1880.0,841.0,1039.0,15045.0,8.0,8.0,9.0,7.7,3022.0,1351.0,1671.0,18067.0,17.0,18.0,20.0,10.17,,,,,,,,,,,,,,,,,,,,,,,,,
6c4a3db4-ab68-4437-a36f-81b2cfb9affb,2025-11-29 10:03:08 UTC,False,18833.0,CFOP,Gan 12 UI Maglev,RandomForest,32598.0,18833.0,,,gan12,custom_rules,,,,8.0,0.0,0.0,18833.0,63.0,69.0,79.0,3.35,4931.0,13555.0,8986.0,0.0,8986.0,9333.0,22.0,28.0,34.0,2.45,0.0,0.0,0.0,9333.0,0.0,0.0,0.0,0.0,0.0,0.0,0.0,9333.0,0.0,0.0,0.0,0.0,3109.0,2174.0,935.0,12442.0,8.0,8.0,9.0,8.56,1757.0,839.0,918.0,14199.0,8.0,8.0,8.0,8.71,1989.0,1054.0,935.0,16188.0,11.0,11.0,12.0,11.76,2645.0,864.0,1781.0,18833.0,14.0,14.0,16.0,7.86,,,,,,,,,,,,,,,,,,,,,,,,,
182b7078-7501-4e4b-b358-fdc1c3b49a64,2025-11-29 10:03:48 UTC,False,16633.0,CFOP,Gan 12 UI Maglev,RandomForest,13578.0,16633.0,,,gan12,custom_rules,,,,8.0,0.0,0.0,16633.0,59.0,60.0,66.0,3.55,6277.0,10356.0,2036.0,0.0,2036.0,2036.0,5.0,5.0,7.0,2.46,1297.0,685.0,612.0,3333.0,6.0,7.0,7.0,9.8,3687.0,637.0,3050.0,7020.0,10.0,10.0,11.0,3.28,3019.0,2019.0,1000.0,10039.0,7.0,7.0,7.0,7.0,2941.0,1316.0,1625.0,12980.0,11.0,11.0,12.0,6.77,2124.0,1088.0,1036.0,15104.0,7.0,7.0,8.0,6.76,1529.0,532.0,997.0,16633.0,13.0,13.0,14.0,13.04,,,,,,,,,,,,,,,,,,,,,,,,,
874fba88-41a0-4ef2-9c6a-bf584e7190d8,2025-11-29 10:04:39 UTC,False,17166.0,CFOP,Gan 12 UI Maglev,RandomForest,20352.0,17166.0,,,gan12,custom_rules,,,,8.0,0.0,0.0,17166.0,63.0,63.0,73.0,3.67,7612.0,9554.0,1297.0,0.0,1297.0,1297.0,4.0,4.0,6.0,3.08,3071.0,1196.0,1875.0,4368.0,12.0,12.0,13.0,6.4,2983.0,2283.0,700.0,7351.0,6.0,6.0,7.0,8.57,3221.0,934.0,2287.0,10572.0,9.0,9.0,11.0,3.94,1105.0,711.0,394.0,11677.0,3.0,3.0,3.0,7.61,2273.0,1628.0,645.0,13950.0,9.0,9.0,11.0,13.95,3216.0,860.0,2356.0,17166.0,20.0,20.0,22.0,8.49,,,,,,,,,,,,,,,,,,,,,,,,,
c452254f-8710-4e73-979c-1f5536c128d2,2025-11-29 10:05:11 UTC,False,13492.0,CFOP,Gan 12 UI Maglev,RandomForest,8686.0,13492.0,,,gan12,custom_rules,,,,8.0,0.0,0.0,13492.0,58.0,59.0,69.0,4.3,6688.0,6804.0,1377.0,0.0,1377.0,1377.0,6.0,6.0,8.0,4.36,2310.0,1295.0,1015.0,3687.0,8.0,8.0,8.0,7.88,2116.0,1649.0,467.0,5803.0,4.0,4.0,5.0,8.57,2830.0,1713.0,1117.0,8633.0,9.0,9.0,14.0,8.06,1644.0,798.0,846.0,10277.0,7.0,7.0,8.0,8.27,1546.0,564.0,982.0,11823.0,10.0,11.0,11.0,10.18,1669.0,669.0,1000.0,13492.0,14.0,14.0,15.0,14.0,,,,,,,,,,,,,,,,,,,,,,,,,
27c0aa93-fd45-4885-a75d-581d676964ac,2025-11-29 10:05:59 UTC,False,14516.0,CFOP,Gan 12 UI Maglev,RandomForest,22103.0,14516.0,,,gan12,custom_rules,,,,8.0,0.0,0.0,14516.0,62.0,63.0,74.0,4.27,4732.0,9752.0,2273.0,0.0,2273.0,2305.0,7.0,7.0,9.0,3.08,0.0,0.0,0.0,2305.0,0.0,0.0,0.0,0.0,1336.0,485.0,851.0,3641.0,6.0,7.0,7.0,7.05,1696.0,1160.0,536.0,5337.0,6.0,6.0,7.0,11.19,4334.0,1065.0,3269.0,9671.0,18.0,18.0,20.0,5.51,1636.0,677.0,959.0,11307.0,8.0,8.0,9.0,8.34,3209.0,1345.0,1864.0,14516.0,17.0,17.0,22.0,9.12,,,,,,,,,,,,,,,,,,,,,,,,,
52df6e41-090d-4396-ac98-0a588cca5ba8,2025-11-29 10:06:42 UTC,False,18953.0,CFOP,Gan 12 UI Maglev,RandomForest,12801.0,18953.0,,,gan12,custom_rules,,,,8.0,0.0,0.0,18953.0,75.0,81.0,97.0,3.96,4251.0,14702.0,7115.0,0.0,7115.0,7115.0,21.0,23.0,28.0,2.95,0.0,0.0,0.0,7115.0,0.0,0.0,0.0,0.0,2217.0,606.0,1611.0,9332.0,11.0,11.0,12.0,6.83,2899.0,585.0,2314.0,12231.0,11.0,11.0,12.0,4.75,2257.0,1322.0,935.0,14488.0,12.0,12.0,13.0,12.83,2081.0,1066.0,1015.0,16569.0,9.0,9.0,12.0,8.87,2384.0,672.0,1712.0,18953.0,11.0,15.0,20.0,6.43,,,,,,,,,,,,,,,,,,,,,,,,,
ce945691-279b-4a24-9555-6bc2a8395e06,2025-11-29 10:07:44 UTC,False,13971.0,CFOP,Gan 12 UI Maglev,RandomForest,39623.0,13971.0,,,gan12,custom_rules,,,,8.0,0.0,0.0,13971.0,59.0,60.0,71.0,4.22,7607.0,6364.0,944.0,0.0,944.0,944.0,4.0,4.0,5.0,4.24,515.0,266.0,249.0,1459.0,3.0,3.0,3.0,12.05,3098.0,2131.0,967.0,4557.0,9.0,9.0,10.0,9.31,3455.0,2399.0,1056.0,8012.0,7.0,7.0,7.0,6.63,1428.0,574.0,854.0,9440.0,10.0,10.0,11.0,11.71,1925.0,942.0,983.0,11365.0,10.0,10.0,15.0,10.17,2606.0,1295.0,1311.0,13971.0,16.0,17.0,20.0,12.2,,,,,,,,,,,,,,,,,,,,,,,,,
fcdbe08b-1a1f-4d8a-a88a-8bee7d235da1,2025-11-29 10:08:16 UTC,False,19257.0,CFOP,Gan 12 UI Maglev,RandomForest,5025.0,19257.0,,,gan12,custom_rules,,,,8.0,0.0,0.0,19257.0,65.0,67.0,76.0,3.38,9415.0,9842.0,3185.0,0.0,3185.0,3185.0,8.0,8.0,10.0,2.51,2590.0,1426.0,1164.0,5775.0,7.0,7.0,9.0,6.01,1879.0,1314.0,565.0,7654.0,5.0,5.0,6.0,8.85,1801.0,1092.0,709.0,9455.0,8.0,8.0,9.0,11.28,3120.0,2508.0,612.0,12575.0,6.0,6.0,6.0,9.8,1771.0,749.0,1022.0,14346.0,13.0,13.0,13.0,12.72,4911.0,2326.0,2585.0,19257.0,18.0,20.0,23.0,6.96,,,,,,,,,,,,,,,,,,,,,,,,,
d5f7562e-37f2-42b8-a6bc-8082a99d98f4,2025-11-29 10:09:04 UTC,False,15316.0,CFOP,Gan 12 UI Maglev,RandomForest,23596.0,15316.0,,,gan12,custom_rules,,,,8.0,0.0,0.0,15316.0,58.0,59.0,69.0,3.79,5099.0,10161.0,3718.0,0.0,3718.0,3774.0,9.0,9.0,14.0,2.42,0.0,0.0,0.0,3774.0,0.0,0.0,0.0,0.0,2850.0,355.0,2495.0,6624.0,13.0,13.0,13.0,5.21,1456.0,618.0,838.0,8080.0,8.0,8.0,9.0,9.55,2948.0,2481.0,467.0,11028.0,8.0,8.0,9.0,17.13,2014.0,660.0,1354.0,13042.0,10.0,11.0,11.0,7.39,2274.0,985.0,1289.0,15316.0,10.0,10.0,13.0,7.76,,,,,,,,,,,,,,,,,,,,,,,,,
b0eb39d5-6981-4bf8-a87c-fc0928f83b7f,2025-11-29 10:10:25 UTC,False,39818.0,CFOP,Gan 12 UI Maglev,RandomForest,29088.0,39818.0,,,gan12,custom_rules,,,,8.0,0.0,0.0,39818.0,124.0,135.0,158.0,3.11,3603.0,36215.0,8090.0,0.0,8090.0,8090.0,24.0,28.0,32.0,2.97,0.0,0.0,0.0,8090.0,0.0,0.0,0.0,0.0,0.0,0.0,0.0,8090.0,0.0,0.0,0.0,0.0,2936.0,967.0,1969.0,11026.0,11.0,11.0,12.0,5.59,1652.0,1032.0,620.0,12678.0,8.0,8.0,10.0,12.9,2647.0,758.0,1889.0,15325.0,10.0,10.0,13.0,5.29,24493.0,846.0,23647.0,39818.0,71.0,78.0,91.0,3.0,,,,,,,,,,,,,,,,,,,,,,,,,
3c8c8dd0-8d0f-444d-b735-bfaa498533bd,2025-11-29 10:11:07 UTC,False,15853.0,CFOP,Gan 12 UI Maglev,RandomForest,18645.0,15853.0,,,gan12,custom_rules,,,,8.0,0.0,0.0,15853.0,58.0,64.0,78.0,3.66,6729.0,9124.0,1418.0,0.0,1418.0,1418.0,6.0,6.0,7.0,4.23,2384.0,1119.0,1265.0,3802.0,8.0,8.0,9.0,6.32,3374.0,1420.0,1954.0,7176.0,7.0,7.0,8.0,3.58,2549.0,1647.0,902.0,9725.0,8.0,8.0,9.0,8.87,1499.0,911.0,588.0,11224.0,9.0,9.0,9.0,15.31,1790.0,655.0,1135.0,13014.0,9.0,9.0,12.0,7.93,2839.0,977.0,1862.0,15853.0,11.0,17.0,24.0,5.91,,,,,,,,,,,,,,,,,,,,,,,,,
2091d4d2-5cc5-405d-b94e-448ca6ad8228,2025-11-29 10:11:34 UTC,False,13054.0,CFOP,Gan 12 UI Maglev,RandomForest,5376.0,13054.0,,,gan12,custom_rules,,,,8.0,0.0,0.0,13054.0,65.0,65.0,70.0,4.98,5396.0,7658.0,1063.0,0.0,1063.0,1063.0,6.0,6.0,6.0,5.64,2281.0,976.0,1305.0,3344.0,7.0,7.0,8.0,5.36,1494.0,495.0,999.0,4838.0,8.0,8.0,10.0,8.01,1343.0,667.0,676.0,6181.0,7.0,7.0,7.0,10.36,1658.0,974.0,684.0,7839.0,8.0,8.0,9.0,11.7,2899.0,1076.0,1823.0,10738.0,14.0,14.0,14.0,7.68,2316.0,1208.0,1108.0,13054.0,15.0,15.0,16.0,13.54,,,,,,,,,,,,,,,,,,,,,,,,,
1c855795-5f45-44c8-acde-99c3999720b9,2025-11-29 10:12:06 UTC,False,18631.0,CFOP,Gan 12 UI Maglev,RandomForest,4095.0,18631.0,,,gan12,custom_rules,,,,8.0,0.0,0.0,18631.0,78.0,79.0,84.0,4.19,6831.0,11800.0,1346.0,0.0,1346.0,1346.0,6.0,6.0,6.0,4.46,2161.0,563.0,1598.0,3507.0,11.0,11.0,11.0,6.88,3583.0,1465.0,2118.0,7090.0,11.0,11.0,13.0,5.19,1961.0,798.0,1163.0,9051.0,6.0,7.0,7.0,5.16,2453.0,1275.0,1178.0,11504.0,8.0,8.0,10.0,6.79,3579.0,1201.0,2378.0,15083.0,18.0,18.0,18.0,7.57,3548.0,1529.0,2019.0,18631.0,18.0,18.0,19.0,8.92,,,,,,,,,,,,,,,,,,,,,,,,,
d1cd3d43-e48f-4f17-be25-97bc5aca0ae8,2025-11-29 10:12:46 UTC,False,23972.0,CFOP,Gan 12 UI Maglev,RandomForest,6089.0,23972.0,,,gan12,custom_rules,,,,8.0,0.0,0.0,23972.0,83.0,87.0,90.0,3.46,5298.0,18674.0,3482.0,0.0,3482.0,3482.0,11.0,11.0,12.0,3.16,1412.0,218.0,1194.0,4894.0,7.0,7.0,7.0,5.86,7485.0,1166.0,6319.0,12379.0,13.0,14.0,14.0,2.06,1487.0,653.0,834.0,13866.0,8.0,8.0,8.0,9.59,3594.0,838.0,2756.0,17460.0,11.0,13.0,13.0,3.99,3460.0,1069.0,2391.0,20920.0,17.0,17.0,17.0,7.11,3052.0,1354.0,1698.0,23972.0,16.0,17.0,19.0,9.42,,,,,,,,,,,,,,,,,,,,,,,,,
049509d9-1982-44d5-a798-b18f5e5edcc8,2025-11-29 10:13:37 UTC,False,20902.0,CFOP,Gan 12 UI Maglev,RandomForest,19374.0,20902.0,,,gan12,custom_rules,,,,8.0,0.0,0.0,20902.0,64.0,69.0,83.0,3.06,3347.0,17555.0,13120.0,0.0,13120.0,13120.0,29.0,29.0,34.0,2.21,0.0,0.0,0.0,13120.0,0.0,0.0,0.0,0.0,0.0,0.0,0.0,13120.0,0.0,0.0,0.0,0.0,2075.0,1069.0,1006.0,15195.0,8.0,8.0,9.0,7.95,936.0,153.0,783.0,16131.0,7.0,7.0,7.0,8.94,1897.0,653.0,1244.0,18028.0,10.0,10.0,10.0,8.04,2874.0,1472.0,1402.0,20902.0,11.0,16.0,23.0,7.85,,,,,,,,,,,,,,,,,,,,,,,,,
8fa55d3a-5dd3-4046-9d88-4d3d3910bcff,2025-11-29 10:14:10 UTC,False,17266.0,CFOP,Gan 12 UI Maglev,RandomForest,5490.0,17266.0,,,gan12,custom_rules,,,,8.0,0.0,0.0,17266.0,62.0,68.0,84.0,3.59,8975.0,8291.0,2409.0,0.0,2409.0,2409.0,7.0,7.0,9.0,2.91,2691.0,1538.0,1153.0,5100.0,10.0,11.0,12.0,8.67,1922.0,1362.0,560.0,7022.0,8.0,8.0,9.0,14.29,2922.0,2276.0,646.0,9944.0,9.0,9.0,10.0,13.93,2139.0,1233.0,906.0,12083.0,9.0,9.0,9.0,9.93,2115.0,1153.0,962.0,14198.0,10.0,10.0,14.0,10.4,3068.0,1413.0,1655.0,17266.0,9.0,14.0,21.0,5.44,,,,,,,,,,,,,,,,,,,,,,,,,
2cf4a022-56eb-437c-8278-266d7170915e,2025-11-29 10:14:51 UTC,False,18398.0,CFOP,Gan 12 UI Maglev,RandomForest,14441.0,18398.0,,,gan12,custom_rules,,,,8.0,0.0,0.0,18398.0,89.0,90.0,97.0,4.84,4164.0,14194.0,1120.0,0.0,1120.0,1160.0,5.0,5.0,6.0,4.46,3753.0,314.0,3439.0,4913.0,20.0,20.0,21.0,5.82,1937.0,298.0,1639.0,6850.0,11.0,11.0,13.0,6.71,2199.0,789.0,1410.0,9049.0,8.0,8.0,8.0,5.67,1576.0,449.0,1127.0,10625.0,12.0,12.0,12.0,10.65,3835.0,1053.0,2782.0,14460.0,19.0,19.0,19.0,6.83,3938.0,1261.0,2677.0,18398.0,14.0,15.0,18.0,5.23,,,,,,,,,,,,,,,,,,,,,,,,,
e118ec63-5d0f-4290-a18b-fb980677b3a1,2025-11-29 10:15:25 UTC,False,16900.0,CFOP,Gan 12 UI Maglev,RandomForest,8067.0,16900.0,,,gan12,custom_rules,,,,8.0,0.0,0.0,16900.0,63.0,66.0,75.0,3.73,7093.0,9751.0,1176.0,0.0,1176.0,1232.0,6.0,7.0,8.0,5.1,2523.0,1147.0,1376.0,3755.0,8.0,8.0,10.0,5.81,1987.0,943.0,1044.0,5742.0,8.0,8.0,9.0,7.66,3137.0,660.0,2477.0,8879.0,11.0,11.0,12.0,4.44,2673.0,1892.0,781.0,11552.0,8.0,8.0,8.0,10.24,2162.0,1131.0,1031.0,13714.0,8.0,8.0,10.0,7.76,3186.0,1320.0,1866.0,16900.0,14.0,16.0,18.0,7.5,,,,,,,,,,,,,,,,,,,,,,,,,
07291e05-f418-4e65-b033-c26f885a7840,2025-11-29 10:15:59 UTC,False,17300.0,CFOP,Gan 12 UI Maglev,RandomForest,7179.0,17300.0,,,gan12,custom_rules,,,,8.0,0.0,0.0,17300.0,55.0,55.0,62.0,3.18,7109.0,10191.0,5237.0,0.0,5237.0,5237.0,11.0,11.0,13.0,2.1,0.0,0.0,0.0,5237.0,0.0,0.0,0.0,0.0,1366.0,803.0,563.0,6603.0,6.0,6.0,8.0,10.66,2864.0,2622.0,242.0,9467.0,5.0,5.0,5.0,20.66,2665.0,1393.0,1272.0,12132.0,9.0,9.0,9.0,7.08,2313.0,889.0,1424.0,14445.0,13.0,13.0,13.0,9.13,2855.0,1402.0,1453.0,17300.0,11.0,11.0,14.0,7.57,,,,,,,,,,,,,,,,,,,,,,,,,
bb0abcb4-4f25-46e4-ae7a-3d81c6f91674,2025-11-29 10:16:33 UTC,False,19548.0,CFOP,Gan 12 UI Maglev,RandomForest,6075.0,19548.0,,,gan12,custom_rules,,,,8.0,0.0,0.0,19548.0,84.0,84.0,92.0,4.3,8371.0,11177.0,2010.0,0.0,2010.0,2010.0,8.0,8.0,9.0,3.98,3035.0,1823.0,1212.0,5045.0,9.0,9.0,9.0,7.43,1950.0,1064.0,886.0,6995.0,8.0,8.0,10.0,9.03,3588.0,830.0,2758.0,10583.0,17.0,17.0,19.0,6.16,3800.0,2312.0,1488.0,14383.0,14.0,14.0,15.0,9.41,2426.0,1145.0,1281.0,16809.0,11.0,11.0,12.0,8.59,2739.0,1197.0,1542.0,19548.0,17.0,17.0,18.0,11.02,,,,,,,,,,,,,,,,,,,,,,,,,
952dd35f-ea89-4e6d-9f18-dbd54db6c7d1,2025-11-29 10:17:17 UTC,False,17160.0,CFOP,Gan 12 UI Maglev,RandomForest,18264.0,17160.0,,,gan12,custom_rules,,,,8.0,0.0,0.0,17160.0,71.0,74.0,89.0,4.14,6402.0,10758.0,1533.0,0.0,1533.0,1533.0,6.0,6.0,8.0,3.91,1520.0,1233.0,287.0,3053.0,4.0,4.0,4.0,13.94,1152.0,427.0,725.0,4205.0,11.0,11.0,11.0,15.17,1869.0,1014.0,855.0,6074.0,9.0,9.0,10.0,10.53,2928.0,1823.0,1105.0,9002.0,10.0,10.0,12.0,9.05,2941.0,1101.0,1840.0,11943.0,14.0,14.0,14.0,7.61,5217.0,804.0,4413.0,17160.0,18.0,21.0,30.0,4.08,,,,,,,,,,,,,,,,,,,,,,,,,
388ea42d-cf81-49bf-b4f4-cd6ae505e5ad,2025-11-29 10:17:51 UTC,False,13160.0,CFOP,Gan 12 UI Maglev,RandomForest,5408.0,13160.0,,,gan12,custom_rules,,,,8.0,0.0,0.0,13160.0,65.0,66.0,74.0,4.94,4673.0,8487.0,1772.0,0.0,1772.0,1772.0,8.0,8.0,9.0,4.51,2010.0,863.0,1147.0,3782.0,8.0,9.0,9.0,6.97,1136.0,911.0,225.0,4918.0,4.0,4.0,5.0,17.78,1306.0,420.0,886.0,6224.0,8.0,8.0,10.0,9.03,1394.0,257.0,1137.0,7618.0,9.0,9.0,10.0,7.92,1994.0,1164.0,830.0,9612.0,12.0,12.0,12.0,14.46,3548.0,1058.0,2490.0,13160.0,16.0,16.0,19.0,6.43,,,,,,,,,,,,,,,,,,,,,,,,,
115937c1-25a6-4fdb-8732-4815f36cad19,2025-11-29 10:18:39 UTC,False,13573.0,CFOP,Gan 12 UI Maglev,RandomForest,25981.0,13573.0,,,gan12,custom_rules,,,,8.0,0.0,0.0,13573.0,56.0,61.0,68.0,4.13,5094.0,8479.0,2091.0,0.0,2091.0,2091.0,7.0,7.0,7.0,3.35,814.0,572.0,242.0,2905.0,4.0,4.0,4.0,16.53,2174.0,652.0,1522.0,5079.0,7.0,7.0,7.0,4.6,1739.0,1055.0,684.0,6818.0,8.0,8.0,10.0,11.7,2315.0,1058.0,1257.0,9133.0,11.0,11.0,12.0,8.75,1226.0,702.0,524.0,10359.0,9.0,9.0,9.0,17.18,3214.0,1055.0,2159.0,13573.0,10.0,15.0,19.0,4.63,,,,,,,,,,,,,,,,,,,,,,,,,
34d3dcc8-f128-49d3-80b0-db250079e870,2025-11-29 10:19:12 UTC,False,17804.0,CFOP,Gan 12 UI Maglev,RandomForest,5232.0,17804.0,,,gan12,custom_rules,,,,8.0,0.0,0.0,17804.0,89.0,91.0,98.0,5.0,3910.0,13805.0,1622.0,0.0,1622.0,1711.0,6.0,6.0,7.0,3.7,2191.0,403.0,1788.0,3902.0,12.0,13.0,15.0,6.71,1559.0,386.0,1173.0,5461.0,8.0,9.0,9.0,6.82,1212.0,536.0,676.0,6673.0,8.0,8.0,9.0,11.83,1902.0,838.0,1064.0,8575.0,12.0,12.0,12.0,11.28,4127.0,886.0,3241.0,12702.0,18.0,18.0,20.0,5.55,5102.0,861.0,4241.0,17804.0,25.0,25.0,26.0,5.89,,,,,,,,,,,,,,,,,,,,,,,,,
971316ae-58f7-4cff-b52a-45e6b2f671a0,2025-11-29 10:19:47 UTC,False,17621.0,CFOP,Gan 12 UI Maglev,RandomForest,4878.0,17621.0,,,gan12,custom_rules,,,,8.0,0.0,0.0,17621.0,80.0,80.0,89.0,4.54,5792.0,11829.0,1217.0,0.0,1217.0,1217.0,6.0,6.0,7.0,4.93,1376.0,836.0,540.0,2593.0,8.0,8.0,9.0,14.81,3044.0,953.0,2091.0,5637.0,11.0,11.0,13.0,5.26,2216.0,1773.0,443.0,7853.0,8.0,8.0,8.0,18.06,4840.0,589.0,4251.0,12693.0,19.0,19.0,21.0,4.47,1961.0,709.0,1252.0,14654.0,10.0,10.0,13.0,7.99,2967.0,932.0,2035.0,17621.0,18.0,18.0,18.0,8.85,,,,,,,,,,,,,,,,,,,,,,,,,
60461d68-8b17-4f52-ac1f-d4d2748833a5,2025-11-29 10:20:27 UTC,False,23331.0,CFOP,Gan 12 UI Maglev,RandomForest,8321.0,23331.0,,,gan12,custom_rules,,,,8.0,0.0,0.0,23331.0,88.0,88.0,96.0,3.77,4679.0,18652.0,4501.0,0.0,4501.0,4501.0,11.0,11.0,12.0,2.44,9089.0,242.0,8847.0,13590.0,32.0,32.0,35.0,3.62,0.0,0.0,0.0,13590.0,0.0,0.0,0.0,0.0,1683.0,805.0,878.0,15273.0,8.0,8.0,10.0,9.11,1778.0,1053.0,725.0,17051.0,7.0,7.0,7.0,9.66,2428.0,1220.0,1208.0,19479.0,14.0,14.0,14.0,11.59,3852.0,1359.0,2493.0,23331.0,16.0,16.0,18.0,6.42,,,,,,,,,,,,,,,,,,,,,,,,,
fa943e09-236c-4293-bbb5-1952c51db6ef,2025-11-29 10:21:03 UTC,False,15182.0,CFOP,Gan 12 UI Maglev,RandomForest,12304.0,15182.0,,,gan12,custom_rules,,,,8.0,0.0,0.0,15182.0,67.0,67.0,80.0,4.41,7080.0,8102.0,1960.0,0.0,1960.0,1960.0,7.0,7.0,9.0,3.57,1972.0,1375.0,597.0,3932.0,8.0,8.0,10.0,13.4,1576.0,645.0,931.0,5508.0,5.0,5.0,7.0,5.37,1506.0,748.0,758.0,7014.0,8.0,8.0,10.0,10.55,2766.0,2278.0,488.0,9780.0,8.0,8.0,11.0,16.39,2293.0,1349.0,944.0,12073.0,12.0,12.0,13.0,12.71,3109.0,685.0,2424.0,15182.0,19.0,19.0,20.0,7.84,,,,,,,,,,,,,,,,,,,,,,,,,
ff8a2fdb-969d-482f-8799-4b80612d60a3,2025-11-29 10:21:55 UTC,False,21688.0,CFOP,Gan 12 UI Maglev,RandomForest,17041.0,21688.0,,,gan12,custom_rules,,,,8.0,0.0,0.0,21688.0,60.0,65.0,77.0,2.77,10001.0,11687.0,2775.0,0.0,2775.0,2775.0,10.0,10.0,10.0,3.6,1700.0,910.0,790.0,4475.0,5.0,5.0,6.0,6.33,3346.0,2685.0,661.0,7821.0,6.0,6.0,7.0,9.08,5271.0,1667.0,3604.0,13092.0,12.0,12.0,12.0,3.33,2109.0,1088.0,1021.0,15201.0,8.0,8.0,9.0,7.84,3048.0,1570.0,1478.0,18249.0,8.0,8.0,10.0,5.41,3439.0,2081.0,1358.0,21688.0,11.0,16.0,23.0,8.1,,,,,,,,,,,,,,,,,,,,,,,,,
101b745f-707a-4977-a268-2f2f0c777912,2025-11-29 10:22:32 UTC,False,15723.0,CFOP,Gan 12 UI Maglev,RandomForest,13157.0,15723.0,,,gan12,custom_rules,,,,8.0,0.0,0.0,15723.0,44.0,45.0,51.0,2.8,8173.0,7550.0,3659.0,0.0,3659.0,3659.0,10.0,11.0,11.0,2.73,2940.0,2529.0,411.0,6599.0,5.0,5.0,6.0,12.17,2453.0,1907.0,546.0,9052.0,7.0,7.0,9.0,12.82,2575.0,854.0,1721.0,11627.0,7.0,7.0,8.0,4.07,1641.0,1423.0,218.0,13268.0,3.0,3.0,3.0,13.76,1713.0,718.0,995.0,14981.0,11.0,11.0,12.0,11.06,742.0,742.0,0.0,15723.0,1.0,1.0,2.0,,,,,,,,,,,,,,,,,,,,,,,,,,
09709392-8202-4d0a-b648-701ce50ef405,2025-11-29 10:23:21 UTC,False,15855.0,CFOP,Gan 12 UI Maglev,RandomForest,22513.0,15855.0,,,gan12,custom_rules,,,,8.0,0.0,0.0,15855.0,67.0,69.0,72.0,4.23,6880.0,8975.0,1161.0,0.0,1161.0,1161.0,5.0,5.0,5.0,4.31,1795.0,893.0,902.0,2956.0,8.0,8.0,8.0,8.87,1587.0,1241.0,346.0,4543.0,5.0,5.0,6.0,14.45,2352.0,1764.0,588.0,6895.0,9.0,9.0,10.0,15.31,3140.0,971.0,2169.0,10035.0,11.0,11.0,12.0,5.07,2074.0,846.0,1228.0,12109.0,11.0,13.0,13.0,8.96,3746.0,1165.0,2581.0,15855.0,18.0,18.0,18.0,6.97,,,,,,,,,,,,,,,,,,,,,,,,,
0f391e28-a07c-4455-bbc5-71cd2443e170,2025-11-29 10:23:56 UTC,False,18854.0,CFOP,Gan 12 UI Maglev,RandomForest,8338.0,18854.0,,,gan12,custom_rules,,,,8.0,0.0,0.0,18854.0,65.0,66.0,77.0,3.45,8146.0,10604.0,2497.0,0.0,2497.0,2601.0,7.0,8.0,9.0,2.8,4165.0,1079.0,3086.0,6766.0,11.0,11.0,13.0,3.56,3493.0,2737.0,756.0,10259.0,8.0,8.0,10.0,10.58,1766.0,1033.0,733.0,12025.0,8.0,8.0,9.0,10.91,1926.0,1443.0,483.0,13951.0,7.0,7.0,7.0,14.49,1215.0,605.0,610.0,15166.0,7.0,7.0,8.0,11.48,3688.0,1249.0,2439.0,18854.0,17.0,17.0,21.0,6.97,,,,,,,,,,,,,,,,,,,,,,,,,
c5aff42d-5c76-4955-b874-4b78204c6c65,2025-11-29 10:24:22 UTC,False,11729.0,CFOP,Gan 12 UI Maglev,RandomForest,5968.0,11729.0,,,gan12,custom_rules,,,,8.0,0.0,0.0,11729.0,46.0,46.0,54.0,3.92,4412.0,7317.0,2730.0,0.0,2730.0,2730.0,8.0,8.0,8.0,2.93,1489.0,371.0,1118.0,4219.0,6.0,6.0,7.0,5.37,1187.0,639.0,548.0,5406.0,8.0,8.0,10.0,14.6,2526.0,1010.0,1516.0,7932.0,7.0,7.0,8.0,4.62,1482.0,1039.0,443.0,9414.0,8.0,8.0,9.0,18.06,0.0,0.0,0.0,9414.0,0.0,0.0,0.0,0.0,2315.0,1353.0,962.0,11729.0,9.0,9.0,12.0,9.36,,,,,,,,,,,,,,,,,,,,,,,,,
b4b5ebab-090b-40ac-bffb-5e921f0b81f2,2025-11-29 10:25:31 UTC,False,24109.0,CFOP,Gan 12 UI Maglev,RandomForest,34933.0,24109.0,,,gan12,custom_rules,,,,8.0,0.0,0.0,24109.0,81.0,81.0,90.0,3.36,6578.0,17531.0,3943.0,0.0,3943.0,3943.0,10.0,10.0,12.0,2.54,1809.0,1298.0,511.0,5752.0,6.0,6.0,6.0,11.74,5527.0,1217.0,4310.0,11279.0,12.0,12.0,13.0,2.78,5275.0,734.0,4541.0,16554.0,16.0,16.0,17.0,3.52,2085.0,1352.0,733.0,18639.0,8.0,8.0,9.0,10.91,2088.0,790.0,1298.0,20727.0,13.0,13.0,13.0,10.02,3382.0,1187.0,2195.0,24109.0,16.0,16.0,20.0,7.29,,,,,,,,,,,,,,,,,,,,,,,,,
929b196f-7779-4c67-b0c9-f2938fc825bd,2025-11-29 10:26:20 UTC,False,15267.0,CFOP,Gan 12 UI Maglev,RandomForest,26318.0,15267.0,,,gan12,custom_rules,,,,8.0,0.0,0.0,15267.0,67.0,67.0,69.0,4.39,5816.0,9451.0,1933.0,0.0,1933.0,1933.0,11.0,11.0,11.0,5.69,0.0,0.0,0.0,1933.0,0.0,0.0,0.0,0.0,3663.0,2229.0,1434.0,5596.0,11.0,11.0,11.0,7.67,4166.0,965.0,3201.0,9762.0,9.0,9.0,10.0,2.81,878.0,612.0,266.0,10640.0,5.0,5.0,5.0,18.8,2170.0,930.0,1240.0,12810.0,17.0,17.0,17.0,13.71,2457.0,1080.0,1377.0,15267.0,14.0,14.0,15.0,10.17,,,,,,,,,,,,,,,,,,,,,,,,,
bf73a132-d904-45d1-848e-09441900fe11,2025-11-29 10:27:07 UTC,False,14940.0,CFOP,Gan 12 UI Maglev,RandomForest,17452.0,14940.0,,,gan12,custom_rules,,,,8.0,0.0,0.0,14940.0,52.0,59.0,73.0,3.48,7582.0,7358.0,2101.0,0.0,2101.0,2101.0,8.0,8.0,9.0,3.81,2106.0,970.0,1136.0,4207.0,7.0,8.0,8.0,6.16,1643.0,1071.0,572.0,5850.0,6.0,6.0,8.0,10.49,1731.0,1513.0,218.0,7581.0,5.0,5.0,6.0,22.94,1923.0,1682.0,241.0,9504.0,5.0,5.0,6.0,20.75,1658.0,927.0,731.0,11162.0,9.0,9.0,9.0,12.31,3778.0,1419.0,2359.0,14940.0,12.0,18.0,27.0,5.09,,,,,,,,,,,,,,,,,,,,,,,,,
f7ad2ef6-f3d7-4b0b-9826-04b44ed53dcf,2025-11-29 10:28:13 UTC,False,18810.0,CFOP,Gan 12 UI Maglev,RandomForest,37069.0,18810.0,,,gan12,custom_rules,,,,8.0,0.0,0.0,18810.0,67.0,67.0,78.0,3.56,8529.0,10281.0,1498.0,0.0,1498.0,1498.0,6.0,6.0,8.0,4.01,854.0,589.0,265.0,2352.0,4.0,4.0,5.0,15.09,1717.0,524.0,1193.0,4069.0,9.0,9.0,11.0,7.54,6667.0,2551.0,4116.0,10736.0,16.0,16.0,16.0,3.89,2637.0,1977.0,660.0,13373.0,8.0,8.0,9.0,12.12,2732.0,1527.0,1205.0,16105.0,13.0,13.0,14.0,10.79,2705.0,1361.0,1344.0,18810.0,11.0,11.0,15.0,8.18,,,,,,,,,,,,,,,,,,,,,,,,,
a67ceaff-b497-4cf5-a091-cccc6fe0f9aa,2025-11-29 10:28:49 UTC,False,18622.0,CFOP,Gan 12 UI Maglev,RandomForest,7880.0,18622.0,,,gan12,custom_rules,,,,8.0,0.0,0.0,18622.0,73.0,74.0,85.0,3.92,7426.0,10954.0,1812.0,0.0,1812.0,2054.0,5.0,6.0,7.0,2.76,2424.0,1643.0,781.0,4478.0,8.0,8.0,8.0,10.24,2908.0,1119.0,1789.0,7386.0,12.0,12.0,12.0,6.71,2353.0,1444.0,909.0,9739.0,8.0,8.0,10.0,8.8,2739.0,1781.0,958.0,12478.0,8.0,8.0,10.0,8.35,2333.0,698.0,1635.0,14811.0,13.0,13.0,16.0,7.95,3811.0,741.0,3070.0,18622.0,19.0,19.0,22.0,6.19,,,,,,,,,,,,,,,,,,,,,,,,,
ca4cc94f-6042-403a-b729-9694be63aea9,2025-11-29 10:29:55 UTC,False,20938.0,CFOP,Gan 12 UI Maglev,RandomForest,35372.0,20938.0,,,gan12,custom_rules,,,,8.0,0.0,0.0,20938.0,80.0,82.0,95.0,3.82,6544.0,14329.0,5566.0,0.0,5566.0,5631.0,18.0,19.0,20.0,3.23,0.0,0.0,0.0,5631.0,0.0,0.0,0.0,0.0,2268.0,1946.0,322.0,7899.0,4.0,4.0,6.0,12.42,2071.0,1023.0,1048.0,9970.0,11.0,11.0,11.0,10.5,4207.0,1384.0,2823.0,14177.0,12.0,12.0,16.0,4.25,3334.0,784.0,2550.0,17511.0,18.0,18.0,21.0,7.06,3427.0,1407.0,2020.0,20938.0,17.0,18.0,21.0,8.42,,,,,,,,,,,,,,,,,,,,,,,,,
b9911d70-fb7f-4650-a257-645400b0f58b,2025-11-29 10:30:29 UTC,False,15472.0,CFOP,Gan 12 UI Maglev,RandomForest,8073.0,15472.0,,,gan12,custom_rules,,,,8.0,0.0,0.0,15472.0,68.0,70.0,78.0,4.4,5042.0,10430.0,3413.0,0.0,3413.0,3413.0,12.0,12.0,15.0,3.52,0.0,0.0,0.0,3413.0,0.0,0.0,0.0,0.0,1825.0,395.0,1430.0,5238.0,11.0,11.0,12.0,7.69,2825.0,2092.0,733.0,8063.0,7.0,8.0,9.0,9.55,668.0,427.0,241.0,8731.0,3.0,3.0,3.0,12.45,2782.0,927.0,1855.0,11513.0,17.0,17.0,17.0,9.16,3959.0,1201.0,2758.0,15472.0,18.0,19.0,22.0,6.53,,,,,,,,,,,,,,,,,,,,,,,,,
70ea5149-aef1-4a75-80a2-d9ecb107a7c9,2025-11-29 10:30:54 UTC,False,12980.0,CFOP,Gan 12 UI Maglev,RandomForest,3166.0,12980.0,,,gan12,custom_rules,,,,8.0,0.0,0.0,12980.0,61.0,62.0,70.0,4.7,5148.0,7832.0,1530.0,0.0,1530.0,1530.0,5.0,5.0,5.0,3.27,2243.0,629.0,1614.0,3773.0,9.0,9.0,9.0,5.58,1999.0,862.0,1137.0,5772.0,8.0,8.0,9.0,7.04,1074.0,435.0,639.0,6846.0,8.0,8.0,9.0,12.52,1799.0,1247.0,552.0,8645.0,8.0,8.0,9.0,14.49,2537.0,1224.0,1313.0,11182.0,11.0,11.0,14.0,8.38,1798.0,751.0,1047.0,12980.0,12.0,13.0,15.0,11.46,,,,,,,,,,,,,,,,,,,,,,,,,
6a70b896-7600-4662-89b6-0c4093fbf989,2025-11-29 10:31:49 UTC,False,21140.0,CFOP,Gan 12 UI Maglev,RandomForest,23777.0,21140.0,,,gan12,custom_rules,,,,8.0,0.0,0.0,21140.0,56.0,56.0,66.0,2.65,5813.0,15327.0,6467.0,0.0,6467.0,6467.0,6.0,6.0,7.0,0.93,798.0,605.0,193.0,7265.0,4.0,4.0,4.0,20.73,4128.0,1703.0,2425.0,11393.0,8.0,8.0,11.0,3.3,3165.0,218.0,2947.0,14558.0,11.0,11.0,13.0,3.73,967.0,371.0,596.0,15525.0,8.0,8.0,8.0,13.42,1930.0,1141.0,789.0,17455.0,9.0,9.0,10.0,11.41,3685.0,1775.0,1910.0,21140.0,11.0,11.0,13.0,5.76,,,,,,,,,,,,,,,,,,,,,,,,,
a331051f-e9ac-46eb-b349-c165266825ec,2025-11-29 10:32:22 UTC,False,18088.0,CFOP,Gan 12 UI Maglev,RandomForest,5596.0,18088.0,,,gan12,custom_rules,,,,8.0,0.0,0.0,18088.0,79.0,79.0,84.0,4.37,6828.0,11260.0,1129.0,0.0,1129.0,1129.0,6.0,6.0,6.0,5.31,2650.0,973.0,1677.0,3779.0,11.0,11.0,12.0,6.56,1757.0,661.0,1096.0,5536.0,10.0,10.0,10.0,9.12,3562.0,726.0,2836.0,9098.0,9.0,9.0,10.0,3.17,2649.0,2043.0,606.0,11747.0,10.0,10.0,10.0,16.5,3303.0,1064.0,2239.0,15050.0,16.0,16.0,18.0,7.15,3038.0,1361.0,1677.0,18088.0,17.0,17.0,18.0,10.14,,,,,,,,,,,,,,,,,,,,,,,,,
4454eb90-c8ba-4306-aec7-a609ca3e081a,2025-11-29 10:33:28 UTC,False,19009.0,CFOP,Gan 12 UI Maglev,RandomForest,36325.0,19009.0,,,gan12,custom_rules,,,,8.0,0.0,0.0,19009.0,82.0,82.0,89.0,4.31,6422.0,12587.0,1321.0,0.0,1321.0,1321.0,6.0,6.0,6.0,4.54,2431.0,1249.0,1182.0,3752.0,9.0,9.0,11.0,7.61,3746.0,781.0,2965.0,7498.0,11.0,11.0,12.0,3.71,2297.0,604.0,1693.0,9795.0,9.0,9.0,11.0,5.32,1739.0,1262.0,477.0,11534.0,8.0,8.0,9.0,16.77,3908.0,912.0,2996.0,15442.0,22.0,22.0,23.0,7.34,3567.0,1614.0,1953.0,19009.0,17.0,17.0,17.0,8.7,,,,,,,,,,,,,,,,,,,,,,,,,
1438f52e-fa19-4a71-a59a-5134547759ce,2025-11-29 10:34:02 UTC,False,15126.0,CFOP,Gan 12 UI Maglev,RandomForest,8666.0,15126.0,,,gan12,custom_rules,,,,8.0,0.0,0.0,15126.0,63.0,66.0,73.0,4.17,7590.0,7302.0,1232.0,0.0,1232.0,1466.0,7.0,8.0,8.0,5.68,1924.0,1449.0,475.0,3390.0,6.0,6.0,6.0,12.63,3812.0,1626.0,2186.0,7202.0,12.0,12.0,15.0,5.49,1073.0,751.0,322.0,8275.0,3.0,3.0,3.0,9.32,2196.0,1608.0,588.0,10471.0,8.0,8.0,8.0,13.61,1663.0,741.0,922.0,12134.0,12.0,12.0,13.0,13.02,2992.0,1415.0,1577.0,15126.0,15.0,17.0,20.0,9.51,,,,,,,,,,,,,,,,,,,,,,,,,
ec09057b-bfa5-46f2-8504-4bc2332d7f90,2025-11-29 10:34:39 UTC,False,17630.0,CFOP,Gan 12 UI Maglev,RandomForest,9184.0,17630.0,,,gan12,custom_rules,,,,8.0,0.0,0.0,17630.0,63.0,65.0,72.0,3.57,9106.0,8524.0,1659.0,0.0,1659.0,1659.0,8.0,8.0,8.0,4.82,3203.0,2832.0,371.0,4862.0,5.0,5.0,6.0,13.48,1342.0,980.0,362.0,6204.0,5.0,5.0,5.0,13.81,3239.0,1610.0,1629.0,9443.0,9.0,9.0,11.0,5.52,2187.0,733.0,1454.0,11630.0,8.0,8.0,8.0,5.5,1939.0,1190.0,749.0,13569.0,10.0,11.0,11.0,13.35,4061.0,1761.0,2300.0,17630.0,18.0,19.0,23.0,7.83,,,,,,,,,,,,,,,,,,,,,,,,,
a94ab799-9961-4e1a-b284-22fe0e1fb43e,2025-11-29 10:35:15 UTC,False,19518.0,CFOP,Gan 12 UI Maglev,RandomForest,4331.0,19518.0,,,gan12,custom_rules,,,,8.0,0.0,0.0,19518.0,85.0,85.0,100.0,4.35,5983.0,13535.0,1956.0,0.0,1956.0,1956.0,7.0,7.0,9.0,3.58,3006.0,298.0,2708.0,4962.0,13.0,13.0,16.0,4.8,2935.0,1055.0,1880.0,7897.0,11.0,11.0,12.0,5.85,2659.0,1918.0,741.0,10556.0,12.0,12.0,13.0,16.19,2596.0,659.0,1937.0,13152.0,13.0,13.0,13.0,6.71,1283.0,724.0,559.0,14435.0,8.0,8.0,9.0,14.31,5083.0,1329.0,3754.0,19518.0,21.0,21.0,28.0,5.59,,,,,,,,,,,,,,,,,,,,,,,,,
5502beb4-80dc-4a28-a235-5ccf579efa03,2025-11-29 10:35:50 UTC,False,24385.0,CFOP,Gan 12 UI Maglev,RandomForest,2862.0,24385.0,,,gan12,custom_rules,,,,8.0,0.0,0.0,24385.0,83.0,85.0,95.0,3.4,7317.0,17068.0,1137.0,0.0,1137.0,1137.0,7.0,7.0,9.0,6.16,10042.0,1986.0,8056.0,11179.0,25.0,25.0,27.0,3.1,1386.0,1055.0,331.0,12565.0,5.0,5.0,5.0,15.11,3482.0,982.0,2500.0,16047.0,8.0,8.0,9.0,3.2,2141.0,1024.0,1117.0,18188.0,10.0,10.0,11.0,8.95,2768.0,1052.0,1716.0,20956.0,12.0,13.0,13.0,6.99,3429.0,1218.0,2211.0,24385.0,16.0,17.0,21.0,7.24,,,,,,,,,,,,,,,,,,,,,,,,,
a24410bc-8afe-4df1-a831-421e4c48947e,2025-11-29 10:36:38 UTC,False,17554.0,CFOP,Gan 12 UI Maglev,RandomForest,3403.0,17554.0,,,gan12,custom_rules,,,,8.0,0.0,0.0,17554.0,68.0,68.0,79.0,3.87,6778.0,10776.0,2823.0,0.0,2823.0,2823.0,8.0,8.0,9.0,2.83,2666.0,1058.0,1608.0,5489.0,12.0,12.0,13.0,7.46,2210.0,733.0,1477.0,7699.0,8.0,8.0,9.0,5.42,2985.0,1776.0,1209.0,10684.0,8.0,8.0,9.0,6.62,1983.0,623.0,1360.0,12667.0,11.0,11.0,12.0,8.09,1852.0,917.0,935.0,14519.0,10.0,10.0,11.0,10.7,3035.0,1671.0,1364.0,17554.0,11.0,11.0,16.0,8.06,,,,,,,,,,,,,,,,,,,,,,,,,
0f9d4817-4401-4798-8373-a73a71b3aeef,2025-11-29 10:37:20 UTC,False,24888.0,CFOP,Gan 12 UI Maglev,RandomForest,7192.0,24888.0,,,gan12,custom_rules,,,,8.0,0.0,0.0,24888.0,62.0,63.0,73.0,2.49,11840.0,13048.0,3708.0,0.0,3708.0,3708.0,8.0,8.0,11.0,2.16,3340.0,2696.0,644.0,7048.0,6.0,6.0,7.0,9.32,5181.0,3291.0,1890.0,12229.0,7.0,7.0,10.0,3.7,2467.0,1540.0,927.0,14696.0,8.0,8.0,8.0,8.63,2982.0,1798.0,1184.0,17678.0,9.0,9.0,10.0,7.6,1630.0,912.0,718.0,19308.0,6.0,6.0,6.0,8.36,5580.0,1603.0,3977.0,24888.0,18.0,19.0,21.0,4.53,,,,,,,,,,,,,,,,,,,,,,,,,
300862b6-bbfa-426d-a1de-39c3e2b32523,2025-11-29 10:37:54 UTC,False,20552.0,CFOP,Gan 12 UI Maglev,RandomForest,4795.0,20552.0,,,gan12,custom_rules,,,,8.0,0.0,0.0,20552.0,68.0,72.0,81.0,3.31,7683.0,12869.0,2510.0,0.0,2510.0,2510.0,6.0,6.0,7.0,2.39,2525.0,1525.0,1000.0,5035.0,8.0,8.0,8.0,8.0,2246.0,1432.0,814.0,7281.0,8.0,8.0,9.0,9.83,5193.0,655.0,4538.0,12474.0,12.0,12.0,13.0,2.64,2385.0,1684.0,701.0,14859.0,8.0,8.0,10.0,11.41,2462.0,1251.0,1211.0,17321.0,11.0,13.0,15.0,9.08,3231.0,1136.0,2095.0,20552.0,15.0,17.0,19.0,7.16,,,,,,,,,,,,,,,,,,,,,,,,,
ebcc85e8-6324-4752-902e-6c8a0f064737,2025-11-29 10:38:32 UTC,False,20625.0,CFOP,Gan 12 UI Maglev,RandomForest,6936.0,20625.0,,,gan12,custom_rules,,,,8.0,0.0,0.0,20625.0,77.0,79.0,87.0,3.73,8282.0,12343.0,1418.0,0.0,1418.0,1418.0,7.0,7.0,7.0,4.94,4068.0,1887.0,2181.0,5486.0,10.0,10.0,10.0,4.59,2718.0,2404.0,314.0,8204.0,4.0,4.0,4.0,12.74,2208.0,1426.0,782.0,10412.0,7.0,7.0,8.0,8.95,1517.0,760.0,757.0,11929.0,8.0,8.0,9.0,10.57,5767.0,468.0,5299.0,17696.0,26.0,26.0,29.0,4.91,2929.0,1337.0,1592.0,20625.0,15.0,17.0,20.0,9.42,,,,,,,,,,,,,,,,,,,,,,,,,
433b6ee4-902a-4d1c-9dca-51c2cf0ac821,2025-11-29 13:31:56 UTC,False,17995.0,CFOP,Gan 12 UI Maglev,RandomForest,28031.0,17995.0,,,gan12,custom_rules,,,,8.0,0.0,0.0,17995.0,67.0,70.0,79.0,3.72,6817.0,11178.0,4258.0,0.0,4258.0,4258.0,16.0,17.0,18.0,3.76,0.0,0.0,0.0,4258.0,0.0,0.0,0.0,0.0,3297.0,1487.0,1810.0,7555.0,12.0,12.0,13.0,6.63,1414.0,864.0,550.0,8969.0,6.0,6.0,8.0,10.91,3229.0,1820.0,1409.0,12198.0,6.0,6.0,7.0,4.26,2687.0,1527.0,1160.0,14885.0,12.0,14.0,15.0,10.34,3110.0,1119.0,1991.0,17995.0,15.0,15.0,18.0,7.53,,,,,,,,,,,,,,,,,,,,,,,,,
36208a8a-ed05-4c14-954e-f2f44e5f6f1f,2025-11-29 14:06:40 UTC,False,26116.0,CFOP,Gan 12 UI Maglev,RandomForest,10630.0,26116.0,,,gan12,custom_rules,,,,8.0,0.0,0.0,26116.0,73.0,73.0,79.0,2.8,11042.0,15074.0,2624.0,0.0,2624.0,2624.0,7.0,7.0,7.0,2.67,6599.0,5162.0,1437.0,9223.0,5.0,5.0,7.0,3.48,2173.0,777.0,1396.0,11396.0,8.0,8.0,9.0,5.73,5972.0,2695.0,3277.0,17368.0,11.0,11.0,11.0,3.36,2618.0,504.0,2114.0,19986.0,13.0,13.0,14.0,6.15,2813.0,1232.0,1581.0,22799.0,14.0,14.0,15.0,8.86,3317.0,672.0,2645.0,26116.0,15.0,15.0,16.0,5.67,,,,,,,,,,,,,,,,,,,,,,,,,
b29bbe6c-5eae-4eec-b432-1fafa8a7d354,2025-11-29 14:07:47 UTC,False,17806.0,CFOP,Gan 12 UI Maglev,RandomForest,39006.0,17806.0,,,gan12,custom_rules,,,,8.0,0.0,0.0,17806.0,62.0,64.0,71.0,3.48,8302.0,9504.0,1587.0,0.0,1587.0,1587.0,6.0,6.0,6.0,3.78,2274.0,932.0,1342.0,3861.0,11.0,11.0,11.0,8.2,3859.0,1753.0,2106.0,7720.0,9.0,9.0,10.0,4.27,2766.0,2300.0,466.0,10486.0,4.0,4.0,4.0,8.58,1332.0,1106.0,226.0,11818.0,4.0,4.0,4.0,17.7,2893.0,1013.0,1880.0,14711.0,13.0,13.0,17.0,6.91,3095.0,1198.0,1897.0,17806.0,15.0,17.0,19.0,7.91,,,,,,,,,,,,,,,,,,,,,,,,,
8c320f56-7781-4b73-875c-6302449b4f1d,2025-11-29 15:10:40 UTC,False,36724.0,CFOP,Gan 12 UI Maglev,RandomForest,18177.0,36724.0,,,gan12,custom_rules,,,,8.0,0.0,0.0,36724.0,92.0,96.0,111.0,2.51,12242.0,24370.0,13667.0,0.0,13667.0,13779.0,28.0,30.0,36.0,2.05,0.0,0.0,0.0,13779.0,0.0,0.0,0.0,0.0,0.0,0.0,0.0,13779.0,0.0,0.0,0.0,0.0,2366.0,1148.0,1218.0,16145.0,8.0,8.0,9.0,6.57,1265.0,452.0,813.0,17410.0,8.0,8.0,8.0,9.84,3878.0,2759.0,1119.0,21288.0,12.0,12.0,14.0,10.72,15436.0,7883.0,7553.0,36724.0,36.0,38.0,44.0,4.77,,,,,,,,,,,,,,,,,,,,,,,,,
6ce63ced-c261-469e-90a0-75f953ed7d30,2025-11-29 15:11:44 UTC,False,17089.0,CFOP,Gan 12 UI Maglev,RandomForest,14711.0,17089.0,,,gan12,custom_rules,,,,8.0,0.0,0.0,17089.0,69.0,71.0,81.0,4.04,7071.0,10018.0,1953.0,0.0,1953.0,1953.0,7.0,7.0,7.0,3.58,1735.0,475.0,1260.0,3688.0,8.0,8.0,8.0,6.35,1345.0,419.0,926.0,5033.0,11.0,11.0,12.0,11.88,2087.0,1313.0,774.0,7120.0,8.0,8.0,9.0,10.34,3179.0,2066.0,1113.0,10299.0,10.0,11.0,12.0,8.98,4038.0,1690.0,2348.0,14337.0,10.0,10.0,15.0,4.26,2752.0,1108.0,1644.0,17089.0,15.0,16.0,18.0,9.12,,,,,,,,,,,,,,,,,,,,,,,,,
a88cb497-7912-49df-b88d-fbba5af37875,2025-11-29 15:12:38 UTC,False,20630.0,CFOP,Gan 12 UI Maglev,RandomForest,17031.0,20630.0,,,gan12,custom_rules,,,,8.0,0.0,0.0,20630.0,71.0,74.0,79.0,3.44,7932.0,12626.0,1128.0,0.0,1128.0,1200.0,4.0,6.0,6.0,3.55,2487.0,1389.0,1098.0,3687.0,8.0,8.0,8.0,7.29,4696.0,2854.0,1842.0,8383.0,11.0,11.0,11.0,5.97,5789.0,378.0,5411.0,14172.0,16.0,16.0,17.0,2.96,1822.0,1153.0,669.0,15994.0,8.0,8.0,8.0,11.96,1636.0,976.0,660.0,17630.0,7.0,7.0,7.0,10.61,3000.0,1182.0,1818.0,20630.0,17.0,18.0,22.0,9.35,,,,,,,,,,,,,,,,,,,,,,,,,
2bf8a07e-c2f0-4d7d-b0a7-545940742dfc,2025-11-29 15:13:13 UTC,False,16435.0,CFOP,Gan 12 UI Maglev,RandomForest,9115.0,16435.0,,,gan12,custom_rules,,,,8.0,0.0,0.0,16435.0,72.0,72.0,78.0,4.38,5724.0,10639.0,2537.0,0.0,2537.0,2609.0,9.0,9.0,10.0,3.55,2417.0,1370.0,1047.0,5026.0,8.0,8.0,9.0,7.64,1719.0,898.0,821.0,6745.0,13.0,13.0,14.0,15.83,3126.0,201.0,2925.0,9871.0,11.0,11.0,11.0,3.76,2210.0,1517.0,693.0,12081.0,8.0,8.0,10.0,11.54,2115.0,666.0,1449.0,14196.0,8.0,8.0,8.0,5.52,2239.0,1072.0,1167.0,16435.0,15.0,15.0,16.0,12.85,,,,,,,,,,,,,,,,,,,,,,,,,
136f7f40-8383-4fdf-ae7f-553351c55fe8,2025-11-29 15:13:51 UTC,False,18073.0,CFOP,Gan 12 UI Maglev,RandomForest,11083.0,18073.0,,,gan12,custom_rules,,,,8.0,0.0,0.0,18073.0,78.0,80.0,91.0,4.32,5668.0,12235.0,1785.0,0.0,1785.0,1955.0,5.0,6.0,7.0,2.8,3719.0,1715.0,2004.0,5674.0,14.0,14.0,16.0,6.99,2611.0,1438.0,1173.0,8285.0,8.0,8.0,9.0,6.82,1032.0,275.0,757.0,9317.0,5.0,6.0,7.0,6.61,1403.0,469.0,934.0,10720.0,8.0,8.0,9.0,8.57,4134.0,1014.0,3120.0,14854.0,17.0,17.0,19.0,5.45,3219.0,757.0,2462.0,18073.0,22.0,22.0,24.0,8.94,,,,,,,,,,,,,,,,,,,,,,,,,
0d113198-e072-4c7b-9393-2847219db8b8,2025-11-29 15:14:27 UTC,False,18876.0,CFOP,Gan 12 UI Maglev,RandomForest,5881.0,18876.0,,,gan12,custom_rules,,,,8.0,0.0,0.0,18876.0,77.0,82.0,90.0,4.08,7786.0,11086.0,1173.0,0.0,1173.0,1177.0,6.0,7.0,8.0,5.12,3770.0,2730.0,1040.0,4947.0,8.0,8.0,9.0,7.69,1176.0,403.0,773.0,6123.0,8.0,8.0,9.0,10.35,2862.0,1570.0,1292.0,8985.0,9.0,9.0,10.0,6.97,1648.0,693.0,955.0,10633.0,8.0,8.0,9.0,8.38,5271.0,1122.0,4149.0,15904.0,22.0,24.0,25.0,5.3,2972.0,1268.0,1704.0,18876.0,16.0,18.0,20.0,9.39,,,,,,,,,,,,,,,,,,,,,,,,,
8fb9f53a-d8ec-4a6c-a558-bd26a7bad2f2,2025-11-29 15:15:33 UTC,False,14804.0,CFOP,Gan 12 UI Maglev,RandomForest,42459.0,14804.0,,,gan12,custom_rules,,,,8.0,0.0,0.0,14804.0,54.0,54.0,67.0,3.65,7521.0,7283.0,1225.0,0.0,1225.0,1225.0,5.0,5.0,6.0,4.08,1347.0,477.0,870.0,2572.0,6.0,6.0,6.0,6.9,1558.0,483.0,1075.0,4130.0,6.0,6.0,7.0,5.58,3401.0,2305.0,1096.0,7531.0,8.0,8.0,8.0,7.3,801.0,463.0,338.0,8332.0,3.0,3.0,4.0,8.88,3699.0,2853.0,846.0,12031.0,11.0,11.0,15.0,13.0,2773.0,940.0,1833.0,14804.0,17.0,17.0,21.0,9.27,,,,,,,,,,,,,,,,,,,,,,,,,
6e8ee3b1-6eeb-435f-ab40-b45843a041c2,2025-11-29 15:16:21 UTC,False,13261.0,CFOP,Gan 12 UI Maglev,RandomForest,25580.0,13261.0,,,gan12,custom_rules,,,,8.0,0.0,0.0,13261.0,61.0,63.0,73.0,4.6,5726.0,7462.0,991.0,0.0,991.0,1064.0,4.0,4.0,5.0,4.04,1073.0,330.0,743.0,2137.0,7.0,7.0,8.0,9.42,2250.0,1388.0,862.0,4387.0,9.0,10.0,10.0,10.44,2821.0,769.0,2052.0,7208.0,12.0,12.0,17.0,5.85,1996.0,1230.0,766.0,9204.0,8.0,8.0,9.0,10.44,1387.0,799.0,588.0,10591.0,6.0,6.0,6.0,10.2,2670.0,1210.0,1460.0,13261.0,15.0,16.0,18.0,10.27,,,,,,,,,,,,,,,,,,,,,,,,,
88ddb579-7ddd-4ed7-9761-4519edbafaf0,2025-11-29 15:16:59 UTC,False,16983.0,CFOP,Gan 12 UI Maglev,RandomForest,11342.0,16983.0,,,gan12,custom_rules,,,,8.0,0.0,0.0,16983.0,66.0,69.0,79.0,3.89,7951.0,9032.0,1665.0,0.0,1665.0,1665.0,4.0,4.0,7.0,2.4,1670.0,354.0,1316.0,3335.0,7.0,7.0,7.0,5.32,3317.0,1726.0,1591.0,6652.0,12.0,12.0,13.0,7.54,2537.0,1233.0,1304.0,9189.0,8.0,8.0,8.0,6.13,2715.0,2040.0,675.0,11904.0,10.0,10.0,13.0,14.81,2009.0,1257.0,752.0,13913.0,10.0,11.0,11.0,13.3,3070.0,1341.0,1729.0,16983.0,15.0,17.0,20.0,8.68,,,,,,,,,,,,,,,,,,,,,,,,,
5e90ff95-fc5b-4d6b-9b12-b324850b1528,2025-11-29 15:17:39 UTC,False,13705.0,CFOP,Gan 12 UI Maglev,RandomForest,17029.0,13705.0,,,gan12,custom_rules,,,,8.0,0.0,0.0,13705.0,65.0,69.0,78.0,4.74,6319.0,7386.0,1523.0,0.0,1523.0,1523.0,7.0,7.0,8.0,4.6,1305.0,725.0,580.0,2828.0,8.0,8.0,9.0,13.79,1976.0,913.0,1063.0,4804.0,8.0,8.0,9.0,7.53,1272.0,362.0,910.0,6076.0,8.0,8.0,8.0,8.79,2323.0,1751.0,572.0,8399.0,8.0,8.0,9.0,13.99,2977.0,1063.0,1914.0,11376.0,18.0,18.0,18.0,9.4,2329.0,1505.0,824.0,13705.0,8.0,12.0,17.0,9.71,,,,,,,,,,,,,,,,,,,,,,,,,
48f3ae5c-2284-4bf9-b7aa-8e38626f350f,2025-11-29 15:18:28 UTC,False,13119.0,CFOP,Gan 12 UI Maglev,RandomForest,24754.0,13119.0,,,gan12,custom_rules,,,,8.0,0.0,0.0,13119.0,51.0,57.0,73.0,3.89,3158.0,9961.0,5131.0,0.0,5131.0,5131.0,14.0,16.0,23.0,2.73,0.0,0.0,0.0,5131.0,0.0,0.0,0.0,0.0,0.0,0.0,0.0,5131.0,0.0,0.0,0.0,0.0,1927.0,235.0,1692.0,7058.0,11.0,11.0,12.0,6.5,1080.0,757.0,323.0,8138.0,5.0,5.0,5.0,15.48,2445.0,1071.0,1374.0,10583.0,12.0,12.0,14.0,8.73,2536.0,1095.0,1441.0,13119.0,9.0,13.0,19.0,6.25,,,,,,,,,,,,,,,,,,,,,,,,,
039f56ec-0b7a-4c19-b5e4-87f56df17b8f,2025-11-29 15:19:22 UTC,False,18656.0,CFOP,Gan 12 UI Maglev,RandomForest,25945.0,18656.0,,,gan12,custom_rules,,,,8.0,0.0,0.0,18656.0,63.0,67.0,80.0,3.38,6947.0,11637.0,4254.0,0.0,4254.0,4326.0,8.0,8.0,10.0,1.88,2918.0,1405.0,1513.0,7244.0,11.0,11.0,11.0,7.27,2570.0,1756.0,814.0,9814.0,6.0,6.0,7.0,7.37,3515.0,1144.0,2371.0,13329.0,10.0,10.0,12.0,4.22,1614.0,703.0,911.0,14943.0,7.0,7.0,7.0,7.68,1874.0,947.0,927.0,16817.0,12.0,12.0,14.0,12.94,1839.0,992.0,847.0,18656.0,9.0,13.0,19.0,10.63,,,,,,,,,,,,,,,,,,,,,,,,,
588e1c71-083d-43b5-a30a-33f9dc928690,2025-11-29 15:20:01 UTC,False,20876.0,CFOP,Gan 12 UI Maglev,RandomForest,7702.0,20876.0,,,gan12,custom_rules,,,,8.0,0.0,0.0,20876.0,79.0,79.0,92.0,3.78,5230.0,15646.0,1694.0,0.0,1694.0,1694.0,8.0,8.0,9.0,4.72,2871.0,403.0,2468.0,4565.0,10.0,10.0,11.0,4.05,2329.0,1571.0,758.0,6894.0,8.0,8.0,8.0,10.55,5896.0,1018.0,4878.0,12790.0,14.0,14.0,19.0,2.87,1489.0,620.0,869.0,14279.0,7.0,7.0,7.0,8.06,2125.0,829.0,1296.0,16404.0,12.0,12.0,13.0,9.26,4472.0,789.0,3683.0,20876.0,21.0,21.0,25.0,5.7,,,,,,,,,,,,,,,,,,,,,,,,,
98e6f7b5-b8ac-4bf6-b376-5caa402f5c9e,2025-11-29 15:21:16 UTC,False,16154.0,CFOP,Gan 12 UI Maglev,RandomForest,36825.0,16154.0,,,gan12,custom_rules,,,,8.0,0.0,0.0,16154.0,69.0,72.0,81.0,4.27,6432.0,9722.0,2702.0,0.0,2702.0,2702.0,6.0,6.0,8.0,2.22,1702.0,1162.0,540.0,4404.0,5.0,5.0,6.0,9.26,3258.0,1096.0,2162.0,7662.0,13.0,13.0,15.0,6.01,2163.0,490.0,1673.0,9825.0,14.0,15.0,15.0,8.37,1265.0,1071.0,194.0,11090.0,4.0,4.0,4.0,20.62,2205.0,1094.0,1111.0,13295.0,12.0,12.0,14.0,10.8,2859.0,1519.0,1340.0,16154.0,15.0,17.0,19.0,11.19,,,,,,,,,,,,,,,,,,,,,,,,,
bd8cfdf7-a3a3-4a61-a47f-e7639b8355e5,2025-11-29 15:25:12 UTC,False,11750.0,CFOP,Gan 12 UI Maglev,RandomForest,19512.0,11750.0,,,gan12,custom_rules,,,,8.0,0.0,0.0,11750.0,56.0,58.0,67.0,4.77,6092.0,5658.0,942.0,0.0,942.0,942.0,5.0,5.0,6.0,5.31,1498.0,387.0,1111.0,2440.0,7.0,7.0,8.0,6.3,1286.0,706.0,580.0,3726.0,6.0,6.0,9.0,10.34,1034.0,927.0,107.0,4760.0,4.0,4.0,5.0,37.38,2602.0,2118.0,484.0,7362.0,8.0,8.0,8.0,16.53,2396.0,1195.0,1201.0,9758.0,11.0,13.0,15.0,9.16,1992.0,759.0,1233.0,11750.0,15.0,15.0,16.0,12.17,,,,,,,,,,,,,,,,,,,,,,,,,
084e6f71-b817-4498-b889-b70aaabecce6,2025-11-29 15:25:59 UTC,False,13434.0,CFOP,Gan 12 UI Maglev,RandomForest,17822.0,13434.0,,,gan12,custom_rules,,,,8.0,0.0,0.0,13434.0,71.0,71.0,79.0,5.29,6165.0,7269.0,1586.0,0.0,1586.0,1586.0,5.0,5.0,6.0,3.15,2096.0,1402.0,694.0,3682.0,9.0,9.0,11.0,12.97,1746.0,1279.0,467.0,5428.0,8.0,8.0,9.0,17.13,1701.0,516.0,1185.0,7129.0,7.0,7.0,8.0,5.91,1439.0,875.0,564.0,8568.0,8.0,8.0,10.0,14.18,1683.0,797.0,886.0,10251.0,12.0,12.0,13.0,13.54,3183.0,1296.0,1887.0,13434.0,22.0,22.0,22.0,11.66,,,,,,,,,,,,,,,,,,,,,,,,,
b6a40455-263a-4f0d-9de4-9e2f4eedee9b,2025-11-29 15:26:32 UTC,False,14518.0,CFOP,Gan 12 UI Maglev,RandomForest,9248.0,14518.0,,,gan12,custom_rules,,,,8.0,0.0,0.0,14518.0,53.0,58.0,72.0,3.65,7167.0,7351.0,1386.0,0.0,1386.0,1386.0,6.0,6.0,7.0,4.33,3519.0,2038.0,1481.0,4905.0,8.0,8.0,8.0,5.4,2305.0,854.0,1451.0,7210.0,7.0,7.0,10.0,4.82,1490.0,813.0,677.0,8700.0,8.0,8.0,9.0,11.82,1690.0,1239.0,451.0,10390.0,7.0,7.0,7.0,15.52,1620.0,881.0,739.0,12010.0,9.0,10.0,10.0,12.18,2508.0,1342.0,1166.0,14518.0,8.0,12.0,21.0,6.86,,,,,,,,,,,,,,,,,,,,,,,,,
3d4b0f57-7c80-4e36-a89b-3980663d36cb,2025-11-29 15:27:28 UTC,False,24934.0,CFOP,Gan 12 UI Maglev,RandomForest,18488.0,24934.0,,,gan12,custom_rules,,,,8.0,0.0,0.0,24934.0,67.0,72.0,87.0,2.69,5080.0,19854.0,11800.0,0.0,11800.0,11800.0,21.0,21.0,25.0,1.78,0.0,0.0,0.0,11800.0,0.0,0.0,0.0,0.0,1766.0,1048.0,718.0,13566.0,6.0,7.0,8.0,8.36,3675.0,935.0,2740.0,17241.0,10.0,10.0,12.0,3.65,2031.0,1217.0,814.0,19272.0,8.0,8.0,9.0,9.83,2582.0,790.0,1792.0,21854.0,12.0,12.0,12.0,6.7,3080.0,1090.0,1990.0,24934.0,10.0,14.0,21.0,5.03,,,,,,,,,,,,,,,,,,,,,,,,,
bc7bdc37-a1e2-4ed6-9249-93a8b0fb9ed8,2025-11-29 15:28:19 UTC,False,17540.0,CFOP,Gan 12 UI Maglev,RandomForest,25572.0,17540.0,,,gan12,custom_rules,,,,8.0,0.0,0.0,17540.0,62.0,63.0,72.0,3.53,7550.0,9990.0,2132.0,0.0,2132.0,2132.0,6.0,6.0,7.0,2.81,1489.0,1223.0,266.0,3621.0,4.0,4.0,4.0,15.04,856.0,290.0,566.0,4477.0,5.0,5.0,7.0,8.83,4766.0,2768.0,1998.0,9243.0,12.0,12.0,12.0,6.01,2095.0,1096.0,999.0,11338.0,8.0,8.0,9.0,8.01,1204.0,632.0,572.0,12542.0,9.0,9.0,9.0,15.73,4998.0,1541.0,3457.0,17540.0,18.0,19.0,24.0,5.21,,,,,,,,,,,,,,,,,,,,,,,,,
fef8a16b-07be-44b1-9644-dabce6ebe885,2025-11-29 15:28:54 UTC,False,14872.0,CFOP,Gan 12 UI Maglev,RandomForest,11779.0,14872.0,,,gan12,custom_rules,,,,8.0,0.0,0.0,14872.0,77.0,78.0,87.0,5.18,5186.0,9686.0,1483.0,0.0,1483.0,1483.0,9.0,9.0,11.0,6.07,1088.0,403.0,685.0,2571.0,12.0,12.0,12.0,17.52,1581.0,709.0,872.0,4152.0,7.0,7.0,8.0,8.03,1821.0,425.0,1396.0,5973.0,8.0,8.0,9.0,5.73,2203.0,614.0,1589.0,8176.0,11.0,11.0,11.0,6.92,3597.0,1716.0,1881.0,11773.0,13.0,13.0,16.0,6.91,3099.0,1319.0,1780.0,14872.0,17.0,18.0,20.0,9.55,,,,,,,,,,,,,,,,,,,,,,,,,
3b6e30c8-7fc8-4d3c-afd5-28a320d67d0e,2025-11-29 15:29:34 UTC,False,14663.0,CFOP,Gan 12 UI Maglev,RandomForest,11016.0,14663.0,,,gan12,custom_rules,,,,8.0,0.0,0.0,14663.0,63.0,67.0,80.0,4.3,4678.0,9985.0,1079.0,0.0,1079.0,1079.0,6.0,6.0,8.0,5.56,1403.0,485.0,918.0,2482.0,7.0,7.0,8.0,7.63,3995.0,1387.0,2608.0,6477.0,12.0,12.0,15.0,4.6,3186.0,771.0,2415.0,9663.0,14.0,14.0,15.0,5.8,1187.0,218.0,969.0,10850.0,7.0,7.0,7.0,7.22,1217.0,700.0,517.0,12067.0,8.0,8.0,8.0,15.47,2596.0,1117.0,1479.0,14663.0,9.0,13.0,19.0,6.09,,,,,,,,,,,,,,,,,,,,,,,,,
4382dd4e-0e5f-411c-8b24-74d905a82125,2025-11-29 15:30:07 UTC,False,15675.0,CFOP,Gan 12 UI Maglev,RandomForest,8158.0,15675.0,,,gan12,custom_rules,,,,8.0,0.0,0.0,15675.0,71.0,71.0,79.0,4.53,5253.0,10422.0,2401.0,0.0,2401.0,2401.0,9.0,9.0,10.0,3.75,1678.0,782.0,896.0,4079.0,8.0,8.0,9.0,8.93,2714.0,1078.0,1636.0,6793.0,8.0,8.0,9.0,4.89,1386.0,798.0,588.0,8179.0,7.0,7.0,8.0,11.9,1281.0,855.0,426.0,9460.0,8.0,8.0,8.0,18.78,2534.0,765.0,1769.0,11994.0,11.0,11.0,12.0,6.22,3681.0,975.0,2706.0,15675.0,20.0,20.0,23.0,7.39,,,,,,,,,,,,,,,,,,,,,,,,,
82a30bcd-5ddf-4af3-982e-74931ae6a37d,2025-11-29 15:30:38 UTC,False,17203.0,CFOP,Gan 12 UI Maglev,RandomForest,5082.0,17203.0,,,gan12,custom_rules,,,,8.0,0.0,0.0,17203.0,79.0,80.0,90.0,4.59,7980.0,9158.0,1832.0,0.0,1832.0,1897.0,7.0,7.0,10.0,3.82,1983.0,935.0,1048.0,3880.0,8.0,8.0,10.0,7.63,2395.0,2113.0,282.0,6275.0,4.0,4.0,5.0,14.18,3070.0,548.0,2522.0,9345.0,16.0,16.0,16.0,6.34,2286.0,1617.0,669.0,11631.0,9.0,9.0,10.0,13.45,2766.0,1322.0,1444.0,14397.0,18.0,18.0,19.0,12.47,2806.0,1445.0,1361.0,17203.0,17.0,18.0,20.0,12.49,,,,,,,,,,,,,,,,,,,,,,,,,
81459368-f095-49a1-a965-ff3984ee686d,2025-11-29 15:31:38 UTC,False,13157.0,CFOP,Gan 12 UI Maglev,RandomForest,37316.0,13157.0,,,gan12,custom_rules,,,,8.0,0.0,0.0,13157.0,61.0,62.0,69.0,4.64,6590.0,6519.0,701.0,0.0,701.0,749.0,4.0,4.0,5.0,5.71,1524.0,880.0,644.0,2273.0,6.0,6.0,8.0,9.32,2683.0,2127.0,556.0,4956.0,9.0,9.0,10.0,16.19,1403.0,234.0,1169.0,6359.0,14.0,14.0,14.0,11.98,1538.0,984.0,554.0,7897.0,5.0,5.0,5.0,9.03,1299.0,588.0,711.0,9196.0,8.0,8.0,8.0,11.25,3961.0,1777.0,2184.0,13157.0,15.0,16.0,19.0,6.87,,,,,,,,,,,,,,,,,,,,,,,,,
02a6c93a-91be-4bb2-ab4a-186ffdfbfd33,2025-11-29 15:32:13 UTC,False,13844.0,CFOP,Gan 12 UI Maglev,RandomForest,6410.0,13844.0,,,gan12,custom_rules,,,,8.0,0.0,0.0,13844.0,63.0,67.0,78.0,4.55,4607.0,9237.0,1807.0,0.0,1807.0,1807.0,8.0,8.0,8.0,4.43,2072.0,717.0,1355.0,3879.0,8.0,8.0,8.0,5.9,1013.0,113.0,900.0,4892.0,7.0,7.0,8.0,7.78,2228.0,660.0,1568.0,7120.0,11.0,11.0,12.0,7.02,2469.0,1305.0,1164.0,9589.0,8.0,8.0,8.0,6.87,2067.0,659.0,1408.0,11656.0,14.0,14.0,15.0,9.94,2188.0,1153.0,1035.0,13844.0,9.0,13.0,19.0,8.7,,,,,,,,,,,,,,,,,,,,,,,,,
cbde3639-f179-43f3-ae5b-1d65004dd282,2025-11-29 15:33:00 UTC,False,20971.0,CFOP,Gan 12 UI Maglev,RandomForest,17324.0,20971.0,,,gan12,custom_rules,,,,8.0,0.0,0.0,20971.0,93.0,95.0,102.0,4.43,4934.0,15957.0,700.0,0.0,700.0,780.0,3.0,4.0,6.0,4.29,3105.0,395.0,2710.0,3885.0,11.0,11.0,13.0,4.06,1039.0,435.0,604.0,4924.0,6.0,6.0,7.0,9.93,3596.0,719.0,2877.0,8520.0,12.0,12.0,12.0,4.17,4583.0,661.0,3922.0,13103.0,24.0,24.0,24.0,6.12,4432.0,1596.0,2836.0,17535.0,18.0,18.0,19.0,6.35,3436.0,1128.0,2308.0,20971.0,19.0,20.0,21.0,8.23,,,,,,,,,,,,,,,,,,,,,,,,,
19476551-215f-44dd-bd04-8857ed5b0e0f,2025-11-29 15:33:39 UTC,False,18593.0,CFOP,Gan 12 UI Maglev,RandomForest,11044.0,18593.0,,,gan12,custom_rules,,,,8.0,0.0,0.0,18593.0,98.0,99.0,109.0,5.27,5754.0,12839.0,1120.0,0.0,1120.0,1120.0,5.0,5.0,5.0,4.46,1940.0,1102.0,838.0,3060.0,8.0,8.0,10.0,9.55,2642.0,1241.0,1401.0,5702.0,11.0,12.0,12.0,7.85,1892.0,717.0,1175.0,7594.0,10.0,10.0,10.0,8.51,2005.0,758.0,1247.0,9599.0,8.0,8.0,10.0,6.42,2200.0,854.0,1346.0,11799.0,14.0,14.0,15.0,10.4,6794.0,1082.0,5712.0,18593.0,42.0,42.0,47.0,7.35,,,,,,,,,,,,,,,,,,,,,,,,,
00a2a297-2944-4cb5-90b0-61f8494a925f,2025-11-29 15:34:28 UTC,False,18635.0,CFOP,Gan 12 UI Maglev,RandomForest,20668.0,18635.0,,,gan12,custom_rules,,,,8.0,0.0,0.0,18635.0,59.0,60.0,74.0,3.17,10096.0,8379.0,1435.0,0.0,1435.0,1595.0,6.0,6.0,8.0,4.18,3362.0,1676.0,1686.0,4957.0,8.0,8.0,9.0,4.74,3813.0,3127.0,686.0,8770.0,8.0,8.0,10.0,11.66,3720.0,2318.0,1402.0,12490.0,10.0,11.0,12.0,7.13,1837.0,927.0,910.0,14327.0,7.0,7.0,7.0,7.69,1860.0,758.0,1102.0,16187.0,9.0,9.0,14.0,8.17,2448.0,1290.0,1158.0,18635.0,11.0,11.0,14.0,9.5,,,,,,,,,,,,,,,,,,,,,,,,,
a2f7197f-af8a-4080-bbf8-a7258c805310,2025-11-29 15:35:15 UTC,False,19665.0,CFOP,Gan 12 UI Maglev,RandomForest,18338.0,19665.0,,,gan12,custom_rules,,,,8.0,0.0,0.0,19665.0,77.0,78.0,85.0,3.92,8255.0,11410.0,2055.0,0.0,2055.0,2055.0,7.0,7.0,7.0,3.41,2645.0,2171.0,474.0,4700.0,8.0,8.0,9.0,16.88,5454.0,3184.0,2270.0,10154.0,9.0,10.0,11.0,3.96,1592.0,649.0,943.0,11746.0,7.0,7.0,7.0,7.42,3538.0,762.0,2776.0,15284.0,23.0,23.0,23.0,8.29,2059.0,874.0,1185.0,17343.0,9.0,9.0,12.0,7.59,2322.0,615.0,1707.0,19665.0,14.0,14.0,16.0,8.2,,,,,,,,,,,,,,,,,,,,,,,,,
9b250fa5-6041-47fb-bc7b-c378016091c0,2025-11-29 15:35:50 UTC,False,16663.0,CFOP,Gan 12 UI Maglev,RandomForest,5843.0,16663.0,,,gan12,custom_rules,,,,8.0,0.0,0.0,16663.0,74.0,75.0,82.0,4.44,4910.0,11753.0,2535.0,0.0,2535.0,2535.0,8.0,8.0,8.0,3.16,4176.0,882.0,3294.0,6711.0,19.0,19.0,20.0,5.77,1300.0,527.0,773.0,8011.0,11.0,11.0,11.0,14.23,1596.0,539.0,1057.0,9607.0,5.0,5.0,6.0,4.73,1195.0,523.0,672.0,10802.0,8.0,8.0,8.0,11.9,1653.0,756.0,897.0,12455.0,7.0,7.0,8.0,7.8,4208.0,1683.0,2525.0,16663.0,17.0,18.0,21.0,6.73,,,,,,,,,,,,,,,,,,,,,,,,,
86fce6dc-8a3d-4a7a-8979-c5d5e482344b,2025-11-29 15:36:28 UTC,False,14181.0,CFOP,Gan 12 UI Maglev,RandomForest,15468.0,14181.0,,,gan12,custom_rules,,,,8.0,0.0,0.0,14181.0,63.0,66.0,74.0,4.44,4192.0,9909.0,935.0,0.0,935.0,1015.0,4.0,4.0,6.0,4.28,1389.0,395.0,994.0,2404.0,9.0,9.0,11.0,9.05,1344.0,428.0,916.0,3748.0,8.0,8.0,9.0,8.73,2758.0,410.0,2348.0,6506.0,11.0,11.0,12.0,4.68,1795.0,1080.0,715.0,8301.0,8.0,8.0,8.0,11.19,1751.0,596.0,1155.0,10052.0,9.0,10.0,10.0,7.79,4129.0,1283.0,2846.0,14181.0,14.0,16.0,18.0,4.92,,,,,,,,,,,,,,,,,,,,,,,,,
a16d3715-cb8c-428e-a45d-8e528c39ae32,2025-11-29 15:37:08 UTC,False,23140.0,CFOP,Gan 12 UI Maglev,RandomForest,7234.0,23140.0,,,gan12,custom_rules,,,,8.0,0.0,0.0,23140.0,88.0,92.0,104.0,3.8,7267.0,15873.0,2034.0,0.0,2034.0,2034.0,7.0,9.0,14.0,3.44,4691.0,1664.0,3027.0,6725.0,11.0,11.0,11.0,3.63,1352.0,322.0,1030.0,8077.0,9.0,10.0,10.0,8.74,4545.0,1235.0,3310.0,12622.0,16.0,16.0,17.0,4.83,4858.0,1418.0,3440.0,17480.0,19.0,19.0,20.0,5.52,2118.0,1076.0,1042.0,19598.0,10.0,10.0,13.0,9.6,3542.0,1552.0,1990.0,23140.0,16.0,17.0,19.0,8.04,,,,,,,,,,,,,,,,,,,,,,,,,
b945a79d-949d-477a-a2d1-3ddb9c584aba,2025-11-29 15:37:44 UTC,False,14831.0,CFOP,Gan 12 UI Maglev,RandomForest,11281.0,14831.0,,,gan12,custom_rules,,,,8.0,0.0,0.0,14831.0,65.0,69.0,79.0,4.38,5272.0,9559.0,1137.0,0.0,1137.0,1137.0,6.0,6.0,6.0,5.28,2154.0,1880.0,274.0,3291.0,4.0,4.0,5.0,14.6,1673.0,753.0,920.0,4964.0,6.0,6.0,6.0,6.52,1369.0,578.0,791.0,6333.0,11.0,11.0,11.0,13.91,4475.0,306.0,4169.0,10808.0,23.0,23.0,26.0,5.52,1648.0,555.0,1093.0,12456.0,8.0,8.0,8.0,7.32,2375.0,1200.0,1175.0,14831.0,8.0,12.0,17.0,6.81,,,,,,,,,,,,,,,,,,,,,,,,,
770cf83a-9378-42a0-8731-e7aaaab27a83,2025-11-29 15:38:26 UTC,False,17656.0,CFOP,Gan 12 UI Maglev,RandomForest,15852.0,17656.0,,,gan12,custom_rules,,,,8.0,0.0,0.0,17656.0,75.0,76.0,90.0,4.25,6939.0,10717.0,2576.0,0.0,2576.0,2576.0,8.0,8.0,11.0,3.11,1310.0,642.0,668.0,3886.0,6.0,7.0,7.0,8.98,1534.0,620.0,914.0,5420.0,7.0,7.0,8.0,7.66,2948.0,1260.0,1688.0,8368.0,9.0,9.0,11.0,5.33,2168.0,1299.0,869.0,10536.0,9.0,9.0,11.0,10.36,4702.0,2146.0,2556.0,15238.0,22.0,22.0,26.0,8.61,2418.0,972.0,1446.0,17656.0,14.0,14.0,16.0,9.68,,,,,,,,,,,,,,,,,,,,,,,,,
5773d174-5e1d-4d3e-b748-c93236248dc6,2025-11-29 15:39:14 UTC,False,17221.0,CFOP,Gan 12 UI Maglev,RandomForest,11377.0,17221.0,,,gan12,custom_rules,,,,8.0,0.0,0.0,17221.0,80.0,80.0,85.0,4.65,4686.0,12535.0,3258.0,0.0,3258.0,3258.0,8.0,8.0,9.0,2.46,2646.0,403.0,2243.0,5904.0,10.0,10.0,10.0,4.46,2313.0,403.0,1910.0,8217.0,13.0,13.0,14.0,6.81,2230.0,361.0,1869.0,10447.0,15.0,15.0,15.0,8.03,2349.0,1890.0,459.0,12796.0,7.0,7.0,7.0,15.25,1531.0,637.0,894.0,14327.0,8.0,8.0,8.0,8.95,2894.0,992.0,1902.0,17221.0,20.0,20.0,22.0,10.52,,,,,,,,,,,,,,,,,,,,,,,,,
73f274b6-955c-4ce4-80b1-7f786743d2a4,2025-11-29 15:39:44 UTC,False,13578.0,CFOP,Gan 12 UI Maglev,RandomForest,8830.0,13578.0,,,gan12,custom_rules,,,,8.0,0.0,0.0,13578.0,67.0,70.0,79.0,4.93,4679.0,8899.0,2306.0,0.0,2306.0,2306.0,10.0,10.0,11.0,4.34,2035.0,741.0,1294.0,4341.0,10.0,11.0,12.0,7.73,1697.0,457.0,1240.0,6038.0,7.0,7.0,9.0,5.65,1801.0,770.0,1031.0,7839.0,6.0,6.0,6.0,5.82,1017.0,355.0,662.0,8856.0,7.0,7.0,8.0,10.57,1991.0,903.0,1088.0,10847.0,12.0,12.0,13.0,11.03,2731.0,1453.0,1278.0,13578.0,15.0,17.0,20.0,11.74,,,,,,,,,,,,,,,,,,,,,,,,,
0189d2b1-bb6a-434e-9c37-7886aa8fbbf7,2025-11-29 15:40:10 UTC,False,13000.0,CFOP,Gan 12 UI Maglev,RandomForest,4229.0,13000.0,,,gan12,custom_rules,,,,8.0,0.0,0.0,13000.0,57.0,59.0,68.0,4.38,5613.0,7387.0,1903.0,0.0,1903.0,1903.0,7.0,7.0,8.0,3.68,2593.0,1199.0,1394.0,4496.0,8.0,8.0,10.0,5.74,1479.0,698.0,781.0,5975.0,7.0,7.0,8.0,8.96,1006.0,523.0,483.0,6981.0,6.0,7.0,7.0,12.42,1888.0,943.0,945.0,8869.0,10.0,11.0,11.0,10.58,1583.0,918.0,665.0,10452.0,8.0,8.0,10.0,12.03,2548.0,1332.0,1216.0,13000.0,11.0,11.0,14.0,9.05,,,,,,,,,,,,,,,,,,,,,,,,,
acd92c02-d09b-4e06-871d-00e1ba13d25b,2025-11-29 15:40:43 UTC,False,17591.0,CFOP,Gan 12 UI Maglev,RandomForest,6786.0,17591.0,,,gan12,custom_rules,,,,8.0,0.0,0.0,17591.0,64.0,65.0,77.0,3.64,5561.0,12030.0,4852.0,0.0,4852.0,4852.0,11.0,11.0,15.0,2.27,2405.0,1889.0,516.0,7257.0,5.0,5.0,6.0,9.69,829.0,249.0,580.0,8086.0,5.0,5.0,6.0,8.62,3098.0,710.0,2388.0,11184.0,8.0,8.0,9.0,3.35,1796.0,846.0,950.0,12980.0,8.0,8.0,10.0,8.42,1732.0,862.0,870.0,14712.0,13.0,13.0,13.0,14.94,2879.0,1005.0,1874.0,17591.0,15.0,15.0,18.0,8.0,,,,,,,,,,,,,,,,,,,,,,,,,
e56b377d-b525-49d7-b593-35925dd95be6,2025-11-29 15:41:48 UTC,False,22264.0,CFOP,Gan 12 UI Maglev,RandomForest,33881.0,22264.0,,,gan12,custom_rules,,,,8.0,0.0,0.0,22264.0,76.0,80.0,92.0,3.41,5945.0,16319.0,6654.0,0.0,6654.0,6654.0,12.0,13.0,16.0,1.8,0.0,0.0,0.0,6654.0,0.0,0.0,0.0,0.0,2921.0,1507.0,1414.0,9575.0,12.0,12.0,13.0,8.49,4613.0,1560.0,3053.0,14188.0,17.0,18.0,21.0,5.57,3025.0,725.0,2300.0,17213.0,10.0,10.0,11.0,4.35,1469.0,476.0,993.0,18682.0,9.0,10.0,10.0,9.06,3582.0,1677.0,1905.0,22264.0,17.0,18.0,21.0,8.92,,,,,,,,,,,,,,,,,,,,,,,,,
47ef13cd-43f8-467f-812e-a2a455899f7a,2025-11-29 15:42:27 UTC,False,24273.0,CFOP,Gan 12 UI Maglev,RandomForest,5805.0,24273.0,,,gan12,custom_rules,,,,8.0,0.0,0.0,24273.0,92.0,95.0,105.0,3.79,9853.0,14420.0,1519.0,0.0,1519.0,1519.0,8.0,8.0,8.0,5.27,2808.0,2002.0,806.0,4327.0,7.0,7.0,9.0,8.68,5879.0,2944.0,2935.0,10206.0,14.0,15.0,15.0,4.77,2147.0,1389.0,758.0,12353.0,8.0,8.0,8.0,10.55,1688.0,931.0,757.0,14041.0,8.0,8.0,8.0,10.57,6647.0,1297.0,5350.0,20688.0,32.0,32.0,37.0,5.98,3585.0,1290.0,2295.0,24273.0,15.0,17.0,20.0,6.54,,,,,,,,,,,,,,,,,,,,,,,,,
a96884c7-9259-4dde-857e-a3c4c6588d4b,2025-11-29 15:43:05 UTC,False,19328.0,CFOP,Gan 12 UI Maglev,RandomForest,9386.0,19328.0,,,gan12,custom_rules,,,,8.0,0.0,0.0,19328.0,68.0,75.0,94.0,3.52,3801.0,15527.0,6464.0,0.0,6464.0,6464.0,9.0,9.0,10.0,1.39,1540.0,411.0,1129.0,8004.0,7.0,7.0,8.0,6.2,1766.0,478.0,1288.0,9770.0,8.0,8.0,8.0,6.21,1116.0,113.0,1003.0,10886.0,7.0,7.0,7.0,6.98,1077.0,771.0,306.0,11963.0,3.0,3.0,4.0,9.8,3318.0,1096.0,2222.0,15281.0,20.0,20.0,22.0,9.0,4047.0,932.0,3115.0,19328.0,15.0,22.0,35.0,4.82,,,,,,,,,,,,,,,,,,,,,,,,,
a2578a3b-b07b-4c8e-b3da-aa6d5e3deeb1,2025-11-29 15:43:41 UTC,False,20083.0,CFOP,Gan 12 UI Maglev,RandomForest,7658.0,20083.0,,,gan12,custom_rules,,,,8.0,0.0,0.0,20083.0,64.0,67.0,77.0,3.19,5921.0,14162.0,6293.0,0.0,6293.0,6293.0,10.0,10.0,13.0,1.59,1177.0,233.0,944.0,7470.0,7.0,7.0,7.0,7.42,3488.0,1154.0,2334.0,10958.0,8.0,8.0,10.0,3.43,2256.0,1765.0,491.0,13214.0,9.0,9.0,11.0,18.33,2328.0,886.0,1442.0,15542.0,7.0,7.0,8.0,4.85,1470.0,632.0,838.0,17012.0,9.0,9.0,9.0,10.74,3071.0,1251.0,1820.0,20083.0,15.0,17.0,19.0,8.24,,,,,,,,,,,,,,,,,,,,,,,,,
1d3479e8-e1dd-44c0-ba59-96a9b3268929,2025-11-29 15:44:23 UTC,False,16702.0,CFOP,Gan 12 UI Maglev,RandomForest,12882.0,16702.0,,,gan12,custom_rules,,,,8.0,0.0,0.0,16702.0,61.0,62.0,69.0,3.65,7664.0,9038.0,1209.0,0.0,1209.0,1209.0,5.0,5.0,6.0,4.14,6320.0,2244.0,4076.0,7529.0,13.0,13.0,15.0,3.19,959.0,798.0,161.0,8488.0,4.0,4.0,4.0,24.84,2896.0,2061.0,835.0,11384.0,9.0,9.0,10.0,10.78,1483.0,701.0,782.0,12867.0,8.0,8.0,9.0,10.23,1421.0,564.0,857.0,14288.0,8.0,8.0,8.0,9.33,2414.0,1296.0,1118.0,16702.0,14.0,15.0,17.0,12.52,,,,,,,,,,,,,,,,,,,,,,,,,
c802f0c4-170b-490e-9fcf-3f27e656e07c,2025-11-29 15:44:53 UTC,False,15577.0,CFOP,Gan 12 UI Maglev,RandomForest,4453.0,15577.0,,,gan12,custom_rules,,,,8.0,0.0,0.0,15577.0,57.0,58.0,66.0,3.66,9119.0,6386.0,1137.0,0.0,1137.0,1209.0,6.0,6.0,8.0,5.28,2738.0,2238.0,500.0,3947.0,3.0,3.0,4.0,6.0,2247.0,1546.0,701.0,6194.0,6.0,6.0,7.0,8.56,1721.0,1462.0,259.0,7915.0,4.0,4.0,5.0,15.44,2360.0,1563.0,797.0,10275.0,9.0,9.0,9.0,11.29,2385.0,1160.0,1225.0,12660.0,13.0,13.0,13.0,10.61,2917.0,1150.0,1767.0,15577.0,16.0,17.0,20.0,9.05,,,,,,,,,,,,,,,,,,,,,,,,,
e847f4c3-eed6-4c74-8bf1-9d5490b409d2,2025-11-29 15:45:20 UTC,False,15124.0,CFOP,Gan 12 UI Maglev,RandomForest,2720.0,15124.0,,,gan12,custom_rules,,,,8.0,0.0,0.0,15124.0,67.0,68.0,77.0,4.43,5535.0,9589.0,1602.0,0.0,1602.0,1602.0,6.0,6.0,7.0,3.75,3179.0,596.0,2583.0,4781.0,14.0,14.0,15.0,5.42,1760.0,912.0,848.0,6541.0,8.0,8.0,9.0,9.43,1864.0,717.0,1147.0,8405.0,8.0,8.0,10.0,6.97,1700.0,1216.0,484.0,10105.0,8.0,8.0,8.0,16.53,1564.0,942.0,622.0,11669.0,7.0,7.0,8.0,11.25,3455.0,1152.0,2303.0,15124.0,16.0,17.0,20.0,6.95,,,,,,,,,,,,,,,,,,,,,,,,,
fbf4698b-a4fa-4856-938f-5c8c594a07d8,2025-11-29 15:45:54 UTC,False,19964.0,CFOP,Gan 12 UI Maglev,RandomForest,4878.0,19964.0,,,gan12,custom_rules,,,,8.0,0.0,0.0,19964.0,85.0,86.0,93.0,4.26,7885.0,12079.0,2725.0,0.0,2725.0,2725.0,9.0,9.0,11.0,3.3,2643.0,1765.0,878.0,5368.0,8.0,9.0,9.0,9.11,2569.0,1104.0,1465.0,7937.0,11.0,11.0,11.0,7.51,2745.0,1681.0,1064.0,10682.0,11.0,11.0,12.0,10.34,2053.0,958.0,1095.0,12735.0,7.0,7.0,9.0,6.39,2490.0,977.0,1513.0,15225.0,17.0,17.0,17.0,11.24,4739.0,1400.0,3339.0,19964.0,22.0,22.0,24.0,6.59,,,,,,,,,,,,,,,,,,,,,,,,,
815d3a40-1d2a-4d17-ab25-6f8c2cef3e61,2025-11-29 15:46:24 UTC,False,15439.0,CFOP,Gan 12 UI Maglev,RandomForest,3336.0,15439.0,,,gan12,custom_rules,,,,8.0,0.0,0.0,15439.0,64.0,65.0,71.0,4.15,6778.0,8661.0,1160.0,0.0,1160.0,1160.0,5.0,5.0,6.0,4.31,1691.0,531.0,1160.0,2851.0,9.0,9.0,10.0,7.76,2595.0,1121.0,1474.0,5446.0,9.0,10.0,11.0,6.11,2946.0,1747.0,1199.0,8392.0,8.0,8.0,9.0,6.67,1870.0,1145.0,725.0,10262.0,8.0,8.0,9.0,11.03,1542.0,986.0,556.0,11804.0,6.0,6.0,6.0,10.79,3635.0,1248.0,2387.0,15439.0,19.0,19.0,20.0,7.96,,,,,,,,,,,,,,,,,,,,,,,,,
918abd01-2645-4233-97c0-563ac4335362,2025-11-29 15:46:58 UTC,False,19299.0,CFOP,Gan 12 UI Maglev,RandomForest,6306.0,19299.0,,,gan12,custom_rules,,,,8.0,0.0,0.0,19299.0,67.0,68.0,74.0,3.47,9928.0,9371.0,837.0,0.0,837.0,837.0,5.0,5.0,7.0,5.97,3428.0,2195.0,1233.0,4265.0,8.0,8.0,8.0,6.49,5040.0,2771.0,2269.0,9305.0,9.0,9.0,9.0,3.97,1995.0,1049.0,946.0,11300.0,6.0,6.0,7.0,6.34,2656.0,1371.0,1285.0,13956.0,10.0,10.0,10.0,7.78,1728.0,765.0,963.0,15684.0,13.0,13.0,13.0,13.5,3615.0,1777.0,1838.0,19299.0,16.0,17.0,20.0,8.71,,,,,,,,,,,,,,,,,,,,,,,,,
eb687e4a-f174-4272-8aa9-40c91b7adc5a,2025-11-29 15:47:28 UTC,False,15941.0,CFOP,Gan 12 UI Maglev,RandomForest,6531.0,15941.0,,,gan12,custom_rules,,,,8.0,0.0,0.0,15941.0,66.0,66.0,77.0,4.14,6258.0,9683.0,1461.0,0.0,1461.0,1461.0,6.0,6.0,6.0,4.11,2099.0,482.0,1617.0,3560.0,12.0,12.0,14.0,7.42,2130.0,564.0,1566.0,5690.0,7.0,7.0,8.0,4.47,2223.0,1187.0,1036.0,7913.0,6.0,6.0,8.0,5.79,2454.0,1479.0,975.0,10367.0,8.0,8.0,8.0,8.21,1991.0,548.0,1443.0,12358.0,9.0,9.0,12.0,6.24,3583.0,1998.0,1585.0,15941.0,18.0,18.0,21.0,11.36,,,,,,,,,,,,,,,,,,,,,,,,,
bbecc33a-464e-472e-a9d9-d8e5b54e4269,2025-11-29 15:48:05 UTC,False,14055.0,CFOP,Gan 12 UI Maglev,RandomForest,14524.0,14055.0,,,gan12,custom_rules,,,,8.0,0.0,0.0,14055.0,72.0,72.0,82.0,5.12,4925.0,9130.0,806.0,0.0,806.0,806.0,4.0,4.0,5.0,4.96,1737.0,684.0,1053.0,2543.0,8.0,8.0,9.0,7.6,1951.0,783.0,1168.0,4494.0,7.0,7.0,9.0,5.99,1743.0,359.0,1384.0,6237.0,8.0,8.0,11.0,5.78,1639.0,737.0,902.0,7876.0,8.0,8.0,9.0,8.87,3421.0,1520.0,1901.0,11297.0,20.0,20.0,21.0,10.52,2758.0,842.0,1916.0,14055.0,17.0,17.0,18.0,8.87,,,,,,,,,,,,,,,,,,,,,,,,,
101c1402-8838-4966-bf04-de396f784f11,2025-11-29 15:49:01 UTC,False,27461.0,CFOP,Gan 12 UI Maglev,RandomForest,13050.0,27461.0,,,gan12,custom_rules,,,,8.0,0.0,0.0,27461.0,110.0,113.0,127.0,4.01,5213.0,22248.0,1615.0,0.0,1615.0,1615.0,5.0,5.0,6.0,3.1,4013.0,893.0,3120.0,5628.0,11.0,11.0,11.0,3.53,1872.0,870.0,1002.0,7500.0,9.0,10.0,10.0,8.98,1695.0,620.0,1075.0,9195.0,8.0,8.0,9.0,7.44,2538.0,1061.0,1477.0,11733.0,11.0,13.0,15.0,7.45,12726.0,991.0,11735.0,24459.0,46.0,46.0,54.0,3.92,3002.0,778.0,2224.0,27461.0,20.0,20.0,22.0,8.99,,,,,,,,,,,,,,,,,,,,,,,,,
248273b7-0519-4541-a825-b325ad113f0a,2025-11-29 16:34:59 UTC,False,22547.0,CFOP,Gan 12 UI Maglev,RandomForest,11438.0,22547.0,,,gan12,custom_rules,,,,8.0,0.0,0.0,22547.0,79.0,82.0,89.0,3.5,9561.0,12986.0,2468.0,0.0,2468.0,2468.0,7.0,8.0,9.0,2.84,4120.0,538.0,3582.0,6588.0,13.0,13.0,14.0,3.63,5173.0,3779.0,1394.0,11761.0,8.0,8.0,8.0,5.74,1624.0,1021.0,603.0,13385.0,8.0,8.0,9.0,13.27,2365.0,1012.0,1353.0,15750.0,11.0,11.0,11.0,8.13,3479.0,1864.0,1615.0,19229.0,18.0,18.0,20.0,11.15,3318.0,1347.0,1971.0,22547.0,14.0,16.0,18.0,7.1,,,,,,,,,,,,,,,,,,,,,,,,,
2ba3b195-7e00-4b8a-9fe5-597dabe66836,2025-11-29 16:35:41 UTC,False,19280.0,CFOP,Gan 12 UI Maglev,RandomForest,10534.0,19280.0,,,gan12,custom_rules,,,,8.0,0.0,0.0,19280.0,48.0,53.0,64.0,2.49,8648.0,10551.0,5759.0,0.0,5759.0,5840.0,6.0,6.0,7.0,1.04,629.0,275.0,354.0,6469.0,3.0,3.0,3.0,8.47,3951.0,3226.0,725.0,10420.0,6.0,6.0,9.0,8.28,2255.0,1135.0,1120.0,12675.0,8.0,8.0,10.0,7.14,2765.0,2153.0,612.0,15440.0,9.0,9.0,9.0,14.71,1714.0,724.0,990.0,17154.0,9.0,9.0,9.0,9.09,2126.0,1135.0,991.0,19280.0,8.0,12.0,17.0,8.07,,,,,,,,,,,,,,,,,,,,,,,,,
b5573b7a-fcf8-4e43-a42c-eb5470bca0f7,2025-11-29 16:36:24 UTC,False,19683.0,CFOP,Gan 12 UI Maglev,RandomForest,9189.0,19683.0,,,gan12,custom_rules,,,,8.0,0.0,0.0,19683.0,72.0,74.0,81.0,3.66,7348.0,12263.0,3166.0,0.0,3166.0,3238.0,8.0,8.0,10.0,2.53,3224.0,1622.0,1602.0,6462.0,8.0,8.0,8.0,4.99,2827.0,1795.0,1032.0,9289.0,9.0,9.0,9.0,8.72,2766.0,1224.0,1542.0,12055.0,11.0,11.0,12.0,7.13,1293.0,338.0,955.0,13348.0,8.0,8.0,9.0,8.38,2781.0,855.0,1926.0,16129.0,13.0,13.0,14.0,6.75,3554.0,1514.0,2040.0,19683.0,15.0,17.0,19.0,7.35,,,,,,,,,,,,,,,,,,,,,,,,,
98124f99-ccf7-450e-9e72-f7eff241779a,2025-11-29 16:37:01 UTC,False,20575.0,CFOP,Gan 12 UI Maglev,RandomForest,6054.0,20575.0,,,gan12,custom_rules,,,,8.0,0.0,0.0,20575.0,81.0,85.0,101.0,3.94,5772.0,14739.0,1393.0,0.0,1393.0,1457.0,7.0,7.0,9.0,5.03,2666.0,553.0,2113.0,4123.0,10.0,10.0,10.0,4.73,4571.0,733.0,3838.0,8694.0,20.0,20.0,23.0,5.21,2762.0,677.0,2085.0,11456.0,12.0,12.0,16.0,5.76,4099.0,1128.0,2971.0,15555.0,11.0,11.0,11.0,3.7,2780.0,1581.0,1199.0,18335.0,13.0,13.0,14.0,10.84,2240.0,1100.0,1140.0,20575.0,9.0,13.0,18.0,7.89,,,,,,,,,,,,,,,,,,,,,,,,,
e057d158-8b9a-40c3-936a-829e7fd75f0d,2025-11-29 16:37:39 UTC,False,18857.0,CFOP,Gan 12 UI Maglev,RandomForest,9281.0,18857.0,,,gan12,custom_rules,,,,8.0,0.0,0.0,18857.0,79.0,79.0,86.0,4.19,6806.0,12051.0,3284.0,0.0,3284.0,3284.0,9.0,9.0,9.0,2.74,2650.0,1545.0,1105.0,5934.0,11.0,11.0,11.0,9.95,2744.0,1215.0,1529.0,8678.0,8.0,8.0,10.0,5.23,1347.0,557.0,790.0,10025.0,11.0,11.0,11.0,13.92,2798.0,1378.0,1420.0,12823.0,12.0,12.0,13.0,8.45,2412.0,1152.0,1260.0,15235.0,10.0,10.0,14.0,7.94,3622.0,959.0,2663.0,18857.0,18.0,18.0,18.0,6.76,,,,,,,,,,,,,,,,,,,,,,,,,
392cca8f-270a-4d69-959b-88ec8d1578e1,2025-11-29 16:38:29 UTC,False,12881.0,CFOP,Gan 12 UI Maglev,RandomForest,10570.0,12881.0,,,gan12,custom_rules,,,,8.0,0.0,0.0,12881.0,55.0,60.0,67.0,4.27,5978.0,6903.0,1217.0,0.0,1217.0,1217.0,5.0,5.0,5.0,4.11,2187.0,938.0,1249.0,3404.0,8.0,8.0,9.0,6.41,497.0,296.0,201.0,3901.0,3.0,3.0,3.0,14.93,475.0,330.0,145.0,4376.0,4.0,4.0,5.0,27.59,2394.0,1741.0,653.0,6770.0,7.0,7.0,7.0,10.72,3517.0,1483.0,2034.0,10287.0,19.0,19.0,21.0,9.34,2594.0,1190.0,1404.0,12881.0,10.0,14.0,17.0,7.12,,,,,,,,,,,,,,,,,,,,,,,,,
c5a4dbba-a845-4d08-a88d-82ca29cf512f,2025-11-29 16:40:16 UTC,False,15005.0,CFOP,Gan 12 UI Maglev,RandomForest,17968.0,15005.0,,,gan12,custom_rules,,,,8.0,0.0,0.0,15005.0,67.0,68.0,82.0,4.47,4265.0,10740.0,1229.0,0.0,1229.0,1229.0,4.0,5.0,6.0,3.25,1834.0,328.0,1506.0,3063.0,7.0,7.0,8.0,4.65,1275.0,1057.0,218.0,4338.0,4.0,4.0,4.0,18.35,1753.0,818.0,935.0,6091.0,8.0,8.0,10.0,8.56,1508.0,549.0,959.0,7599.0,8.0,8.0,9.0,8.34,3312.0,814.0,2498.0,10911.0,20.0,20.0,26.0,8.01,4094.0,699.0,3395.0,15005.0,16.0,16.0,19.0,4.71,,,,,,,,,,,,,,,,,,,,,,,,,
54c3852b-def2-4017-8906-8df78e28dc3a,2025-11-29 16:40:48 UTC,False,16080.0,CFOP,Gan 12 UI Maglev,RandomForest,6485.0,16080.0,,,gan12,custom_rules,,,,8.0,0.0,0.0,16080.0,66.0,67.0,75.0,4.1,7274.0,8806.0,2263.0,0.0,2263.0,2263.0,7.0,7.0,9.0,3.09,2466.0,868.0,1598.0,4729.0,16.0,16.0,16.0,10.01,2271.0,1003.0,1268.0,7000.0,9.0,10.0,10.0,7.1,1534.0,762.0,772.0,8534.0,8.0,8.0,9.0,10.36,1123.0,962.0,161.0,9657.0,5.0,5.0,5.0,31.06,1680.0,798.0,882.0,11337.0,9.0,9.0,10.0,10.2,4743.0,2881.0,1862.0,16080.0,12.0,12.0,16.0,6.44,,,,,,,,,,,,,,,,,,,,,,,,,
465bdda5-92c3-490a-a477-223eb4b7d28d,2025-11-29 16:42:01 UTC,False,14573.0,CFOP,Gan 12 UI Maglev,RandomForest,42035.0,14573.0,,,gan12,custom_rules,,,,8.0,0.0,0.0,14573.0,59.0,59.0,67.0,4.05,6348.0,8169.0,733.0,0.0,733.0,789.0,5.0,5.0,6.0,6.82,2226.0,516.0,1710.0,3015.0,9.0,9.0,9.0,5.26,2801.0,1460.0,1341.0,5816.0,8.0,8.0,8.0,5.97,1610.0,741.0,869.0,7426.0,7.0,7.0,9.0,8.06,1909.0,846.0,1063.0,9335.0,7.0,7.0,7.0,6.59,2304.0,1224.0,1080.0,11639.0,12.0,12.0,13.0,11.11,2934.0,1561.0,1373.0,14573.0,11.0,11.0,15.0,8.01,,,,,,,,,,,,,,,,,,,,,,,,,
8f084f8c-9378-4674-aeeb-d4b88d28c674,2025-11-29 16:42:42 UTC,False,16449.0,CFOP,Gan 12 UI Maglev,RandomForest,12878.0,16449.0,,,gan12,custom_rules,,,,8.0,0.0,0.0,16449.0,60.0,65.0,77.0,3.65,5770.0,10679.0,1910.0,0.0,1910.0,1910.0,6.0,6.0,8.0,3.14,3740.0,540.0,3200.0,5650.0,12.0,12.0,12.0,3.75,2127.0,1652.0,475.0,7777.0,3.0,3.0,3.0,6.32,1071.0,863.0,208.0,8848.0,4.0,4.0,4.0,19.23,1868.0,854.0,1014.0,10716.0,10.0,10.0,12.0,9.86,2047.0,814.0,1233.0,12763.0,13.0,13.0,13.0,10.54,3686.0,1047.0,2639.0,16449.0,13.0,18.0,25.0,4.93,,,,,,,,,,,,,,,,,,,,,,,,,
d570ff86-6901-4009-adbf-c96ee3aba881,2025-11-29 19:48:22 UTC,False,23195.0,CFOP,Gan 12 UI Maglev,RandomForest,27262.0,23195.0,,,gan12,custom_rules,,,,8.0,0.0,0.0,23195.0,68.0,70.0,75.0,2.93,5821.0,17374.0,10667.0,0.0,10667.0,10667.0,24.0,26.0,27.0,2.25,0.0,0.0,0.0,10667.0,0.0,0.0,0.0,0.0,2183.0,1933.0,250.0,12850.0,4.0,4.0,5.0,16.0,2787.0,581.0,2206.0,15637.0,11.0,11.0,12.0,4.99,1887.0,1372.0,515.0,17524.0,4.0,4.0,4.0,7.77,3038.0,927.0,2111.0,20562.0,10.0,10.0,10.0,4.74,2633.0,1008.0,1625.0,23195.0,16.0,16.0,17.0,9.85,,,,,,,,,,,,,,,,,,,,,,,,,
382e51f7-fe20-4483-a46e-b81c9d05a258,2025-11-29 19:49:00 UTC,False,19668.0,CFOP,Gan 12 UI Maglev,RandomForest,8385.0,19668.0,,,gan12,custom_rules,,,,8.0,0.0,0.0,19668.0,78.0,78.0,83.0,3.97,6752.0,12916.0,5162.0,0.0,5162.0,5162.0,15.0,15.0,15.0,2.91,2798.0,577.0,2221.0,7960.0,13.0,13.0,14.0,5.85,1997.0,1264.0,733.0,9957.0,6.0,6.0,7.0,8.19,3679.0,2519.0,1160.0,13636.0,9.0,9.0,11.0,7.76,983.0,379.0,604.0,14619.0,8.0,8.0,8.0,13.25,1673.0,892.0,781.0,16292.0,9.0,9.0,9.0,11.52,3376.0,1121.0,2255.0,19668.0,18.0,18.0,19.0,7.98,,,,,,,,,,,,,,,,,,,,,,,,,
713df773-bcfd-4494-a122-89fa2d6ae692,2025-11-29 19:49:59 UTC,False,14031.0,CFOP,Gan 12 UI Maglev,RandomForest,24494.0,14031.0,,,gan12,custom_rules,,,,8.0,0.0,0.0,14031.0,62.0,66.0,75.0,4.42,4588.0,9443.0,3014.0,0.0,3014.0,3014.0,9.0,11.0,14.0,2.99,0.0,0.0,0.0,3014.0,0.0,0.0,0.0,0.0,2232.0,1151.0,1081.0,5246.0,8.0,8.0,9.0,7.4,2278.0,411.0,1867.0,7524.0,10.0,11.0,12.0,5.36,1716.0,797.0,919.0,9240.0,8.0,8.0,10.0,8.71,2141.0,884.0,1257.0,11381.0,13.0,13.0,13.0,10.34,2650.0,1345.0,1305.0,14031.0,14.0,15.0,17.0,10.73,,,,,,,,,,,,,,,,,,,,,,,,,
e370ea7c-f9d9-4f0d-8a09-e280b13a5336,2025-11-29 19:50:41 UTC,False,17830.0,CFOP,Gan 12 UI Maglev,RandomForest,12301.0,17830.0,,,gan12,custom_rules,,,,8.0,0.0,0.0,17830.0,61.0,61.0,72.0,3.42,7105.0,10660.0,991.0,0.0,991.0,1056.0,5.0,5.0,7.0,5.05,7128.0,2256.0,4872.0,8184.0,19.0,19.0,21.0,3.9,0.0,0.0,0.0,8184.0,0.0,0.0,0.0,0.0,2151.0,1305.0,846.0,10335.0,8.0,8.0,9.0,9.46,2586.0,1861.0,725.0,12921.0,7.0,7.0,7.0,9.66,1686.0,960.0,726.0,14607.0,9.0,9.0,10.0,12.4,3223.0,723.0,2500.0,17830.0,14.0,14.0,18.0,5.6,,,,,,,,,,,,,,,,,,,,,,,,,
6888201e-a728-4532-9527-8ca37301eb12,2025-11-29 19:51:18 UTC,False,18936.0,CFOP,Gan 12 UI Maglev,RandomForest,3042.0,18936.0,,,gan12,custom_rules,,,,8.0,0.0,0.0,18936.0,66.0,66.0,74.0,3.49,6537.0,12399.0,1394.0,0.0,1394.0,1394.0,7.0,7.0,7.0,5.02,2263.0,1022.0,1241.0,3657.0,8.0,8.0,8.0,6.45,5880.0,1024.0,4856.0,9537.0,10.0,10.0,11.0,2.06,1756.0,1401.0,355.0,11293.0,4.0,4.0,4.0,11.27,1755.0,854.0,901.0,13048.0,8.0,8.0,11.0,8.88,2475.0,934.0,1541.0,15523.0,12.0,12.0,13.0,7.79,3413.0,1302.0,2111.0,18936.0,17.0,17.0,20.0,8.05,,,,,,,,,,,,,,,,,,,,,,,,,
2a0c54f2-5314-4a08-819b-6ffa22f91fd8,2025-11-30 08:42:43 UTC,False,19671.0,CFOP,Gan 12 UI Maglev,RandomForest,29026.0,19671.0,,,gan12,custom_rules,,,,8.0,0.0,0.0,19671.0,70.0,72.0,84.0,3.56,7421.0,12250.0,3033.0,0.0,3033.0,3033.0,6.0,6.0,8.0,1.98,1791.0,446.0,1345.0,4824.0,7.0,7.0,9.0,5.2,2276.0,862.0,1414.0,7100.0,11.0,11.0,12.0,7.78,1676.0,951.0,725.0,8776.0,7.0,7.0,8.0,9.66,3945.0,2570.0,1375.0,12721.0,9.0,9.0,10.0,6.55,3431.0,1409.0,2022.0,16152.0,12.0,13.0,13.0,5.93,3519.0,1183.0,2336.0,19671.0,18.0,19.0,24.0,7.71,,,,,,,,,,,,,,,,,,,,,,,,,
f4e8efa9-b11b-47e3-bfb9-80e737a0654e,2025-11-30 08:43:59 UTC,False,17603.0,CFOP,Gan 12 UI Maglev,RandomForest,41456.0,17603.0,,,gan12,custom_rules,,,,8.0,0.0,0.0,17603.0,62.0,63.0,75.0,3.52,7123.0,10480.0,1176.0,0.0,1176.0,1176.0,5.0,5.0,7.0,4.25,4462.0,379.0,4083.0,5638.0,13.0,13.0,15.0,3.18,2594.0,1281.0,1313.0,8232.0,8.0,8.0,11.0,6.09,3449.0,2926.0,523.0,11681.0,4.0,4.0,5.0,7.65,1790.0,830.0,960.0,13471.0,8.0,8.0,10.0,8.33,1788.0,644.0,1144.0,15259.0,10.0,11.0,11.0,8.74,2344.0,1063.0,1281.0,17603.0,14.0,14.0,16.0,10.93,,,,,,,,,,,,,,,,,,,,,,,,,
15fb7d1a-b522-46b1-9a39-fdbfe0c33bb6,2025-11-30 08:45:05 UTC,False,22608.0,CFOP,Gan 12 UI Maglev,RandomForest,27408.0,22608.0,,,gan12,custom_rules,,,,8.0,0.0,0.0,22608.0,76.0,81.0,92.0,3.36,6826.0,15749.0,2639.0,0.0,2639.0,2672.0,6.0,8.0,10.0,2.27,3546.0,435.0,3111.0,6218.0,11.0,11.0,12.0,3.54,2540.0,242.0,2298.0,8758.0,11.0,11.0,12.0,4.79,2127.0,1023.0,1104.0,10885.0,8.0,8.0,9.0,7.25,4647.0,1819.0,2828.0,15532.0,11.0,11.0,15.0,3.89,3192.0,1735.0,1457.0,18724.0,15.0,16.0,16.0,10.3,3884.0,1572.0,2312.0,22608.0,15.0,16.0,18.0,6.49,,,,,,,,,,,,,,,,,,,,,,,,,
a1408cb6-126d-4083-8a69-846a4fe61bd6,2025-11-30 08:45:43 UTC,False,17614.0,CFOP,Gan 12 UI Maglev,RandomForest,6545.0,17614.0,,,gan12,custom_rules,,,,8.0,0.0,0.0,17614.0,70.0,72.0,78.0,3.97,6994.0,10620.0,1966.0,0.0,1966.0,1966.0,7.0,7.0,8.0,3.56,4534.0,1183.0,3351.0,6500.0,12.0,12.0,13.0,3.58,1940.0,740.0,1200.0,8440.0,8.0,8.0,8.0,6.67,1791.0,363.0,1428.0,10231.0,10.0,11.0,13.0,7.0,2506.0,1877.0,629.0,12737.0,9.0,9.0,9.0,14.31,2048.0,1122.0,926.0,14785.0,10.0,11.0,12.0,10.8,2829.0,1709.0,1120.0,17614.0,14.0,14.0,15.0,12.5,,,,,,,,,,,,,,,,,,,,,,,,,
4ca1bb2a-1e4b-4888-bd68-27ad2ba7516e,2025-11-30 08:46:16 UTC,False,16896.0,CFOP,Gan 12 UI Maglev,RandomForest,3302.0,16896.0,,,gan12,custom_rules,,,,8.0,0.0,0.0,16896.0,55.0,59.0,75.0,3.26,6039.0,10857.0,2274.0,0.0,2274.0,2274.0,7.0,7.0,9.0,3.08,1901.0,676.0,1225.0,4175.0,7.0,7.0,8.0,5.71,2273.0,596.0,1677.0,6448.0,8.0,8.0,10.0,4.77,1249.0,959.0,290.0,7697.0,4.0,4.0,5.0,13.79,2528.0,1465.0,1063.0,10225.0,9.0,9.0,10.0,8.47,2740.0,983.0,1757.0,12965.0,12.0,12.0,15.0,6.83,3931.0,1360.0,2571.0,16896.0,9.0,13.0,18.0,3.5,,,,,,,,,,,,,,,,,,,,,,,,,
2eb5e3d3-23e6-46c1-a8c1-1e7d77a38d7b,2025-11-30 08:46:46 UTC,False,14203.0,CFOP,Gan 12 UI Maglev,RandomForest,6074.0,14203.0,,,gan12,custom_rules,,,,8.0,0.0,0.0,14203.0,54.0,56.0,63.0,3.8,7927.0,6276.0,1551.0,0.0,1551.0,1551.0,7.0,7.0,8.0,4.51,1281.0,838.0,443.0,2832.0,3.0,3.0,3.0,6.77,1657.0,1375.0,282.0,4489.0,4.0,4.0,4.0,14.18,1985.0,1526.0,459.0,6474.0,8.0,8.0,9.0,17.43,2241.0,1564.0,677.0,8715.0,8.0,8.0,8.0,11.82,2421.0,1351.0,1070.0,11136.0,8.0,8.0,11.0,7.48,3067.0,1273.0,1794.0,14203.0,16.0,18.0,20.0,8.92,,,,,,,,,,,,,,,,,,,,,,,,,
7a89a1e7-c6c9-4783-a757-f18f1da8ac2a,2025-11-30 08:48:42 UTC,False,20360.0,CFOP,Gan 12 UI Maglev,RandomForest,28904.0,20360.0,,,gan12,custom_rules,,,,8.0,0.0,0.0,20360.0,58.0,64.0,83.0,2.85,9505.0,10855.0,2059.0,0.0,2059.0,2059.0,6.0,6.0,7.0,2.91,1733.0,1540.0,193.0,3792.0,4.0,4.0,4.0,20.73,3231.0,2457.0,774.0,7023.0,7.0,8.0,10.0,9.04,4793.0,2512.0,2281.0,11816.0,11.0,11.0,13.0,4.82,1637.0,621.0,1016.0,13453.0,7.0,7.0,8.0,6.89,3524.0,1254.0,2270.0,16977.0,14.0,14.0,18.0,6.17,3383.0,1121.0,2262.0,20360.0,10.0,15.0,23.0,4.42,,,,,,,,,,,,,,,,,,,,,,,,,
caf6b5bb-f992-492b-ab5c-de9c4fe9bf47,2025-11-30 08:49:26 UTC,False,14732.0,CFOP,Gan 12 UI Maglev,RandomForest,18026.0,14732.0,,,gan12,custom_rules,,,,8.0,0.0,0.0,14732.0,67.0,68.0,79.0,4.55,4741.0,9910.0,2939.0,0.0,2939.0,3020.0,10.0,10.0,13.0,3.4,2016.0,383.0,1633.0,5036.0,9.0,9.0,10.0,5.51,3608.0,1394.0,2214.0,8644.0,14.0,15.0,17.0,6.32,1209.0,999.0,210.0,9853.0,4.0,4.0,4.0,19.05,1312.0,490.0,822.0,11165.0,7.0,7.0,10.0,8.52,1190.0,597.0,593.0,12355.0,9.0,9.0,9.0,15.18,2377.0,878.0,1499.0,14732.0,14.0,14.0,16.0,9.34,,,,,,,,,,,,,,,,,,,,,,,,,
5b1fa595-7fa9-48cf-b70c-9b682274e6ab,2025-11-30 08:50:12 UTC,False,25973.0,CFOP,Gan 12 UI Maglev,RandomForest,5621.0,25973.0,,,gan12,custom_rules,,,,8.0,0.0,0.0,25973.0,90.0,90.0,101.0,3.47,8341.0,17632.0,1249.0,0.0,1249.0,1249.0,7.0,7.0,7.0,5.6,2959.0,1390.0,1569.0,4208.0,8.0,8.0,9.0,5.1,6753.0,661.0,6092.0,10961.0,15.0,15.0,17.0,2.46,2340.0,1607.0,733.0,13301.0,8.0,8.0,8.0,10.91,5593.0,1433.0,4160.0,18894.0,19.0,19.0,22.0,4.57,3446.0,1426.0,2020.0,22340.0,17.0,17.0,18.0,8.42,3633.0,1824.0,1809.0,25973.0,17.0,17.0,20.0,9.4,,,,,,,,,,,,,,,,,,,,,,,,,
8f1a37a0-05ed-4338-88be-7c383080c653,2025-11-30 08:50:48 UTC,False,13196.0,CFOP,Gan 12 UI Maglev,RandomForest,12921.0,13196.0,,,gan12,custom_rules,,,,8.0,0.0,0.0,13196.0,54.0,54.0,58.0,4.09,7703.0,5493.0,709.0,0.0,709.0,709.0,4.0,4.0,4.0,5.64,773.0,580.0,193.0,1482.0,3.0,3.0,3.0,15.54,1946.0,1744.0,202.0,3428.0,4.0,4.0,4.0,19.8,2221.0,1545.0,676.0,5649.0,8.0,8.0,10.0,11.83,1465.0,1256.0,209.0,7114.0,3.0,3.0,3.0,14.35,2457.0,1603.0,854.0,9571.0,12.0,12.0,12.0,14.05,3625.0,975.0,2650.0,13196.0,20.0,20.0,22.0,7.55,,,,,,,,,,,,,,,,,,,,,,,,,
f2750c0a-4d7f-438a-a5d6-8b4d04f03fa6,2025-11-30 08:51:43 UTC,False,17745.0,CFOP,Gan 12 UI Maglev,RandomForest,13931.0,17745.0,,,gan12,custom_rules,,,,8.0,0.0,0.0,17745.0,63.0,64.0,69.0,3.55,6577.0,11168.0,5846.0,0.0,5846.0,5846.0,21.0,21.0,23.0,3.59,0.0,0.0,0.0,5846.0,0.0,0.0,0.0,0.0,0.0,0.0,0.0,5846.0,0.0,0.0,0.0,0.0,3076.0,1674.0,1402.0,8922.0,9.0,10.0,10.0,6.42,3509.0,3307.0,202.0,12431.0,4.0,4.0,4.0,19.8,1825.0,725.0,1100.0,14256.0,11.0,11.0,12.0,10.0,3489.0,871.0,2618.0,17745.0,18.0,18.0,20.0,6.88,,,,,,,,,,,,,,,,,,,,,,,,,
96184e94-97da-490e-ac3b-00ffd76bcd32,2025-11-30 08:52:23 UTC,False,17652.0,CFOP,Gan 12 UI Maglev,RandomForest,12910.0,17652.0,,,gan12,custom_rules,,,,8.0,0.0,0.0,17652.0,64.0,65.0,70.0,3.63,9945.0,7707.0,1322.0,0.0,1322.0,1322.0,6.0,6.0,8.0,4.54,4416.0,2751.0,1665.0,5738.0,9.0,9.0,9.0,5.41,3245.0,2093.0,1152.0,8983.0,8.0,8.0,10.0,6.94,1612.0,927.0,685.0,10595.0,8.0,8.0,8.0,11.68,2191.0,1941.0,250.0,12786.0,4.0,4.0,4.0,16.0,1703.0,921.0,782.0,14489.0,10.0,11.0,11.0,12.79,3163.0,1312.0,1851.0,17652.0,19.0,19.0,20.0,10.26,,,,,,,,,,,,,,,,,,,,,,,,,
9772326a-9c18-4a37-8e5f-5e5640444f2b,2025-11-30 08:52:57 UTC,False,18710.0,CFOP,Gan 12 UI Maglev,RandomForest,5454.0,18710.0,,,gan12,custom_rules,,,,8.0,0.0,0.0,18710.0,68.0,70.0,76.0,3.63,2499.0,16211.0,13951.0,0.0,13951.0,13951.0,44.0,46.0,49.0,3.15,0.0,0.0,0.0,13951.0,0.0,0.0,0.0,0.0,0.0,0.0,0.0,13951.0,0.0,0.0,0.0,0.0,0.0,0.0,0.0,13951.0,0.0,0.0,0.0,0.0,0.0,0.0,0.0,13951.0,0.0,0.0,0.0,0.0,2050.0,910.0,1140.0,16001.0,13.0,13.0,13.0,11.4,2709.0,1589.0,1120.0,18710.0,11.0,11.0,14.0,9.82,,,,,,,,,,,,,,,,,,,,,,,,,
b7882344-f147-4bf0-8941-0779ff0ecdce,2025-11-30 08:54:28 UTC,False,20971.0,CFOP,Gan 12 UI Maglev,RandomForest,23567.0,20971.0,,,gan12,custom_rules,,,,8.0,0.0,0.0,20971.0,75.0,75.0,86.0,3.58,8290.0,12681.0,668.0,0.0,668.0,668.0,4.0,4.0,4.0,5.99,1912.0,605.0,1307.0,2580.0,8.0,8.0,10.0,6.12,3375.0,1037.0,2338.0,5955.0,10.0,10.0,13.0,4.28,2997.0,1272.0,1725.0,8952.0,8.0,8.0,9.0,4.64,3827.0,2021.0,1806.0,12779.0,9.0,9.0,11.0,4.98,4137.0,2161.0,1976.0,16916.0,18.0,18.0,20.0,9.11,4055.0,1194.0,2861.0,20971.0,18.0,18.0,19.0,6.29,,,,,,,,,,,,,,,,,,,,,,,,,
08a64b7e-d928-4e78-8c88-b46fb200efc8,2025-11-30 08:55:15 UTC,False,21604.0,CFOP,Gan 12 UI Maglev,RandomForest,13127.0,21604.0,,,gan12,custom_rules,,,,8.0,0.0,0.0,21604.0,55.0,56.0,64.0,2.55,10924.0,10680.0,6471.0,0.0,6471.0,6471.0,14.0,14.0,14.0,2.16,0.0,0.0,0.0,6471.0,0.0,0.0,0.0,0.0,0.0,0.0,0.0,6471.0,0.0,0.0,0.0,0.0,6603.0,5934.0,669.0,13074.0,10.0,10.0,12.0,14.95,2214.0,1142.0,1072.0,15288.0,8.0,8.0,10.0,7.46,3320.0,2529.0,791.0,18608.0,9.0,9.0,11.0,11.38,2996.0,1319.0,1677.0,21604.0,14.0,15.0,17.0,8.35,,,,,,,,,,,,,,,,,,,,,,,,,
9043a25c-cdbd-4c75-b76e-dcf68ef5fc7f,2025-11-30 08:55:49 UTC,False,15656.0,CFOP,Gan 12 UI Maglev,RandomForest,6595.0,15656.0,,,gan12,custom_rules,,,,8.0,0.0,0.0,15656.0,60.0,61.0,70.0,3.83,7247.0,8409.0,2447.0,0.0,2447.0,2447.0,6.0,6.0,8.0,2.45,1993.0,1703.0,290.0,4440.0,3.0,3.0,3.0,10.34,2225.0,1508.0,717.0,6665.0,6.0,7.0,8.0,8.37,1194.0,654.0,540.0,7859.0,8.0,8.0,9.0,14.81,2132.0,1358.0,774.0,9991.0,8.0,8.0,9.0,10.34,2031.0,734.0,1297.0,12022.0,10.0,10.0,13.0,7.71,3634.0,1290.0,2344.0,15656.0,19.0,19.0,20.0,8.11,,,,,,,,,,,,,,,,,,,,,,,,,
f8acdf6a-3264-456d-aecf-931037ab9758,2025-11-30 08:56:38 UTC,False,24474.0,CFOP,Gan 12 UI Maglev,RandomForest,13314.0,24474.0,,,gan12,custom_rules,,,,8.0,0.0,0.0,24474.0,80.0,80.0,91.0,3.27,11516.0,12958.0,5205.0,0.0,5205.0,5205.0,16.0,16.0,16.0,3.07,3433.0,1981.0,1452.0,8638.0,9.0,9.0,11.0,6.2,3413.0,2366.0,1047.0,12051.0,8.0,8.0,9.0,7.64,2287.0,1756.0,531.0,14338.0,8.0,8.0,9.0,15.07,2560.0,1899.0,661.0,16898.0,8.0,8.0,9.0,12.1,4103.0,1322.0,2781.0,21001.0,20.0,20.0,22.0,7.19,3473.0,2192.0,1281.0,24474.0,11.0,11.0,15.0,8.59,,,,,,,,,,,,,,,,,,,,,,,,,
70f09449-11fe-4998-b67c-23ff1d325a29,2025-11-30 08:57:21 UTC,False,25936.0,CFOP,Gan 12 UI Maglev,RandomForest,6076.0,25936.0,,,gan12,custom_rules,,,,8.0,0.0,0.0,25936.0,83.0,90.0,103.0,3.2,10293.0,15643.0,2603.0,0.0,2603.0,2603.0,8.0,8.0,8.0,3.07,2602.0,1506.0,1096.0,5205.0,6.0,7.0,8.0,5.47,2513.0,1408.0,1105.0,7718.0,8.0,8.0,10.0,7.24,2119.0,959.0,1160.0,9837.0,11.0,11.0,11.0,9.48,2175.0,1369.0,806.0,12012.0,8.0,8.0,10.0,9.93,7397.0,1055.0,6342.0,19409.0,29.0,35.0,38.0,4.57,6527.0,3996.0,2531.0,25936.0,13.0,13.0,18.0,5.14,,,,,,,,,,,,,,,,,,,,,,,,,
8d776be9-bd5d-4880-a2ab-3b4bc083da8a,2025-11-30 08:57:59 UTC,False,18717.0,CFOP,Gan 12 UI Maglev,RandomForest,6999.0,18717.0,,,gan12,custom_rules,,,,8.0,0.0,0.0,18717.0,62.0,63.0,71.0,3.31,8320.0,10332.0,1248.0,0.0,1248.0,1313.0,5.0,5.0,6.0,4.01,4173.0,3222.0,951.0,5486.0,8.0,8.0,8.0,8.41,4220.0,1351.0,2869.0,9706.0,11.0,11.0,11.0,3.83,1876.0,1094.0,782.0,11582.0,8.0,8.0,10.0,10.23,1920.0,921.0,999.0,13502.0,11.0,11.0,12.0,11.01,2155.0,555.0,1600.0,15657.0,9.0,10.0,10.0,5.63,3060.0,1177.0,1883.0,18717.0,10.0,10.0,14.0,5.31,,,,,,,,,,,,,,,,,,,,,,,,,
b6c546bd-dad9-47a8-a52a-9b1e8b7f4e4f,2025-11-30 08:58:36 UTC,False,17993.0,CFOP,Gan 12 UI Maglev,RandomForest,7295.0,17993.0,,,gan12,custom_rules,,,,8.0,0.0,0.0,17993.0,61.0,61.0,77.0,3.39,7320.0,10673.0,2303.0,0.0,2303.0,2303.0,9.0,9.0,9.0,3.91,3107.0,2047.0,1060.0,5410.0,6.0,6.0,8.0,5.66,1988.0,717.0,1271.0,7398.0,8.0,8.0,9.0,6.29,2851.0,1387.0,1464.0,10249.0,9.0,9.0,10.0,6.15,2119.0,1039.0,1080.0,12368.0,8.0,8.0,10.0,7.41,2249.0,977.0,1272.0,14617.0,10.0,10.0,15.0,7.86,3376.0,1153.0,2223.0,17993.0,11.0,11.0,16.0,4.95,,,,,,,,,,,,,,,,,,,,,,,,,
c05921f6-3149-4f9e-ac31-4a45c1a9445d,2025-11-30 08:59:09 UTC,False,20087.0,CFOP,Gan 12 UI Maglev,RandomForest,4582.0,20087.0,,,gan12,custom_rules,,,,8.0,0.0,0.0,20087.0,68.0,69.0,78.0,3.39,7400.0,12687.0,4202.0,0.0,4202.0,4202.0,11.0,11.0,11.0,2.62,2886.0,1919.0,967.0,7088.0,5.0,5.0,6.0,5.17,2074.0,516.0,1558.0,9162.0,7.0,7.0,9.0,4.49,3126.0,854.0,2272.0,12288.0,13.0,14.0,16.0,5.72,1573.0,1210.0,363.0,13861.0,5.0,5.0,6.0,13.77,2626.0,991.0,1635.0,16487.0,17.0,17.0,17.0,10.4,3600.0,1910.0,1690.0,20087.0,10.0,10.0,13.0,5.92,,,,,,,,,,,,,,,,,,,,,,,,,
1d24f2dc-407f-47e6-bc61-a739246f24e0,2025-11-30 08:59:46 UTC,False,20907.0,CFOP,Gan 12 UI Maglev,RandomForest,5052.0,20907.0,,,gan12,custom_rules,,,,8.0,0.0,0.0,20907.0,83.0,84.0,91.0,3.97,7411.0,13496.0,1370.0,0.0,1370.0,1370.0,5.0,5.0,5.0,3.65,2382.0,532.0,1850.0,3752.0,10.0,10.0,10.0,5.41,1756.0,758.0,998.0,5508.0,8.0,8.0,10.0,8.02,1883.0,975.0,908.0,7391.0,9.0,9.0,10.0,9.91,7177.0,1902.0,5275.0,14568.0,22.0,22.0,23.0,4.17,2261.0,1278.0,983.0,16829.0,11.0,11.0,11.0,11.19,4078.0,1966.0,2112.0,20907.0,18.0,19.0,22.0,8.52,,,,,,,,,,,,,,,,,,,,,,,,,
20852181-a527-4a6c-8516-3a06c2bfae7e,2025-11-30 09:02:27 UTC,False,16826.0,CFOP,Gan 12 UI Maglev,RandomForest,24010.0,16826.0,,,gan12,custom_rules,,,,8.0,0.0,0.0,16826.0,68.0,72.0,81.0,4.04,6283.0,10543.0,2426.0,0.0,2426.0,2426.0,8.0,8.0,9.0,3.3,2047.0,315.0,1732.0,4473.0,10.0,10.0,10.0,5.77,2869.0,903.0,1966.0,7342.0,10.0,11.0,13.0,5.09,1976.0,1033.0,943.0,9318.0,8.0,8.0,10.0,8.48,1651.0,1071.0,580.0,10969.0,8.0,8.0,9.0,13.79,1558.0,540.0,1018.0,12527.0,9.0,10.0,10.0,8.84,4299.0,2421.0,1878.0,16826.0,15.0,17.0,20.0,7.99,,,,,,,,,,,,,,,,,,,,,,,,,
b600e3b7-daf7-492a-82f7-5bb2a9d83eab,2025-11-30 09:03:37 UTC,False,27770.0,CFOP,Gan 12 UI Maglev,RandomForest,33005.0,27770.0,,,gan12,custom_rules,,,,8.0,0.0,0.0,27770.0,67.0,70.0,80.0,2.41,12319.0,15451.0,3382.0,0.0,3382.0,3382.0,7.0,7.0,9.0,2.07,8604.0,4760.0,3844.0,11986.0,13.0,14.0,15.0,3.38,2802.0,1569.0,1233.0,14788.0,7.0,7.0,7.0,5.68,2868.0,395.0,2473.0,17656.0,7.0,7.0,7.0,2.83,2949.0,1837.0,1112.0,20605.0,7.0,7.0,7.0,6.29,2185.0,1074.0,1111.0,22790.0,10.0,10.0,13.0,9.0,4980.0,2684.0,2296.0,27770.0,16.0,18.0,22.0,6.97,,,,,,,,,,,,,,,,,,,,,,,,,
31ac01ec-9b78-4629-9b33-e51c0d9a9e17,2025-11-30 09:04:43 UTC,False,22722.0,CFOP,Gan 12 UI Maglev,RandomForest,26612.0,22722.0,,,gan12,custom_rules,,,,8.0,0.0,0.0,22722.0,80.0,81.0,88.0,3.52,3442.0,19280.0,926.0,0.0,926.0,926.0,5.0,5.0,6.0,5.4,12670.0,121.0,12549.0,13596.0,38.0,39.0,42.0,3.03,0.0,0.0,0.0,13596.0,0.0,0.0,0.0,0.0,0.0,0.0,0.0,13596.0,0.0,0.0,0.0,0.0,3119.0,967.0,2152.0,16715.0,12.0,12.0,13.0,5.58,2992.0,725.0,2267.0,19707.0,11.0,11.0,12.0,4.85,3015.0,1629.0,1386.0,22722.0,14.0,14.0,15.0,10.1,,,,,,,,,,,,,,,,,,,,,,,,,
4bf612ec-e219-473a-af52-31320e03c671,2025-11-30 09:05:29 UTC,False,18337.0,CFOP,Gan 12 UI Maglev,RandomForest,15610.0,18337.0,,,gan12,custom_rules,,,,8.0,0.0,0.0,18337.0,62.0,64.0,69.0,3.38,6843.0,11494.0,5803.0,0.0,5803.0,5803.0,16.0,17.0,19.0,2.76,0.0,0.0,0.0,5803.0,0.0,0.0,0.0,0.0,2319.0,1811.0,508.0,8122.0,3.0,3.0,3.0,5.91,1561.0,798.0,763.0,9683.0,7.0,7.0,7.0,9.17,2544.0,789.0,1755.0,12227.0,9.0,9.0,9.0,5.13,2300.0,1269.0,1031.0,14527.0,12.0,12.0,13.0,11.64,3810.0,2176.0,1634.0,18337.0,15.0,16.0,18.0,9.18,,,,,,,,,,,,,,,,,,,,,,,,,
d244599c-1aa7-44d6-bc57-9187f1b72803,2025-11-30 09:06:09 UTC,False,14887.0,CFOP,Gan 12 UI Maglev,RandomForest,14808.0,14887.0,,,gan12,custom_rules,,,,8.0,0.0,0.0,14887.0,64.0,66.0,79.0,4.3,5872.0,9015.0,2878.0,0.0,2878.0,2878.0,13.0,13.0,16.0,4.52,0.0,0.0,0.0,2878.0,0.0,0.0,0.0,0.0,3351.0,1675.0,1676.0,6229.0,9.0,9.0,12.0,5.37,1860.0,830.0,1030.0,8089.0,8.0,8.0,9.0,7.77,1831.0,687.0,1144.0,9920.0,8.0,8.0,10.0,6.99,2163.0,1262.0,901.0,12083.0,11.0,12.0,13.0,12.21,2804.0,1418.0,1386.0,14887.0,15.0,16.0,19.0,10.82,,,,,,,,,,,,,,,,,,,,,,,,,
ab4fdf83-dc48-488e-a043-044a9752c136,2025-11-30 09:06:40 UTC,False,16839.0,CFOP,Gan 12 UI Maglev,RandomForest,5106.0,16839.0,,,gan12,custom_rules,,,,8.0,0.0,0.0,16839.0,59.0,60.0,74.0,3.5,6573.0,10266.0,3311.0,0.0,3311.0,3311.0,8.0,8.0,11.0,2.42,2637.0,298.0,2339.0,5948.0,11.0,11.0,14.0,4.7,1628.0,895.0,733.0,7576.0,6.0,7.0,7.0,8.19,1999.0,1193.0,806.0,9575.0,8.0,8.0,9.0,9.93,829.0,652.0,177.0,10404.0,4.0,4.0,5.0,22.6,3221.0,1603.0,1618.0,13625.0,12.0,12.0,15.0,7.42,3214.0,1932.0,1282.0,16839.0,10.0,10.0,13.0,7.8,,,,,,,,,,,,,,,,,,,,,,,,,
8d5c3012-6609-4763-b948-8ebaaf351852,2025-11-30 09:07:27 UTC,False,13190.0,CFOP,Gan 12 UI Maglev,RandomForest,24750.0,13190.0,,,gan12,custom_rules,,,,8.0,0.0,0.0,13190.0,55.0,56.0,65.0,4.17,3446.0,9744.0,6264.0,0.0,6264.0,6264.0,22.0,23.0,27.0,3.51,0.0,0.0,0.0,6264.0,0.0,0.0,0.0,0.0,0.0,0.0,0.0,6264.0,0.0,0.0,0.0,0.0,0.0,0.0,0.0,6264.0,0.0,0.0,0.0,0.0,1968.0,1412.0,556.0,8232.0,7.0,7.0,8.0,12.59,2203.0,1003.0,1200.0,10435.0,10.0,10.0,12.0,8.33,2755.0,1031.0,1724.0,13190.0,16.0,16.0,18.0,9.28,,,,,,,,,,,,,,,,,,,,,,,,,
57883882-0979-4928-b074-693eda0d4da2,2025-11-30 09:08:37 UTC,False,22625.0,CFOP,Gan 12 UI Maglev,RandomForest,33298.0,22625.0,,,gan12,custom_rules,,,,8.0,0.0,0.0,22625.0,66.0,68.0,79.0,2.92,6133.0,16492.0,1088.0,0.0,1088.0,1088.0,5.0,5.0,6.0,4.6,4225.0,128.0,4097.0,5313.0,8.0,9.0,10.0,1.95,4151.0,838.0,3313.0,9464.0,13.0,13.0,14.0,3.92,6044.0,1201.0,4843.0,15508.0,13.0,14.0,15.0,2.68,3731.0,2571.0,1160.0,19239.0,12.0,12.0,13.0,10.34,1259.0,654.0,605.0,20498.0,7.0,7.0,8.0,11.57,2127.0,741.0,1386.0,22625.0,10.0,10.0,13.0,7.22,,,,,,,,,,,,,,,,,,,,,,,,,
392c37ce-2024-49f1-8e40-e0c41548f871,2025-11-30 09:09:29 UTC,False,14977.0,CFOP,Gan 12 UI Maglev,RandomForest,18691.0,14977.0,,,gan12,custom_rules,,,,8.0,0.0,0.0,14977.0,61.0,62.0,69.0,4.07,7820.0,7157.0,903.0,0.0,903.0,903.0,5.0,5.0,6.0,5.54,1645.0,451.0,1194.0,2548.0,8.0,8.0,9.0,6.7,2942.0,2604.0,338.0,5490.0,5.0,5.0,6.0,14.79,1815.0,1533.0,282.0,7305.0,4.0,4.0,5.0,14.18,1217.0,508.0,709.0,8522.0,7.0,7.0,8.0,9.87,2797.0,1693.0,1104.0,11319.0,10.0,11.0,11.0,9.06,3658.0,1031.0,2627.0,14977.0,22.0,22.0,24.0,8.37,,,,,,,,,,,,,,,,,,,,,,,,,
9943de5e-35cc-43cc-9fb2-343bd0c4b830,2025-11-30 09:10:01 UTC,False,15859.0,CFOP,Gan 12 UI Maglev,RandomForest,6895.0,15859.0,,,gan12,custom_rules,,,,8.0,0.0,0.0,15859.0,65.0,65.0,74.0,4.1,4997.0,10862.0,870.0,0.0,870.0,870.0,5.0,5.0,5.0,5.75,2502.0,1184.0,1318.0,3372.0,9.0,9.0,10.0,6.83,1128.0,339.0,789.0,4500.0,5.0,5.0,7.0,6.34,3286.0,547.0,2739.0,7786.0,12.0,12.0,14.0,4.38,3208.0,961.0,2247.0,10994.0,10.0,10.0,10.0,4.45,1578.0,943.0,635.0,12572.0,7.0,7.0,7.0,11.02,3287.0,1023.0,2264.0,15859.0,17.0,17.0,21.0,7.51,,,,,,,,,,,,,,,,,,,,,,,,,
8b76dee1-ef33-4b93-a15b-3a040b7e5a32,2025-11-30 09:10:30 UTC,False,12612.0,CFOP,Gan 12 UI Maglev,RandomForest,4629.0,12612.0,,,gan12,custom_rules,,,,8.0,0.0,0.0,12612.0,66.0,67.0,73.0,5.23,5291.0,7321.0,1797.0,0.0,1797.0,1797.0,6.0,6.0,6.0,3.34,1826.0,935.0,891.0,3623.0,8.0,8.0,11.0,8.98,1885.0,950.0,935.0,5508.0,8.0,8.0,8.0,8.56,1690.0,653.0,1037.0,7198.0,8.0,8.0,8.0,7.71,1494.0,475.0,1019.0,8692.0,12.0,12.0,12.0,11.78,1199.0,645.0,554.0,9891.0,8.0,8.0,8.0,14.44,2721.0,1633.0,1088.0,12612.0,16.0,17.0,20.0,14.71,,,,,,,,,,,,,,,,,,,,,,,,,
96e87f39-7838-463c-8201-53c5c78a4e33,2025-11-30 09:11:11 UTC,False,22869.0,CFOP,Gan 12 UI Maglev,RandomForest,7657.0,22869.0,,,gan12,custom_rules,,,,8.0,0.0,0.0,22869.0,72.0,77.0,93.0,3.15,7827.0,15042.0,8914.0,0.0,8914.0,8914.0,21.0,23.0,30.0,2.36,678.0,339.0,339.0,9592.0,3.0,3.0,4.0,8.85,3469.0,1963.0,1506.0,13061.0,9.0,9.0,10.0,5.98,2881.0,2204.0,677.0,15942.0,6.0,6.0,8.0,8.86,1801.0,720.0,1081.0,17743.0,8.0,8.0,9.0,7.4,1767.0,726.0,1041.0,19510.0,10.0,11.0,12.0,9.61,3359.0,1875.0,1484.0,22869.0,15.0,17.0,20.0,10.11,,,,,,,,,,,,,,,,,,,,,,,,,
f23f8d30-4e13-41f6-ae23-6b2005fbd7b1,2025-11-30 09:14:57 UTC,False,22426.0,CFOP,Gan 12 UI Maglev,RandomForest,76752.0,22426.0,,,gan12,custom_rules,,,,8.0,0.0,0.0,22426.0,68.0,72.0,84.0,3.03,10064.0,12112.0,5267.0,0.0,5267.0,5517.0,8.0,8.0,9.0,1.52,3734.0,3323.0,411.0,9251.0,5.0,6.0,6.0,12.17,2584.0,1666.0,918.0,11835.0,8.0,8.0,10.0,8.71,2447.0,1642.0,805.0,14282.0,6.0,7.0,9.0,7.45,2353.0,500.0,1853.0,16635.0,10.0,10.0,13.0,5.4,2674.0,1555.0,1119.0,19309.0,12.0,14.0,16.0,10.72,3117.0,1378.0,1739.0,22426.0,19.0,19.0,21.0,10.93,,,,,,,,,,,,,,,,,,,,,,,,,
74d2aee2-4f96-43e2-ad71-b18dd519014c,2025-11-30 09:15:36 UTC,False,20967.0,CFOP,Gan 12 UI Maglev,RandomForest,8265.0,20967.0,,,gan12,custom_rules,,,,8.0,0.0,0.0,20967.0,79.0,80.0,99.0,3.77,8686.0,12200.0,2105.0,0.0,2105.0,2186.0,7.0,7.0,12.0,3.33,1603.0,459.0,1144.0,3789.0,8.0,8.0,9.0,6.99,1540.0,492.0,1048.0,5329.0,8.0,8.0,9.0,7.63,5947.0,1628.0,4319.0,11276.0,20.0,21.0,25.0,4.63,4479.0,3448.0,1031.0,15755.0,10.0,10.0,12.0,9.7,2167.0,1402.0,765.0,17922.0,9.0,9.0,11.0,11.76,3045.0,1257.0,1788.0,20967.0,17.0,17.0,21.0,9.51,,,,,,,,,,,,,,,,,,,,,,,,,
70a14a70-30a4-4770-8784-769f476b180c,2025-11-30 09:16:16 UTC,False,14842.0,CFOP,Gan 12 UI Maglev,RandomForest,14040.0,14842.0,,,gan12,custom_rules,,,,8.0,0.0,0.0,14842.0,64.0,67.0,75.0,4.31,7074.0,7768.0,935.0,0.0,935.0,935.0,5.0,5.0,6.0,5.35,1829.0,403.0,1426.0,2764.0,11.0,11.0,13.0,7.71,1441.0,555.0,886.0,4205.0,8.0,9.0,9.0,9.03,1919.0,1202.0,717.0,6124.0,8.0,8.0,9.0,11.16,2910.0,2104.0,806.0,9034.0,9.0,9.0,10.0,11.17,2972.0,1416.0,1556.0,12006.0,10.0,10.0,10.0,6.43,2836.0,1394.0,1442.0,14842.0,14.0,16.0,18.0,9.71,,,,,,,,,,,,,,,,,,,,,,,,,
f7dd276c-35c7-48de-9610-89fd0c05a984,2025-11-30 09:16:58 UTC,False,17275.0,CFOP,Gan 12 UI Maglev,RandomForest,15881.0,17275.0,,,gan12,custom_rules,,,,8.0,0.0,0.0,17275.0,70.0,70.0,85.0,4.05,4384.0,12891.0,6220.0,0.0,6220.0,6220.0,18.0,18.0,21.0,2.89,0.0,0.0,0.0,6220.0,0.0,0.0,0.0,0.0,975.0,435.0,540.0,7195.0,7.0,7.0,8.0,12.96,2297.0,1516.0,781.0,9492.0,8.0,8.0,8.0,10.24,1193.0,282.0,911.0,10685.0,8.0,8.0,8.0,8.78,3246.0,1191.0,2055.0,13931.0,12.0,12.0,19.0,5.84,3344.0,960.0,2384.0,17275.0,17.0,17.0,21.0,7.13,,,,,,,,,,,,,,,,,,,,,,,,,
78b1a6a8-f05a-4207-97ae-c861789ba899,2025-11-30 09:17:36 UTC,False,15137.0,CFOP,Gan 12 UI Maglev,RandomForest,8686.0,15137.0,,,gan12,custom_rules,,,,8.0,0.0,0.0,15137.0,54.0,59.0,75.0,3.57,4959.0,10178.0,4777.0,0.0,4777.0,4777.0,14.0,14.0,19.0,2.93,0.0,0.0,0.0,4777.0,0.0,0.0,0.0,0.0,2817.0,1239.0,1578.0,7594.0,8.0,8.0,9.0,5.07,919.0,250.0,669.0,8513.0,7.0,7.0,8.0,10.46,2295.0,1441.0,854.0,10808.0,7.0,7.0,8.0,8.2,1854.0,895.0,959.0,12662.0,10.0,10.0,13.0,10.43,2475.0,1134.0,1341.0,15137.0,9.0,13.0,18.0,6.71,,,,,,,,,,,,,,,,,,,,,,,,,
25f484e9-a511-4caf-91a2-b59e097df887,2025-11-30 09:18:18 UTC,False,23985.0,CFOP,Gan 12 UI Maglev,RandomForest,6844.0,23985.0,,,gan12,custom_rules,,,,8.0,0.0,0.0,23985.0,79.0,80.0,92.0,3.29,8364.0,15621.0,3853.0,0.0,3853.0,3853.0,9.0,9.0,11.0,2.34,3888.0,2712.0,1176.0,7741.0,8.0,8.0,8.0,6.8,1699.0,305.0,1394.0,9440.0,7.0,7.0,7.0,5.02,2431.0,902.0,1529.0,11871.0,8.0,8.0,8.0,5.23,2067.0,870.0,1197.0,13938.0,7.0,7.0,8.0,5.85,2401.0,1184.0,1217.0,16339.0,14.0,14.0,15.0,11.5,7646.0,2391.0,5255.0,23985.0,26.0,27.0,35.0,4.95,,,,,,,,,,,,,,,,,,,,,,,,,
9fda5d8c-3d56-4b94-9f89-6a0e2d061b68,2025-11-30 09:18:49 UTC,False,15947.0,CFOP,Gan 12 UI Maglev,RandomForest,4900.0,15947.0,,,gan12,custom_rules,,,,8.0,0.0,0.0,15947.0,74.0,78.0,94.0,4.64,4408.0,11539.0,1015.0,0.0,1015.0,1015.0,5.0,5.0,6.0,4.93,1858.0,980.0,878.0,2873.0,8.0,8.0,9.0,9.11,2005.0,403.0,1602.0,4878.0,7.0,7.0,8.0,4.37,1748.0,532.0,1216.0,6626.0,10.0,10.0,11.0,8.22,2770.0,636.0,2134.0,9396.0,11.0,11.0,12.0,5.15,1859.0,941.0,918.0,11255.0,10.0,10.0,13.0,10.89,4692.0,916.0,3776.0,15947.0,23.0,27.0,35.0,6.09,,,,,,,,,,,,,,,,,,,,,,,,,
41666913-e6a9-4e7c-8f79-983c759832f4,2025-11-30 09:19:19 UTC,False,15599.0,CFOP,Gan 12 UI Maglev,RandomForest,4863.0,15599.0,,,gan12,custom_rules,,,,8.0,0.0,0.0,15599.0,59.0,59.0,64.0,3.78,6709.0,8778.0,2908.0,0.0,2908.0,3020.0,11.0,11.0,14.0,3.78,3125.0,701.0,2424.0,6145.0,7.0,7.0,7.0,2.89,806.0,621.0,185.0,6951.0,3.0,3.0,3.0,16.22,851.0,650.0,201.0,7802.0,3.0,3.0,3.0,14.93,3041.0,2324.0,717.0,10843.0,9.0,9.0,10.0,12.55,1787.0,1223.0,564.0,12630.0,8.0,8.0,8.0,14.18,2969.0,1190.0,1779.0,15599.0,19.0,19.0,19.0,10.68,,,,,,,,,,,,,,,,,,,,,,,,,
44b6b4d5-0f35-4050-97b8-fe9c39db79fb,2025-11-30 09:20:03 UTC,False,13229.0,CFOP,Gan 12 UI Maglev,RandomForest,14685.0,13229.0,,,gan12,custom_rules,,,,8.0,0.0,0.0,13229.0,58.0,58.0,68.0,4.38,5161.0,8068.0,3526.0,0.0,3526.0,3526.0,14.0,14.0,17.0,3.97,0.0,0.0,0.0,3526.0,0.0,0.0,0.0,0.0,1717.0,129.0,1588.0,5243.0,11.0,11.0,12.0,6.93,1209.0,1032.0,177.0,6452.0,4.0,4.0,4.0,22.6,1474.0,709.0,765.0,7926.0,8.0,8.0,9.0,10.46,2274.0,1420.0,854.0,10200.0,11.0,11.0,11.0,12.88,3029.0,1871.0,1158.0,13229.0,11.0,11.0,15.0,9.5,,,,,,,,,,,,,,,,,,,,,,,,,
1870f9af-d3f1-4a84-a261-eb59ec3c7491,2025-11-30 09:20:34 UTC,False,16103.0,CFOP,Gan 12 UI Maglev,RandomForest,3092.0,16103.0,,,gan12,custom_rules,,,,8.0,0.0,0.0,16103.0,50.0,51.0,57.0,3.11,6608.0,9495.0,1699.0,0.0,1699.0,1699.0,6.0,6.0,6.0,3.53,4470.0,1145.0,3325.0,6169.0,8.0,8.0,9.0,2.41,2152.0,1951.0,201.0,8321.0,4.0,4.0,5.0,19.9,1629.0,258.0,1371.0,9950.0,7.0,7.0,8.0,5.11,1346.0,1088.0,258.0,11296.0,3.0,3.0,4.0,11.63,2108.0,1352.0,756.0,13404.0,8.0,8.0,9.0,10.58,2699.0,814.0,1885.0,16103.0,15.0,15.0,16.0,7.96,,,,,,,,,,,,,,,,,,,,,,,,,
28da2af7-1b1e-48a2-a7c3-a9df9d058e31,2025-11-30 09:21:12 UTC,False,13881.0,CFOP,Gan 12 UI Maglev,RandomForest,15138.0,13881.0,,,gan12,custom_rules,,,,8.0,0.0,0.0,13881.0,56.0,57.0,68.0,4.03,5402.0,8479.0,4528.0,0.0,4528.0,4528.0,10.0,10.0,14.0,2.21,0.0,0.0,0.0,4528.0,0.0,0.0,0.0,0.0,2062.0,1756.0,306.0,6590.0,5.0,5.0,6.0,16.34,2099.0,870.0,1229.0,8689.0,9.0,9.0,10.0,7.32,1096.0,524.0,572.0,9785.0,8.0,8.0,9.0,13.99,1361.0,765.0,596.0,11146.0,9.0,9.0,10.0,15.1,2735.0,1487.0,1248.0,13881.0,15.0,16.0,19.0,12.02,,,,,,,,,,,,,,,,,,,,,,,,,
17d39c0f-eed8-40ec-b601-9b911a4ce8de,2025-11-30 09:21:49 UTC,False,20388.0,CFOP,Gan 12 UI Maglev,RandomForest,7693.0,20388.0,,,gan12,custom_rules,,,,8.0,0.0,0.0,20388.0,73.0,78.0,91.0,3.58,6540.0,13848.0,3966.0,0.0,3966.0,3966.0,8.0,8.0,9.0,2.02,1759.0,967.0,792.0,5725.0,7.0,7.0,7.0,8.84,3852.0,1466.0,2386.0,9577.0,12.0,12.0,14.0,5.03,2160.0,976.0,1184.0,11737.0,7.0,7.0,8.0,5.91,1464.0,1094.0,370.0,13201.0,4.0,4.0,4.0,10.81,1433.0,805.0,628.0,14634.0,9.0,9.0,9.0,14.33,5754.0,1232.0,4522.0,20388.0,26.0,31.0,40.0,5.75,,,,,,,,,,,,,,,,,,,,,,,,,
81f07f00-a547-4a8d-89e0-9f478cf25883,2025-11-30 09:22:26 UTC,False,18300.0,CFOP,Gan 12 UI Maglev,RandomForest,9431.0,18300.0,,,gan12,custom_rules,,,,8.0,0.0,0.0,18300.0,57.0,67.0,94.0,3.11,4985.0,13242.0,3561.0,0.0,3561.0,3634.0,9.0,10.0,14.0,2.53,0.0,0.0,0.0,3634.0,0.0,0.0,0.0,0.0,3180.0,930.0,2250.0,6814.0,9.0,10.0,13.0,4.0,2010.0,1139.0,871.0,8824.0,7.0,7.0,8.0,8.04,2057.0,848.0,1209.0,10881.0,9.0,9.0,9.0,7.44,1907.0,1045.0,862.0,12788.0,8.0,8.0,10.0,9.28,5512.0,1023.0,4489.0,18300.0,15.0,23.0,40.0,3.34,,,,,,,,,,,,,,,,,,,,,,,,,
17fe3e65-8b3d-43b9-9e59-20a635410991,2025-11-30 09:22:54 UTC,False,15210.0,CFOP,Gan 12 UI Maglev,RandomForest,3920.0,15210.0,,,gan12,custom_rules,,,,8.0,0.0,0.0,15210.0,60.0,62.0,73.0,3.94,7178.0,8032.0,1681.0,0.0,1681.0,1681.0,7.0,7.0,8.0,4.16,1426.0,1200.0,226.0,3107.0,4.0,4.0,4.0,17.7,1912.0,1082.0,830.0,5019.0,9.0,10.0,11.0,10.84,2237.0,1018.0,1219.0,7256.0,6.0,6.0,7.0,4.92,2115.0,1095.0,1020.0,9371.0,7.0,7.0,8.0,6.86,2467.0,1592.0,875.0,11838.0,12.0,12.0,17.0,13.71,3372.0,1191.0,2181.0,15210.0,15.0,16.0,18.0,6.88,,,,,,,,,,,,,,,,,,,,,,,,,
df8ee960-78d8-4ee0-917a-8a0a0eb349a7,2025-11-30 09:23:30 UTC,False,19646.0,CFOP,Gan 12 UI Maglev,RandomForest,4744.0,19646.0,,,gan12,custom_rules,,,,8.0,0.0,0.0,19646.0,83.0,85.0,94.0,4.22,9658.0,9988.0,1168.0,0.0,1168.0,1168.0,6.0,6.0,6.0,5.14,4979.0,3134.0,1845.0,6147.0,11.0,11.0,14.0,5.96,2370.0,894.0,1476.0,8517.0,14.0,15.0,16.0,9.49,2269.0,1334.0,935.0,10786.0,8.0,8.0,10.0,8.56,2102.0,1401.0,701.0,12888.0,8.0,8.0,9.0,11.41,3223.0,1717.0,1506.0,16111.0,17.0,17.0,17.0,11.29,3535.0,1178.0,2357.0,19646.0,19.0,20.0,22.0,8.06,,,,,,,,,,,,,,,,,,,,,,,,,
2a8279c7-a5ec-4396-8317-36f681c3a1c1,2025-11-30 09:24:04 UTC,False,15452.0,CFOP,Gan 12 UI Maglev,RandomForest,7722.0,15452.0,,,gan12,custom_rules,,,,8.0,0.0,0.0,15452.0,51.0,51.0,61.0,3.3,4119.0,11333.0,2063.0,0.0,2063.0,2063.0,5.0,5.0,6.0,2.42,1894.0,443.0,1451.0,3957.0,10.0,10.0,10.0,6.89,2838.0,145.0,2693.0,6795.0,11.0,11.0,12.0,4.08,1347.0,944.0,403.0,8142.0,3.0,3.0,3.0,7.44,3989.0,975.0,3014.0,12131.0,7.0,7.0,9.0,2.32,1451.0,887.0,564.0,13582.0,8.0,8.0,9.0,14.18,1870.0,725.0,1145.0,15452.0,9.0,9.0,12.0,7.86,,,,,,,,,,,,,,,,,,,,,,,,,
37cc1fae-ae7e-45d1-96c3-4f6d239e4d9f,2025-11-30 09:25:41 UTC,False,15967.0,CFOP,Gan 12 UI Maglev,RandomForest,18360.0,15967.0,,,gan12,custom_rules,,,,8.0,0.0,0.0,15967.0,75.0,77.0,85.0,4.7,5210.0,10757.0,1918.0,0.0,1918.0,1918.0,7.0,7.0,7.0,3.65,2061.0,999.0,1062.0,3979.0,8.0,8.0,9.0,7.53,3686.0,692.0,2994.0,7665.0,16.0,16.0,17.0,5.34,2200.0,782.0,1418.0,9865.0,9.0,10.0,11.0,6.35,1134.0,586.0,548.0,10999.0,8.0,8.0,9.0,14.6,2342.0,902.0,1440.0,13341.0,12.0,12.0,14.0,8.33,2626.0,1249.0,1377.0,15967.0,15.0,16.0,18.0,10.89,,,,,,,,,,,,,,,,,,,,,,,,,
38340443-a657-463d-b944-a0cf1825176e,2025-11-30 09:26:14 UTC,False,15817.0,CFOP,Gan 12 UI Maglev,RandomForest,2735.0,15817.0,,,gan12,custom_rules,,,,8.0,0.0,0.0,15817.0,70.0,70.0,81.0,4.43,5356.0,10380.0,782.0,0.0,782.0,863.0,5.0,5.0,6.0,6.39,1620.0,798.0,822.0,2483.0,11.0,11.0,11.0,13.38,2457.0,756.0,1701.0,4940.0,7.0,7.0,8.0,4.12,1152.0,386.0,766.0,6092.0,6.0,6.0,7.0,7.83,1892.0,1199.0,693.0,7984.0,9.0,9.0,10.0,12.99,5067.0,1088.0,3979.0,13051.0,21.0,21.0,24.0,5.28,2766.0,1129.0,1637.0,15817.0,11.0,11.0,15.0,6.72,,,,,,,,,,,,,,,,,,,,,,,,,
b2ff3a0e-680b-467c-8efa-d903f41558a4,2025-11-30 09:26:48 UTC,False,17816.0,CFOP,Gan 12 UI Maglev,RandomForest,6227.0,17816.0,,,gan12,custom_rules,,,,8.0,0.0,0.0,17816.0,70.0,71.0,75.0,3.93,7908.0,9908.0,1572.0,0.0,1572.0,1572.0,7.0,7.0,7.0,4.45,2947.0,564.0,2383.0,4519.0,12.0,12.0,14.0,5.04,3197.0,1795.0,1402.0,7716.0,8.0,8.0,8.0,5.71,2634.0,1788.0,846.0,10350.0,8.0,8.0,8.0,9.46,2361.0,1338.0,1023.0,12711.0,8.0,8.0,9.0,7.82,2298.0,1177.0,1121.0,15009.0,9.0,10.0,10.0,8.03,2807.0,1246.0,1561.0,17816.0,18.0,18.0,19.0,11.53,,,,,,,,,,,,,,,,,,,,,,,,,
bd6748f2-c0be-44a7-b7fd-3d2dd35e4088,2025-11-30 09:27:31 UTC,False,18247.0,CFOP,Gan 12 UI Maglev,RandomForest,14277.0,18247.0,,,gan12,custom_rules,,,,8.0,0.0,0.0,18247.0,64.0,68.0,80.0,3.51,9192.0,9055.0,3898.0,0.0,3898.0,3898.0,16.0,16.0,20.0,4.1,0.0,0.0,0.0,3898.0,0.0,0.0,0.0,0.0,3807.0,2926.0,881.0,7705.0,8.0,8.0,10.0,9.08,3606.0,2462.0,1144.0,11311.0,9.0,9.0,10.0,7.87,2062.0,1562.0,500.0,13373.0,7.0,7.0,7.0,14.0,2869.0,1217.0,1652.0,16242.0,17.0,17.0,17.0,10.29,2005.0,1025.0,980.0,18247.0,7.0,11.0,16.0,7.14,,,,,,,,,,,,,,,,,,,,,,,,,
a6efcc4b-73b6-49c5-9109-d7e222c07306,2025-11-30 09:29:03 UTC,False,26484.0,CFOP,Gan 12 UI Maglev,RandomForest,10321.0,26484.0,,,gan12,custom_rules,,,,8.0,0.0,0.0,26484.0,82.0,83.0,92.0,3.1,7418.0,19066.0,4534.0,0.0,4534.0,4534.0,9.0,9.0,9.0,1.99,3899.0,1031.0,2868.0,8433.0,7.0,7.0,8.0,2.44,1604.0,210.0,1394.0,10037.0,6.0,6.0,7.0,4.3,3674.0,1240.0,2434.0,13711.0,15.0,15.0,16.0,6.16,2094.0,1554.0,540.0,15805.0,8.0,8.0,8.0,14.81,6470.0,1580.0,4890.0,22275.0,21.0,21.0,24.0,4.29,4209.0,1803.0,2406.0,26484.0,17.0,18.0,20.0,7.07,,,,,,,,,,,,,,,,,,,,,,,,,
f3ed2fe2-7416-4a62-8860-db76207ebac0,2025-11-30 09:29:48 UTC,False,15485.0,CFOP,Gan 12 UI Maglev,RandomForest,11824.0,15485.0,,,gan12,custom_rules,,,,8.0,0.0,0.0,15485.0,68.0,68.0,79.0,4.39,5443.0,10042.0,3897.0,0.0,3897.0,3897.0,16.0,16.0,19.0,4.11,0.0,0.0,0.0,3897.0,0.0,0.0,0.0,0.0,1507.0,726.0,781.0,5404.0,7.0,7.0,8.0,8.96,2959.0,1743.0,1216.0,8363.0,9.0,9.0,10.0,7.4,1663.0,753.0,910.0,10026.0,8.0,8.0,10.0,8.79,2744.0,1278.0,1466.0,12770.0,12.0,12.0,13.0,8.19,2715.0,943.0,1772.0,15485.0,16.0,16.0,19.0,9.03,,,,,,,,,,,,,,,,,,,,,,,,,
e11103ae-7f95-48d2-bd69-73cece40c706,2025-11-30 09:30:19 UTC,False,16208.0,CFOP,Gan 12 UI Maglev,RandomForest,5465.0,16208.0,,,gan12,custom_rules,,,,8.0,0.0,0.0,16208.0,62.0,63.0,71.0,3.83,6816.0,9392.0,3106.0,0.0,3106.0,3106.0,7.0,7.0,8.0,2.25,2201.0,1572.0,629.0,5307.0,8.0,8.0,8.0,12.72,2125.0,1021.0,1104.0,7432.0,7.0,7.0,7.0,6.34,1426.0,492.0,934.0,8858.0,8.0,8.0,9.0,8.57,2513.0,1828.0,685.0,11371.0,8.0,8.0,9.0,11.68,2265.0,904.0,1361.0,13636.0,9.0,9.0,12.0,6.61,2572.0,999.0,1573.0,16208.0,15.0,16.0,18.0,9.54,,,,,,,,,,,,,,,,,,,,,,,,,
6360ed28-d857-4a0e-90c8-83ca4c1d4771,2025-11-30 09:30:52 UTC,False,17821.0,CFOP,Gan 12 UI Maglev,RandomForest,4484.0,17821.0,,,gan12,custom_rules,,,,8.0,0.0,0.0,17821.0,76.0,78.0,84.0,4.26,5828.0,11993.0,5837.0,0.0,5837.0,5837.0,21.0,22.0,23.0,3.6,0.0,0.0,0.0,5837.0,0.0,0.0,0.0,0.0,2678.0,782.0,1896.0,8515.0,12.0,13.0,13.0,6.33,1787.0,1570.0,217.0,10302.0,5.0,5.0,5.0,23.04,1318.0,633.0,685.0,11620.0,8.0,8.0,9.0,11.68,2571.0,1507.0,1064.0,14191.0,8.0,8.0,9.0,7.52,3630.0,1336.0,2294.0,17821.0,22.0,22.0,25.0,9.59,,,,,,,,,,,,,,,,,,,,,,,,,
85059a28-8b33-465b-8b57-0b95a72018c7,2025-11-30 09:31:24 UTC,False,16932.0,CFOP,Gan 12 UI Maglev,RandomForest,4708.0,16932.0,,,gan12,custom_rules,,,,8.0,0.0,0.0,16932.0,61.0,63.0,72.0,3.6,7866.0,9066.0,2069.0,0.0,2069.0,2069.0,7.0,7.0,7.0,3.38,2466.0,1813.0,653.0,4535.0,8.0,8.0,10.0,12.25,3188.0,2189.0,999.0,7723.0,8.0,8.0,9.0,8.01,2533.0,908.0,1625.0,10256.0,8.0,8.0,10.0,4.92,1923.0,1287.0,636.0,12179.0,8.0,8.0,9.0,12.58,2813.0,984.0,1829.0,14992.0,9.0,10.0,11.0,4.92,1940.0,685.0,1255.0,16932.0,13.0,14.0,16.0,10.36,,,,,,,,,,,,,,,,,,,,,,,,,
35ff8092-d6ae-42c4-bf88-ff1c4afd2eda,2025-11-30 09:31:50 UTC,False,13854.0,CFOP,Gan 12 UI Maglev,RandomForest,2518.0,13854.0,,,gan12,custom_rules,,,,8.0,0.0,0.0,13854.0,64.0,68.0,72.0,4.62,7049.0,6805.0,1527.0,0.0,1527.0,1527.0,7.0,7.0,7.0,4.58,2385.0,685.0,1700.0,3912.0,13.0,14.0,14.0,7.65,1114.0,888.0,226.0,5026.0,4.0,4.0,4.0,17.7,1435.0,1274.0,161.0,6461.0,4.0,4.0,4.0,24.84,2151.0,1539.0,612.0,8612.0,7.0,7.0,7.0,11.44,2431.0,1384.0,1047.0,11043.0,12.0,14.0,15.0,11.46,2811.0,1279.0,1532.0,13854.0,17.0,18.0,21.0,11.1,,,,,,,,,,,,,,,,,,,,,,,,,
aa61240f-de7d-40c6-95fd-56674c1e0995,2025-11-30 09:33:36 UTC,False,12956.0,CFOP,Gan 12 UI Maglev,RandomForest,3409.0,12956.0,,,gan12,custom_rules,,,,8.0,0.0,0.0,12956.0,52.0,52.0,59.0,4.01,3921.0,9035.0,3747.0,0.0,3747.0,3747.0,8.0,8.0,10.0,2.14,2833.0,717.0,2116.0,6580.0,11.0,11.0,13.0,5.2,1651.0,645.0,1006.0,8231.0,8.0,8.0,11.0,7.95,1344.0,435.0,909.0,9575.0,7.0,7.0,7.0,7.7,1241.0,870.0,371.0,10816.0,7.0,7.0,7.0,18.87,1663.0,777.0,886.0,12479.0,10.0,10.0,10.0,11.29,477.0,477.0,0.0,12956.0,1.0,1.0,1.0,,,,,,,,,,,,,,,,,,,,,,,,,,
fd638b11-5792-49e7-9b5f-5a74f2228c22,2025-11-30 09:34:50 UTC,False,16889.0,CFOP,Gan 12 UI Maglev,RandomForest,12767.0,16889.0,,,gan12,custom_rules,,,,8.0,0.0,0.0,16889.0,72.0,74.0,86.0,4.26,5861.0,11028.0,2477.0,0.0,2477.0,2477.0,6.0,6.0,10.0,2.42,2328.0,241.0,2087.0,4805.0,12.0,12.0,12.0,5.75,2337.0,1355.0,982.0,7142.0,9.0,10.0,11.0,9.16,1492.0,928.0,564.0,8634.0,7.0,7.0,7.0,12.41,2168.0,740.0,1428.0,10802.0,7.0,7.0,9.0,4.9,2240.0,1072.0,1168.0,13042.0,12.0,12.0,12.0,10.27,3847.0,1525.0,2322.0,16889.0,20.0,21.0,25.0,8.61,,,,,,,,,,,,,,,,,,,,,,,,,
1b2783d3-0101-4dde-b2dd-cf072eb3b8d5,2025-11-30 09:35:17 UTC,False,16109.0,CFOP,Gan 12 UI Maglev,RandomForest,3304.0,16109.0,,,gan12,custom_rules,,,,8.0,0.0,0.0,16109.0,70.0,71.0,78.0,4.35,7645.0,8464.0,2023.0,0.0,2023.0,2023.0,8.0,8.0,9.0,3.95,2546.0,1160.0,1386.0,4569.0,7.0,7.0,7.0,5.05,1598.0,655.0,943.0,6167.0,8.0,8.0,9.0,8.48,2516.0,1216.0,1300.0,8683.0,15.0,15.0,16.0,11.54,2262.0,1755.0,507.0,10945.0,9.0,9.0,10.0,17.75,2595.0,1605.0,990.0,13540.0,8.0,8.0,9.0,8.08,2569.0,1254.0,1315.0,16109.0,15.0,16.0,18.0,11.41,,,,,,,,,,,,,,,,,,,,,,,,,
9ae25b97-f995-4fa1-85cd-2685135581ab,2025-11-30 09:36:22 UTC,False,17048.0,CFOP,Gan 12 UI Maglev,RandomForest,10252.0,17048.0,,,gan12,custom_rules,,,,8.0,0.0,0.0,17048.0,66.0,70.0,80.0,3.87,7050.0,9933.0,1377.0,0.0,1377.0,1442.0,5.0,6.0,8.0,3.63,3577.0,927.0,2650.0,5019.0,13.0,13.0,16.0,4.91,2646.0,1703.0,943.0,7665.0,8.0,8.0,9.0,8.48,1563.0,862.0,701.0,9228.0,6.0,7.0,8.0,8.56,1866.0,1148.0,718.0,11094.0,8.0,8.0,8.0,11.14,2701.0,1282.0,1419.0,13795.0,11.0,13.0,14.0,7.75,3253.0,1128.0,2125.0,17048.0,15.0,15.0,17.0,7.06,,,,,,,,,,,,,,,,,,,,,,,,,
297257d0-0540-483d-a41d-ab6355cd8b08,2025-11-30 09:36:38 UTC,False,20017.0,CFOP,Gan 12 UI Maglev,RandomForest,10386.0,20017.0,,,gan12,custom_rules,,,,8.0,0.0,0.0,20017.0,71.0,73.0,88.0,3.55,7662.0,12314.0,1249.0,0.0,1249.0,1290.0,5.0,5.0,6.0,4.0,3119.0,2164.0,955.0,4409.0,8.0,8.0,9.0,8.38,2995.0,758.0,2237.0,7404.0,11.0,11.0,14.0,4.92,2276.0,923.0,1353.0,9680.0,8.0,8.0,10.0,5.91,2160.0,894.0,1266.0,11840.0,11.0,11.0,13.0,8.69,2295.0,1038.0,1257.0,14135.0,10.0,10.0,14.0,7.96,5882.0,1885.0,3997.0,20017.0,18.0,20.0,22.0,4.5,,,,,,,,,,,,,,,,,,,,,,,,,
ae70940b-13f5-4f42-9673-7762cc8a3d4b,2025-11-30 09:39:08 UTC,False,20592.0,CFOP,Gan 12 UI Maglev,RandomForest,7939.0,20592.0,,,gan12,custom_rules,,,,8.0,0.0,0.0,20592.0,66.0,66.0,73.0,3.21,11184.0,9335.0,1442.0,0.0,1442.0,1515.0,6.0,6.0,7.0,4.16,9363.0,6554.0,2809.0,10878.0,7.0,7.0,8.0,2.49,1474.0,660.0,814.0,12352.0,8.0,8.0,8.0,9.83,2721.0,1730.0,991.0,15073.0,8.0,8.0,9.0,8.07,1274.0,549.0,725.0,16347.0,8.0,8.0,10.0,11.03,2288.0,950.0,1338.0,18635.0,14.0,14.0,15.0,10.46,1957.0,741.0,1216.0,20592.0,15.0,15.0,16.0,12.34,,,,,,,,,,,,,,,,,,,,,,,,,
60a1a321-421d-4045-9e84-795b52aef395,2025-11-30 09:39:57 UTC,False,21415.0,CFOP,Gan 12 UI Maglev,RandomForest,18321.0,21415.0,,,gan12,custom_rules,,,,8.0,0.0,0.0,21415.0,75.0,80.0,88.0,3.5,5269.0,16146.0,1537.0,0.0,1537.0,1537.0,7.0,7.0,8.0,4.55,4627.0,395.0,4232.0,6164.0,15.0,15.0,18.0,3.54,7463.0,1015.0,6448.0,13627.0,19.0,20.0,20.0,2.95,1385.0,1136.0,249.0,15012.0,4.0,4.0,4.0,16.06,709.0,516.0,193.0,15721.0,4.0,4.0,5.0,20.73,2013.0,1127.0,886.0,17734.0,10.0,11.0,12.0,11.29,3681.0,1080.0,2601.0,21415.0,16.0,19.0,21.0,6.15,,,,,,,,,,,,,,,,,,,,,,,,,
644907da-724b-4bc6-bea2-56a5820d31b6,2025-11-30 09:40:32 UTC,False,13674.0,CFOP,Gan 12 UI Maglev,RandomForest,11100.0,13674.0,,,gan12,custom_rules,,,,8.0,0.0,0.0,13674.0,57.0,59.0,66.0,4.17,6929.0,6745.0,1509.0,0.0,1509.0,1509.0,5.0,7.0,7.0,3.31,1684.0,927.0,757.0,3193.0,6.0,6.0,8.0,7.93,2930.0,1754.0,1176.0,6123.0,8.0,8.0,9.0,6.8,1264.0,612.0,652.0,7387.0,8.0,8.0,9.0,12.27,2572.0,1790.0,782.0,9959.0,8.0,8.0,10.0,10.23,1452.0,638.0,814.0,11411.0,8.0,8.0,8.0,9.83,2263.0,1208.0,1055.0,13674.0,14.0,14.0,15.0,13.27,,,,,,,,,,,,,,,,,,,,,,,,,
fdb04099-3ad1-42e4-891c-78687daaa3e4,2025-11-30 09:41:14 UTC,False,23390.0,CFOP,Gan 12 UI Maglev,RandomForest,9983.0,23390.0,,,gan12,custom_rules,,,,8.0,0.0,0.0,23390.0,67.0,70.0,79.0,2.86,6417.0,16877.0,7598.0,0.0,7598.0,7694.0,14.0,16.0,22.0,1.84,0.0,0.0,0.0,7694.0,0.0,0.0,0.0,0.0,2751.0,671.0,2080.0,10445.0,8.0,8.0,8.0,3.85,3352.0,2482.0,870.0,13797.0,8.0,8.0,9.0,9.2,4341.0,1039.0,3302.0,18138.0,9.0,9.0,10.0,2.73,2427.0,959.0,1468.0,20565.0,10.0,11.0,11.0,6.81,2825.0,1266.0,1559.0,23390.0,18.0,18.0,19.0,11.55,,,,,,,,,,,,,,,,,,,,,,,,,
94903061-7dbd-45da-ba7b-5c14f0c18ab3,2025-11-30 09:41:53 UTC,False,19779.0,CFOP,Gan 12 UI Maglev,RandomForest,9142.0,19779.0,,,gan12,custom_rules,,,,8.0,0.0,0.0,19779.0,66.0,70.0,82.0,3.34,4032.0,15747.0,13047.0,0.0,13047.0,13047.0,40.0,44.0,50.0,3.07,0.0,0.0,0.0,13047.0,0.0,0.0,0.0,0.0,0.0,0.0,0.0,13047.0,0.0,0.0,0.0,0.0,0.0,0.0,0.0,13047.0,0.0,0.0,0.0,0.0,1967.0,1387.0,580.0,15014.0,8.0,8.0,9.0,13.79,1418.0,733.0,685.0,16432.0,7.0,7.0,8.0,10.22,3347.0,1912.0,1435.0,19779.0,11.0,11.0,15.0,7.67,,,,,,,,,,,,,,,,,,,,,,,,,
1874a5ad-22be-4e29-9c7b-cbf9778dfdf4,2025-11-30 09:42:31 UTC,False,20596.0,CFOP,Gan 12 UI Maglev,RandomForest,6173.0,20596.0,,,gan12,custom_rules,,,,8.0,0.0,0.0,20596.0,73.0,81.0,91.0,3.54,6666.0,13930.0,5146.0,0.0,5146.0,5146.0,18.0,24.0,29.0,3.5,0.0,0.0,0.0,5146.0,0.0,0.0,0.0,0.0,2977.0,2042.0,935.0,8123.0,10.0,10.0,11.0,10.7,2766.0,1961.0,805.0,10889.0,9.0,9.0,10.0,11.18,1024.0,790.0,234.0,11913.0,4.0,4.0,4.0,17.09,5842.0,684.0,5158.0,17755.0,16.0,16.0,17.0,3.1,2841.0,1189.0,1652.0,20596.0,16.0,18.0,20.0,9.69,,,,,,,,,,,,,,,,,,,,,,,,,
0e6101cc-9a5a-499c-80ba-5cda234dc919,2025-11-30 09:43:05 UTC,False,14473.0,CFOP,Gan 12 UI Maglev,RandomForest,9217.0,14473.0,,,gan12,custom_rules,,,,8.0,0.0,0.0,14473.0,53.0,58.0,73.0,3.66,6111.0,8362.0,3469.0,0.0,3469.0,3469.0,9.0,9.0,10.0,2.59,2119.0,1765.0,354.0,5588.0,4.0,4.0,4.0,11.3,1731.0,918.0,813.0,7319.0,6.0,7.0,8.0,7.38,1595.0,1297.0,298.0,8914.0,5.0,5.0,7.0,16.78,1336.0,411.0,925.0,10250.0,11.0,11.0,12.0,11.89,2021.0,628.0,1393.0,12271.0,9.0,9.0,14.0,6.46,2202.0,1092.0,1110.0,14473.0,9.0,13.0,18.0,8.11,,,,,,,,,,,,,,,,,,,,,,,,,
58b2f34a-2fa2-41e0-bd78-5a8a0028ca1e,2025-11-30 09:43:55 UTC,False,28672.0,CFOP,Gan 12 UI Maglev,RandomForest,12470.0,28672.0,,,gan12,custom_rules,,,,8.0,0.0,0.0,28672.0,94.0,100.0,110.0,3.28,2658.0,25788.0,21208.0,0.0,21208.0,21434.0,59.0,65.0,70.0,2.78,0.0,0.0,0.0,21434.0,0.0,0.0,0.0,0.0,0.0,0.0,0.0,21434.0,0.0,0.0,0.0,0.0,0.0,0.0,0.0,21434.0,0.0,0.0,0.0,0.0,2567.0,749.0,1818.0,24001.0,8.0,8.0,9.0,4.4,2304.0,677.0,1627.0,26305.0,13.0,13.0,16.0,7.99,2367.0,1232.0,1135.0,28672.0,14.0,14.0,15.0,12.33,,,,,,,,,,,,,,,,,,,,,,,,,
0b100e2c-a649-465c-8976-ce1878576cdc,2025-11-30 09:44:26 UTC,False,13881.0,CFOP,Gan 12 UI Maglev,RandomForest,7504.0,13881.0,,,gan12,custom_rules,,,,8.0,0.0,0.0,13881.0,56.0,60.0,68.0,4.03,6134.0,7747.0,1940.0,0.0,1940.0,1940.0,7.0,7.0,8.0,3.61,2457.0,935.0,1522.0,4397.0,8.0,8.0,8.0,5.26,1539.0,1265.0,274.0,5936.0,4.0,4.0,4.0,14.6,1837.0,894.0,943.0,7773.0,8.0,8.0,9.0,8.48,2095.0,1322.0,773.0,9868.0,8.0,8.0,9.0,10.35,2035.0,819.0,1216.0,11903.0,12.0,12.0,12.0,9.87,1978.0,899.0,1079.0,13881.0,9.0,13.0,18.0,8.34,,,,,,,,,,,,,,,,,,,,,,,,,
205f703f-753c-4db2-8663-f13ec267652e,2025-11-30 09:44:57 UTC,False,16036.0,CFOP,Gan 12 UI Maglev,RandomForest,4882.0,16036.0,,,gan12,custom_rules,,,,8.0,0.0,0.0,16036.0,68.0,69.0,75.0,4.24,7498.0,8538.0,1551.0,0.0,1551.0,1551.0,7.0,7.0,7.0,4.51,1225.0,991.0,234.0,2776.0,4.0,4.0,5.0,17.09,3566.0,1127.0,2439.0,6342.0,14.0,14.0,15.0,5.74,3031.0,1819.0,1212.0,9373.0,9.0,9.0,11.0,7.43,1885.0,1192.0,693.0,11258.0,8.0,8.0,8.0,11.54,2207.0,918.0,1289.0,13465.0,14.0,14.0,14.0,10.86,2571.0,1451.0,1120.0,16036.0,12.0,13.0,15.0,10.71,,,,,,,,,,,,,,,,,,,,,,,,,
83821e2e-0f44-4cff-bd51-261aa03c0af2,2025-11-30 09:45:30 UTC,False,17042.0,CFOP,Gan 12 UI Maglev,RandomForest,5600.0,17042.0,,,gan12,custom_rules,,,,8.0,0.0,0.0,17042.0,71.0,72.0,87.0,4.17,5326.0,11668.0,5213.0,0.0,5213.0,5261.0,12.0,12.0,17.0,2.3,0.0,0.0,0.0,5261.0,0.0,0.0,0.0,0.0,2608.0,1023.0,1585.0,7869.0,13.0,13.0,15.0,8.2,3201.0,1298.0,1903.0,11070.0,11.0,11.0,15.0,5.78,1609.0,1023.0,586.0,12679.0,7.0,7.0,7.0,11.95,1866.0,1007.0,859.0,14545.0,13.0,13.0,14.0,15.13,2497.0,975.0,1522.0,17042.0,15.0,16.0,19.0,9.86,,,,,,,,,,,,,,,,,,,,,,,,,
f5c3ad7e-30ee-4bad-9d82-d9829a75626a,2025-11-30 09:46:02 UTC,False,16398.0,CFOP,Gan 12 UI Maglev,RandomForest,4586.0,16398.0,,,gan12,custom_rules,,,,8.0,0.0,0.0,16398.0,59.0,62.0,73.0,3.6,7966.0,8432.0,2039.0,0.0,2039.0,2039.0,6.0,7.0,9.0,2.94,2052.0,1399.0,653.0,4091.0,6.0,7.0,7.0,9.19,3721.0,2964.0,757.0,7812.0,8.0,8.0,9.0,10.57,1939.0,771.0,1168.0,9751.0,8.0,8.0,10.0,6.85,1382.0,625.0,757.0,11133.0,7.0,7.0,8.0,9.25,2215.0,685.0,1530.0,13348.0,10.0,10.0,12.0,6.54,3050.0,1522.0,1528.0,16398.0,16.0,17.0,18.0,10.47,,,,,,,,,,,,,,,,,,,,,,,,,
6d24744a-767c-40b9-9000-819d9ff74f65,2025-11-30 09:46:33 UTC,False,18382.0,CFOP,Gan 12 UI Maglev,RandomForest,4990.0,18382.0,,,gan12,custom_rules,,,,8.0,0.0,0.0,18382.0,61.0,63.0,69.0,3.32,10175.0,8207.0,2045.0,0.0,2045.0,2045.0,7.0,7.0,8.0,3.42,4859.0,3277.0,1582.0,6904.0,10.0,11.0,11.0,6.32,1265.0,1071.0,194.0,8169.0,4.0,4.0,4.0,20.62,3235.0,2269.0,966.0,11404.0,7.0,8.0,8.0,7.25,1714.0,1158.0,556.0,13118.0,8.0,8.0,9.0,14.39,1883.0,722.0,1161.0,15001.0,13.0,13.0,13.0,11.2,3381.0,1678.0,1703.0,18382.0,12.0,12.0,16.0,7.05,,,,,,,,,,,,,,,,,,,,,,,,,
b253b983-d034-49ea-9296-82ae109450e4,2025-11-30 09:47:10 UTC,False,15434.0,CFOP,Gan 12 UI Maglev,RandomForest,12348.0,15434.0,,,gan12,custom_rules,,,,8.0,0.0,0.0,15434.0,70.0,70.0,75.0,4.54,5904.0,9530.0,3415.0,0.0,3415.0,3415.0,16.0,16.0,17.0,4.69,0.0,0.0,0.0,3415.0,0.0,0.0,0.0,0.0,2633.0,1819.0,814.0,6048.0,5.0,5.0,6.0,6.14,1830.0,960.0,870.0,7878.0,12.0,12.0,13.0,13.79,2558.0,1204.0,1354.0,10436.0,8.0,8.0,8.0,5.91,2078.0,901.0,1177.0,12514.0,13.0,13.0,13.0,11.05,2920.0,1020.0,1900.0,15434.0,16.0,16.0,18.0,8.42,,,,,,,,,,,,,,,,,,,,,,,,,
70dfd1ca-23a5-4f80-b7e0-aaab340e3713,2025-11-30 09:47:46 UTC,False,13647.0,CFOP,Gan 12 UI Maglev,RandomForest,13421.0,13647.0,,,gan12,custom_rules,,,,8.0,0.0,0.0,13647.0,51.0,57.0,73.0,3.74,5698.0,7949.0,1248.0,0.0,1248.0,1248.0,4.0,6.0,7.0,3.21,1939.0,1617.0,322.0,3187.0,5.0,5.0,6.0,15.53,3001.0,668.0,2333.0,6188.0,8.0,8.0,9.0,3.43,1087.0,435.0,652.0,7275.0,7.0,7.0,7.0,10.74,1409.0,693.0,716.0,8684.0,8.0,8.0,11.0,11.17,2255.0,829.0,1426.0,10939.0,9.0,9.0,14.0,6.31,2708.0,1456.0,1252.0,13647.0,10.0,14.0,19.0,7.99,,,,,,,,,,,,,,,,,,,,,,,,,
cbdbf502-37fd-4bfc-b54f-99db4c283b49,2025-11-30 09:48:37 UTC,False,18183.0,CFOP,Gan 12 UI Maglev,RandomForest,12119.0,18183.0,,,gan12,custom_rules,,,,8.0,0.0,0.0,18183.0,68.0,74.0,87.0,3.74,6339.0,11844.0,2759.0,0.0,2759.0,2759.0,8.0,8.0,8.0,2.9,1842.0,1109.0,733.0,4601.0,8.0,8.0,9.0,10.91,2559.0,651.0,1908.0,7160.0,9.0,10.0,11.0,4.72,2973.0,1104.0,1869.0,10133.0,14.0,14.0,18.0,7.49,2064.0,902.0,1162.0,12197.0,8.0,8.0,9.0,6.88,3318.0,1546.0,1772.0,15515.0,12.0,13.0,13.0,6.77,2668.0,1027.0,1641.0,18183.0,9.0,13.0,19.0,5.48,,,,,,,,,,,,,,,,,,,,,,,,,
24dd0a46-0006-4957-9823-5f79079cbbcc,2025-11-30 09:49:06 UTC,False,14085.0,CFOP,Gan 12 UI Maglev,RandomForest,3867.0,14085.0,,,gan12,custom_rules,,,,8.0,0.0,0.0,14085.0,68.0,68.0,74.0,4.83,5963.0,8122.0,1512.0,0.0,1512.0,1512.0,6.0,6.0,6.0,3.97,1862.0,1112.0,750.0,3374.0,7.0,7.0,7.0,9.33,1990.0,1200.0,790.0,5364.0,8.0,8.0,8.0,10.13,2684.0,928.0,1756.0,8048.0,11.0,11.0,12.0,6.26,1911.0,814.0,1097.0,9959.0,10.0,10.0,12.0,9.12,1879.0,887.0,992.0,11838.0,12.0,12.0,14.0,12.1,2247.0,1022.0,1225.0,14085.0,14.0,14.0,15.0,11.43,,,,,,,,,,,,,,,,,,,,,,,,,
f52e257b-106e-4c24-a22c-c3d70c506427,2025-11-30 09:49:39 UTC,False,18363.0,CFOP,Gan 12 UI Maglev,RandomForest,4631.0,18363.0,,,gan12,custom_rules,,,,8.0,0.0,0.0,18363.0,69.0,70.0,78.0,3.76,9863.0,8500.0,2660.0,0.0,2660.0,2660.0,8.0,8.0,11.0,3.01,3170.0,2614.0,556.0,5830.0,9.0,9.0,10.0,16.19,1725.0,903.0,822.0,7555.0,8.0,8.0,8.0,9.73,2889.0,1279.0,1610.0,10444.0,11.0,11.0,13.0,6.83,1925.0,1104.0,821.0,12369.0,8.0,8.0,9.0,9.74,3578.0,2651.0,927.0,15947.0,10.0,11.0,11.0,10.79,2416.0,1312.0,1104.0,18363.0,15.0,15.0,16.0,13.59,,,,,,,,,,,,,,,,,,,,,,,,,
be3edefa-bcb6-434f-90c5-0e2fab52b80e,2025-11-30 09:50:23 UTC,False,14946.0,CFOP,Gan 12 UI Maglev,RandomForest,19868.0,14946.0,,,gan12,custom_rules,,,,8.0,0.0,0.0,14946.0,57.0,62.0,75.0,3.81,7225.0,7721.0,1224.0,0.0,1224.0,1224.0,6.0,6.0,6.0,4.9,1209.0,984.0,225.0,2433.0,4.0,4.0,5.0,17.78,4200.0,2149.0,2051.0,6633.0,12.0,12.0,12.0,5.85,2526.0,1390.0,1136.0,9159.0,10.0,11.0,12.0,8.8,1413.0,905.0,508.0,10572.0,8.0,8.0,10.0,15.75,1822.0,540.0,1282.0,12394.0,9.0,9.0,12.0,7.02,2552.0,1257.0,1295.0,14946.0,8.0,12.0,18.0,6.18,,,,,,,,,,,,,,,,,,,,,,,,,
32e16d0b-d8bd-44c1-964a-3440a02094f8,2025-11-30 09:50:49 UTC,False,13771.0,CFOP,Gan 12 UI Maglev,RandomForest,3707.0,13771.0,,,gan12,custom_rules,,,,8.0,0.0,0.0,13771.0,64.0,64.0,69.0,4.65,6974.0,6797.0,1264.0,0.0,1264.0,1264.0,6.0,6.0,7.0,4.75,2795.0,983.0,1812.0,4059.0,11.0,11.0,12.0,6.07,1426.0,524.0,902.0,5485.0,7.0,7.0,7.0,7.76,1224.0,1063.0,161.0,6709.0,6.0,6.0,7.0,37.27,2740.0,1886.0,854.0,9449.0,9.0,9.0,9.0,10.54,2278.0,1416.0,862.0,11727.0,11.0,11.0,12.0,12.76,2044.0,1102.0,942.0,13771.0,14.0,14.0,15.0,14.86,,,,,,,,,,,,,,,,,,,,,,,,,
c7bb6f96-0047-4712-9c59-48d1273366b0,2025-11-30 09:51:26 UTC,False,20077.0,CFOP,Gan 12 UI Maglev,RandomForest,7720.0,20077.0,,,gan12,custom_rules,,,,8.0,0.0,0.0,20077.0,66.0,66.0,78.0,3.29,9419.0,10658.0,3310.0,0.0,3310.0,3310.0,10.0,10.0,11.0,3.02,3534.0,1804.0,1730.0,6844.0,12.0,12.0,14.0,6.94,2416.0,1361.0,1055.0,9260.0,7.0,7.0,9.0,6.64,1967.0,1233.0,734.0,11227.0,7.0,7.0,8.0,9.54,2205.0,1536.0,669.0,13432.0,8.0,8.0,8.0,11.96,2342.0,1141.0,1201.0,15774.0,11.0,11.0,12.0,9.16,4303.0,2344.0,1959.0,20077.0,11.0,11.0,16.0,5.62,,,,,,,,,,,,,,,,,,,,,,,,,
7adb42ce-401a-426c-ba2e-80063951ea65,2025-11-30 09:51:58 UTC,False,16878.0,CFOP,Gan 12 UI Maglev,RandomForest,5800.0,16878.0,,,gan12,custom_rules,,,,8.0,0.0,0.0,16878.0,67.0,68.0,76.0,3.97,7858.0,9020.0,2533.0,0.0,2533.0,2533.0,9.0,9.0,10.0,3.55,1233.0,1055.0,178.0,3766.0,5.0,5.0,5.0,28.09,2541.0,571.0,1970.0,6307.0,10.0,10.0,12.0,5.08,4155.0,3003.0,1152.0,10462.0,8.0,8.0,9.0,6.94,2328.0,1151.0,1177.0,12790.0,11.0,11.0,12.0,9.35,2009.0,1039.0,970.0,14799.0,12.0,12.0,13.0,12.37,2079.0,1039.0,1040.0,16878.0,14.0,14.0,15.0,13.46,,,,,,,,,,,,,,,,,,,,,,,,,
be45aa74-e97e-47b3-b3a8-2e7d692bb16f,2025-11-30 09:52:33 UTC,False,12491.0,CFOP,Gan 12 UI Maglev,RandomForest,12895.0,12491.0,,,gan12,custom_rules,,,,8.0,0.0,0.0,12491.0,57.0,58.0,66.0,4.56,5126.0,7365.0,2384.0,0.0,2384.0,2384.0,7.0,7.0,7.0,2.94,1751.0,459.0,1292.0,4135.0,9.0,10.0,10.0,6.97,939.0,753.0,186.0,5074.0,3.0,3.0,3.0,16.13,1580.0,1323.0,257.0,6654.0,4.0,4.0,6.0,15.56,1032.0,419.0,613.0,7686.0,8.0,8.0,10.0,13.05,2182.0,901.0,1281.0,9868.0,9.0,9.0,12.0,7.03,2623.0,1271.0,1352.0,12491.0,17.0,17.0,18.0,12.57,,,,,,,,,,,,,,,,,,,,,,,,,
328a5279-a8bb-4826-bf11-07d3d705ff3d,2025-11-30 09:53:16 UTC,False,24302.0,CFOP,Gan 12 UI Maglev,RandomForest,3955.0,24302.0,,,gan12,custom_rules,,,,8.0,0.0,0.0,24302.0,69.0,72.0,83.0,2.84,9620.0,14682.0,8212.0,0.0,8212.0,8212.0,15.0,17.0,22.0,1.83,3500.0,1947.0,1553.0,11712.0,10.0,10.0,12.0,6.44,4456.0,2977.0,1479.0,16168.0,9.0,9.0,9.0,6.09,1355.0,1089.0,266.0,17523.0,5.0,5.0,6.0,18.8,1985.0,1388.0,597.0,19508.0,8.0,8.0,8.0,13.4,1541.0,815.0,726.0,21049.0,6.0,6.0,6.0,8.26,3253.0,1404.0,1849.0,24302.0,16.0,17.0,20.0,8.65,,,,,,,,,,,,,,,,,,,,,,,,,
41d37137-2b03-4a03-b926-8603ecd1875e,2025-11-30 09:53:48 UTC,False,13901.0,CFOP,Gan 12 UI Maglev,RandomForest,7267.0,13901.0,,,gan12,custom_rules,,,,8.0,0.0,0.0,13901.0,65.0,68.0,76.0,4.68,4571.0,9330.0,1482.0,0.0,1482.0,1482.0,6.0,6.0,7.0,4.05,2163.0,376.0,1787.0,3645.0,9.0,10.0,11.0,5.04,2600.0,927.0,1673.0,6245.0,8.0,8.0,9.0,4.78,2292.0,441.0,1851.0,8537.0,11.0,11.0,12.0,5.94,1618.0,1096.0,522.0,10155.0,8.0,8.0,9.0,15.33,1770.0,910.0,860.0,11925.0,10.0,11.0,12.0,11.63,1976.0,821.0,1155.0,13901.0,13.0,14.0,16.0,11.26,,,,,,,,,,,,,,,,,,,,,,,,,
b30b1e5f-56da-4642-abb6-646448baf6ff,2025-11-30 09:54:26 UTC,False,18202.0,CFOP,Gan 12 UI Maglev,RandomForest,9504.0,18202.0,,,gan12,custom_rules,,,,8.0,0.0,0.0,18202.0,69.0,70.0,80.0,3.79,10674.0,7528.0,2327.0,0.0,2327.0,2327.0,9.0,9.0,12.0,3.87,3889.0,2926.0,963.0,6216.0,11.0,12.0,12.0,11.42,2806.0,2604.0,202.0,9022.0,5.0,5.0,6.0,24.75,2244.0,1769.0,475.0,11266.0,8.0,8.0,10.0,16.84,2190.0,1311.0,879.0,13456.0,8.0,8.0,9.0,9.1,1806.0,888.0,918.0,15262.0,12.0,12.0,14.0,13.07,2940.0,1176.0,1764.0,18202.0,16.0,16.0,17.0,9.07,,,,,,,,,,,,,,,,,,,,,,,,,
cfffa57e-5ee7-45b1-b918-5d358fcb9fe0,2025-11-30 09:55:06 UTC,False,18426.0,CFOP,Gan 12 UI Maglev,RandomForest,12835.0,18426.0,,,gan12,custom_rules,,,,8.0,0.0,0.0,18426.0,74.0,77.0,87.0,4.02,4965.0,13461.0,7407.0,0.0,7407.0,7407.0,22.0,24.0,29.0,2.97,0.0,0.0,0.0,7407.0,0.0,0.0,0.0,0.0,1056.0,686.0,370.0,8463.0,7.0,7.0,7.0,18.92,2639.0,1753.0,886.0,11102.0,8.0,8.0,8.0,9.03,1941.0,878.0,1063.0,13043.0,12.0,12.0,12.0,11.29,1407.0,457.0,950.0,14450.0,9.0,10.0,10.0,9.47,3976.0,1191.0,2785.0,18426.0,16.0,16.0,21.0,5.75,,,,,,,,,,,,,,,,,,,,,,,,,
1ec9f4bc-44a4-4470-963f-3baa73f7a858,2025-11-30 09:55:44 UTC,False,12637.0,CFOP,Gan 12 UI Maglev,RandomForest,5398.0,12637.0,,,gan12,custom_rules,,,,8.0,0.0,0.0,12637.0,50.0,51.0,61.0,3.96,3624.0,9013.0,2472.0,0.0,2472.0,2472.0,8.0,8.0,10.0,3.24,871.0,661.0,210.0,3343.0,4.0,4.0,4.0,19.05,2657.0,548.0,2109.0,6000.0,12.0,13.0,14.0,5.69,1909.0,419.0,1490.0,7909.0,7.0,7.0,8.0,4.7,1225.0,419.0,806.0,9134.0,8.0,8.0,9.0,9.93,2802.0,876.0,1926.0,11936.0,11.0,11.0,14.0,5.71,701.0,701.0,0.0,12637.0,1.0,1.0,2.0,,,,,,,,,,,,,,,,,,,,,,,,,,
7319f61e-b23e-428f-ae9d-6a81b4d7797b,2025-11-30 09:56:18 UTC,False,14161.0,CFOP,Gan 12 UI Maglev,RandomForest,9609.0,14161.0,,,gan12,custom_rules,,,,8.0,0.0,0.0,14161.0,70.0,72.0,78.0,4.94,4394.0,9767.0,1410.0,0.0,1410.0,1410.0,6.0,6.0,7.0,4.26,2962.0,520.0,2442.0,4372.0,11.0,11.0,11.0,4.5,3153.0,1194.0,1959.0,7525.0,9.0,11.0,13.0,4.59,1910.0,982.0,928.0,9435.0,8.0,8.0,9.0,8.62,765.0,258.0,507.0,10200.0,8.0,8.0,9.0,15.78,990.0,490.0,500.0,11190.0,8.0,8.0,8.0,16.0,2971.0,950.0,2021.0,14161.0,20.0,20.0,21.0,9.9,,,,,,,,,,,,,,,,,,,,,,,,,
224cb072-6634-49c9-8a66-f44fd543bd1c,2025-11-30 09:56:52 UTC,False,18577.0,CFOP,Gan 12 UI Maglev,RandomForest,4113.0,18577.0,,,gan12,custom_rules,,,,8.0,0.0,0.0,18577.0,69.0,73.0,85.0,3.71,6286.0,12291.0,1779.0,0.0,1779.0,1779.0,7.0,7.0,10.0,3.93,2021.0,894.0,1127.0,3800.0,8.0,9.0,9.0,7.1,2707.0,1111.0,1596.0,6507.0,9.0,9.0,11.0,5.64,2143.0,1160.0,983.0,8650.0,8.0,8.0,9.0,8.14,3180.0,975.0,2205.0,11830.0,8.0,8.0,8.0,3.63,3691.0,1998.0,1693.0,15521.0,12.0,14.0,16.0,7.09,3056.0,148.0,2908.0,18577.0,18.0,20.0,22.0,6.19,,,,,,,,,,,,,,,,,,,,,,,,,
77cae0be-be21-42f9-a72b-01aab273f40c,2025-11-30 09:57:21 UTC,False,15147.0,CFOP,Gan 12 UI Maglev,RandomForest,3955.0,15147.0,,,gan12,custom_rules,,,,8.0,0.0,0.0,15147.0,66.0,67.0,72.0,4.36,4159.0,10988.0,3617.0,0.0,3617.0,3617.0,8.0,8.0,10.0,2.21,1815.0,314.0,1501.0,5432.0,7.0,7.0,8.0,4.66,2311.0,822.0,1489.0,7743.0,11.0,11.0,11.0,7.39,2040.0,751.0,1289.0,9783.0,8.0,8.0,9.0,6.21,1401.0,402.0,999.0,11184.0,9.0,10.0,10.0,9.01,1573.0,1001.0,572.0,12757.0,7.0,7.0,7.0,12.24,2390.0,869.0,1521.0,15147.0,16.0,16.0,17.0,10.52,,,,,,,,,,,,,,,,,,,,,,,,,
b5b1e134-aff1-40bb-b3b2-89e08b090a20,2025-11-30 09:57:55 UTC,False,15859.0,CFOP,Gan 12 UI Maglev,RandomForest,7853.0,15859.0,,,gan12,custom_rules,,,,8.0,0.0,0.0,15859.0,72.0,73.0,82.0,4.54,6819.0,9040.0,2132.0,0.0,2132.0,2132.0,7.0,7.0,8.0,3.28,2040.0,870.0,1170.0,4172.0,8.0,8.0,10.0,6.84,1664.0,793.0,871.0,5836.0,8.0,8.0,8.0,9.18,1908.0,1134.0,774.0,7744.0,7.0,7.0,8.0,9.04,2019.0,1390.0,629.0,9763.0,8.0,8.0,8.0,12.72,2882.0,1280.0,1602.0,12645.0,17.0,17.0,18.0,10.61,3214.0,1352.0,1862.0,15859.0,17.0,18.0,22.0,9.13,,,,,,,,,,,,,,,,,,,,,,,,,
c11b2306-f61d-4512-9609-a5d65aff4395,2025-11-30 09:58:29 UTC,False,19714.0,CFOP,Gan 12 UI Maglev,RandomForest,5954.0,19714.0,,,gan12,custom_rules,,,,8.0,0.0,0.0,19714.0,80.0,81.0,90.0,4.06,3535.0,16179.0,3070.0,0.0,3070.0,3070.0,6.0,6.0,7.0,1.95,1070.0,564.0,506.0,4140.0,5.0,5.0,6.0,9.88,7071.0,105.0,6966.0,11211.0,28.0,28.0,30.0,4.02,1699.0,748.0,951.0,12910.0,7.0,7.0,8.0,7.36,1065.0,378.0,687.0,13975.0,7.0,7.0,7.0,10.19,1602.0,846.0,756.0,15577.0,9.0,10.0,10.0,11.9,4137.0,894.0,3243.0,19714.0,20.0,20.0,22.0,6.17,,,,,,,,,,,,,,,,,,,,,,,,,
27e67878-0fd3-4e35-9974-bd56794c2f1c,2025-11-30 09:58:58 UTC,False,15203.0,CFOP,Gan 12 UI Maglev,RandomForest,3915.0,15203.0,,,gan12,custom_rules,,,,8.0,0.0,0.0,15203.0,65.0,66.0,78.0,4.28,5085.0,10118.0,1482.0,0.0,1482.0,1482.0,6.0,6.0,9.0,4.05,4445.0,1191.0,3254.0,5927.0,12.0,12.0,14.0,3.69,999.0,299.0,700.0,6926.0,8.0,8.0,9.0,11.43,2370.0,919.0,1451.0,9296.0,10.0,10.0,11.0,6.89,1927.0,927.0,1000.0,11223.0,8.0,8.0,9.0,8.0,1354.0,621.0,733.0,12577.0,7.0,7.0,8.0,9.55,2626.0,1128.0,1498.0,15203.0,15.0,16.0,18.0,10.01,,,,,,,,,,,,,,,,,,,,,,,,,
ad7279fc-cff4-41de-b106-c26ff11d7396,2025-11-30 09:59:32 UTC,False,15681.0,CFOP,Gan 12 UI Maglev,RandomForest,9424.0,15681.0,,,gan12,custom_rules,,,,8.0,0.0,0.0,15681.0,72.0,74.0,81.0,4.59,7341.0,8340.0,1564.0,0.0,1564.0,1564.0,7.0,7.0,7.0,4.48,1510.0,757.0,753.0,3074.0,6.0,7.0,8.0,7.97,1111.0,467.0,644.0,4185.0,7.0,7.0,7.0,10.87,2849.0,1981.0,868.0,7034.0,8.0,8.0,10.0,9.22,2109.0,499.0,1610.0,9143.0,11.0,11.0,12.0,6.83,2662.0,1253.0,1409.0,11805.0,16.0,16.0,16.0,11.36,3876.0,2384.0,1492.0,15681.0,17.0,18.0,21.0,11.39,,,,,,,,,,,,,,,,,,,,,,,,,
12197138-aa6d-4efc-818c-762ed388b7a1,2025-11-30 10:00:08 UTC,False,18257.0,CFOP,Gan 12 UI Maglev,RandomForest,7717.0,18257.0,,,gan12,custom_rules,,,,8.0,0.0,0.0,18257.0,73.0,75.0,86.0,4.0,7340.0,10917.0,1402.0,0.0,1402.0,1402.0,8.0,8.0,8.0,5.71,1920.0,1130.0,790.0,3322.0,6.0,7.0,8.0,7.59,4665.0,1047.0,3618.0,7987.0,14.0,14.0,15.0,3.87,3181.0,1442.0,1739.0,11168.0,8.0,8.0,12.0,4.6,1835.0,1271.0,564.0,13003.0,8.0,8.0,9.0,14.18,2144.0,886.0,1258.0,15147.0,13.0,13.0,13.0,10.33,3110.0,1564.0,1546.0,18257.0,16.0,17.0,21.0,10.35,,,,,,,,,,,,,,,,,,,,,,,,,
58494947-a016-4d3b-8a78-74b4e7762e64,2025-11-30 10:00:43 UTC,False,14287.0,CFOP,Gan 12 UI Maglev,RandomForest,11874.0,14287.0,,,gan12,custom_rules,,,,8.0,0.0,0.0,14287.0,55.0,60.0,71.0,3.85,5435.0,8852.0,3962.0,0.0,3962.0,3962.0,9.0,9.0,9.0,2.27,0.0,0.0,0.0,3962.0,0.0,0.0,0.0,0.0,2068.0,806.0,1262.0,6030.0,9.0,10.0,11.0,7.13,1697.0,1205.0,492.0,7727.0,8.0,8.0,9.0,16.26,3046.0,1626.0,1420.0,10773.0,13.0,13.0,15.0,9.15,1321.0,636.0,685.0,12094.0,7.0,7.0,8.0,10.22,2193.0,1162.0,1031.0,14287.0,9.0,13.0,19.0,8.73,,,,,,,,,,,,,,,,,,,,,,,,,
2ab652a3-0d7a-4ee1-9abd-68199a2929c5,2025-11-30 10:01:15 UTC,False,17044.0,CFOP,Gan 12 UI Maglev,RandomForest,6576.0,17044.0,,,gan12,custom_rules,,,,8.0,0.0,0.0,17044.0,69.0,73.0,87.0,4.05,6612.0,10432.0,2068.0,0.0,2068.0,2068.0,8.0,8.0,10.0,3.87,2329.0,935.0,1394.0,4397.0,8.0,8.0,10.0,5.74,3472.0,1697.0,1775.0,7869.0,12.0,12.0,15.0,6.76,3675.0,1628.0,2047.0,11544.0,9.0,9.0,10.0,4.4,1915.0,714.0,1201.0,13459.0,11.0,11.0,11.0,9.16,1716.0,790.0,926.0,15175.0,12.0,12.0,13.0,12.96,1869.0,848.0,1021.0,17044.0,9.0,13.0,18.0,8.81,,,,,,,,,,,,,,,,,,,,,,,,,
76616e53-4c14-424d-b8d9-ce25b9f50a14,2025-11-30 10:02:00 UTC,False,23133.0,CFOP,Gan 12 UI Maglev,RandomForest,9466.0,23133.0,,,gan12,custom_rules,,,,8.0,0.0,0.0,23133.0,84.0,86.0,99.0,3.63,1557.0,21576.0,17813.0,0.0,17813.0,17813.0,57.0,59.0,68.0,3.2,0.0,0.0,0.0,17813.0,0.0,0.0,0.0,0.0,0.0,0.0,0.0,17813.0,0.0,0.0,0.0,0.0,4893.0,1299.0,3594.0,22706.0,25.0,25.0,26.0,6.96,427.0,258.0,169.0,23133.0,4.0,4.0,5.0,23.67,0.0,0.0,0.0,23133.0,0.0,0.0,0.0,0.0,0.0,0.0,0.0,23133.0,0.0,0.0,0.0,0.0,,,,,,,,,,,,,,,,,,,,,,,,,
1b8b7438-64be-4823-a174-6041f75e2418,2025-11-30 10:02:44 UTC,False,21046.0,CFOP,Gan 12 UI Maglev,RandomForest,13860.0,21046.0,,,gan12,custom_rules,,,,8.0,0.0,0.0,21046.0,71.0,74.0,87.0,3.37,7053.0,13993.0,6091.0,0.0,6091.0,6091.0,10.0,12.0,17.0,1.64,2743.0,1376.0,1367.0,8834.0,8.0,8.0,9.0,5.85,2025.0,799.0,1226.0,10859.0,8.0,8.0,9.0,6.53,2460.0,1688.0,772.0,13319.0,8.0,8.0,9.0,10.36,1972.0,798.0,1174.0,15291.0,9.0,9.0,10.0,7.67,2478.0,943.0,1535.0,17769.0,12.0,12.0,14.0,7.82,3277.0,1449.0,1828.0,21046.0,16.0,17.0,19.0,8.75,,,,,,,,,,,,,,,,,,,,,,,,,
ef5b2b85-1820-43a1-8d97-ba71a45b5081,2025-11-30 10:03:32 UTC,False,21334.0,CFOP,Gan 12 UI Maglev,RandomForest,17101.0,21334.0,,,gan12,custom_rules,,,,8.0,0.0,0.0,21334.0,60.0,66.0,86.0,2.81,6851.0,14483.0,8655.0,0.0,8655.0,8655.0,12.0,14.0,20.0,1.39,1774.0,989.0,785.0,10429.0,6.0,6.0,7.0,7.64,1400.0,564.0,836.0,11829.0,8.0,8.0,10.0,9.57,2455.0,757.0,1698.0,14284.0,11.0,11.0,13.0,6.48,2075.0,1438.0,637.0,16359.0,7.0,7.0,7.0,10.99,1840.0,1058.0,782.0,18199.0,8.0,8.0,10.0,10.23,3135.0,2045.0,1090.0,21334.0,8.0,12.0,19.0,7.34,,,,,,,,,,,,,,,,,,,,,,,,,
d98a2117-e8bf-4cc0-8824-0b6762c0be16,2025-11-30 10:04:10 UTC,False,18754.0,CFOP,Gan 12 UI Maglev,RandomForest,9656.0,18754.0,,,gan12,custom_rules,,,,8.0,0.0,0.0,18754.0,67.0,68.0,76.0,3.57,9736.0,9018.0,999.0,0.0,999.0,999.0,5.0,5.0,6.0,5.01,3598.0,2712.0,886.0,4597.0,6.0,6.0,8.0,6.77,3269.0,2778.0,491.0,7866.0,8.0,8.0,8.0,16.29,3480.0,520.0,2960.0,11346.0,14.0,14.0,15.0,4.73,2530.0,1639.0,891.0,13876.0,8.0,8.0,10.0,8.98,2599.0,1201.0,1398.0,16475.0,10.0,11.0,12.0,7.15,2279.0,886.0,1393.0,18754.0,16.0,16.0,17.0,11.49,,,,,,,,,,,,,,,,,,,,,,,,,
b71b99ee-544e-4dba-8b8b-504a4e3b0f50,2025-11-30 10:04:45 UTC,False,21450.0,CFOP,Gan 12 UI Maglev,RandomForest,3963.0,21450.0,,,gan12,custom_rules,,,,8.0,0.0,0.0,21450.0,66.0,66.0,79.0,3.08,11823.0,9627.0,2511.0,0.0,2511.0,2511.0,10.0,10.0,12.0,3.98,1570.0,491.0,1079.0,4081.0,9.0,9.0,10.0,8.34,4700.0,3983.0,717.0,8781.0,6.0,6.0,7.0,8.37,5347.0,4621.0,726.0,14128.0,7.0,7.0,8.0,9.64,1765.0,692.0,1073.0,15893.0,8.0,8.0,9.0,7.46,2759.0,1062.0,1697.0,18652.0,10.0,10.0,14.0,5.89,2798.0,974.0,1824.0,21450.0,16.0,16.0,19.0,8.77,,,,,,,,,,,,,,,,,,,,,,,,,
c14a89d6-d2b5-4d77-ab5d-969c990f6225,2025-11-30 10:05:18 UTC,False,19201.0,CFOP,Gan 12 UI Maglev,RandomForest,3804.0,19201.0,,,gan12,custom_rules,,,,8.0,0.0,0.0,19201.0,57.0,58.0,67.0,2.97,7885.0,11316.0,3907.0,0.0,3907.0,3907.0,8.0,8.0,10.0,2.05,1665.0,1225.0,440.0,5572.0,3.0,3.0,4.0,6.82,1870.0,605.0,1265.0,7442.0,7.0,7.0,8.0,5.53,3409.0,2450.0,959.0,10851.0,6.0,6.0,7.0,6.26,2843.0,1263.0,1580.0,13694.0,7.0,7.0,9.0,4.43,2760.0,1214.0,1546.0,16454.0,11.0,11.0,11.0,7.12,2747.0,1128.0,1619.0,19201.0,15.0,16.0,18.0,9.26,,,,,,,,,,,,,,,,,,,,,,,,,
1ab25c3f-613f-43b9-b2c3-922796a1879e,2025-11-30 10:05:47 UTC,False,15274.0,CFOP,Gan 12 UI Maglev,RandomForest,3911.0,15274.0,,,gan12,custom_rules,,,,8.0,0.0,0.0,15274.0,70.0,73.0,81.0,4.58,5713.0,9561.0,1104.0,0.0,1104.0,1104.0,5.0,5.0,5.0,4.53,2629.0,864.0,1765.0,3733.0,9.0,9.0,10.0,5.1,2455.0,556.0,1899.0,6188.0,11.0,11.0,11.0,5.79,943.0,508.0,435.0,7131.0,9.0,9.0,9.0,20.69,2374.0,1335.0,1039.0,9505.0,8.0,8.0,10.0,7.7,2433.0,1338.0,1095.0,11938.0,11.0,13.0,15.0,10.05,3336.0,1112.0,2224.0,15274.0,17.0,18.0,21.0,7.64,,,,,,,,,,,,,,,,,,,,,,,,,
bdac5b2f-ecbd-41ea-a194-beab39e2f527,2025-11-30 10:06:19 UTC,False,15508.0,CFOP,Gan 12 UI Maglev,RandomForest,4496.0,15508.0,,,gan12,custom_rules,,,,8.0,0.0,0.0,15508.0,58.0,59.0,69.0,3.74,7854.0,7654.0,1112.0,0.0,1112.0,1112.0,6.0,6.0,7.0,5.4,2272.0,1450.0,822.0,3384.0,8.0,8.0,9.0,9.73,2394.0,2249.0,145.0,5778.0,4.0,4.0,5.0,27.59,1535.0,858.0,677.0,7313.0,5.0,5.0,7.0,7.39,2221.0,717.0,1504.0,9534.0,7.0,7.0,7.0,4.65,2508.0,1363.0,1145.0,12042.0,12.0,12.0,13.0,10.48,3466.0,1217.0,2249.0,15508.0,16.0,17.0,21.0,7.11,,,,,,,,,,,,,,,,,,,,,,,,,
6b5e4a95-e073-4fa6-88f1-ac498b616f14,2025-11-30 10:06:55 UTC,False,19593.0,CFOP,Gan 12 UI Maglev,RandomForest,7532.0,19593.0,,,gan12,custom_rules,,,,8.0,0.0,0.0,19593.0,64.0,72.0,85.0,3.27,7002.0,12591.0,2046.0,0.0,2046.0,2046.0,7.0,7.0,9.0,3.42,2284.0,1591.0,693.0,4330.0,5.0,5.0,6.0,7.22,1963.0,851.0,1112.0,6293.0,7.0,7.0,9.0,6.29,2251.0,916.0,1335.0,8544.0,12.0,12.0,13.0,8.99,1761.0,959.0,802.0,10305.0,7.0,7.0,8.0,8.73,1599.0,829.0,770.0,11904.0,10.0,11.0,11.0,12.99,7689.0,1856.0,5833.0,19593.0,16.0,23.0,29.0,2.74,,,,,,,,,,,,,,,,,,,,,,,,,
d38972c1-194b-422b-82ef-1a71dfa38032,2025-11-30 10:07:46 UTC,False,17960.0,CFOP,Gan 12 UI Maglev,RandomForest,16049.0,17960.0,,,gan12,custom_rules,,,,8.0,0.0,0.0,17960.0,57.0,62.0,73.0,3.17,7757.0,10203.0,2618.0,0.0,2618.0,2618.0,6.0,6.0,7.0,2.29,2804.0,1660.0,1144.0,5422.0,7.0,7.0,7.0,6.12,2386.0,976.0,1410.0,7808.0,7.0,7.0,7.0,4.96,2263.0,1014.0,1249.0,10071.0,10.0,11.0,12.0,8.01,2019.0,1673.0,346.0,12090.0,5.0,5.0,6.0,14.45,3245.0,1014.0,2231.0,15335.0,14.0,14.0,17.0,6.28,2625.0,1420.0,1205.0,17960.0,8.0,12.0,17.0,6.64,,,,,,,,,,,,,,,,,,,,,,,,,
c709b2f9-d88e-43d5-ab14-07180346af6c,2025-11-30 10:08:16 UTC,False,16827.0,CFOP,Gan 12 UI Maglev,RandomForest,4803.0,16827.0,,,gan12,custom_rules,,,,8.0,0.0,0.0,16827.0,62.0,64.0,74.0,3.68,7124.0,9703.0,3084.0,0.0,3084.0,3084.0,10.0,12.0,17.0,3.24,1714.0,916.0,798.0,4798.0,3.0,3.0,4.0,3.76,1752.0,677.0,1075.0,6550.0,11.0,11.0,11.0,10.23,2068.0,1221.0,847.0,8618.0,6.0,6.0,7.0,7.08,2714.0,1715.0,999.0,11332.0,8.0,8.0,9.0,8.01,2728.0,1624.0,1104.0,14060.0,10.0,10.0,10.0,9.06,2767.0,971.0,1796.0,16827.0,14.0,14.0,16.0,7.8,,,,,,,,,,,,,,,,,,,,,,,,,
0a8d2333-4588-41a5-bba5-f12e65bc5b61,2025-11-30 10:08:50 UTC,False,15847.0,CFOP,Gan 12 UI Maglev,RandomForest,7498.0,15847.0,,,gan12,custom_rules,,,,8.0,0.0,0.0,15847.0,57.0,58.0,63.0,3.6,6863.0,8984.0,2185.0,0.0,2185.0,2185.0,3.0,3.0,3.0,1.37,2375.0,733.0,1642.0,4560.0,11.0,11.0,12.0,6.7,1945.0,1599.0,346.0,6505.0,5.0,5.0,6.0,14.45,2568.0,1094.0,1474.0,9073.0,7.0,7.0,7.0,4.75,1875.0,1239.0,636.0,10948.0,7.0,7.0,7.0,11.01,1616.0,790.0,826.0,12564.0,7.0,7.0,7.0,8.47,3283.0,1408.0,1875.0,15847.0,17.0,18.0,21.0,9.07,,,,,,,,,,,,,,,,,,,,,,,,,
b3829645-33da-45da-b80a-9ff02687b257,2025-11-30 10:09:16 UTC,False,12867.0,CFOP,Gan 12 UI Maglev,RandomForest,2594.0,12867.0,,,gan12,custom_rules,,,,8.0,0.0,0.0,12867.0,62.0,62.0,70.0,4.82,5559.0,7308.0,862.0,0.0,862.0,862.0,5.0,5.0,5.0,5.8,1331.0,636.0,695.0,2193.0,7.0,7.0,8.0,10.07,2433.0,1636.0,797.0,4626.0,9.0,9.0,10.0,11.29,1691.0,893.0,798.0,6317.0,5.0,5.0,6.0,6.27,1896.0,637.0,1259.0,8213.0,8.0,8.0,9.0,6.35,2444.0,855.0,1589.0,10657.0,14.0,14.0,17.0,8.81,2210.0,902.0,1308.0,12867.0,14.0,14.0,15.0,10.7,,,,,,,,,,,,,,,,,,,,,,,,,
500a172f-5d50-448e-a9aa-db99b1b0c1b0,2025-11-30 10:09:51 UTC,False,14906.0,CFOP,Gan 12 UI Maglev,RandomForest,9866.0,14906.0,,,gan12,custom_rules,,,,8.0,0.0,0.0,14906.0,66.0,71.0,84.0,4.43,5519.0,9387.0,1809.0,0.0,1809.0,1809.0,6.0,6.0,8.0,3.32,1586.0,781.0,805.0,3395.0,7.0,7.0,8.0,8.7,2973.0,886.0,2087.0,6368.0,12.0,12.0,14.0,5.75,1662.0,686.0,976.0,8030.0,8.0,8.0,8.0,8.2,2066.0,1319.0,747.0,10096.0,12.0,12.0,14.0,16.06,2915.0,838.0,2077.0,13011.0,12.0,13.0,13.0,5.78,1895.0,1009.0,886.0,14906.0,9.0,13.0,19.0,10.16,,,,,,,,,,,,,,,,,,,,,,,,,
43280bab-bd7a-4f09-8a27-25e5887b9a3f,2025-11-30 10:10:18 UTC,False,13655.0,CFOP,Gan 12 UI Maglev,RandomForest,4490.0,13655.0,,,gan12,custom_rules,,,,8.0,0.0,0.0,13655.0,65.0,67.0,77.0,4.76,4877.0,8778.0,2120.0,0.0,2120.0,2120.0,8.0,8.0,10.0,3.77,2139.0,564.0,1575.0,4259.0,8.0,8.0,9.0,5.08,1551.0,306.0,1245.0,5810.0,9.0,9.0,11.0,7.23,2447.0,1553.0,894.0,8257.0,8.0,8.0,10.0,8.95,1272.0,643.0,629.0,9529.0,8.0,8.0,9.0,12.72,1188.0,523.0,665.0,10717.0,8.0,8.0,8.0,12.03,2938.0,1288.0,1650.0,13655.0,17.0,18.0,20.0,10.3,,,,,,,,,,,,,,,,,,,,,,,,,
ceb5fe1f-ac93-4fc9-8798-74a02341ab53,2025-11-30 10:10:56 UTC,False,17707.0,CFOP,Gan 12 UI Maglev,RandomForest,8342.0,17707.0,,,gan12,custom_rules,,,,8.0,0.0,0.0,17707.0,66.0,67.0,82.0,3.73,4857.0,12769.0,2712.0,0.0,2712.0,2793.0,7.0,7.0,8.0,2.58,806.0,162.0,644.0,3599.0,5.0,5.0,6.0,7.76,5137.0,1707.0,3430.0,8736.0,12.0,12.0,17.0,3.5,2098.0,1026.0,1072.0,10834.0,8.0,8.0,9.0,7.46,1599.0,915.0,684.0,12433.0,8.0,8.0,9.0,11.7,1715.0,998.0,717.0,14148.0,9.0,9.0,10.0,12.55,3559.0,49.0,3510.0,17707.0,18.0,19.0,23.0,5.13,,,,,,,,,,,,,,,,,,,,,,,,,
1ddbe355-dc63-4fe7-8994-28ef8c929379,2025-11-30 10:11:29 UTC,False,15121.0,CFOP,Gan 12 UI Maglev,RandomForest,9728.0,15121.0,,,gan12,custom_rules,,,,8.0,0.0,0.0,15121.0,70.0,71.0,79.0,4.63,6271.0,8850.0,1281.0,0.0,1281.0,1281.0,7.0,7.0,7.0,5.46,2795.0,401.0,2394.0,4076.0,14.0,14.0,14.0,5.85,2417.0,1168.0,1249.0,6493.0,11.0,11.0,14.0,8.81,1913.0,846.0,1067.0,8406.0,8.0,8.0,10.0,7.5,2181.0,1601.0,580.0,10587.0,8.0,8.0,8.0,13.79,1523.0,927.0,596.0,12110.0,8.0,8.0,9.0,13.42,3011.0,1328.0,1683.0,15121.0,14.0,15.0,17.0,8.32,,,,,,,,,,,,,,,,,,,,,,,,,
ee25cdef-3b3b-4243-b98b-f8401bf4d505,2025-11-30 10:12:01 UTC,False,15992.0,CFOP,Gan 12 UI Maglev,RandomForest,5561.0,15992.0,,,gan12,custom_rules,,,,8.0,0.0,0.0,15992.0,65.0,66.0,74.0,4.06,5748.0,10244.0,2687.0,0.0,2687.0,2687.0,6.0,6.0,8.0,2.23,1825.0,633.0,1192.0,4512.0,8.0,8.0,9.0,6.71,2776.0,1055.0,1721.0,7288.0,9.0,9.0,10.0,5.23,2256.0,1329.0,927.0,9544.0,5.0,6.0,7.0,5.39,1572.0,572.0,1000.0,11116.0,9.0,9.0,10.0,9.0,1765.0,903.0,862.0,12881.0,9.0,9.0,9.0,10.44,3111.0,1256.0,1855.0,15992.0,19.0,19.0,21.0,10.24,,,,,,,,,,,,,,,,,,,,,,,,,
00f49162-6e21-4202-8aa3-07449bcd6eb1,2025-11-30 10:12:48 UTC,False,17937.0,CFOP,Gan 12 UI Maglev,RandomForest,6751.0,17937.0,,,gan12,custom_rules,,,,8.0,0.0,0.0,17937.0,61.0,63.0,68.0,3.4,5920.0,12017.0,1798.0,0.0,1798.0,1798.0,7.0,7.0,8.0,3.89,2845.0,97.0,2748.0,4643.0,7.0,7.0,8.0,2.55,3745.0,940.0,2805.0,8388.0,8.0,8.0,8.0,2.85,2658.0,1192.0,1466.0,11046.0,8.0,8.0,8.0,5.46,1910.0,1007.0,903.0,12956.0,9.0,9.0,9.0,9.97,1419.0,749.0,670.0,14375.0,8.0,8.0,8.0,11.94,3562.0,1935.0,1627.0,17937.0,15.0,17.0,19.0,9.22,,,,,,,,,,,,,,,,,,,,,,,,,
d0bf0eaf-5319-4b9f-999e-0acad8d85371,2025-11-30 10:13:45 UTC,False,17940.0,CFOP,Gan 12 UI Maglev,RandomForest,30604.0,17940.0,,,gan12,custom_rules,,,,8.0,0.0,0.0,17940.0,77.0,79.0,87.0,4.29,4828.0,13112.0,2665.0,0.0,2665.0,2665.0,6.0,6.0,7.0,2.25,5087.0,347.0,4740.0,7752.0,12.0,12.0,14.0,2.53,1570.0,765.0,805.0,9322.0,12.0,12.0,13.0,14.91,2261.0,1193.0,1068.0,11583.0,7.0,7.0,7.0,6.55,1394.0,387.0,1007.0,12977.0,10.0,10.0,12.0,9.93,2437.0,1333.0,1104.0,15414.0,11.0,13.0,14.0,9.96,2526.0,803.0,1723.0,17940.0,19.0,19.0,20.0,11.03,,,,,,,,,,,,,,,,,,,,,,,,,
307f503d-01ab-4bf0-a6c5-7c74bae4c260,2025-11-30 10:14:17 UTC,False,18029.0,CFOP,Gan 12 UI Maglev,RandomForest,4753.0,18029.0,,,gan12,custom_rules,,,,8.0,0.0,0.0,18029.0,70.0,71.0,81.0,3.88,7134.0,10814.0,2650.0,0.0,2650.0,2731.0,8.0,8.0,9.0,3.02,2391.0,379.0,2012.0,5122.0,15.0,15.0,16.0,7.46,3189.0,1407.0,1782.0,8311.0,7.0,7.0,9.0,3.93,2231.0,1281.0,950.0,10542.0,8.0,8.0,9.0,8.42,1085.0,892.0,193.0,11627.0,4.0,4.0,5.0,20.73,2400.0,943.0,1457.0,14027.0,12.0,12.0,13.0,8.24,4002.0,2232.0,1770.0,18029.0,16.0,17.0,20.0,9.04,,,,,,,,,,,,,,,,,,,,,,,,,
4bf8f13e-1bf8-4cb1-a85c-c82351153231,2025-11-30 10:14:55 UTC,False,17630.0,CFOP,Gan 12 UI Maglev,RandomForest,10944.0,17630.0,,,gan12,custom_rules,,,,8.0,0.0,0.0,17630.0,64.0,69.0,79.0,3.63,6663.0,10967.0,3197.0,0.0,3197.0,3197.0,6.0,6.0,7.0,1.88,2367.0,950.0,1417.0,5564.0,8.0,8.0,9.0,5.65,1715.0,853.0,862.0,7279.0,11.0,11.0,12.0,12.76,1835.0,1537.0,298.0,9114.0,4.0,4.0,5.0,13.42,2201.0,1306.0,895.0,11315.0,7.0,7.0,7.0,7.82,4146.0,1151.0,2995.0,15461.0,19.0,20.0,21.0,6.34,2169.0,866.0,1303.0,17630.0,9.0,13.0,18.0,6.91,,,,,,,,,,,,,,,,,,,,,,,,,
eca47937-9d01-486f-a960-7c1f4abf14a0,2025-11-30 10:15:23 UTC,False,14269.0,CFOP,Gan 12 UI Maglev,RandomForest,4523.0,14269.0,,,gan12,custom_rules,,,,8.0,0.0,0.0,14269.0,66.0,66.0,73.0,4.63,5719.0,8550.0,1597.0,0.0,1597.0,1597.0,6.0,6.0,6.0,3.76,1990.0,1563.0,427.0,3587.0,5.0,5.0,6.0,11.71,3166.0,693.0,2473.0,6753.0,11.0,11.0,13.0,4.45,1515.0,572.0,943.0,8268.0,8.0,8.0,9.0,8.48,1852.0,1352.0,500.0,10120.0,8.0,8.0,8.0,16.0,1814.0,709.0,1105.0,11934.0,13.0,13.0,13.0,11.76,2335.0,830.0,1505.0,14269.0,15.0,15.0,18.0,9.97,,,,,,,,,,,,,,,,,,,,,,,,,
9e4dd148-6a1b-4b89-8ef3-1d36bd363671,2025-11-30 10:16:07 UTC,False,26196.0,CFOP,Gan 12 UI Maglev,RandomForest,7171.0,26196.0,,,gan12,custom_rules,,,,8.0,0.0,0.0,26196.0,84.0,88.0,99.0,3.21,9732.0,16464.0,1572.0,0.0,1572.0,1572.0,7.0,7.0,8.0,4.45,2710.0,1953.0,757.0,4282.0,8.0,8.0,9.0,10.57,4706.0,3803.0,903.0,8988.0,8.0,8.0,8.0,8.86,2439.0,917.0,1522.0,11427.0,8.0,8.0,8.0,5.26,1128.0,967.0,161.0,12555.0,4.0,4.0,4.0,24.84,10980.0,969.0,10011.0,23535.0,34.0,37.0,44.0,3.4,2661.0,1123.0,1538.0,26196.0,15.0,16.0,18.0,9.75,,,,,,,,,,,,,,,,,,,,,,,,,
dd2437a0-bd49-4bce-9678-2b458acfc133,2025-11-30 10:16:41 UTC,False,14816.0,CFOP,Gan 12 UI Maglev,RandomForest,8507.0,14816.0,,,gan12,custom_rules,,,,8.0,0.0,0.0,14816.0,57.0,62.0,77.0,3.85,6725.0,8091.0,2306.0,0.0,2306.0,2306.0,9.0,11.0,17.0,3.9,1432.0,1174.0,258.0,3738.0,4.0,4.0,5.0,15.5,1733.0,355.0,1378.0,5471.0,5.0,5.0,6.0,3.63,4081.0,2408.0,1673.0,9552.0,9.0,9.0,11.0,5.38,1472.0,1007.0,465.0,11024.0,8.0,8.0,8.0,17.2,1834.0,733.0,1101.0,12858.0,13.0,13.0,13.0,11.81,1958.0,1048.0,910.0,14816.0,9.0,12.0,17.0,9.89,,,,,,,,,,,,,,,,,,,,,,,,,
a1726877-18f2-4306-829d-38d2c6d76f92,2025-11-30 10:17:20 UTC,False,19571.0,CFOP,Gan 12 UI Maglev,RandomForest,5403.0,19571.0,,,gan12,custom_rules,,,,8.0,0.0,0.0,19571.0,73.0,80.0,92.0,3.73,8424.0,11147.0,2231.0,0.0,2231.0,2231.0,9.0,9.0,10.0,4.03,5725.0,2914.0,2811.0,7956.0,16.0,16.0,18.0,5.69,2056.0,1557.0,499.0,10012.0,8.0,8.0,8.0,16.03,2463.0,1874.0,589.0,12475.0,8.0,8.0,8.0,13.58,1809.0,282.0,1527.0,14284.0,11.0,11.0,11.0,7.2,2206.0,1071.0,1135.0,16490.0,11.0,13.0,14.0,9.69,3081.0,726.0,2355.0,19571.0,10.0,15.0,23.0,4.25,,,,,,,,,,,,,,,,,,,,,,,,,
3ea731ec-c00c-43de-ae30-dc893eff5dba,2025-11-30 10:18:15 UTC,False,20443.0,CFOP,Gan 12 UI Maglev,RandomForest,26131.0,20443.0,,,gan12,custom_rules,,,,8.0,0.0,0.0,20443.0,72.0,73.0,83.0,3.52,7674.0,12769.0,1744.0,0.0,1744.0,1744.0,5.0,5.0,6.0,2.87,1402.0,532.0,870.0,3146.0,8.0,8.0,9.0,9.2,4752.0,1610.0,3142.0,7898.0,16.0,16.0,19.0,5.09,2383.0,941.0,1442.0,10281.0,8.0,8.0,9.0,5.55,5413.0,2684.0,2729.0,15694.0,11.0,11.0,13.0,4.03,1393.0,853.0,540.0,17087.0,9.0,9.0,9.0,16.67,3356.0,1054.0,2302.0,20443.0,15.0,16.0,18.0,6.52,,,,,,,,,,,,,,,,,,,,,,,,,
abe256ea-638f-4905-b0c5-533b90112cc7,2025-11-30 10:18:56 UTC,False,20053.0,CFOP,Gan 12 UI Maglev,RandomForest,8534.0,20053.0,,,gan12,custom_rules,,,,8.0,0.0,0.0,20053.0,59.0,62.0,69.0,2.94,5556.0,14497.0,7491.0,0.0,7491.0,7491.0,10.0,12.0,13.0,1.33,0.0,0.0,0.0,7491.0,0.0,0.0,0.0,0.0,1851.0,1069.0,782.0,9342.0,8.0,8.0,8.0,10.23,3448.0,2329.0,1119.0,12790.0,8.0,8.0,8.0,7.15,329.0,136.0,193.0,13119.0,3.0,3.0,3.0,15.54,3165.0,757.0,2408.0,16284.0,15.0,15.0,17.0,6.23,3769.0,1265.0,2504.0,20053.0,16.0,17.0,20.0,6.39,,,,,,,,,,,,,,,,,,,,,,,,,
08f88def-3ddf-4fc7-9ab4-f0e6d665a87a,2025-11-30 10:19:28 UTC,False,17097.0,CFOP,Gan 12 UI Maglev,RandomForest,5231.0,17097.0,,,gan12,custom_rules,,,,8.0,0.0,0.0,17097.0,69.0,70.0,76.0,4.04,8150.0,8947.0,1329.0,0.0,1329.0,1329.0,7.0,7.0,7.0,5.27,2445.0,1986.0,459.0,3774.0,6.0,6.0,6.0,13.07,3032.0,1476.0,1556.0,6806.0,11.0,11.0,13.0,7.07,2175.0,1305.0,870.0,8981.0,10.0,10.0,11.0,11.49,2481.0,1554.0,927.0,11462.0,9.0,9.0,10.0,9.71,3017.0,807.0,2210.0,14479.0,10.0,10.0,10.0,4.52,2618.0,1022.0,1596.0,17097.0,16.0,17.0,19.0,10.03,,,,,,,,,,,,,,,,,,,,,,,,,
ab48182d-aa3c-4172-9ae6-fa591da2fcd0,2025-11-30 10:20:05 UTC,False,16379.0,CFOP,Gan 12 UI Maglev,RandomForest,11594.0,16379.0,,,gan12,custom_rules,,,,8.0,0.0,0.0,16379.0,61.0,67.0,79.0,3.72,5881.0,10498.0,3401.0,0.0,3401.0,3401.0,8.0,8.0,8.0,2.35,2408.0,677.0,1731.0,5809.0,12.0,12.0,13.0,6.93,1755.0,716.0,1039.0,7564.0,8.0,8.0,10.0,7.7,1670.0,838.0,832.0,9234.0,6.0,7.0,7.0,7.21,2050.0,1264.0,786.0,11284.0,8.0,8.0,9.0,10.18,2384.0,1046.0,1338.0,13668.0,10.0,10.0,11.0,7.47,2711.0,1340.0,1371.0,16379.0,9.0,14.0,21.0,6.56,,,,,,,,,,,,,,,,,,,,,,,,,
3d619e4f-354f-4012-9dfd-3132116319c3,2025-11-30 10:20:41 UTC,False,18524.0,CFOP,Gan 12 UI Maglev,RandomForest,8058.0,18524.0,,,gan12,custom_rules,,,,8.0,0.0,0.0,18524.0,68.0,68.0,75.0,3.67,9438.0,9086.0,2396.0,0.0,2396.0,2396.0,7.0,7.0,11.0,2.92,4066.0,2199.0,1867.0,6462.0,8.0,8.0,9.0,4.28,1600.0,770.0,830.0,8062.0,6.0,6.0,6.0,7.23,2837.0,1842.0,995.0,10899.0,12.0,12.0,12.0,12.06,2336.0,1756.0,580.0,13235.0,9.0,9.0,9.0,15.52,2368.0,1288.0,1080.0,15603.0,11.0,11.0,11.0,10.19,2921.0,1583.0,1338.0,18524.0,15.0,15.0,17.0,11.21,,,,,,,,,,,,,,,,,,,,,,,,,
8c24889f-fe32-4a83-9ba7-02a86153c45d,2025-11-30 10:21:11 UTC,False,14053.0,CFOP,Gan 12 UI Maglev,RandomForest,6665.0,14053.0,,,gan12,custom_rules,,,,8.0,0.0,0.0,14053.0,69.0,70.0,76.0,4.91,5174.0,8879.0,1777.0,0.0,1777.0,1777.0,7.0,7.0,7.0,3.94,1713.0,419.0,1294.0,3490.0,8.0,8.0,8.0,6.18,2205.0,242.0,1963.0,5695.0,11.0,11.0,11.0,5.6,2189.0,1359.0,830.0,7884.0,8.0,8.0,12.0,9.64,1987.0,1391.0,596.0,9871.0,8.0,8.0,8.0,13.42,1593.0,965.0,628.0,11464.0,9.0,9.0,9.0,14.33,2589.0,798.0,1791.0,14053.0,20.0,20.0,21.0,11.17,,,,,,,,,,,,,,,,,,,,,,,,,
c2db1c10-741c-4b99-8c75-18d9c0819aea,2025-11-30 10:21:38 UTC,False,16119.0,CFOP,Gan 12 UI Maglev,RandomForest,559.0,16119.0,,,gan12,custom_rules,,,,8.0,0.0,0.0,16119.0,58.0,59.0,68.0,3.6,6060.0,10059.0,5089.0,0.0,5089.0,5089.0,10.0,10.0,11.0,1.97,1737.0,1238.0,499.0,6826.0,7.0,7.0,8.0,14.03,1990.0,1297.0,693.0,8816.0,6.0,6.0,8.0,8.66,2003.0,1141.0,862.0,10819.0,7.0,7.0,7.0,8.12,1776.0,833.0,943.0,12595.0,8.0,8.0,9.0,8.48,1077.0,521.0,556.0,13672.0,7.0,7.0,8.0,12.59,2447.0,1030.0,1417.0,16119.0,14.0,15.0,17.0,9.88,,,,,,,,,,,,,,,,,,,,,,,,,
7fdd521b-5289-4cff-895c-ef74aec5c440,2025-11-30 10:22:07 UTC,False,13869.0,CFOP,Gan 12 UI Maglev,RandomForest,2321.0,13869.0,,,gan12,custom_rules,,,,8.0,0.0,0.0,13869.0,60.0,62.0,73.0,4.33,4681.0,9139.0,1624.0,0.0,1624.0,1673.0,7.0,7.0,9.0,4.31,3011.0,580.0,2431.0,4684.0,12.0,13.0,14.0,4.94,892.0,393.0,499.0,5576.0,6.0,6.0,7.0,12.02,2117.0,651.0,1466.0,7693.0,8.0,8.0,10.0,5.46,1474.0,781.0,693.0,9167.0,7.0,7.0,8.0,10.1,1509.0,684.0,825.0,10676.0,9.0,10.0,10.0,10.91,3193.0,1592.0,1601.0,13869.0,11.0,11.0,15.0,6.87,,,,,,,,,,,,,,,,,,,,,,,,,
8e19e43b-8820-4b3d-b3a8-baf8de63d66d,2025-11-30 10:22:39 UTC,False,17910.0,CFOP,Gan 12 UI Maglev,RandomForest,4786.0,17910.0,,,gan12,custom_rules,,,,8.0,0.0,0.0,17910.0,70.0,71.0,78.0,3.91,5751.0,12159.0,3506.0,0.0,3506.0,3506.0,10.0,10.0,12.0,2.85,2000.0,935.0,1065.0,5506.0,8.0,8.0,9.0,7.51,1317.0,499.0,818.0,6823.0,5.0,6.0,6.0,6.11,4083.0,1483.0,2600.0,10906.0,14.0,14.0,15.0,5.38,1934.0,1064.0,870.0,12840.0,8.0,8.0,8.0,9.2,1955.0,787.0,1168.0,14795.0,10.0,10.0,10.0,8.56,3115.0,983.0,2132.0,17910.0,16.0,16.0,18.0,7.5,,,,,,,,,,,,,,,,,,,,,,,,,
502b1318-8c98-457b-b6ab-47cde8f00d05,2025-11-30 10:23:17 UTC,False,19515.0,CFOP,Gan 12 UI Maglev,RandomForest,9058.0,19515.0,,,gan12,custom_rules,,,,8.0,0.0,0.0,19515.0,75.0,76.0,88.0,3.84,6095.0,13420.0,3230.0,0.0,3230.0,3230.0,10.0,10.0,11.0,3.1,3124.0,323.0,2801.0,6354.0,11.0,11.0,12.0,3.93,2689.0,953.0,1736.0,9043.0,11.0,11.0,13.0,6.34,3446.0,1401.0,2045.0,12489.0,11.0,11.0,15.0,5.38,1973.0,1434.0,539.0,14462.0,8.0,8.0,9.0,14.84,1928.0,1042.0,886.0,16390.0,9.0,9.0,10.0,10.16,3125.0,942.0,2183.0,19515.0,15.0,16.0,18.0,6.87,,,,,,,,,,,,,,,,,,,,,,,,,
2ae4df81-2b42-4797-8e91-90a587d27dfa,2025-11-30 10:23:46 UTC,False,16473.0,CFOP,Gan 12 UI Maglev,RandomForest,3251.0,16473.0,,,gan12,custom_rules,,,,8.0,0.0,0.0,16473.0,58.0,65.0,77.0,3.52,8309.0,7930.0,838.0,0.0,838.0,1072.0,6.0,7.0,7.0,7.16,3438.0,2616.0,822.0,4510.0,6.0,6.0,7.0,7.3,2988.0,1652.0,1336.0,7498.0,8.0,8.0,10.0,5.99,1605.0,613.0,992.0,9103.0,7.0,7.0,8.0,7.06,2237.0,596.0,1641.0,11340.0,10.0,10.0,11.0,6.09,2402.0,1306.0,1096.0,13742.0,11.0,13.0,14.0,10.04,2731.0,1526.0,1205.0,16473.0,10.0,14.0,20.0,8.3,,,,,,,,,,,,,,,,,,,,,,,,,
d70f00aa-8e9f-4085-a991-0591b07d9cae,2025-11-30 10:24:27 UTC,False,15495.0,CFOP,Gan 12 UI Maglev,RandomForest,15664.0,15495.0,,,gan12,custom_rules,,,,8.0,0.0,0.0,15495.0,66.0,67.0,77.0,4.26,4436.0,11059.0,943.0,0.0,943.0,943.0,3.0,3.0,4.0,3.18,905.0,428.0,477.0,1848.0,5.0,5.0,6.0,10.48,3554.0,97.0,3457.0,5402.0,9.0,10.0,11.0,2.6,1248.0,580.0,668.0,6650.0,8.0,8.0,10.0,11.98,2382.0,1507.0,875.0,9032.0,8.0,8.0,9.0,9.14,3449.0,971.0,2478.0,12481.0,13.0,13.0,14.0,5.25,3014.0,853.0,2161.0,15495.0,21.0,21.0,23.0,9.72,,,,,,,,,,,,,,,,,,,,,,,,,
297b8395-aaa4-4316-8356-dc3f3d5fe516,2025-11-30 10:25:00 UTC,False,16486.0,CFOP,Gan 12 UI Maglev,RandomForest,8287.0,16486.0,,,gan12,custom_rules,,,,8.0,0.0,0.0,16486.0,70.0,71.0,78.0,4.25,6852.0,9634.0,1891.0,0.0,1891.0,1891.0,8.0,8.0,9.0,4.23,2243.0,387.0,1856.0,4134.0,11.0,11.0,11.0,5.93,2505.0,1555.0,950.0,6639.0,8.0,8.0,8.0,8.42,1442.0,749.0,693.0,8081.0,8.0,8.0,10.0,11.54,2519.0,1238.0,1281.0,10600.0,8.0,8.0,10.0,6.25,1674.0,773.0,901.0,12274.0,10.0,10.0,10.0,11.1,4212.0,2150.0,2062.0,16486.0,17.0,18.0,20.0,8.24,,,,,,,,,,,,,,,,,,,,,,,,,
a461e5cb-6af7-4b92-9dd8-6aa210c1e442,2025-11-30 10:25:35 UTC,False,11943.0,CFOP,Gan 12 UI Maglev,RandomForest,13575.0,11943.0,,,gan12,custom_rules,,,,8.0,0.0,0.0,11943.0,53.0,56.0,62.0,4.44,4695.0,7199.0,2584.0,0.0,2584.0,2633.0,9.0,10.0,10.0,3.48,0.0,0.0,0.0,2633.0,0.0,0.0,0.0,0.0,2068.0,1139.0,929.0,4701.0,7.0,8.0,8.0,7.53,1359.0,634.0,725.0,6060.0,7.0,7.0,8.0,9.66,1330.0,636.0,694.0,7390.0,8.0,8.0,11.0,11.53,1767.0,765.0,1002.0,9157.0,7.0,7.0,7.0,6.99,2786.0,1521.0,1265.0,11943.0,15.0,16.0,18.0,11.86,,,,,,,,,,,,,,,,,,,,,,,,,
2ec95630-a184-4f0f-85c9-25e2ca958438,2025-11-30 10:26:08 UTC,False,14473.0,CFOP,Gan 12 UI Maglev,RandomForest,2819.0,14473.0,,,gan12,custom_rules,,,,8.0,0.0,0.0,14473.0,57.0,59.0,66.0,3.94,6799.0,7674.0,1498.0,0.0,1498.0,1498.0,7.0,7.0,7.0,4.67,2063.0,1894.0,169.0,3561.0,4.0,4.0,6.0,23.67,2144.0,1411.0,733.0,5705.0,7.0,7.0,8.0,9.55,1723.0,427.0,1296.0,7428.0,6.0,6.0,6.0,4.63,2157.0,965.0,1192.0,9585.0,8.0,8.0,8.0,6.71,2511.0,796.0,1715.0,12096.0,11.0,12.0,12.0,6.41,2377.0,1306.0,1071.0,14473.0,14.0,15.0,19.0,13.07,,,,,,,,,,,,,,,,,,,,,,,,,
73b46c8c-be0c-4bf1-93ea-d92cd4d0f696,2025-11-30 10:26:38 UTC,False,13523.0,CFOP,Gan 12 UI Maglev,RandomForest,8027.0,13523.0,,,gan12,custom_rules,,,,8.0,0.0,0.0,13523.0,64.0,67.0,71.0,4.73,5883.0,7623.0,1981.0,0.0,1981.0,1998.0,10.0,11.0,11.0,5.05,2535.0,1487.0,1048.0,4533.0,7.0,7.0,7.0,6.68,1557.0,695.0,862.0,6090.0,8.0,8.0,8.0,9.28,1855.0,1179.0,676.0,7945.0,6.0,7.0,7.0,8.88,1352.0,709.0,643.0,9297.0,8.0,8.0,9.0,12.44,1171.0,629.0,542.0,10468.0,8.0,8.0,8.0,14.76,3055.0,1184.0,1871.0,13523.0,17.0,18.0,21.0,9.09,,,,,,,,,,,,,,,,,,,,,,,,,
96de9daa-48f9-406a-9c89-1a7755da4061,2025-11-30 10:27:11 UTC,False,17225.0,CFOP,Gan 12 UI Maglev,RandomForest,6479.0,17225.0,,,gan12,custom_rules,,,,8.0,0.0,0.0,17225.0,82.0,82.0,92.0,4.76,4955.0,12270.0,4789.0,0.0,4789.0,4789.0,13.0,13.0,14.0,2.71,2415.0,537.0,1878.0,7204.0,12.0,12.0,13.0,6.39,1363.0,564.0,799.0,8567.0,8.0,8.0,10.0,10.01,1394.0,443.0,951.0,9961.0,6.0,6.0,7.0,6.31,1722.0,868.0,854.0,11683.0,12.0,12.0,13.0,14.05,2796.0,1175.0,1621.0,14479.0,13.0,13.0,15.0,8.02,2746.0,1368.0,1378.0,17225.0,18.0,18.0,20.0,13.06,,,,,,,,,,,,,,,,,,,,,,,,,
8362182f-41cb-4b16-a5f6-2020011ac114,2025-11-30 10:27:51 UTC,False,17226.0,CFOP,Gan 12 UI Maglev,RandomForest,7980.0,17226.0,,,gan12,custom_rules,,,,8.0,0.0,0.0,17226.0,93.0,98.0,105.0,5.4,5684.0,11542.0,911.0,0.0,911.0,911.0,5.0,5.0,6.0,5.49,1668.0,467.0,1201.0,2579.0,14.0,14.0,15.0,11.66,1883.0,1279.0,604.0,4462.0,8.0,8.0,10.0,13.25,2142.0,1014.0,1128.0,6604.0,10.0,11.0,11.0,8.87,1545.0,771.0,774.0,8149.0,11.0,11.0,11.0,14.21,1965.0,934.0,1031.0,10114.0,12.0,12.0,13.0,11.64,7112.0,1219.0,5893.0,17226.0,33.0,37.0,39.0,5.6,,,,,,,,,,,,,,,,,,,,,,,,,
ba539b7c-426a-4cff-b0db-f7c4667c37e0,2025-11-30 10:29:17 UTC,False,14244.0,CFOP,Gan 12 UI Maglev,RandomForest,7616.0,14244.0,,,gan12,custom_rules,,,,8.0,0.0,0.0,14244.0,65.0,68.0,73.0,4.56,6566.0,7678.0,2557.0,0.0,2557.0,2557.0,8.0,8.0,9.0,3.13,1969.0,862.0,1107.0,4526.0,12.0,12.0,12.0,10.84,1753.0,1293.0,460.0,6279.0,5.0,5.0,6.0,10.87,1527.0,806.0,721.0,7806.0,6.0,7.0,8.0,8.32,1723.0,1232.0,491.0,9529.0,8.0,8.0,8.0,16.29,1997.0,1119.0,878.0,11526.0,11.0,11.0,11.0,12.53,2718.0,1254.0,1464.0,14244.0,15.0,17.0,19.0,10.25,,,,,,,,,,,,,,,,,,,,,,,,,
2428363b-44bf-4409-870e-7bdc8a8ef18d,2025-11-30 10:29:54 UTC,False,15400.0,CFOP,Gan 12 UI Maglev,RandomForest,10005.0,15400.0,,,gan12,custom_rules,,,,8.0,0.0,0.0,15400.0,66.0,68.0,76.0,4.29,7353.0,8047.0,2411.0,0.0,2411.0,2411.0,7.0,7.0,10.0,2.9,2413.0,1881.0,532.0,4824.0,8.0,8.0,8.0,15.04,2679.0,1584.0,1095.0,7503.0,8.0,8.0,10.0,7.31,1392.0,893.0,499.0,8895.0,8.0,8.0,8.0,16.03,1798.0,872.0,926.0,10693.0,8.0,8.0,9.0,8.64,2534.0,1254.0,1280.0,13227.0,12.0,14.0,15.0,9.38,2173.0,869.0,1304.0,15400.0,15.0,15.0,16.0,11.5,,,,,,,,,,,,,,,,,,,,,,,,,
d431e868-f071-415a-a64f-c0d17c1f69c2,2025-11-30 10:30:30 UTC,False,19259.0,CFOP,Gan 12 UI Maglev,RandomForest,5262.0,19259.0,,,gan12,custom_rules,,,,8.0,0.0,0.0,19259.0,78.0,79.0,96.0,4.05,5753.0,13506.0,2983.0,0.0,2983.0,2983.0,14.0,14.0,16.0,4.69,0.0,0.0,0.0,2983.0,0.0,0.0,0.0,0.0,3462.0,1472.0,1990.0,6445.0,8.0,8.0,9.0,4.02,1843.0,863.0,980.0,8288.0,8.0,8.0,10.0,8.16,4808.0,758.0,4050.0,13096.0,20.0,20.0,26.0,4.94,1773.0,1104.0,669.0,14869.0,9.0,9.0,10.0,13.45,4390.0,1556.0,2834.0,19259.0,19.0,20.0,25.0,6.7,,,,,,,,,,,,,,,,,,,,,,,,,
4c5dd44c-443f-4bd4-8f7c-9759bb059db3,2025-11-30 12:27:59 UTC,False,18704.0,CFOP,Gan 12 UI Maglev,RandomForest,10734.0,18704.0,,,slow solves,custom_rules,,,,8.0,0.0,0.0,18704.0,65.0,66.0,75.0,3.48,7621.0,11083.0,1552.0,0.0,1552.0,1552.0,5.0,5.0,5.0,3.22,4403.0,3275.0,1128.0,5955.0,7.0,7.0,7.0,6.21,2541.0,1052.0,1489.0,8496.0,8.0,8.0,10.0,5.37,2017.0,612.0,1405.0,10513.0,12.0,12.0,12.0,8.54,2247.0,999.0,1248.0,12760.0,8.0,8.0,10.0,6.41,1893.0,830.0,1063.0,14653.0,8.0,8.0,9.0,7.53,4051.0,853.0,3198.0,18704.0,17.0,18.0,22.0,5.32,,,,,,,,,,,,,,,,,,,,,,,,,
6be6d7a7-e028-495c-a66d-75beb5df6545,2025-11-30 12:28:47 UTC,False,19511.0,CFOP,Gan 12 UI Maglev,RandomForest,15082.0,19511.0,,,slow solves,custom_rules,,,,8.0,0.0,0.0,19511.0,70.0,70.0,76.0,3.59,6365.0,13146.0,4997.0,0.0,4997.0,4997.0,14.0,14.0,16.0,2.8,0.0,0.0,0.0,4997.0,0.0,0.0,0.0,0.0,3810.0,2199.0,1611.0,8807.0,8.0,8.0,8.0,4.97,1453.0,605.0,848.0,10260.0,6.0,6.0,7.0,7.08,2584.0,1593.0,991.0,12844.0,8.0,8.0,9.0,8.07,3112.0,936.0,2176.0,15956.0,14.0,14.0,15.0,6.43,3555.0,1032.0,2523.0,19511.0,20.0,20.0,21.0,7.93,,,,,,,,,,,,,,,,,,,,,,,,,
605d2b85-c332-4f2e-a3c7-70e688cacb22,2025-11-30 12:29:49 UTC,False,36022.0,CFOP,Gan 12 UI Maglev,RandomForest,14486.0,36022.0,,,slow solves,custom_rules,,,,8.0,0.0,0.0,36022.0,102.0,105.0,112.0,2.83,16014.0,20008.0,1692.0,0.0,1692.0,1692.0,6.0,6.0,7.0,3.55,6160.0,1112.0,5048.0,7852.0,17.0,17.0,17.0,3.37,2391.0,1362.0,1029.0,10243.0,8.0,8.0,8.0,7.77,7714.0,5483.0,2231.0,17957.0,12.0,12.0,13.0,5.38,3946.0,2635.0,1311.0,21903.0,13.0,13.0,13.0,9.92,6484.0,5011.0,1473.0,28387.0,12.0,13.0,13.0,8.15,7635.0,411.0,7224.0,36022.0,34.0,36.0,41.0,4.71,,,,,,,,,,,,,,,,,,,,,,,,,
06b065b7-3d9f-4cfd-8b41-86ca1aed9e3c,2025-11-30 12:30:40 UTC,False,22672.0,CFOP,Gan 12 UI Maglev,RandomForest,13170.0,22672.0,,,slow solves,custom_rules,,,,8.0,0.0,0.0,22672.0,63.0,69.0,82.0,2.78,4774.0,17898.0,12048.0,0.0,12048.0,12048.0,23.0,23.0,26.0,1.91,0.0,0.0,0.0,12048.0,0.0,0.0,0.0,0.0,2561.0,1257.0,1304.0,14609.0,7.0,7.0,8.0,5.37,1710.0,800.0,910.0,16319.0,5.0,5.0,6.0,5.49,1653.0,1041.0,612.0,17972.0,8.0,8.0,9.0,13.07,1854.0,612.0,1242.0,19826.0,10.0,11.0,11.0,8.05,2846.0,1064.0,1782.0,22672.0,10.0,15.0,22.0,5.61,,,,,,,,,,,,,,,,,,,,,,,,,
bcac6432-0de4-4066-826f-fbc2154c32c5,2025-11-30 12:31:45 UTC,False,22077.0,CFOP,Gan 12 UI Maglev,RandomForest,32597.0,22077.0,,,slow solves,custom_rules,,,,8.0,0.0,0.0,22077.0,71.0,73.0,85.0,3.22,6744.0,15333.0,1023.0,0.0,1023.0,1023.0,3.0,3.0,5.0,2.93,1789.0,484.0,1305.0,2812.0,8.0,8.0,9.0,6.13,2281.0,1130.0,1151.0,5093.0,8.0,8.0,9.0,6.95,6869.0,1104.0,5765.0,11962.0,17.0,17.0,22.0,2.95,1619.0,652.0,967.0,13581.0,7.0,7.0,7.0,7.24,3414.0,2094.0,1320.0,16995.0,12.0,12.0,14.0,9.09,5082.0,1280.0,3802.0,22077.0,16.0,18.0,19.0,4.21,,,,,,,,,,,,,,,,,,,,,,,,,
cc80e15d-a50f-41a2-95e0-125c29ced0a2,2025-11-30 12:32:30 UTC,False,21775.0,CFOP,Gan 12 UI Maglev,RandomForest,10714.0,21775.0,,,slow solves,custom_rules,,,,8.0,0.0,0.0,21775.0,76.0,78.0,86.0,3.49,7052.0,14723.0,2411.0,0.0,2411.0,2411.0,8.0,8.0,9.0,3.32,2599.0,564.0,2035.0,5010.0,8.0,8.0,9.0,3.93,1959.0,452.0,1507.0,6969.0,7.0,7.0,8.0,4.64,3165.0,830.0,2335.0,10134.0,13.0,14.0,15.0,5.57,2039.0,1169.0,870.0,12173.0,8.0,8.0,8.0,9.2,2685.0,1298.0,1387.0,14858.0,11.0,11.0,11.0,7.93,6917.0,2739.0,4178.0,21775.0,21.0,22.0,26.0,5.03,,,,,,,,,,,,,,,,,,,,,,,,,
cbe0f416-813f-45a8-b6e9-aaea870c4337,2025-11-30 12:33:04 UTC,False,18321.0,CFOP,Gan 12 UI Maglev,RandomForest,7074.0,18321.0,,,slow solves,custom_rules,,,,8.0,0.0,0.0,18321.0,66.0,68.0,72.0,3.6,8459.0,9620.0,2040.0,0.0,2040.0,2282.0,6.0,7.0,7.0,2.94,2274.0,1017.0,1257.0,4556.0,7.0,7.0,8.0,5.57,2896.0,843.0,2053.0,7452.0,12.0,12.0,13.0,5.85,1321.0,830.0,491.0,8773.0,5.0,5.0,5.0,10.18,4173.0,2819.0,1354.0,12946.0,11.0,11.0,11.0,8.12,2195.0,1099.0,1096.0,15141.0,10.0,11.0,12.0,9.12,3180.0,1851.0,1329.0,18321.0,15.0,15.0,16.0,11.29,,,,,,,,,,,,,,,,,,,,,,,,,
829fbfe9-19b8-4c48-bf09-3fcdc9f83d88,2025-11-30 12:33:37 UTC,False,15383.0,CFOP,Gan 12 UI Maglev,RandomForest,6681.0,15383.0,,,slow solves,custom_rules,,,,8.0,0.0,0.0,15383.0,69.0,71.0,79.0,4.49,5612.0,9771.0,2087.0,0.0,2087.0,2087.0,8.0,8.0,10.0,3.83,2415.0,1117.0,1298.0,4502.0,8.0,8.0,9.0,6.16,1309.0,382.0,927.0,5811.0,8.0,8.0,8.0,8.63,1587.0,846.0,741.0,7398.0,5.0,5.0,6.0,6.75,3021.0,1159.0,1862.0,10419.0,10.0,10.0,12.0,5.37,2189.0,967.0,1222.0,12608.0,14.0,14.0,14.0,11.46,2775.0,1141.0,1634.0,15383.0,16.0,18.0,20.0,9.79,,,,,,,,,,,,,,,,,,,,,,,,,
edc68acf-7849-47bc-ac2b-7f88b0d66d6e,2025-11-30 12:34:23 UTC,False,18407.0,CFOP,Gan 12 UI Maglev,RandomForest,7189.0,18407.0,,,slow solves,custom_rules,,,,8.0,0.0,0.0,18407.0,71.0,73.0,84.0,3.86,6054.0,12353.0,4090.0,0.0,4090.0,4090.0,11.0,11.0,14.0,2.69,0.0,0.0,0.0,4090.0,0.0,0.0,0.0,0.0,3569.0,1234.0,2335.0,7659.0,11.0,11.0,12.0,4.71,2270.0,1032.0,1238.0,9929.0,12.0,12.0,14.0,9.69,2651.0,1217.0,1434.0,12580.0,8.0,8.0,8.0,5.58,2850.0,1222.0,1628.0,15430.0,14.0,14.0,16.0,8.6,2977.0,1349.0,1628.0,18407.0,15.0,17.0,20.0,9.21,,,,,,,,,,,,,,,,,,,,,,,,,
722607ae-1c84-4240-b9fb-b9c6652abfac,2025-11-30 12:35:00 UTC,False,18918.0,CFOP,Gan 12 UI Maglev,RandomForest,8475.0,18918.0,,,slow solves,custom_rules,,,,8.0,0.0,0.0,18918.0,66.0,66.0,73.0,3.49,7932.0,10986.0,1492.0,0.0,1492.0,1492.0,6.0,6.0,7.0,4.02,3032.0,1345.0,1687.0,4524.0,8.0,8.0,9.0,4.74,1764.0,1296.0,468.0,6288.0,4.0,4.0,5.0,8.55,1522.0,498.0,1024.0,7810.0,8.0,8.0,9.0,7.81,4253.0,2536.0,1717.0,12063.0,8.0,8.0,9.0,4.66,2930.0,1273.0,1657.0,14993.0,13.0,13.0,14.0,7.85,3925.0,984.0,2941.0,18918.0,19.0,19.0,20.0,6.46,,,,,,,,,,,,,,,,,,,,,,,,,
0db7f58d-f57c-4acc-8b79-6c84412058a7,2025-11-30 12:35:50 UTC,False,31510.0,CFOP,Gan 12 UI Maglev,RandomForest,9993.0,31510.0,,,slow solves,custom_rules,,,,8.0,0.0,0.0,31510.0,95.0,97.0,107.0,3.01,8379.0,23131.0,8710.0,0.0,8710.0,8710.0,20.0,20.0,24.0,2.3,0.0,0.0,0.0,8710.0,0.0,0.0,0.0,0.0,8484.0,2998.0,5486.0,17194.0,22.0,22.0,24.0,4.01,1481.0,1247.0,234.0,18675.0,4.0,4.0,4.0,17.09,7625.0,1618.0,6007.0,26300.0,25.0,25.0,26.0,4.16,1812.0,1143.0,669.0,28112.0,9.0,9.0,10.0,13.45,3398.0,1373.0,2025.0,31510.0,15.0,17.0,19.0,7.41,,,,,,,,,,,,,,,,,,,,,,,,,
6af7f96b-d91d-498d-9c93-d1a210035cf4,2025-11-30 12:36:50 UTC,False,19727.0,CFOP,Gan 12 UI Maglev,RandomForest,13719.0,19727.0,,,slow solves,custom_rules,,,,8.0,0.0,0.0,19727.0,68.0,69.0,75.0,3.45,6334.0,13393.0,7157.0,0.0,7157.0,7157.0,15.0,15.0,18.0,2.1,0.0,0.0,0.0,7157.0,0.0,0.0,0.0,0.0,2137.0,1146.0,991.0,9294.0,7.0,7.0,7.0,7.06,2373.0,1069.0,1304.0,11667.0,8.0,8.0,9.0,6.13,2432.0,1498.0,934.0,14099.0,8.0,8.0,8.0,8.57,2321.0,1000.0,1321.0,16420.0,14.0,14.0,14.0,10.6,3307.0,1621.0,1686.0,19727.0,16.0,17.0,19.0,9.49,,,,,,,,,,,,,,,,,,,,,,,,,
3aaba322-6e6c-4dd3-a1b2-383c3661d819,2025-11-30 12:37:32 UTC,False,19379.0,CFOP,Gan 12 UI Maglev,RandomForest,12519.0,19379.0,,,slow solves,custom_rules,,,,8.0,0.0,0.0,19379.0,65.0,66.0,70.0,3.35,8219.0,11160.0,1363.0,0.0,1363.0,1363.0,7.0,7.0,7.0,5.14,1603.0,966.0,637.0,2966.0,6.0,7.0,7.0,9.42,3864.0,1237.0,2627.0,6830.0,7.0,7.0,7.0,2.66,1834.0,1471.0,363.0,8664.0,4.0,4.0,4.0,11.02,2439.0,1851.0,588.0,11103.0,8.0,8.0,8.0,13.61,3385.0,1284.0,2101.0,14488.0,13.0,13.0,14.0,6.19,4891.0,1410.0,3481.0,19379.0,20.0,20.0,23.0,5.75,,,,,,,,,,,,,,,,,,,,,,,,,
ef5b2a6f-91fe-4162-84ad-98dcae64b428,2025-11-30 12:40:08 UTC,False,16985.0,CFOP,Gan 12 UI Maglev,RandomForest,6938.0,16985.0,,,slow solves,custom_rules,,,,8.0,0.0,0.0,16985.0,67.0,68.0,74.0,3.94,4693.0,12171.0,1448.0,0.0,1448.0,1569.0,7.0,7.0,8.0,4.83,3401.0,323.0,3078.0,4970.0,12.0,12.0,13.0,3.9,3399.0,716.0,2683.0,8369.0,11.0,11.0,11.0,4.1,1644.0,701.0,943.0,10013.0,7.0,7.0,7.0,7.42,1667.0,1030.0,637.0,11680.0,7.0,7.0,7.0,10.99,1489.0,885.0,604.0,13169.0,8.0,8.0,10.0,13.25,3816.0,1038.0,2778.0,16985.0,15.0,16.0,18.0,5.4,,,,,,,,,,,,,,,,,,,,,,,,,
c85ebb89-df38-4bff-bcd1-7b39b0905528,2025-11-30 12:41:03 UTC,False,15790.0,CFOP,Gan 12 UI Maglev,RandomForest,6137.0,15790.0,,,slow solves,custom_rules,,,,8.0,0.0,0.0,15790.0,51.0,54.0,64.0,3.23,7170.0,8588.0,757.0,0.0,757.0,789.0,3.0,5.0,5.0,3.96,2271.0,974.0,1297.0,3060.0,7.0,7.0,8.0,5.4,2112.0,1298.0,814.0,5172.0,8.0,8.0,9.0,9.83,1202.0,799.0,403.0,6374.0,3.0,3.0,3.0,7.44,1352.0,234.0,1118.0,7726.0,7.0,7.0,9.0,6.26,3561.0,1997.0,1564.0,11287.0,7.0,7.0,8.0,4.48,4503.0,1868.0,2635.0,15790.0,17.0,18.0,22.0,6.45,,,,,,,,,,,,,,,,,,,,,,,,,
f52c6806-d548-46bc-be4f-e401c69b4111,2025-11-30 12:42:05 UTC,False,24246.0,CFOP,Gan 12 UI Maglev,RandomForest,17889.0,24246.0,,,slow solves,custom_rules,,,,8.0,0.0,0.0,24246.0,63.0,63.0,70.0,2.6,9075.0,15171.0,1718.0,0.0,1718.0,1718.0,7.0,7.0,8.0,4.07,10375.0,3165.0,7210.0,12093.0,12.0,12.0,12.0,1.66,0.0,0.0,0.0,12093.0,0.0,0.0,0.0,0.0,4848.0,3109.0,1739.0,16941.0,7.0,7.0,9.0,4.03,1762.0,811.0,951.0,18703.0,7.0,7.0,10.0,7.36,2691.0,1055.0,1636.0,21394.0,13.0,13.0,14.0,7.95,2852.0,935.0,1917.0,24246.0,17.0,17.0,17.0,8.87,,,,,,,,,,,,,,,,,,,,,,,,,
f8796df8-2b1b-4205-a4fd-8695d11cf202,2025-11-30 12:42:50 UTC,False,26326.0,CFOP,Gan 12 UI Maglev,RandomForest,6320.0,26326.0,,,slow solves,custom_rules,,,,8.0,0.0,0.0,26326.0,77.0,81.0,90.0,2.92,10933.0,15288.0,1997.0,0.0,1997.0,2102.0,6.0,6.0,8.0,3.0,6845.0,3447.0,3398.0,8947.0,14.0,15.0,16.0,4.12,4314.0,1150.0,3164.0,13261.0,13.0,13.0,15.0,4.11,4602.0,1410.0,3192.0,17863.0,9.0,9.0,10.0,2.82,3484.0,2791.0,693.0,21347.0,8.0,8.0,9.0,11.54,2531.0,1128.0,1403.0,23878.0,12.0,14.0,14.0,8.55,2448.0,1007.0,1441.0,26326.0,15.0,16.0,18.0,10.41,,,,,,,,,,,,,,,,,,,,,,,,,
a9783784-cadb-4095-99a4-25df59e2e048,2025-11-30 12:43:32 UTC,False,15636.0,CFOP,Gan 12 UI Maglev,RandomForest,18643.0,15636.0,,,slow solves,custom_rules,,,,8.0,0.0,0.0,15636.0,65.0,66.0,77.0,4.16,6936.0,8700.0,1369.0,0.0,1369.0,1369.0,6.0,6.0,7.0,4.38,1346.0,275.0,1071.0,2715.0,7.0,7.0,8.0,6.54,1251.0,411.0,840.0,3966.0,8.0,8.0,8.0,9.52,2667.0,1644.0,1023.0,6633.0,7.0,7.0,9.0,6.84,1980.0,1336.0,644.0,8613.0,10.0,10.0,10.0,15.53,2364.0,1271.0,1093.0,10977.0,10.0,10.0,14.0,9.15,4659.0,1999.0,2660.0,15636.0,17.0,18.0,21.0,6.39,,,,,,,,,,,,,,,,,,,,,,,,,
97d6f4f6-eac7-47a6-a58e-df383f977093,2025-11-30 12:44:00 UTC,False,14749.0,CFOP,Gan 12 UI Maglev,RandomForest,5063.0,14749.0,,,slow solves,custom_rules,,,,8.0,0.0,0.0,14749.0,66.0,69.0,78.0,4.47,5437.0,9312.0,2109.0,0.0,2109.0,2109.0,8.0,8.0,11.0,3.79,1435.0,249.0,1186.0,3544.0,6.0,7.0,7.0,5.06,3303.0,1797.0,1506.0,6847.0,12.0,12.0,14.0,7.97,2134.0,491.0,1643.0,8981.0,10.0,10.0,12.0,6.09,1740.0,854.0,886.0,10721.0,7.0,7.0,7.0,7.9,1411.0,564.0,847.0,12132.0,9.0,10.0,10.0,10.63,2617.0,1482.0,1135.0,14749.0,14.0,15.0,17.0,12.33,,,,,,,,,,,,,,,,,,,,,,,,,
dbe13278-1c8b-4323-ad91-b6df9b8d1b73,2025-11-30 12:44:44 UTC,False,24346.0,CFOP,Gan 12 UI Maglev,RandomForest,8986.0,24346.0,,,slow solves,custom_rules,,,,8.0,0.0,0.0,24346.0,82.0,82.0,87.0,3.37,7158.0,17188.0,2648.0,0.0,2648.0,2648.0,7.0,7.0,8.0,2.64,4584.0,2169.0,2415.0,7232.0,9.0,9.0,9.0,3.73,4466.0,161.0,4305.0,11698.0,12.0,12.0,13.0,2.79,1306.0,298.0,1008.0,13004.0,7.0,7.0,8.0,6.94,3702.0,1575.0,2127.0,16706.0,14.0,14.0,14.0,6.58,1966.0,910.0,1056.0,18672.0,12.0,12.0,12.0,11.36,5674.0,2045.0,3629.0,24346.0,23.0,23.0,23.0,6.34,,,,,,,,,,,,,,,,,,,,,,,,,
8dece761-9b44-4343-a5a4-1bc96f7c1dcc,2025-11-30 12:45:55 UTC,False,15350.0,CFOP,Gan 12 UI Maglev,RandomForest,45394.0,15350.0,,,slow solves,custom_rules,,,,8.0,0.0,0.0,15350.0,71.0,71.0,76.0,4.63,7836.0,7514.0,950.0,0.0,950.0,950.0,4.0,4.0,5.0,4.21,1144.0,532.0,612.0,2094.0,6.0,6.0,7.0,9.8,2277.0,1544.0,733.0,4371.0,8.0,8.0,10.0,10.91,3152.0,2540.0,612.0,7523.0,9.0,9.0,9.0,14.71,1975.0,928.0,1047.0,9498.0,11.0,11.0,12.0,10.51,2424.0,1240.0,1184.0,11922.0,14.0,14.0,14.0,11.82,3428.0,1052.0,2376.0,15350.0,19.0,19.0,19.0,8.0,,,,,,,,,,,,,,,,,,,,,,,,,
ace5d0f2-114f-4740-a53d-adee9715e5f0,2025-11-30 12:46:36 UTC,False,20885.0,CFOP,Gan 12 UI Maglev,RandomForest,7822.0,20885.0,,,slow solves,custom_rules,,,,8.0,0.0,0.0,20885.0,81.0,83.0,87.0,3.88,6411.0,14474.0,3737.0,0.0,3737.0,3737.0,9.0,10.0,10.0,2.41,4067.0,1160.0,2907.0,7804.0,11.0,11.0,11.0,3.78,2152.0,645.0,1507.0,9956.0,10.0,11.0,13.0,6.64,1652.0,733.0,919.0,11608.0,6.0,6.0,6.0,6.53,2933.0,1482.0,1451.0,14541.0,11.0,11.0,11.0,7.58,3302.0,878.0,2424.0,17843.0,17.0,17.0,17.0,7.01,3042.0,1513.0,1529.0,20885.0,17.0,17.0,19.0,11.12,,,,,,,,,,,,,,,,,,,,,,,,,
8df0bd5c-1783-4699-842c-0ac6154c22aa,2025-11-30 12:47:15 UTC,False,20388.0,CFOP,Gan 12 UI Maglev,RandomForest,8951.0,20388.0,,,slow solves,custom_rules,,,,8.0,0.0,0.0,20388.0,68.0,69.0,75.0,3.34,6734.0,13066.0,1242.0,0.0,1242.0,1830.0,5.0,5.0,6.0,4.03,1644.0,628.0,1016.0,3474.0,7.0,7.0,7.0,6.89,5747.0,1152.0,4595.0,9221.0,13.0,13.0,15.0,2.83,2145.0,1114.0,1031.0,11366.0,8.0,8.0,9.0,7.76,2424.0,1054.0,1370.0,13790.0,7.0,7.0,8.0,5.11,2535.0,1318.0,1217.0,16325.0,10.0,11.0,11.0,8.22,4063.0,1468.0,2595.0,20388.0,18.0,18.0,19.0,6.94,,,,,,,,,,,,,,,,,,,,,,,,,
5c1f5bc5-93f3-4e40-8eb8-82d29319e621,2025-11-30 12:47:55 UTC,False,13682.0,CFOP,Gan 12 UI Maglev,RandomForest,18387.0,13682.0,,,slow solves,custom_rules,,,,8.0,0.0,0.0,13682.0,67.0,68.0,75.0,4.9,5542.0,8043.0,676.0,0.0,676.0,773.0,3.0,3.0,5.0,4.44,2680.0,1242.0,1438.0,3453.0,12.0,12.0,13.0,8.34,1498.0,798.0,700.0,4951.0,8.0,8.0,8.0,11.43,1725.0,839.0,886.0,6676.0,8.0,8.0,9.0,9.03,2845.0,998.0,1847.0,9521.0,11.0,11.0,11.0,5.96,2222.0,822.0,1400.0,11743.0,12.0,12.0,13.0,8.57,1939.0,843.0,1096.0,13682.0,13.0,14.0,16.0,11.86,,,,,,,,,,,,,,,,,,,,,,,,,
099ce0df-797b-4538-82f8-820bf1c5d7e1,2025-11-30 12:48:32 UTC,False,18755.0,CFOP,Gan 12 UI Maglev,RandomForest,5961.0,18755.0,,,slow solves,custom_rules,,,,8.0,0.0,0.0,18755.0,65.0,66.0,69.0,3.47,7545.0,11210.0,2823.0,0.0,2823.0,2823.0,6.0,6.0,6.0,2.13,4009.0,3267.0,742.0,6832.0,8.0,8.0,8.0,10.78,2991.0,1000.0,1991.0,9823.0,8.0,8.0,10.0,4.02,2786.0,274.0,2512.0,12609.0,9.0,9.0,9.0,3.58,1088.0,419.0,669.0,13697.0,8.0,8.0,8.0,11.96,1369.0,781.0,588.0,15066.0,9.0,9.0,9.0,15.31,3689.0,1804.0,1885.0,18755.0,18.0,18.0,19.0,9.55,,,,,,,,,,,,,,,,,,,,,,,,,
77769395-cf22-4502-940a-3351c469c1b8,2025-11-30 12:49:25 UTC,False,21265.0,CFOP,Gan 12 UI Maglev,RandomForest,21504.0,21265.0,,,slow solves,custom_rules,,,,8.0,0.0,0.0,21265.0,75.0,75.0,81.0,3.53,10111.0,11154.0,4183.0,0.0,4183.0,4183.0,8.0,8.0,9.0,1.91,1556.0,749.0,807.0,5739.0,8.0,8.0,9.0,9.91,3933.0,2458.0,1475.0,9672.0,15.0,15.0,15.0,10.17,3843.0,2949.0,894.0,13515.0,8.0,8.0,9.0,8.95,2305.0,1668.0,637.0,15820.0,8.0,8.0,8.0,12.56,2270.0,989.0,1281.0,18090.0,9.0,9.0,12.0,7.03,3175.0,1298.0,1877.0,21265.0,19.0,19.0,19.0,10.12,,,,,,,,,,,,,,,,,,,,,,,,,
22df71e9-d458-419a-aac7-83721011a257,2025-11-30 12:49:57 UTC,False,13846.0,CFOP,Gan 12 UI Maglev,RandomForest,8324.0,13846.0,,,slow solves,custom_rules,,,,8.0,0.0,0.0,13846.0,57.0,65.0,74.0,4.12,5214.0,8632.0,2998.0,0.0,2998.0,2998.0,10.0,11.0,12.0,3.34,0.0,0.0,0.0,2998.0,0.0,0.0,0.0,0.0,2464.0,700.0,1764.0,5462.0,11.0,11.0,11.0,6.24,1975.0,886.0,1089.0,7437.0,8.0,9.0,9.0,7.35,1595.0,1015.0,580.0,9032.0,8.0,8.0,9.0,13.79,1789.0,927.0,862.0,10821.0,10.0,11.0,11.0,11.6,3025.0,1686.0,1339.0,13846.0,10.0,15.0,22.0,7.47,,,,,,,,,,,,,,,,,,,,,,,,,
d167fafe-a07d-4d03-847b-02a7eb9b6617,2025-11-30 12:50:38 UTC,False,22200.0,CFOP,Gan 12 UI Maglev,RandomForest,7763.0,22200.0,,,slow solves,custom_rules,,,,8.0,0.0,0.0,22200.0,71.0,75.0,90.0,3.2,6742.0,15458.0,8295.0,0.0,8295.0,8295.0,21.0,24.0,28.0,2.53,0.0,0.0,0.0,8295.0,0.0,0.0,0.0,0.0,1869.0,1184.0,685.0,10164.0,8.0,8.0,9.0,11.68,2820.0,1217.0,1603.0,12984.0,12.0,12.0,17.0,7.49,4070.0,2088.0,1982.0,17054.0,13.0,13.0,15.0,6.56,1698.0,973.0,725.0,18752.0,6.0,6.0,6.0,8.28,3448.0,1280.0,2168.0,22200.0,11.0,12.0,15.0,5.07,,,,,,,,,,,,,,,,,,,,,,,,,
8270d874-72fa-45a7-9197-abdfa1e72168,2025-11-30 12:51:15 UTC,False,21006.0,CFOP,Gan 12 UI Maglev,RandomForest,4928.0,21006.0,,,slow solves,custom_rules,,,,8.0,0.0,0.0,21006.0,66.0,68.0,76.0,3.14,8880.0,12126.0,4748.0,0.0,4748.0,4748.0,8.0,9.0,9.0,1.68,2087.0,1176.0,911.0,6835.0,8.0,8.0,8.0,8.78,2302.0,1682.0,620.0,9137.0,6.0,6.0,8.0,9.68,3229.0,2029.0,1200.0,12366.0,7.0,7.0,7.0,5.83,2423.0,1513.0,910.0,14789.0,8.0,8.0,9.0,8.79,2376.0,765.0,1611.0,17165.0,13.0,13.0,14.0,8.07,3841.0,1715.0,2126.0,21006.0,16.0,17.0,21.0,7.53,,,,,,,,,,,,,,,,,,,,,,,,,
9542147d-4a68-4ddf-b2c1-b9f6f423d2ed,2025-11-30 12:51:54 UTC,False,15975.0,CFOP,Gan 12 UI Maglev,RandomForest,11161.0,15975.0,,,slow solves,custom_rules,,,,8.0,0.0,0.0,15975.0,66.0,67.0,76.0,4.13,4953.0,11022.0,1466.0,0.0,1466.0,1466.0,5.0,5.0,5.0,3.41,2376.0,1272.0,1104.0,3842.0,6.0,6.0,8.0,5.43,1877.0,288.0,1589.0,5719.0,7.0,7.0,7.0,4.41,3104.0,1726.0,1378.0,8823.0,7.0,7.0,10.0,5.08,564.0,363.0,201.0,9387.0,4.0,4.0,4.0,19.9,4028.0,330.0,3698.0,13415.0,22.0,22.0,24.0,5.95,2560.0,974.0,1586.0,15975.0,16.0,16.0,18.0,10.09,,,,,,,,,,,,,,,,,,,,,,,,,
517e6e1b-1472-4c4d-a22b-60748f0675c7,2025-11-30 12:52:35 UTC,False,18955.0,CFOP,Gan 12 UI Maglev,RandomForest,13525.0,18955.0,,,slow solves,custom_rules,,,,8.0,0.0,0.0,18955.0,62.0,66.0,79.0,3.27,7366.0,11524.0,2150.0,0.0,2150.0,2215.0,8.0,8.0,9.0,3.72,1961.0,467.0,1494.0,4176.0,8.0,8.0,9.0,5.35,1926.0,790.0,1136.0,6102.0,8.0,8.0,10.0,7.04,1474.0,846.0,628.0,7576.0,6.0,6.0,7.0,9.55,2609.0,1039.0,1570.0,10185.0,10.0,10.0,11.0,6.37,6039.0,2771.0,3268.0,16224.0,15.0,15.0,17.0,4.59,2731.0,1453.0,1278.0,18955.0,7.0,11.0,16.0,5.48,,,,,,,,,,,,,,,,,,,,,,,,,
e25f3c54-ea3b-4785-8d0b-2781fe13605d,2025-11-30 12:53:06 UTC,False,16367.0,CFOP,Gan 12 UI Maglev,RandomForest,5035.0,16367.0,,,slow solves,custom_rules,,,,8.0,0.0,0.0,16367.0,65.0,65.0,70.0,3.97,6490.0,9877.0,3810.0,0.0,3810.0,3810.0,9.0,9.0,10.0,2.36,2134.0,1522.0,612.0,5944.0,8.0,8.0,8.0,13.07,2121.0,1146.0,975.0,8065.0,7.0,7.0,7.0,7.18,2120.0,1217.0,903.0,10185.0,8.0,8.0,9.0,8.86,1381.0,897.0,484.0,11566.0,4.0,4.0,4.0,8.26,2105.0,969.0,1136.0,13671.0,13.0,13.0,13.0,11.44,2696.0,739.0,1957.0,16367.0,16.0,16.0,19.0,8.18,,,,,,,,,,,,,,,,,,,,,,,,,
ddb7e68b-68cf-46f9-a178-7e12f0b9c6bd,2025-11-30 12:53:48 UTC,False,16953.0,CFOP,Gan 12 UI Maglev,RandomForest,14660.0,16953.0,,,slow solves,custom_rules,,,,8.0,0.0,0.0,16953.0,59.0,60.0,63.0,3.48,7518.0,9435.0,1919.0,0.0,1919.0,1919.0,6.0,7.0,7.0,3.13,1851.0,1007.0,844.0,3770.0,7.0,7.0,7.0,8.29,2836.0,1200.0,1636.0,6606.0,7.0,7.0,7.0,4.28,4416.0,3401.0,1015.0,11022.0,8.0,8.0,10.0,7.88,1654.0,363.0,1291.0,12676.0,7.0,7.0,7.0,5.42,2281.0,838.0,1443.0,14957.0,9.0,9.0,9.0,6.24,1996.0,709.0,1287.0,16953.0,15.0,15.0,16.0,11.66,,,,,,,,,,,,,,,,,,,,,,,,,
a79d32a5-9f44-491d-afe0-924047f09cdb,2025-11-30 12:55:27 UTC,False,13953.0,CFOP,Gan 12 UI Maglev,RandomForest,9197.0,13953.0,,,slow solves,custom_rules,,,,8.0,0.0,0.0,13953.0,62.0,62.0,68.0,4.44,3753.0,10200.0,5627.0,0.0,5627.0,5627.0,21.0,21.0,24.0,3.73,0.0,0.0,0.0,5627.0,0.0,0.0,0.0,0.0,0.0,0.0,0.0,5627.0,0.0,0.0,0.0,0.0,1747.0,1144.0,603.0,7374.0,8.0,8.0,8.0,13.27,1795.0,886.0,909.0,9169.0,7.0,7.0,8.0,7.7,1400.0,821.0,579.0,10569.0,8.0,8.0,9.0,13.82,3384.0,902.0,2482.0,13953.0,18.0,18.0,19.0,7.25,,,,,,,,,,,,,,,,,,,,,,,,,
16e908d4-f9a0-4905-bbc7-9b7f119e5a04,2025-11-30 12:56:06 UTC,False,17368.0,CFOP,Gan 12 UI Maglev,RandomForest,6847.0,17368.0,,,slow solves,custom_rules,,,,8.0,0.0,0.0,17368.0,68.0,68.0,74.0,3.92,7680.0,9688.0,3586.0,0.0,3586.0,3586.0,10.0,10.0,11.0,2.79,0.0,0.0,0.0,3586.0,0.0,0.0,0.0,0.0,3263.0,1902.0,1361.0,6849.0,11.0,11.0,14.0,8.08,1926.0,1039.0,887.0,8775.0,8.0,8.0,9.0,9.02,3182.0,2288.0,894.0,11957.0,9.0,9.0,9.0,10.07,2380.0,1299.0,1081.0,14337.0,11.0,11.0,11.0,10.18,3031.0,1152.0,1879.0,17368.0,19.0,19.0,20.0,10.11,,,,,,,,,,,,,,,,,,,,,,,,,
11eb8870-7e21-4618-939b-601f46d2bb23,2025-11-30 12:56:41 UTC,False,17466.0,CFOP,Gan 12 UI Maglev,RandomForest,8916.0,17466.0,,,slow solves,custom_rules,,,,8.0,0.0,0.0,17466.0,71.0,71.0,79.0,4.07,6611.0,10855.0,2401.0,0.0,2401.0,2401.0,7.0,7.0,8.0,2.92,3831.0,1682.0,2149.0,6232.0,11.0,11.0,12.0,5.12,2850.0,1867.0,983.0,9082.0,8.0,8.0,10.0,8.14,2209.0,757.0,1452.0,11291.0,8.0,8.0,10.0,5.51,693.0,411.0,282.0,11984.0,5.0,5.0,5.0,17.73,2530.0,1023.0,1507.0,14514.0,13.0,13.0,15.0,8.63,2952.0,871.0,2081.0,17466.0,19.0,19.0,19.0,9.13,,,,,,,,,,,,,,,,,,,,,,,,,
359129e7-5991-4556-a600-44e804e85965,2025-11-30 12:57:11 UTC,False,16138.0,CFOP,Gan 12 UI Maglev,RandomForest,4706.0,16138.0,,,slow solves,custom_rules,,,,8.0,0.0,0.0,16138.0,60.0,60.0,75.0,3.72,7227.0,8911.0,1899.0,0.0,1899.0,1899.0,5.0,5.0,8.0,2.63,2047.0,1103.0,944.0,3946.0,7.0,7.0,8.0,7.42,1465.0,691.0,774.0,5411.0,8.0,8.0,9.0,10.34,3134.0,1668.0,1466.0,8545.0,12.0,12.0,16.0,8.19,2240.0,1442.0,798.0,10785.0,10.0,10.0,11.0,12.53,1937.0,744.0,1193.0,12722.0,8.0,8.0,8.0,6.71,3416.0,1579.0,1837.0,16138.0,11.0,11.0,15.0,5.99,,,,,,,,,,,,,,,,,,,,,,,,,
1adb570e-1c1b-445c-b946-fab7bb411ec9,2025-11-30 12:57:51 UTC,False,22387.0,CFOP,Gan 12 UI Maglev,RandomForest,10273.0,22387.0,,,slow solves,custom_rules,,,,8.0,0.0,0.0,22387.0,65.0,68.0,74.0,2.9,8886.0,13501.0,1773.0,0.0,1773.0,1773.0,7.0,7.0,8.0,3.95,6108.0,4357.0,1751.0,7881.0,8.0,8.0,9.0,4.57,5763.0,1326.0,4437.0,13644.0,14.0,15.0,15.0,3.16,2873.0,1007.0,1866.0,16517.0,9.0,9.0,9.0,4.82,419.0,201.0,218.0,16936.0,3.0,3.0,3.0,13.76,2904.0,932.0,1972.0,19840.0,10.0,11.0,12.0,5.07,2547.0,1063.0,1484.0,22387.0,15.0,16.0,18.0,10.11,,,,,,,,,,,,,,,,,,,,,,,,,
c1502a99-1c2e-40ca-97c6-a7c0cf9c60fd,2025-11-30 12:59:12 UTC,False,29219.0,CFOP,Gan 12 UI Maglev,RandomForest,3815.0,29219.0,,,slow solves,custom_rules,,,,8.0,0.0,0.0,29219.0,117.0,119.0,134.0,4.0,7326.0,21893.0,2225.0,0.0,2225.0,2225.0,7.0,7.0,7.0,3.15,2913.0,973.0,1940.0,5138.0,9.0,10.0,11.0,4.64,2715.0,1272.0,1443.0,7853.0,8.0,8.0,9.0,5.54,3690.0,1862.0,1828.0,11543.0,7.0,7.0,9.0,3.83,1135.0,443.0,692.0,12678.0,8.0,8.0,8.0,11.56,2156.0,1385.0,771.0,14834.0,9.0,9.0,11.0,11.67,14385.0,1391.0,12994.0,29219.0,69.0,70.0,79.0,5.31,,,,,,,,,,,,,,,,,,,,,,,,,
5a926ca7-be2c-4970-8458-95edb1dc9f56,2025-11-30 12:59:52 UTC,False,21379.0,CFOP,Gan 12 UI Maglev,RandomForest,7501.0,21379.0,,,slow solves,custom_rules,,,,8.0,0.0,0.0,21379.0,63.0,68.0,78.0,2.95,6193.0,14936.0,3744.0,0.0,3744.0,3994.0,7.0,8.0,8.0,1.87,1285.0,1060.0,225.0,5279.0,3.0,3.0,3.0,13.33,3093.0,757.0,2336.0,8372.0,8.0,8.0,10.0,3.42,1418.0,1200.0,218.0,9790.0,3.0,3.0,3.0,13.76,2648.0,1722.0,926.0,12438.0,9.0,9.0,10.0,9.72,6315.0,395.0,5920.0,18753.0,25.0,25.0,27.0,4.22,2626.0,1059.0,1567.0,21379.0,8.0,12.0,17.0,5.11,,,,,,,,,,,,,,,,,,,,,,,,,
3a22e964-6996-49e7-864e-74052520623f,2025-11-30 13:00:27 UTC,False,14457.0,CFOP,Gan 12 UI Maglev,RandomForest,9375.0,14457.0,,,slow solves,custom_rules,,,,8.0,0.0,0.0,14457.0,58.0,60.0,65.0,4.01,6492.0,7965.0,2167.0,0.0,2167.0,2167.0,9.0,9.0,10.0,4.15,1883.0,1633.0,250.0,4050.0,4.0,4.0,4.0,16.0,2172.0,1584.0,588.0,6222.0,8.0,8.0,9.0,13.61,2616.0,1078.0,1538.0,8838.0,7.0,7.0,7.0,4.55,1048.0,315.0,733.0,9886.0,7.0,7.0,8.0,9.55,1359.0,796.0,563.0,11245.0,9.0,9.0,9.0,15.99,3212.0,1086.0,2126.0,14457.0,14.0,16.0,18.0,6.59,,,,,,,,,,,,,,,,,,,,,,,,,
f290e31d-0fab-46ed-b5ef-1849db4ec43b,2025-11-30 13:01:07 UTC,False,15503.0,CFOP,Gan 12 UI Maglev,RandomForest,12197.0,15503.0,,,slow solves,custom_rules,,,,8.0,0.0,0.0,15503.0,63.0,64.0,74.0,4.06,6756.0,8747.0,1361.0,0.0,1361.0,1361.0,5.0,6.0,6.0,3.67,1751.0,664.0,1087.0,3112.0,8.0,8.0,9.0,7.36,1608.0,440.0,1168.0,4720.0,8.0,8.0,9.0,6.85,3247.0,1660.0,1587.0,7967.0,8.0,8.0,11.0,5.04,2326.0,1504.0,822.0,10293.0,7.0,7.0,9.0,8.52,1948.0,909.0,1039.0,12241.0,9.0,9.0,12.0,8.66,3262.0,1579.0,1683.0,15503.0,18.0,18.0,18.0,10.7,,,,,,,,,,,,,,,,,,,,,,,,,
474624c4-b6e7-4a6f-b0be-fa969da36d4b,2025-11-30 13:01:45 UTC,False,19817.0,CFOP,Gan 12 UI Maglev,RandomForest,10069.0,19817.0,,,slow solves,custom_rules,,,,8.0,0.0,0.0,19817.0,76.0,76.0,85.0,3.84,9199.0,10618.0,1499.0,0.0,1499.0,1499.0,8.0,8.0,8.0,5.34,2948.0,2006.0,942.0,4447.0,6.0,6.0,7.0,6.37,3512.0,1929.0,1583.0,7959.0,11.0,11.0,14.0,6.95,2830.0,1976.0,854.0,10789.0,7.0,7.0,7.0,8.2,2862.0,1104.0,1758.0,13651.0,12.0,12.0,14.0,6.83,3233.0,1298.0,1935.0,16884.0,13.0,13.0,15.0,6.72,2933.0,886.0,2047.0,19817.0,19.0,19.0,20.0,9.28,,,,,,,,,,,,,,,,,,,,,,,,,
9e981dfb-e7fa-4700-872d-4ddf0fdd514d,2025-11-30 13:02:56 UTC,False,52545.0,CFOP,Gan 12 UI Maglev,RandomForest,6978.0,52545.0,,,slow solves,custom_rules,,,,8.0,0.0,0.0,52545.0,149.0,154.0,175.0,2.84,4881.0,47664.0,18211.0,0.0,18211.0,18211.0,42.0,44.0,52.0,2.31,0.0,0.0,0.0,18211.0,0.0,0.0,0.0,0.0,0.0,0.0,0.0,18211.0,0.0,0.0,0.0,0.0,1598.0,753.0,845.0,19809.0,7.0,7.0,7.0,8.28,1635.0,1426.0,209.0,21444.0,3.0,3.0,3.0,14.35,1973.0,854.0,1119.0,23417.0,10.0,11.0,11.0,8.94,29128.0,1848.0,27280.0,52545.0,87.0,89.0,102.0,3.19,,,,,,,,,,,,,,,,,,,,,,,,,
44d05458-6138-4f13-abd6-c7cfcd6533e4,2025-11-30 13:03:29 UTC,False,15680.0,CFOP,Gan 12 UI Maglev,RandomForest,9920.0,15680.0,,,slow solves,custom_rules,,,,8.0,0.0,0.0,15680.0,60.0,65.0,80.0,3.83,6433.0,9247.0,2126.0,0.0,2126.0,2126.0,8.0,8.0,9.0,3.76,1676.0,709.0,967.0,3802.0,6.0,7.0,7.0,6.2,2030.0,966.0,1064.0,5832.0,7.0,7.0,8.0,6.58,2167.0,1425.0,742.0,7999.0,9.0,9.0,11.0,12.13,2182.0,862.0,1320.0,10181.0,11.0,11.0,12.0,8.33,1915.0,948.0,967.0,12096.0,10.0,10.0,10.0,10.34,3584.0,1523.0,2061.0,15680.0,9.0,13.0,23.0,4.37,,,,,,,,,,,,,,,,,,,,,,,,,
e4e5435c-ee9f-4f6e-b42a-221d8d73a879,2025-11-30 13:04:03 UTC,False,15750.0,CFOP,Gan 12 UI Maglev,RandomForest,8808.0,15750.0,,,slow solves,custom_rules,,,,8.0,0.0,0.0,15750.0,59.0,60.0,72.0,3.75,7512.0,8238.0,951.0,0.0,951.0,951.0,4.0,4.0,6.0,4.21,3614.0,2421.0,1193.0,4565.0,8.0,8.0,8.0,6.71,1600.0,302.0,1298.0,6165.0,8.0,8.0,10.0,6.16,1418.0,1160.0,258.0,7583.0,4.0,4.0,5.0,15.5,2903.0,1460.0,1443.0,10486.0,9.0,9.0,10.0,6.24,2810.0,887.0,1923.0,13296.0,13.0,13.0,16.0,6.76,2454.0,1282.0,1172.0,15750.0,13.0,14.0,17.0,11.09,,,,,,,,,,,,,,,,,,,,,,,,,
441c84cf-6ea5-45a4-b96e-dc2e2d16a32e,2025-11-30 13:04:38 UTC,False,20578.0,CFOP,Gan 12 UI Maglev,RandomForest,4013.0,20578.0,,,slow solves,custom_rules,,,,8.0,0.0,0.0,20578.0,75.0,78.0,86.0,3.64,7882.0,12696.0,1289.0,0.0,1289.0,1289.0,5.0,5.0,6.0,3.88,1877.0,845.0,1032.0,3166.0,6.0,7.0,7.0,5.81,6716.0,1292.0,5424.0,9882.0,22.0,22.0,25.0,4.06,2773.0,1890.0,883.0,12655.0,8.0,8.0,9.0,9.06,1169.0,379.0,790.0,13824.0,7.0,7.0,7.0,8.86,2110.0,876.0,1234.0,15934.0,12.0,12.0,13.0,9.72,4644.0,2600.0,2044.0,20578.0,15.0,17.0,19.0,7.34,,,,,,,,,,,,,,,,,,,,,,,,,
f02ac4bf-c88a-482e-b346-e9cb1c7b3fe8,2025-11-30 13:05:35 UTC,False,21805.0,CFOP,Gan 12 UI Maglev,RandomForest,21325.0,21805.0,,,slow solves,custom_rules,,,,8.0,0.0,0.0,21805.0,71.0,73.0,83.0,3.26,8911.0,12894.0,3825.0,0.0,3825.0,3825.0,9.0,9.0,11.0,2.35,2706.0,1860.0,846.0,6531.0,6.0,7.0,8.0,7.09,5516.0,1999.0,3517.0,12047.0,15.0,15.0,17.0,4.26,2555.0,1170.0,1385.0,14602.0,7.0,7.0,8.0,5.05,2542.0,1938.0,604.0,17144.0,8.0,8.0,8.0,13.25,1768.0,661.0,1107.0,18912.0,12.0,12.0,12.0,10.84,2893.0,1283.0,1610.0,21805.0,14.0,15.0,19.0,8.7,,,,,,,,,,,,,,,,,,,,,,,,,
56825143-18e8-4717-83f2-9902ff346362,2025-11-30 13:06:17 UTC,False,21315.0,CFOP,Gan 12 UI Maglev,RandomForest,12119.0,21315.0,,,slow solves,custom_rules,,,,8.0,0.0,0.0,21315.0,65.0,75.0,89.0,3.05,7110.0,14205.0,2106.0,0.0,2106.0,2106.0,9.0,9.0,10.0,4.27,2714.0,2360.0,354.0,4820.0,3.0,3.0,3.0,8.47,4158.0,1153.0,3005.0,8978.0,9.0,9.0,10.0,3.0,2409.0,830.0,1579.0,11387.0,8.0,8.0,9.0,5.07,1556.0,653.0,903.0,12943.0,9.0,9.0,10.0,9.97,1926.0,1282.0,644.0,14869.0,8.0,8.0,9.0,12.42,6446.0,832.0,5614.0,21315.0,19.0,29.0,38.0,3.38,,,,,,,,,,,,,,,,,,,,,,,,,
d43bf81e-84d1-4f9b-a5d4-140ce51fe878,2025-11-30 13:06:53 UTC,False,18059.0,CFOP,Gan 12 UI Maglev,RandomForest,5765.0,18059.0,,,slow solves,custom_rules,,,,8.0,0.0,0.0,18059.0,69.0,69.0,79.0,3.82,8502.0,9557.0,1410.0,0.0,1410.0,1410.0,6.0,6.0,7.0,4.26,2489.0,1119.0,1370.0,3899.0,7.0,7.0,7.0,5.11,2772.0,1964.0,808.0,6671.0,5.0,5.0,6.0,6.19,1841.0,1124.0,717.0,8512.0,8.0,8.0,9.0,11.16,3575.0,1505.0,2070.0,12087.0,12.0,12.0,13.0,5.8,2852.0,1619.0,1233.0,14939.0,14.0,14.0,16.0,11.35,3120.0,1171.0,1949.0,18059.0,17.0,17.0,21.0,8.72,,,,,,,,,,,,,,,,,,,,,,,,,
58eaac46-a1c8-4bfe-94fb-f15efd6be2b9,2025-11-30 13:08:00 UTC,False,25582.0,CFOP,Gan 12 UI Maglev,RandomForest,16943.0,25582.0,,,slow solves,custom_rules,,,,8.0,0.0,0.0,25582.0,74.0,80.0,93.0,2.89,12187.0,13395.0,3840.0,0.0,3840.0,3840.0,11.0,12.0,14.0,2.86,932.0,562.0,370.0,4772.0,4.0,4.0,4.0,10.81,4120.0,3016.0,1104.0,8892.0,8.0,8.0,9.0,7.25,1760.0,713.0,1047.0,10652.0,8.0,8.0,9.0,7.64,2524.0,1129.0,1395.0,13176.0,9.0,9.0,10.0,6.45,1790.0,894.0,896.0,14966.0,10.0,10.0,10.0,11.16,10616.0,5873.0,4743.0,25582.0,24.0,29.0,37.0,5.06,,,,,,,,,,,,,,,,,,,,,,,,,
555d7096-08f5-45b1-ac1e-8dc32500ca14,2025-11-30 13:08:35 UTC,False,16623.0,CFOP,Gan 12 UI Maglev,RandomForest,7276.0,16623.0,,,slow solves,custom_rules,,,,8.0,0.0,0.0,16623.0,67.0,67.0,74.0,4.03,8368.0,8255.0,2586.0,0.0,2586.0,2586.0,7.0,7.0,8.0,2.71,1901.0,1385.0,516.0,4487.0,8.0,8.0,8.0,15.5,1406.0,1172.0,234.0,5893.0,4.0,4.0,4.0,17.09,2897.0,1080.0,1817.0,8790.0,11.0,11.0,12.0,6.05,2559.0,1584.0,975.0,11349.0,12.0,12.0,13.0,12.31,1691.0,732.0,959.0,13040.0,13.0,13.0,13.0,13.56,3583.0,2415.0,1168.0,16623.0,12.0,12.0,16.0,10.27,,,,,,,,,,,,,,,,,,,,,,,,,
884f99cc-6764-4471-927d-f861f55a1cbf,2025-11-30 13:09:06 UTC,False,14072.0,CFOP,Gan 12 UI Maglev,RandomForest,7663.0,14072.0,,,slow solves,custom_rules,,,,8.0,0.0,0.0,14072.0,70.0,70.0,78.0,4.97,5490.0,8582.0,1507.0,0.0,1507.0,1507.0,7.0,7.0,8.0,4.64,2451.0,886.0,1565.0,3958.0,7.0,7.0,8.0,4.47,1721.0,771.0,950.0,5679.0,8.0,8.0,10.0,8.42,2385.0,814.0,1571.0,8064.0,12.0,12.0,14.0,7.64,1305.0,451.0,854.0,9369.0,12.0,12.0,12.0,14.05,1933.0,1257.0,676.0,11302.0,7.0,7.0,7.0,10.36,2770.0,1311.0,1459.0,14072.0,17.0,17.0,19.0,11.65,,,,,,,,,,,,,,,,,,,,,,,,,
d62c2c3f-2d44-40b5-b316-436fe4669f89,2025-11-30 13:10:02 UTC,False,33991.0,CFOP,Gan 12 UI Maglev,RandomForest,11465.0,33991.0,,,slow solves,custom_rules,,,,8.0,0.0,0.0,33991.0,116.0,119.0,137.0,3.41,8031.0,25960.0,3070.0,0.0,3070.0,3070.0,9.0,9.0,11.0,2.93,3522.0,1386.0,2136.0,6592.0,9.0,9.0,11.0,4.21,2443.0,1323.0,1120.0,9035.0,8.0,8.0,10.0,7.14,4222.0,724.0,3498.0,13257.0,15.0,15.0,17.0,4.29,2459.0,1830.0,629.0,15716.0,9.0,9.0,11.0,14.31,2046.0,957.0,1089.0,17762.0,10.0,11.0,12.0,9.18,16229.0,1811.0,14418.0,33991.0,56.0,58.0,65.0,3.88,,,,,,,,,,,,,,,,,,,,,,,,,
bca9482c-68e0-4ea8-8b60-6dcbdbd19d9c,2025-11-30 13:10:36 UTC,False,17999.0,CFOP,Gan 12 UI Maglev,RandomForest,6261.0,17999.0,,,slow solves,custom_rules,,,,8.0,0.0,0.0,17999.0,69.0,78.0,96.0,3.83,8793.0,9206.0,1780.0,0.0,1780.0,1780.0,6.0,6.0,7.0,3.37,2236.0,1048.0,1188.0,4016.0,9.0,10.0,11.0,7.58,2583.0,2092.0,491.0,6599.0,8.0,8.0,8.0,16.29,3847.0,2377.0,1470.0,10446.0,10.0,10.0,13.0,6.8,2541.0,1308.0,1233.0,12987.0,11.0,11.0,11.0,8.92,1615.0,826.0,789.0,14602.0,10.0,11.0,11.0,12.67,3397.0,1142.0,2255.0,17999.0,15.0,22.0,35.0,6.65,,,,,,,,,,,,,,,,,,,,,,,,,
4afa119e-a8b3-462a-b8ba-43c7bd7dc67c,2025-11-30 13:11:12 UTC,False,14807.0,CFOP,Gan 12 UI Maglev,RandomForest,5837.0,14807.0,,,slow solves,custom_rules,,,,8.0,0.0,0.0,14807.0,55.0,56.0,67.0,3.71,7231.0,7174.0,2296.0,0.0,2296.0,2698.0,7.0,7.0,9.0,3.05,2696.0,2181.0,515.0,5394.0,6.0,6.0,8.0,11.65,2384.0,1530.0,854.0,7778.0,8.0,8.0,9.0,9.37,1301.0,625.0,676.0,9079.0,7.0,7.0,8.0,10.36,1842.0,773.0,1069.0,10921.0,8.0,8.0,10.0,7.48,1969.0,1204.0,765.0,12890.0,10.0,11.0,11.0,13.07,1917.0,918.0,999.0,14807.0,9.0,9.0,12.0,9.01,,,,,,,,,,,,,,,,,,,,,,,,,
b163dc27-2d13-4c82-a03a-7ba53349dbcb,2025-11-30 13:11:49 UTC,False,18215.0,CFOP,Gan 12 UI Maglev,RandomForest,7400.0,18215.0,,,slow solves,custom_rules,,,,8.0,0.0,0.0,18215.0,79.0,81.0,88.0,4.34,4599.0,13616.0,1574.0,0.0,1574.0,1574.0,8.0,8.0,8.0,5.08,4373.0,507.0,3866.0,5947.0,17.0,18.0,19.0,4.4,1455.0,451.0,1004.0,7402.0,7.0,7.0,7.0,6.97,4786.0,612.0,4174.0,12188.0,17.0,17.0,19.0,4.07,1841.0,951.0,890.0,14029.0,7.0,7.0,8.0,7.87,1596.0,830.0,766.0,15625.0,9.0,9.0,9.0,11.75,2590.0,1248.0,1342.0,18215.0,14.0,15.0,18.0,10.43,,,,,,,,,,,,,,,,,,,,,,,,,
aff4ee13-ccc9-45dd-b940-d96c3151972d,2025-11-30 13:12:23 UTC,False,16104.0,CFOP,Gan 12 UI Maglev,RandomForest,7717.0,16104.0,,,slow solves,custom_rules,,,,8.0,0.0,0.0,16104.0,60.0,62.0,70.0,3.73,1440.0,14664.0,8408.0,0.0,8408.0,8408.0,32.0,32.0,33.0,3.81,0.0,0.0,0.0,8408.0,0.0,0.0,0.0,0.0,5219.0,1016.0,4203.0,13627.0,18.0,20.0,23.0,4.28,2477.0,424.0,2053.0,16104.0,11.0,11.0,14.0,5.36,0.0,0.0,0.0,16104.0,0.0,0.0,0.0,0.0,0.0,0.0,0.0,16104.0,0.0,0.0,0.0,0.0,0.0,0.0,0.0,16104.0,0.0,0.0,0.0,0.0,,,,,,,,,,,,,,,,,,,,,,,,,
d9f9adeb-01e2-4b0e-ad72-dbdbd8368187,2025-11-30 13:13:01 UTC,False,20883.0,CFOP,Gan 12 UI Maglev,RandomForest,8051.0,20883.0,,,slow solves,custom_rules,,,,8.0,0.0,0.0,20883.0,72.0,73.0,81.0,3.45,5662.0,15181.0,4766.0,0.0,4766.0,4806.0,7.0,7.0,8.0,1.47,3802.0,2650.0,1152.0,8608.0,8.0,8.0,10.0,6.94,2245.0,886.0,1359.0,10853.0,8.0,8.0,9.0,5.89,3003.0,394.0,2609.0,13856.0,18.0,19.0,19.0,6.9,4281.0,290.0,3991.0,18137.0,18.0,18.0,20.0,4.51,2013.0,709.0,1304.0,20150.0,12.0,12.0,13.0,9.2,733.0,733.0,0.0,20883.0,1.0,1.0,2.0,,,,,,,,,,,,,,,,,,,,,,,,,,
c6a1e839-5608-4c35-8a85-659751fbd4ff,2025-11-30 13:13:43 UTC,False,21549.0,CFOP,Gan 12 UI Maglev,RandomForest,8439.0,21549.0,,,slow solves,custom_rules,,,,8.0,0.0,0.0,21549.0,73.0,75.0,83.0,3.39,8044.0,13505.0,2875.0,0.0,2875.0,2875.0,9.0,9.0,11.0,3.13,3273.0,1999.0,1274.0,6148.0,9.0,9.0,9.0,7.06,5689.0,1394.0,4295.0,11837.0,13.0,13.0,14.0,3.03,2086.0,1401.0,685.0,13923.0,8.0,8.0,10.0,11.68,3256.0,1282.0,1974.0,17179.0,11.0,13.0,14.0,5.57,1636.0,967.0,669.0,18815.0,7.0,7.0,8.0,10.46,2734.0,1001.0,1733.0,21549.0,16.0,16.0,17.0,9.23,,,,,,,,,,,,,,,,,,,,,,,,,
24b5eca8-2d08-48f1-b07d-10d5ab7321c4,2025-11-30 13:14:25 UTC,False,15629.0,CFOP,Gan 12 UI Maglev,RandomForest,9526.0,15629.0,,,slow solves,custom_rules,,,,8.0,0.0,0.0,15629.0,63.0,67.0,78.0,4.03,5277.0,10135.0,2651.0,0.0,2651.0,2868.0,7.0,10.0,14.0,2.64,0.0,0.0,0.0,2868.0,0.0,0.0,0.0,0.0,3790.0,662.0,3128.0,6658.0,13.0,13.0,14.0,4.16,1618.0,1072.0,546.0,8276.0,8.0,8.0,9.0,14.65,2700.0,1023.0,1677.0,10976.0,11.0,11.0,13.0,6.56,2044.0,1214.0,830.0,13020.0,10.0,11.0,12.0,12.05,2609.0,1306.0,1303.0,15629.0,14.0,14.0,16.0,10.74,,,,,,,,,,,,,,,,,,,,,,,,,
ed03e36a-397c-4301-85a0-16693d0dac09,2025-11-30 13:15:00 UTC,False,20217.0,CFOP,Gan 12 UI Maglev,RandomForest,4190.0,20217.0,,,slow solves,custom_rules,,,,8.0,0.0,0.0,20217.0,67.0,75.0,84.0,3.31,6995.0,13028.0,7058.0,0.0,7058.0,7252.0,17.0,21.0,22.0,2.41,0.0,0.0,0.0,7252.0,0.0,0.0,0.0,0.0,3420.0,698.0,2722.0,10672.0,14.0,14.0,15.0,5.14,2850.0,2616.0,234.0,13522.0,4.0,4.0,4.0,17.09,1926.0,975.0,951.0,15448.0,12.0,12.0,13.0,12.62,2248.0,1257.0,991.0,17696.0,12.0,12.0,13.0,12.11,2521.0,1449.0,1072.0,20217.0,8.0,12.0,17.0,7.46,,,,,,,,,,,,,,,,,,,,,,,,,
004ce794-ea46-4a8e-9217-56de54ad03fc,2025-11-30 13:15:46 UTC,False,20432.0,CFOP,Gan 12 UI Maglev,RandomForest,13033.0,20432.0,,,slow solves,custom_rules,,,,8.0,0.0,0.0,20432.0,72.0,72.0,81.0,3.52,4480.0,15952.0,11273.0,0.0,11273.0,11273.0,29.0,29.0,32.0,2.57,0.0,0.0,0.0,11273.0,0.0,0.0,0.0,0.0,0.0,0.0,0.0,11273.0,0.0,0.0,0.0,0.0,1514.0,685.0,829.0,12787.0,7.0,7.0,8.0,8.44,2094.0,1329.0,765.0,14881.0,8.0,8.0,9.0,10.46,2762.0,1483.0,1279.0,17643.0,13.0,13.0,14.0,10.16,2789.0,983.0,1806.0,20432.0,15.0,15.0,18.0,8.31,,,,,,,,,,,,,,,,,,,,,,,,,
fd7041d5-7479-4075-b252-aab0a7476592,2025-11-30 13:16:23 UTC,False,17339.0,CFOP,Gan 12 UI Maglev,RandomForest,10655.0,17339.0,,,slow solves,custom_rules,,,,8.0,0.0,0.0,17339.0,57.0,58.0,67.0,3.29,9479.0,7860.0,1774.0,0.0,1774.0,1774.0,7.0,7.0,9.0,3.95,3109.0,2070.0,1039.0,4883.0,7.0,7.0,7.0,6.74,2419.0,1379.0,1040.0,7302.0,5.0,5.0,6.0,4.81,1032.0,637.0,395.0,8334.0,3.0,3.0,3.0,7.59,2095.0,1418.0,677.0,10429.0,7.0,7.0,9.0,10.34,3103.0,2071.0,1032.0,13532.0,11.0,12.0,13.0,10.66,3807.0,1904.0,1903.0,17339.0,17.0,17.0,20.0,8.93,,,,,,,,,,,,,,,,,,,,,,,,,
890288cb-a4b5-45e7-9a30-645faab2f2ae,2025-11-30 13:17:05 UTC,False,20650.0,CFOP,Gan 12 UI Maglev,RandomForest,8658.0,20650.0,,,slow solves,custom_rules,,,,8.0,0.0,0.0,20650.0,70.0,72.0,80.0,3.39,9914.0,10736.0,1289.0,0.0,1289.0,1289.0,7.0,7.0,8.0,5.43,3673.0,345.0,3328.0,4962.0,9.0,10.0,10.0,2.7,2943.0,1524.0,1419.0,7905.0,7.0,7.0,7.0,4.93,2570.0,1982.0,588.0,10475.0,5.0,5.0,6.0,8.5,2359.0,1714.0,645.0,12834.0,8.0,8.0,8.0,12.4,2447.0,1240.0,1207.0,15281.0,14.0,14.0,16.0,11.6,5369.0,3109.0,2260.0,20650.0,20.0,21.0,25.0,8.85,,,,,,,,,,,,,,,,,,,,,,,,,
6f439589-81eb-4659-b0e2-69516c9b8eb9,2025-11-30 13:17:46 UTC,False,24798.0,CFOP,Gan 12 UI Maglev,RandomForest,4438.0,24798.0,,,slow solves,custom_rules,,,,8.0,0.0,0.0,24798.0,72.0,72.0,86.0,2.9,10440.0,14358.0,4262.0,0.0,4262.0,4262.0,8.0,8.0,10.0,1.88,3315.0,3057.0,258.0,7577.0,3.0,3.0,3.0,11.63,1659.0,886.0,773.0,9236.0,8.0,8.0,9.0,10.35,6400.0,1899.0,4501.0,15636.0,15.0,15.0,18.0,3.33,2506.0,1539.0,967.0,18142.0,8.0,8.0,9.0,8.27,3149.0,1843.0,1306.0,21291.0,10.0,10.0,15.0,7.66,3507.0,1216.0,2291.0,24798.0,20.0,20.0,22.0,8.73,,,,,,,,,,,,,,,,,,,,,,,,,
dd8c649d-1386-4f09-bcbd-0a497da52cb6,2025-11-30 13:18:29 UTC,False,28382.0,CFOP,Gan 12 UI Maglev,RandomForest,4688.0,28382.0,,,slow solves,custom_rules,,,,8.0,0.0,0.0,28382.0,62.0,65.0,78.0,2.18,15789.0,12593.0,6744.0,0.0,6744.0,6744.0,8.0,10.0,17.0,1.19,1837.0,1603.0,234.0,8581.0,4.0,4.0,5.0,17.09,4691.0,4474.0,217.0,13272.0,3.0,3.0,3.0,13.82,2216.0,1314.0,902.0,15488.0,8.0,8.0,8.0,8.87,3577.0,3005.0,572.0,19065.0,9.0,9.0,9.0,15.73,2404.0,779.0,1625.0,21469.0,13.0,13.0,16.0,8.0,6913.0,4614.0,2299.0,28382.0,17.0,18.0,20.0,7.39,,,,,,,,,,,,,,,,,,,,,,,,,
ce9b03b2-24ba-47e6-9f70-7c713b20b0b5,2025-11-30 13:19:05 UTC,False,19313.0,CFOP,Gan 12 UI Maglev,RandomForest,6578.0,19313.0,,,slow solves,custom_rules,,,,8.0,0.0,0.0,19313.0,72.0,73.0,83.0,3.73,8951.0,10289.0,3092.0,0.0,3092.0,3165.0,13.0,14.0,15.0,4.2,4652.0,3411.0,1241.0,7817.0,8.0,8.0,10.0,6.45,1893.0,1490.0,403.0,9710.0,6.0,6.0,7.0,14.89,2196.0,1131.0,1065.0,11906.0,7.0,7.0,8.0,6.57,2008.0,1354.0,654.0,13914.0,8.0,8.0,8.0,12.23,2745.0,347.0,2398.0,16659.0,20.0,20.0,21.0,8.34,2654.0,1218.0,1436.0,19313.0,10.0,10.0,14.0,6.96,,,,,,,,,,,,,,,,,,,,,,,,,
03cae3bc-9735-4620-8ac2-47c9dfb8a97f,2025-11-30 13:19:53 UTC,False,16928.0,CFOP,Gan 12 UI Maglev,RandomForest,22817.0,16928.0,,,slow solves,custom_rules,,,,8.0,0.0,0.0,16928.0,62.0,70.0,82.0,3.66,7656.0,9199.0,734.0,0.0,734.0,807.0,3.0,3.0,4.0,4.09,3451.0,370.0,3081.0,4258.0,13.0,14.0,15.0,4.22,1779.0,1432.0,347.0,6037.0,6.0,6.0,7.0,17.29,1743.0,1066.0,677.0,7780.0,8.0,8.0,10.0,11.82,3073.0,2356.0,717.0,10853.0,8.0,8.0,10.0,11.16,2328.0,848.0,1480.0,13181.0,10.0,11.0,11.0,6.76,3747.0,1584.0,2163.0,16928.0,14.0,20.0,25.0,6.47,,,,,,,,,,,,,,,,,,,,,,,,,
98aaa7ae-514a-4d11-a455-56bae905f257,2025-11-30 13:20:35 UTC,False,22346.0,CFOP,Gan 12 UI Maglev,RandomForest,8438.0,22346.0,,,slow solves,custom_rules,,,,8.0,0.0,0.0,22346.0,62.0,70.0,86.0,2.77,6039.0,16307.0,3399.0,0.0,3399.0,3399.0,6.0,6.0,7.0,1.77,1269.0,988.0,281.0,4668.0,4.0,4.0,5.0,14.23,2696.0,1367.0,1329.0,7364.0,8.0,8.0,10.0,6.02,4940.0,1279.0,3661.0,12304.0,12.0,12.0,13.0,3.28,1143.0,435.0,708.0,13447.0,7.0,7.0,8.0,9.89,1853.0,990.0,863.0,15300.0,10.0,11.0,12.0,11.59,7046.0,980.0,6066.0,22346.0,15.0,22.0,31.0,2.47,,,,,,,,,,,,,,,,,,,,,,,,,
45e83bfa-ffb3-400a-b302-9eeac0611d02,2025-11-30 13:21:10 UTC,False,19335.0,CFOP,Gan 12 UI Maglev,RandomForest,4422.0,19335.0,,,slow solves,custom_rules,,,,8.0,0.0,0.0,19335.0,68.0,71.0,80.0,3.52,9204.0,10131.0,2029.0,0.0,2029.0,2029.0,6.0,6.0,7.0,2.96,5904.0,3756.0,2148.0,7933.0,13.0,13.0,16.0,6.05,1666.0,844.0,822.0,9599.0,8.0,8.0,8.0,9.73,1399.0,714.0,685.0,10998.0,8.0,8.0,9.0,11.68,2180.0,1108.0,1072.0,13178.0,8.0,8.0,10.0,7.46,2479.0,1431.0,1048.0,15657.0,10.0,11.0,11.0,9.54,3678.0,1351.0,2327.0,19335.0,15.0,17.0,19.0,6.45,,,,,,,,,,,,,,,,,,,,,,,,,
18cb1772-790b-4b85-9345-18e3941a1ca9,2025-11-30 13:21:53 UTC,False,27251.0,CFOP,Gan 12 UI Maglev,RandomForest,4615.0,27251.0,,,slow solves,custom_rules,,,,8.0,0.0,0.0,27251.0,70.0,71.0,82.0,2.57,8180.0,19071.0,10936.0,0.0,10936.0,10936.0,12.0,12.0,16.0,1.1,3668.0,1180.0,2488.0,14604.0,6.0,6.0,7.0,2.41,2107.0,1278.0,829.0,16711.0,8.0,8.0,8.0,9.65,2109.0,1384.0,725.0,18820.0,7.0,7.0,7.0,9.66,2061.0,1063.0,998.0,20881.0,8.0,8.0,11.0,8.02,1448.0,812.0,636.0,22329.0,9.0,9.0,9.0,14.15,4922.0,2463.0,2459.0,27251.0,20.0,21.0,24.0,8.13,,,,,,,,,,,,,,,,,,,,,,,,,
60bea619-cacf-4af9-ae55-37a83b00993a,2025-11-30 13:22:23 UTC,False,17869.0,CFOP,Gan 12 UI Maglev,RandomForest,2986.0,17869.0,,,slow solves,custom_rules,,,,8.0,0.0,0.0,17869.0,67.0,67.0,82.0,3.75,8338.0,9531.0,1863.0,0.0,1863.0,1863.0,7.0,7.0,9.0,3.76,4278.0,3440.0,838.0,6141.0,6.0,6.0,8.0,7.16,2380.0,838.0,1542.0,8521.0,11.0,11.0,13.0,7.13,1416.0,644.0,772.0,9937.0,6.0,6.0,6.0,7.77,2714.0,1876.0,838.0,12651.0,11.0,11.0,12.0,13.13,2730.0,597.0,2133.0,15381.0,10.0,10.0,16.0,4.69,2488.0,943.0,1545.0,17869.0,16.0,16.0,18.0,10.36,,,,,,,,,,,,,,,,,,,,,,,,,
5d414733-fc2b-49cb-83b5-a5e6434ba730,2025-11-30 13:23:03 UTC,False,16363.0,CFOP,Gan 12 UI Maglev,RandomForest,10865.0,16363.0,,,slow solves,custom_rules,,,,8.0,0.0,0.0,16363.0,58.0,60.0,72.0,3.54,6714.0,9649.0,1513.0,0.0,1513.0,1513.0,6.0,6.0,6.0,3.97,1507.0,645.0,862.0,3020.0,5.0,5.0,7.0,5.8,2851.0,967.0,1884.0,5871.0,8.0,8.0,9.0,4.25,2128.0,1499.0,629.0,7999.0,3.0,3.0,4.0,4.77,1330.0,523.0,807.0,9329.0,7.0,7.0,8.0,8.67,2910.0,1210.0,1700.0,12239.0,13.0,13.0,18.0,7.65,4124.0,1870.0,2254.0,16363.0,16.0,18.0,20.0,7.1,,,,,,,,,,,,,,,,,,,,,,,,,
1d7ba265-7f05-454d-91e6-ad6f1f4dfdeb,2025-11-30 13:23:51 UTC,False,26259.0,CFOP,Gan 12 UI Maglev,RandomForest,9407.0,26259.0,,,slow solves,custom_rules,,,,8.0,0.0,0.0,26259.0,75.0,76.0,82.0,2.86,7284.0,18975.0,1754.0,0.0,1754.0,1754.0,8.0,8.0,8.0,4.56,2328.0,854.0,1474.0,4082.0,8.0,8.0,9.0,5.43,2769.0,822.0,1947.0,6851.0,10.0,10.0,10.0,5.14,1861.0,1305.0,556.0,8712.0,8.0,8.0,9.0,14.39,4847.0,3150.0,1697.0,13559.0,8.0,8.0,9.0,4.71,0.0,0.0,0.0,13559.0,0.0,0.0,0.0,0.0,12700.0,1153.0,11547.0,26259.0,33.0,34.0,37.0,2.86,,,,,,,,,,,,,,,,,,,,,,,,,
c009c456-4fe4-4084-9c41-66c659b6cc30,2025-11-30 13:24:56 UTC,False,14365.0,CFOP,Gan 12 UI Maglev,RandomForest,15988.0,14365.0,,,slow solves,custom_rules,,,,8.0,0.0,0.0,14365.0,60.0,67.0,81.0,4.18,6162.0,8203.0,1434.0,0.0,1434.0,1434.0,5.0,5.0,7.0,3.49,2254.0,1086.0,1168.0,3688.0,8.0,8.0,9.0,6.85,1956.0,812.0,1144.0,5644.0,8.0,8.0,9.0,6.99,1572.0,581.0,991.0,7216.0,7.0,7.0,8.0,7.06,1959.0,1411.0,548.0,9175.0,8.0,8.0,8.0,14.6,1941.0,1103.0,838.0,11116.0,13.0,13.0,14.0,15.51,3249.0,1169.0,2080.0,14365.0,12.0,19.0,26.0,5.77,,,,,,,,,,,,,,,,,,,,,,,,,
01531089-663e-4b63-bf67-d00aee45c52c,2025-11-30 13:25:37 UTC,False,16966.0,CFOP,Gan 12 UI Maglev,RandomForest,14204.0,16966.0,,,slow solves,custom_rules,,,,8.0,0.0,0.0,16966.0,79.0,81.0,90.0,4.66,4175.0,12791.0,1008.0,0.0,1008.0,1008.0,5.0,5.0,6.0,4.96,5373.0,804.0,4569.0,6381.0,15.0,15.0,18.0,3.28,863.0,97.0,766.0,7244.0,6.0,7.0,7.0,7.83,2287.0,532.0,1755.0,9531.0,10.0,10.0,10.0,5.7,1291.0,888.0,403.0,10822.0,8.0,8.0,8.0,19.85,2850.0,226.0,2624.0,13672.0,19.0,19.0,20.0,7.24,3294.0,1628.0,1666.0,16966.0,17.0,18.0,21.0,10.2,,,,,,,,,,,,,,,,,,,,,,,,,
e8062d13-5014-4c87-9edb-9d8ae9dc3656,2025-11-30 13:26:17 UTC,False,25839.0,CFOP,Gan 12 UI Maglev,RandomForest,4785.0,25839.0,,,slow solves,custom_rules,,,,8.0,0.0,0.0,25839.0,79.0,79.0,87.0,3.06,13370.0,12469.0,3088.0,0.0,3088.0,3088.0,9.0,9.0,11.0,2.91,4769.0,3770.0,999.0,7857.0,7.0,7.0,7.0,7.01,3865.0,1849.0,2016.0,11722.0,11.0,11.0,14.0,5.46,2878.0,2119.0,759.0,14600.0,8.0,8.0,11.0,10.54,2175.0,1176.0,999.0,16775.0,11.0,11.0,11.0,11.01,5083.0,2845.0,2238.0,21858.0,15.0,15.0,15.0,6.7,3981.0,1611.0,2370.0,25839.0,18.0,18.0,18.0,7.59,,,,,,,,,,,,,,,,,,,,,,,,,
8460f3f2-1252-4750-a522-302339511565,2025-11-30 13:26:47 UTC,False,14043.0,CFOP,Gan 12 UI Maglev,RandomForest,6574.0,14043.0,,,slow solves,custom_rules,,,,8.0,0.0,0.0,14043.0,58.0,64.0,81.0,4.13,5880.0,8082.0,813.0,0.0,813.0,894.0,4.0,4.0,6.0,4.92,2105.0,347.0,1758.0,2999.0,11.0,11.0,13.0,6.26,1467.0,346.0,1121.0,4466.0,8.0,9.0,10.0,7.14,1681.0,956.0,725.0,6147.0,5.0,6.0,6.0,6.9,2039.0,686.0,1353.0,8186.0,10.0,10.0,11.0,7.39,3212.0,2054.0,1158.0,11398.0,11.0,11.0,16.0,9.5,2645.0,1491.0,1154.0,14043.0,9.0,13.0,19.0,7.8,,,,,,,,,,,,,,,,,,,,,,,,,
b94d73db-a99e-4295-bdfd-1828f05b2c9c,2025-11-30 13:27:20 UTC,False,20036.0,CFOP,Gan 12 UI Maglev,RandomForest,3217.0,20036.0,,,slow solves,custom_rules,,,,8.0,0.0,0.0,20036.0,83.0,89.0,99.0,4.14,2412.0,17624.0,14512.0,0.0,14512.0,14512.0,50.0,55.0,63.0,3.45,0.0,0.0,0.0,14512.0,0.0,0.0,0.0,0.0,0.0,0.0,0.0,14512.0,0.0,0.0,0.0,0.0,0.0,0.0,0.0,14512.0,0.0,0.0,0.0,0.0,0.0,0.0,0.0,14512.0,0.0,0.0,0.0,0.0,2956.0,1302.0,1654.0,17468.0,17.0,17.0,17.0,10.28,2568.0,1110.0,1458.0,20036.0,16.0,17.0,19.0,10.97,,,,,,,,,,,,,,,,,,,,,,,,,
cc1961cc-c0fc-4c39-9c65-1282853a3a36,2025-11-30 13:28:02 UTC,False,20594.0,CFOP,Gan 12 UI Maglev,RandomForest,9104.0,20594.0,,,slow solves,custom_rules,,,,8.0,0.0,0.0,20594.0,67.0,69.0,88.0,3.25,6273.0,14321.0,5870.0,0.0,5870.0,5870.0,11.0,13.0,19.0,1.87,3543.0,2042.0,1501.0,9413.0,8.0,8.0,10.0,5.33,2980.0,185.0,2795.0,12393.0,11.0,11.0,12.0,3.94,2434.0,1669.0,765.0,14827.0,8.0,8.0,10.0,10.46,1167.0,490.0,677.0,15994.0,8.0,8.0,10.0,11.82,2392.0,1031.0,1361.0,18386.0,12.0,12.0,13.0,8.82,2208.0,856.0,1352.0,20594.0,10.0,10.0,14.0,7.4,,,,,,,,,,,,,,,,,,,,,,,,,
6f9dd1ab-f982-4b81-94b6-479d50bdb2ea,2025-11-30 13:28:38 UTC,False,17660.0,CFOP,Gan 12 UI Maglev,RandomForest,4371.0,17660.0,,,slow solves,custom_rules,,,,8.0,0.0,0.0,17660.0,73.0,74.0,79.0,4.13,7845.0,9815.0,1827.0,0.0,1827.0,1827.0,6.0,6.0,7.0,3.28,3456.0,2731.0,725.0,5283.0,9.0,9.0,10.0,12.41,2876.0,877.0,1999.0,8159.0,11.0,11.0,12.0,5.5,2143.0,1185.0,958.0,10302.0,8.0,9.0,9.0,8.35,1467.0,1193.0,274.0,11769.0,4.0,4.0,4.0,14.6,3628.0,1014.0,2614.0,15397.0,19.0,19.0,20.0,7.27,2263.0,845.0,1418.0,17660.0,16.0,16.0,17.0,11.28,,,,,,,,,,,,,,,,,,,,,,,,,
41547ac6-573f-49e4-80e7-b7157acc856a,2025-11-30 14:32:57 UTC,False,13224.0,CFOP,Gan 12 UI Maglev,RandomForest,35457.0,13224.0,,,gan12,custom_rules,,,,8.0,0.0,0.0,13224.0,58.0,59.0,69.0,4.39,5703.0,7521.0,1559.0,0.0,1559.0,1559.0,4.0,4.0,6.0,2.57,837.0,644.0,193.0,2396.0,4.0,4.0,5.0,20.73,1974.0,1491.0,483.0,4370.0,6.0,6.0,7.0,12.42,1014.0,563.0,451.0,5384.0,7.0,7.0,7.0,15.52,2637.0,991.0,1646.0,8021.0,11.0,11.0,13.0,6.68,3092.0,1144.0,1948.0,11113.0,12.0,13.0,14.0,6.16,2111.0,870.0,1241.0,13224.0,15.0,15.0,17.0,12.09,,,,,,,,,,,,,,,,,,,,,,,,,
2b751cfe-002d-460d-91b2-2875494275f5,2025-11-30 14:33:43 UTC,False,14159.0,CFOP,Gan 12 UI Maglev,RandomForest,21867.0,14159.0,,,gan12,custom_rules,,,,8.0,0.0,0.0,14159.0,52.0,59.0,75.0,3.67,3972.0,10187.0,5311.0,0.0,5311.0,5311.0,16.0,18.0,25.0,3.01,0.0,0.0,0.0,5311.0,0.0,0.0,0.0,0.0,0.0,0.0,0.0,5311.0,0.0,0.0,0.0,0.0,2061.0,500.0,1561.0,7372.0,13.0,15.0,15.0,8.33,2611.0,1708.0,903.0,9983.0,8.0,8.0,9.0,8.86,1584.0,795.0,789.0,11567.0,9.0,9.0,10.0,11.41,2592.0,969.0,1623.0,14159.0,7.0,11.0,16.0,4.31,,,,,,,,,,,,,,,,,,,,,,,,,
b4c768e3-6115-47ce-93c3-0c727a3e73ed,2025-11-30 14:34:26 UTC,False,19709.0,CFOP,Gan 12 UI Maglev,RandomForest,5931.0,19709.0,,,gan12,custom_rules,,,,8.0,0.0,0.0,19709.0,76.0,78.0,88.0,3.86,8117.0,11262.0,2479.0,0.0,2479.0,2809.0,10.0,10.0,11.0,4.03,2520.0,1255.0,1265.0,5329.0,8.0,8.0,9.0,6.32,1612.0,1133.0,479.0,6941.0,6.0,7.0,7.0,12.53,2831.0,1501.0,1330.0,9772.0,8.0,8.0,10.0,6.02,2656.0,1473.0,1183.0,12428.0,12.0,12.0,15.0,10.14,1844.0,790.0,1054.0,14272.0,13.0,13.0,13.0,12.33,5437.0,1965.0,3472.0,19709.0,19.0,20.0,23.0,5.47,,,,,,,,,,,,,,,,,,,,,,,,,
f97cbaa4-4446-476f-91b4-417830634f76,2025-11-30 14:35:11 UTC,False,23453.0,CFOP,Gan 12 UI Maglev,RandomForest,8224.0,23453.0,,,gan12,custom_rules,,,,8.0,0.0,0.0,23453.0,60.0,66.0,76.0,2.56,5242.0,18211.0,13970.0,0.0,13970.0,13970.0,24.0,26.0,27.0,1.72,0.0,0.0,0.0,13970.0,0.0,0.0,0.0,0.0,0.0,0.0,0.0,13970.0,0.0,0.0,0.0,0.0,3107.0,2117.0,990.0,17077.0,7.0,7.0,8.0,7.07,1644.0,959.0,685.0,18721.0,7.0,7.0,9.0,10.22,2770.0,1062.0,1708.0,21491.0,14.0,14.0,15.0,8.2,1962.0,1104.0,858.0,23453.0,8.0,12.0,17.0,9.32,,,,,,,,,,,,,,,,,,,,,,,,,
f17e155c-c8fd-452a-a170-a5828d4911d8,2025-11-30 14:35:45 UTC,False,14426.0,CFOP,Gan 12 UI Maglev,RandomForest,6509.0,14426.0,,,gan12,custom_rules,,,,8.0,0.0,0.0,14426.0,60.0,64.0,73.0,4.16,5760.0,8666.0,2126.0,0.0,2126.0,2126.0,6.0,6.0,7.0,2.82,1973.0,612.0,1361.0,4099.0,8.0,8.0,10.0,5.88,2446.0,1512.0,934.0,6545.0,8.0,8.0,8.0,8.57,1370.0,597.0,773.0,7915.0,5.0,6.0,6.0,6.47,1541.0,751.0,790.0,9456.0,8.0,8.0,9.0,10.13,2361.0,1354.0,1007.0,11817.0,11.0,13.0,15.0,10.92,2609.0,934.0,1675.0,14426.0,15.0,16.0,18.0,8.96,,,,,,,,,,,,,,,,,,,,,,,,,
a9ed5373-2af9-4fad-b248-ce9c504f9856,2025-11-30 14:36:29 UTC,False,19639.0,CFOP,Gan 12 UI Maglev,RandomForest,13774.0,19639.0,,,gan12,custom_rules,,,,8.0,0.0,0.0,19639.0,78.0,81.0,91.0,3.97,2794.0,16845.0,13273.0,0.0,13273.0,13273.0,44.0,46.0,54.0,3.32,0.0,0.0,0.0,13273.0,0.0,0.0,0.0,0.0,0.0,0.0,0.0,13273.0,0.0,0.0,0.0,0.0,0.0,0.0,0.0,13273.0,0.0,0.0,0.0,0.0,1553.0,693.0,860.0,14826.0,9.0,9.0,9.0,10.47,1591.0,661.0,930.0,16417.0,9.0,10.0,10.0,9.68,3222.0,1440.0,1782.0,19639.0,16.0,16.0,18.0,8.98,,,,,,,,,,,,,,,,,,,,,,,,,
ccab563c-6b4c-430c-b7c3-aed31e78af61,2025-11-30 14:37:18 UTC,False,26086.0,CFOP,Gan 12 UI Maglev,RandomForest,12018.0,26086.0,,,gan12,custom_rules,,,,8.0,0.0,0.0,26086.0,75.0,83.0,108.0,2.88,10140.0,15946.0,5853.0,0.0,5853.0,5853.0,11.0,13.0,24.0,1.88,4544.0,2637.0,1907.0,10397.0,10.0,11.0,11.0,5.24,2272.0,1039.0,1233.0,12669.0,12.0,12.0,12.0,9.73,3415.0,1861.0,1554.0,16084.0,12.0,12.0,13.0,7.72,2925.0,1563.0,1362.0,19009.0,9.0,9.0,10.0,6.61,2303.0,974.0,1329.0,21312.0,10.0,10.0,14.0,7.52,4774.0,2066.0,2708.0,26086.0,11.0,16.0,24.0,4.06,,,,,,,,,,,,,,,,,,,,,,,,,
f19d620e-69a7-493b-a3b3-dc5bf9e6b6a8,2025-11-30 14:38:18 UTC,False,15784.0,CFOP,Gan 12 UI Maglev,RandomForest,34836.0,15784.0,,,gan12,custom_rules,,,,8.0,0.0,0.0,15784.0,64.0,73.0,92.0,4.05,4899.0,10885.0,5310.0,0.0,5310.0,5310.0,20.0,22.0,23.0,3.77,0.0,0.0,0.0,5310.0,0.0,0.0,0.0,0.0,2237.0,1383.0,854.0,7547.0,8.0,8.0,9.0,9.37,1170.0,880.0,290.0,8717.0,5.0,5.0,5.0,17.24,1671.0,709.0,962.0,10388.0,8.0,8.0,9.0,8.32,1967.0,999.0,968.0,12355.0,8.0,8.0,10.0,8.26,3429.0,928.0,2501.0,15784.0,15.0,22.0,36.0,6.0,,,,,,,,,,,,,,,,,,,,,,,,,
41f50a9d-a332-468e-8620-ef6a2262b4fd,2025-11-30 14:38:49 UTC,False,13274.0,CFOP,Gan 12 UI Maglev,RandomForest,5656.0,13274.0,,,gan12,custom_rules,,,,8.0,0.0,0.0,13274.0,59.0,62.0,75.0,4.44,6133.0,7076.0,1071.0,0.0,1071.0,1136.0,4.0,4.0,7.0,3.73,2267.0,835.0,1432.0,3403.0,8.0,8.0,10.0,5.59,1257.0,645.0,612.0,4660.0,6.0,6.0,8.0,9.8,1060.0,464.0,596.0,5720.0,8.0,8.0,9.0,13.42,2141.0,1472.0,669.0,7861.0,7.0,7.0,8.0,10.46,2131.0,1068.0,1063.0,9992.0,11.0,13.0,15.0,10.35,3282.0,1649.0,1633.0,13274.0,15.0,16.0,18.0,9.19,,,,,,,,,,,,,,,,,,,,,,,,,
f9e66a78-c6b7-4a27-af81-e0b1d3006dfc,2025-11-30 14:39:24 UTC,False,17733.0,CFOP,Gan 12 UI Maglev,RandomForest,7563.0,17733.0,,,gan12,custom_rules,,,,8.0,0.0,0.0,17733.0,69.0,71.0,79.0,3.89,7486.0,10247.0,2290.0,0.0,2290.0,2290.0,10.0,10.0,11.0,4.37,1416.0,1223.0,193.0,3706.0,4.0,4.0,4.0,20.73,4012.0,1742.0,2270.0,7718.0,9.0,9.0,11.0,3.96,2180.0,733.0,1447.0,9898.0,14.0,14.0,14.0,9.68,1474.0,717.0,757.0,11372.0,7.0,7.0,7.0,9.25,3009.0,1060.0,1949.0,14381.0,14.0,16.0,17.0,7.18,3352.0,2011.0,1341.0,17733.0,11.0,11.0,15.0,8.2,,,,,,,,,,,,,,,,,,,,,,,,,
89896811-2ec5-4e6f-80a9-a291570fa932,2025-11-30 14:40:17 UTC,False,20137.0,CFOP,Gan 12 UI Maglev,RandomForest,5770.0,20137.0,,,gan12,custom_rules,,,,8.0,0.0,0.0,20137.0,72.0,72.0,80.0,3.58,6130.0,14007.0,1378.0,0.0,1378.0,1378.0,7.0,7.0,9.0,5.08,1927.0,1138.0,789.0,3305.0,7.0,7.0,7.0,8.87,4606.0,1158.0,3448.0,7911.0,11.0,11.0,12.0,3.19,5178.0,256.0,4922.0,13089.0,13.0,13.0,13.0,2.64,2026.0,1205.0,821.0,15115.0,9.0,9.0,10.0,10.96,2083.0,811.0,1272.0,17198.0,14.0,14.0,15.0,11.01,2939.0,1562.0,1377.0,20137.0,11.0,11.0,14.0,7.99,,,,,,,,,,,,,,,,,,,,,,,,,
039d980e-39a9-4013-9411-d32172b634af,2025-11-30 14:40:50 UTC,False,15802.0,CFOP,Gan 12 UI Maglev,RandomForest,8281.0,15802.0,,,gan12,custom_rules,,,,8.0,0.0,0.0,15802.0,74.0,83.0,100.0,4.68,2756.0,13046.0,5230.0,0.0,5230.0,5230.0,22.0,24.0,27.0,4.21,0.0,0.0,0.0,5230.0,0.0,0.0,0.0,0.0,0.0,0.0,0.0,5230.0,0.0,0.0,0.0,0.0,3204.0,467.0,2737.0,8434.0,14.0,14.0,14.0,5.12,822.0,339.0,483.0,9256.0,8.0,8.0,8.0,16.56,2570.0,1007.0,1563.0,11826.0,15.0,15.0,16.0,9.6,3976.0,943.0,3033.0,15802.0,15.0,22.0,35.0,4.95,,,,,,,,,,,,,,,,,,,,,,,,,
a30b0dd0-5199-4e61-9d34-f6772e5dcbe9,2025-11-30 14:41:29 UTC,False,22612.0,CFOP,Gan 12 UI Maglev,RandomForest,6123.0,22612.0,,,gan12,custom_rules,,,,8.0,0.0,0.0,22612.0,69.0,69.0,76.0,3.05,5025.0,17538.0,8992.0,0.0,8992.0,9041.0,12.0,12.0,15.0,1.33,2761.0,1544.0,1217.0,11802.0,7.0,7.0,7.0,5.75,2373.0,613.0,1760.0,14175.0,7.0,7.0,7.0,3.98,2056.0,629.0,1427.0,16231.0,8.0,8.0,9.0,5.61,1707.0,524.0,1183.0,17938.0,8.0,8.0,8.0,6.76,1903.0,903.0,1000.0,19841.0,12.0,12.0,14.0,12.0,2771.0,812.0,1959.0,22612.0,15.0,15.0,16.0,7.66,,,,,,,,,,,,,,,,,,,,,,,,,
66f687fa-e69b-4089-8121-fd87927d8e0a,2025-11-30 14:42:19 UTC,False,20577.0,CFOP,Gan 12 UI Maglev,RandomForest,19311.0,20577.0,,,gan12,custom_rules,,,,8.0,0.0,0.0,20577.0,83.0,83.0,93.0,4.03,6915.0,13662.0,1466.0,0.0,1466.0,1466.0,7.0,7.0,8.0,4.77,1783.0,727.0,1056.0,3249.0,6.0,6.0,8.0,5.68,4484.0,1945.0,2539.0,7733.0,12.0,12.0,12.0,4.73,2838.0,839.0,1999.0,10571.0,11.0,11.0,12.0,5.5,2136.0,1194.0,942.0,12707.0,9.0,9.0,11.0,9.55,4857.0,1114.0,3743.0,17564.0,22.0,22.0,23.0,5.88,3013.0,1096.0,1917.0,20577.0,16.0,16.0,19.0,8.35,,,,,,,,,,,,,,,,,,,,,,,,,
81e07bac-1280-4dde-bdc4-4dbecb6d37b0,2025-11-30 14:42:58 UTC,False,25087.0,CFOP,Gan 12 UI Maglev,RandomForest,5511.0,25087.0,,,gan12,custom_rules,,,,8.0,0.0,0.0,25087.0,77.0,79.0,88.0,3.07,6485.0,18602.0,4292.0,0.0,4292.0,4292.0,10.0,11.0,17.0,2.33,8565.0,918.0,7647.0,12857.0,21.0,21.0,23.0,2.75,4117.0,1097.0,3020.0,16974.0,11.0,11.0,11.0,3.64,1186.0,984.0,202.0,18160.0,4.0,4.0,4.0,19.8,2580.0,1951.0,629.0,20740.0,8.0,8.0,8.0,12.72,1996.0,787.0,1209.0,22736.0,9.0,10.0,10.0,7.44,2351.0,748.0,1603.0,25087.0,14.0,14.0,15.0,8.73,,,,,,,,,,,,,,,,,,,,,,,,,
39001a08-519f-4b89-a8a6-d7d8a1389291,2025-11-30 14:43:25 UTC,False,12992.0,CFOP,Gan 12 UI Maglev,RandomForest,5086.0,12992.0,,,gan12,custom_rules,,,,8.0,0.0,0.0,12992.0,63.0,63.0,69.0,4.85,6267.0,6725.0,870.0,0.0,870.0,870.0,5.0,5.0,5.0,5.75,2795.0,1081.0,1714.0,3665.0,11.0,11.0,12.0,6.42,895.0,734.0,161.0,4560.0,4.0,4.0,4.0,24.84,1490.0,983.0,507.0,6050.0,8.0,8.0,8.0,15.78,2263.0,1643.0,620.0,8313.0,8.0,8.0,9.0,12.9,1854.0,975.0,879.0,10167.0,11.0,11.0,14.0,12.51,2825.0,851.0,1974.0,12992.0,16.0,16.0,17.0,8.11,,,,,,,,,,,,,,,,,,,,,,,,,
344e8380-628f-4412-b9fd-8fadb3633153,2025-11-30 14:44:05 UTC,False,16487.0,CFOP,Gan 12 UI Maglev,RandomForest,13509.0,16487.0,,,gan12,custom_rules,,,,8.0,0.0,0.0,16487.0,60.0,61.0,68.0,3.64,6296.0,9942.0,2641.0,0.0,2641.0,2890.0,7.0,8.0,8.0,2.65,1795.0,1505.0,290.0,4685.0,3.0,3.0,4.0,10.34,3509.0,999.0,2510.0,8194.0,9.0,9.0,11.0,3.59,1757.0,1096.0,661.0,9951.0,8.0,8.0,10.0,12.1,2277.0,725.0,1552.0,12228.0,8.0,8.0,9.0,5.15,1989.0,1304.0,685.0,14217.0,7.0,7.0,8.0,10.22,2270.0,667.0,1603.0,16487.0,18.0,18.0,18.0,11.23,,,,,,,,,,,,,,,,,,,,,,,,,
d3b4c46c-f963-4c60-9a8f-6d170202df07,2025-11-30 14:44:50 UTC,False,20443.0,CFOP,Gan 12 UI Maglev,RandomForest,13252.0,20443.0,,,gan12,custom_rules,,,,8.0,0.0,0.0,20443.0,71.0,72.0,85.0,3.47,6056.0,14387.0,4889.0,0.0,4889.0,4889.0,10.0,10.0,13.0,2.05,4758.0,1344.0,3414.0,9647.0,12.0,12.0,14.0,3.51,2199.0,379.0,1820.0,11846.0,12.0,12.0,14.0,6.59,1650.0,965.0,685.0,13496.0,5.0,6.0,6.0,7.3,2055.0,1007.0,1048.0,15551.0,8.0,8.0,10.0,7.63,2281.0,1209.0,1072.0,17832.0,10.0,10.0,13.0,9.33,2611.0,1152.0,1459.0,20443.0,14.0,14.0,15.0,9.6,,,,,,,,,,,,,,,,,,,,,,,,,
f4161482-818a-45c5-8c9d-7e2210df31be,2025-11-30 14:45:20 UTC,False,13823.0,CFOP,Gan 12 UI Maglev,RandomForest,6894.0,13823.0,,,gan12,custom_rules,,,,8.0,0.0,0.0,13823.0,67.0,69.0,76.0,4.85,7371.0,6452.0,1031.0,0.0,1031.0,1031.0,6.0,6.0,7.0,5.82,2230.0,1513.0,717.0,3261.0,8.0,8.0,9.0,11.16,2017.0,1220.0,797.0,5278.0,11.0,11.0,12.0,13.8,1884.0,1287.0,597.0,7162.0,8.0,8.0,8.0,13.4,1804.0,1401.0,403.0,8966.0,7.0,7.0,7.0,17.37,2085.0,1006.0,1079.0,11051.0,13.0,13.0,15.0,12.05,2772.0,944.0,1828.0,13823.0,14.0,16.0,18.0,7.66,,,,,,,,,,,,,,,,,,,,,,,,,
ffdab6a4-2a46-451a-bd09-eafc4dcfdd53,2025-11-30 14:45:53 UTC,False,18097.0,CFOP,Gan 12 UI Maglev,RandomForest,5093.0,18097.0,,,gan12,custom_rules,,,,8.0,0.0,0.0,18097.0,74.0,75.0,84.0,4.09,5965.0,12132.0,2212.0,0.0,2212.0,2212.0,9.0,9.0,10.0,4.07,2138.0,330.0,1808.0,4350.0,11.0,11.0,14.0,6.08,6033.0,1046.0,4987.0,10383.0,20.0,20.0,24.0,4.01,3116.0,2713.0,403.0,13499.0,4.0,4.0,4.0,9.93,612.0,274.0,338.0,14111.0,4.0,4.0,4.0,11.83,1273.0,564.0,709.0,15384.0,9.0,10.0,10.0,12.69,2713.0,1038.0,1675.0,18097.0,17.0,17.0,18.0,10.15,,,,,,,,,,,,,,,,,,,,,,,,,
3fe7c6bd-a985-4dd6-8213-b5a52d8b211d,2025-11-30 14:46:31 UTC,False,16273.0,CFOP,Gan 12 UI Maglev,RandomForest,11225.0,16273.0,,,gan12,custom_rules,,,,8.0,0.0,0.0,16273.0,63.0,67.0,76.0,3.87,6984.0,9209.0,4424.0,0.0,4424.0,4504.0,12.0,12.0,16.0,2.71,0.0,0.0,0.0,4504.0,0.0,0.0,0.0,0.0,1488.0,1214.0,274.0,5992.0,5.0,5.0,5.0,18.25,3062.0,2107.0,955.0,9054.0,8.0,8.0,9.0,8.38,1964.0,814.0,1150.0,11018.0,10.0,10.0,11.0,8.7,2310.0,1329.0,981.0,13328.0,12.0,14.0,15.0,12.23,2945.0,1520.0,1425.0,16273.0,16.0,18.0,20.0,11.23,,,,,,,,,,,,,,,,,,,,,,,,,
607c5c81-ce12-46b9-b958-d252c469b226,2025-11-30 14:47:10 UTC,False,14035.0,CFOP,Gan 12 UI Maglev,RandomForest,16678.0,14035.0,,,gan12,custom_rules,,,,8.0,0.0,0.0,14035.0,69.0,69.0,80.0,4.92,6142.0,7893.0,1475.0,0.0,1475.0,1475.0,6.0,6.0,7.0,4.07,939.0,738.0,201.0,2414.0,4.0,4.0,4.0,19.9,2552.0,1883.0,669.0,4966.0,8.0,8.0,9.0,11.96,2238.0,1223.0,1015.0,7204.0,12.0,12.0,14.0,11.82,1278.0,770.0,508.0,8482.0,8.0,8.0,9.0,15.75,2362.0,690.0,1672.0,10844.0,14.0,14.0,17.0,8.37,3191.0,838.0,2353.0,14035.0,17.0,17.0,20.0,7.22,,,,,,,,,,,,,,,,,,,,,,,,,
0cf2078c-c945-4fb5-81ef-5902d5e172bc,2025-11-30 14:47:58 UTC,False,13908.0,CFOP,Gan 12 UI Maglev,RandomForest,20547.0,13908.0,,,gan12,custom_rules,,,,8.0,0.0,0.0,13908.0,60.0,61.0,73.0,4.31,5527.0,8381.0,1719.0,0.0,1719.0,1719.0,6.0,6.0,8.0,3.49,532.0,298.0,234.0,2251.0,3.0,3.0,3.0,12.82,1696.0,483.0,1213.0,3947.0,8.0,8.0,9.0,6.6,1582.0,507.0,1075.0,5529.0,8.0,8.0,9.0,7.44,2437.0,1849.0,588.0,7966.0,9.0,9.0,9.0,15.31,2348.0,835.0,1513.0,10314.0,10.0,10.0,13.0,6.61,3594.0,1555.0,2039.0,13908.0,16.0,17.0,22.0,7.85,,,,,,,,,,,,,,,,,,,,,,,,,
bbccd10b-5c28-4aba-a962-e2fa01fb2f7c,2025-11-30 14:48:27 UTC,False,15224.0,CFOP,Gan 12 UI Maglev,RandomForest,3771.0,15224.0,,,gan12,custom_rules,,,,8.0,0.0,0.0,15224.0,64.0,67.0,77.0,4.2,7991.0,7233.0,2126.0,0.0,2126.0,2126.0,9.0,9.0,12.0,4.23,2190.0,1618.0,572.0,4316.0,7.0,7.0,9.0,12.24,1998.0,975.0,1023.0,6314.0,7.0,7.0,7.0,6.84,1700.0,1144.0,556.0,8014.0,7.0,7.0,8.0,12.59,2215.0,1699.0,516.0,10229.0,8.0,8.0,8.0,15.5,2029.0,1055.0,974.0,12258.0,11.0,13.0,15.0,11.29,2966.0,1500.0,1466.0,15224.0,15.0,16.0,18.0,10.23,,,,,,,,,,,,,,,,,,,,,,,,,
b1486eb6-956b-43cc-94f5-ad9264acafb6,2025-11-30 14:49:59 UTC,False,15573.0,CFOP,Gan 12 UI Maglev,RandomForest,5647.0,15573.0,,,gan12,custom_rules,,,,8.0,0.0,0.0,15573.0,73.0,75.0,92.0,4.69,5459.0,10074.0,1015.0,0.0,1015.0,1055.0,5.0,5.0,8.0,4.93,2080.0,590.0,1490.0,3135.0,8.0,8.0,10.0,5.37,2828.0,599.0,2229.0,5963.0,17.0,17.0,20.0,7.63,2970.0,1903.0,1067.0,8933.0,11.0,11.0,12.0,10.31,1134.0,298.0,836.0,10067.0,7.0,7.0,8.0,8.37,2650.0,935.0,1715.0,12717.0,11.0,11.0,16.0,6.41,2856.0,1134.0,1722.0,15573.0,15.0,16.0,18.0,8.71,,,,,,,,,,,,,,,,,,,,,,,,,
0c843574-192c-4f67-8d50-75bde04a6ae2,2025-11-30 14:50:29 UTC,False,13121.0,CFOP,Gan 12 UI Maglev,RandomForest,7906.0,13121.0,,,gan12,custom_rules,,,,8.0,0.0,0.0,13121.0,64.0,66.0,72.0,4.88,3392.0,9729.0,1361.0,0.0,1361.0,1361.0,6.0,6.0,7.0,4.41,1034.0,406.0,628.0,2395.0,6.0,7.0,7.0,9.55,2878.0,548.0,2330.0,5273.0,13.0,13.0,16.0,5.58,1693.0,242.0,1451.0,6966.0,7.0,7.0,7.0,4.82,629.0,435.0,194.0,7595.0,4.0,4.0,4.0,20.62,2424.0,933.0,1491.0,10019.0,14.0,14.0,14.0,9.39,3102.0,828.0,2274.0,13121.0,15.0,15.0,17.0,6.6,,,,,,,,,,,,,,,,,,,,,,,,,
2a79f6c4-139e-4c30-a25c-faf1f80684d0,2025-11-30 14:51:03 UTC,False,17992.0,CFOP,Gan 12 UI Maglev,RandomForest,6003.0,17992.0,,,gan12,custom_rules,,,,8.0,0.0,0.0,17992.0,74.0,75.0,86.0,4.11,6344.0,11648.0,1968.0,0.0,1968.0,1968.0,8.0,8.0,10.0,4.07,2194.0,661.0,1533.0,4162.0,8.0,9.0,9.0,5.22,4117.0,1377.0,2740.0,8279.0,9.0,9.0,11.0,3.28,2270.0,1432.0,838.0,10549.0,8.0,8.0,11.0,9.55,1530.0,523.0,1007.0,12079.0,8.0,8.0,8.0,7.94,2842.0,1005.0,1837.0,14921.0,16.0,16.0,16.0,8.71,3071.0,1346.0,1725.0,17992.0,17.0,17.0,21.0,9.86,,,,,,,,,,,,,,,,,,,,,,,,,
a0fe11ac-62a7-41fb-971a-5461380410ea,2025-11-30 14:51:46 UTC,False,19661.0,CFOP,Gan 12 UI Maglev,RandomForest,11045.0,19661.0,,,gan12,custom_rules,,,,8.0,0.0,0.0,19661.0,75.0,75.0,86.0,3.81,9236.0,10425.0,2437.0,0.0,2437.0,2437.0,8.0,8.0,10.0,3.28,1202.0,451.0,751.0,3639.0,6.0,6.0,6.0,7.99,4693.0,3686.0,1007.0,8332.0,9.0,9.0,10.0,8.94,3601.0,1650.0,1951.0,11933.0,12.0,12.0,15.0,6.15,3160.0,1362.0,1798.0,15093.0,14.0,14.0,16.0,7.79,2191.0,1321.0,870.0,17284.0,11.0,11.0,12.0,12.64,2377.0,766.0,1611.0,19661.0,15.0,15.0,17.0,9.31,,,,,,,,,,,,,,,,,,,,,,,,,
bf06c892-b60e-41ca-af79-9a55993c99a5,2025-11-30 14:52:17 UTC,False,17446.0,CFOP,Gan 12 UI Maglev,RandomForest,4151.0,17446.0,,,gan12,custom_rules,,,,8.0,0.0,0.0,17446.0,70.0,71.0,83.0,4.01,5441.0,12005.0,2352.0,0.0,2352.0,2352.0,7.0,7.0,10.0,2.98,3372.0,812.0,2560.0,5724.0,12.0,13.0,13.0,4.69,1666.0,820.0,846.0,7390.0,8.0,8.0,10.0,9.46,2546.0,636.0,1910.0,9936.0,12.0,12.0,14.0,6.28,1312.0,853.0,459.0,11248.0,8.0,8.0,9.0,17.43,1826.0,806.0,1020.0,13074.0,9.0,9.0,9.0,8.82,4372.0,1514.0,2858.0,17446.0,15.0,15.0,18.0,5.25,,,,,,,,,,,,,,,,,,,,,,,,,
07510f70-624d-4c63-a4d8-4fdbfc634354,2025-11-30 14:53:04 UTC,False,21674.0,CFOP,Gan 12 UI Maglev,RandomForest,11986.0,21674.0,,,gan12,custom_rules,,,,8.0,0.0,0.0,21674.0,86.0,88.0,100.0,3.97,6572.0,14884.0,846.0,0.0,846.0,1064.0,4.0,5.0,7.0,4.73,7829.0,530.0,7299.0,8893.0,21.0,22.0,26.0,2.88,3459.0,1346.0,2113.0,12352.0,16.0,16.0,18.0,7.57,1877.0,1434.0,443.0,14229.0,6.0,6.0,8.0,13.54,2764.0,1224.0,1540.0,16993.0,13.0,13.0,14.0,8.44,1926.0,1040.0,886.0,18919.0,11.0,11.0,11.0,12.42,2755.0,998.0,1757.0,21674.0,15.0,15.0,16.0,8.54,,,,,,,,,,,,,,,,,,,,,,,,,
b1d6a48a-c485-4960-aea5-cbaf3570aa1c,2025-11-30 14:53:37 UTC,False,18260.0,CFOP,Gan 12 UI Maglev,RandomForest,6121.0,18260.0,,,gan12,custom_rules,,,,8.0,0.0,0.0,18260.0,73.0,73.0,78.0,4.0,7506.0,10754.0,3234.0,0.0,3234.0,3234.0,9.0,9.0,10.0,2.78,2071.0,975.0,1096.0,5305.0,6.0,6.0,8.0,5.47,2900.0,2046.0,854.0,8205.0,8.0,8.0,8.0,9.37,2905.0,863.0,2042.0,11110.0,11.0,11.0,12.0,5.39,1694.0,1082.0,612.0,12804.0,9.0,9.0,9.0,14.71,1856.0,906.0,950.0,14660.0,11.0,11.0,11.0,11.58,3600.0,1634.0,1966.0,18260.0,19.0,19.0,20.0,9.66,,,,,,,,,,,,,,,,,,,,,,,,,
8910828a-5949-4457-bcf6-6dc4a7b7cf11,2025-11-30 14:56:01 UTC,False,19595.0,CFOP,Gan 12 UI Maglev,RandomForest,24679.0,19595.0,,,gan12,custom_rules,,,,8.0,0.0,0.0,19595.0,72.0,76.0,83.0,3.67,9195.0,10400.0,3884.0,0.0,3884.0,3884.0,16.0,18.0,19.0,4.12,0.0,0.0,0.0,3884.0,0.0,0.0,0.0,0.0,3161.0,2476.0,685.0,7045.0,9.0,9.0,10.0,13.14,3874.0,1822.0,2052.0,10919.0,10.0,10.0,11.0,4.87,2089.0,1340.0,749.0,13008.0,8.0,8.0,9.0,10.68,2432.0,997.0,1435.0,15440.0,14.0,14.0,14.0,9.76,4155.0,2560.0,1595.0,19595.0,15.0,17.0,20.0,9.4,,,,,,,,,,,,,,,,,,,,,,,,,
25a01b7f-bf48-49c0-83bc-33920668d4d4,2025-11-30 14:56:40 UTC,False,21536.0,CFOP,Gan 12 UI Maglev,RandomForest,7565.0,21536.0,,,gan12,custom_rules,,,,8.0,0.0,0.0,21536.0,85.0,89.0,101.0,3.95,4427.0,17109.0,1878.0,0.0,1878.0,1878.0,8.0,8.0,8.0,4.26,0.0,0.0,0.0,1878.0,0.0,0.0,0.0,0.0,5068.0,1015.0,4053.0,6946.0,13.0,13.0,14.0,3.21,8632.0,1489.0,7143.0,15578.0,38.0,42.0,44.0,5.32,0.0,0.0,0.0,15578.0,0.0,0.0,0.0,0.0,2892.0,972.0,1920.0,18470.0,10.0,10.0,15.0,5.21,3066.0,951.0,2115.0,21536.0,16.0,16.0,20.0,7.57,,,,,,,,,,,,,,,,,,,,,,,,,
714d6aae-5d33-4312-9050-4d669ec44e7a,2025-11-30 14:57:21 UTC,False,17081.0,CFOP,Gan 12 UI Maglev,RandomForest,13394.0,17081.0,,,gan12,custom_rules,,,,8.0,0.0,0.0,17081.0,62.0,63.0,71.0,3.63,7634.0,9447.0,1916.0,0.0,1916.0,1916.0,6.0,6.0,7.0,3.13,0.0,0.0,0.0,1916.0,0.0,0.0,0.0,0.0,3272.0,2676.0,596.0,5188.0,9.0,9.0,9.0,15.1,4194.0,2186.0,2008.0,9382.0,11.0,11.0,12.0,5.48,1916.0,878.0,1038.0,11298.0,13.0,13.0,14.0,12.52,2521.0,741.0,1780.0,13819.0,7.0,7.0,8.0,3.93,3262.0,1153.0,2109.0,17081.0,16.0,17.0,21.0,7.59,,,,,,,,,,,,,,,,,,,,,,,,,
a2c156cf-cf6c-4960-84f6-c3b9f430d8b5,2025-11-30 14:58:08 UTC,False,16010.0,CFOP,Gan 12 UI Maglev,RandomForest,21116.0,16010.0,,,gan12,custom_rules,,,,8.0,0.0,0.0,16010.0,61.0,62.0,75.0,3.81,7869.0,8141.0,1834.0,0.0,1834.0,1834.0,7.0,7.0,7.0,3.82,1482.0,1177.0,305.0,3316.0,6.0,6.0,7.0,19.67,2046.0,927.0,1119.0,5362.0,8.0,8.0,10.0,7.15,1917.0,1740.0,177.0,7279.0,5.0,5.0,6.0,28.25,1861.0,1393.0,468.0,9140.0,8.0,8.0,9.0,17.09,3067.0,1480.0,1587.0,12207.0,10.0,10.0,15.0,6.3,3803.0,1152.0,2651.0,16010.0,17.0,18.0,21.0,6.41,,,,,,,,,,,,,,,,,,,,,,,,,
5d0ce3c2-f039-4df6-bd40-1c1698411f82,2025-11-30 14:59:17 UTC,False,14685.0,CFOP,Gan 12 UI Maglev,RandomForest,43514.0,14685.0,,,gan12,custom_rules,,,,8.0,0.0,0.0,14685.0,60.0,60.0,71.0,4.09,6655.0,7966.0,484.0,0.0,484.0,548.0,3.0,3.0,5.0,6.2,1986.0,942.0,1044.0,2534.0,10.0,10.0,11.0,9.58,2352.0,993.0,1359.0,4886.0,8.0,8.0,9.0,5.89,1719.0,379.0,1340.0,6605.0,8.0,8.0,9.0,5.97,2728.0,1930.0,798.0,9333.0,9.0,9.0,10.0,11.28,2669.0,1050.0,1619.0,12002.0,11.0,11.0,12.0,6.79,2683.0,1361.0,1322.0,14685.0,11.0,11.0,15.0,8.32,,,,,,,,,,,,,,,,,,,,,,,,,
777c7472-4797-46a6-abc3-f14c6074089d,2025-11-30 14:59:49 UTC,False,15251.0,CFOP,Gan 12 UI Maglev,RandomForest,5894.0,15251.0,,,gan12,custom_rules,,,,8.0,0.0,0.0,15251.0,55.0,56.0,63.0,3.61,8118.0,7133.0,2208.0,0.0,2208.0,2208.0,7.0,7.0,8.0,3.17,1169.0,967.0,202.0,3377.0,4.0,4.0,4.0,19.8,1958.0,1749.0,209.0,5335.0,4.0,4.0,5.0,19.14,1766.0,927.0,839.0,7101.0,8.0,8.0,8.0,9.54,3922.0,2447.0,1475.0,11023.0,10.0,10.0,11.0,6.78,1868.0,853.0,1015.0,12891.0,8.0,8.0,9.0,7.88,2360.0,1175.0,1185.0,15251.0,14.0,15.0,18.0,11.81,,,,,,,,,,,,,,,,,,,,,,,,,
b1831ba8-83d8-4644-8ba8-68dd1a7132d5,2025-11-30 15:00:24 UTC,False,14819.0,CFOP,Gan 12 UI Maglev,RandomForest,4087.0,14819.0,,,gan12,custom_rules,,,,8.0,0.0,0.0,14819.0,63.0,65.0,69.0,4.25,6354.0,8279.0,1184.0,0.0,1184.0,1370.0,5.0,7.0,7.0,4.22,3511.0,2133.0,1378.0,4881.0,8.0,8.0,9.0,5.81,1705.0,556.0,1149.0,6586.0,8.0,8.0,8.0,6.96,1490.0,685.0,805.0,8076.0,8.0,8.0,8.0,9.94,2248.0,725.0,1523.0,10324.0,11.0,11.0,12.0,7.22,1628.0,927.0,701.0,11952.0,7.0,7.0,8.0,9.99,2867.0,1328.0,1539.0,14819.0,16.0,16.0,17.0,10.4,,,,,,,,,,,,,,,,,,,,,,,,,
afb0f0f3-48cb-49a2-b40e-8bf7fe50bff0,2025-11-30 15:01:07 UTC,False,19299.0,CFOP,Gan 12 UI Maglev,RandomForest,7358.0,19299.0,,,gan12,custom_rules,,,,8.0,0.0,0.0,19299.0,74.0,87.0,100.0,3.83,7236.0,12063.0,2138.0,0.0,2138.0,2138.0,11.0,11.0,11.0,5.14,1587.0,1369.0,218.0,3725.0,4.0,4.0,5.0,18.35,2133.0,846.0,1287.0,5858.0,9.0,10.0,10.0,6.99,3822.0,1005.0,2817.0,9680.0,15.0,19.0,19.0,5.32,1992.0,1324.0,668.0,11672.0,7.0,7.0,8.0,10.48,2312.0,1096.0,1216.0,13984.0,12.0,12.0,13.0,9.87,5315.0,1596.0,3719.0,19299.0,16.0,24.0,34.0,4.3,,,,,,,,,,,,,,,,,,,,,,,,,
629da5dd-69fa-432d-a15f-4eb457f93710,2025-11-30 15:01:44 UTC,False,21398.0,CFOP,Gan 12 UI Maglev,RandomForest,3752.0,21398.0,,,gan12,custom_rules,,,,8.0,0.0,0.0,21398.0,73.0,73.0,84.0,3.41,7779.0,13619.0,1740.0,0.0,1740.0,1740.0,6.0,6.0,6.0,3.45,4670.0,991.0,3679.0,6410.0,12.0,12.0,16.0,3.26,3681.0,1892.0,1789.0,10091.0,8.0,8.0,11.0,4.47,3181.0,1440.0,1741.0,13272.0,11.0,11.0,12.0,6.32,692.0,531.0,161.0,13964.0,4.0,4.0,4.0,24.84,2890.0,1554.0,1336.0,16854.0,12.0,12.0,15.0,8.98,4544.0,1371.0,3173.0,21398.0,20.0,20.0,20.0,6.3,,,,,,,,,,,,,,,,,,,,,,,,,
a2c384a0-8b0e-4cdb-aaf3-4ff464ef3bed,2025-11-30 15:02:23 UTC,False,15491.0,CFOP,Gan 12 UI Maglev,RandomForest,5289.0,15491.0,,,gan12,custom_rules,,,,8.0,0.0,0.0,15491.0,72.0,73.0,80.0,4.65,6758.0,8733.0,1433.0,0.0,1433.0,1433.0,5.0,5.0,5.0,3.49,2333.0,1270.0,1063.0,3766.0,8.0,8.0,9.0,7.53,1842.0,1165.0,677.0,5608.0,8.0,8.0,9.0,11.82,1949.0,732.0,1217.0,7557.0,11.0,11.0,12.0,9.04,3091.0,1191.0,1900.0,10648.0,12.0,12.0,13.0,6.32,1900.0,1006.0,894.0,12548.0,13.0,13.0,14.0,14.54,2943.0,1394.0,1549.0,15491.0,15.0,16.0,18.0,9.68,,,,,,,,,,,,,,,,,,,,,,,,,
f41920d3-a163-488d-9bd6-96b5d5eef6db,2025-11-30 15:03:04 UTC,False,17284.0,CFOP,Gan 12 UI Maglev,RandomForest,5052.0,17284.0,,,gan12,custom_rules,,,,8.0,0.0,0.0,17284.0,76.0,76.0,85.0,4.4,6852.0,10432.0,3067.0,0.0,3067.0,3067.0,9.0,9.0,10.0,2.93,1707.0,990.0,717.0,4774.0,8.0,8.0,10.0,11.16,4012.0,2610.0,1402.0,8786.0,10.0,10.0,11.0,7.13,1651.0,780.0,871.0,10437.0,8.0,8.0,9.0,9.18,2230.0,515.0,1715.0,12667.0,12.0,12.0,13.0,7.0,2595.0,1281.0,1314.0,15262.0,14.0,14.0,16.0,10.65,2022.0,676.0,1346.0,17284.0,15.0,15.0,16.0,11.14,,,,,,,,,,,,,,,,,,,,,,,,,
6bd00298-7ee9-4109-bb1d-08548e169f73,2025-11-30 15:03:38 UTC,False,20388.0,CFOP,Gan 12 UI Maglev,RandomForest,4744.0,20388.0,,,gan12,custom_rules,,,,8.0,0.0,0.0,20388.0,79.0,83.0,94.0,3.87,5163.0,15160.0,8514.0,0.0,8514.0,8579.0,28.0,32.0,36.0,3.29,0.0,0.0,0.0,8579.0,0.0,0.0,0.0,0.0,0.0,0.0,0.0,8579.0,0.0,0.0,0.0,0.0,3818.0,2101.0,1717.0,12397.0,11.0,11.0,14.0,6.41,2151.0,1007.0,1144.0,14548.0,9.0,9.0,11.0,7.87,2048.0,847.0,1201.0,16596.0,17.0,17.0,17.0,14.15,3792.0,1208.0,2584.0,20388.0,14.0,14.0,16.0,5.42,,,,,,,,,,,,,,,,,,,,,,,,,
cdabb94d-4d64-41a4-acff-f10c6b8e83a3,2025-11-30 15:04:21 UTC,False,14736.0,CFOP,Gan 12 UI Maglev,RandomForest,17006.0,14736.0,,,gan12,custom_rules,,,,8.0,0.0,0.0,14736.0,77.0,79.0,85.0,5.23,4890.0,9846.0,483.0,0.0,483.0,483.0,3.0,3.0,3.0,6.21,3905.0,1372.0,2533.0,4388.0,13.0,15.0,16.0,5.13,1954.0,433.0,1521.0,6342.0,13.0,13.0,15.0,8.55,1668.0,701.0,967.0,8010.0,8.0,8.0,8.0,8.27,2424.0,660.0,1764.0,10434.0,12.0,12.0,13.0,6.8,2424.0,1031.0,1393.0,12858.0,14.0,14.0,14.0,10.05,1878.0,693.0,1185.0,14736.0,15.0,15.0,16.0,12.66,,,,,,,,,,,,,,,,,,,,,,,,,
3fc63df9-4f8e-440f-a6cc-d4d5570c7077,2025-11-30 15:04:50 UTC,False,15535.0,CFOP,Gan 12 UI Maglev,RandomForest,4915.0,15535.0,,,gan12,custom_rules,,,,8.0,0.0,0.0,15535.0,68.0,69.0,79.0,4.38,8175.0,7360.0,1958.0,0.0,1958.0,1958.0,7.0,7.0,9.0,3.58,2193.0,2048.0,145.0,4151.0,5.0,5.0,7.0,34.48,1862.0,1370.0,492.0,6013.0,8.0,8.0,9.0,16.26,2854.0,1885.0,969.0,8867.0,9.0,10.0,10.0,9.29,973.0,409.0,564.0,9840.0,8.0,8.0,9.0,14.18,2353.0,1136.0,1217.0,12193.0,12.0,12.0,14.0,9.86,3342.0,1327.0,2015.0,15535.0,19.0,19.0,21.0,9.43,,,,,,,,,,,,,,,,,,,,,,,,,
9ce77a07-997e-4ba2-8f19-bf69e397e496,2025-11-30 15:05:26 UTC,False,16106.0,CFOP,Gan 12 UI Maglev,RandomForest,9014.0,16106.0,,,gan12,custom_rules,,,,8.0,0.0,0.0,16106.0,57.0,63.0,78.0,3.54,6865.0,9241.0,3391.0,0.0,3391.0,3391.0,14.0,14.0,17.0,4.13,0.0,0.0,0.0,3391.0,0.0,0.0,0.0,0.0,2391.0,1158.0,1233.0,5782.0,11.0,11.0,12.0,8.92,1966.0,1071.0,895.0,7748.0,5.0,6.0,7.0,5.59,2585.0,1682.0,903.0,10333.0,8.0,8.0,9.0,8.86,3151.0,1388.0,1763.0,13484.0,11.0,12.0,12.0,6.24,2622.0,1566.0,1056.0,16106.0,8.0,12.0,21.0,7.58,,,,,,,,,,,,,,,,,,,,,,,,,
c5477828-ffa9-4afd-a416-efb3a53d5ab2,2025-11-30 15:06:04 UTC,False,21488.0,CFOP,Gan 12 UI Maglev,RandomForest,6183.0,21488.0,,,gan12,custom_rules,,,,8.0,0.0,0.0,21488.0,66.0,66.0,76.0,3.07,11632.0,9856.0,1763.0,0.0,1763.0,1763.0,7.0,7.0,8.0,3.97,6234.0,5581.0,653.0,7997.0,6.0,6.0,8.0,9.19,2503.0,1335.0,1168.0,10500.0,8.0,8.0,8.0,6.85,1567.0,439.0,1128.0,12067.0,12.0,12.0,13.0,10.64,3542.0,1664.0,1878.0,15609.0,14.0,14.0,16.0,7.45,1802.0,895.0,907.0,17411.0,9.0,9.0,9.0,9.92,4077.0,1718.0,2359.0,21488.0,11.0,11.0,14.0,4.66,,,,,,,,,,,,,,,,,,,,,,,,,
8c21244c-1b8b-4a9b-b357-e763c2c8e413,2025-11-30 15:06:36 UTC,False,17944.0,CFOP,Gan 12 UI Maglev,RandomForest,5448.0,17944.0,,,gan12,custom_rules,,,,8.0,0.0,0.0,17944.0,76.0,83.0,90.0,4.24,2209.0,15735.0,13495.0,0.0,13495.0,13495.0,53.0,59.0,64.0,3.93,0.0,0.0,0.0,13495.0,0.0,0.0,0.0,0.0,0.0,0.0,0.0,13495.0,0.0,0.0,0.0,0.0,0.0,0.0,0.0,13495.0,0.0,0.0,0.0,0.0,0.0,0.0,0.0,13495.0,0.0,0.0,0.0,0.0,1641.0,1056.0,585.0,15136.0,8.0,8.0,8.0,13.68,2808.0,1153.0,1655.0,17944.0,15.0,16.0,18.0,9.06,,,,,,,,,,,,,,,,,,,,,,,,,
71295768-a23a-422f-8a8a-f81fb5a319ed,2025-11-30 15:07:08 UTC,False,15844.0,CFOP,Gan 12 UI Maglev,RandomForest,5462.0,15844.0,,,gan12,custom_rules,,,,8.0,0.0,0.0,15844.0,64.0,66.0,73.0,4.04,4841.0,11003.0,6976.0,0.0,6976.0,6976.0,27.0,27.0,29.0,3.87,0.0,0.0,0.0,6976.0,0.0,0.0,0.0,0.0,0.0,0.0,0.0,6976.0,0.0,0.0,0.0,0.0,2454.0,1442.0,1012.0,9430.0,6.0,7.0,9.0,5.93,1072.0,790.0,282.0,10502.0,3.0,3.0,3.0,10.64,2446.0,1264.0,1182.0,12948.0,14.0,14.0,14.0,11.84,2896.0,1345.0,1551.0,15844.0,14.0,15.0,18.0,9.03,,,,,,,,,,,,,,,,,,,,,,,,,
c5771d2a-db54-4c45-aa37-444364272518,2025-11-30 15:07:35 UTC,False,13187.0,CFOP,Gan 12 UI Maglev,RandomForest,3545.0,13187.0,,,gan12,custom_rules,,,,8.0,0.0,0.0,13187.0,58.0,60.0,66.0,4.4,6217.0,6970.0,2134.0,0.0,2134.0,2134.0,6.0,6.0,8.0,2.81,894.0,717.0,177.0,3028.0,4.0,4.0,4.0,22.6,1763.0,1176.0,587.0,4791.0,6.0,7.0,7.0,10.22,2046.0,1208.0,838.0,6837.0,8.0,8.0,9.0,9.55,2580.0,1352.0,1228.0,9417.0,8.0,8.0,10.0,6.51,1458.0,749.0,709.0,10875.0,10.0,11.0,11.0,14.1,2312.0,1015.0,1297.0,13187.0,16.0,16.0,17.0,12.34,,,,,,,,,,,,,,,,,,,,,,,,,
61b134d3-3af6-43c7-bfef-534aaf56ccc3,2025-11-30 15:08:12 UTC,False,17171.0,CFOP,Gan 12 UI Maglev,RandomForest,4281.0,17171.0,,,gan12,custom_rules,,,,8.0,0.0,0.0,17171.0,66.0,66.0,72.0,3.84,8655.0,8516.0,1741.0,0.0,1741.0,1741.0,9.0,9.0,10.0,5.17,2771.0,2328.0,443.0,4512.0,5.0,5.0,6.0,11.29,2559.0,1479.0,1080.0,7071.0,7.0,7.0,7.0,6.48,1135.0,981.0,154.0,8206.0,4.0,4.0,4.0,25.97,2674.0,1715.0,959.0,10880.0,8.0,8.0,8.0,8.34,2883.0,992.0,1891.0,13763.0,14.0,14.0,18.0,7.4,3408.0,1160.0,2248.0,17171.0,19.0,19.0,19.0,8.45,,,,,,,,,,,,,,,,,,,,,,,,,
ca9fb803-0b11-4932-891b-62e945401176,2025-11-30 15:08:50 UTC,False,17702.0,CFOP,Gan 12 UI Maglev,RandomForest,10145.0,17702.0,,,gan12,custom_rules,,,,8.0,0.0,0.0,17702.0,58.0,63.0,76.0,3.28,6802.0,10900.0,2304.0,0.0,2304.0,2304.0,6.0,7.0,8.0,2.6,781.0,612.0,169.0,3085.0,4.0,4.0,4.0,23.67,4430.0,2021.0,2409.0,7515.0,13.0,13.0,16.0,5.4,3856.0,1192.0,2664.0,11371.0,8.0,8.0,10.0,3.0,1707.0,1039.0,668.0,13078.0,7.0,7.0,7.0,10.48,2046.0,781.0,1265.0,15124.0,12.0,12.0,14.0,9.49,2578.0,1157.0,1421.0,17702.0,8.0,12.0,17.0,5.63,,,,,,,,,,,,,,,,,,,,,,,,,
1b2d96ee-78ea-483c-a970-9cd909fcb1a3,2025-11-30 15:09:25 UTC,False,13293.0,CFOP,Gan 12 UI Maglev,RandomForest,10659.0,13293.0,,,gan12,custom_rules,,,,8.0,0.0,0.0,13293.0,52.0,53.0,62.0,3.91,5263.0,7958.0,2153.0,0.0,2153.0,2225.0,6.0,6.0,9.0,2.79,1208.0,322.0,886.0,3433.0,5.0,5.0,6.0,5.64,1746.0,645.0,1101.0,5179.0,7.0,7.0,7.0,6.36,2118.0,1530.0,588.0,7297.0,9.0,9.0,10.0,15.31,2214.0,901.0,1313.0,9511.0,7.0,7.0,8.0,5.33,1523.0,573.0,950.0,11034.0,9.0,10.0,10.0,9.47,2259.0,1292.0,967.0,13293.0,9.0,9.0,12.0,9.31,,,,,,,,,,,,,,,,,,,,,,,,,
59c16f10-300c-40e3-a73f-ff3e07a5eab5,2025-11-30 15:10:15 UTC,False,24076.0,CFOP,Gan 12 UI Maglev,RandomForest,11053.0,24076.0,,,gan12,custom_rules,,,,8.0,0.0,0.0,24076.0,72.0,74.0,88.0,2.99,7531.0,16545.0,5119.0,0.0,5119.0,5119.0,10.0,10.0,12.0,1.95,0.0,0.0,0.0,5119.0,0.0,0.0,0.0,0.0,2708.0,1934.0,774.0,7827.0,8.0,8.0,9.0,10.34,2843.0,1859.0,984.0,10670.0,8.0,8.0,9.0,8.13,4591.0,1040.0,3551.0,15261.0,14.0,14.0,15.0,3.94,2689.0,1338.0,1351.0,17950.0,11.0,11.0,17.0,8.14,6126.0,1360.0,4766.0,24076.0,21.0,23.0,26.0,4.41,,,,,,,,,,,,,,,,,,,,,,,,,
9a8876cd-1e7c-40a0-bf12-1985949e5346,2025-11-30 15:10:43 UTC,False,15987.0,CFOP,Gan 12 UI Maglev,RandomForest,2212.0,15987.0,,,gan12,custom_rules,,,,8.0,0.0,0.0,15987.0,72.0,74.0,80.0,4.5,6343.0,9644.0,1846.0,0.0,1846.0,1846.0,7.0,7.0,8.0,3.79,1442.0,572.0,870.0,3288.0,8.0,8.0,9.0,9.2,1281.0,564.0,717.0,4569.0,6.0,7.0,8.0,8.37,2949.0,1724.0,1225.0,7518.0,9.0,9.0,9.0,7.35,2713.0,981.0,1732.0,10231.0,11.0,11.0,11.0,6.35,1989.0,845.0,1144.0,12220.0,14.0,14.0,14.0,12.24,3767.0,1657.0,2110.0,15987.0,17.0,18.0,21.0,8.06,,,,,,,,,,,,,,,,,,,,,,,,,
1a7a5bd5-04c1-4900-8ff8-5112fe2b2b69,2025-11-30 15:11:16 UTC,False,16660.0,CFOP,Gan 12 UI Maglev,RandomForest,6218.0,16660.0,,,gan12,custom_rules,,,,8.0,0.0,0.0,16660.0,73.0,74.0,81.0,4.38,5339.0,11321.0,2796.0,0.0,2796.0,2796.0,9.0,9.0,11.0,3.22,2753.0,1507.0,1246.0,5549.0,10.0,11.0,13.0,8.03,4758.0,1023.0,3735.0,10307.0,15.0,15.0,16.0,4.02,1105.0,526.0,579.0,11412.0,8.0,8.0,9.0,13.82,1742.0,993.0,749.0,13154.0,8.0,8.0,8.0,10.68,1644.0,645.0,999.0,14798.0,8.0,8.0,8.0,8.01,1862.0,645.0,1217.0,16660.0,15.0,15.0,16.0,12.33,,,,,,,,,,,,,,,,,,,,,,,,,
c7c465e9-bdea-41d4-b5d3-74af6c0d9c36,2025-11-30 15:11:58 UTC,False,16697.0,CFOP,Gan 12 UI Maglev,RandomForest,13055.0,16697.0,,,gan12,custom_rules,,,,8.0,0.0,0.0,16697.0,71.0,71.0,77.0,4.25,6205.0,10492.0,3569.0,0.0,3569.0,3569.0,10.0,10.0,10.0,2.8,1752.0,858.0,894.0,5321.0,7.0,7.0,8.0,7.83,1656.0,971.0,685.0,6977.0,8.0,8.0,9.0,11.68,2338.0,1081.0,1257.0,9315.0,8.0,8.0,8.0,6.36,2940.0,1733.0,1207.0,12255.0,12.0,12.0,14.0,9.94,1312.0,660.0,652.0,13567.0,6.0,6.0,6.0,9.2,3130.0,902.0,2228.0,16697.0,20.0,20.0,22.0,8.98,,,,,,,,,,,,,,,,,,,,,,,,,
77c34874-c903-4455-891e-537e1181965a,2025-11-30 15:12:41 UTC,False,13666.0,CFOP,Gan 12 UI Maglev,RandomForest,20192.0,13666.0,,,gan12,custom_rules,,,,8.0,0.0,0.0,13666.0,62.0,64.0,70.0,4.54,4329.0,9337.0,4069.0,0.0,4069.0,4069.0,16.0,16.0,18.0,3.93,0.0,0.0,0.0,4069.0,0.0,0.0,0.0,0.0,0.0,0.0,0.0,4069.0,0.0,0.0,0.0,0.0,1795.0,1135.0,660.0,5864.0,7.0,7.0,8.0,10.61,1652.0,903.0,749.0,7516.0,8.0,8.0,9.0,10.68,2539.0,1266.0,1273.0,10055.0,11.0,13.0,13.0,8.64,3611.0,1025.0,2586.0,13666.0,20.0,20.0,22.0,7.73,,,,,,,,,,,,,,,,,,,,,,,,,
147bda3f-83f4-4c52-a4dc-cdef83a8e284,2025-11-30 15:13:14 UTC,False,19667.0,CFOP,Gan 12 UI Maglev,RandomForest,4378.0,19667.0,,,gan12,custom_rules,,,,8.0,0.0,0.0,19667.0,74.0,74.0,85.0,3.76,5190.0,14477.0,1402.0,0.0,1402.0,1402.0,6.0,6.0,7.0,4.28,5056.0,699.0,4357.0,6458.0,12.0,12.0,12.0,2.75,1864.0,1024.0,840.0,8322.0,8.0,8.0,10.0,9.52,3490.0,258.0,3232.0,11812.0,16.0,16.0,17.0,4.95,1436.0,985.0,451.0,13248.0,3.0,3.0,3.0,6.65,2150.0,1095.0,1055.0,15398.0,10.0,10.0,14.0,9.48,4269.0,1129.0,3140.0,19667.0,20.0,20.0,22.0,6.37,,,,,,,,,,,,,,,,,,,,,,,,,
221c948a-0730-430e-a4d7-35acc23a2059,2025-11-30 15:13:53 UTC,False,17103.0,CFOP,Gan 12 UI Maglev,RandomForest,11671.0,17103.0,,,gan12,custom_rules,,,,8.0,0.0,0.0,17103.0,73.0,77.0,92.0,4.27,5442.0,11661.0,814.0,0.0,814.0,814.0,5.0,5.0,6.0,6.14,3736.0,306.0,3430.0,4550.0,10.0,10.0,12.0,2.92,1497.0,1280.0,217.0,6047.0,4.0,4.0,5.0,18.43,1185.0,307.0,878.0,7232.0,8.0,8.0,8.0,9.11,2199.0,1602.0,597.0,9431.0,8.0,8.0,9.0,13.4,2078.0,733.0,1345.0,11509.0,13.0,13.0,13.0,9.67,5594.0,1214.0,4380.0,17103.0,25.0,29.0,39.0,5.71,,,,,,,,,,,,,,,,,,,,,,,,,
94bf87ad-85e8-4f9f-b465-e50e98fc2ec4,2025-11-30 15:14:36 UTC,False,15374.0,CFOP,Gan 12 UI Maglev,RandomForest,10174.0,15374.0,,,gan12,custom_rules,,,,8.0,0.0,0.0,15374.0,68.0,70.0,76.0,4.42,7365.0,8009.0,3757.0,0.0,3757.0,3757.0,14.0,14.0,16.0,3.73,1481.0,1257.0,224.0,5238.0,4.0,4.0,4.0,17.86,1804.0,1200.0,604.0,7042.0,8.0,8.0,8.0,13.25,1834.0,1423.0,411.0,8876.0,8.0,8.0,9.0,19.46,1649.0,1214.0,435.0,10525.0,8.0,8.0,8.0,18.39,1498.0,677.0,821.0,12023.0,9.0,10.0,10.0,10.96,3351.0,1594.0,1757.0,15374.0,17.0,18.0,21.0,9.68,,,,,,,,,,,,,,,,,,,,,,,,,
869daeeb-0db3-4f9d-9034-d7edd4b9d2a7,2025-11-30 15:15:06 UTC,False,15559.0,CFOP,Gan 12 UI Maglev,RandomForest,5299.0,15559.0,,,gan12,custom_rules,,,,8.0,0.0,0.0,15559.0,64.0,68.0,79.0,4.11,6927.0,8632.0,1790.0,0.0,1790.0,1790.0,7.0,7.0,8.0,3.91,4306.0,2038.0,2268.0,6096.0,10.0,10.0,10.0,4.41,1402.0,588.0,814.0,7498.0,11.0,11.0,12.0,13.51,2030.0,967.0,1063.0,9528.0,8.0,8.0,8.0,7.53,1878.0,1242.0,636.0,11406.0,8.0,8.0,9.0,12.58,2109.0,1006.0,1103.0,13515.0,12.0,12.0,14.0,10.88,2044.0,1086.0,958.0,15559.0,8.0,12.0,18.0,8.35,,,,,,,,,,,,,,,,,,,,,,,,,
8d18384d-a4c6-4165-b425-c47da749f6ff,2025-11-30 15:15:41 UTC,False,14678.0,CFOP,Gan 12 UI Maglev,RandomForest,8788.0,14678.0,,,gan12,custom_rules,,,,8.0,0.0,0.0,14678.0,68.0,68.0,77.0,4.63,7966.0,6712.0,1120.0,0.0,1120.0,1120.0,5.0,5.0,6.0,4.46,2248.0,1676.0,572.0,3368.0,6.0,6.0,8.0,10.49,2602.0,1554.0,1048.0,5970.0,11.0,11.0,11.0,10.5,1457.0,579.0,878.0,7427.0,11.0,11.0,12.0,12.53,1337.0,692.0,645.0,8764.0,7.0,7.0,8.0,10.85,2609.0,1433.0,1176.0,11373.0,12.0,12.0,15.0,10.2,3305.0,2032.0,1273.0,14678.0,16.0,16.0,17.0,12.57,,,,,,,,,,,,,,,,,,,,,,,,,
69791679-90cc-4dd7-9a15-584b10dfce34,2025-11-30 15:16:18 UTC,False,18084.0,CFOP,Gan 12 UI Maglev,RandomForest,3545.0,18084.0,,,gan12,custom_rules,,,,8.0,0.0,0.0,18084.0,71.0,72.0,82.0,3.93,7374.0,10710.0,3409.0,0.0,3409.0,3409.0,7.0,7.0,9.0,2.05,2698.0,1329.0,1369.0,6107.0,9.0,9.0,10.0,6.57,3789.0,1241.0,2548.0,9896.0,15.0,15.0,15.0,5.89,1950.0,1273.0,677.0,11846.0,8.0,8.0,11.0,11.82,1989.0,1425.0,564.0,13835.0,8.0,8.0,9.0,14.18,1603.0,1024.0,579.0,15438.0,9.0,9.0,10.0,15.54,2646.0,1082.0,1564.0,18084.0,15.0,16.0,18.0,9.59,,,,,,,,,,,,,,,,,,,,,,,,,
2bca85ed-da32-401f-a088-d4f4fd0af226,2025-11-30 15:16:56 UTC,False,21727.0,CFOP,Gan 12 UI Maglev,RandomForest,6952.0,21727.0,,,gan12,custom_rules,,,,8.0,0.0,0.0,21727.0,66.0,69.0,79.0,3.04,10057.0,11670.0,1781.0,0.0,1781.0,1781.0,5.0,5.0,6.0,2.81,3361.0,2950.0,411.0,5142.0,3.0,3.0,4.0,7.3,2458.0,1080.0,1378.0,7600.0,5.0,6.0,6.0,3.63,2207.0,1224.0,983.0,9807.0,8.0,8.0,9.0,8.14,2183.0,1402.0,781.0,11990.0,8.0,8.0,10.0,10.24,6017.0,1501.0,4516.0,18007.0,22.0,23.0,26.0,4.87,3720.0,1900.0,1820.0,21727.0,15.0,16.0,18.0,8.24,,,,,,,,,,,,,,,,,,,,,,,,,
fb56d8b8-58fe-4979-bfba-6684da51edf2,2025-11-30 15:17:28 UTC,False,18510.0,CFOP,Gan 12 UI Maglev,RandomForest,4429.0,18510.0,,,gan12,custom_rules,,,,8.0,0.0,0.0,18510.0,67.0,69.0,74.0,3.62,8415.0,10095.0,3054.0,0.0,3054.0,3054.0,9.0,9.0,10.0,2.95,1627.0,854.0,773.0,4681.0,8.0,8.0,8.0,10.35,3479.0,1750.0,1729.0,8160.0,7.0,7.0,7.0,4.05,3007.0,2354.0,653.0,11167.0,8.0,8.0,9.0,12.25,1683.0,950.0,733.0,12850.0,8.0,8.0,8.0,10.91,2286.0,1274.0,1012.0,15136.0,11.0,13.0,14.0,10.87,3374.0,1233.0,2141.0,18510.0,16.0,16.0,18.0,7.47,,,,,,,,,,,,,,,,,,,,,,,,,
c690e962-2d5c-4edf-9fa9-eba946172617,2025-11-30 15:18:09 UTC,False,16099.0,CFOP,Gan 12 UI Maglev,RandomForest,5230.0,16099.0,,,gan12,custom_rules,,,,8.0,0.0,0.0,16099.0,73.0,74.0,79.0,4.53,5862.0,10237.0,1088.0,0.0,1088.0,1088.0,4.0,5.0,7.0,3.68,1928.0,306.0,1622.0,3016.0,11.0,11.0,11.0,6.78,1882.0,931.0,951.0,4898.0,8.0,8.0,11.0,8.41,2515.0,1621.0,894.0,7413.0,7.0,7.0,7.0,7.83,2911.0,1039.0,1872.0,10324.0,8.0,8.0,8.0,4.27,2249.0,934.0,1315.0,12573.0,17.0,17.0,17.0,12.93,3526.0,1031.0,2495.0,16099.0,18.0,18.0,18.0,7.21,,,,,,,,,,,,,,,,,,,,,,,,,
b1a10de8-077a-4751-a7db-a4ac9b6d1629,2025-11-30 15:18:46 UTC,False,16479.0,CFOP,Gan 12 UI Maglev,RandomForest,9838.0,16479.0,,,gan12,custom_rules,,,,8.0,0.0,0.0,16479.0,67.0,68.0,78.0,4.07,7103.0,9376.0,1306.0,0.0,1306.0,1306.0,5.0,5.0,6.0,3.83,1774.0,798.0,976.0,3080.0,8.0,8.0,10.0,8.2,3777.0,3100.0,677.0,6857.0,8.0,8.0,9.0,11.82,1601.0,932.0,669.0,8458.0,5.0,6.0,6.0,7.47,1580.0,701.0,879.0,10038.0,8.0,8.0,9.0,9.1,3778.0,813.0,2965.0,13816.0,18.0,18.0,20.0,6.07,2663.0,759.0,1904.0,16479.0,15.0,15.0,18.0,7.88,,,,,,,,,,,,,,,,,,,,,,,,,
600cf3ce-e679-4aee-895d-54c5396f8c05,2025-11-30 15:19:19 UTC,False,15663.0,CFOP,Gan 12 UI Maglev,RandomForest,7705.0,15663.0,,,gan12,custom_rules,,,,8.0,0.0,0.0,15663.0,55.0,58.0,65.0,3.51,8189.0,7425.0,1973.0,0.0,1973.0,2022.0,7.0,7.0,8.0,3.55,2788.0,1476.0,1312.0,4810.0,9.0,9.0,11.0,6.86,1023.0,854.0,169.0,5833.0,4.0,4.0,4.0,23.67,2104.0,968.0,1136.0,7937.0,8.0,8.0,9.0,7.04,1000.0,847.0,153.0,8937.0,3.0,3.0,3.0,19.61,3279.0,2345.0,934.0,12216.0,9.0,10.0,10.0,9.64,3447.0,1699.0,1748.0,15663.0,15.0,17.0,20.0,8.58,,,,,,,,,,,,,,,,,,,,,,,,,
4eb7f21d-5eae-43cc-bccd-2ccc6cb1ac69,2025-11-30 15:19:47 UTC,False,14139.0,CFOP,Gan 12 UI Maglev,RandomForest,4731.0,14139.0,,,gan12,custom_rules,,,,8.0,0.0,0.0,14139.0,55.0,55.0,65.0,3.89,7707.0,6432.0,2140.0,0.0,2140.0,2140.0,6.0,6.0,8.0,2.8,1304.0,1030.0,274.0,3444.0,5.0,5.0,6.0,18.25,1891.0,1690.0,201.0,5335.0,4.0,4.0,4.0,19.9,1919.0,935.0,984.0,7254.0,7.0,7.0,8.0,7.11,3011.0,2239.0,772.0,10265.0,8.0,8.0,11.0,10.36,1531.0,983.0,548.0,11796.0,9.0,9.0,10.0,16.42,2343.0,830.0,1513.0,14139.0,16.0,16.0,18.0,10.58,,,,,,,,,,,,,,,,,,,,,,,,,
7ea0acb5-0f39-4e67-800e-1cf34284d72e,2025-11-30 15:20:23 UTC,False,15093.0,CFOP,Gan 12 UI Maglev,RandomForest,10182.0,15093.0,,,gan12,custom_rules,,,,8.0,0.0,0.0,15093.0,53.0,53.0,59.0,3.51,2248.0,12845.0,10270.0,0.0,10270.0,10270.0,25.0,25.0,28.0,2.43,0.0,0.0,0.0,10270.0,0.0,0.0,0.0,0.0,0.0,0.0,0.0,10270.0,0.0,0.0,0.0,0.0,1803.0,935.0,868.0,12073.0,7.0,7.0,7.0,8.06,1409.0,628.0,781.0,13482.0,11.0,11.0,11.0,14.08,1611.0,685.0,926.0,15093.0,10.0,10.0,13.0,10.8,0.0,0.0,0.0,15093.0,0.0,0.0,0.0,0.0,,,,,,,,,,,,,,,,,,,,,,,,,
750734b0-c82e-4dd9-bbb9-751df7a6beb4,2025-11-30 15:20:57 UTC,False,18710.0,CFOP,Gan 12 UI Maglev,RandomForest,4239.0,18710.0,,,gan12,custom_rules,,,,8.0,0.0,0.0,18710.0,77.0,78.0,85.0,4.12,6350.0,12360.0,2101.0,0.0,2101.0,2101.0,9.0,9.0,10.0,4.28,2394.0,1177.0,1217.0,4495.0,8.0,8.0,11.0,6.57,4411.0,1087.0,3324.0,8906.0,12.0,12.0,13.0,3.61,2127.0,999.0,1128.0,11033.0,10.0,11.0,12.0,8.87,1892.0,893.0,999.0,12925.0,8.0,8.0,9.0,8.01,2321.0,702.0,1619.0,15246.0,13.0,13.0,13.0,8.03,3464.0,1492.0,1972.0,18710.0,17.0,17.0,17.0,8.62,,,,,,,,,,,,,,,,,,,,,,,,,
9561aed3-2a59-4b6f-b517-66533234ce2a,2025-11-30 15:21:37 UTC,False,17780.0,CFOP,Gan 12 UI Maglev,RandomForest,9915.0,17780.0,,,gan12,custom_rules,,,,8.0,0.0,0.0,17780.0,72.0,74.0,82.0,4.05,6457.0,11241.0,4131.0,0.0,4131.0,4213.0,7.0,7.0,9.0,1.69,2248.0,1442.0,806.0,6461.0,12.0,12.0,13.0,14.89,1803.0,884.0,919.0,8264.0,7.0,7.0,8.0,7.62,1883.0,532.0,1351.0,10147.0,7.0,7.0,8.0,5.18,1739.0,1239.0,500.0,11886.0,8.0,8.0,8.0,16.0,3254.0,1194.0,2060.0,15140.0,17.0,17.0,18.0,8.25,2640.0,1166.0,1474.0,17780.0,14.0,16.0,18.0,9.5,,,,,,,,,,,,,,,,,,,,,,,,,
b40ba896-d7e1-4063-b01b-902c725645a5,2025-11-30 15:22:04 UTC,False,13743.0,CFOP,Gan 12 UI Maglev,RandomForest,2214.0,13743.0,,,gan12,custom_rules,,,,8.0,0.0,0.0,13743.0,68.0,68.0,74.0,4.95,5179.0,8564.0,1846.0,0.0,1846.0,1846.0,8.0,8.0,9.0,4.33,1538.0,1063.0,475.0,3384.0,6.0,6.0,7.0,12.63,1709.0,1047.0,662.0,5093.0,8.0,8.0,10.0,12.08,3896.0,1352.0,2544.0,8989.0,14.0,14.0,15.0,5.5,378.0,113.0,265.0,9367.0,4.0,4.0,4.0,15.09,1580.0,710.0,870.0,10947.0,9.0,9.0,9.0,10.34,2796.0,894.0,1902.0,13743.0,19.0,19.0,20.0,9.99,,,,,,,,,,,,,,,,,,,,,,,,,
be9fe5a7-aabb-4770-ac5a-94f4b57ac912,2025-11-30 15:22:44 UTC,False,20229.0,CFOP,Gan 12 UI Maglev,RandomForest,11078.0,20229.0,,,gan12,custom_rules,,,,8.0,0.0,0.0,20229.0,83.0,83.0,99.0,4.1,5741.0,14392.0,2925.0,0.0,2925.0,3021.0,14.0,14.0,17.0,4.79,0.0,0.0,0.0,3021.0,0.0,0.0,0.0,0.0,3838.0,1339.0,2499.0,6859.0,10.0,10.0,12.0,4.0,1434.0,814.0,620.0,8293.0,7.0,7.0,8.0,11.29,2195.0,1332.0,863.0,10488.0,9.0,9.0,10.0,10.43,6505.0,404.0,6101.0,16993.0,32.0,32.0,36.0,5.25,3236.0,1852.0,1384.0,20229.0,11.0,11.0,16.0,7.95,,,,,,,,,,,,,,,,,,,,,,,,,
42ad045e-dd0c-493e-bcc8-150dadbc84e7,2025-11-30 15:23:15 UTC,False,17108.0,CFOP,Gan 12 UI Maglev,RandomForest,4518.0,17108.0,,,gan12,custom_rules,,,,8.0,0.0,0.0,17108.0,72.0,73.0,86.0,4.21,6106.0,10969.0,1144.0,0.0,1144.0,1177.0,5.0,5.0,7.0,4.37,3790.0,1221.0,2569.0,4967.0,7.0,7.0,8.0,2.72,2149.0,1158.0,991.0,7116.0,8.0,8.0,9.0,8.07,2823.0,682.0,2141.0,9939.0,11.0,11.0,13.0,5.14,1393.0,548.0,845.0,11332.0,11.0,11.0,12.0,13.02,2004.0,918.0,1086.0,13336.0,14.0,14.0,14.0,12.89,3772.0,1579.0,2193.0,17108.0,18.0,19.0,23.0,8.21,,,,,,,,,,,,,,,,,,,,,,,,,
ad07a8ad-fcae-415e-ac2e-d10bde07efa4,2025-11-30 15:23:58 UTC,False,15433.0,CFOP,Gan 12 UI Maglev,RandomForest,17681.0,15433.0,,,gan12,custom_rules,,,,8.0,0.0,0.0,15433.0,57.0,63.0,74.0,3.69,7194.0,8239.0,3010.0,0.0,3010.0,3010.0,9.0,9.0,10.0,2.99,1957.0,1361.0,596.0,4967.0,7.0,7.0,7.0,11.74,3732.0,2726.0,1006.0,8699.0,7.0,7.0,8.0,6.96,1338.0,500.0,838.0,10037.0,5.0,5.0,7.0,5.97,1293.0,834.0,459.0,11330.0,8.0,8.0,8.0,17.43,2180.0,798.0,1382.0,13510.0,12.0,14.0,14.0,8.68,1923.0,975.0,948.0,15433.0,9.0,13.0,20.0,9.49,,,,,,,,,,,,,,,,,,,,,,,,,
b4beed99-79ec-42fd-9897-94ffd962e88e,2025-11-30 15:24:58 UTC,False,19740.0,CFOP,Gan 12 UI Maglev,RandomForest,7050.0,19740.0,,,gan12,custom_rules,,,,8.0,0.0,0.0,19740.0,72.0,72.0,86.0,3.65,9216.0,10524.0,2783.0,0.0,2783.0,2783.0,7.0,7.0,10.0,2.52,3571.0,1769.0,1802.0,6354.0,11.0,11.0,12.0,6.1,2430.0,1390.0,1040.0,8784.0,7.0,7.0,8.0,6.73,2277.0,1641.0,636.0,11061.0,8.0,8.0,9.0,12.58,1731.0,1240.0,491.0,12792.0,8.0,8.0,8.0,16.29,2455.0,1263.0,1192.0,15247.0,11.0,11.0,14.0,9.23,4493.0,1913.0,2580.0,19740.0,20.0,20.0,25.0,7.75,,,,,,,,,,,,,,,,,,,,,,,,,
a6a6376e-e78c-4d1f-8124-9cffcce3ae86,2025-11-30 15:25:25 UTC,False,13849.0,CFOP,Gan 12 UI Maglev,RandomForest,4744.0,13849.0,,,gan12,custom_rules,,,,8.0,0.0,0.0,13849.0,59.0,61.0,69.0,4.26,7545.0,6304.0,1825.0,0.0,1825.0,1825.0,9.0,9.0,11.0,4.93,2792.0,2559.0,233.0,4617.0,4.0,4.0,5.0,17.17,996.0,452.0,544.0,5613.0,6.0,6.0,7.0,11.03,1908.0,1248.0,660.0,7521.0,8.0,8.0,10.0,12.12,1326.0,1108.0,218.0,8847.0,5.0,5.0,5.0,22.94,2532.0,1309.0,1223.0,11379.0,12.0,14.0,15.0,9.81,2470.0,869.0,1601.0,13849.0,15.0,15.0,16.0,9.37,,,,,,,,,,,,,,,,,,,,,,,,,
d42b2909-8d0b-4151-9dc3-7b15a39dd28e,2025-11-30 15:25:57 UTC,False,16161.0,CFOP,Gan 12 UI Maglev,RandomForest,5046.0,16161.0,,,gan12,custom_rules,,,,8.0,0.0,0.0,16161.0,67.0,67.0,74.0,4.15,7534.0,8627.0,2183.0,0.0,2183.0,2183.0,9.0,9.0,10.0,4.12,1857.0,1068.0,789.0,4040.0,8.0,8.0,10.0,10.14,2820.0,1167.0,1653.0,6860.0,12.0,12.0,12.0,7.26,1297.0,1039.0,258.0,8157.0,5.0,5.0,5.0,19.38,3440.0,2071.0,1369.0,11597.0,11.0,11.0,13.0,8.04,1746.0,980.0,766.0,13343.0,9.0,9.0,9.0,11.75,2818.0,1209.0,1609.0,16161.0,13.0,13.0,15.0,8.08,,,,,,,,,,,,,,,,,,,,,,,,,
78c60c04-a07f-4037-87f2-3bec1fc689be,2025-11-30 15:26:49 UTC,False,15811.0,CFOP,Gan 12 UI Maglev,RandomForest,26601.0,15811.0,,,gan12,custom_rules,,,,8.0,0.0,0.0,15811.0,58.0,59.0,63.0,3.67,5167.0,10644.0,6017.0,0.0,6017.0,6017.0,17.0,18.0,20.0,2.83,0.0,0.0,0.0,6017.0,0.0,0.0,0.0,0.0,0.0,0.0,0.0,6017.0,0.0,0.0,0.0,0.0,2079.0,1418.0,661.0,8096.0,8.0,8.0,9.0,12.1,1829.0,1128.0,701.0,9925.0,8.0,8.0,8.0,11.41,2564.0,1114.0,1450.0,12489.0,7.0,7.0,7.0,4.83,3322.0,1507.0,1815.0,15811.0,18.0,18.0,19.0,9.92,,,,,,,,,,,,,,,,,,,,,,,,,
645e0bc0-477d-4a59-ae77-1fbdff01ed6f,2025-11-30 15:27:35 UTC,False,15152.0,CFOP,Gan 12 UI Maglev,RandomForest,6481.0,15152.0,,,gan12,custom_rules,,,,8.0,0.0,0.0,15152.0,60.0,60.0,71.0,3.96,7209.0,7943.0,1241.0,0.0,1241.0,1241.0,5.0,5.0,7.0,4.03,2055.0,1587.0,468.0,3296.0,6.0,6.0,8.0,12.82,1821.0,942.0,879.0,5117.0,8.0,8.0,10.0,9.1,3020.0,660.0,2360.0,8137.0,13.0,13.0,15.0,5.51,1256.0,885.0,371.0,9393.0,7.0,7.0,7.0,18.87,1966.0,1048.0,918.0,11359.0,11.0,11.0,11.0,11.98,3793.0,2087.0,1706.0,15152.0,10.0,10.0,13.0,5.86,,,,,,,,,,,,,,,,,,,,,,,,,
b0c6b379-26b6-4365-b1d7-f08cb7a166c8,2025-11-30 15:28:07 UTC,False,18381.0,CFOP,Gan 12 UI Maglev,RandomForest,5005.0,18381.0,,,gan12,custom_rules,,,,8.0,0.0,0.0,18381.0,77.0,77.0,86.0,4.19,5571.0,12769.0,1642.0,0.0,1642.0,1683.0,7.0,7.0,8.0,4.26,3158.0,435.0,2723.0,4841.0,14.0,14.0,16.0,5.14,3299.0,1331.0,1968.0,8140.0,10.0,10.0,11.0,5.08,1836.0,580.0,1256.0,9976.0,11.0,11.0,12.0,8.76,1668.0,927.0,741.0,11644.0,8.0,8.0,8.0,10.8,2835.0,1250.0,1585.0,14479.0,10.0,10.0,10.0,6.31,3902.0,1048.0,2854.0,18381.0,17.0,17.0,21.0,5.96,,,,,,,,,,,,,,,,,,,,,,,,,
1e80ba6c-bd15-430a-a803-5e13648605a7,2025-11-30 15:28:38 UTC,False,14272.0,CFOP,Gan 12 UI Maglev,RandomForest,5094.0,14272.0,,,gan12,custom_rules,,,,8.0,0.0,0.0,14272.0,59.0,61.0,67.0,4.13,6669.0,7538.0,1289.0,0.0,1289.0,1354.0,5.0,5.0,6.0,3.88,1821.0,1378.0,443.0,3175.0,7.0,7.0,7.0,15.8,2642.0,1192.0,1450.0,5817.0,8.0,8.0,9.0,5.52,2142.0,1836.0,306.0,7959.0,3.0,3.0,4.0,9.8,1458.0,5.0,1453.0,9417.0,10.0,10.0,11.0,6.88,2232.0,1160.0,1072.0,11649.0,11.0,13.0,14.0,10.26,2623.0,1098.0,1525.0,14272.0,15.0,15.0,16.0,9.84,,,,,,,,,,,,,,,,,,,,,,,,,
76f88c12-91aa-49a8-99d6-61795bde3c13,2025-11-30 15:29:11 UTC,False,15653.0,CFOP,Gan 12 UI Maglev,RandomForest,6385.0,15653.0,,,gan12,custom_rules,,,,8.0,0.0,0.0,15653.0,66.0,67.0,80.0,4.22,7919.0,7734.0,1869.0,0.0,1869.0,1869.0,6.0,6.0,7.0,3.21,3182.0,2256.0,926.0,5051.0,8.0,8.0,10.0,8.64,1291.0,566.0,725.0,6342.0,11.0,11.0,11.0,15.17,2579.0,1169.0,1410.0,8921.0,13.0,14.0,14.0,9.22,1384.0,828.0,556.0,10305.0,8.0,8.0,9.0,14.39,2794.0,1561.0,1233.0,13099.0,11.0,11.0,15.0,8.92,2554.0,1539.0,1015.0,15653.0,10.0,10.0,14.0,9.85,,,,,,,,,,,,,,,,,,,,,,,,,
6e42cd68-c24e-4826-953b-970b4bf571d4,2025-11-30 15:29:48 UTC,False,17915.0,CFOP,Gan 12 UI Maglev,RandomForest,7053.0,17915.0,,,gan12,custom_rules,,,,8.0,0.0,0.0,17915.0,69.0,70.0,81.0,3.85,7267.0,10648.0,846.0,0.0,846.0,846.0,4.0,4.0,5.0,4.73,5242.0,662.0,4580.0,6088.0,10.0,10.0,12.0,2.18,2007.0,1806.0,201.0,8095.0,4.0,4.0,5.0,19.9,1993.0,701.0,1292.0,10088.0,9.0,9.0,10.0,6.97,1684.0,1031.0,653.0,11772.0,7.0,7.0,8.0,10.72,3035.0,1610.0,1425.0,14807.0,19.0,19.0,21.0,13.33,3108.0,1457.0,1651.0,17915.0,16.0,17.0,20.0,9.69,,,,,,,,,,,,,,,,,,,,,,,,,
a648f263-c12a-4576-a082-9eadf7e3a3af,2025-11-30 15:30:33 UTC,False,13357.0,CFOP,Gan 12 UI Maglev,RandomForest,21506.0,13357.0,,,gan12,custom_rules,,,,8.0,0.0,0.0,13357.0,58.0,62.0,74.0,4.34,5282.0,8019.0,782.0,0.0,782.0,838.0,4.0,4.0,5.0,5.12,3269.0,435.0,2834.0,4107.0,16.0,16.0,18.0,5.65,2217.0,1114.0,1103.0,6324.0,8.0,8.0,10.0,7.25,2037.0,1175.0,862.0,8361.0,7.0,7.0,8.0,8.12,1119.0,934.0,185.0,9480.0,6.0,6.0,6.0,32.43,1306.0,621.0,685.0,10786.0,8.0,8.0,8.0,11.68,2571.0,1003.0,1568.0,13357.0,9.0,13.0,19.0,5.74,,,,,,,,,,,,,,,,,,,,,,,,,
7a199670-ac55-4954-a993-c589cef1b2c1,2025-11-30 15:31:19 UTC,False,15325.0,CFOP,Gan 12 UI Maglev,RandomForest,19135.0,15325.0,,,gan12,custom_rules,,,,8.0,0.0,0.0,15325.0,70.0,70.0,83.0,4.57,6297.0,9028.0,2428.0,0.0,2428.0,2428.0,12.0,12.0,15.0,4.94,3510.0,2006.0,1504.0,5938.0,13.0,13.0,14.0,8.64,2205.0,772.0,1433.0,8143.0,8.0,8.0,10.0,5.58,1634.0,668.0,966.0,9777.0,11.0,11.0,12.0,11.39,1859.0,822.0,1037.0,11636.0,9.0,9.0,11.0,8.68,1917.0,1224.0,693.0,13553.0,8.0,8.0,9.0,11.54,1772.0,805.0,967.0,15325.0,9.0,9.0,12.0,9.31,,,,,,,,,,,,,,,,,,,,,,,,,
07172eaf-99f3-4f81-9335-eafe082882e1,2025-11-30 15:31:50 UTC,False,14438.0,CFOP,Gan 12 UI Maglev,RandomForest,4423.0,14438.0,,,gan12,custom_rules,,,,8.0,0.0,0.0,14438.0,59.0,59.0,64.0,4.09,7728.0,6710.0,773.0,0.0,773.0,773.0,5.0,5.0,5.0,6.47,1844.0,1305.0,539.0,2617.0,6.0,6.0,7.0,11.13,1201.0,532.0,669.0,3818.0,7.0,7.0,7.0,10.46,3133.0,2440.0,693.0,6951.0,8.0,8.0,10.0,11.54,2127.0,1490.0,637.0,9078.0,8.0,8.0,10.0,12.56,1213.0,682.0,531.0,10291.0,8.0,8.0,8.0,15.07,4147.0,1279.0,2868.0,14438.0,17.0,17.0,17.0,5.93,,,,,,,,,,,,,,,,,,,,,,,,,
733285fe-9cb9-484f-aebe-57a10076e1bd,2025-11-30 15:32:26 UTC,False,13852.0,CFOP,Gan 12 UI Maglev,RandomForest,7093.0,13852.0,,,gan12,custom_rules,,,,8.0,0.0,0.0,13852.0,78.0,79.0,81.0,5.63,6061.0,7791.0,1023.0,0.0,1023.0,1023.0,6.0,7.0,7.0,5.87,2426.0,1572.0,854.0,3449.0,8.0,8.0,8.0,9.37,1880.0,687.0,1193.0,5329.0,7.0,7.0,8.0,5.87,1667.0,1015.0,652.0,6996.0,12.0,12.0,12.0,18.4,1861.0,1015.0,846.0,8857.0,8.0,8.0,8.0,9.46,2473.0,902.0,1571.0,11330.0,19.0,19.0,19.0,12.09,2522.0,870.0,1652.0,13852.0,18.0,18.0,19.0,10.9,,,,,,,,,,,,,,,,,,,,,,,,,
93ce8ff0-1783-4548-941b-7a0f83297821,2025-11-30 15:32:58 UTC,False,15721.0,CFOP,Gan 12 UI Maglev,RandomForest,6219.0,15721.0,,,gan12,custom_rules,,,,8.0,0.0,0.0,15721.0,76.0,77.0,83.0,4.83,6236.0,9485.0,1258.0,0.0,1258.0,1258.0,6.0,6.0,8.0,4.77,4520.0,2418.0,2102.0,5778.0,11.0,11.0,12.0,5.23,1909.0,935.0,974.0,7687.0,8.0,8.0,9.0,8.21,3244.0,709.0,2535.0,10931.0,12.0,13.0,14.0,4.73,788.0,314.0,474.0,11719.0,8.0,8.0,8.0,16.88,2030.0,830.0,1200.0,13749.0,17.0,17.0,17.0,14.17,1972.0,1030.0,942.0,15721.0,14.0,14.0,15.0,14.86,,,,,,,,,,,,,,,,,,,,,,,,,
4e72fb2f-a809-4e9f-8c44-a1e4f1b581bf,2025-11-30 15:33:39 UTC,False,19094.0,CFOP,Gan 12 UI Maglev,RandomForest,12097.0,19094.0,,,gan12,custom_rules,,,,8.0,0.0,0.0,19094.0,74.0,75.0,88.0,3.88,6656.0,12438.0,1617.0,0.0,1617.0,1617.0,7.0,7.0,9.0,4.33,3092.0,1795.0,1297.0,4709.0,9.0,9.0,12.0,6.94,1506.0,458.0,1048.0,6215.0,8.0,8.0,8.0,7.63,1149.0,265.0,884.0,7364.0,7.0,7.0,7.0,7.92,1604.0,459.0,1145.0,8968.0,8.0,8.0,9.0,6.99,7290.0,2125.0,5165.0,16258.0,25.0,25.0,28.0,4.84,2836.0,1554.0,1282.0,19094.0,11.0,11.0,15.0,8.58,,,,,,,,,,,,,,,,,,,,,,,,,
f6ea9efa-8cf1-4c1f-b83c-a3ed7ce94d2f,2025-11-30 15:34:19 UTC,False,21043.0,CFOP,Gan 12 UI Maglev,RandomForest,7037.0,21043.0,,,gan12,custom_rules,,,,8.0,0.0,0.0,21043.0,76.0,78.0,88.0,3.61,11243.0,9800.0,1610.0,0.0,1610.0,1610.0,8.0,8.0,9.0,4.97,4122.0,3333.0,789.0,5732.0,9.0,9.0,10.0,11.41,3279.0,2393.0,886.0,9011.0,8.0,8.0,10.0,9.03,2274.0,1442.0,832.0,11285.0,6.0,7.0,8.0,7.21,2096.0,1596.0,500.0,13381.0,7.0,7.0,7.0,14.0,3399.0,942.0,2457.0,16780.0,20.0,20.0,21.0,8.14,4263.0,1537.0,2726.0,21043.0,18.0,19.0,23.0,6.6,,,,,,,,,,,,,,,,,,,,,,,,,
c3eced11-7d8a-4a21-a95a-cc63730797cd,2025-11-30 15:34:50 UTC,False,15880.0,CFOP,Gan 12 UI Maglev,RandomForest,7272.0,15880.0,,,gan12,custom_rules,,,,8.0,0.0,0.0,15880.0,65.0,66.0,69.0,4.09,5576.0,10304.0,5085.0,0.0,5085.0,5085.0,14.0,14.0,14.0,2.75,957.0,748.0,209.0,6042.0,4.0,4.0,4.0,19.14,2475.0,847.0,1628.0,8517.0,11.0,11.0,11.0,6.76,1515.0,1201.0,314.0,10032.0,3.0,3.0,4.0,9.55,1531.0,1112.0,419.0,11563.0,7.0,7.0,7.0,16.71,1732.0,572.0,1160.0,13295.0,10.0,11.0,11.0,8.62,2585.0,1096.0,1489.0,15880.0,16.0,16.0,18.0,10.75,,,,,,,,,,,,,,,,,,,,,,,,,
c21b6a67-0808-41d6-960a-1d36f8574513,2025-11-30 15:35:19 UTC,False,12249.0,CFOP,Gan 12 UI Maglev,RandomForest,5892.0,12249.0,,,gan12,custom_rules,,,,8.0,0.0,0.0,12249.0,61.0,61.0,66.0,4.98,4962.0,7287.0,1306.0,0.0,1306.0,1306.0,7.0,7.0,7.0,5.36,1835.0,1077.0,758.0,3141.0,7.0,7.0,7.0,9.23,1409.0,524.0,885.0,4550.0,8.0,8.0,10.0,9.04,1431.0,694.0,737.0,5981.0,8.0,8.0,9.0,10.85,1683.0,855.0,828.0,7664.0,7.0,7.0,9.0,8.45,1295.0,653.0,642.0,8959.0,6.0,6.0,6.0,9.35,3290.0,1159.0,2131.0,12249.0,18.0,18.0,18.0,8.45,,,,,,,,,,,,,,,,,,,,,,,,,
7b36238c-0e20-48e2-92d4-aee6bb536318,2025-11-30 15:36:04 UTC,False,28085.0,CFOP,Gan 12 UI Maglev,RandomForest,5717.0,28085.0,,,gan12,custom_rules,,,,8.0,0.0,0.0,28085.0,73.0,74.0,85.0,2.6,7075.0,21010.0,14493.0,0.0,14493.0,14493.0,23.0,23.0,28.0,1.59,0.0,0.0,0.0,14493.0,0.0,0.0,0.0,0.0,2643.0,1306.0,1337.0,17136.0,7.0,7.0,8.0,5.24,1951.0,1170.0,781.0,19087.0,8.0,8.0,9.0,10.24,2739.0,2167.0,572.0,21826.0,8.0,8.0,8.0,13.99,2603.0,1215.0,1388.0,24429.0,12.0,12.0,13.0,8.65,3656.0,1217.0,2439.0,28085.0,15.0,16.0,19.0,6.15,,,,,,,,,,,,,,,,,,,,,,,,,
7f7ee710-6d1a-4c36-a237-301f18f9e5b1,2025-11-30 15:36:39 UTC,False,18594.0,CFOP,Gan 12 UI Maglev,RandomForest,6991.0,18594.0,,,gan12,custom_rules,,,,8.0,0.0,0.0,18594.0,69.0,69.0,81.0,3.71,8875.0,9719.0,1513.0,0.0,1513.0,1513.0,7.0,7.0,7.0,4.63,4372.0,1689.0,2683.0,5885.0,11.0,11.0,12.0,4.1,2222.0,1666.0,556.0,8107.0,5.0,5.0,6.0,8.99,2554.0,1474.0,1080.0,10661.0,9.0,9.0,11.0,8.33,2365.0,1801.0,564.0,13026.0,8.0,8.0,8.0,14.18,2455.0,838.0,1617.0,15481.0,12.0,12.0,17.0,7.42,3113.0,1407.0,1706.0,18594.0,17.0,17.0,20.0,9.96,,,,,,,,,,,,,,,,,,,,,,,,,
43e2f100-b6b9-4db9-ae63-3c96fa9e7d68,2025-11-30 15:37:17 UTC,False,18787.0,CFOP,Gan 12 UI Maglev,RandomForest,7621.0,18787.0,,,gan12,custom_rules,,,,8.0,0.0,0.0,18787.0,72.0,74.0,87.0,3.83,5796.0,12991.0,4830.0,0.0,4830.0,4830.0,8.0,8.0,9.0,1.66,2849.0,1137.0,1712.0,7679.0,11.0,11.0,12.0,6.43,1764.0,991.0,773.0,9443.0,8.0,8.0,10.0,10.35,1192.0,628.0,564.0,10635.0,8.0,8.0,8.0,14.18,2532.0,665.0,1867.0,13167.0,11.0,11.0,12.0,5.89,2086.0,942.0,1144.0,15253.0,10.0,10.0,15.0,8.74,3534.0,1433.0,2101.0,18787.0,16.0,18.0,21.0,7.62,,,,,,,,,,,,,,,,,,,,,,,,,
df198662-a210-4b1b-a977-25b301656031,2025-11-30 15:37:49 UTC,False,14772.0,CFOP,Gan 12 UI Maglev,RandomForest,6788.0,14772.0,,,gan12,custom_rules,,,,8.0,0.0,0.0,14772.0,62.0,70.0,79.0,4.2,5387.0,9385.0,3969.0,0.0,3969.0,3969.0,14.0,15.0,17.0,3.53,0.0,0.0,0.0,3969.0,0.0,0.0,0.0,0.0,2964.0,516.0,2448.0,6933.0,12.0,13.0,13.0,4.9,765.0,604.0,161.0,7698.0,3.0,3.0,3.0,18.63,2182.0,1191.0,991.0,9880.0,12.0,12.0,12.0,12.11,2956.0,1964.0,992.0,12836.0,12.0,14.0,16.0,12.1,1936.0,1112.0,824.0,14772.0,9.0,13.0,18.0,10.92,,,,,,,,,,,,,,,,,,,,,,,,,
7296deb9-1710-47a8-9fb8-6ce4622f80cf,2025-11-30 15:38:16 UTC,False,15453.0,CFOP,Gan 12 UI Maglev,RandomForest,4287.0,15453.0,,,gan12,custom_rules,,,,8.0,0.0,0.0,15453.0,73.0,74.0,79.0,4.72,5161.0,10292.0,3362.0,0.0,3362.0,3362.0,12.0,12.0,12.0,3.57,2287.0,2126.0,161.0,5649.0,4.0,4.0,4.0,24.84,2601.0,739.0,1862.0,8250.0,12.0,13.0,14.0,6.44,1684.0,870.0,814.0,9934.0,7.0,7.0,8.0,8.6,3278.0,564.0,2714.0,13212.0,23.0,23.0,25.0,8.47,0.0,0.0,0.0,13212.0,0.0,0.0,0.0,0.0,2241.0,862.0,1379.0,15453.0,15.0,15.0,16.0,10.88,,,,,,,,,,,,,,,,,,,,,,,,,
2bb4e8aa-b69c-4ab0-974f-8f75b3f143ba,2025-11-30 15:38:52 UTC,False,16575.0,CFOP,Gan 12 UI Maglev,RandomForest,8543.0,16575.0,,,gan12,custom_rules,,,,8.0,0.0,0.0,16575.0,75.0,77.0,87.0,4.52,5967.0,10608.0,1120.0,0.0,1120.0,1120.0,6.0,6.0,7.0,5.36,4976.0,853.0,4123.0,6096.0,20.0,20.0,22.0,4.85,2449.0,1039.0,1410.0,8545.0,9.0,10.0,12.0,6.38,1654.0,919.0,735.0,10199.0,8.0,8.0,8.0,10.88,1684.0,879.0,805.0,11883.0,8.0,8.0,9.0,9.94,1826.0,1013.0,813.0,13709.0,9.0,9.0,10.0,11.07,2866.0,1264.0,1602.0,16575.0,15.0,16.0,19.0,9.36,,,,,,,,,,,,,,,,,,,,,,,,,
03b41f4a-0326-4236-87a0-d4a35e78d425,2025-11-30 15:39:37 UTC,False,30501.0,CFOP,Gan 12 UI Maglev,RandomForest,4782.0,30501.0,,,gan12,custom_rules,,,,8.0,0.0,0.0,30501.0,95.0,95.0,105.0,3.11,7753.0,22748.0,2547.0,0.0,2547.0,2547.0,7.0,7.0,8.0,2.75,4850.0,169.0,4681.0,7397.0,11.0,11.0,12.0,2.35,2770.0,1336.0,1434.0,10167.0,9.0,9.0,10.0,6.28,4505.0,2240.0,2265.0,14672.0,14.0,14.0,17.0,6.18,3075.0,1851.0,1224.0,17747.0,9.0,9.0,11.0,7.35,2575.0,1029.0,1546.0,20322.0,12.0,12.0,12.0,7.76,10179.0,1128.0,9051.0,30501.0,33.0,33.0,35.0,3.65,,,,,,,,,,,,,,,,,,,,,,,,,
6449b3a0-897e-484e-a4d0-6df18beeef0d,2025-11-30 15:40:13 UTC,False,17877.0,CFOP,Gan 12 UI Maglev,RandomForest,10026.0,17877.0,,,gan12,custom_rules,,,,8.0,0.0,0.0,17877.0,76.0,76.0,84.0,4.25,4920.0,12957.0,6148.0,0.0,6148.0,6148.0,22.0,22.0,24.0,3.58,0.0,0.0,0.0,6148.0,0.0,0.0,0.0,0.0,2342.0,636.0,1706.0,8490.0,11.0,11.0,12.0,6.45,1176.0,918.0,258.0,9666.0,3.0,3.0,4.0,11.63,2621.0,1297.0,1324.0,12287.0,11.0,11.0,13.0,8.31,2489.0,1192.0,1297.0,14776.0,10.0,10.0,10.0,7.71,3101.0,877.0,2224.0,17877.0,19.0,19.0,21.0,8.54,,,,,,,,,,,,,,,,,,,,,,,,,
6865d823-b7c9-4e05-97a8-861dbb8a3672,2025-11-30 15:40:51 UTC,False,16519.0,CFOP,Gan 12 UI Maglev,RandomForest,8972.0,16519.0,,,gan12,custom_rules,,,,8.0,0.0,0.0,16519.0,69.0,70.0,76.0,4.18,7586.0,8933.0,1434.0,0.0,1434.0,1434.0,5.0,5.0,6.0,3.49,2352.0,1167.0,1185.0,3786.0,8.0,8.0,10.0,6.75,3055.0,1742.0,1313.0,6841.0,8.0,8.0,8.0,6.09,1909.0,999.0,910.0,8750.0,7.0,7.0,7.0,7.69,1700.0,1104.0,596.0,10450.0,8.0,8.0,8.0,13.42,2347.0,897.0,1450.0,12797.0,18.0,18.0,18.0,12.41,3722.0,1677.0,2045.0,16519.0,15.0,16.0,19.0,7.33,,,,,,,,,,,,,,,,,,,,,,,,,
4f72a636-78c3-4d08-92c6-92cff544eb2e,2025-11-30 15:41:26 UTC,False,21891.0,CFOP,Gan 12 UI Maglev,RandomForest,4271.0,21891.0,,,gan12,custom_rules,,,,8.0,0.0,0.0,21891.0,89.0,89.0,100.0,4.07,6536.0,15355.0,1443.0,0.0,1443.0,1443.0,5.0,5.0,6.0,3.47,6602.0,758.0,5844.0,8045.0,19.0,19.0,22.0,3.25,1305.0,790.0,515.0,9350.0,8.0,8.0,9.0,15.53,4414.0,1321.0,3093.0,13764.0,18.0,18.0,19.0,5.82,1903.0,886.0,1017.0,15667.0,8.0,8.0,10.0,7.87,2823.0,1500.0,1323.0,18490.0,12.0,12.0,14.0,9.07,3401.0,1281.0,2120.0,21891.0,19.0,19.0,20.0,8.96,,,,,,,,,,,,,,,,,,,,,,,,,
1146a109-7ace-454f-b4d3-0c6b8f05e5e0,2025-11-30 15:42:03 UTC,False,18702.0,CFOP,Gan 12 UI Maglev,RandomForest,7884.0,18702.0,,,gan12,custom_rules,,,,8.0,0.0,0.0,18702.0,67.0,68.0,78.0,3.58,6438.0,12199.0,3616.0,0.0,3616.0,3681.0,6.0,6.0,8.0,1.66,4126.0,1791.0,2335.0,7807.0,12.0,12.0,13.0,5.14,1654.0,985.0,669.0,9461.0,7.0,7.0,8.0,10.46,3370.0,1043.0,2327.0,12831.0,10.0,10.0,12.0,4.3,1488.0,636.0,852.0,14319.0,11.0,11.0,11.0,12.91,1667.0,661.0,1006.0,15986.0,7.0,7.0,8.0,6.96,2716.0,1322.0,1394.0,18702.0,15.0,16.0,18.0,10.76,,,,,,,,,,,,,,,,,,,,,,,,,
871dcd50-e9dc-48d8-95a1-90ebb13e4d5e,2025-11-30 15:42:34 UTC,False,16154.0,CFOP,Gan 12 UI Maglev,RandomForest,4637.0,16154.0,,,gan12,custom_rules,,,,8.0,0.0,0.0,16154.0,63.0,66.0,75.0,3.9,6110.0,9980.0,3287.0,0.0,3287.0,3351.0,8.0,8.0,10.0,2.43,1564.0,935.0,629.0,4915.0,6.0,6.0,7.0,9.54,2593.0,887.0,1706.0,7508.0,10.0,10.0,12.0,5.86,2399.0,1618.0,781.0,9907.0,7.0,8.0,8.0,8.96,1901.0,869.0,1032.0,11808.0,7.0,7.0,9.0,6.78,1586.0,772.0,814.0,13394.0,10.0,11.0,11.0,12.29,2760.0,1029.0,1731.0,16154.0,15.0,16.0,18.0,8.67,,,,,,,,,,,,,,,,,,,,,,,,,
3298b3e5-3f25-415e-a28f-285afc893729,2025-11-30 15:43:06 UTC,False,17125.0,CFOP,Gan 12 UI Maglev,RandomForest,6285.0,17125.0,,,gan12,custom_rules,,,,8.0,0.0,0.0,17125.0,69.0,69.0,77.0,4.03,6991.0,10134.0,3238.0,0.0,3238.0,3238.0,12.0,12.0,15.0,3.71,0.0,0.0,0.0,3238.0,0.0,0.0,0.0,0.0,2354.0,1603.0,751.0,5592.0,9.0,9.0,9.0,11.98,2458.0,1724.0,734.0,8050.0,8.0,8.0,9.0,10.9,2867.0,960.0,1907.0,10917.0,8.0,8.0,10.0,4.2,2764.0,1684.0,1080.0,13681.0,12.0,12.0,13.0,11.11,3444.0,1020.0,2424.0,17125.0,20.0,20.0,21.0,8.25,,,,,,,,,,,,,,,,,,,,,,,,,
65e78393-afa2-45d7-b406-ffcf4bb71ece,2025-11-30 15:44:05 UTC,False,36882.0,CFOP,Gan 12 UI Maglev,RandomForest,9882.0,36882.0,,,gan12,custom_rules,,,,8.0,0.0,0.0,36882.0,148.0,150.0,164.0,4.01,5620.0,31262.0,4378.0,0.0,4378.0,4378.0,12.0,12.0,13.0,2.74,1614.0,703.0,911.0,5992.0,8.0,8.0,9.0,8.78,2031.0,790.0,1241.0,8023.0,10.0,10.0,10.0,8.06,2033.0,1259.0,774.0,10056.0,8.0,8.0,11.0,10.34,1444.0,630.0,814.0,11500.0,12.0,12.0,12.0,14.74,1555.0,1015.0,540.0,13055.0,9.0,9.0,10.0,16.67,23827.0,1223.0,22604.0,36882.0,89.0,91.0,99.0,3.94,,,,,,,,,,,,,,,,,,,,,,,,,
e64284dc-5f7a-44fa-93db-9c1cad2a25f9,2025-11-30 15:44:40 UTC,False,16977.0,CFOP,Gan 12 UI Maglev,RandomForest,4117.0,16977.0,,,gan12,custom_rules,,,,8.0,0.0,0.0,16977.0,62.0,62.0,75.0,3.65,6345.0,10632.0,2422.0,0.0,2422.0,2422.0,5.0,5.0,7.0,2.06,2474.0,1716.0,758.0,4896.0,8.0,8.0,9.0,10.55,2834.0,1080.0,1754.0,7730.0,10.0,10.0,11.0,5.7,2399.0,887.0,1512.0,10129.0,11.0,11.0,12.0,7.28,2022.0,639.0,1383.0,12151.0,8.0,8.0,9.0,5.78,2706.0,1224.0,1482.0,14857.0,10.0,10.0,14.0,6.75,2120.0,799.0,1321.0,16977.0,10.0,10.0,13.0,7.57,,,,,,,,,,,,,,,,,,,,,,,,,
376a5f53-6bb8-4b21-ad96-275989e0b9b8,2025-11-30 15:45:13 UTC,False,18854.0,CFOP,Gan 12 UI Maglev,RandomForest,4060.0,18854.0,,,gan12,custom_rules,,,,8.0,0.0,0.0,18854.0,77.0,79.0,85.0,4.08,6971.0,11883.0,6998.0,0.0,6998.0,6998.0,29.0,29.0,32.0,4.14,0.0,0.0,0.0,6998.0,0.0,0.0,0.0,0.0,1545.0,1003.0,542.0,8543.0,3.0,3.0,3.0,5.54,2015.0,1344.0,671.0,10558.0,8.0,8.0,9.0,11.92,2379.0,1580.0,799.0,12937.0,8.0,8.0,9.0,10.01,2647.0,1499.0,1148.0,15584.0,12.0,14.0,15.0,10.45,3270.0,1545.0,1725.0,18854.0,17.0,17.0,17.0,9.86,,,,,,,,,,,,,,,,,,,,,,,,,
e8ec25d0-3429-4a51-929d-6754ad7c3182,2025-11-30 15:45:43 UTC,False,16511.0,CFOP,Gan 12 UI Maglev,RandomForest,2365.0,16511.0,,,gan12,custom_rules,,,,8.0,0.0,0.0,16511.0,66.0,66.0,76.0,4.0,6075.0,10436.0,1032.0,0.0,1032.0,1032.0,5.0,5.0,7.0,4.84,2080.0,1226.0,854.0,3112.0,8.0,8.0,9.0,9.37,1670.0,1066.0,604.0,4782.0,8.0,8.0,9.0,13.25,5462.0,897.0,4565.0,10244.0,15.0,15.0,17.0,3.29,1639.0,802.0,837.0,11883.0,8.0,8.0,10.0,9.56,2024.0,945.0,1079.0,13907.0,7.0,7.0,8.0,6.49,2604.0,1139.0,1465.0,16511.0,15.0,15.0,16.0,10.24,,,,,,,,,,,,,,,,,,,,,,,,,
184a3537-63fc-4632-ab20-afedc3886410,2025-11-30 15:46:24 UTC,False,18805.0,CFOP,Gan 12 UI Maglev,RandomForest,12650.0,18805.0,,,gan12,custom_rules,,,,8.0,0.0,0.0,18805.0,65.0,67.0,70.0,3.46,10005.0,8800.0,1833.0,0.0,1833.0,1833.0,7.0,7.0,7.0,3.82,3173.0,2457.0,716.0,5006.0,7.0,7.0,7.0,9.78,4393.0,2497.0,1896.0,9399.0,9.0,9.0,9.0,4.75,1363.0,611.0,752.0,10762.0,7.0,7.0,7.0,9.31,1665.0,627.0,1038.0,12427.0,12.0,12.0,12.0,11.56,1967.0,1350.0,617.0,14394.0,8.0,8.0,9.0,12.97,4411.0,2463.0,1948.0,18805.0,15.0,17.0,19.0,7.7,,,,,,,,,,,,,,,,,,,,,,,,,
cc0b1764-182e-46a2-a667-41b6adbe449c,2025-11-30 15:46:54 UTC,False,13795.0,CFOP,Gan 12 UI Maglev,RandomForest,5804.0,13795.0,,,gan12,custom_rules,,,,8.0,0.0,0.0,13795.0,62.0,64.0,72.0,4.49,5547.0,8248.0,1507.0,0.0,1507.0,1507.0,9.0,9.0,9.0,5.97,2217.0,155.0,2062.0,3724.0,9.0,10.0,10.0,4.36,2168.0,1145.0,1023.0,5892.0,6.0,6.0,8.0,5.87,1750.0,985.0,765.0,7642.0,8.0,8.0,10.0,10.46,2231.0,1490.0,741.0,9873.0,7.0,7.0,8.0,9.45,1186.0,677.0,509.0,11059.0,9.0,9.0,9.0,17.68,2736.0,1095.0,1641.0,13795.0,15.0,16.0,18.0,9.14,,,,,,,,,,,,,,,,,,,,,,,,,
e90eaf08-9774-4166-bc30-82b13583157a,2025-11-30 18:03:05 UTC,False,12784.0,CFOP,Gan 12 UI Maglev,RandomForest,15470.0,12784.0,,,gan12,custom_rules,,,,8.0,0.0,0.0,12784.0,53.0,55.0,61.0,4.15,7660.0,5092.0,956.0,0.0,956.0,988.0,5.0,6.0,7.0,5.23,2525.0,1905.0,620.0,3513.0,6.0,6.0,7.0,9.68,1447.0,773.0,674.0,4960.0,10.0,10.0,10.0,14.84,1760.0,1144.0,616.0,6720.0,8.0,8.0,8.0,12.99,1696.0,1316.0,380.0,8416.0,3.0,3.0,3.0,7.89,1828.0,1190.0,638.0,10244.0,7.0,7.0,9.0,10.97,2540.0,1332.0,1208.0,12784.0,14.0,15.0,17.0,11.59,,,,,,,,,,,,,,,,,,,,,,,,,
824094ba-994e-42f4-9e2a-7fe01711facb,2025-11-30 18:03:50 UTC,False,16005.0,CFOP,Gan 12 UI Maglev,RandomForest,18241.0,16005.0,,,gan12,custom_rules,,,,8.0,0.0,0.0,16005.0,66.0,68.0,71.0,4.12,6131.0,9874.0,3214.0,0.0,3214.0,3214.0,7.0,8.0,9.0,2.18,1631.0,606.0,1025.0,4845.0,7.0,7.0,7.0,6.83,2355.0,977.0,1378.0,7200.0,11.0,12.0,12.0,7.98,1876.0,1069.0,807.0,9076.0,7.0,7.0,9.0,8.67,2846.0,1169.0,1677.0,11922.0,9.0,9.0,9.0,5.37,1201.0,725.0,476.0,13123.0,9.0,9.0,9.0,18.91,2882.0,1585.0,1297.0,16005.0,16.0,16.0,16.0,12.34,,,,,,,,,,,,,,,,,,,,,,,,,
0e958f64-66c9-4f50-b491-7f1cd1d1cd6d,2025-11-30 18:04:38 UTC,False,20106.0,CFOP,Gan 12 UI Maglev,RandomForest,10121.0,18106.0,U3,,gan12,custom_rules,,,,8.0,0.0,0.0,18106.0,70.0,74.0,86.0,3.87,4801.0,13305.0,7547.0,0.0,7547.0,7547.0,20.0,23.0,27.0,2.65,0.0,0.0,0.0,7547.0,0.0,0.0,0.0,0.0,0.0,0.0,0.0,7547.0,0.0,0.0,0.0,0.0,3158.0,745.0,2413.0,10705.0,12.0,12.0,13.0,4.97,1915.0,1070.0,845.0,12620.0,10.0,10.0,12.0,11.83,2578.0,1461.0,1117.0,15198.0,10.0,10.0,12.0,8.95,2908.0,1525.0,1383.0,18106.0,17.0,18.0,21.0,12.29,,,,,,,,,,,,,,,,,,,,,,,,,
996447c9-2dc2-4c33-b10c-6f7765aad5ed,2025-11-30 18:05:23 UTC,False,15330.0,CFOP,Gan 12 UI Maglev,RandomForest,18531.0,15330.0,,,gan12,custom_rules,,,,8.0,0.0,0.0,15330.0,58.0,59.0,67.0,3.78,8794.0,6536.0,314.0,0.0,314.0,314.0,3.0,3.0,3.0,9.55,2059.0,974.0,1085.0,2373.0,8.0,8.0,10.0,7.37,3036.0,2457.0,579.0,5409.0,8.0,8.0,9.0,13.82,2175.0,1012.0,1163.0,7584.0,8.0,8.0,10.0,6.88,1943.0,1616.0,327.0,9527.0,5.0,5.0,5.0,15.29,1986.0,812.0,1174.0,11513.0,10.0,10.0,10.0,8.52,3817.0,1923.0,1894.0,15330.0,16.0,17.0,20.0,8.45,,,,,,,,,,,,,,,,,,,,,,,,,
ceb3429d-966b-47ab-a064-24d9099eb8f0,2025-11-30 18:05:59 UTC,False,20732.0,CFOP,Gan 12 UI Maglev,RandomForest,6247.0,20732.0,,,gan12,custom_rules,,,,8.0,0.0,0.0,20732.0,78.0,80.0,96.0,3.76,6081.0,14651.0,1225.0,0.0,1225.0,1225.0,9.0,10.0,10.0,7.35,4250.0,250.0,4000.0,5475.0,12.0,12.0,14.0,3.0,2092.0,1505.0,587.0,7567.0,7.0,7.0,7.0,11.93,1455.0,766.0,689.0,9022.0,7.0,7.0,7.0,10.16,3199.0,548.0,2651.0,12221.0,10.0,10.0,13.0,3.77,5137.0,1208.0,3929.0,17358.0,23.0,23.0,28.0,5.85,3374.0,1804.0,1570.0,20732.0,11.0,11.0,17.0,7.01,,,,,,,,,,,,,,,,,,,,,,,,,
256d3098-5d34-4c48-b648-7dcad82e2108,2025-11-30 18:06:47 UTC,False,19113.0,CFOP,Gan 12 UI Maglev,RandomForest,18518.0,19113.0,,,gan12,custom_rules,,,,8.0,0.0,0.0,19113.0,70.0,71.0,81.0,3.66,6418.0,12695.0,2373.0,0.0,2373.0,2373.0,7.0,7.0,8.0,2.95,2502.0,1689.0,813.0,4875.0,7.0,7.0,8.0,8.61,2306.0,1243.0,1063.0,7181.0,8.0,8.0,8.0,7.53,564.0,411.0,153.0,7745.0,3.0,3.0,3.0,19.61,2920.0,1507.0,1413.0,10665.0,8.0,8.0,12.0,5.66,2639.0,740.0,1899.0,13304.0,10.0,11.0,12.0,5.27,5809.0,828.0,4981.0,19113.0,27.0,27.0,30.0,5.42,,,,,,,,,,,,,,,,,,,,,,,,,
99280f78-3250-44f5-a189-88599f6bc74b,2025-11-30 18:07:31 UTC,False,14274.0,CFOP,Gan 12 UI Maglev,RandomForest,15369.0,14274.0,,,gan12,custom_rules,,,,8.0,0.0,0.0,14274.0,60.0,61.0,66.0,4.2,4968.0,9218.0,533.0,0.0,533.0,621.0,3.0,3.0,5.0,5.63,2939.0,64.0,2875.0,3560.0,10.0,10.0,10.0,3.48,2164.0,701.0,1463.0,5724.0,12.0,12.0,12.0,8.2,3188.0,1538.0,1650.0,8912.0,6.0,6.0,6.0,3.64,1267.0,847.0,420.0,10179.0,7.0,7.0,7.0,16.67,1507.0,837.0,670.0,11686.0,7.0,7.0,7.0,10.45,2588.0,981.0,1607.0,14274.0,16.0,17.0,19.0,9.96,,,,,,,,,,,,,,,,,,,,,,,,,
02e19746-0d9d-4582-b1fd-e66347c4e08b,2025-11-30 18:08:07 UTC,False,20336.0,CFOP,Gan 12 UI Maglev,RandomForest,7772.0,20336.0,,,gan12,custom_rules,,,,8.0,0.0,0.0,20336.0,79.0,91.0,114.0,3.88,3250.0,17030.0,10810.0,0.0,10810.0,10866.0,38.0,41.0,45.0,3.52,0.0,0.0,0.0,10866.0,0.0,0.0,0.0,0.0,0.0,0.0,0.0,10866.0,0.0,0.0,0.0,0.0,1796.0,867.0,929.0,12662.0,8.0,8.0,8.0,8.61,1432.0,540.0,892.0,14094.0,8.0,8.0,11.0,8.97,1388.0,620.0,768.0,15482.0,9.0,10.0,10.0,11.72,4854.0,1223.0,3631.0,20336.0,16.0,24.0,40.0,4.41,,,,,,,,,,,,,,,,,,,,,,,,,
343cfef8-1fba-4935-ba3c-7feeb01db5ff,2025-11-30 18:08:45 UTC,False,18961.0,CFOP,Gan 12 UI Maglev,RandomForest,7516.0,18961.0,,,gan12,custom_rules,,,,8.0,0.0,0.0,18961.0,72.0,74.0,81.0,3.8,7582.0,11379.0,1322.0,0.0,1322.0,1322.0,7.0,7.0,7.0,5.3,2733.0,741.0,1992.0,4055.0,10.0,10.0,11.0,5.02,3221.0,2207.0,1014.0,7276.0,9.0,9.0,10.0,8.88,2506.0,735.0,1771.0,9782.0,9.0,9.0,10.0,5.08,3590.0,1543.0,2047.0,13372.0,9.0,9.0,9.0,4.4,2291.0,1300.0,991.0,15663.0,10.0,11.0,11.0,10.09,3298.0,1056.0,2242.0,18961.0,18.0,19.0,23.0,8.03,,,,,,,,,,,,,,,,,,,,,,,,,
9c7d6fce-b110-4b42-9004-6795482d1db9,2025-11-30 18:09:13 UTC,False,12352.0,CFOP,Gan 12 UI Maglev,RandomForest,6345.0,12352.0,,,gan12,custom_rules,,,,8.0,0.0,0.0,12352.0,66.0,68.0,74.0,5.34,4155.0,8197.0,1775.0,0.0,1775.0,1775.0,8.0,8.0,10.0,4.51,1916.0,403.0,1513.0,3691.0,10.0,12.0,12.0,6.61,1762.0,690.0,1072.0,5453.0,8.0,8.0,9.0,7.46,636.0,467.0,169.0,6089.0,3.0,3.0,3.0,17.75,2020.0,691.0,1329.0,8109.0,9.0,9.0,10.0,6.77,1451.0,839.0,612.0,9560.0,9.0,9.0,9.0,14.71,2792.0,1065.0,1727.0,12352.0,20.0,20.0,21.0,11.58,,,,,,,,,,,,,,,,,,,,,,,,,
7716d94f-5de0-4778-88ce-e5ec3f987ae2,2025-11-30 18:10:44 UTC,False,13153.0,CFOP,Gan 12 UI Maglev,RandomForest,3856.0,13153.0,,,gan12,custom_rules,,,,8.0,0.0,0.0,13153.0,57.0,61.0,68.0,4.33,5686.0,7467.0,1405.0,0.0,1405.0,1405.0,5.0,5.0,6.0,3.56,2325.0,2024.0,301.0,3730.0,4.0,4.0,6.0,13.29,1471.0,332.0,1139.0,5201.0,8.0,8.0,9.0,7.02,1476.0,803.0,673.0,6677.0,8.0,8.0,9.0,11.89,1379.0,624.0,755.0,8056.0,7.0,7.0,7.0,9.27,1497.0,783.0,714.0,9553.0,8.0,8.0,9.0,11.2,3600.0,1120.0,2480.0,13153.0,17.0,21.0,22.0,6.85,,,,,,,,,,,,,,,,,,,,,,,,,
b809e820-03ca-417e-8e7f-ca628e9f0517,2025-11-30 18:11:16 UTC,False,14345.0,CFOP,Gan 12 UI Maglev,RandomForest,6576.0,14345.0,,,gan12,custom_rules,,,,8.0,0.0,0.0,14345.0,65.0,70.0,81.0,4.53,6509.0,7836.0,2421.0,0.0,2421.0,2421.0,9.0,9.0,9.0,3.72,2672.0,1670.0,1002.0,5093.0,8.0,8.0,9.0,7.98,1771.0,786.0,985.0,6864.0,10.0,11.0,12.0,10.15,1909.0,1181.0,728.0,8773.0,8.0,8.0,9.0,10.99,1416.0,857.0,559.0,10189.0,8.0,8.0,8.0,14.31,2068.0,998.0,1070.0,12257.0,14.0,14.0,16.0,13.08,2088.0,1017.0,1071.0,14345.0,8.0,12.0,18.0,7.47,,,,,,,,,,,,,,,,,,,,,,,,,
cee24441-79b9-4575-b699-5e2f2163fb7b,2025-11-30 18:11:43 UTC,False,13191.0,CFOP,Gan 12 UI Maglev,RandomForest,5709.0,13191.0,,,gan12,custom_rules,,,,8.0,0.0,0.0,13191.0,61.0,66.0,78.0,4.62,5266.0,7925.0,1479.0,0.0,1479.0,1479.0,10.0,10.0,10.0,6.76,0.0,0.0,0.0,1479.0,0.0,0.0,0.0,0.0,1322.0,744.0,578.0,2801.0,6.0,6.0,8.0,10.38,2200.0,1620.0,580.0,5001.0,7.0,7.0,9.0,12.07,2797.0,419.0,2378.0,7798.0,15.0,15.0,15.0,6.31,2785.0,1432.0,1353.0,10583.0,12.0,12.0,14.0,8.87,2608.0,1051.0,1557.0,13191.0,11.0,16.0,22.0,7.06,,,,,,,,,,,,,,,,,,,,,,,,,
5fc9bd01-e93e-4879-a85a-9f6e3481707c,2025-11-30 18:12:25 UTC,False,17951.0,CFOP,Gan 12 UI Maglev,RandomForest,9635.0,17951.0,,,gan12,custom_rules,,,,8.0,0.0,0.0,17951.0,71.0,76.0,90.0,3.96,4634.0,13317.0,2382.0,0.0,2382.0,2382.0,8.0,8.0,10.0,3.36,3771.0,523.0,3248.0,6153.0,12.0,12.0,14.0,3.69,2285.0,443.0,1842.0,8438.0,8.0,8.0,9.0,4.34,1677.0,919.0,758.0,10115.0,8.0,8.0,9.0,10.55,2122.0,1107.0,1015.0,12237.0,8.0,8.0,9.0,7.88,3584.0,847.0,2737.0,15821.0,18.0,18.0,18.0,6.58,2130.0,795.0,1335.0,17951.0,9.0,14.0,21.0,6.74,,,,,,,,,,,,,,,,,,,,,,,,,
c8c18f48-6d4d-4d5b-a76a-95afbcd4a10c,2025-11-30 18:12:56 UTC,False,15776.0,CFOP,Gan 12 UI Maglev,RandomForest,6132.0,15776.0,,,gan12,custom_rules,,,,8.0,0.0,0.0,15776.0,69.0,70.0,77.0,4.37,6488.0,9288.0,2015.0,0.0,2015.0,2015.0,6.0,6.0,7.0,2.98,1307.0,824.0,483.0,3322.0,8.0,8.0,9.0,16.56,2066.0,1122.0,944.0,5388.0,9.0,10.0,10.0,9.53,2361.0,1427.0,934.0,7749.0,10.0,10.0,11.0,10.71,1343.0,908.0,435.0,9092.0,8.0,8.0,9.0,18.39,2390.0,838.0,1552.0,11482.0,10.0,10.0,10.0,6.44,4294.0,1369.0,2925.0,15776.0,18.0,18.0,21.0,6.15,,,,,,,,,,,,,,,,,,,,,,,,,
b3ae8101-c2b4-403e-b78a-2956fa2e7a8c,2025-11-30 18:13:25 UTC,False,17689.0,CFOP,Gan 12 UI Maglev,RandomForest,3833.0,17689.0,,,gan12,custom_rules,,,,8.0,0.0,0.0,17689.0,77.0,78.0,89.0,4.35,7131.0,10558.0,1039.0,0.0,1039.0,1039.0,5.0,5.0,6.0,4.81,5687.0,1544.0,4143.0,6726.0,22.0,22.0,24.0,5.31,2463.0,1770.0,693.0,9189.0,6.0,7.0,7.0,8.66,2265.0,1113.0,1152.0,11454.0,9.0,9.0,12.0,7.81,695.0,461.0,234.0,12149.0,4.0,4.0,4.0,17.09,2247.0,1223.0,1024.0,14396.0,12.0,12.0,14.0,11.72,3293.0,1020.0,2273.0,17689.0,19.0,19.0,22.0,8.36,,,,,,,,,,,,,,,,,,,,,,,,,
098873fb-f5d8-42aa-88d1-0fa5f507b457,2025-11-30 18:13:58 UTC,False,17414.0,CFOP,Gan 12 UI Maglev,RandomForest,5831.0,17414.0,,,gan12,custom_rules,,,,8.0,0.0,0.0,17414.0,70.0,71.0,85.0,4.02,7646.0,9768.0,2008.0,0.0,2008.0,2008.0,7.0,7.0,8.0,3.49,1698.0,718.0,980.0,3706.0,8.0,8.0,9.0,8.16,3845.0,1368.0,2477.0,7551.0,13.0,13.0,14.0,5.25,2829.0,1854.0,975.0,10380.0,10.0,10.0,12.0,10.26,1880.0,1265.0,615.0,12260.0,8.0,8.0,8.0,13.01,2309.0,862.0,1447.0,14569.0,10.0,10.0,16.0,6.91,2845.0,1579.0,1266.0,17414.0,14.0,15.0,18.0,11.06,,,,,,,,,,,,,,,,,,,,,,,,,
04574e76-886b-491d-8815-85098c60616e,2025-11-30 18:14:38 UTC,False,12342.0,CFOP,Gan 12 UI Maglev,RandomForest,18961.0,12342.0,,,gan12,custom_rules,,,,8.0,0.0,0.0,12342.0,55.0,59.0,70.0,4.46,6212.0,6130.0,484.0,0.0,484.0,484.0,4.0,4.0,4.0,8.26,1376.0,580.0,796.0,1860.0,6.0,6.0,7.0,7.54,1940.0,1159.0,781.0,3800.0,8.0,8.0,8.0,10.24,1480.0,875.0,605.0,5280.0,8.0,8.0,9.0,13.22,2331.0,1695.0,636.0,7611.0,8.0,8.0,8.0,12.58,2233.0,677.0,1556.0,9844.0,13.0,13.0,16.0,8.35,2498.0,1226.0,1272.0,12342.0,8.0,12.0,18.0,6.29,,,,,,,,,,,,,,,,,,,,,,,,,
eaf9e447-af6d-4ea7-98bc-3631f6e6e678,2025-11-30 18:15:33 UTC,False,13768.0,CFOP,Gan 12 UI Maglev,RandomForest,31156.0,13768.0,,,gan12,custom_rules,,,,8.0,0.0,0.0,13768.0,61.0,61.0,70.0,4.43,6472.0,7216.0,2389.0,0.0,2389.0,2469.0,7.0,7.0,10.0,2.93,1229.0,1076.0,153.0,3698.0,4.0,4.0,4.0,26.14,2607.0,1189.0,1418.0,6305.0,10.0,10.0,11.0,7.05,1365.0,1203.0,162.0,7670.0,4.0,4.0,4.0,24.69,1952.0,1227.0,725.0,9622.0,9.0,9.0,9.0,12.41,2206.0,1063.0,1143.0,11828.0,12.0,12.0,16.0,10.5,1940.0,714.0,1226.0,13768.0,15.0,15.0,16.0,12.23,,,,,,,,,,,,,,,,,,,,,,,,,
6f00ef4c-ba08-42ee-8cbe-afcb60e9a74e,2025-11-30 18:16:20 UTC,False,14382.0,CFOP,Gan 12 UI Maglev,RandomForest,11981.0,14382.0,,,gan12,custom_rules,,,,8.0,0.0,0.0,14382.0,65.0,69.0,79.0,4.52,4157.0,10225.0,2808.0,0.0,2808.0,2808.0,11.0,11.0,12.0,3.92,0.0,0.0,0.0,2808.0,0.0,0.0,0.0,0.0,1152.0,500.0,652.0,3960.0,7.0,7.0,8.0,10.74,1385.0,564.0,821.0,5345.0,8.0,8.0,8.0,9.74,4057.0,749.0,3308.0,9402.0,14.0,14.0,17.0,4.23,2919.0,1176.0,1743.0,12321.0,17.0,17.0,17.0,9.75,2061.0,1168.0,893.0,14382.0,8.0,12.0,17.0,8.96,,,,,,,,,,,,,,,,,,,,,,,,,
54660c5a-a079-43ed-b88b-de11d4bf8c15,2025-11-30 18:16:58 UTC,False,13512.0,CFOP,Gan 12 UI Maglev,RandomForest,5196.0,13512.0,,,gan12,custom_rules,,,,8.0,0.0,0.0,13512.0,67.0,67.0,78.0,4.96,6436.0,7076.0,1393.0,0.0,1393.0,1393.0,6.0,6.0,6.0,4.31,1485.0,672.0,813.0,2878.0,8.0,8.0,10.0,9.84,2518.0,1395.0,1123.0,5396.0,12.0,12.0,13.0,10.69,1449.0,1031.0,418.0,6845.0,8.0,8.0,10.0,19.14,1540.0,1160.0,380.0,8385.0,8.0,8.0,8.0,21.05,2068.0,1176.0,892.0,10453.0,8.0,8.0,9.0,8.97,3059.0,1002.0,2057.0,13512.0,17.0,17.0,22.0,8.26,,,,,,,,,,,,,,,,,,,,,,,,,
87c46449-098f-49f0-95db-b5c3ded3f419,2025-11-30 18:17:48 UTC,False,16230.0,CFOP,Gan 12 UI Maglev,RandomForest,15214.0,16230.0,,,gan12,custom_rules,,,,8.0,0.0,0.0,16230.0,70.0,72.0,81.0,4.31,4431.0,11711.0,4340.0,0.0,4340.0,4428.0,16.0,17.0,21.0,3.69,0.0,0.0,0.0,4428.0,0.0,0.0,0.0,0.0,5326.0,826.0,4500.0,9754.0,17.0,17.0,17.0,3.78,661.0,476.0,185.0,10415.0,4.0,4.0,4.0,21.62,1439.0,742.0,697.0,11854.0,8.0,8.0,9.0,11.48,2547.0,1661.0,886.0,14401.0,12.0,12.0,14.0,13.54,1829.0,726.0,1103.0,16230.0,13.0,14.0,16.0,11.79,,,,,,,,,,,,,,,,,,,,,,,,,
064a69d6-056b-47db-911c-dc3003f5532d,2025-11-30 18:19:42 UTC,False,16005.0,CFOP,Gan 12 UI Maglev,RandomForest,53468.0,16005.0,,,gan12,custom_rules,,,,8.0,0.0,0.0,16005.0,74.0,76.0,91.0,4.62,5758.0,10247.0,1047.0,0.0,1047.0,1047.0,3.0,4.0,5.0,2.87,3363.0,739.0,2624.0,4410.0,15.0,15.0,18.0,5.72,1141.0,295.0,846.0,5551.0,6.0,6.0,6.0,7.09,2136.0,871.0,1265.0,7687.0,10.0,10.0,14.0,7.91,1720.0,1015.0,705.0,9407.0,9.0,9.0,11.0,12.77,3512.0,1183.0,2329.0,12919.0,15.0,15.0,16.0,6.44,3086.0,1655.0,1431.0,16005.0,16.0,17.0,21.0,11.18,,,,,,,,,,,,,,,,,,,,,,,,,
8fab21e0-bf23-4538-a0c7-6bb5d642b9c0,2025-11-30 18:20:20 UTC,False,14219.0,CFOP,Gan 12 UI Maglev,RandomForest,13932.0,14219.0,,,gan12,custom_rules,,,,8.0,0.0,0.0,14219.0,57.0,57.0,68.0,4.01,6489.0,7730.0,1474.0,0.0,1474.0,1474.0,5.0,5.0,6.0,3.39,1532.0,581.0,951.0,3006.0,7.0,7.0,8.0,7.36,1720.0,914.0,806.0,4726.0,8.0,8.0,10.0,9.93,2588.0,1927.0,661.0,7314.0,8.0,8.0,9.0,12.1,1738.0,835.0,903.0,9052.0,7.0,7.0,7.0,7.75,1519.0,890.0,629.0,10571.0,9.0,9.0,10.0,14.31,3648.0,1342.0,2306.0,14219.0,13.0,13.0,18.0,5.64,,,,,,,,,,,,,,,,,,,,,,,,,
a44db01a-46eb-44bb-ad87-bf1e8b2d88eb,2025-11-30 18:21:13 UTC,False,16910.0,CFOP,Gan 12 UI Maglev,RandomForest,23398.0,16910.0,,,gan12,custom_rules,,,,8.0,0.0,0.0,16910.0,61.0,70.0,82.0,3.61,2359.0,14551.0,12486.0,0.0,12486.0,12486.0,42.0,47.0,54.0,3.36,0.0,0.0,0.0,12486.0,0.0,0.0,0.0,0.0,0.0,0.0,0.0,12486.0,0.0,0.0,0.0,0.0,0.0,0.0,0.0,12486.0,0.0,0.0,0.0,0.0,0.0,0.0,0.0,12486.0,0.0,0.0,0.0,0.0,2458.0,1279.0,1179.0,14944.0,11.0,11.0,11.0,9.33,1966.0,1080.0,886.0,16910.0,8.0,12.0,17.0,9.03,,,,,,,,,,,,,,,,,,,,,,,,,
4c9fe068-0cf5-4001-86e3-b83c999d5fe6,2025-11-30 18:21:52 UTC,False,17639.0,CFOP,Gan 12 UI Maglev,RandomForest,13259.0,17639.0,,,gan12,custom_rules,,,,8.0,0.0,0.0,17639.0,69.0,74.0,89.0,3.91,5817.0,11822.0,2121.0,0.0,2121.0,2121.0,9.0,9.0,11.0,4.24,1925.0,668.0,1257.0,4046.0,9.0,9.0,9.0,7.16,3099.0,258.0,2841.0,7145.0,14.0,14.0,15.0,4.93,2844.0,1584.0,1260.0,9989.0,8.0,8.0,8.0,6.35,2607.0,1495.0,1112.0,12596.0,8.0,8.0,12.0,7.19,2054.0,697.0,1357.0,14650.0,12.0,12.0,12.0,8.84,2989.0,1115.0,1874.0,17639.0,10.0,15.0,22.0,5.34,,,,,,,,,,,,,,,,,,,,,,,,,
f4b81b4d-9e68-4040-bf83-f0e68c54a239,2025-11-30 18:22:24 UTC,False,19569.0,CFOP,Gan 12 UI Maglev,RandomForest,2679.0,19569.0,,,gan12,custom_rules,,,,8.0,0.0,0.0,19569.0,57.0,58.0,70.0,2.91,8037.0,11532.0,1696.0,0.0,1696.0,1696.0,5.0,5.0,9.0,2.95,2426.0,1162.0,1264.0,4122.0,7.0,7.0,7.0,5.54,3975.0,2587.0,1388.0,8097.0,8.0,8.0,8.0,5.76,1877.0,797.0,1080.0,9974.0,7.0,7.0,7.0,6.48,4194.0,638.0,3556.0,14168.0,11.0,11.0,15.0,3.09,2922.0,1786.0,1136.0,17090.0,10.0,11.0,11.0,8.8,2479.0,1067.0,1412.0,19569.0,10.0,10.0,13.0,7.08,,,,,,,,,,,,,,,,,,,,,,,,,
8d0ae19c-173b-4067-a6ec-80100ce90cfa,2025-11-30 18:22:53 UTC,False,14554.0,CFOP,Gan 12 UI Maglev,RandomForest,3975.0,14554.0,,,gan12,custom_rules,,,,8.0,0.0,0.0,14554.0,52.0,56.0,66.0,3.57,7264.0,7242.0,2718.0,0.0,2718.0,2766.0,5.0,5.0,8.0,1.84,1843.0,844.0,999.0,4609.0,7.0,7.0,8.0,7.01,1190.0,965.0,225.0,5799.0,4.0,4.0,4.0,17.78,1862.0,1307.0,555.0,7661.0,9.0,9.0,10.0,16.22,2576.0,2110.0,466.0,10237.0,4.0,4.0,5.0,8.58,2257.0,934.0,1323.0,12494.0,13.0,13.0,14.0,9.83,2060.0,1104.0,956.0,14554.0,10.0,14.0,17.0,10.46,,,,,,,,,,,,,,,,,,,,,,,,,
f86efec0-71e7-46c1-92ee-ea70a9e177e3,2025-11-30 18:23:37 UTC,False,21977.0,CFOP,Gan 12 UI Maglev,RandomForest,8773.0,21977.0,,,gan12,custom_rules,,,,8.0,0.0,0.0,21977.0,89.0,91.0,99.0,4.05,6061.0,15916.0,984.0,0.0,984.0,984.0,5.0,6.0,6.0,5.08,2427.0,274.0,2153.0,3411.0,7.0,7.0,8.0,3.25,2106.0,849.0,1257.0,5517.0,8.0,8.0,9.0,6.36,7041.0,981.0,6060.0,12558.0,27.0,27.0,30.0,4.46,2823.0,629.0,2194.0,15381.0,11.0,11.0,11.0,5.01,2028.0,949.0,1079.0,17409.0,14.0,14.0,14.0,12.97,4568.0,2379.0,2189.0,21977.0,17.0,18.0,21.0,7.77,,,,,,,,,,,,,,,,,,,,,,,,,
3bd82429-0ac0-465b-9bbe-af68471e38d4,2025-11-30 18:24:17 UTC,False,21338.0,CFOP,Gan 12 UI Maglev,RandomForest,6728.0,21338.0,,,gan12,custom_rules,,,,8.0,0.0,0.0,21338.0,72.0,77.0,92.0,3.37,10226.0,11096.0,1794.0,0.0,1794.0,1810.0,5.0,6.0,8.0,2.79,2291.0,1103.0,1188.0,4101.0,7.0,7.0,8.0,5.89,2782.0,1550.0,1232.0,6883.0,7.0,7.0,8.0,5.68,2184.0,1709.0,475.0,9067.0,6.0,6.0,7.0,12.63,3781.0,2694.0,1087.0,12848.0,11.0,11.0,13.0,10.12,2715.0,887.0,1828.0,15563.0,16.0,16.0,16.0,8.75,5775.0,2283.0,3492.0,21338.0,20.0,24.0,32.0,5.73,,,,,,,,,,,,,,,,,,,,,,,,,
12d7656f-2ca1-418a-b2e8-c30658e3b36e,2025-11-30 18:24:48 UTC,False,17448.0,CFOP,Gan 12 UI Maglev,RandomForest,4365.0,17448.0,,,gan12,custom_rules,,,,8.0,0.0,0.0,17448.0,72.0,72.0,81.0,4.13,6044.0,11404.0,2721.0,0.0,2721.0,2721.0,8.0,8.0,8.0,2.94,1606.0,322.0,1284.0,4327.0,6.0,6.0,7.0,4.67,2462.0,1793.0,669.0,6789.0,8.0,8.0,10.0,11.96,2087.0,379.0,1708.0,8876.0,13.0,13.0,14.0,7.61,2198.0,1466.0,732.0,11074.0,10.0,10.0,12.0,13.66,2087.0,813.0,1274.0,13161.0,8.0,8.0,9.0,6.28,4287.0,1271.0,3016.0,17448.0,20.0,20.0,21.0,6.63,,,,,,,,,,,,,,,,,,,,,,,,,
83270e39-895b-4336-af37-46e081eac3e2,2025-11-30 18:25:15 UTC,False,14115.0,CFOP,Gan 12 UI Maglev,RandomForest,3680.0,14115.0,,,gan12,custom_rules,,,,8.0,0.0,0.0,14115.0,58.0,59.0,68.0,4.11,5345.0,8770.0,2045.0,0.0,2045.0,2045.0,8.0,9.0,10.0,3.91,2879.0,717.0,2162.0,4924.0,11.0,11.0,12.0,5.09,1475.0,709.0,766.0,6399.0,7.0,7.0,8.0,9.14,897.0,341.0,556.0,7296.0,7.0,7.0,7.0,12.59,1658.0,1069.0,589.0,8954.0,8.0,8.0,8.0,13.58,2048.0,564.0,1484.0,11002.0,7.0,7.0,8.0,4.72,3113.0,1945.0,1168.0,14115.0,11.0,11.0,15.0,9.42,,,,,,,,,,,,,,,,,,,,,,,,,
d180d048-bf21-485c-8862-41869787fd76,2025-11-30 18:25:47 UTC,False,13577.0,CFOP,Gan 12 UI Maglev,RandomForest,7110.0,13577.0,,,gan12,custom_rules,,,,8.0,0.0,0.0,13577.0,61.0,61.0,69.0,4.49,4217.0,9360.0,2875.0,0.0,2875.0,2875.0,9.0,9.0,11.0,3.13,3123.0,735.0,2388.0,5998.0,13.0,13.0,16.0,5.44,1645.0,806.0,839.0,7643.0,8.0,8.0,9.0,9.54,1900.0,1070.0,830.0,9543.0,8.0,8.0,9.0,9.64,1827.0,642.0,1185.0,11370.0,11.0,11.0,11.0,9.28,2207.0,964.0,1243.0,13577.0,13.0,13.0,13.0,10.46,0.0,0.0,0.0,13577.0,0.0,0.0,0.0,0.0,,,,,,,,,,,,,,,,,,,,,,,,,
51365b9a-03e6-4ddc-b598-02834fea2bdc,2025-11-30 18:26:18 UTC,False,15469.0,CFOP,Gan 12 UI Maglev,RandomForest,4624.0,15469.0,,,gan12,custom_rules,,,,8.0,0.0,0.0,15469.0,66.0,67.0,80.0,4.27,4715.0,10681.0,1540.0,0.0,1540.0,1613.0,5.0,5.0,7.0,3.25,3090.0,966.0,2124.0,4703.0,11.0,11.0,14.0,5.18,2178.0,782.0,1396.0,6881.0,8.0,8.0,9.0,5.73,1581.0,653.0,928.0,8462.0,8.0,8.0,9.0,8.62,1912.0,371.0,1541.0,10374.0,8.0,8.0,9.0,5.19,2056.0,782.0,1274.0,12430.0,11.0,11.0,14.0,8.63,3039.0,1161.0,1878.0,15469.0,15.0,16.0,18.0,7.99,,,,,,,,,,,,,,,,,,,,,,,,,
2eaac372-4f6c-4bd9-977c-b401de480686,2025-11-30 18:26:59 UTC,False,22789.0,CFOP,Gan 12 UI Maglev,RandomForest,8483.0,22789.0,,,gan12,custom_rules,,,,8.0,0.0,0.0,22789.0,78.0,85.0,102.0,3.42,3776.0,19013.0,15923.0,0.0,15923.0,15923.0,46.0,52.0,64.0,2.89,0.0,0.0,0.0,15923.0,0.0,0.0,0.0,0.0,0.0,0.0,0.0,15923.0,0.0,0.0,0.0,0.0,0.0,0.0,0.0,15923.0,0.0,0.0,0.0,0.0,1536.0,1391.0,145.0,17459.0,4.0,4.0,4.0,27.59,2721.0,1193.0,1528.0,20180.0,12.0,12.0,15.0,7.85,2609.0,1192.0,1417.0,22789.0,16.0,17.0,19.0,11.29,,,,,,,,,,,,,,,,,,,,,,,,,
7c663e84-203d-4bf0-9790-30e12c8f08fc,2025-11-30 18:27:43 UTC,False,16158.0,CFOP,Gan 12 UI Maglev,RandomForest,11470.0,16158.0,,,gan12,custom_rules,,,,8.0,0.0,0.0,16158.0,67.0,67.0,71.0,4.15,6212.0,9946.0,2854.0,0.0,2854.0,2854.0,7.0,7.0,7.0,2.45,1825.0,979.0,846.0,4679.0,6.0,6.0,6.0,7.09,2538.0,1128.0,1410.0,7217.0,8.0,8.0,11.0,5.67,3251.0,1661.0,1590.0,10468.0,7.0,7.0,7.0,4.4,1345.0,709.0,636.0,11813.0,8.0,8.0,9.0,12.58,1572.0,936.0,636.0,13385.0,10.0,10.0,10.0,15.72,2773.0,799.0,1974.0,16158.0,21.0,21.0,21.0,10.64,,,,,,,,,,,,,,,,,,,,,,,,,
85456b0c-06f3-4149-a1c6-0df4dc9862a0,2025-11-30 18:28:22 UTC,False,18648.0,CFOP,Gan 12 UI Maglev,RandomForest,6379.0,18648.0,,,gan12,custom_rules,,,,8.0,0.0,0.0,18648.0,67.0,73.0,84.0,3.59,8115.0,10533.0,3284.0,0.0,3284.0,3284.0,10.0,11.0,11.0,3.05,1710.0,1065.0,645.0,4994.0,8.0,8.0,9.0,12.4,1046.0,492.0,554.0,6040.0,6.0,6.0,8.0,10.83,1811.0,1213.0,598.0,7851.0,8.0,8.0,8.0,13.38,2449.0,1877.0,572.0,10300.0,9.0,9.0,11.0,15.73,4186.0,2356.0,1830.0,14486.0,13.0,14.0,15.0,7.1,4162.0,1112.0,3050.0,18648.0,13.0,17.0,22.0,4.26,,,,,,,,,,,,,,,,,,,,,,,,,
cd80a982-f088-47f4-9c2f-2b781db59bf2,2025-11-30 18:28:53 UTC,False,14385.0,CFOP,Gan 12 UI Maglev,RandomForest,4855.0,14385.0,,,gan12,custom_rules,,,,8.0,0.0,0.0,14385.0,63.0,65.0,76.0,4.38,5697.0,8688.0,3349.0,0.0,3349.0,3349.0,9.0,9.0,12.0,2.69,814.0,420.0,394.0,4163.0,5.0,5.0,6.0,12.69,2591.0,2051.0,540.0,6754.0,9.0,9.0,11.0,16.67,1633.0,577.0,1056.0,8387.0,7.0,7.0,8.0,6.63,1304.0,571.0,733.0,9691.0,8.0,8.0,9.0,10.91,1851.0,620.0,1231.0,11542.0,10.0,11.0,11.0,8.12,2843.0,1458.0,1385.0,14385.0,15.0,16.0,19.0,10.83,,,,,,,,,,,,,,,,,,,,,,,,,
7386395d-58be-4efe-8b95-e7306dcbee52,2025-11-30 18:29:27 UTC,False,18268.0,CFOP,Gan 12 UI Maglev,RandomForest,6418.0,18268.0,,,gan12,custom_rules,,,,8.0,0.0,0.0,18268.0,75.0,81.0,90.0,4.11,5768.0,12500.0,3774.0,0.0,3774.0,3774.0,11.0,12.0,13.0,2.91,2554.0,266.0,2288.0,6328.0,11.0,11.0,13.0,4.81,1639.0,1114.0,525.0,7967.0,7.0,7.0,7.0,13.33,2515.0,911.0,1604.0,10482.0,9.0,10.0,11.0,5.61,2881.0,1198.0,1683.0,13363.0,12.0,12.0,14.0,7.13,2213.0,1192.0,1021.0,15576.0,12.0,14.0,15.0,11.75,2692.0,1087.0,1605.0,18268.0,14.0,15.0,17.0,8.72,,,,,,,,,,,,,,,,,,,,,,,,,
db297e61-4d9d-418c-b59e-42648aad4712,2025-11-30 18:29:57 UTC,False,16821.0,CFOP,Gan 12 UI Maglev,RandomForest,3933.0,16821.0,,,gan12,custom_rules,,,,8.0,0.0,0.0,16821.0,70.0,72.0,85.0,4.16,6590.0,10231.0,1965.0,0.0,1965.0,1965.0,8.0,8.0,9.0,4.07,1411.0,515.0,896.0,3376.0,8.0,8.0,9.0,8.93,1175.0,926.0,249.0,4551.0,7.0,7.0,8.0,28.11,4104.0,789.0,3315.0,8655.0,12.0,12.0,15.0,3.62,3167.0,2313.0,854.0,11822.0,8.0,8.0,11.0,9.37,1964.0,732.0,1232.0,13786.0,10.0,11.0,11.0,8.12,3035.0,1315.0,1720.0,16821.0,17.0,18.0,22.0,9.88,,,,,,,,,,,,,,,,,,,,,,,,,
e9393a6b-cecc-4abe-a84d-a7b522d88f66,2025-11-30 18:30:31 UTC,False,12434.0,CFOP,Gan 12 UI Maglev,RandomForest,13125.0,12434.0,,,gan12,custom_rules,,,,8.0,0.0,0.0,12434.0,53.0,56.0,62.0,4.26,6323.0,6070.0,845.0,0.0,845.0,886.0,6.0,6.0,7.0,7.1,2289.0,1633.0,656.0,3175.0,7.0,8.0,9.0,10.67,1160.0,991.0,169.0,4335.0,5.0,5.0,5.0,29.59,2469.0,1212.0,1257.0,6804.0,6.0,6.0,6.0,4.77,1903.0,879.0,1024.0,8707.0,7.0,7.0,8.0,6.84,1410.0,710.0,700.0,10117.0,8.0,8.0,9.0,11.43,2317.0,898.0,1419.0,12434.0,14.0,16.0,18.0,9.87,,,,,,,,,,,,,,,,,,,,,,,,,
b5e282ce-f565-4c78-bde5-ac5deeafbb40,2025-11-30 18:31:01 UTC,False,15545.0,CFOP,Gan 12 UI Maglev,RandomForest,4355.0,15545.0,,,gan12,custom_rules,,,,8.0,0.0,0.0,15545.0,68.0,68.0,74.0,4.37,6287.0,9258.0,1378.0,0.0,1378.0,1378.0,6.0,6.0,7.0,4.35,1564.0,573.0,991.0,2942.0,8.0,8.0,8.0,8.07,2143.0,1129.0,1014.0,5085.0,8.0,8.0,9.0,7.89,1872.0,330.0,1542.0,6957.0,6.0,6.0,7.0,3.89,2340.0,1832.0,508.0,9297.0,8.0,8.0,8.0,15.75,3145.0,1178.0,1967.0,12442.0,17.0,17.0,17.0,8.64,3103.0,1245.0,1858.0,15545.0,16.0,16.0,18.0,8.61,,,,,,,,,,,,,,,,,,,,,,,,,
f9bcc81d-9ccd-4ec6-a2e9-1f6f6711748c,2025-11-30 18:31:34 UTC,False,18590.0,CFOP,Gan 12 UI Maglev,RandomForest,5459.0,18590.0,,,gan12,custom_rules,,,,8.0,0.0,0.0,18590.0,65.0,74.0,92.0,3.5,5501.0,13089.0,1056.0,0.0,1056.0,1056.0,7.0,7.0,8.0,6.63,1199.0,989.0,210.0,2255.0,5.0,5.0,5.0,23.81,3714.0,985.0,2729.0,5969.0,13.0,14.0,14.0,4.76,1408.0,827.0,581.0,7377.0,5.0,6.0,6.0,8.61,1925.0,916.0,1009.0,9302.0,8.0,8.0,10.0,7.93,2495.0,909.0,1586.0,11797.0,13.0,13.0,16.0,8.2,6793.0,875.0,5918.0,18590.0,14.0,21.0,33.0,2.37,,,,,,,,,,,,,,,,,,,,,,,,,
754b568a-e837-4e29-bf7b-0d15e6e3c3d7,2025-11-30 18:32:08 UTC,False,15863.0,CFOP,Gan 12 UI Maglev,RandomForest,8560.0,15863.0,,,gan12,custom_rules,,,,8.0,0.0,0.0,15863.0,57.0,59.0,68.0,3.59,6625.0,9157.0,886.0,0.0,886.0,967.0,5.0,5.0,7.0,5.64,4618.0,1617.0,3001.0,5585.0,11.0,12.0,13.0,3.67,1934.0,734.0,1200.0,7519.0,7.0,7.0,8.0,5.83,2561.0,1661.0,900.0,10080.0,8.0,8.0,8.0,8.89,1877.0,1184.0,693.0,11957.0,8.0,8.0,10.0,11.54,1461.0,644.0,817.0,13418.0,9.0,10.0,10.0,11.02,2445.0,785.0,1660.0,15863.0,9.0,9.0,12.0,5.42,,,,,,,,,,,,,,,,,,,,,,,,,
7b0bdef2-35aa-4f4e-814d-6e2e990e7562,2025-11-30 18:32:43 UTC,False,18941.0,CFOP,Gan 12 UI Maglev,RandomForest,5622.0,18941.0,,,gan12,custom_rules,,,,8.0,0.0,0.0,18941.0,67.0,68.0,79.0,3.54,7484.0,11401.0,1542.0,0.0,1542.0,1598.0,7.0,7.0,9.0,4.54,4479.0,491.0,3988.0,6077.0,12.0,12.0,13.0,3.01,2402.0,1319.0,1083.0,8479.0,6.0,6.0,7.0,5.54,2385.0,1199.0,1186.0,10864.0,6.0,7.0,7.0,5.06,1466.0,806.0,660.0,12330.0,8.0,8.0,11.0,12.12,2464.0,1146.0,1318.0,14794.0,10.0,10.0,14.0,7.59,4147.0,2523.0,1624.0,18941.0,18.0,18.0,18.0,11.08,,,,,,,,,,,,,,,,,,,,,,,,,
aa048c1d-3947-4972-bffa-168ae1bd1ee9,2025-11-30 18:33:19 UTC,False,18950.0,CFOP,Gan 12 UI Maglev,RandomForest,7978.0,18950.0,,,gan12,custom_rules,,,,8.0,0.0,0.0,18950.0,81.0,82.0,92.0,4.27,6414.0,12536.0,2438.0,0.0,2438.0,2438.0,9.0,9.0,10.0,3.69,3061.0,1137.0,1924.0,5499.0,12.0,12.0,13.0,6.24,5106.0,1112.0,3994.0,10605.0,22.0,22.0,23.0,5.51,2236.0,1309.0,927.0,12841.0,8.0,8.0,8.0,8.63,1821.0,596.0,1225.0,14662.0,8.0,8.0,9.0,6.53,2142.0,1141.0,1001.0,16804.0,9.0,9.0,12.0,8.99,2146.0,1119.0,1027.0,18950.0,13.0,14.0,17.0,12.66,,,,,,,,,,,,,,,,,,,,,,,,,
eebf689d-0c25-425a-a80f-d4164bc154f2,2025-11-30 18:34:05 UTC,False,22708.0,CFOP,Gan 12 UI Maglev,RandomForest,9623.0,22708.0,,,gan12,custom_rules,,,,8.0,0.0,0.0,22708.0,73.0,75.0,83.0,3.21,10851.0,11857.0,3104.0,0.0,3104.0,3104.0,9.0,9.0,9.0,2.9,4180.0,3073.0,1107.0,7284.0,8.0,8.0,8.0,7.23,1826.0,328.0,1498.0,9110.0,11.0,11.0,12.0,7.34,3687.0,1709.0,1978.0,12797.0,11.0,12.0,13.0,5.56,3346.0,2453.0,893.0,16143.0,9.0,9.0,11.0,10.08,2386.0,1310.0,1076.0,18529.0,8.0,8.0,9.0,7.43,4179.0,1978.0,2201.0,22708.0,18.0,19.0,21.0,8.18,,,,,,,,,,,,,,,,,,,,,,,,,
