id,date,dnf,time,solving_method,device_model,user,inspection_time,timer_time,missing_turn,timer,session_name,session_ruleset,share_views,share_likes,share_comments,analysis_version,pickup_time,putdown_time,solving_time,slice_turns,face_turns,quarter_turns,turns_per_second,total_recognition_time,total_execution_time,step_0_time,step_0_recognition_time,step_0_execution_time,step_0_cumulative_time,step_0_slice_turns,step_0_face_turns,step_0_quarter_turns,step_0_turns_per_second,step_1_time,step_1_recognition_time,step_1_execution_time,step_1_cumulative_time,step_1_slice_turns,step_1_face_turns,step_1_quarter_turns,step_1_turns_per_second,step_2_time,step_2_recognition_time,step_2_execution_time,step_2_cumulative_time,step_2_slice_turns,step_2_face_turns,step_2_quarter_turns,step_2_turns_per_second,step_3_time,step_3_recognition_time,step_3_execution_time,step_3_cumulative_time,step_3_slice_turns,step_3_face_turns,step_3_quarter_turns,step_3_turns_per_second,step_4_time,step_4_recognition_time,step_4_execution_time,step_4_cumulative_time,step_4_slice_turns,step_4_face_turns,step_4_quarter_turns,step_4_turns_per_second,step_5_time,step_5_recognition_time,step_5_execution_time,step_5_cumulative_time,step_5_slice_turns,step_5_face_turns,step_5_quarter_turns,step_5_turns_per_second,step_6_time,step_6_recognition_time,step_6_execution_time,step_6_cumulative_time,step_6_slice_turns,step_6_face_turns,step_6_quarter_turns,step_6_turns_per_second,step_7_time,step_7_recognition_time,step_7_execution_time,step_7_cumulative_time,step_7_slice_turns,step_7_face_turns,step_7_quarter_turns,step_7_turns_per_second,step_8_time,step_8_recognition_time,step_8_execution_time,step_8_cumulative_time,step_8_slice_turns,step_8_face_turns,step_8_quarter_turns,step_8_turns_per_second,step_0_case,step_1_case,step_2_case,step_3_case,step_4_case,step_5_case,step_6_case,step_7_case,step_8_case
7726d47a-8ad9-483b-aa21-8b0c15f660f6,2025-08-04 17:20:58 UTC,False,20831,CFOP,Gan 12 UI Maglev,RandomForest,6406,20831,,,gan12,custom_rules,,,,8,0,0,20831,82,84,92,3.94,7807,13024,1178,0,1178,1178,6,6,7,5.09,3279,1510,1769,4457,7,7,7,3.96,3546,1361,2185,8003,12,12,13,5.49,4309,669,3640,12312,19,19,21,5.22,3599,2242,1357,15911,12,12,13,8.84,2163,856,1307,18074,11,11,12,8.42,2757,1169,1588,20831,15,17,19,9.45,,,,,,,,,,,,,,,,,,,,,,,,,
cdea6c8a-dc50-4be7-817b-4b47dfeb6c7b,2025-08-04 17:21:55 UTC,False,21008,CFOP,Gan 12 UI Maglev,RandomForest,22085,21008,,,gan12,custom_rules,,,,8,0,0,21008,67,67,76,3.19,9772,11236,3023,0,3023,3023,7,7,9,2.32,2553,1508,1045,5576,7,7,7,6.7,2039,862,1177,7615,8,8,9,6.8,3558,2475,1083,11173,8,8,9,7.39,3901,1177,2724,15074,11,11,13,4.04,1576,858,718,16650,9,9,10,12.53,4358,2892,1466,21008,17,17,19,11.6,,,,,,,,,,,,,,,,,,,,,,,,,
c25d8258-c37c-4316-a999-e61d35179f7c,2025-08-04 17:28:28 UTC,False,15895,CFOP,Gan 12 UI Maglev,RandomForest,18524,15895,,,gan12,custom_rules,,,,8,0,0,15895,51,55,67,3.21,5617,10213,4323,0,4323,4388,10,10,12,2.31,0,0,0,4388,0,0,0,0.0,2323,145,2178,6711,11,11,13,5.05,2710,2444,266,9421,5,5,6,18.8,2537,1231,1306,11958,9,9,9,6.89,1806,749,1057,13764,9,9,9,8.51,2131,1048,1083,15895,8,12,18,7.39,,,,,,,,,,,,,,,,,,,,,,,,,
41d02896-1df2-4d25-bd31-2400030108af,2025-08-04 17:29:16 UTC,False,13878,CFOP,Gan 12 UI Maglev,RandomForest,18497,13878,,,gan12,custom_rules,,,,8,0,0,13878,62,64,77,4.47,4537,9341,3371,0,3371,3371,14,16,23,4.15,0,0,0,3371,0,0,0,0.0,2918,1749,1169,6289,9,9,12,7.7,1765,758,1007,8054,8,8,9,7.94,1789,677,1112,9843,8,8,9,7.19,1593,764,829,11436,9,9,9,10.86,2442,589,1853,13878,14,14,15,7.56,,,,,,,,,,,,,,,,,,,,,,,,,
51102edd-d9f5-4262-b645-dd920058dfa3,2025-08-04 17:30:09 UTC,False,16987,CFOP,Gan 12 UI Maglev,RandomForest,25897,16987,,,gan12,custom_rules,,,,8,0,0,16987,67,69,78,3.94,6009,10978,3746,0,3746,3746,7,7,7,1.87,1403,903,500,5149,9,9,9,18.0,1853,531,1322,7002,6,6,7,4.54,2102,1111,991,9104,8,8,9,8.07,1448,822,626,10552,8,8,10,12.78,2055,749,1306,12607,10,10,13,7.66,4380,1893,2487,16987,19,21,23,7.64,,,,,,,,,,,,,,,,,,,,,,,,,
2599f291-67db-4aca-b706-e3288824d86e,2025-08-04 17:31:02 UTC,False,30204,CFOP,Gan 12 UI Maglev,RandomForest,10457,30204,,,gan12,custom_rules,,,,8,0,0,30204,104,104,118,3.44,10900,19304,2248,0,2248,2248,6,6,7,2.67,6801,2183,4618,9049,19,19,23,4.11,4012,1764,2248,13061,15,15,16,6.67,3277,2593,684,16338,9,9,9,13.16,2103,1628,475,18441,8,8,8,16.84,5116,1394,3722,23557,18,18,21,4.84,6647,1338,5309,30204,29,29,34,5.46,,,,,,,,,,,,,,,,,,,,,,,,,
ab82e67b-9630-40eb-897a-36edd6f53052,2025-08-04 17:31:38 UTC,False,18427,CFOP,Gan 12 UI Maglev,RandomForest,6636,18427,,,gan12,custom_rules,,,,8,0,0,18427,56,61,69,3.04,9437,8990,1708,0,1708,1708,6,6,7,3.51,4085,1732,2353,5793,14,15,15,5.95,3581,2728,853,9374,8,8,9,9.38,2754,2327,427,12128,4,4,4,9.37,1732,540,1192,13860,10,10,10,8.39,1354,685,669,15214,7,7,8,10.46,3213,1425,1788,18427,7,11,16,3.91,,,,,,,,,,,,,,,,,,,,,,,,,
e3abbcee-087e-4caa-9df4-b25fb1993c2d,2025-08-04 17:32:23 UTC,False,16293,CFOP,Gan 12 UI Maglev,RandomForest,15574,16293,,,gan12,custom_rules,,,,8,0,0,16293,56,61,71,3.44,7741,8552,1765,0,1765,1765,6,6,6,3.4,1072,362,710,2837,8,8,9,11.27,1756,1151,605,4593,6,6,9,9.92,1587,782,805,6180,7,7,7,8.7,3416,2264,1152,9596,9,9,10,7.81,2876,1554,1322,12472,12,12,12,9.08,3821,1628,2193,16293,9,13,18,4.1,,,,,,,,,,,,,,,,,,,,,,,,,
fa7747e8-7e14-49c4-9642-fb482272f2b3,2025-08-04 17:33:00 UTC,False,14176,CFOP,Gan 12 UI Maglev,RandomForest,12921,14176,,,gan12,custom_rules,,,,8,0,0,14176,63,64,73,4.44,7138,6981,2352,0,2352,2409,8,8,11,3.4,1611,1434,177,4020,5,5,5,28.25,2305,1741,564,6325,9,9,10,15.96,878,749,129,7203,3,3,3,23.26,1910,1136,774,9113,11,11,11,14.21,2123,991,1132,11236,12,12,13,10.6,2940,1087,1853,14176,15,16,20,8.09,,,,,,,,,,,,,,,,,,,,,,,,,
68929fe1-6ea2-43b4-8961-eee7a2eec891,2025-08-04 17:33:42 UTC,False,25583,CFOP,Gan 12 UI Maglev,RandomForest,7001,25583,,,gan12,custom_rules,,,,8,0,0,25583,77,81,93,3.01,9027,16556,2916,0,2916,2916,6,6,7,2.06,4320,1942,2378,7236,10,10,14,4.21,7104,234,6870,14340,18,18,20,2.62,3241,2315,926,17581,11,11,11,11.88,1958,1410,548,19539,7,7,7,12.77,2362,1281,1081,21901,11,13,15,10.18,3682,1845,1837,25583,15,17,19,8.17,,,,,,,,,,,,,,,,,,,,,,,,,
2db21b41-9ea8-480a-87bd-7c695e7f014d,2025-08-04 17:35:01 UTC,False,17925,CFOP,Gan 12 UI Maglev,RandomForest,11245,17925,,,gan12,custom_rules,,,,8,0,0,17925,73,76,85,4.07,6203,11480,1249,0,1249,1491,6,7,8,4.8,4697,435,4262,6188,19,19,19,4.46,2071,524,1547,8259,7,7,8,4.52,1377,829,548,9636,4,4,4,7.3,2214,1159,1055,11850,10,10,12,9.48,1910,1024,886,13760,10,11,12,11.29,4165,2232,1933,17925,18,19,22,9.31,,,,,,,,,,,,,,,,,,,,,,,,,
9faeef42-8fc4-412e-9fe3-dcf93ccc555f,2025-08-04 17:36:43 UTC,False,25553,CFOP,Gan 12 UI Maglev,RandomForest,65771,25553,,,gan12,custom_rules,,,,8,0,0,25553,74,75,78,2.9,11960,13593,2321,0,2321,2321,7,7,7,3.02,4107,3197,910,6428,8,8,8,8.79,5940,1306,4634,12368,16,16,17,3.45,5140,2216,2924,17508,14,15,16,4.79,2088,1870,218,19596,5,5,5,22.94,1920,1147,773,21516,7,7,8,9.06,4037,2224,1813,25553,17,17,17,9.38,,,,,,,,,,,,,,,,,,,,,,,,,
3b4c6a6c-50ae-4458-ab5d-edb1cfc24ad0,2025-08-04 17:37:30 UTC,False,19295,CFOP,Gan 12 UI Maglev,RandomForest,16704,19295,,,gan12,custom_rules,,,,8,0,0,19295,65,73,87,3.37,8081,11214,2409,0,2409,2409,8,8,8,3.32,1692,879,813,4101,6,6,8,7.38,1781,798,983,5882,8,8,9,8.14,3110,2207,903,8992,10,10,12,11.07,4809,1248,3561,13801,13,15,16,3.65,2658,1442,1216,16459,11,13,14,9.05,2836,1507,1329,19295,9,13,20,6.77,,,,,,,,,,,,,,,,,,,,,,,,,
0bf68653-c0e8-4f0d-ad9c-6246a46cc27a,2025-08-04 17:38:09 UTC,False,19877,CFOP,Gan 12 UI Maglev,RandomForest,7142,19877,,,gan12,custom_rules,,,,8,0,0,19877,74,77,83,3.72,5691,14186,1563,0,1563,1563,8,8,8,5.12,2764,1023,1741,4327,9,9,10,5.17,2138,825,1313,6465,8,8,9,6.09,5421,653,4768,11886,15,15,16,3.15,1216,693,523,13102,8,8,8,15.3,1829,733,1096,14931,10,11,11,9.12,4946,1764,3182,19877,16,18,21,5.03,,,,,,,,,,,,,,,,,,,,,,,,,
dc7244b2-55e9-4fe1-b44e-adfe82215e0b,2025-08-04 17:40:05 UTC,False,23735,CFOP,Gan 12 UI Maglev,RandomForest,21034,23735,,,gan12,custom_rules,,,,8,0,0,23735,71,72,80,2.99,8032,15703,2353,0,2353,2353,7,7,9,2.97,7188,1257,5931,9541,9,9,11,1.52,2736,1926,810,12277,8,8,8,9.88,1805,580,1225,14082,9,10,11,7.35,2546,1297,1249,16628,8,8,8,6.41,3946,1449,2497,20574,14,14,15,5.61,3161,1523,1638,23735,16,16,18,9.77,,,,,,,,,,,,,,,,,,,,,,,,,
759b621e-4564-4944-93df-b88472f3f607,2025-08-04 17:40:47 UTC,False,23578,CFOP,Gan 12 UI Maglev,RandomForest,7336,23578,,,gan12,custom_rules,,,,8,0,0,23578,61,61,66,2.59,9396,14182,6085,0,6085,6085,12,12,13,1.97,1232,918,314,7317,4,4,5,12.74,2764,1757,1007,10081,6,6,7,5.96,4739,3612,1127,14820,8,8,8,7.1,1717,854,863,16537,7,7,8,8.11,3633,974,2659,20170,7,7,7,2.63,3408,1281,2127,23578,17,17,18,7.99,,,,,,,,,,,,,,,,,,,,,,,,,
7c3e3aef-d403-4cb3-884d-d52761495f7a,2025-08-04 17:41:43 UTC,False,25667,CFOP,Gan 12 UI Maglev,RandomForest,8900,25667,,,gan12,custom_rules,,,,8,0,0,25667,93,93,104,3.62,7136,18531,2369,0,2369,2369,6,6,8,2.53,3743,1483,2260,6112,11,11,12,4.87,3682,1314,2368,9794,15,15,15,6.33,3227,1729,1498,13021,7,7,7,4.67,2232,822,1410,15253,9,9,10,6.38,2536,749,1787,17789,11,11,11,6.16,7878,1039,6839,25667,34,34,41,4.97,,,,,,,,,,,,,,,,,,,,,,,,,
f317aa3a-a152-4c55-a52b-61ff4a82017b,2025-08-04 17:42:28 UTC,False,21546,CFOP,Gan 12 UI Maglev,RandomForest,11773,21546,,,gan12,custom_rules,,,,8,0,0,21546,65,71,87,3.02,7342,14132,1346,0,1346,1418,5,6,8,3.71,1925,1176,749,3343,8,8,10,10.68,6559,798,5761,9902,13,13,13,2.26,2595,1266,1329,12497,8,8,9,6.02,2328,1732,596,14825,8,8,9,13.42,3351,1047,2304,18176,15,16,17,6.51,3370,1323,2047,21546,8,12,21,3.91,,,,,,,,,,,,,,,,,,,,,,,,,
7d5a84bf-54da-4ad1-b076-fcadc8263311,2025-08-04 17:44:02 UTC,False,24315,CFOP,Gan 12 UI Maglev,RandomForest,15065,24315,,,gan12,custom_rules,,,,8,0,0,24315,68,68,78,2.8,4590,19725,15002,0,15002,15002,31,31,35,2.07,0,0,0,15002,0,0,0,0.0,0,0,0,15002,0,0,0,0.0,3318,2262,1056,18320,7,7,8,6.63,1426,451,975,19746,8,8,9,8.21,1346,782,564,21092,8,8,9,14.18,3223,1095,2128,24315,14,14,17,6.58,,,,,,,,,,,,,,,,,,,,,,,,,
4865eed4-2b72-4b5a-a916-a10ff6cfdff2,2025-08-04 17:44:46 UTC,False,15820,CFOP,Gan 12 UI Maglev,RandomForest,9882,15820,,,gan12,custom_rules,,,,8,0,0,15820,65,66,74,4.11,7023,8797,2103,0,2103,2103,7,7,8,3.33,1498,395,1103,3601,8,8,8,7.25,2377,1290,1087,5978,8,8,8,7.36,2224,1281,943,8202,8,8,9,8.48,1627,749,878,9829,11,11,12,12.53,2615,1293,1322,12444,11,11,12,8.32,3376,2015,1361,15820,13,14,17,9.55,,,,,,,,,,,,,,,,,,,,,,,,,
845518fa-831c-4c6f-bb24-6a6df6d2f54c,2025-08-04 17:45:19 UTC,False,15160,CFOP,Gan 12 UI Maglev,RandomForest,4060,15160,,,gan12,custom_rules,,,,8,0,0,15160,68,69,76,4.49,6971,8141,968,0,968,1016,5,5,6,5.17,2096,1072,1024,3112,9,9,11,8.79,2337,1346,991,5449,7,7,7,7.06,2979,1649,1330,8428,12,12,12,9.02,1499,725,774,9927,11,11,11,14.21,1362,725,637,11289,8,8,9,12.56,3871,1454,2417,15160,16,17,20,6.62,,,,,,,,,,,,,,,,,,,,,,,,,
c5b5b2e9-ab0e-49f5-a6b4-de1c7517cd59,2025-08-04 17:46:14 UTC,False,17391,CFOP,Gan 12 UI Maglev,RandomForest,24420,17391,,,gan12,custom_rules,,,,8,0,0,17391,67,70,79,3.85,6978,10413,677,0,677,677,3,4,4,4.43,3207,96,3111,3884,12,12,14,3.86,2220,1535,685,6104,6,6,7,8.76,1813,838,975,7917,5,6,6,5.13,3877,1982,1895,11794,14,14,14,7.39,2296,1047,1249,14090,12,12,14,9.61,3301,1480,1821,17391,16,17,20,8.79,,,,,,,,,,,,,,,,,,,,,,,,,
041907ba-3186-4567-a1d3-f65725bbe112,2025-08-04 17:46:57 UTC,False,17315,CFOP,Gan 12 UI Maglev,RandomForest,14793,17315,,,gan12,custom_rules,,,,8,0,0,17315,70,71,78,4.04,5424,11891,4479,0,4479,4479,10,10,11,2.23,3010,1237,1773,7489,9,10,10,5.08,1675,603,1072,9164,8,8,8,7.46,1559,443,1116,10723,8,8,9,7.17,1861,1063,798,12584,7,7,7,8.77,1595,934,661,14179,8,8,10,12.1,3136,1144,1992,17315,20,20,23,10.04,,,,,,,,,,,,,,,,,,,,,,,,,
17d11e08-a297-4d7a-b5ce-df9e5cd02ef4,2025-08-04 17:48:01 UTC,False,30569,CFOP,Gan 12 UI Maglev,RandomForest,23485,30569,,,gan12,custom_rules,,,,8,0,0,30569,87,96,110,2.85,7264,23305,10677,0,10677,10677,21,25,29,1.97,0,0,0,10677,0,0,0,0.0,0,0,0,10677,0,0,0,0.0,3053,2505,548,13730,8,8,10,14.6,2698,1674,1024,16428,8,8,11,7.81,1675,668,1007,18103,9,10,10,8.94,12466,2417,10049,30569,41,45,50,4.08,,,,,,,,,,,,,,,,,,,,,,,,,
4ec17905-6820-4a52-8e88-cc6dd2e5ade8,2025-08-04 17:48:44 UTC,False,21987,CFOP,Gan 12 UI Maglev,RandomForest,9419,21987,,,gan12,custom_rules,,,,8,0,0,21987,81,83,94,3.68,6004,15918,7661,0,7661,7726,26,27,29,3.39,0,0,0,7726,0,0,0,0.0,3166,72,3094,10892,10,10,13,3.23,2750,1920,830,13642,8,8,9,9.64,2054,1385,669,15696,8,8,9,11.96,2488,1394,1094,18184,12,12,13,10.97,3803,1233,2570,21987,17,18,21,6.61,,,,,,,,,,,,,,,,,,,,,,,,,
c7258f82-8127-4222-993c-b30e7fbcf742,2025-08-04 17:50:19 UTC,False,18070,CFOP,Gan 12 UI Maglev,RandomForest,65126,18070,,,gan12,custom_rules,,,,8,0,0,18070,69,70,82,3.82,5134,12936,1958,0,1958,1958,6,6,7,3.06,0,0,0,1958,0,0,0,0.0,5370,693,4677,7328,16,16,19,3.42,2917,363,2554,10245,12,12,13,4.7,2116,1431,685,12361,8,8,10,11.68,2082,1192,890,14443,11,12,13,12.36,3627,1455,2172,18070,17,17,20,7.83,,,,,,,,,,,,,,,,,,,,,,,,,
495c6618-2711-4376-b55a-8402fdb288eb,2025-08-04 17:51:05 UTC,False,19235,CFOP,Gan 12 UI Maglev,RandomForest,14824,19235,,,gan12,custom_rules,,,,8,0,0,19235,71,72,83,3.69,7913,11209,3029,0,3029,3142,9,9,11,2.97,3005,1273,1732,6147,11,11,12,6.35,2127,1322,805,8274,8,8,9,9.94,2846,1571,1275,11120,8,8,12,6.27,1772,1305,467,12892,9,9,9,19.27,2855,1016,1839,15747,12,12,13,6.53,3488,1426,2062,19235,14,15,17,6.79,,,,,,,,,,,,,,,,,,,,,,,,,
91f7fb5f-5114-4f91-9c55-292f961c9776,2025-08-05 14:11:52 UTC,False,17247,CFOP,Gan 12 UI Maglev,RandomForest,9054,17247,,,gan12,custom_rules,,,,8,0,0,17247,63,68,79,3.65,6261,10947,1650,0,1650,1689,5,6,6,3.03,2373,206,2167,4062,11,11,11,5.08,4257,2267,1990,8319,11,11,14,5.53,2459,815,1644,10778,7,7,8,4.26,1596,1065,531,12374,9,9,9,16.95,2629,702,1927,15003,11,11,12,5.71,2244,1206,1038,17247,9,13,19,8.67,,,,,,,,,,,,,,,,,,,,,,,,,
7f48d251-7328-4ee8-a64e-22e27166de13,2025-08-05 14:13:01 UTC,False,17709,CFOP,Gan 12 UI Maglev,RandomForest,37539,17709,,,gan12,custom_rules,,,,8,0,0,17709,68,68,82,3.84,7191,10518,4,0,4,4,3,3,3,750.0,3072,634,2438,3076,10,10,12,4.1,3180,2061,1119,6256,8,8,10,7.15,3381,1223,2158,9637,13,13,14,6.02,2882,603,2279,12519,11,11,14,4.83,1827,853,974,14346,12,12,13,12.32,3363,1817,1546,17709,11,11,16,7.12,,,,,,,,,,,,,,,,,,,,,,,,,
fa38574d-de22-4497-ba9b-1e263839aae8,2025-08-05 14:13:43 UTC,False,21080,CFOP,Gan 12 UI Maglev,RandomForest,12429,21080,,,gan12,custom_rules,,,,8,0,0,21080,70,73,83,3.32,3667,17413,10670,0,10670,10670,22,22,26,2.06,0,0,0,10670,0,0,0,0.0,0,0,0,10670,0,0,0,0.0,1787,909,878,12457,8,8,8,9.11,2437,612,1825,14894,12,14,14,6.58,2750,1123,1627,17644,14,14,16,8.6,3436,1023,2413,21080,15,16,19,6.22,,,,,,,,,,,,,,,,,,,,,,,,,
b3891879-234c-494e-9561-72cbd1d57fe2,2025-08-05 14:14:23 UTC,False,25757,CFOP,Gan 12 UI Maglev,RandomForest,5130,25757,,,gan12,custom_rules,,,,8,0,0,25757,93,94,104,3.61,3207,22550,15857,0,15857,15857,48,48,54,3.03,0,0,0,15857,0,0,0,0.0,0,0,0,15857,0,0,0,0.0,2199,507,1692,18056,8,8,8,4.73,1635,596,1039,19691,8,8,9,7.7,2346,856,1490,22037,13,13,13,8.72,3720,1248,2472,25757,16,17,20,6.47,,,,,,,,,,,,,,,,,,,,,,,,,
2f96eee9-8db9-4c54-8797-981dea10b611,2025-08-05 14:15:09 UTC,False,15890,CFOP,Gan 12 UI Maglev,RandomForest,18921,15890,,,gan12,custom_rules,,,,8,0,0,15890,65,65,70,4.09,6564,9326,3270,0,3270,3270,15,15,15,4.59,0,0,0,3270,0,0,0,0.0,3780,3547,233,7050,6,6,7,25.75,3947,1273,2674,10997,15,15,15,5.61,1487,335,1152,12484,8,8,8,6.94,1079,515,564,13563,8,8,8,14.18,2327,894,1433,15890,15,15,17,10.47,,,,,,,,,,,,,,,,,,,,,,,,,
ab3a2552-fb22-4881-8784-3447298bf0be,2025-08-05 14:16:00 UTC,False,24709,CFOP,Gan 12 UI Maglev,RandomForest,9031,24709,,,gan12,custom_rules,,,,8,0,0,24709,81,82,96,3.28,7135,17574,11297,0,11297,11297,21,21,31,1.86,0,0,0,11297,0,0,0,0.0,2151,1176,975,13448,8,8,8,8.21,3569,1603,1966,17017,20,20,21,10.17,2675,2110,565,19692,7,7,7,12.39,2000,740,1260,21692,9,9,9,7.14,3017,1506,1511,24709,16,17,20,10.59,,,,,,,,,,,,,,,,,,,,,,,,,
44a33ebb-dcac-44cc-ae35-5fc8de0fd00b,2025-08-05 14:16:46 UTC,False,17115,CFOP,Gan 12 UI Maglev,RandomForest,5349,17115,,,gan12,custom_rules,,,,8,0,0,17115,73,75,83,4.27,7300,9767,1532,0,1532,1580,6,6,7,3.92,2602,1530,1072,4182,6,7,8,5.6,1492,717,775,5674,8,8,9,10.32,2547,1660,887,8221,9,10,11,10.15,1882,1031,851,10103,7,7,8,8.23,2603,1161,1442,12706,18,18,19,12.48,4409,1201,3208,17115,19,19,21,5.92,,,,,,,,,,,,,,,,,,,,,,,,,
1c6cb013-920b-4c8c-982b-b2bf84a06874,2025-08-05 14:17:47 UTC,False,20108,CFOP,Gan 12 UI Maglev,RandomForest,29873,20108,,,gan12,custom_rules,,,,8,0,0,20108,69,70,77,3.43,3319,16789,902,0,902,902,4,4,5,4.43,12513,572,11941,13415,30,30,33,2.51,0,0,0,13415,0,0,0,0.0,0,0,0,13415,0,0,0,0.0,1530,605,925,14945,8,8,9,8.65,1899,1086,813,16844,10,11,12,12.3,3264,1056,2208,20108,17,17,18,7.7,,,,,,,,,,,,,,,,,,,,,,,,,
67ab07bb-b929-446e-a11e-f545de26a045,2025-08-05 14:21:13 UTC,False,14594,CFOP,Gan 12 UI Maglev,RandomForest,11067,14594,,,gan12,custom_rules,,,,8,0,0,14594,55,60,72,3.77,7046,7548,1443,0,1443,1443,6,6,8,4.16,2378,2136,242,3821,4,4,4,16.53,2253,1310,943,6074,11,11,12,11.66,1616,677,939,7690,8,9,10,8.52,2553,866,1687,10243,9,9,10,5.33,2191,935,1256,12434,8,8,10,6.37,2160,1122,1038,14594,9,13,18,8.67,,,,,,,,,,,,,,,,,,,,,,,,,
53830b90-a926-4a78-afaf-2213057d67b5,2025-08-05 14:23:06 UTC,False,26820,CFOP,Gan 12 UI Maglev,RandomForest,75134,26820,,,gan12,custom_rules,,,,8,0,0,26820,77,78,85,2.87,11413,15407,4142,0,4142,4142,13,14,15,3.14,6065,1946,4119,10207,13,13,14,3.16,3519,2109,1410,13726,8,8,9,5.67,1934,1096,838,15660,7,7,8,8.35,4945,3036,1909,20605,10,10,11,5.24,1974,1112,862,22579,9,9,10,10.44,4241,2114,2127,26820,17,17,18,7.99,,,,,,,,,,,,,,,,,,,,,,,,,
e9fb808d-3b45-4934-9f09-d28e1de6843b,2025-08-05 14:26:38 UTC,False,27195,CFOP,Gan 12 UI Maglev,RandomForest,19102,27195,,,gan12,custom_rules,,,,8,0,0,27195,99,104,119,3.64,8718,18477,1499,0,1499,1499,6,6,8,4.0,3937,1540,2397,5436,8,8,9,3.34,3053,1079,1974,8489,8,8,9,4.05,1858,1298,560,10347,8,8,9,14.29,3296,2417,879,13643,10,10,12,11.38,2629,1329,1300,16272,15,16,16,11.54,10923,1055,9868,27195,44,48,56,4.46,,,,,,,,,,,,,,,,,,,,,,,,,
7b55e05e-6fb7-4f10-813a-6a8e01b7d720,2025-08-05 14:29:16 UTC,False,27194,CFOP,Gan 12 UI Maglev,RandomForest,45096,27194,,,gan12,custom_rules,,,,8,0,0,27194,70,71,76,2.57,14660,12534,3780,0,3780,3780,10,10,13,2.65,0,0,0,3780,0,0,0,0.0,5776,2384,3392,9556,12,12,12,3.54,2092,1201,891,11648,7,7,8,7.86,2603,1813,790,14251,12,12,13,15.19,3182,1950,1232,17433,11,12,12,8.93,9761,7312,2449,27194,18,18,18,7.35,,,,,,,,,,,,,,,,,,,,,,,,,
c427e0db-4d1f-4353-91e9-85eff638ee73,2025-08-05 14:30:21 UTC,False,23593,CFOP,Gan 12 UI Maglev,RandomForest,30008,23593,,,gan12,custom_rules,,,,8,0,0,23593,70,74,82,2.97,7355,16166,7996,0,7996,8068,9,10,11,1.13,1230,1061,169,9298,4,4,4,23.67,3085,1249,1836,12383,11,12,12,5.99,2382,1004,1378,14765,8,8,9,5.81,1958,805,1153,16723,8,8,8,6.94,1857,818,1039,18580,12,12,13,11.55,5013,2418,2595,23593,18,20,25,6.94,,,,,,,,,,,,,,,,,,,,,,,,,
6af78ea4-c8df-4c76-a002-47fa4e12906f,2025-08-05 14:31:08 UTC,False,16666,CFOP,Gan 12 UI Maglev,RandomForest,20736,16666,,,gan12,custom_rules,,,,8,0,0,16666,58,58,63,3.48,7652,9014,2634,0,2634,2634,5,5,5,1.9,2799,2444,355,5433,4,4,4,11.27,2449,1353,1096,7882,7,7,8,6.39,2656,1177,1479,10538,8,8,10,5.41,1378,419,959,11916,8,8,8,8.34,2039,991,1048,13955,10,10,10,9.54,2711,1268,1443,16666,16,16,18,11.09,,,,,,,,,,,,,,,,,,,,,,,,,
dedd1703-c494-4ba3-bed4-14e50472f421,2025-08-05 14:31:46 UTC,False,20932,CFOP,Gan 12 UI Maglev,RandomForest,8100,20932,,,gan12,custom_rules,,,,8,0,0,20932,80,81,91,3.82,5720,15212,5127,0,5127,5127,10,10,11,1.95,1894,596,1298,7021,8,8,9,6.16,1458,483,975,8479,6,6,8,6.15,1777,741,1036,10256,7,7,8,6.76,2183,1006,1177,12439,12,12,13,10.2,2409,838,1571,14848,12,12,14,7.64,6084,2056,4028,20932,25,26,28,6.21,,,,,,,,,,,,,,,,,,,,,,,,,
5d233025-fb33-4d6f-b4a9-9a8ba5157b45,2025-08-05 14:32:18 UTC,False,17654,CFOP,Gan 12 UI Maglev,RandomForest,4944,17654,,,gan12,custom_rules,,,,8,0,0,17654,71,73,81,4.02,6166,11488,1926,0,1926,1926,6,6,8,3.12,1990,822,1168,3916,9,9,9,7.71,999,129,870,4915,7,7,7,8.05,1670,936,734,6585,13,13,13,17.71,3785,886,2899,10370,11,11,13,3.79,3810,1949,1861,14180,11,12,13,5.91,3474,1444,2030,17654,15,16,18,7.39,,,,,,,,,,,,,,,,,,,,,,,,,
9bb94f94-c00a-46f7-8843-d8f302b9db61,2025-08-05 14:32:58 UTC,False,18964,CFOP,Gan 12 UI Maglev,RandomForest,10952,18964,,,gan12,custom_rules,,,,8,0,0,18964,72,78,89,3.8,1054,17910,8362,0,8362,8362,28,29,33,3.35,0,0,0,8362,0,0,0,0.0,4389,402,3987,12751,16,20,22,4.01,6213,652,5561,18964,29,30,34,5.21,0,0,0,18964,0,0,0,0.0,0,0,0,18964,0,0,0,0.0,0,0,0,18964,0,0,0,0.0,,,,,,,,,,,,,,,,,,,,,,,,,
a71e7c34-28b6-42fa-8052-b0881e721c78,2025-08-05 14:33:37 UTC,False,13186,CFOP,Gan 12 UI Maglev,RandomForest,11872,13186,,,gan12,custom_rules,,,,8,0,0,13186,59,64,79,4.47,5781,7405,1611,0,1611,1611,6,6,6,3.72,1499,774,725,3110,6,6,8,8.28,1780,830,950,4890,9,9,11,9.47,2284,1155,1129,7174,7,7,8,6.2,1354,861,493,8528,8,8,8,16.23,2182,1239,943,10710,12,12,14,12.73,2476,922,1554,13186,11,16,24,7.08,,,,,,,,,,,,,,,,,,,,,,,,,
c7a70c2f-a813-4ae2-8cf7-1052faa319c0,2025-08-05 14:34:22 UTC,False,16983,CFOP,Gan 12 UI Maglev,RandomForest,14828,16983,,,gan12,custom_rules,,,,8,0,0,16983,71,72,86,4.18,4469,12514,8723,0,8723,8723,32,32,38,3.67,0,0,0,8723,0,0,0,0.0,0,0,0,8723,0,0,0,0.0,1696,789,907,10419,8,8,10,8.82,2087,1490,597,12506,8,8,11,13.4,1724,959,765,14230,9,9,10,11.76,2753,1231,1522,16983,14,15,17,9.2,,,,,,,,,,,,,,,,,,,,,,,,,
79d55a50-376a-49be-b850-23da4fc1a81b,2025-08-05 14:35:44 UTC,False,18141,CFOP,Gan 12 UI Maglev,RandomForest,36405,18141,,,gan12,custom_rules,,,,8,0,0,18141,68,69,75,3.75,7459,10682,1523,0,1523,1523,6,6,6,3.94,4117,2409,1708,5640,8,8,9,4.68,1394,597,797,7034,8,8,8,10.04,2208,1596,612,9242,8,8,8,13.07,4528,814,3714,13770,14,14,14,3.77,1233,669,564,15003,7,7,8,12.41,3138,1374,1764,18141,17,18,22,9.64,,,,,,,,,,,,,,,,,,,,,,,,,
e5af542a-ab1d-4dfd-9b11-ce340818c477,2025-08-05 14:36:34 UTC,False,16118,CFOP,Gan 12 UI Maglev,RandomForest,16558,16118,,,gan12,custom_rules,,,,8,0,0,16118,65,66,74,4.03,5910,10208,1684,0,1684,1684,7,7,8,4.16,2651,1716,935,4335,7,8,9,7.49,2350,932,1418,6685,8,8,9,5.64,3151,726,2425,9836,12,12,13,4.95,1771,739,1032,11607,8,8,9,7.75,1772,1055,717,13379,8,8,9,11.16,2739,742,1997,16118,15,15,17,7.51,,,,,,,,,,,,,,,,,,,,,,,,,
61d945a7-1b50-4768-8c06-cf315ce59ba2,2025-08-05 14:37:06 UTC,False,15835,CFOP,Gan 12 UI Maglev,RandomForest,5829,15835,,,gan12,custom_rules,,,,8,0,0,15835,69,71,84,4.36,4612,11223,2997,0,2997,2997,11,11,12,3.67,1724,580,1144,4721,8,8,9,6.99,1161,419,742,5882,8,8,9,10.78,2139,1143,996,8021,9,10,11,9.04,1695,0,1695,9716,8,8,8,4.72,2285,1133,1152,12001,10,10,15,8.68,3834,1337,2497,15835,15,16,20,6.01,,,,,,,,,,,,,,,,,,,,,,,,,
77098435-deed-48ca-9d05-3c86ca7afb57,2025-08-05 14:37:43 UTC,False,17958,CFOP,Gan 12 UI Maglev,RandomForest,8739,17958,,,gan12,custom_rules,,,,8,0,0,17958,60,66,76,3.34,7507,10451,2795,0,2795,2795,5,5,5,1.79,2471,1192,1279,5266,9,10,11,7.04,2997,862,2135,8263,10,10,11,4.68,2350,1458,892,10613,8,9,9,8.97,2031,1233,798,12644,8,8,9,10.03,1725,943,782,14369,9,9,10,11.51,3589,1819,1770,17958,11,15,21,6.21,,,,,,,,,,,,,,,,,,,,,,,,,
2ee38f48-d64c-4d2b-b151-6c46362a04e2,2025-08-05 14:38:33 UTC,False,24268,CFOP,Gan 12 UI Maglev,RandomForest,15333,24268,,,gan12,custom_rules,,,,8,0,0,24268,76,77,88,3.13,7970,16298,951,0,951,951,5,5,6,5.26,2369,1160,1209,3320,12,12,12,9.93,10435,725,9710,13755,20,20,22,2.06,1812,1531,281,15567,4,4,5,14.23,2018,1137,881,17585,9,9,11,10.22,1917,1007,910,19502,9,9,10,9.89,4766,2410,2356,24268,17,18,22,7.22,,,,,,,,,,,,,,,,,,,,,,,,,
a2d41318-8b1e-4c16-946b-e602babbccf4,2025-08-05 14:39:14 UTC,False,20433,CFOP,Gan 12 UI Maglev,RandomForest,11207,20433,,,gan12,custom_rules,,,,8,0,0,20433,85,86,97,4.16,8682,11662,1346,0,1346,1435,6,6,7,4.46,4277,3448,829,5712,9,9,10,10.86,5202,2239,2963,10914,15,15,16,5.06,3199,250,2949,14113,22,22,25,7.46,1819,1126,693,15932,8,8,9,11.54,1579,717,862,17511,7,7,8,8.12,2922,902,2020,20433,20,20,22,9.9,,,,,,,,,,,,,,,,,,,,,,,,,
99e5cf3e-4099-4935-b65c-2a30624a8912,2025-08-05 14:39:45 UTC,False,19390,CFOP,Gan 12 UI Maglev,RandomForest,2315,19390,,,gan12,custom_rules,,,,8,0,0,19390,59,59,68,3.04,7866,11524,6480,0,6480,6480,7,7,9,1.08,2054,998,1056,8534,8,8,8,7.58,1691,1023,668,10225,4,4,5,5.99,2323,1622,701,12548,8,8,9,11.41,2449,1805,644,14997,8,8,10,12.42,1605,1056,549,16602,8,8,10,14.57,2788,1362,1426,19390,16,16,17,11.22,,,,,,,,,,,,,,,,,,,,,,,,,
0d47725c-60f9-4ba3-8bc0-ecceb1386bd7,2025-08-05 14:40:18 UTC,False,15389,CFOP,Gan 12 UI Maglev,RandomForest,8577,15389,,,gan12,custom_rules,,,,8,0,0,15389,68,69,77,4.42,5744,9645,2257,0,2257,2257,8,8,10,3.54,2223,1208,1015,4480,8,8,9,7.88,1333,339,994,5813,8,9,9,8.05,3054,1636,1418,8867,9,9,11,6.35,1457,556,901,10324,8,8,10,8.88,1361,668,693,11685,8,8,9,11.54,3704,1337,2367,15389,19,19,19,8.03,,,,,,,,,,,,,,,,,,,,,,,,,
e6352ee6-f0b8-4804-be5e-ef1fcd5470d1,2025-08-05 14:41:01 UTC,False,15689,CFOP,Gan 12 UI Maglev,RandomForest,16493,15689,,,gan12,custom_rules,,,,8,0,0,15689,69,69,77,4.4,4913,10776,5048,0,5048,5048,15,15,19,2.97,0,0,0,5048,0,0,0,0.0,1740,717,1023,6788,8,8,9,7.82,1515,580,935,8303,8,8,8,8.56,1815,1151,664,10118,10,10,10,15.06,2658,1313,1345,12776,13,13,15,9.67,2913,1152,1761,15689,15,15,16,8.52,,,,,,,,,,,,,,,,,,,,,,,,,
353f831d-cca6-4d62-aaee-a33411233637,2025-08-05 14:41:36 UTC,False,17031,CFOP,Gan 12 UI Maglev,RandomForest,10168,17031,,,gan12,custom_rules,,,,8,0,0,17031,71,72,82,4.17,5484,11547,4366,0,4366,4366,13,14,18,2.98,0,0,0,4366,0,0,0,0.0,2346,515,1831,6712,9,9,10,4.92,1789,1136,653,8501,8,8,9,12.25,3157,966,2191,11658,14,14,15,6.39,2120,1346,774,13778,8,8,10,10.34,3253,1521,1732,17031,19,19,20,10.97,,,,,,,,,,,,,,,,,,,,,,,,,
14d5f7f0-d058-49f1-805d-c690ce36cbf1,2025-08-05 14:42:20 UTC,False,14859,CFOP,Gan 12 UI Maglev,RandomForest,22343,14859,,,gan12,custom_rules,,,,8,0,0,14859,71,71,79,4.78,5336,9523,4616,0,4616,4616,16,16,19,3.47,0,0,0,4616,0,0,0,0.0,2035,1278,757,6651,12,12,13,15.85,1773,814,959,8424,12,12,12,12.51,1958,1120,838,10382,8,8,10,9.55,1940,1045,895,12322,7,7,8,7.82,2537,1079,1458,14859,16,16,17,10.97,,,,,,,,,,,,,,,,,,,,,,,,,
48d4e79e-5cf2-4a1d-95cc-f707ebf0f9b3,2025-08-05 14:54:28 UTC,False,17177,CFOP,Gan 12 UI Maglev,RandomForest,7212,17177,,,gan12,custom_rules,,,,8,0,0,17177,75,76,86,4.37,6331,10846,1862,0,1862,1862,8,8,8,4.3,2450,1821,629,4312,8,8,9,12.72,927,314,613,5239,5,5,6,8.16,1333,331,1002,6572,8,9,9,7.98,2471,1657,814,9043,8,8,10,9.83,3528,1184,2344,12571,15,15,16,6.4,4606,1024,3582,17177,24,24,28,6.7,,,,,,,,,,,,,,,,,,,,,,,,,
20617194-d0b6-4830-82f6-ec257de96425,2025-08-05 14:55:30 UTC,False,37127,CFOP,Gan 12 UI Maglev,RandomForest,11872,37127,,,gan12,custom_rules,,,,8,0,0,37127,83,84,92,2.24,7252,29875,16178,0,16178,16178,18,18,21,1.11,3066,371,2695,19244,11,11,13,4.08,2135,1829,306,21379,5,5,5,16.34,4721,942,3779,26100,13,13,13,3.44,1479,483,996,27579,3,3,4,3.01,2771,1023,1748,30350,13,13,13,7.44,6777,2604,4173,37127,20,21,23,4.79,,,,,,,,,,,,,,,,,,,,,,,,,
3598152a-c334-4a01-96d2-64fc7a436e91,2025-08-05 14:56:15 UTC,False,19761,CFOP,Gan 12 UI Maglev,RandomForest,15431,19761,,,gan12,custom_rules,,,,8,0,0,19761,58,59,71,2.94,10582,9179,2563,0,2563,2563,8,8,10,3.12,2393,1603,790,4956,6,6,8,7.59,2777,2068,709,7733,8,8,9,11.28,1209,806,403,8942,3,3,4,7.44,2804,1676,1128,11746,8,8,9,7.09,2449,1450,999,14195,12,13,14,12.01,5566,2979,2587,19761,13,13,17,5.03,,,,,,,,,,,,,,,,,,,,,,,,,
171fa2b1-fc4a-4f0a-be56-da9cbdcc2828,2025-08-05 14:56:54 UTC,False,14537,CFOP,Gan 12 UI Maglev,RandomForest,15151,14537,,,gan12,custom_rules,,,,8,0,0,14537,64,64,72,4.4,4848,9601,1007,0,1007,1095,5,5,7,4.97,1595,652,943,2690,7,7,8,7.42,3975,1088,2887,6665,11,11,12,3.81,1038,458,580,7703,6,6,7,10.34,1523,620,903,9226,7,7,7,7.75,1999,789,1210,11225,10,10,11,8.26,3312,1241,2071,14537,19,19,20,9.17,,,,,,,,,,,,,,,,,,,,,,,,,
0410a448-fd52-45d7-bd74-4c6aea7fa32b,2025-08-05 14:57:36 UTC,False,20549,CFOP,Gan 12 UI Maglev,RandomForest,8310,20549,,,gan12,custom_rules,,,,8,0,0,20549,75,75,83,3.65,8901,11648,2594,0,2594,2594,10,10,12,3.86,2704,1878,826,5298,8,8,10,9.69,3295,2457,838,8593,8,8,9,9.55,5172,1330,3842,13765,11,11,11,2.86,1806,1240,566,15571,8,8,9,14.13,2111,837,1274,17682,13,13,13,10.2,2867,1159,1708,20549,17,17,19,9.95,,,,,,,,,,,,,,,,,,,,,,,,,
a00cb6b0-25c2-4193-9a91-44b0f07f2b58,2025-08-05 14:58:16 UTC,False,18685,CFOP,Gan 12 UI Maglev,RandomForest,12094,18685,,,gan12,custom_rules,,,,8,0,0,18685,70,75,85,3.75,4157,14447,9120,0,9120,9201,28,28,30,3.07,0,0,0,9201,0,0,0,0.0,0,0,0,9201,0,0,0,0.0,1940,1256,684,11141,9,9,9,13.16,1942,1104,838,13083,8,8,9,9.55,3210,814,2396,16293,13,13,15,5.43,2392,983,1409,18685,12,17,22,8.52,,,,,,,,,,,,,,,,,,,,,,,,,
f2f9d1c9-992b-4e35-8f54-a39479760677,2025-08-05 14:58:56 UTC,False,21489,CFOP,Gan 12 UI Maglev,RandomForest,8267,21489,,,gan12,custom_rules,,,,8,0,0,21489,84,85,99,3.91,6413,15076,1539,0,1539,1539,7,7,8,4.55,6177,274,5903,7716,18,18,23,3.05,3512,1877,1635,11228,9,9,11,5.5,2557,193,2364,13785,10,10,10,4.23,1813,741,1072,15598,11,11,13,10.26,1919,1282,637,17517,9,9,10,14.13,3972,2046,1926,21489,22,22,24,11.42,,,,,,,,,,,,,,,,,,,,,,,,,
6127fe90-cc67-4bf9-b1cf-a4ac49d02976,2025-08-05 14:59:38 UTC,False,19190,CFOP,Gan 12 UI Maglev,RandomForest,9343,19190,,,gan12,custom_rules,,,,8,0,0,19190,63,64,77,3.28,8023,11167,1499,0,1499,1499,6,7,9,4.0,4604,2867,1737,6103,8,8,10,4.61,1482,1055,427,7585,3,3,3,7.03,1870,838,1032,9455,8,8,9,7.75,4020,2086,1934,13475,12,12,16,6.2,1571,782,789,15046,8,8,9,10.14,4144,395,3749,19190,18,18,21,4.8,,,,,,,,,,,,,,,,,,,,,,,,,
583a91e0-152e-414f-b74d-dc2d6c538217,2025-08-05 15:00:19 UTC,False,20383,CFOP,Gan 12 UI Maglev,RandomForest,9456,20383,,,gan12,custom_rules,,,,8,0,0,20383,71,73,77,3.48,8742,11641,1539,0,1539,1539,6,7,8,3.9,6319,1233,5086,7858,14,14,14,2.75,2798,2119,679,10656,5,6,6,7.36,2223,1482,741,12879,12,12,13,16.19,1733,1418,315,14612,5,5,5,15.87,2419,862,1557,17031,14,14,15,8.99,3352,1628,1724,20383,15,15,16,8.7,,,,,,,,,,,,,,,,,,,,,,,,,
fb5b2522-55f2-4015-9704-68a5f53f9e23,2025-08-05 15:01:34 UTC,False,16724,CFOP,Gan 12 UI Maglev,RandomForest,49587,16724,,,gan12,custom_rules,,,,8,0,0,16724,65,66,81,3.89,7227,9497,572,0,572,572,4,4,4,6.99,3384,806,2578,3956,14,15,19,5.43,1613,524,1089,5569,7,7,9,6.43,1741,1015,726,7310,8,8,9,11.02,1982,1507,475,9292,8,8,9,16.84,2069,1070,999,11361,10,10,11,10.01,5363,2305,3058,16724,14,14,20,4.58,,,,,,,,,,,,,,,,,,,,,,,,,
a2b20628-ca53-4277-acf0-28f770b592e7,2025-08-05 15:02:19 UTC,False,21064,CFOP,Gan 12 UI Maglev,RandomForest,13620,21064,,,gan12,custom_rules,,,,8,0,0,21064,78,80,88,3.7,7793,13271,2499,0,2499,2499,9,9,12,3.6,2336,1652,684,4835,6,6,7,8.77,3463,2036,1427,8298,8,9,9,5.61,4446,983,3463,12744,12,13,15,3.47,1926,661,1265,14670,9,9,9,7.11,3709,1147,2562,18379,18,18,19,7.03,2685,1314,1371,21064,16,16,17,11.67,,,,,,,,,,,,,,,,,,,,,,,,,
be9df4ea-f963-49d1-a4d8-4c37754d4c42,2025-08-05 15:02:55 UTC,False,22119,CFOP,Gan 12 UI Maglev,RandomForest,5021,22119,,,gan12,custom_rules,,,,8,0,0,22119,81,81,91,3.66,7988,14131,1587,0,1587,1587,7,7,7,4.41,2570,1700,870,4157,8,8,11,9.2,3473,1411,2062,7630,8,8,9,3.88,7516,1258,6258,15146,28,28,31,4.47,975,484,491,16121,3,3,3,6.11,2692,1749,943,18813,9,9,11,9.54,3306,1386,1920,22119,18,18,19,9.38,,,,,,,,,,,,,,,,,,,,,,,,,
800d052c-96ea-4d74-9be3-28f7c6297e39,2025-08-05 15:03:51 UTC,False,16926,CFOP,Gan 12 UI Maglev,RandomForest,29130,16926,,,gan12,custom_rules,,,,8,0,0,16926,60,61,70,3.54,7629,9240,3094,0,3094,3151,6,6,8,1.94,1805,644,1161,4956,7,7,8,6.03,1853,1684,169,6809,4,4,4,23.67,2619,1660,959,9428,8,8,11,8.34,1732,934,798,11160,8,8,9,10.03,1546,773,773,12706,10,11,11,12.94,4220,1934,2286,16926,17,17,19,7.44,,,,,,,,,,,,,,,,,,,,,,,,,
7a473ecc-f71c-4d0e-b595-23216d7fa25e,2025-08-05 15:04:42 UTC,False,19461,CFOP,Gan 12 UI Maglev,RandomForest,20680,19461,,,gan12,custom_rules,,,,8,0,0,19461,85,88,96,4.37,6779,12682,1305,0,1305,1305,7,8,8,5.36,3741,717,3024,5046,14,14,16,4.63,1764,653,1111,6810,12,12,14,10.8,1918,1177,741,8728,9,9,10,12.15,2403,1855,548,11131,10,10,10,18.25,5679,1128,4551,16810,18,20,22,3.96,2651,1249,1402,19461,15,15,16,10.7,,,,,,,,,,,,,,,,,,,,,,,,,
ec95540b-2591-47ef-ac24-8be134ee7b0c,2025-08-05 15:05:28 UTC,False,23299,CFOP,Gan 12 UI Maglev,RandomForest,14131,23299,,,gan12,custom_rules,,,,8,0,0,23299,70,70,84,3.0,7181,16118,1934,0,1934,1934,7,7,8,3.62,1555,435,1120,3489,7,7,8,6.25,2865,1289,1576,6354,8,8,9,5.08,6076,976,5100,12430,14,14,20,2.75,3125,1039,2086,15555,11,11,13,5.27,3432,1410,2022,18987,10,10,10,4.95,4312,2032,2280,23299,13,13,16,5.7,,,,,,,,,,,,,,,,,,,,,,,,,
b583a503-0fe9-4d9d-8aa6-1a0588a2b4b9,2025-08-05 15:06:06 UTC,False,17319,CFOP,Gan 12 UI Maglev,RandomForest,10619,17319,,,gan12,custom_rules,,,,8,0,0,17319,67,70,78,3.87,6519,10800,1506,0,1506,1506,5,5,7,3.32,3127,2337,790,4633,8,8,9,10.13,1818,352,1466,6451,9,10,10,6.14,3796,1209,2587,10247,9,9,9,3.48,1676,839,837,11923,8,8,10,9.56,2168,758,1410,14091,12,12,13,8.51,3228,1024,2204,17319,16,18,20,7.26,,,,,,,,,,,,,,,,,,,,,,,,,
acae7339-3972-4fcb-8b33-6bfd06602eab,2025-08-05 15:06:37 UTC,False,15905,CFOP,Gan 12 UI Maglev,RandomForest,4963,15905,,,gan12,custom_rules,,,,8,0,0,15905,73,75,81,4.59,5620,10285,3199,0,3199,3199,10,10,10,3.13,1322,106,1216,4521,7,7,7,5.76,1554,708,846,6075,8,8,9,9.46,2119,1185,934,8194,8,8,9,8.57,1459,677,782,9653,12,12,12,15.35,2902,1267,1635,12555,12,14,15,7.34,3350,1677,1673,15905,17,17,19,10.16,,,,,,,,,,,,,,,,,,,,,,,,,
b6cf7f99-f683-4955-98e3-b45933686696,2025-08-05 15:07:12 UTC,False,13613,CFOP,Gan 12 UI Maglev,RandomForest,11254,13613,,,gan12,custom_rules,,,,8,0,0,13613,63,66,76,4.63,4911,8702,1869,0,1869,1869,9,9,9,4.82,1628,911,717,3497,6,6,8,8.37,1217,507,710,4714,6,6,8,8.45,1450,596,854,6164,8,8,10,9.37,1144,459,685,7308,8,8,9,11.68,2062,781,1281,9370,8,8,9,6.25,4243,1657,2586,13613,18,21,23,6.96,,,,,,,,,,,,,,,,,,,,,,,,,
841b9ffa-1692-401e-92ba-170bd81491a7,2025-08-05 15:07:56 UTC,False,15408,CFOP,Gan 12 UI Maglev,RandomForest,9480,15408,,,gan12,custom_rules,,,,8,0,0,15408,67,67,78,4.35,6917,8419,1660,0,1660,1732,7,7,8,4.22,3705,2280,1425,5437,13,13,14,9.12,2078,894,1184,7515,11,11,12,9.29,2514,1273,1241,10029,7,7,8,5.64,939,287,652,10968,7,7,8,10.74,1797,1007,790,12765,8,8,11,10.13,2643,1176,1467,15408,15,15,17,10.22,,,,,,,,,,,,,,,,,,,,,,,,,
739214f7-dcf6-43e5-bd8a-d8c7bbf780f7,2025-08-05 15:08:38 UTC,False,15740,CFOP,Gan 12 UI Maglev,RandomForest,14722,15740,,,gan12,custom_rules,,,,8,0,0,15740,74,75,85,4.7,5328,10412,1160,0,1160,1160,6,6,7,5.17,1435,725,710,2595,6,6,7,8.45,1370,459,911,3965,8,8,10,8.78,2232,571,1661,6197,11,11,12,6.62,1724,363,1361,7921,11,11,12,8.08,1869,950,919,9790,11,11,12,11.97,5950,2260,3690,15740,21,22,25,5.69,,,,,,,,,,,,,,,,,,,,,,,,,
2a848dcc-d438-4913-8fca-84fdeaeb3835,2025-08-05 15:09:27 UTC,False,22511,CFOP,Gan 12 UI Maglev,RandomForest,10855,22511,,,gan12,custom_rules,,,,8,0,0,22511,73,73,82,3.24,7826,14685,3884,0,3884,3884,10,10,12,2.57,2858,1319,1539,6742,7,7,8,4.55,4936,290,4646,11678,12,12,15,2.58,4197,2409,1788,15875,9,9,12,5.03,2474,1861,613,18349,8,8,8,13.05,1305,709,596,19654,9,9,9,15.1,2857,1238,1619,22511,18,18,18,11.12,,,,,,,,,,,,,,,,,,,,,,,,,
5c6f1d55-54f8-450d-a325-164f2946e55e,2025-08-05 15:10:12 UTC,False,18460,CFOP,Gan 12 UI Maglev,RandomForest,16781,18460,,,gan12,custom_rules,,,,8,0,0,18460,67,67,76,3.63,4775,13629,6628,0,6628,6684,19,19,22,2.87,0,0,0,6684,0,0,0,0.0,3021,910,2111,9705,7,7,9,3.32,1055,636,419,10760,6,6,7,14.32,1974,1111,863,12734,10,10,11,11.59,2175,926,1249,14909,10,10,10,8.01,3551,1192,2359,18460,15,15,17,6.36,,,,,,,,,,,,,,,,,,,,,,,,,
1b600292-1f6e-47eb-ae8f-dd3f4afd6773,2025-08-05 15:10:54 UTC,False,15868,CFOP,Gan 12 UI Maglev,RandomForest,10594,15868,,,gan12,custom_rules,,,,8,0,0,15868,66,66,72,4.16,7079,8732,1122,0,1122,1179,5,5,6,4.46,1972,280,1692,3151,8,8,10,4.73,2488,1458,1030,5639,8,8,8,7.77,2958,1676,1282,8597,8,8,8,6.24,2674,1860,814,11271,8,8,9,9.83,1515,653,862,12786,10,10,10,11.6,3082,1152,1930,15868,19,19,21,9.84,,,,,,,,,,,,,,,,,,,,,,,,,
c6c50c9b-2e94-4f27-8a4e-8a0591f6ed2c,2025-08-05 15:11:33 UTC,False,22541,CFOP,Gan 12 UI Maglev,RandomForest,5825,22541,,,gan12,custom_rules,,,,8,0,0,22541,86,87,98,3.82,5875,16666,3247,0,3247,3247,12,12,12,3.7,1748,742,1006,4995,7,7,7,6.96,5802,564,5238,10797,21,21,27,4.01,3522,693,2829,14319,13,13,14,4.6,1450,887,563,15769,8,8,9,14.21,1910,773,1137,17679,9,9,9,7.92,4862,2216,2646,22541,16,17,20,6.05,,,,,,,,,,,,,,,,,,,,,,,,,
6f359117-4493-4685-8547-3484525aaee8,2025-08-05 15:12:14 UTC,False,16949,CFOP,Gan 12 UI Maglev,RandomForest,12312,16949,,,gan12,custom_rules,,,,8,0,0,16949,66,71,79,3.89,6762,10187,4635,0,4635,4635,11,11,11,2.37,1466,749,717,6101,8,8,8,11.16,1846,1257,589,7947,8,8,8,13.58,1200,313,887,9147,12,12,12,13.53,1939,1423,516,11086,9,9,9,17.44,2877,1628,1249,13963,10,11,13,8.01,2986,1392,1594,16949,8,12,18,5.02,,,,,,,,,,,,,,,,,,,,,,,,,
40434424-0394-4de9-9918-db0ac718e4be,2025-08-05 15:12:47 UTC,False,17238,CFOP,Gan 12 UI Maglev,RandomForest,6331,17238,,,gan12,custom_rules,,,,8,0,0,17238,78,80,89,4.52,5907,11331,1813,0,1813,1813,6,6,7,3.31,2031,1161,870,3844,6,7,7,6.9,935,774,161,4779,4,4,6,24.84,1655,850,805,6434,8,8,9,9.94,1475,694,781,7909,12,12,12,15.36,3918,911,3007,11827,23,23,25,7.65,5411,1517,3894,17238,19,20,23,4.88,,,,,,,,,,,,,,,,,,,,,,,,,
0e4de205-bfd0-483f-bf4b-6af54ebdf805,2025-08-05 15:13:32 UTC,False,26055,CFOP,Gan 12 UI Maglev,RandomForest,7691,26055,,,gan12,custom_rules,,,,8,0,0,26055,83,83,94,3.19,8536,17519,4578,0,4578,4578,10,10,13,2.18,4313,2452,1861,8891,10,10,12,5.37,1910,919,991,10801,8,8,9,8.07,3077,1362,1715,13878,8,8,11,4.66,6110,1330,4780,19988,18,18,18,3.77,2354,1249,1105,22342,8,8,10,7.24,3713,1224,2489,26055,21,21,21,8.44,,,,,,,,,,,,,,,,,,,,,,,,,
6e65f869-bd25-4194-aa37-ebad20e206e8,2025-08-05 15:14:36 UTC,False,31743,CFOP,Gan 12 UI Maglev,RandomForest,11632,31743,,,gan12,custom_rules,,,,8,0,0,31743,85,87,95,2.68,11095,20648,11688,0,11688,11688,23,23,24,1.97,1087,886,201,12775,4,4,4,19.9,3926,2924,1002,16701,9,9,11,8.98,4631,2094,2537,21332,11,11,12,4.34,3232,1863,1369,24564,8,8,10,5.84,2991,1476,1515,27555,15,15,15,9.9,4188,1852,2336,31743,15,17,19,6.42,,,,,,,,,,,,,,,,,,,,,,,,,
63a04d68-5659-4c9a-96a3-0b2705271402,2025-08-05 15:15:18 UTC,False,22323,CFOP,Gan 12 UI Maglev,RandomForest,8099,22323,,,gan12,custom_rules,,,,8,0,0,22323,84,86,94,3.76,6633,15690,2006,0,2006,2006,6,6,7,2.99,3009,960,2049,5015,13,14,14,6.34,8741,1360,7381,13756,27,27,28,3.66,2290,1064,1226,16046,7,7,8,5.71,1340,614,726,17386,7,7,8,9.64,1790,927,863,19176,8,8,9,9.27,3147,1708,1439,22323,16,17,20,11.12,,,,,,,,,,,,,,,,,,,,,,,,,
c67c99bc-fb9a-4f3d-804a-02ef5f624990,2025-08-05 15:15:52 UTC,False,19198,CFOP,Gan 12 UI Maglev,RandomForest,5828,19198,,,gan12,custom_rules,,,,8,0,0,19198,72,74,84,3.75,7744,11454,2588,0,2588,2588,8,10,16,3.09,3518,1168,2350,6106,9,9,9,3.83,3336,2619,717,9442,7,7,7,9.76,1772,967,805,11214,7,7,8,8.7,1757,1185,572,12971,9,9,9,15.73,3415,588,2827,16386,13,13,16,4.6,2812,1217,1595,19198,19,19,19,11.91,,,,,,,,,,,,,,,,,,,,,,,,,
28e9959c-198f-4b86-8862-370393522643,2025-08-05 15:16:24 UTC,False,14077,CFOP,Gan 12 UI Maglev,RandomForest,6779,14077,,,gan12,custom_rules,,,,8,0,0,14077,66,69,80,4.69,4444,9633,1790,0,1790,1790,7,7,9,3.91,1361,483,878,3151,6,6,8,6.83,1612,709,903,4763,7,7,8,7.75,3544,1021,2523,8307,14,14,16,5.55,942,370,572,9249,8,8,8,13.99,1984,854,1130,11233,10,11,12,8.85,2844,1007,1837,14077,15,16,19,8.17,,,,,,,,,,,,,,,,,,,,,,,,,
32221ae2-d206-4678-8a28-0301f7d9a693,2025-08-05 15:16:53 UTC,False,15308,CFOP,Gan 12 UI Maglev,RandomForest,4502,15308,,,gan12,custom_rules,,,,8,0,0,15308,67,70,78,4.38,6307,9001,1474,0,1474,1474,7,9,14,4.75,2105,742,1363,3579,9,10,11,6.6,1610,1295,315,5189,5,5,5,15.87,2336,870,1466,7525,11,11,11,7.5,2280,1136,1144,9805,8,8,8,6.99,1613,742,871,11418,9,9,10,10.33,3890,1522,2368,15308,18,18,19,7.6,,,,,,,,,,,,,,,,,,,,,,,,,
e0e0d17d-8ab7-4b3d-9b78-5b6466b81188,2025-08-05 15:17:28 UTC,False,17980,CFOP,Gan 12 UI Maglev,RandomForest,7135,17980,,,gan12,custom_rules,,,,8,0,0,17980,64,65,71,3.56,6185,11795,1684,0,1684,1684,8,8,8,4.75,4176,555,3621,5860,10,11,11,2.76,3206,1902,1304,9066,8,8,8,6.13,1988,1023,965,11054,8,8,10,8.29,1200,532,668,12254,7,7,7,10.48,1869,999,870,14123,7,7,8,8.05,3857,1174,2683,17980,17,17,19,6.34,,,,,,,,,,,,,,,,,,,,,,,,,
85a3579e-a6e5-453c-816e-bedf80f419a4,2025-08-05 15:18:13 UTC,False,24339,CFOP,Gan 12 UI Maglev,RandomForest,12479,24339,,,gan12,custom_rules,,,,8,0,0,24339,72,76,82,2.96,8511,15828,5641,0,5641,5641,14,14,17,2.48,6706,1909,4797,12347,17,20,20,3.54,4810,2965,1845,17157,7,7,7,3.79,1128,846,282,18285,4,4,4,14.18,991,581,410,19276,4,4,4,9.76,1290,669,621,20566,9,9,9,14.49,3773,1541,2232,24339,17,18,21,7.62,,,,,,,,,,,,,,,,,,,,,,,,,
e1381360-e319-4207-8ae0-a2f5f35239e3,2025-08-05 15:18:51 UTC,False,23132,CFOP,Gan 12 UI Maglev,RandomForest,4703,23132,,,gan12,custom_rules,,,,8,0,0,23132,68,70,76,2.94,12824,10308,870,0,870,870,5,6,6,5.75,7864,5881,1983,8734,11,11,11,5.55,1894,653,1241,10628,7,7,8,5.64,3987,2697,1290,14615,9,9,9,6.98,3173,1167,2006,17788,9,9,10,4.49,2103,1088,1015,19891,12,12,13,11.82,3241,1338,1903,23132,16,17,19,8.41,,,,,,,,,,,,,,,,,,,,,,,,,
d56600d9-576a-4ea8-b110-0d3cf5ea7689,2025-08-05 15:19:40 UTC,False,20314,CFOP,Gan 12 UI Maglev,RandomForest,19269,20314,,,gan12,custom_rules,,,,8,0,0,20314,82,83,90,4.04,6789,13429,2683,0,2683,2779,7,7,8,2.61,1579,1031,548,4358,7,7,8,12.77,5178,868,4310,9536,13,13,13,3.02,2337,1387,950,11873,12,12,13,12.63,2797,1394,1403,14670,13,13,14,9.27,1705,675,1030,16375,12,12,13,11.65,3939,1434,2505,20314,18,19,21,7.19,,,,,,,,,,,,,,,,,,,,,,,,,
769a7ce9-f10b-4d2f-a904-3e265b71ee71,2025-08-05 15:20:13 UTC,False,16237,CFOP,Gan 12 UI Maglev,RandomForest,6534,16237,,,gan12,custom_rules,,,,8,0,0,16237,61,64,77,3.76,8113,8035,3488,0,3488,3577,13,15,23,3.73,2356,1482,874,5933,7,7,7,8.01,1950,1644,306,7883,4,4,4,13.07,1595,1016,579,9478,8,8,8,13.82,2093,1529,564,11571,9,9,9,15.96,1853,1161,692,13424,10,11,12,14.45,2813,1281,1532,16237,10,10,14,6.53,,,,,,,,,,,,,,,,,,,,,,,,,
c20e3f90-f05f-4279-b482-3a8360dd3120,2025-08-05 15:21:02 UTC,False,19710,CFOP,Gan 12 UI Maglev,RandomForest,17697,19710,,,gan12,custom_rules,,,,8,0,0,19710,77,81,90,3.91,2779,16931,11334,0,11334,11334,42,45,51,3.71,0,0,0,11334,0,0,0,0.0,0,0,0,11334,0,0,0,0.0,0,0,0,11334,0,0,0,0.0,0,0,0,11334,0,0,0,0.0,4726,1063,3663,16060,21,21,23,5.73,3650,1716,1934,19710,14,15,16,7.24,,,,,,,,,,,,,,,,,,,,,,,,,
614fa659-5e9e-4cae-b6a3-bd318a064433,2025-08-05 15:21:35 UTC,False,14205,CFOP,Gan 12 UI Maglev,RandomForest,6973,14205,,,gan12,custom_rules,,,,8,0,0,14205,59,59,69,4.15,6647,7558,1950,0,1950,1950,7,7,8,3.59,1918,1426,492,3868,5,5,6,10.16,1359,1110,249,5227,4,4,6,16.06,2756,943,1813,7983,15,15,17,8.27,1837,823,1014,9820,8,8,8,7.89,1533,976,557,11353,9,9,9,16.16,2852,1369,1483,14205,11,11,15,7.42,,,,,,,,,,,,,,,,,,,,,,,,,
31d56da8-ebd5-4468-9202-77e10e2130b6,2025-08-05 15:23:09 UTC,False,26555,CFOP,Gan 12 UI Maglev,RandomForest,12844,26555,,,gan12,custom_rules,,,,8,0,0,26555,84,84,92,3.16,8565,17990,11401,0,11401,11401,36,36,37,3.16,0,0,0,11401,0,0,0,0.0,4439,3803,636,15840,6,6,7,9.43,5225,2122,3103,21065,13,13,14,4.19,1510,659,851,22575,7,7,10,8.23,1773,1071,702,24348,7,7,7,9.97,2207,910,1297,26555,15,15,17,11.57,,,,,,,,,,,,,,,,,,,,,,,,,
60993767-ebb8-4cec-b642-4b77525625f3,2025-08-05 15:24:28 UTC,False,17575,CFOP,Gan 12 UI Maglev,RandomForest,49484,17575,,,gan12,custom_rules,,,,8,0,0,17575,70,71,84,3.98,9559,8016,387,0,387,387,3,3,4,7.75,4335,2490,1845,4722,11,12,14,5.96,3383,2677,706,8105,9,9,12,12.75,1564,605,959,9669,8,8,9,8.34,2424,1651,773,12093,9,9,10,11.64,2635,942,1693,14728,14,14,17,8.27,2847,1194,1653,17575,16,16,18,9.68,,,,,,,,,,,,,,,,,,,,,,,,,
d188bd58-0a49-402c-b5a6-f3fe7b9689c3,2025-08-05 15:26:02 UTC,False,17103,CFOP,Gan 12 UI Maglev,RandomForest,32770,17103,,,gan12,custom_rules,,,,8,0,0,17103,62,66,73,3.63,7665,9438,1596,0,1596,1596,6,6,6,3.76,2336,660,1676,3932,8,9,9,4.77,2596,548,2048,6528,9,10,11,4.39,2055,1273,782,8583,7,7,8,8.95,2915,2456,459,11498,9,9,10,19.61,2751,1468,1283,14249,12,14,15,9.35,2854,1260,1594,17103,11,11,14,6.9,,,,,,,,,,,,,,,,,,,,,,,,,
dc32b0b9-b20b-4216-9b7f-6a8bca23b5c2,2025-08-05 16:20:20 UTC,False,15822,CFOP,Gan 12 UI Maglev,RandomForest,10584,15822,,,gan12,custom_rules,,,,8,0,0,15822,63,68,76,3.98,7097,8725,1407,0,1407,1407,6,6,7,4.26,2453,1109,1344,3860,9,10,12,6.7,1312,1165,147,5172,4,4,4,27.21,2815,1912,903,7987,8,8,10,8.86,1791,630,1161,9778,8,8,8,6.89,2868,971,1897,12646,13,15,15,6.85,3176,1310,1866,15822,15,17,20,8.04,,,,,,,,,,,,,,,,,,,,,,,,,
73a7d6e2-63f7-4b56-a121-517158b0ebfb,2025-08-05 16:21:04 UTC,False,18460,CFOP,Gan 12 UI Maglev,RandomForest,15027,18460,,,gan12,custom_rules,,,,8,0,0,18460,71,72,81,3.85,8027,10433,3709,0,3709,3709,8,8,10,2.16,1096,838,258,4805,4,4,5,15.5,2346,1532,814,7151,8,8,9,9.83,3851,2772,1079,11002,9,9,10,8.34,1378,605,773,12380,12,12,12,15.52,2255,902,1353,14635,13,13,13,9.61,3825,1378,2447,18460,17,18,22,6.95,,,,,,,,,,,,,,,,,,,,,,,,,
7713c2f6-9d49-4d01-bcef-5f1b90af94a7,2025-08-05 16:21:44 UTC,False,19261,CFOP,Gan 12 UI Maglev,RandomForest,11324,19261,,,gan12,custom_rules,,,,8,0,0,19261,57,61,68,2.96,8732,10432,2602,0,2602,2699,6,6,8,2.31,2593,1892,701,5292,6,7,7,8.56,2464,1498,966,7756,7,7,7,7.25,2085,571,1514,9841,6,7,8,3.96,1753,842,911,11594,8,8,9,8.78,2231,1167,1064,13825,7,7,8,6.58,5436,2762,2674,19261,17,19,21,6.36,,,,,,,,,,,,,,,,,,,,,,,,,
4517f5d5-5f15-46a2-a650-8aef58edf53f,2025-08-05 16:22:18 UTC,False,16041,CFOP,Gan 12 UI Maglev,RandomForest,6181,16041,,,gan12,custom_rules,,,,8,0,0,16041,69,71,81,4.3,6943,9098,1788,0,1788,1788,6,6,8,3.36,3556,975,2581,5344,10,11,11,3.87,1514,636,878,6858,8,8,10,9.11,830,242,588,7688,7,7,8,11.9,2978,2150,828,10666,10,10,14,12.08,1643,919,724,12309,9,10,10,12.43,3732,2021,1711,16041,19,19,20,11.1,,,,,,,,,,,,,,,,,,,,,,,,,
ca8bcb2d-014b-4316-b148-c09d23d10dd2,2025-08-05 16:22:57 UTC,False,13729,CFOP,Gan 12 UI Maglev,RandomForest,10928,13729,,,gan12,custom_rules,,,,8,0,0,13729,59,61,68,4.3,5630,8099,1232,0,1232,1232,6,6,6,4.87,2321,1128,1193,3553,9,10,10,7.54,2435,806,1629,5988,8,8,10,4.91,2522,1321,1201,8510,8,8,10,6.66,1281,612,669,9791,5,5,5,7.47,1482,741,741,11273,8,8,9,10.8,2456,1022,1434,13729,15,16,18,10.46,,,,,,,,,,,,,,,,,,,,,,,,,
263172b7-bbe1-4f13-b691-682bf20d5786,2025-08-05 16:23:43 UTC,False,21486,CFOP,Gan 12 UI Maglev,RandomForest,14909,21486,,,gan12,custom_rules,,,,8,0,0,21486,84,85,96,3.91,6889,14556,1530,0,1530,1571,6,6,9,3.92,3385,1508,1877,4956,11,11,12,5.86,3776,666,3110,8732,11,11,13,3.54,4953,781,4172,13685,19,20,21,4.55,1950,726,1224,15635,11,11,11,8.99,2237,825,1412,17872,15,15,16,10.62,3614,2383,1231,21486,11,11,14,8.94,,,,,,,,,,,,,,,,,,,,,,,,,
8fd5c208-eef6-4d77-b9fe-6b5f55b2c2d4,2025-08-05 16:24:16 UTC,False,16834,CFOP,Gan 12 UI Maglev,RandomForest,6187,16834,,,gan12,custom_rules,,,,8,0,0,16834,70,72,84,4.16,6823,9946,1813,0,1813,1878,8,8,11,4.41,2713,1272,1441,4591,9,9,12,6.25,2582,1140,1442,7173,8,8,9,5.55,1812,1104,708,8985,6,7,8,8.47,1201,403,798,10186,11,11,11,13.78,2662,1462,1200,12848,12,12,14,10.0,3986,1442,2544,16834,16,17,19,6.29,,,,,,,,,,,,,,,,,,,,,,,,,
11036434-80af-4b22-9e15-b6e12a7b5d52,2025-08-05 16:24:58 UTC,False,20364,CFOP,Gan 12 UI Maglev,RandomForest,12002,20364,,,gan12,custom_rules,,,,8,0,0,20364,66,66,75,3.24,6892,13375,7807,0,7807,7904,18,18,23,2.31,0,0,0,7904,0,0,0,0.0,3539,1159,2380,11443,8,8,8,3.36,1466,668,798,12909,8,8,8,10.03,2519,2350,169,15428,5,5,6,29.59,2215,1362,853,17643,11,11,12,12.9,2721,1353,1368,20364,16,16,18,11.7,,,,,,,,,,,,,,,,,,,,,,,,,
4175373c-54d8-4e4d-abee-7639717f6fc4,2025-08-05 16:25:34 UTC,False,19455,CFOP,Gan 12 UI Maglev,RandomForest,6901,19455,,,gan12,custom_rules,,,,8,0,0,19455,76,77,89,3.91,10029,9426,1853,0,1853,1853,7,8,9,3.78,2699,1789,910,4552,7,7,9,7.69,4595,2951,1644,9147,11,11,13,6.69,2344,1256,1088,11491,8,8,12,7.35,2186,1260,926,13677,12,12,12,12.96,1982,903,1079,15659,12,12,14,11.12,3796,1870,1926,19455,19,19,20,9.87,,,,,,,,,,,,,,,,,,,,,,,,,
b251e9be-cd76-474b-8012-6f7b26409dce,2025-08-05 16:26:11 UTC,False,19839,CFOP,Gan 12 UI Maglev,RandomForest,8032,19839,,,gan12,custom_rules,,,,8,0,0,19839,68,69,81,3.43,6685,13154,4776,0,4776,4776,10,10,16,2.09,3230,403,2827,8006,10,10,11,3.54,951,758,193,8957,4,4,4,20.73,2529,1562,967,11486,6,6,6,6.2,1989,1015,974,13475,8,8,9,8.21,2563,1369,1194,16038,12,12,13,10.05,3801,1578,2223,19839,18,19,22,8.1,,,,,,,,,,,,,,,,,,,,,,,,,
7dbff1f4-0c68-4f6c-a34b-94f683557704,2025-08-05 16:27:07 UTC,False,25057,CFOP,Gan 12 UI Maglev,RandomForest,15241,25057,,,gan12,custom_rules,,,,8,0,0,25057,68,72,82,2.71,3498,21503,2473,0,2473,2529,8,8,10,3.23,17668,903,16765,20197,41,44,49,2.45,0,0,0,20197,0,0,0,0.0,0,0,0,20197,0,0,0,0.0,0,0,0,20197,0,0,0,0.0,1830,935,895,22027,9,10,10,10.06,3030,1660,1370,25057,10,10,13,7.3,,,,,,,,,,,,,,,,,,,,,,,,,
d33a5742-1b52-4acd-ab9c-bcb781898b9d,2025-08-05 16:27:59 UTC,False,25316,CFOP,Gan 12 UI Maglev,RandomForest,15779,25316,,,gan12,custom_rules,,,,8,0,0,25316,73,77,84,2.88,2764,22552,19278,0,19278,19278,49,53,57,2.54,0,0,0,19278,0,0,0,0.0,0,0,0,19278,0,0,0,0.0,0,0,0,19278,0,0,0,0.0,0,0,0,19278,0,0,0,0.0,2299,927,1372,21577,13,13,13,9.48,3739,1837,1902,25316,11,11,14,5.78,,,,,,,,,,,,,,,,,,,,,,,,,
8db068d3-c2df-48a7-b2fd-779c7b33150d,2025-08-05 16:28:35 UTC,False,13425,CFOP,Gan 12 UI Maglev,RandomForest,11872,13425,,,gan12,custom_rules,,,,8,0,0,13425,56,59,66,4.17,5375,8050,1507,0,1507,1507,5,6,7,3.32,1846,790,1056,3353,7,8,8,6.63,1435,967,468,4788,8,8,9,17.09,1368,491,877,6156,7,7,7,7.98,959,830,129,7115,4,4,6,31.01,1878,1072,806,8993,9,9,9,11.17,4432,1225,3207,13425,16,17,20,4.99,,,,,,,,,,,,,,,,,,,,,,,,,
c2e4a626-db95-493a-b553-88f8a90c599d,2025-08-05 16:29:12 UTC,False,14986,CFOP,Gan 12 UI Maglev,RandomForest,8926,14986,,,gan12,custom_rules,,,,8,0,0,14986,56,60,77,3.74,4733,10253,1507,0,1507,1507,7,7,9,4.64,3368,290,3078,4875,8,8,13,2.6,1966,749,1217,6841,8,8,9,6.57,2054,1168,886,8895,7,7,7,7.9,1921,669,1252,10816,7,7,8,5.59,2273,992,1281,13089,12,12,13,9.37,1897,865,1032,14986,8,12,18,7.75,,,,,,,,,,,,,,,,,,,,,,,,,
0273a9a2-5051-4cbe-9495-aff3b0c9fd17,2025-08-05 16:29:53 UTC,False,17795,CFOP,Gan 12 UI Maglev,RandomForest,12480,17795,,,gan12,custom_rules,,,,8,0,0,17795,72,72,82,4.05,4591,13204,4087,0,4087,4087,19,19,20,4.65,0,0,0,4087,0,0,0,0.0,3677,1726,1951,7764,12,12,14,6.15,2893,88,2805,10657,14,14,15,4.99,796,457,339,11453,4,4,4,11.8,3667,943,2724,15120,13,13,14,4.77,2675,1377,1298,17795,11,11,15,8.47,,,,,,,,,,,,,,,,,,,,,,,,,
f510f7fe-4550-4e0b-8674-732e2b20614a,2025-08-05 16:30:35 UTC,False,22087,CFOP,Gan 12 UI Maglev,RandomForest,9402,22087,,,gan12,custom_rules,,,,8,0,0,22087,85,87,97,3.85,3008,19015,13673,0,13673,13737,46,48,53,3.36,0,0,0,13737,0,0,0,0.0,0,0,0,13737,0,0,0,0.0,0,0,0,13737,0,0,0,0.0,1869,1216,653,15606,8,8,8,12.25,3347,914,2433,18953,14,14,18,5.75,3134,878,2256,22087,17,17,18,7.54,,,,,,,,,,,,,,,,,,,,,,,,,
33ecbcc4-ae90-464f-8153-3d279b142d56,2025-08-05 16:31:19 UTC,False,16970,CFOP,Gan 12 UI Maglev,RandomForest,18493,16970,,,gan12,custom_rules,,,,8,0,0,16970,69,73,83,4.07,8115,8855,2481,0,2481,2481,10,12,13,4.03,0,0,0,2481,0,0,0,0.0,1337,1152,185,3818,4,4,5,21.62,3443,2823,620,7261,9,9,12,14.52,2352,1088,1264,9613,8,8,12,6.33,4431,1866,2565,14044,18,20,21,7.02,2926,1186,1740,16970,20,20,20,11.49,,,,,,,,,,,,,,,,,,,,,,,,,
142f09bd-700d-4a59-8c2b-17e83ab0a653,2025-08-05 16:31:57 UTC,False,22072,CFOP,Gan 12 UI Maglev,RandomForest,6512,22072,,,gan12,custom_rules,,,,8,0,0,22072,73,82,92,3.31,6718,15354,5063,0,5063,5063,9,10,11,1.78,1844,982,862,6907,7,7,7,8.12,4814,644,4170,11721,16,16,18,3.84,1643,975,668,13364,6,7,8,8.98,2097,1345,752,15461,10,10,10,13.3,3232,1837,1395,18693,12,14,16,8.6,3379,935,2444,22072,13,18,22,5.32,,,,,,,,,,,,,,,,,,,,,,,,,
f50eb13b-8e64-4271-b141-5bf96e53740c,2025-08-05 16:32:27 UTC,False,16614,CFOP,Gan 12 UI Maglev,RandomForest,4579,16614,,,gan12,custom_rules,,,,8,0,0,16614,62,64,72,3.73,6589,10025,946,0,946,946,5,5,6,5.29,2554,1659,895,3500,8,8,8,8.94,3679,879,2800,7179,13,14,17,4.64,3182,1442,1740,10361,14,15,15,8.05,927,612,315,11288,5,5,5,15.87,2473,652,1821,13761,7,7,8,3.84,2853,1345,1508,16614,10,10,13,6.63,,,,,,,,,,,,,,,,,,,,,,,,,
ef7faecb-91e0-4152-a2f4-63f07d8ac1aa,2025-08-05 16:33:08 UTC,False,19724,CFOP,Gan 12 UI Maglev,RandomForest,12542,19724,,,gan12,custom_rules,,,,8,0,0,19724,75,77,86,3.8,8568,11083,2417,0,2417,2490,7,7,8,2.9,3175,2200,975,5665,8,8,10,8.21,3740,1975,1765,9405,11,12,13,6.23,2657,225,2432,12062,10,10,11,4.11,2466,1846,620,14528,8,8,9,12.9,1746,726,1020,16274,10,11,11,9.8,3450,1596,1854,19724,21,21,24,11.33,,,,,,,,,,,,,,,,,,,,,,,,,
453e8767-0a66-4d91-aee5-86c688dfc43c,2025-08-05 16:33:49 UTC,False,23167,CFOP,Gan 12 UI Maglev,RandomForest,6759,23167,,,gan12,custom_rules,,,,8,0,0,23167,75,81,97,3.24,8453,14714,3634,0,3634,3634,14,14,15,3.85,6957,2340,4617,10591,15,15,15,3.25,4708,1839,2869,15299,10,11,13,3.49,1386,845,541,16685,8,8,10,14.79,2074,1526,548,18759,8,8,10,14.6,1958,903,1055,20717,9,9,10,8.53,2450,1000,1450,23167,11,16,24,7.59,,,,,,,,,,,,,,,,,,,,,,,,,
f43a8bb3-665c-46db-815a-41d0babdf838,2025-08-05 16:34:30 UTC,False,20478,CFOP,Gan 12 UI Maglev,RandomForest,11634,20478,,,gan12,custom_rules,,,,8,0,0,20478,78,78,86,3.81,9517,10961,1256,0,1256,1256,6,6,6,4.78,5162,2515,2647,6418,12,12,12,4.53,2700,1612,1088,9118,8,8,8,7.35,2524,1557,967,11642,8,8,10,8.27,3086,1466,1620,14728,10,10,11,6.17,2536,1360,1176,17264,14,14,16,11.9,3214,1007,2207,20478,20,20,23,9.06,,,,,,,,,,,,,,,,,,,,,,,,,
977d0b2d-5b3e-445e-a703-42fed6997ba2,2025-08-05 16:35:03 UTC,False,16412,CFOP,Gan 12 UI Maglev,RandomForest,6910,16412,,,gan12,custom_rules,,,,8,0,0,16412,71,71,75,4.33,6306,10106,1611,0,1611,1611,6,6,7,3.72,1990,1756,234,3601,5,5,5,21.37,2525,442,2083,6126,14,14,14,6.72,4218,1434,2784,10344,15,15,16,5.39,1579,741,838,11923,7,7,7,8.35,1659,757,902,13582,7,7,8,7.76,2830,1176,1654,16412,18,18,18,10.88,,,,,,,,,,,,,,,,,,,,,,,,,
6455631b-6202-46f7-980a-c68c48c24722,2025-08-05 16:35:34 UTC,False,17758,CFOP,Gan 12 UI Maglev,RandomForest,4382,17758,,,gan12,custom_rules,,,,8,0,0,17758,68,69,78,3.83,6129,11629,2128,0,2128,2128,7,7,9,3.29,2119,966,1153,4247,8,8,9,6.94,1363,378,985,5610,7,7,7,7.11,2828,950,1878,8438,11,11,11,5.86,2789,1554,1235,11227,8,8,9,6.48,2344,685,1659,13571,12,12,13,7.23,4187,1596,2591,17758,16,17,20,6.18,,,,,,,,,,,,,,,,,,,,,,,,,
0c010651-bc16-41b5-815b-3d8f40ee4a88,2025-08-05 16:36:19 UTC,False,24596,CFOP,Gan 12 UI Maglev,RandomForest,10030,24596,,,gan12,custom_rules,,,,8,0,0,24596,93,97,117,3.78,5180,19416,1668,0,1668,1668,6,6,8,3.6,3253,337,2916,4921,13,13,14,4.46,6730,886,5844,11651,21,21,28,3.59,3303,628,2675,14954,11,11,12,4.11,1492,783,709,16446,8,8,9,11.28,4661,813,3848,21107,24,24,27,6.24,3489,1733,1756,24596,10,14,19,5.69,,,,,,,,,,,,,,,,,,,,,,,,,
7d07b058-3216-4b2a-88ca-32b534cd3591,2025-08-05 16:36:55 UTC,False,20975,CFOP,Gan 12 UI Maglev,RandomForest,5891,20975,,,gan12,custom_rules,,,,8,0,0,20975,72,73,83,3.43,7652,13323,2481,0,2481,2481,7,8,9,2.82,4821,2055,2766,7302,11,11,11,3.98,2918,1926,992,10220,8,8,10,8.06,3855,1083,2772,14075,11,11,12,3.97,1475,677,798,15550,7,7,8,8.77,2588,1065,1523,18138,10,10,13,6.57,2837,846,1991,20975,18,18,20,9.04,,,,,,,,,,,,,,,,,,,,,,,,,
d0d84203-c8a4-4fb2-9c14-a0b0dbaf22e8,2025-08-05 16:37:34 UTC,False,19865,CFOP,Gan 12 UI Maglev,RandomForest,8179,19865,,,gan12,custom_rules,,,,8,0,0,19865,70,76,85,3.52,5147,14718,8967,0,8967,8967,19,20,21,2.12,0,0,0,8967,0,0,0,0.0,1679,886,793,10646,5,6,7,6.31,2248,1515,733,12894,8,8,10,10.91,2361,991,1370,15255,15,15,15,10.95,1682,804,878,16937,12,12,12,13.67,2928,951,1977,19865,11,15,20,5.56,,,,,,,,,,,,,,,,,,,,,,,,,
5010a23f-54b1-4bf4-9b3d-85ddaf0bf83a,2025-08-05 16:38:22 UTC,False,15961,CFOP,Gan 12 UI Maglev,RandomForest,18469,15961,,,gan12,custom_rules,,,,8,0,0,15961,65,68,80,4.07,3410,12551,7217,0,7217,7217,28,30,33,3.88,0,0,0,7217,0,0,0,0.0,0,0,0,7217,0,0,0,0.0,0,0,0,7217,0,0,0,0.0,1652,637,1015,8869,7,7,8,6.9,3425,1290,2135,12294,16,16,20,7.49,3667,1483,2184,15961,14,15,19,6.41,,,,,,,,,,,,,,,,,,,,,,,,,
320ffceb-7b5e-418c-9371-ed8d291fdea6,2025-08-05 16:39:03 UTC,False,22387,CFOP,Gan 12 UI Maglev,RandomForest,7238,22387,,,gan12,custom_rules,,,,8,0,0,22387,74,77,88,3.31,8459,13928,5038,0,5038,5038,7,7,7,1.39,2643,2046,597,7681,9,9,10,15.08,4115,3253,862,11796,7,8,8,8.12,2070,781,1289,13866,8,8,10,6.21,2711,137,2574,16577,11,13,15,4.27,2908,1048,1860,19485,14,14,18,7.53,2902,1194,1708,22387,19,19,20,11.12,,,,,,,,,,,,,,,,,,,,,,,,,
8afe165e-82bd-4984-93b3-b29f8942a978,2025-08-05 16:39:32 UTC,False,12709,CFOP,Gan 12 UI Maglev,RandomForest,5449,12709,,,gan12,custom_rules,,,,8,0,0,12709,59,63,71,4.64,5638,7071,1668,0,1668,1668,6,6,7,3.6,1482,1200,282,3150,4,4,4,14.18,1523,733,790,4673,8,8,9,10.13,1840,792,1048,6513,8,8,8,7.63,2127,1088,1039,8640,9,9,10,8.66,2062,943,1119,10702,15,15,15,13.4,2007,882,1125,12709,9,13,18,8.0,,,,,,,,,,,,,,,,,,,,,,,,,
166ab717-d7a7-4a1b-8c09-ec666c3b6b38,2025-08-05 16:40:09 UTC,False,15797,CFOP,Gan 12 UI Maglev,RandomForest,5727,15797,,,gan12,custom_rules,,,,8,0,0,15797,69,71,81,4.37,6523,9008,2111,0,2111,2377,8,9,9,3.79,2183,348,1835,4560,11,11,13,5.99,1384,427,957,5944,8,8,9,8.36,2586,1724,862,8530,9,9,12,10.44,1995,1571,424,10525,8,8,9,18.87,2172,1176,996,12697,10,11,12,10.04,3100,1277,1823,15797,15,15,17,8.23,,,,,,,,,,,,,,,,,,,,,,,,,
971413b7-3145-44a1-a404-9d598b7d26a0,2025-08-05 16:40:43 UTC,False,14813,CFOP,Gan 12 UI Maglev,RandomForest,10072,14813,,,gan12,custom_rules,,,,8,0,0,14813,60,64,73,4.05,5364,9449,2966,0,2966,2966,11,11,12,3.71,2547,1104,1443,5513,9,9,10,6.24,2347,605,1742,7860,9,9,9,5.17,1307,686,621,9167,7,7,8,11.27,1823,1291,532,10990,8,8,8,15.04,1613,782,831,12603,7,7,8,8.42,2210,896,1314,14813,9,13,18,6.85,,,,,,,,,,,,,,,,,,,,,,,,,
c20620dd-92ba-4b89-91d2-d364793bdb05,2025-08-05 16:41:13 UTC,False,13547,CFOP,Gan 12 UI Maglev,RandomForest,6354,13547,,,gan12,custom_rules,,,,8,0,0,13547,54,59,72,3.99,6477,7070,895,0,895,895,5,5,6,5.59,2789,1161,1628,3684,6,6,7,3.69,1298,1064,234,4982,3,3,3,12.82,2157,1375,782,7139,11,11,13,14.07,1709,1257,452,8848,8,8,8,17.7,2466,919,1547,11314,11,11,12,7.11,2233,701,1532,13547,10,15,23,6.53,,,,,,,,,,,,,,,,,,,,,,,,,
87acd91f-6e7f-4fdf-90a1-55b30e57778f,2025-08-05 16:42:34 UTC,False,22616,CFOP,Gan 12 UI Maglev,RandomForest,34484,22616,,,gan12,custom_rules,,,,8,0,0,22616,86,89,102,3.8,8780,13836,1588,0,1588,1588,8,8,9,5.04,6262,2062,4200,7850,18,19,21,4.29,1886,838,1048,9736,9,9,11,8.59,2823,1099,1724,12559,11,11,14,6.38,2627,1619,1008,15186,10,10,12,9.92,2453,882,1571,17639,15,15,15,9.55,4977,2280,2697,22616,15,17,20,5.56,,,,,,,,,,,,,,,,,,,,,,,,,
e3157331-7c1c-4394-b48a-580f0ae8a244,2025-08-05 16:43:20 UTC,False,17774,CFOP,Gan 12 UI Maglev,RandomForest,5471,17774,,,gan12,custom_rules,,,,8,0,0,17774,73,75,86,4.11,6691,11083,1344,0,1344,1344,6,7,7,4.46,4445,1829,2616,5789,13,13,17,4.97,1313,500,813,7102,6,6,6,7.38,2289,476,1813,9391,11,11,12,6.07,1631,1131,500,11022,8,8,8,16.0,2481,1337,1144,13503,12,12,13,10.49,4271,1418,2853,17774,18,19,23,6.31,,,,,,,,,,,,,,,,,,,,,,,,,
c719a0cf-78a8-410c-b4a3-2184eb5dd7a8,2025-08-05 16:43:54 UTC,False,16858,CFOP,Gan 12 UI Maglev,RandomForest,7469,16858,,,gan12,custom_rules,,,,8,0,0,16858,74,74,83,4.39,6607,10202,3230,0,3230,3279,11,11,14,3.41,1522,531,991,4801,8,8,9,8.07,3471,1457,2014,8272,12,12,13,5.96,1877,1064,813,10149,8,8,9,9.84,2225,1436,789,12374,8,8,9,10.14,1685,806,879,14059,10,10,10,11.38,2799,1313,1486,16858,17,17,19,11.44,,,,,,,,,,,,,,,,,,,,,,,,,
656bcf5d-dd07-4d9f-a6ce-b20bd3148056,2025-08-05 16:44:31 UTC,False,20859,CFOP,Gan 12 UI Maglev,RandomForest,6731,20859,,,gan12,custom_rules,,,,8,0,0,20859,71,75,81,3.4,10620,10239,1797,0,1797,1797,6,7,8,3.34,3333,2804,529,5130,6,7,7,11.34,2875,1200,1675,8005,8,9,10,4.78,3869,2886,983,11874,8,8,9,8.14,1491,685,806,13365,11,11,11,13.65,4080,1345,2735,17445,18,18,18,6.58,3414,1700,1714,20859,14,15,18,8.17,,,,,,,,,,,,,,,,,,,,,,,,,
8d20fe48-63e6-47e1-83f7-91c75880acff,2025-08-05 16:45:24 UTC,False,15257,CFOP,Gan 12 UI Maglev,RandomForest,26987,15257,,,gan12,custom_rules,,,,8,0,0,15257,56,59,68,3.67,6122,9135,1708,0,1708,1708,7,7,9,4.1,2845,1740,1105,4553,8,9,9,7.24,3351,494,2857,7904,10,12,13,3.5,945,736,209,8849,4,4,4,19.14,1909,1450,459,10758,8,8,8,17.43,1909,645,1264,12667,9,9,12,7.12,2590,1057,1533,15257,10,10,13,6.52,,,,,,,,,,,,,,,,,,,,,,,,,
826f3851-6b1d-4711-b5e2-54adf4afa43a,2025-08-05 16:46:03 UTC,False,15484,CFOP,Gan 12 UI Maglev,RandomForest,14247,15484,,,gan12,custom_rules,,,,8,0,0,15484,71,72,84,4.59,3933,11551,2982,0,2982,2982,6,6,9,2.01,1451,330,1121,4433,7,7,7,6.24,1116,330,786,5549,7,7,8,8.91,3723,661,3062,9272,17,17,20,5.55,1979,242,1737,11251,10,10,12,5.76,1338,710,628,12589,9,9,10,14.33,2895,1660,1235,15484,15,16,18,12.15,,,,,,,,,,,,,,,,,,,,,,,,,
66340352-a65c-447d-b5fe-617830f6fe52,2025-08-05 16:46:38 UTC,False,20461,CFOP,Gan 12 UI Maglev,RandomForest,4272,20461,,,gan12,custom_rules,,,,8,0,0,20461,70,71,81,3.42,7457,13004,1988,0,1988,1988,6,6,7,3.02,4668,1482,3186,6656,10,10,12,3.14,3625,773,2852,10281,11,11,12,3.86,2595,830,1765,12876,7,7,9,3.97,1587,878,709,14463,8,8,9,11.28,3462,2052,1410,17925,12,13,15,8.51,2536,1442,1094,20461,16,16,17,14.63,,,,,,,,,,,,,,,,,,,,,,,,,
b7a833a6-b388-46e9-9f5a-62c592090728,2025-08-05 16:47:08 UTC,False,17477,CFOP,Gan 12 UI Maglev,RandomForest,4641,17477,,,gan12,custom_rules,,,,8,0,0,17477,66,66,73,3.78,9554,7923,1925,0,1925,1925,9,9,9,4.68,3837,3297,540,5762,9,9,10,16.67,2505,1901,604,8267,7,7,8,11.59,2358,677,1681,10625,8,8,9,4.76,2433,1257,1176,13058,8,8,11,6.8,1579,983,596,14637,8,8,9,13.42,2840,1439,1401,17477,17,17,17,12.13,,,,,,,,,,,,,,,,,,,,,,,,,
c49130a1-e03e-475d-acb4-466b04b23eeb,2025-08-05 16:47:41 UTC,False,16700,CFOP,Gan 12 UI Maglev,RandomForest,4661,16700,,,gan12,custom_rules,,,,8,0,0,16700,72,73,81,4.31,7095,9605,1378,0,1378,1378,6,6,7,4.35,2707,1547,1160,4085,8,8,9,6.9,2391,1150,1241,6476,9,9,9,7.25,2626,1256,1370,9102,13,13,14,9.49,1420,765,655,10522,8,8,9,12.21,2071,1120,951,12593,11,11,11,11.57,4107,1257,2850,16700,17,18,22,5.96,,,,,,,,,,,,,,,,,,,,,,,,,
b1178b64-132b-455b-951d-fbc191eb85a1,2025-08-05 16:48:18 UTC,False,19481,CFOP,Gan 12 UI Maglev,RandomForest,8111,19481,,,gan12,custom_rules,,,,8,0,0,19481,77,78,90,3.95,6568,12913,5428,0,5428,5428,18,18,21,3.32,0,0,0,5428,0,0,0,0.0,4110,1628,2482,9538,15,16,16,6.04,2103,717,1386,11641,8,8,10,5.77,1870,1394,476,13511,8,8,9,16.81,2335,1152,1183,15846,14,14,16,11.83,3635,1677,1958,19481,14,14,18,7.15,,,,,,,,,,,,,,,,,,,,,,,,,
be895a17-ce53-4296-845a-eca936d39b20,2025-08-05 16:48:55 UTC,False,20762,CFOP,Gan 12 UI Maglev,RandomForest,6133,20762,,,gan12,custom_rules,,,,8,0,0,20762,78,79,89,3.76,6725,14037,2489,0,2489,2489,8,8,9,3.21,5131,484,4647,7620,11,11,13,2.37,2521,1313,1208,10141,11,11,13,9.11,2398,1552,846,12539,8,8,8,9.46,1845,701,1144,14384,9,9,10,7.87,1963,725,1238,16347,12,12,13,9.69,4415,1950,2465,20762,19,20,23,7.71,,,,,,,,,,,,,,,,,,,,,,,,,
c95bfc5f-033c-4089-bfdb-448b25af4241,2025-08-05 16:49:33 UTC,False,18465,CFOP,Gan 12 UI Maglev,RandomForest,8607,18465,,,gan12,custom_rules,,,,8,0,0,18465,68,70,90,3.68,5781,12611,5976,0,5976,6049,22,22,27,3.68,0,0,0,6049,0,0,0,0.0,2328,846,1482,8377,8,8,9,5.4,1858,870,988,10235,7,7,8,7.09,1208,314,894,11443,7,7,8,7.83,1886,709,1177,13329,9,9,14,7.65,5136,3042,2094,18465,17,19,24,8.12,,,,,,,,,,,,,,,,,,,,,,,,,
f0baa783-d470-43d5-95a5-8e2054c5e115,2025-08-05 16:50:11 UTC,False,21079,CFOP,Gan 12 UI Maglev,RandomForest,6726,21079,,,gan12,custom_rules,,,,8,0,0,21079,79,80,88,3.75,6064,14854,2634,0,2634,2795,7,7,9,2.66,4170,1136,3034,6965,14,14,14,4.61,2385,822,1563,9350,11,11,11,7.04,3780,1057,2723,13130,10,11,14,3.67,1982,1240,742,15112,8,8,9,10.78,2044,1004,1040,17156,9,9,10,8.65,3923,805,3118,21079,20,20,21,6.41,,,,,,,,,,,,,,,,,,,,,,,,,
33bb03e4-cc7d-47ac-9662-06801dc610ab,2025-08-05 16:50:43 UTC,False,15194,CFOP,Gan 12 UI Maglev,RandomForest,7720,15194,,,gan12,custom_rules,,,,8,0,0,15194,72,72,79,4.74,6820,8374,1773,0,1773,1773,8,8,8,4.51,2031,1144,887,3804,8,8,9,9.02,1920,1605,315,5724,5,5,6,15.87,1498,572,926,7222,8,8,8,8.64,2233,1338,895,9455,12,12,14,13.41,2815,1211,1604,12270,13,13,14,8.1,2924,950,1974,15194,18,18,20,9.12,,,,,,,,,,,,,,,,,,,,,,,,,
529f5830-68ab-45fb-bf5f-eae44d5fe2e4,2025-08-05 16:51:27 UTC,False,16661,CFOP,Gan 12 UI Maglev,RandomForest,17638,16661,,,gan12,custom_rules,,,,8,0,0,16661,66,68,76,3.96,6864,9797,2079,0,2079,2079,8,8,9,3.85,2562,1265,1297,4641,6,7,7,4.63,2042,1825,217,6683,5,5,6,23.04,1096,468,628,7779,8,8,9,12.74,2345,968,1377,10124,8,8,10,5.81,4174,1168,3006,14298,16,17,18,5.32,2363,1170,1193,16661,15,15,17,12.57,,,,,,,,,,,,,,,,,,,,,,,,,
5872f6fc-651b-4e20-85e1-2e00e8ecc12c,2025-08-05 16:51:56 UTC,False,16041,CFOP,Gan 12 UI Maglev,RandomForest,3680,16041,,,gan12,custom_rules,,,,8,0,0,16041,66,68,75,4.11,5991,10050,2273,0,2273,2273,8,8,11,3.52,2670,1555,1115,4943,8,9,9,7.17,2929,368,2561,7872,10,10,10,3.9,2143,1039,1104,10015,7,7,8,6.34,1596,1104,492,11611,8,8,8,16.26,1659,966,693,13270,10,11,12,14.43,2771,959,1812,16041,15,15,17,8.28,,,,,,,,,,,,,,,,,,,,,,,,,
b5a71009-af1e-4d79-898a-572e15284bbc,2025-08-05 16:52:32 UTC,False,17449,CFOP,Gan 12 UI Maglev,RandomForest,8533,17449,,,gan12,custom_rules,,,,8,0,0,17449,64,65,73,3.67,7948,9405,1282,0,1282,1378,6,6,8,4.68,1781,411,1370,3159,9,10,10,6.57,2511,355,2156,5670,6,6,6,2.78,2554,2240,314,8224,4,4,5,12.74,3725,2839,886,11949,8,8,9,9.03,2684,1056,1628,14633,11,11,14,6.76,2816,1047,1769,17449,20,20,21,11.31,,,,,,,,,,,,,,,,,,,,,,,,,
76ad8cf9-738e-4d3a-93b7-1b6f0d2b5081,2025-08-05 16:53:42 UTC,False,18446,CFOP,Gan 12 UI Maglev,RandomForest,42903,18446,,,gan12,custom_rules,,,,8,0,0,18446,68,71,76,3.69,5752,12694,2586,0,2586,2586,10,10,11,3.87,0,0,0,2586,0,0,0,0.0,2548,605,1943,5134,10,10,10,5.15,3046,781,2265,8180,7,7,7,3.09,2708,2103,605,10888,7,7,7,11.57,3069,1111,1958,13957,15,15,16,7.66,4489,1152,3337,18446,20,23,25,5.99,,,,,,,,,,,,,,,,,,,,,,,,,
28f40929-f286-4abd-8261-7799ece36786,2025-08-05 16:54:27 UTC,False,21024,CFOP,Gan 12 UI Maglev,RandomForest,12077,21024,,,gan12,custom_rules,,,,8,0,0,21024,85,89,99,4.04,9255,11769,1885,0,1885,1885,7,7,9,3.71,2256,282,1974,4141,11,11,11,5.57,4398,1232,3166,8539,21,21,23,6.63,2642,1997,645,11181,10,10,10,15.5,3118,2610,508,14299,8,8,8,15.75,4339,1672,2667,18638,20,20,21,7.5,2386,1462,924,21024,8,12,17,8.66,,,,,,,,,,,,,,,,,,,,,,,,,
3eb0ce41-7e96-4c15-915b-f8bf2b060833,2025-08-06 15:55:01 UTC,False,28520,CFOP,Gan 12 UI Maglev,RandomForest,68742,28520,,,gan12,custom_rules,,,,8,0,0,28520,75,81,96,2.63,4093,24339,20842,0,20842,20930,49,54,63,2.35,0,0,0,20930,0,0,0,0.0,0,0,0,20930,0,0,0,0.0,0,0,0,20930,0,0,0,0.0,0,0,0,20930,0,0,0,0.0,2248,1289,959,23178,8,8,10,8.34,5342,2804,2538,28520,18,19,23,7.09,,,,,,,,,,,,,,,,,,,,,,,,,
abb12216-d3f5-47c7-9992-8804c9fa8a17,2025-08-06 15:55:48 UTC,False,23977,CFOP,Gan 12 UI Maglev,RandomForest,8740,23977,,,gan12,custom_rules,,,,8,0,0,23977,73,74,82,3.04,8971,15006,2402,0,2402,2402,8,8,9,3.33,2964,322,2642,5366,12,13,14,4.54,6103,2571,3532,11469,11,11,12,3.11,3215,1966,1249,14684,7,7,7,5.6,2842,1319,1523,17526,9,9,12,5.91,2208,1104,1104,19734,8,8,10,7.25,4243,1689,2554,23977,18,18,18,7.05,,,,,,,,,,,,,,,,,,,,,,,,,
b757504e-8578-4417-82b1-56ae6b15cb67,2025-08-06 15:57:23 UTC,False,20741,CFOP,Gan 12 UI Maglev,RandomForest,10025,20741,,,gan12,custom_rules,,,,8,0,0,20741,71,72,82,3.42,7732,13009,2184,0,2184,2184,7,7,9,3.21,2819,999,1820,5003,10,11,11,5.49,3505,1926,1579,8508,9,9,10,5.7,3134,725,2409,11642,11,11,15,4.57,2365,496,1869,14007,7,7,9,3.75,4204,2297,1907,18211,13,13,13,6.82,2530,1289,1241,20741,14,14,15,11.28,,,,,,,,,,,,,,,,,,,,,,,,,
7fd22e09-c71c-4763-98b9-a19759de4bc6,2025-08-06 15:58:07 UTC,False,22787,CFOP,Gan 12 UI Maglev,RandomForest,6013,22787,,,gan12,custom_rules,,,,8,0,0,22787,72,73,82,3.16,8933,13854,1587,0,1587,1587,8,8,8,5.04,6023,1555,4468,7610,11,11,12,2.46,2280,774,1506,9890,6,6,6,3.98,4436,1938,2498,14326,15,15,17,6.0,2563,1692,871,16889,8,8,9,9.18,2853,1499,1354,19742,12,12,15,8.86,3045,1475,1570,22787,12,13,15,7.64,,,,,,,,,,,,,,,,,,,,,,,,,
e58b714f-ed19-4475-8bac-f630edb94463,2025-08-06 15:59:08 UTC,False,23829,CFOP,Gan 12 UI Maglev,RandomForest,21177,23829,,,gan12,custom_rules,,,,8,0,0,23829,82,82,96,3.44,6174,17655,2474,0,2474,2474,7,7,7,2.83,4009,1507,2502,6483,13,13,14,5.2,2321,967,1354,8804,8,8,10,5.91,2501,934,1567,11305,8,8,10,5.11,983,580,403,12288,5,5,5,12.41,1934,870,1064,14222,8,8,9,7.52,9607,1316,8291,23829,33,33,41,3.98,,,,,,,,,,,,,,,,,,,,,,,,,
51ee6a46-1ac1-4214-8f1c-ae05df400d8e,2025-08-06 15:59:52 UTC,False,20595,CFOP,Gan 12 UI Maglev,RandomForest,8765,20595,,,gan12,custom_rules,,,,8,0,0,20595,76,78,85,3.69,7557,13038,1723,0,1723,1723,8,8,9,4.64,1507,540,967,3230,7,7,7,7.24,1764,902,862,4994,8,8,9,9.28,3855,1422,2433,8849,11,11,12,4.52,4223,1619,2604,13072,12,12,12,4.61,3659,1675,1984,16731,12,13,16,6.05,3864,1399,2465,20595,18,19,20,7.3,,,,,,,,,,,,,,,,,,,,,,,,,
af23b2ed-707d-444d-864c-24075db59e76,2025-08-06 16:00:31 UTC,False,15857,CFOP,Gan 12 UI Maglev,RandomForest,9746,15857,,,gan12,custom_rules,,,,8,0,0,15857,68,70,80,4.29,6202,9655,1579,0,1579,1579,5,5,7,3.17,2304,790,1514,3883,8,9,9,5.28,1493,677,816,5376,8,8,9,9.8,1983,637,1346,7359,10,10,11,7.43,2224,934,1290,9583,10,10,11,7.75,2737,1480,1257,12320,12,12,13,9.55,3537,1684,1853,15857,16,17,20,8.63,,,,,,,,,,,,,,,,,,,,,,,,,
5dcfb91c-eb12-4231-b2c0-28860aa117b4,2025-08-06 16:02:34 UTC,False,21495,CFOP,Gan 12 UI Maglev,RandomForest,84503,21495,,,gan12,custom_rules,,,,8,0,0,21495,70,73,84,3.26,4885,16610,13494,0,13494,13494,38,40,45,2.82,0,0,0,13494,0,0,0,0.0,0,0,0,13494,0,0,0,0.0,0,0,0,13494,0,0,0,0.0,2175,1563,612,15669,9,9,10,14.71,2411,1412,999,18080,11,12,13,11.01,3415,1910,1505,21495,12,12,16,7.97,,,,,,,,,,,,,,,,,,,,,,,,,
ad3dfd47-40c0-4e5e-b428-6d115931a19e,2025-08-06 16:03:11 UTC,False,15275,CFOP,Gan 12 UI Maglev,RandomForest,7821,15275,,,gan12,custom_rules,,,,8,0,0,15275,51,57,69,3.34,6318,8957,2393,0,2393,2393,7,7,9,2.93,1965,1192,773,4358,5,6,6,6.47,2184,1290,894,6542,8,8,9,8.95,1925,870,1055,8467,8,8,10,7.58,878,500,378,9345,4,4,4,10.58,2506,1241,1265,11851,10,11,12,7.91,3424,1225,2199,15275,9,13,19,4.09,,,,,,,,,,,,,,,,,,,,,,,,,
2124719c-ded2-46b5-8918-5d6cf8d3577f,2025-08-06 16:03:48 UTC,False,15892,CFOP,Gan 12 UI Maglev,RandomForest,9865,15892,,,gan12,custom_rules,,,,8,0,0,15892,69,69,74,4.34,5547,10345,1982,0,1982,1982,6,6,8,3.03,2143,1409,734,4125,9,9,10,12.26,1315,467,848,5440,7,7,7,8.25,2248,1273,975,7688,7,7,8,7.18,2151,604,1547,9839,8,8,8,5.17,2866,924,1942,12705,16,16,16,8.24,3187,870,2317,15892,16,16,17,6.91,,,,,,,,,,,,,,,,,,,,,,,,,
ee598544-d7d2-4976-b9fd-9156817461cc,2025-08-06 16:04:24 UTC,False,19957,CFOP,Gan 12 UI Maglev,RandomForest,4007,19957,,,gan12,custom_rules,,,,8,0,0,19957,73,77,92,3.66,6815,13142,1466,0,1466,1466,5,5,7,3.41,4658,943,3715,6124,10,10,12,2.69,4116,2376,1740,10240,9,9,10,5.17,3552,724,2828,13792,14,14,15,4.95,967,363,604,14759,8,8,9,13.25,2716,1289,1427,17475,18,18,20,12.61,2482,1120,1362,19957,9,13,19,6.61,,,,,,,,,,,,,,,,,,,,,,,,,
cd1af34f-6cc0-419f-8c6a-5da1169cafe3,2025-08-06 16:05:04 UTC,False,16382,CFOP,Gan 12 UI Maglev,RandomForest,11485,16382,,,gan12,custom_rules,,,,8,0,0,16382,62,65,73,3.78,5697,10685,2224,0,2224,2224,7,7,8,3.15,1668,1418,250,3892,4,4,4,16.0,3506,879,2627,7398,12,12,13,4.57,1821,226,1595,9219,9,9,10,5.64,1177,427,750,10396,7,7,8,9.33,1749,733,1016,12145,8,8,9,7.87,4237,2014,2223,16382,16,18,21,7.2,,,,,,,,,,,,,,,,,,,,,,,,,
6e0080a6-9bf4-40f2-be37-4f439d7f29d4,2025-08-06 16:05:38 UTC,False,15769,CFOP,Gan 12 UI Maglev,RandomForest,6538,15769,,,gan12,custom_rules,,,,8,0,0,15769,61,62,75,3.87,7141,8628,1925,0,1925,1925,6,6,6,3.12,0,0,0,1925,0,0,0,0.0,2498,1612,886,4423,7,7,8,7.9,2688,1560,1128,7111,10,10,13,8.87,2932,1538,1394,10043,12,12,14,8.61,2955,1142,1813,12998,12,12,16,6.62,2771,1289,1482,15769,14,15,18,9.45,,,,,,,,,,,,,,,,,,,,,,,,,
23c80361-d2e5-4297-9914-e43ae09024d6,2025-08-06 16:06:07 UTC,False,15523,CFOP,Gan 12 UI Maglev,RandomForest,2988,15523,,,gan12,custom_rules,,,,8,0,0,15523,65,68,75,4.19,5787,9736,2289,0,2289,2289,8,8,8,3.49,2345,161,2184,4634,11,12,12,5.04,2024,1210,814,6658,8,8,9,9.83,2031,1056,975,8689,9,10,11,9.23,2341,1241,1100,11030,10,10,11,9.09,1580,500,1080,12610,9,10,10,8.33,2913,1619,1294,15523,11,11,14,8.5,,,,,,,,,,,,,,,,,,,,,,,,,
8902385a-cc22-46bc-9a4b-4b55c9a0de50,2025-08-06 16:06:43 UTC,False,19629,CFOP,Gan 12 UI Maglev,RandomForest,4531,19629,,,gan12,custom_rules,,,,8,0,0,19629,67,68,75,3.41,9791,9838,3037,0,3037,3037,11,11,11,3.62,1611,1369,242,4648,5,5,6,20.66,3630,1173,2457,8278,8,8,9,3.26,1942,1056,886,10220,7,7,7,7.9,2151,1578,573,12371,8,8,9,13.96,2038,1345,693,14409,10,11,13,14.43,5220,3270,1950,19629,18,18,20,9.23,,,,,,,,,,,,,,,,,,,,,,,,,
91c9c2b5-253f-4c36-a407-7006ed3ad334,2025-08-06 16:07:15 UTC,False,15946,CFOP,Gan 12 UI Maglev,RandomForest,4821,15946,,,gan12,custom_rules,,,,8,0,0,15946,76,77,88,4.77,4080,11866,2908,0,2908,2908,9,9,10,3.09,2006,378,1628,4914,8,9,10,4.91,1077,472,605,5991,6,6,7,9.92,1973,596,1377,7964,9,9,11,6.54,1966,636,1330,9930,12,12,14,9.02,2110,1144,966,12040,10,10,14,10.35,3906,854,3052,15946,22,22,22,7.21,,,,,,,,,,,,,,,,,,,,,,,,,
fa881824-2885-44a7-b764-ad9deed14644,2025-08-06 16:07:51 UTC,False,20571,CFOP,Gan 12 UI Maglev,RandomForest,5561,20571,,,gan12,custom_rules,,,,8,0,0,20571,73,74,85,3.55,6615,13956,2336,0,2336,2336,7,7,9,3.0,2965,1522,1443,5301,9,9,11,6.24,3214,1088,2126,8515,9,9,10,4.23,1807,347,1460,10322,6,6,6,4.11,4608,1281,3327,14930,16,16,18,4.81,1805,951,854,16735,9,9,9,10.54,3836,1426,2410,20571,18,19,22,7.47,,,,,,,,,,,,,,,,,,,,,,,,,
a2e77ecf-6e27-493b-b061-815c0cb19ce9,2025-08-06 16:09:43 UTC,False,18733,CFOP,Gan 12 UI Maglev,RandomForest,4371,18733,,,gan12,custom_rules,,,,8,0,0,18733,60,64,79,3.2,5306,13427,6149,0,6149,6149,12,12,13,1.95,0,0,0,6149,0,0,0,0.0,1474,741,733,7623,8,8,10,10.91,4849,1008,3841,12472,15,15,20,3.91,1732,1088,644,14204,8,8,9,12.42,2714,1564,1150,16918,8,8,9,6.96,1815,905,910,18733,9,13,18,9.89,,,,,,,,,,,,,,,,,,,,,,,,,
35819305-123d-45ed-a6e3-646748b1de7b,2025-08-06 16:10:15 UTC,False,16677,CFOP,Gan 12 UI Maglev,RandomForest,6032,16677,,,gan12,custom_rules,,,,8,0,0,16677,74,74,77,4.44,6889,9788,790,0,790,790,5,5,5,6.33,1950,1208,742,2740,7,7,8,9.43,1990,1063,927,4730,8,8,8,8.63,1588,1136,452,6318,7,7,7,15.49,3053,1563,1490,9371,8,8,9,5.37,4583,1153,3430,13954,21,21,21,6.12,2723,766,1957,16677,18,18,19,9.2,,,,,,,,,,,,,,,,,,,,,,,,,
24cff400-1915-4ebe-a247-77dd7cc936a8,2025-08-06 16:10:50 UTC,False,19220,CFOP,Gan 12 UI Maglev,RandomForest,4497,19220,,,gan12,custom_rules,,,,8,0,0,19220,73,73,84,3.8,7119,12101,4471,0,4471,4471,11,11,13,2.46,2224,717,1507,6695,9,9,11,5.97,2216,1941,275,8911,4,4,4,14.55,1980,837,1143,10891,8,8,10,7.0,2062,1144,918,12953,9,9,11,9.8,2232,911,1321,15185,12,12,13,9.08,4035,1569,2466,19220,20,20,22,8.11,,,,,,,,,,,,,,,,,,,,,,,,,
bfc73d2f-7d31-4e97-81ab-90eccdd73eaf,2025-08-06 16:13:06 UTC,False,24914,CFOP,Gan 12 UI Maglev,RandomForest,27103,24914,,,gan12,custom_rules,,,,8,0,0,24914,75,81,91,3.01,11769,13088,2183,0,2183,2240,6,7,9,2.75,2442,2216,226,4682,4,4,4,17.7,2001,1188,813,6683,8,8,11,9.84,5120,3879,1241,11803,10,10,11,8.06,4507,612,3895,16310,14,16,18,3.59,4938,2271,2667,21248,18,18,18,6.75,3666,1603,2063,24914,15,18,20,7.27,,,,,,,,,,,,,,,,,,,,,,,,,
01b03840-fd67-465d-9616-c4f1e4522719,2025-08-06 16:13:51 UTC,False,20616,CFOP,Gan 12 UI Maglev,RandomForest,14102,20616,,,gan12,custom_rules,,,,8,0,0,20616,88,89,103,4.27,6817,13799,2345,0,2345,2345,7,7,9,2.99,1482,935,547,3827,6,6,8,10.97,3265,2097,1168,7092,9,9,10,7.71,1354,709,645,8446,8,8,10,12.4,4721,894,3827,13167,20,20,22,5.23,4283,837,3446,17450,21,21,22,6.09,3166,1345,1821,20616,17,18,22,9.34,,,,,,,,,,,,,,,,,,,,,,,,,
ce82fee3-c9d3-4a74-be4f-3246977ce7a0,2025-08-06 16:14:44 UTC,False,24553,CFOP,Gan 12 UI Maglev,RandomForest,14255,24553,,,gan12,custom_rules,,,,8,0,0,24553,61,61,70,2.48,7892,16483,8321,0,8321,8499,15,15,16,1.8,0,0,0,8499,0,0,0,0.0,1273,523,750,9772,7,7,8,9.33,2856,1349,1507,12628,7,7,8,4.64,4068,2836,1232,16696,8,8,9,6.49,3730,1120,2610,20426,14,14,14,5.36,4127,2064,2063,24553,11,11,15,5.33,,,,,,,,,,,,,,,,,,,,,,,,,
1a2c57a4-ffb8-43de-b239-130a7cb780bc,2025-08-06 16:15:20 UTC,False,16217,CFOP,Gan 12 UI Maglev,RandomForest,8810,16217,,,gan12,custom_rules,,,,8,0,0,16217,68,69,76,4.19,4841,11376,5981,0,5981,5981,15,16,18,2.51,0,0,0,5981,0,0,0,0.0,1934,1684,250,7915,4,4,4,16.0,1925,571,1354,9840,12,12,13,8.86,1326,564,762,11166,8,8,8,10.5,1958,902,1056,13124,10,10,13,9.47,3093,1120,1973,16217,19,19,20,9.63,,,,,,,,,,,,,,,,,,,,,,,,,
b9a22b5a-a6de-408b-b89a-e224919089e0,2025-08-06 16:16:10 UTC,False,18534,CFOP,Gan 12 UI Maglev,RandomForest,17483,18534,,,gan12,custom_rules,,,,8,0,0,18534,54,61,72,2.91,8630,9904,3077,0,3077,3077,8,8,10,2.6,2557,1877,680,5634,6,7,8,8.82,2578,1877,701,8212,6,6,6,8.56,1813,935,878,10025,8,8,9,9.11,4008,1348,2660,14033,11,13,14,4.14,1860,1079,781,15893,6,6,6,7.68,2641,1514,1127,18534,9,13,19,7.99,,,,,,,,,,,,,,,,,,,,,,,,,
90ba2994-1009-4430-a8ce-0716c2a1c94d,2025-08-06 16:16:54 UTC,False,24707,CFOP,Gan 12 UI Maglev,RandomForest,8228,24707,,,gan12,custom_rules,,,,8,0,0,24707,77,77,90,3.12,9039,15668,3271,0,3271,3271,9,9,11,2.75,4752,846,3906,8023,14,14,14,3.58,1426,1112,314,9449,6,6,6,19.11,2576,355,2221,12025,12,12,13,5.4,4094,2313,1781,16119,8,8,9,4.49,3949,1217,2732,20068,16,16,20,5.86,4639,3196,1443,24707,12,12,17,8.32,,,,,,,,,,,,,,,,,,,,,,,,,
477b60e6-bb5e-4fd9-9929-dbf4b40b0b94,2025-08-06 16:17:38 UTC,False,16772,CFOP,Gan 12 UI Maglev,RandomForest,7561,16772,,,gan12,custom_rules,,,,8,0,0,16772,69,70,75,4.11,7245,9527,943,0,943,943,3,4,4,3.18,2401,830,1571,3344,10,10,11,6.37,2111,1861,250,5455,4,4,5,16.0,1482,814,668,6937,8,8,8,11.98,3343,1161,2182,10280,12,12,14,5.5,2772,1475,1297,13052,12,12,12,9.25,3720,1104,2616,16772,20,20,21,7.65,,,,,,,,,,,,,,,,,,,,,,,,,
d1986dec-c432-48f1-b9d8-00923269224e,2025-08-06 16:18:15 UTC,False,16713,CFOP,Gan 12 UI Maglev,RandomForest,9610,16713,,,gan12,custom_rules,,,,8,0,0,16713,80,81,91,4.79,5676,11037,1499,0,1499,1499,6,6,7,4.0,1587,773,814,3086,7,7,7,8.6,1993,1055,938,5079,8,8,8,8.53,2981,717,2264,8060,11,11,13,4.86,1555,709,846,9615,9,9,11,10.64,1287,690,597,10902,9,9,9,15.08,5811,1732,4079,16713,31,32,36,7.6,,,,,,,,,,,,,,,,,,,,,,,,,
7e6c8fe7-93e6-4cf7-b72d-4facd345b86f,2025-08-06 16:18:52 UTC,False,18126,CFOP,Gan 12 UI Maglev,RandomForest,9109,18126,,,gan12,custom_rules,,,,8,0,0,18126,67,67,77,3.7,6486,11640,1273,0,1273,1273,5,5,8,3.93,2014,1418,596,3287,6,6,7,10.07,2599,871,1728,5886,11,11,13,6.37,1845,1281,564,7731,8,8,8,14.18,1676,451,1225,9407,6,6,6,4.9,2887,894,1993,12294,11,11,12,5.52,5832,1571,4261,18126,20,20,23,4.69,,,,,,,,,,,,,,,,,,,,,,,,,
33a8e88b-9f0a-4b45-9a7c-a70fcfe9bb68,2025-08-06 16:19:29 UTC,False,14137,CFOP,Gan 12 UI Maglev,RandomForest,6484,14137,,,gan12,custom_rules,,,,8,0,0,14137,56,56,62,3.96,5987,8150,1984,0,1984,1984,7,7,9,3.53,2378,556,1822,4362,7,7,7,3.84,2032,678,1354,6394,10,10,13,7.39,1693,1274,419,8087,3,3,3,7.16,1282,1097,185,9369,4,4,5,21.62,1568,923,645,10937,7,7,7,10.85,3200,1459,1741,14137,18,18,18,10.34,,,,,,,,,,,,,,,,,,,,,,,,,
6bfc1676-c16e-48e0-8337-11bf7829fa7a,2025-08-06 16:20:39 UTC,False,20078,CFOP,Gan 12 UI Maglev,RandomForest,11863,20078,,,gan12,custom_rules,,,,8,0,0,20078,77,79,86,3.84,7732,12257,1668,0,1668,1757,7,7,8,4.2,4661,983,3678,6418,15,17,19,4.08,2869,1451,1418,9287,8,8,9,5.64,2453,1768,685,11740,8,8,9,11.68,2345,1595,750,14085,8,8,8,10.67,2149,814,1335,16234,12,12,12,8.99,3844,1121,2723,20078,19,19,21,6.98,,,,,,,,,,,,,,,,,,,,,,,,,
6a99f369-1bef-484f-b8cf-92f8133948f6,2025-08-06 16:21:51 UTC,False,16773,CFOP,Gan 12 UI Maglev,RandomForest,36586,16773,,,gan12,custom_rules,,,,8,0,0,16773,64,66,73,3.82,7238,9535,1136,0,1136,1136,5,5,5,4.4,3885,813,3072,5021,14,15,16,4.56,1152,902,250,6173,4,4,4,16.0,1965,1120,845,8138,8,8,9,9.47,1604,1008,596,9742,7,7,7,11.74,2130,1196,934,11872,10,10,11,10.71,4901,2199,2702,16773,16,17,21,5.92,,,,,,,,,,,,,,,,,,,,,,,,,
8eb532b9-eda8-4128-8c24-0bafab3ec077,2025-08-06 16:22:44 UTC,False,14835,CFOP,Gan 12 UI Maglev,RandomForest,8086,14835,,,gan12,custom_rules,,,,8,0,0,14835,52,57,68,3.51,8504,6258,1957,0,1957,2030,7,7,8,3.58,3848,3300,548,5878,7,7,8,12.77,2191,1466,725,8069,6,7,8,8.28,1942,1039,903,10011,8,8,9,8.86,1892,1296,596,11903,8,8,9,13.42,1248,676,572,13151,8,8,9,13.99,1684,727,957,14835,8,12,17,8.36,,,,,,,,,,,,,,,,,,,,,,,,,
cc390ad6-14ee-43a6-a7e7-3d8ecaa7fcca,2025-08-06 16:23:57 UTC,False,14548,CFOP,Gan 12 UI Maglev,RandomForest,13023,14548,,,gan12,custom_rules,,,,8,0,0,14548,58,65,75,3.99,5420,9128,975,0,975,975,4,4,4,4.1,2142,1111,1031,3117,6,7,7,5.82,2674,435,2239,5791,11,11,12,4.91,1829,999,830,7620,10,10,12,12.05,1434,757,677,9054,8,8,8,11.82,2528,998,1530,11582,8,8,10,5.23,2966,1120,1846,14548,11,17,22,5.96,,,,,,,,,,,,,,,,,,,,,,,,,
0c2c39c3-7238-4daf-a1bc-5c8ab1392a12,2025-08-06 16:24:37 UTC,False,15383,CFOP,Gan 12 UI Maglev,RandomForest,9349,15383,,,gan12,custom_rules,,,,8,0,0,15383,61,61,67,3.97,8478,6905,2127,0,2127,2127,6,6,9,2.82,2996,2666,330,5123,6,6,6,18.18,1772,838,934,6895,8,8,9,8.57,2482,1966,516,9377,8,8,9,15.5,1558,1155,403,10935,8,8,8,19.85,1498,789,709,12433,8,8,8,11.28,2950,1064,1886,15383,17,17,18,9.01,,,,,,,,,,,,,,,,,,,,,,,,,
068d1e6f-ceda-4a21-990e-3ffb0d747ade,2025-08-06 16:25:44 UTC,False,23071,CFOP,Gan 12 UI Maglev,RandomForest,18405,23071,,,gan12,custom_rules,,,,8,0,0,23071,89,89,94,3.86,6281,16790,4124,0,4124,4124,9,9,10,2.18,3039,992,2047,7163,9,9,11,4.4,4561,1345,3216,11724,19,19,19,5.91,2748,1603,1145,14472,8,8,8,6.99,1447,410,1037,15919,8,8,8,7.71,3497,765,2732,19416,18,18,20,6.59,3655,1166,2489,23071,18,18,18,7.23,,,,,,,,,,,,,,,,,,,,,,,,,
a0571bbc-0460-40a6-8749-0525513c447b,2025-08-06 16:26:34 UTC,False,21523,CFOP,Gan 12 UI Maglev,RandomForest,11662,21523,,,gan12,custom_rules,,,,8,0,0,21523,76,77,84,3.53,9019,12504,1765,0,1765,1765,10,10,11,5.67,5041,1192,3849,6806,16,17,18,4.16,2449,1192,1257,9255,8,8,10,6.36,5113,3421,1692,14368,7,7,7,4.14,1781,903,878,16149,8,8,9,9.11,2523,1353,1170,18672,11,11,12,9.4,2851,958,1893,21523,16,16,17,8.45,,,,,,,,,,,,,,,,,,,,,,,,,
50d49faf-b2a7-4852-923d-5a7a45720c92,2025-08-06 16:27:11 UTC,False,17323,CFOP,Gan 12 UI Maglev,RandomForest,9107,17323,,,gan12,custom_rules,,,,8,0,0,17323,64,66,73,3.69,6531,10792,2272,0,2272,2272,6,7,9,2.64,2562,338,2224,4834,9,10,11,4.05,1829,556,1273,6663,8,8,9,6.28,3158,1563,1595,9821,7,7,8,4.39,2544,1851,693,12365,8,8,8,11.54,1877,918,959,14242,10,10,10,10.43,3081,1305,1776,17323,16,16,18,9.01,,,,,,,,,,,,,,,,,,,,,,,,,
252aff6f-0d9c-4e1b-aca0-ae689b2bc1c0,2025-08-06 16:28:30 UTC,False,14244,CFOP,Gan 12 UI Maglev,RandomForest,32286,14244,,,gan12,custom_rules,,,,8,0,0,14244,50,55,67,3.51,5666,8529,1297,0,1297,1346,5,5,7,3.86,1974,644,1330,3320,7,7,8,5.26,2313,1168,1145,5633,5,6,6,4.37,1676,596,1080,7309,6,6,7,5.56,2280,1337,943,9589,10,10,10,10.6,1811,909,902,11400,8,8,10,8.87,2844,1012,1832,14244,9,13,19,4.91,,,,,,,,,,,,,,,,,,,,,,,,,
092f176d-269a-4690-a9bf-e6def43da3a9,2025-08-06 16:29:15 UTC,False,18473,CFOP,Gan 12 UI Maglev,RandomForest,9460,18473,,,gan12,custom_rules,,,,8,0,0,18473,67,67,76,3.63,6315,12101,5425,0,5425,5482,9,9,10,1.66,3819,2812,1007,9301,9,9,12,8.94,1825,669,1156,11126,8,8,9,6.92,3352,1120,2232,14478,13,13,15,5.82,813,370,443,15291,7,7,7,15.8,1329,652,677,16620,7,7,8,10.34,1853,692,1161,18473,14,14,15,12.06,,,,,,,,,,,,,,,,,,,,,,,,,
33246fe8-1b97-454b-a17e-c60c88cb5204,2025-08-06 16:30:20 UTC,False,27623,CFOP,Gan 12 UI Maglev,RandomForest,15253,27623,,,gan12,custom_rules,,,,8,0,0,27623,92,97,104,3.33,10398,17225,2087,0,2087,2087,5,5,6,2.4,1410,322,1088,3497,6,6,6,5.51,4593,1370,3223,8090,14,14,16,4.34,4728,2134,2594,12818,14,15,16,5.4,6648,1870,4778,19466,25,27,27,5.23,4325,2793,1532,23791,13,14,15,8.49,3832,1909,1923,27623,15,16,18,7.8,,,,,,,,,,,,,,,,,,,,,,,,,
42f59114-bcb8-4007-8f78-3fbf3b46c1bc,2025-08-06 16:31:29 UTC,False,16533,CFOP,Gan 12 UI Maglev,RandomForest,10355,16533,,,gan12,custom_rules,,,,8,0,0,16533,67,72,85,4.05,5949,10520,1619,0,1619,1683,8,8,10,4.94,1426,532,894,3109,8,8,10,8.95,1467,589,878,4576,7,7,7,7.97,5255,1517,3738,9831,14,15,17,3.75,2246,1392,854,12077,8,8,9,9.37,2071,1063,1008,14148,13,13,13,12.9,2385,856,1529,16533,9,13,19,5.89,,,,,,,,,,,,,,,,,,,,,,,,,
17875dab-d56d-4df4-9bd9-ae4cd7081863,2025-08-06 16:32:17 UTC,False,22380,CFOP,Gan 12 UI Maglev,RandomForest,13463,22380,,,gan12,custom_rules,,,,8,0,0,22380,69,70,80,3.08,7713,14667,8913,0,8913,8913,24,24,27,2.69,0,0,0,8913,0,0,0,0.0,1948,1201,747,10861,9,9,10,12.05,2708,1467,1241,13569,8,8,8,6.45,2573,1378,1195,16142,8,8,9,6.69,2329,1563,766,18471,7,7,9,9.14,3909,2104,1805,22380,13,14,17,7.2,,,,,,,,,,,,,,,,,,,,,,,,,
40f81c5d-d270-4fd3-b4bb-4c281f56354e,2025-08-06 16:33:06 UTC,False,22649,CFOP,Gan 12 UI Maglev,RandomForest,13016,22649,,,gan12,custom_rules,,,,8,0,0,22649,74,77,86,3.27,8586,14063,7754,0,7754,7754,23,24,25,2.97,0,0,0,7754,0,0,0,0.0,4601,2530,2071,12355,9,9,11,4.35,2416,1409,1007,14771,10,10,12,9.93,1898,1342,556,16669,8,8,9,14.39,3118,1877,1241,19787,11,12,13,8.86,2862,1428,1434,22649,13,14,16,9.07,,,,,,,,,,,,,,,,,,,,,,,,,
121a6fe5-1e1f-4e5d-8924-7fa3abbc06a8,2025-08-06 16:33:53 UTC,False,25578,CFOP,Gan 12 UI Maglev,RandomForest,8822,25578,,,gan12,custom_rules,,,,8,0,0,25578,91,91,95,3.56,7273,18305,1232,0,1232,1232,6,6,6,4.87,5409,2038,3371,6641,14,14,14,4.15,3719,1039,2680,10360,12,12,12,4.48,3319,1699,1620,13679,8,8,9,4.94,1623,757,866,15302,8,8,9,9.24,5893,540,5353,21195,22,22,23,4.11,4383,1200,3183,25578,21,21,22,6.6,,,,,,,,,,,,,,,,,,,,,,,,,
cb456e8e-95ca-4809-a961-6e7f1176d0a5,2025-08-06 16:34:35 UTC,False,19359,CFOP,Gan 12 UI Maglev,RandomForest,11192,19359,,,gan12,custom_rules,,,,8,0,0,19359,61,62,67,3.15,7593,11766,3473,0,3473,3473,7,7,7,2.02,4239,1458,2781,7712,11,11,11,3.96,1700,1410,290,9412,4,4,4,13.79,1998,1120,878,11410,8,8,8,9.11,1555,902,653,12965,8,8,9,12.25,1684,902,782,14649,10,11,11,12.79,4710,1801,2909,19359,13,13,17,4.47,,,,,,,,,,,,,,,,,,,,,,,,,
15c30080-74ac-468b-ae05-87410a4870f2,2025-08-06 16:35:22 UTC,False,16182,CFOP,Gan 12 UI Maglev,RandomForest,14266,16182,,,gan12,custom_rules,,,,8,0,0,16182,66,67,76,4.08,6838,9344,2595,0,2595,2595,6,6,7,2.31,1282,484,798,3877,7,7,8,8.77,3777,1488,2289,7654,14,14,16,6.12,1483,757,726,9137,7,7,8,9.64,1788,1264,524,10925,8,8,9,15.27,2409,1587,822,13334,9,9,10,10.95,2848,1258,1590,16182,15,16,18,9.43,,,,,,,,,,,,,,,,,,,,,,,,,
bf0fe8a2-0aa1-4347-8210-4fc0cc4001e6,2025-08-06 16:36:21 UTC,False,16966,CFOP,Gan 12 UI Maglev,RandomForest,12264,16966,,,gan12,custom_rules,,,,8,0,0,16966,60,60,65,3.54,8326,8640,2216,0,2216,2216,7,7,9,3.16,2812,1772,1040,5028,7,7,7,6.73,2973,2288,685,8001,9,9,9,13.14,1515,1297,218,9516,4,4,4,18.35,2590,672,1918,12106,10,10,10,5.21,1675,983,692,13781,7,7,8,10.12,3185,1314,1871,16966,16,16,18,8.55,,,,,,,,,,,,,,,,,,,,,,,,,
a94798d8-750a-4e18-80f1-81bebe7e4c33,2025-08-06 16:37:16 UTC,False,18455,CFOP,Gan 12 UI Maglev,RandomForest,10745,18455,,,gan12,custom_rules,,,,8,0,0,18455,65,69,81,3.52,9115,9340,1451,0,1451,1451,5,6,6,3.45,2199,1070,1129,3650,6,6,7,5.31,3255,2175,1080,6905,7,7,8,6.48,2634,1378,1256,9539,10,10,11,7.96,1924,822,1102,11463,8,8,11,7.26,2710,1676,1034,14173,11,13,15,10.64,4282,1994,2288,18455,18,19,23,7.87,,,,,,,,,,,,,,,,,,,,,,,,,
38cb59da-82a9-43c1-8c90-14c0c845d25f,2025-08-06 16:38:04 UTC,False,16449,CFOP,Gan 12 UI Maglev,RandomForest,14933,16449,,,gan12,custom_rules,,,,8,0,0,16449,66,68,73,4.01,8951,7498,1821,0,1821,1821,7,7,7,3.84,2707,1982,725,4528,8,8,8,11.03,2296,1338,958,6824,8,8,10,8.35,2055,1556,499,8879,6,6,7,12.02,2431,1810,621,11310,8,8,8,12.88,2506,1064,1442,13816,14,15,15,9.71,2633,1201,1432,16449,15,16,18,10.47,,,,,,,,,,,,,,,,,,,,,,,,,
b88bd6e8-2ca5-4691-bba9-b9789beb19cf,2025-08-06 16:38:48 UTC,False,15941,CFOP,Gan 12 UI Maglev,RandomForest,16047,15941,,,gan12,custom_rules,,,,8,0,0,15941,68,74,85,4.27,5939,10002,1064,0,1064,1064,5,5,5,4.7,1829,338,1491,2893,7,7,7,4.69,2273,878,1395,5166,8,8,9,5.73,1756,1136,620,6922,8,8,10,12.9,2362,1742,620,9284,8,8,9,12.9,1502,540,962,10786,9,10,10,9.36,5155,1305,3850,15941,23,28,35,5.97,,,,,,,,,,,,,,,,,,,,,,,,,
35cdcd43-1afb-4c53-aac7-c7e01de5b43b,2025-08-06 16:39:22 UTC,False,16203,CFOP,Gan 12 UI Maglev,RandomForest,7564,16203,,,gan12,custom_rules,,,,8,0,0,16203,61,65,74,3.76,5871,10332,3973,0,3973,3973,9,11,13,2.27,0,0,0,3973,0,0,0,0.0,3435,1388,2047,7408,11,11,14,5.37,1708,918,790,9116,8,8,9,10.13,2292,1333,959,11408,7,7,7,7.3,2410,1281,1129,13818,11,13,15,9.74,2385,951,1434,16203,15,15,16,10.46,,,,,,,,,,,,,,,,,,,,,,,,,
96dd51ea-fab5-4281-a051-7b3ab60ddfa5,2025-08-06 16:40:04 UTC,False,19220,CFOP,Gan 12 UI Maglev,RandomForest,9522,19220,,,gan12,custom_rules,,,,8,0,0,19220,71,74,79,3.69,6100,13120,1168,0,1168,1168,5,6,7,4.28,7165,604,6561,8333,17,18,18,2.59,2209,1370,839,10542,7,7,8,8.34,1596,524,1072,12138,8,8,8,7.46,1659,1096,563,13797,8,8,8,14.21,1911,983,928,15708,10,11,12,10.78,3512,1523,1989,19220,16,16,18,8.04,,,,,,,,,,,,,,,,,,,,,,,,,
16b2aa24-359c-4317-8a97-6b95b9e64b6a,2025-08-06 16:40:49 UTC,False,25300,CFOP,Gan 12 UI Maglev,RandomForest,7719,25300,,,gan12,custom_rules,,,,8,0,0,25300,84,87,95,3.32,10781,14519,2617,0,2617,2617,9,9,9,3.44,2544,443,2101,5161,7,7,7,3.33,3641,2642,999,8802,7,7,8,7.01,5801,2668,3133,14603,20,20,22,6.38,3943,2348,1595,18546,11,11,13,6.9,3299,1023,2276,21845,15,17,18,6.59,3455,1657,1798,25300,15,16,18,8.34,,,,,,,,,,,,,,,,,,,,,,,,,
fa48d666-0fad-4d16-8892-a1b8d4ec500f,2025-08-09 11:16:05 UTC,False,27095,CFOP,Gan 12 UI Maglev,RandomForest,64851,27095,,,gan12,custom_rules,,,,8,0,0,27095,82,89,104,3.03,9047,18048,2094,0,2094,2094,6,6,7,2.87,5946,1901,4045,8040,13,14,14,3.21,1442,644,798,9482,8,8,9,10.03,5302,2699,2603,14784,9,9,10,3.46,2417,733,1684,17201,8,8,10,4.75,2521,1313,1208,19722,12,12,15,9.93,7373,1757,5616,27095,26,32,39,4.63,,,,,,,,,,,,,,,,,,,,,,,,,
95b2ae48-fe59-46f7-b0bb-520f871009e9,2025-08-09 11:16:52 UTC,False,15186,CFOP,Gan 12 UI Maglev,RandomForest,17424,15186,,,gan12,custom_rules,,,,8,0,0,15186,69,70,79,4.54,3666,11520,4125,0,4125,4125,12,12,14,2.91,0,0,0,4125,0,0,0,0.0,1646,669,977,5771,8,8,8,8.19,3021,128,2893,8792,17,18,18,5.88,1875,1192,683,10667,8,8,9,11.71,1757,605,1152,12424,9,9,12,7.81,2762,1072,1690,15186,16,16,18,9.47,,,,,,,,,,,,,,,,,,,,,,,,,
366ec204-26f4-40f7-9176-22be76189234,2025-08-09 11:18:02 UTC,False,20374,CFOP,Gan 12 UI Maglev,RandomForest,16703,20374,,,gan12,custom_rules,,,,8,0,0,20374,67,68,79,3.29,8403,11874,3657,0,3657,3754,8,8,11,2.19,4119,3120,999,7873,7,7,8,7.01,2312,935,1377,10185,7,7,9,5.08,1967,975,992,12152,8,8,8,8.06,2658,1684,974,14810,8,8,11,8.21,1878,629,1249,16688,9,10,10,7.21,3686,1060,2626,20374,20,20,22,7.62,,,,,,,,,,,,,,,,,,,,,,,,,
1c059f35-c002-4135-b09a-f8cbe18bf7cc,2025-08-09 14:29:15 UTC,False,30631,CFOP,Gan 12 UI Maglev,RandomForest,27626,30631,,,gan12,custom_rules,,,,8,0,0,30631,77,77,83,2.51,7778,22853,17070,0,17070,17070,29,29,30,1.7,0,0,0,17070,0,0,0,0.0,0,0,0,17070,0,0,0,0.0,5197,3971,1226,22267,6,6,7,4.89,1948,1143,805,24215,8,8,9,9.94,1820,1152,668,26035,9,9,10,13.47,4596,1512,3084,30631,25,25,27,8.11,,,,,,,,,,,,,,,,,,,,,,,,,
e89f26a1-19a7-4e08-a866-94f0a255c7b4,2025-08-09 14:29:58 UTC,False,17837,CFOP,Gan 12 UI Maglev,RandomForest,10785,17837,,,gan12,custom_rules,,,,8,0,0,17837,75,76,84,4.2,7843,9994,749,0,749,749,4,4,5,5.34,2054,1233,821,2803,8,8,10,9.74,2445,1353,1092,5248,13,13,13,11.9,1700,854,846,6948,9,10,10,10.64,2545,1917,628,9493,9,9,9,14.33,4237,973,3264,13730,14,14,18,4.29,4107,1513,2594,17837,18,18,19,6.94,,,,,,,,,,,,,,,,,,,,,,,,,
e7ab4f86-002d-456c-a5b1-4a5c9a9daf48,2025-08-09 14:31:11 UTC,False,14992,CFOP,Gan 12 UI Maglev,RandomForest,39236,14992,,,gan12,custom_rules,,,,8,0,0,14992,69,70,78,4.6,5996,8996,822,0,822,822,3,4,4,3.65,1426,790,636,2248,6,6,7,9.43,1660,862,798,3908,6,6,7,7.52,2079,910,1169,5987,8,8,9,6.84,1700,1008,692,7687,7,7,7,10.12,4243,1233,3010,11930,20,20,24,6.64,3062,1193,1869,14992,19,19,20,10.17,,,,,,,,,,,,,,,,,,,,,,,,,
d288cd85-5774-4949-a622-b57694903adf,2025-08-09 14:32:13 UTC,False,17918,CFOP,Gan 12 UI Maglev,RandomForest,22267,17918,,,gan12,custom_rules,,,,8,0,0,17918,66,67,85,3.68,6504,11333,1063,0,1063,1144,4,4,7,3.76,1370,1168,202,2514,4,4,5,19.8,2039,879,1160,4553,8,8,10,6.9,5833,761,5072,10386,18,18,23,3.55,1877,854,1023,12263,8,8,10,7.82,1805,878,927,14068,8,8,10,8.63,3850,1964,1886,17918,16,17,20,8.48,,,,,,,,,,,,,,,,,,,,,,,,,
d0efd7bd-709c-4946-a597-bddc1d0bf859,2025-08-09 14:32:55 UTC,False,13286,CFOP,Gan 12 UI Maglev,RandomForest,15636,13286,,,gan12,custom_rules,,,,8,0,0,13286,46,47,53,3.46,5593,7693,4189,0,4189,4189,15,15,18,3.58,0,0,0,4189,0,0,0,0.0,2274,1565,709,6463,8,8,10,11.28,2416,1579,837,8879,6,7,7,7.17,1926,1024,902,10805,7,7,7,7.76,1861,805,1056,12666,9,9,9,8.52,620,620,0,13286,1,1,2,,,,,,,,,,,,,,,,,,,,,,,,,,
fd76ac9d-7f98-4ac5-baf9-af4a0ce103e5,2025-08-09 14:33:37 UTC,False,17931,CFOP,Gan 12 UI Maglev,RandomForest,11380,17931,,,gan12,custom_rules,,,,8,0,0,17931,78,78,81,4.35,7349,10582,2417,0,2417,2417,7,7,8,2.9,2840,1902,938,5257,8,8,9,8.53,3021,2022,999,8278,7,7,7,7.01,1378,315,1063,9656,8,8,8,7.53,2784,1027,1757,12440,16,16,17,9.11,2554,878,1676,14994,13,13,13,7.76,2937,1205,1732,17931,19,19,19,10.97,,,,,,,,,,,,,,,,,,,,,,,,,
e1d09fa9-39bc-4277-a4e7-fb7f07a68f1a,2025-08-09 14:34:17 UTC,False,17190,CFOP,Gan 12 UI Maglev,RandomForest,11707,17190,,,gan12,custom_rules,,,,8,0,0,17190,63,65,70,3.66,7803,9387,1200,0,1200,1200,5,5,5,4.17,2022,1845,177,3222,4,4,5,22.6,5724,1760,3964,8946,17,17,18,4.29,1097,773,324,10043,4,4,4,12.35,2079,1201,878,12122,8,8,8,9.11,2812,1362,1450,14934,13,14,15,8.97,2256,862,1394,17190,12,13,15,8.61,,,,,,,,,,,,,,,,,,,,,,,,,
118445c8-4b2a-4029-ab6a-0616bc720d94,2025-08-09 14:34:59 UTC,False,18829,CFOP,Gan 12 UI Maglev,RandomForest,6100,18829,,,gan12,custom_rules,,,,8,0,0,18829,90,90,96,4.78,6199,12630,1789,0,1789,1789,8,8,8,4.47,2828,781,2047,4617,11,11,11,5.37,1672,96,1576,6289,11,11,11,6.98,2434,105,2329,8723,16,16,17,6.87,2720,2100,620,11443,9,9,9,14.52,3456,1370,2086,14899,15,15,16,7.19,3930,1747,2183,18829,22,22,24,10.08,,,,,,,,,,,,,,,,,,,,,,,,,
4698aefc-ee06-42db-9319-648e5d5c2424,2025-08-09 14:35:41 UTC,False,14844,CFOP,Gan 12 UI Maglev,RandomForest,14405,14844,,,gan12,custom_rules,,,,8,0,0,14844,64,64,73,4.31,5150,9694,3762,0,3762,3762,18,18,22,4.78,0,0,0,3762,0,0,0,0.0,2207,637,1570,5969,7,7,8,4.46,1353,1112,241,7322,4,4,4,16.6,3518,1878,1640,10840,8,8,10,4.88,1088,532,556,11928,8,8,8,14.39,2916,991,1925,14844,19,19,21,9.87,,,,,,,,,,,,,,,,,,,,,,,,,
afa30676-f3ce-46f4-8c29-c875994ff713,2025-08-09 14:36:24 UTC,False,17059,CFOP,Gan 12 UI Maglev,RandomForest,14308,17059,,,gan12,custom_rules,,,,8,0,0,17059,74,80,92,4.34,6196,10839,1426,0,1426,1450,4,5,6,2.81,1072,862,210,2522,4,4,4,19.05,3637,1120,2517,6159,12,12,12,4.77,1595,1023,572,7754,8,8,8,13.99,1563,637,926,9317,11,11,12,11.88,2133,749,1384,11450,12,12,13,8.67,5609,1805,3804,17059,24,29,37,6.31,,,,,,,,,,,,,,,,,,,,,,,,,
20625a1a-88fc-4108-8b1b-f1da0934dfc0,2025-08-09 14:37:02 UTC,False,15717,CFOP,Gan 12 UI Maglev,RandomForest,10903,15717,,,gan12,custom_rules,,,,8,0,0,15717,73,74,84,4.64,4399,11229,1796,0,1796,1885,6,6,7,3.34,2200,1144,1056,4085,8,8,8,7.58,1369,467,902,5454,7,8,9,7.76,3698,169,3529,9152,17,17,18,4.82,1204,741,463,10356,8,8,8,17.28,1926,661,1265,12282,9,9,14,7.11,3435,1217,2218,15717,19,19,20,8.57,,,,,,,,,,,,,,,,,,,,,,,,,
b89258ad-84ee-4de0-98f8-71540f699383,2025-08-09 14:37:40 UTC,False,17671,CFOP,Gan 12 UI Maglev,RandomForest,7872,17671,,,gan12,custom_rules,,,,8,0,0,17671,70,71,76,3.96,8821,8850,1789,0,1789,1789,8,8,8,4.47,3062,2151,911,4851,9,9,9,9.88,3421,2349,1072,8272,10,10,11,9.33,2576,1241,1335,10848,10,11,12,7.49,2530,1290,1240,13378,9,9,9,7.26,2294,1000,1294,15672,9,9,10,6.96,1999,790,1209,17671,15,15,17,12.41,,,,,,,,,,,,,,,,,,,,,,,,,
af485be2-b0ec-45a8-b865-5d5776eb5415,2025-08-09 14:38:49 UTC,False,14727,CFOP,Gan 12 UI Maglev,RandomForest,43932,14727,,,gan12,custom_rules,,,,8,0,0,14727,70,72,81,4.75,5892,8835,596,0,596,596,3,3,4,5.03,2183,1055,1128,2779,8,8,8,7.09,2672,443,2229,5451,13,13,14,5.83,2603,1886,717,8054,8,8,9,11.16,1862,81,1781,9916,11,11,12,6.18,1773,855,918,11689,12,12,13,13.07,3038,1572,1466,14727,16,18,21,10.91,,,,,,,,,,,,,,,,,,,,,,,,,
9060ca80-b880-44c1-ae43-e782e08bd200,2025-08-09 14:39:37 UTC,False,17702,CFOP,Gan 12 UI Maglev,RandomForest,21851,17702,,,gan12,custom_rules,,,,8,0,0,17702,74,76,89,4.18,7735,9919,1112,0,1112,1160,5,6,7,4.5,2248,1120,1128,3408,9,9,11,7.98,2826,765,2061,6234,11,11,12,5.34,1959,1451,508,8193,8,8,10,15.75,2552,1796,756,10745,10,10,10,13.23,1958,717,1241,12703,12,12,14,9.67,4999,1886,3113,17702,19,20,25,6.1,,,,,,,,,,,,,,,,,,,,,,,,,
7eb48490-92e7-4aa5-a48d-30ac5b898e18,2025-08-09 14:40:32 UTC,False,15323,CFOP,Gan 12 UI Maglev,RandomForest,29283,15323,,,gan12,custom_rules,,,,8,0,0,15323,64,64,71,4.18,7011,8312,362,0,362,362,2,2,3,5.52,1153,669,484,1515,6,6,7,12.4,1748,862,886,3263,8,8,10,9.03,2700,1491,1209,5963,8,8,9,6.62,2466,1370,1096,8429,9,9,9,8.21,2462,1023,1439,10891,11,11,11,7.64,4432,1596,2836,15323,20,20,22,7.05,,,,,,,,,,,,,,,,,,,,,,,,,
c03f86b3-9df7-4c09-a944-85b304720cfd,2025-08-09 14:41:18 UTC,False,17212,CFOP,Gan 12 UI Maglev,RandomForest,8700,17212,,,gan12,custom_rules,,,,8,0,0,17212,74,75,88,4.3,8142,9070,1603,0,1603,1603,6,6,9,3.74,2885,1338,1547,4488,13,13,14,8.4,2011,1092,919,6499,8,8,9,8.71,1772,1289,483,8271,8,8,9,16.56,1940,1193,747,10211,8,8,10,10.71,3489,1507,1982,13700,16,16,18,8.07,3512,1723,1789,17212,15,16,19,8.38,,,,,,,,,,,,,,,,,,,,,,,,,
ece98588-3aac-4126-84f4-75d0f101878e,2025-08-09 14:42:10 UTC,False,33600,CFOP,Gan 12 UI Maglev,RandomForest,6901,33600,,,gan12,custom_rules,,,,8,0,0,33600,113,120,141,3.36,7112,26230,2651,0,2651,2909,6,7,10,2.26,1426,588,838,4335,6,7,7,7.16,1049,808,241,5384,4,4,5,16.6,758,516,242,6142,4,4,4,16.53,2223,1273,950,8365,8,8,9,8.42,4723,2307,2416,13088,13,14,16,5.38,20512,1620,18892,33600,72,76,90,3.81,,,,,,,,,,,,,,,,,,,,,,,,,
1d9ee897-feb6-41a2-a7fb-1b0586f3609e,2025-08-09 14:42:54 UTC,False,18128,CFOP,Gan 12 UI Maglev,RandomForest,12420,18128,,,gan12,custom_rules,,,,8,0,0,18128,70,71,81,3.86,7494,10634,2900,0,2900,2900,9,9,9,3.1,1337,781,556,4237,6,6,9,10.79,1413,833,580,5650,8,8,9,13.79,1724,1039,685,7374,8,8,10,11.68,3094,2626,468,10468,9,9,10,19.23,2142,652,1490,12610,10,11,11,6.71,5518,1563,3955,18128,20,20,23,5.06,,,,,,,,,,,,,,,,,,,,,,,,,
3bb5081e-158c-4279-9804-98f4264351ba,2025-08-09 14:43:26 UTC,False,15396,CFOP,Gan 12 UI Maglev,RandomForest,5189,15396,,,gan12,custom_rules,,,,8,0,0,15396,67,68,79,4.35,4941,10398,2224,0,2224,2281,6,6,8,2.7,2038,660,1378,4319,7,7,9,5.08,3210,801,2409,7529,11,11,12,4.57,1676,701,975,9205,8,8,10,8.21,1647,870,777,10852,8,8,9,10.3,1885,838,1047,12737,12,12,13,11.46,2659,1071,1588,15396,15,16,18,9.45,,,,,,,,,,,,,,,,,,,,,,,,,
4ab7eb46-9705-4f54-bebf-21b504f58342,2025-08-09 14:44:04 UTC,False,18679,CFOP,Gan 12 UI Maglev,RandomForest,7780,18679,,,gan12,custom_rules,,,,8,0,0,18679,63,63,71,3.37,8972,9707,2054,0,2054,2054,6,6,7,2.92,741,548,193,2795,4,4,4,20.73,3425,2668,757,6220,8,8,9,10.57,3884,1555,2329,10104,12,12,13,5.15,2223,1312,911,12327,9,9,9,9.88,2948,685,2263,15275,15,15,15,6.63,3404,2204,1200,18679,10,10,14,8.33,,,,,,,,,,,,,,,,,,,,,,,,,
08a01b5b-f7a1-401f-b2c6-1f2be5e558c9,2025-08-09 14:44:57 UTC,False,18513,CFOP,Gan 12 UI Maglev,RandomForest,24054,18513,,,gan12,custom_rules,,,,8,0,0,18513,74,78,86,4.0,492,18021,9286,0,9286,9286,22,22,25,2.37,0,0,0,9286,0,0,0,0.0,0,0,0,9286,0,0,0,0.0,8751,387,8364,18037,46,50,54,5.5,476,105,371,18513,6,6,7,16.17,0,0,0,18513,0,0,0,0.0,0,0,0,18513,0,0,0,0.0,,,,,,,,,,,,,,,,,,,,,,,,,
8d3528f7-4e37-4e21-ab32-5d176c16fd61,2025-08-09 14:45:45 UTC,False,15822,CFOP,Gan 12 UI Maglev,RandomForest,21380,15822,,,gan12,custom_rules,,,,8,0,0,15822,71,77,90,4.49,5326,10496,1498,0,1498,1498,6,6,7,4.01,2780,1531,1249,4278,12,13,14,9.61,1102,677,425,5380,5,5,6,11.76,1901,813,1088,7281,8,8,8,7.35,1837,217,1620,9118,7,7,8,4.32,2144,1186,958,11262,10,10,11,10.44,4560,902,3658,15822,24,29,36,6.56,,,,,,,,,,,,,,,,,,,,,,,,,
3ce06f0d-0e4c-48db-b29b-1e13731d4b40,2025-08-09 14:46:26 UTC,False,16807,CFOP,Gan 12 UI Maglev,RandomForest,12156,16807,,,gan12,custom_rules,,,,8,0,0,16807,66,71,82,3.93,6268,10539,2337,0,2337,2337,6,7,8,2.57,2747,1136,1611,5084,9,9,10,5.59,3207,419,2788,8291,16,16,17,5.74,1932,1402,530,10223,6,6,7,11.32,1894,1305,589,12117,9,9,10,15.28,1772,725,1047,13889,12,12,13,11.46,2918,1281,1637,16807,8,12,17,4.89,,,,,,,,,,,,,,,,,,,,,,,,,
3ffd063c-1c31-4e32-9298-84d68f992e43,2025-08-09 14:47:05 UTC,False,15265,CFOP,Gan 12 UI Maglev,RandomForest,11176,15265,,,gan12,custom_rules,,,,8,0,0,15265,68,69,74,4.45,7586,7679,749,0,749,749,5,5,5,6.68,2031,532,1499,2780,8,8,9,5.34,3069,2473,596,5849,8,8,9,13.42,2111,483,1628,7960,13,13,13,7.99,1918,1290,628,9878,8,8,9,12.74,2421,1430,991,12299,10,11,12,10.09,2966,1378,1588,15265,16,16,17,10.08,,,,,,,,,,,,,,,,,,,,,,,,,
ae6efa89-fc32-469b-9678-4cb7eda23c7d,2025-08-09 14:47:40 UTC,False,18278,CFOP,Gan 12 UI Maglev,RandomForest,5853,18278,,,gan12,custom_rules,,,,8,0,0,18278,69,69,82,3.78,7734,10544,2755,0,2755,2755,8,8,9,2.9,3107,2022,1085,5862,9,9,13,8.29,1829,1216,613,7691,7,7,8,11.42,2022,1329,693,9713,8,8,10,11.54,2015,774,1241,11728,7,7,7,5.64,2168,1104,1064,13896,13,13,16,12.22,4382,1289,3093,18278,17,17,19,5.5,,,,,,,,,,,,,,,,,,,,,,,,,
ef06387c-a64c-4a60-8e0e-38bc222bc9fd,2025-08-09 14:48:27 UTC,False,22651,CFOP,Gan 12 UI Maglev,RandomForest,11169,22651,,,gan12,custom_rules,,,,8,0,0,22651,62,67,81,2.74,9409,13242,1483,0,1483,1483,6,6,7,4.05,7063,1176,5887,8546,10,10,10,1.7,2474,1733,741,11020,8,8,10,10.8,4420,3357,1063,15440,7,7,8,6.59,2039,1040,999,17479,8,8,10,8.01,1739,789,950,19218,11,11,12,11.58,3433,1314,2119,22651,12,17,24,5.66,,,,,,,,,,,,,,,,,,,,,,,,,
6ee4b5c1-48b1-4694-ba7e-3fccd24f9c95,2025-08-09 14:49:25 UTC,False,32847,CFOP,Gan 12 UI Maglev,RandomForest,11304,32847,,,gan12,custom_rules,,,,8,0,0,32847,102,109,124,3.11,7435,25339,5139,0,5139,5212,9,10,12,1.75,2674,1764,910,7886,5,6,6,5.49,2313,2071,242,10199,5,5,6,20.66,1136,395,741,11335,6,7,7,8.1,1821,991,830,13156,12,12,12,14.46,1692,822,870,14848,8,8,9,9.2,17999,1392,16607,32847,57,61,72,3.43,,,,,,,,,,,,,,,,,,,,,,,,,
597afccc-b522-432b-b827-7cefbe363338,2025-08-09 14:50:13 UTC,False,26286,CFOP,Gan 12 UI Maglev,RandomForest,9176,26286,,,gan12,custom_rules,,,,8,0,0,26286,98,99,110,3.73,8265,18021,1635,0,1635,1635,6,6,7,3.67,2836,669,2167,4471,10,10,10,4.61,1475,830,645,5946,8,8,9,12.4,4463,1990,2473,10409,11,11,11,4.45,2183,1555,628,12592,8,8,9,12.74,1539,831,708,14131,9,10,10,12.71,12155,2390,9765,26286,46,46,54,4.71,,,,,,,,,,,,,,,,,,,,,,,,,
0d6fef75-2550-4894-92cb-e7a996cd2aad,2025-08-09 14:50:52 UTC,False,16317,CFOP,Gan 12 UI Maglev,RandomForest,12036,16317,,,gan12,custom_rules,,,,8,0,0,16317,66,66,79,4.04,7809,8508,1805,0,1805,1805,6,6,8,3.32,2763,966,1797,4568,12,12,14,6.68,2905,1825,1080,7473,12,12,14,11.11,2062,588,1474,9535,10,10,11,6.78,3027,2431,596,12562,8,8,9,13.42,1426,774,652,13988,8,8,10,12.27,2329,1225,1104,16317,10,10,13,9.06,,,,,,,,,,,,,,,,,,,,,,,,,
26664e80-b16f-4b30-a195-37d4227acce6,2025-08-09 14:51:26 UTC,False,16932,CFOP,Gan 12 UI Maglev,RandomForest,6527,16932,,,gan12,custom_rules,,,,8,0,0,16932,69,74,89,4.08,4456,12476,1306,0,1306,1306,6,6,8,4.59,2191,789,1402,3497,10,10,10,7.13,2572,436,2136,6069,7,7,8,3.28,2023,266,1757,8092,7,7,7,3.98,3043,878,2165,11135,12,12,13,5.54,3537,814,2723,14672,22,22,23,8.08,2260,1273,987,16932,7,11,20,7.09,,,,,,,,,,,,,,,,,,,,,,,,,
5e47b416-0080-4f3f-bf8d-d57dcbef95a8,2025-08-09 14:52:03 UTC,False,16847,CFOP,Gan 12 UI Maglev,RandomForest,9100,16847,,,gan12,custom_rules,,,,8,0,0,16847,59,60,65,3.5,8102,8745,1096,0,1096,1096,6,6,7,5.47,3174,1506,1668,4270,9,9,9,5.4,4074,2648,1426,8344,8,8,9,5.61,3365,814,2551,11709,12,12,13,4.7,588,443,145,12297,3,3,3,20.69,1740,1136,604,14037,7,7,7,11.59,2810,1555,1255,16847,14,15,17,11.16,,,,,,,,,,,,,,,,,,,,,,,,,
a02d0bb8-5ba6-409c-80f1-e2b5a9b2e607,2025-08-09 14:53:08 UTC,False,43285,CFOP,Gan 12 UI Maglev,RandomForest,12890,43285,,,gan12,custom_rules,,,,8,0,0,43285,150,157,185,3.47,7194,36091,1571,0,1571,1571,6,6,8,3.82,2071,774,1297,3642,11,12,12,8.48,1968,741,1227,5610,8,8,9,6.52,3810,2304,1506,9420,9,9,9,5.98,3101,1272,1829,12521,12,12,14,6.56,990,467,523,13511,8,8,8,15.3,29774,1636,28138,43285,96,102,125,3.41,,,,,,,,,,,,,,,,,,,,,,,,,
b9fcd262-7b6b-42cd-876f-f47ed10a2d83,2025-08-09 14:53:57 UTC,False,18138,CFOP,Gan 12 UI Maglev,RandomForest,16524,18138,,,gan12,custom_rules,,,,8,0,0,18138,77,78,87,4.25,7361,10777,903,0,903,903,4,4,5,4.43,2674,1103,1571,3577,11,11,11,7.0,1919,911,1008,5496,9,10,10,8.93,2648,1230,1418,8144,10,10,13,7.05,3126,1555,1571,11270,11,11,14,7.0,2400,910,1490,13670,12,12,13,8.05,4468,1652,2816,18138,20,20,21,7.1,,,,,,,,,,,,,,,,,,,,,,,,,
974d1aad-fc45-4e8a-b589-c617e87c460f,2025-08-09 14:54:45 UTC,False,18122,CFOP,Gan 12 UI Maglev,RandomForest,16530,18122,,,gan12,custom_rules,,,,8,0,0,18122,62,65,75,3.42,9646,8210,685,0,685,951,4,5,6,5.84,3191,2675,516,4142,8,8,10,15.5,3223,2578,645,7365,6,7,9,9.3,2747,894,1853,10112,8,8,10,4.32,1178,759,419,11290,5,5,5,11.93,3238,1692,1546,14528,11,12,13,7.12,3594,1048,2546,18122,20,20,22,7.86,,,,,,,,,,,,,,,,,,,,,,,,,
2b129208-6f99-46b5-8b85-56825ffa71a1,2025-08-09 14:55:27 UTC,False,21077,CFOP,Gan 12 UI Maglev,RandomForest,9281,21077,,,gan12,custom_rules,,,,8,0,0,21077,72,72,78,3.42,7088,13940,2151,0,2151,2200,6,6,8,2.79,4366,1184,3182,6566,11,11,11,3.46,3320,830,2490,9886,8,8,9,3.21,2293,778,1515,12179,7,7,8,4.62,1869,1200,669,14048,7,7,7,10.46,3748,1879,1869,17796,18,18,19,9.63,3281,1217,2064,21077,15,15,16,7.27,,,,,,,,,,,,,,,,,,,,,,,,,
850f5218-5b89-4414-ac46-d30929ba251b,2025-08-09 14:56:00 UTC,False,17626,CFOP,Gan 12 UI Maglev,RandomForest,5415,17626,,,gan12,custom_rules,,,,8,0,0,17626,64,70,82,3.63,7610,10016,1354,0,1354,1354,6,6,8,4.43,2562,572,1990,3916,11,11,11,5.53,2644,661,1983,6560,8,8,10,4.03,3029,2272,757,9589,9,9,10,11.89,2928,1776,1152,12517,9,9,10,7.81,3102,1539,1563,15619,12,14,15,7.68,2007,790,1217,17626,9,13,18,7.4,,,,,,,,,,,,,,,,,,,,,,,,,
207a43ca-f546-4f74-8ef4-e3fcfe711955,2025-08-09 14:57:38 UTC,False,21871,CFOP,Gan 12 UI Maglev,RandomForest,63759,21871,,,gan12,custom_rules,,,,8,0,0,21871,83,83,91,3.79,7799,14072,1080,0,1080,1080,6,6,7,5.56,2086,958,1128,3166,12,12,13,10.64,4686,637,4049,7852,15,15,15,3.7,4120,2554,1566,11972,7,7,8,4.47,2321,1378,943,14293,9,9,10,9.54,2542,1015,1527,16835,15,15,16,9.82,5036,1257,3779,21871,19,19,22,5.03,,,,,,,,,,,,,,,,,,,,,,,,,
fb75900d-38a7-4d41-8aec-f935fbbbe089,2025-08-09 14:58:23 UTC,False,28321,CFOP,Gan 12 UI Maglev,RandomForest,5754,28321,,,gan12,custom_rules,,,,8,0,0,28321,92,94,108,3.25,2425,25896,8143,0,8143,8143,13,13,18,1.6,12502,217,12285,20645,38,40,45,3.09,0,0,0,20645,0,0,0,0.0,0,0,0,20645,0,0,0,0.0,0,0,0,20645,0,0,0,0.0,4437,1144,3293,25082,21,21,24,6.38,3239,1064,2175,28321,20,20,21,9.2,,,,,,,,,,,,,,,,,,,,,,,,,
76291be9-eb1c-409a-92ba-1a6e2d4e5bd4,2025-08-09 14:59:05 UTC,False,12916,CFOP,Gan 12 UI Maglev,RandomForest,14620,12916,,,gan12,custom_rules,,,,8,0,0,12916,58,59,67,4.49,6099,6817,1160,0,1160,1160,6,6,6,5.17,1861,902,959,3021,8,8,9,8.34,2128,1434,694,5149,9,9,10,12.97,1063,564,499,6212,5,5,6,10.02,2087,733,1354,8299,11,11,12,8.12,1716,653,1063,10015,10,11,11,9.41,2901,1813,1088,12916,10,10,13,9.19,,,,,,,,,,,,,,,,,,,,,,,,,
7003f629-47db-4e3d-b399-78c7e19232e5,2025-08-09 14:59:41 UTC,False,18570,CFOP,Gan 12 UI Maglev,RandomForest,7010,18570,,,gan12,custom_rules,,,,8,0,0,18570,71,76,87,3.82,5077,13436,1636,0,1636,1693,5,5,7,3.06,1853,620,1233,3546,8,8,9,6.49,4488,145,4343,8034,12,12,13,2.76,1273,5,1268,9307,7,7,8,5.52,1763,869,894,11070,8,8,8,8.95,2643,1273,1370,13713,11,13,14,8.03,4857,2165,2692,18570,21,24,28,7.8,,,,,,,,,,,,,,,,,,,,,,,,,
34cae88f-a2ed-4382-ad6e-4682dc231a86,2025-08-09 15:00:37 UTC,False,19084,CFOP,Gan 12 UI Maglev,RandomForest,22020,19084,,,gan12,custom_rules,,,,8,0,0,19084,84,85,89,4.4,5366,13718,5815,0,5815,5815,18,18,19,3.1,0,0,0,5815,0,0,0,0.0,3046,290,2756,8861,18,18,19,6.53,2682,1096,1586,11543,11,11,11,6.94,1813,1297,516,13356,8,8,9,15.5,2513,1007,1506,15869,12,12,13,7.97,3215,1676,1539,19084,18,18,18,11.7,,,,,,,,,,,,,,,,,,,,,,,,,
41b3f22d-cf48-49fa-9e3e-63498cb39550,2025-08-09 15:01:22 UTC,False,24821,CFOP,Gan 12 UI Maglev,RandomForest,8549,24821,,,gan12,custom_rules,,,,8,0,0,24821,94,96,107,3.79,6869,17871,5377,0,5377,5458,14,14,16,2.6,1595,669,926,7053,5,5,7,5.4,6927,1064,5863,13980,25,26,30,4.26,3443,1799,1644,17423,11,11,11,6.69,2795,1417,1378,20218,14,14,14,10.16,1985,913,1072,22203,10,11,12,9.33,2618,1007,1611,24821,15,15,17,9.31,,,,,,,,,,,,,,,,,,,,,,,,,
d48fa055-2031-401c-b828-12362ead97b8,2025-08-09 15:02:15 UTC,False,13133,CFOP,Gan 12 UI Maglev,RandomForest,29827,13133,,,gan12,custom_rules,,,,8,0,0,13133,60,61,70,4.57,6508,6625,1039,0,1039,1039,5,5,6,4.81,0,0,0,1039,0,0,0,0.0,2530,1676,854,3569,9,9,9,10.54,1668,636,1032,5237,8,8,10,7.75,1982,725,1257,7219,12,12,13,9.55,3304,2190,1114,10523,12,12,14,10.77,2610,1281,1329,13133,14,15,18,10.53,,,,,,,,,,,,,,,,,,,,,,,,,
c78acc69-9c59-4f13-aee7-91a188b6ca4e,2025-08-09 15:02:50 UTC,False,13375,CFOP,Gan 12 UI Maglev,RandomForest,11131,13375,,,gan12,custom_rules,,,,8,0,0,13375,60,60,67,4.49,5728,7582,1490,0,1490,1555,7,7,9,4.7,2409,1498,911,3964,6,6,7,6.59,1849,789,1060,5813,8,8,9,7.55,1467,500,967,7280,7,7,8,7.24,1192,1039,153,8472,4,4,4,26.14,2575,1047,1528,11047,14,14,14,9.16,2328,855,1473,13375,15,15,16,10.18,,,,,,,,,,,,,,,,,,,,,,,,,
2f54a2e3-6445-4f46-a957-61fef1ed2f65,2025-08-09 15:03:24 UTC,False,16614,CFOP,Gan 12 UI Maglev,RandomForest,5768,16614,,,gan12,custom_rules,,,,8,0,0,16614,68,71,76,4.09,9061,7553,999,0,999,999,6,6,6,6.01,2925,2015,910,3924,9,9,9,9.89,1495,927,568,5419,5,5,6,8.8,4061,2345,1716,9480,11,12,12,6.41,1985,1292,693,11465,9,9,10,12.99,2288,1031,1257,13753,12,14,14,9.55,2861,1451,1410,16614,16,16,19,11.35,,,,,,,,,,,,,,,,,,,,,,,,,
2e23d416-b6ad-48af-a8be-4ecb92f5f18c,2025-08-09 15:03:53 UTC,False,14231,CFOP,Gan 12 UI Maglev,RandomForest,5300,14231,,,gan12,custom_rules,,,,8,0,0,14231,64,65,73,4.5,5911,8320,1708,0,1708,1708,6,6,6,3.51,1765,765,1000,3473,8,8,9,8.0,1321,700,621,4794,6,6,9,9.66,1698,1110,588,6492,8,8,9,13.61,2353,1128,1225,8845,8,8,8,6.53,2139,943,1196,10984,13,13,13,10.87,3247,1265,1982,14231,15,16,19,7.57,,,,,,,,,,,,,,,,,,,,,,,,,
bd3d63ec-714e-4059-b6ff-56fe52abd76f,2025-08-09 15:04:44 UTC,False,26911,CFOP,Gan 12 UI Maglev,RandomForest,14014,26911,,,gan12,custom_rules,,,,8,0,0,26911,103,113,129,3.83,5835,21076,1974,0,1974,1974,5,5,7,2.53,1579,757,822,3553,8,8,8,9.73,2705,201,2504,6258,10,10,10,3.99,1619,1450,169,7877,4,4,4,23.67,2264,1596,668,10141,10,10,10,14.97,1293,720,573,11434,9,9,9,15.71,15477,1111,14366,26911,58,68,81,4.04,,,,,,,,,,,,,,,,,,,,,,,,,
004406ca-d0a5-45e5-8999-c7a85ff4c0f1,2025-08-09 15:05:23 UTC,False,14260,CFOP,Gan 12 UI Maglev,RandomForest,11978,14260,,,gan12,custom_rules,,,,8,0,0,14260,61,62,70,4.28,4554,9706,2135,0,2135,2135,7,7,9,3.28,2055,1660,395,4190,4,4,5,10.13,2898,637,2261,7088,12,13,14,5.31,1644,613,1031,8732,8,8,9,7.76,2273,153,2120,11005,12,12,14,5.66,0,0,0,11005,0,0,0,0.0,3255,1491,1764,14260,19,19,19,10.77,,,,,,,,,,,,,,,,,,,,,,,,,
fdc69e47-eccc-43a8-87c6-6e2c72bcd0c1,2025-08-09 15:06:03 UTC,False,19047,CFOP,Gan 12 UI Maglev,RandomForest,9773,19047,,,gan12,custom_rules,,,,8,0,0,19047,68,69,79,3.57,6551,12496,1040,0,1040,1040,5,6,7,4.81,4981,1571,3410,6021,11,11,11,3.23,1788,902,886,7809,5,5,6,5.64,1636,146,1490,9445,8,8,9,5.37,4988,1153,3835,14433,22,22,23,5.74,1158,564,594,15591,8,8,8,13.47,3456,2215,1241,19047,11,11,15,8.86,,,,,,,,,,,,,,,,,,,,,,,,,
4a47f7cb-8e5c-4c2e-b3c3-6e66b557fffd,2025-08-09 15:06:54 UTC,False,21132,CFOP,Gan 12 UI Maglev,RandomForest,18056,21132,,,gan12,custom_rules,,,,8,0,0,21132,74,78,87,3.5,6502,14630,7755,0,7755,7755,22,24,27,2.84,0,0,0,7755,0,0,0,0.0,4795,2345,2450,12550,11,11,13,4.49,1732,661,1071,14282,11,11,11,10.27,1578,1313,265,15860,4,4,5,15.09,2603,790,1813,18463,10,11,11,5.52,2669,1393,1276,21132,16,17,20,12.54,,,,,,,,,,,,,,,,,,,,,,,,,
540e3e6d-3e01-4e94-8ad2-7128e28b13b7,2025-08-09 15:07:38 UTC,False,20874,CFOP,Gan 12 UI Maglev,RandomForest,11208,20874,,,gan12,custom_rules,,,,8,0,0,20874,81,81,90,3.88,5381,15493,5881,0,5881,5881,11,11,11,1.87,2747,507,2240,8628,11,11,12,4.91,2257,604,1653,10885,9,9,12,5.44,1426,701,725,12311,8,8,9,11.03,2062,1337,725,14373,7,7,7,9.66,3556,967,2589,17929,16,16,18,6.18,2945,1265,1680,20874,19,19,21,11.31,,,,,,,,,,,,,,,,,,,,,,,,,
ab82641b-4eaa-47c5-b2b0-d0b70993bddf,2025-08-09 15:08:13 UTC,False,15210,CFOP,Gan 12 UI Maglev,RandomForest,4827,15210,,,gan12,custom_rules,,,,8,0,0,15210,64,65,77,4.21,5816,9394,1177,0,1177,1177,6,6,7,5.1,3529,1571,1958,4706,9,9,11,4.6,1196,366,830,5902,8,8,8,9.64,2328,1176,1152,8230,8,8,10,6.94,1047,467,580,9277,6,6,7,10.34,3115,794,2321,12392,13,13,15,5.6,2818,1442,1376,15210,15,16,19,10.9,,,,,,,,,,,,,,,,,,,,,,,,,
e87dffa5-36ad-46ca-9640-9438e32a439d,2025-08-09 15:08:54 UTC,False,17891,CFOP,Gan 12 UI Maglev,RandomForest,11258,17891,,,gan12,custom_rules,,,,8,0,0,17891,82,82,91,4.58,6224,11667,1322,0,1322,1322,6,6,7,4.54,1684,773,911,3006,8,8,9,8.78,3189,2134,1055,6195,10,10,11,9.48,2481,443,2038,8676,12,12,14,5.89,3529,854,2675,12205,19,19,20,7.1,2256,926,1330,14461,10,10,11,7.52,3430,1094,2336,17891,17,17,19,7.28,,,,,,,,,,,,,,,,,,,,,,,,,
99b90922-14db-417f-bdf8-efa3cb63209e,2025-08-09 15:09:34 UTC,False,20097,CFOP,Gan 12 UI Maglev,RandomForest,8009,20097,,,gan12,custom_rules,,,,8,0,0,20097,67,69,75,3.33,7183,12914,1258,0,1258,1258,6,7,7,4.77,5129,491,4638,6387,10,10,11,2.16,2853,967,1886,9240,12,12,14,6.36,1592,1334,258,10832,4,4,5,15.5,1595,1128,467,12427,4,4,5,8.57,3134,1773,1361,15561,12,13,14,8.82,4536,1490,3046,20097,19,19,19,6.24,,,,,,,,,,,,,,,,,,,,,,,,,
54cdf495-81cc-47eb-a4cd-e382f61a3ec4,2025-08-09 15:10:10 UTC,False,21269,CFOP,Gan 12 UI Maglev,RandomForest,5214,21269,,,gan12,custom_rules,,,,8,0,0,21269,81,86,99,3.81,6083,15186,1684,0,1684,1684,6,6,9,3.56,2208,943,1265,3892,9,10,11,7.11,5399,330,5069,9291,18,18,18,3.55,2723,1837,886,12014,13,13,14,14.67,5385,1168,4217,17399,18,18,20,4.27,1708,733,975,19107,9,9,9,9.23,2162,1072,1090,21269,8,12,18,7.34,,,,,,,,,,,,,,,,,,,,,,,,,
4b976a45-58e2-4b3f-b65c-b1486f895a96,2025-08-09 15:10:44 UTC,False,19062,CFOP,Gan 12 UI Maglev,RandomForest,4314,19062,,,gan12,custom_rules,,,,8,0,0,19062,69,70,79,3.62,7395,11667,1991,0,1991,1991,6,6,8,3.01,2425,1095,1330,4416,8,8,10,6.02,1455,932,523,5871,8,8,9,15.3,3658,1467,2191,9529,11,11,11,5.02,2518,1640,878,12047,8,8,10,9.11,3715,927,2788,15762,12,13,13,4.3,3300,1334,1966,19062,16,16,18,8.14,,,,,,,,,,,,,,,,,,,,,,,,,
21ae78eb-e938-4d0e-a578-a5096152c4b9,2025-08-09 15:11:29 UTC,False,17877,CFOP,Gan 12 UI Maglev,RandomForest,16926,17877,,,gan12,custom_rules,,,,8,0,0,17877,59,64,72,3.3,7733,10023,4351,0,4351,4472,8,9,10,1.84,3328,1886,1442,7800,11,11,11,7.63,1531,1257,274,9331,4,4,5,14.6,1660,1128,532,10991,6,6,7,11.28,2656,1761,895,13647,8,8,8,8.94,1716,693,1023,15363,13,13,13,12.71,2514,1008,1506,17877,9,13,18,5.98,,,,,,,,,,,,,,,,,,,,,,,,,
54b6847c-311c-4d4a-a517-2fadd5560565,2025-08-09 15:12:18 UTC,False,15243,CFOP,Gan 12 UI Maglev,RandomForest,23211,15243,,,gan12,custom_rules,,,,8,0,0,15243,62,63,70,4.07,6349,8894,2458,0,2458,2458,5,6,6,2.03,733,161,572,3191,5,5,6,8.74,2973,2360,613,6164,7,7,8,11.42,1522,564,958,7686,8,8,10,8.35,2892,1000,1892,10578,11,11,12,5.81,2047,1289,758,12625,10,10,11,13.19,2618,975,1643,15243,16,16,17,9.74,,,,,,,,,,,,,,,,,,,,,,,,,
1ed53462-07d1-40b5-b96f-2ca13b54ebc5,2025-08-09 15:13:08 UTC,False,21326,CFOP,Gan 12 UI Maglev,RandomForest,14481,21326,,,gan12,custom_rules,,,,8,0,0,21326,76,78,82,3.56,9273,12053,2674,0,2674,2674,8,9,10,2.99,1918,1112,806,4592,8,8,8,9.93,2733,2024,709,7325,6,7,7,8.46,5012,1845,3167,12337,12,12,12,3.79,2658,2046,612,14995,9,9,9,14.71,3254,1433,1821,18249,13,13,16,7.14,3077,813,2264,21326,20,20,20,8.83,,,,,,,,,,,,,,,,,,,,,,,,,
e9e80a4a-138e-47ae-8ea5-2c8baea80049,2025-08-09 15:13:41 UTC,False,16944,CFOP,Gan 12 UI Maglev,RandomForest,5172,16944,,,gan12,custom_rules,,,,8,0,0,16944,64,66,76,3.78,7670,9274,2038,0,2038,2038,6,7,9,2.94,2667,1152,1515,4705,11,11,11,7.26,2630,2413,217,7335,4,4,4,18.43,1748,1208,540,9083,4,4,5,7.41,621,451,170,9704,4,4,4,23.53,1652,725,927,11356,13,13,13,14.02,5588,1721,3867,16944,22,23,30,5.69,,,,,,,,,,,,,,,,,,,,,,,,,
65282a2e-3dfa-4a48-bacb-eac2bfb6c6a3,2025-08-09 15:14:29 UTC,False,17041,CFOP,Gan 12 UI Maglev,RandomForest,19918,17041,,,gan12,custom_rules,,,,8,0,0,17041,56,56,65,3.29,9386,7655,1410,0,1410,1410,5,5,7,3.55,3319,2135,1184,4729,9,9,10,7.6,3229,2198,1031,7958,8,8,8,7.76,2087,1040,1047,10045,7,7,8,6.69,2192,1870,322,12237,6,6,7,18.63,1982,846,1136,14219,10,10,11,8.8,2822,1297,1525,17041,11,11,14,7.21,,,,,,,,,,,,,,,,,,,,,,,,,
2e2dbced-4bb2-4850-b19e-30b12fe5ff21,2025-08-09 15:15:09 UTC,False,19919,CFOP,Gan 12 UI Maglev,RandomForest,8452,19919,,,gan12,custom_rules,,,,8,0,0,19919,63,63,73,3.16,7864,11958,3295,0,3295,3392,9,9,13,2.73,1346,717,629,4738,5,5,6,7.95,2685,1500,1185,7423,6,6,6,5.06,4495,2634,1861,11918,9,9,10,4.84,2449,1047,1402,14367,8,8,9,5.71,1620,870,750,15987,9,9,9,12.0,3932,1096,2836,19919,17,17,20,5.99,,,,,,,,,,,,,,,,,,,,,,,,,
ad2f9f94-6350-47ab-8080-13b66fcd7f1d,2025-08-09 15:15:43 UTC,False,18731,CFOP,Gan 12 UI Maglev,RandomForest,6069,18731,,,gan12,custom_rules,,,,8,0,0,18731,62,65,75,3.31,6749,11982,4110,0,4110,4110,15,15,16,3.65,0,0,0,4110,0,0,0,0.0,3286,1312,1974,7396,11,11,13,5.57,2490,645,1845,9886,8,9,10,4.34,2233,1258,975,12119,7,7,7,7.18,3062,1434,1628,15181,11,13,15,6.76,3550,2100,1450,18731,10,10,14,6.9,,,,,,,,,,,,,,,,,,,,,,,,,
3502430a-8181-413d-8f04-0ca5e62283c3,2025-08-09 15:16:31 UTC,False,20574,CFOP,Gan 12 UI Maglev,RandomForest,16531,20574,,,gan12,custom_rules,,,,8,0,0,20574,83,83,88,4.03,6613,13961,3553,0,3553,3553,11,11,12,3.1,0,0,0,3553,0,0,0,0.0,6132,1055,5077,9685,24,24,26,4.73,820,530,290,10505,4,4,4,13.79,1837,1418,419,12342,9,9,9,21.48,3391,1813,1578,15733,13,13,13,8.24,4841,1797,3044,20574,22,22,24,7.23,,,,,,,,,,,,,,,,,,,,,,,,,
3e853554-72ec-4cb4-a954-a3986157e86f,2025-08-09 15:17:28 UTC,False,31432,CFOP,Gan 12 UI Maglev,RandomForest,14902,31432,,,gan12,custom_rules,,,,8,0,0,31432,92,92,95,2.93,5920,25512,18076,0,18076,18076,34,34,35,1.88,2087,1136,951,20163,8,8,8,8.41,2061,669,1392,22224,7,7,7,5.03,2441,2126,315,24665,4,4,4,12.7,1288,209,1079,25953,12,12,12,11.12,2176,894,1282,28129,7,7,7,5.46,3303,886,2417,31432,20,20,22,8.27,,,,,,,,,,,,,,,,,,,,,,,,,
bf1f8c5d-1de2-4868-bc79-d3a59b320758,2025-08-09 15:18:26 UTC,False,17831,CFOP,Gan 12 UI Maglev,RandomForest,29482,17831,,,gan12,custom_rules,,,,8,0,0,17831,72,72,84,4.04,6680,11151,2022,0,2022,2022,6,6,6,2.97,2191,1088,1103,4213,12,12,14,10.88,2917,1056,1861,7130,12,12,14,6.45,2804,1113,1691,9934,8,8,10,4.73,1683,668,1015,11617,8,8,9,7.88,2377,1466,911,13994,12,12,12,13.17,3837,1289,2548,17831,14,14,19,5.49,,,,,,,,,,,,,,,,,,,,,,,,,
1f5496c7-b67e-484f-859f-0124780485bb,2025-08-09 15:19:17 UTC,False,14923,CFOP,Gan 12 UI Maglev,RandomForest,24830,14923,,,gan12,custom_rules,,,,8,0,0,14923,53,53,65,3.55,4508,10415,4117,0,4117,4117,9,9,11,2.19,0,0,0,4117,0,0,0,0.0,3325,145,3180,7442,11,11,11,3.46,1385,1047,338,8827,5,5,6,14.79,1854,1209,645,10681,9,9,12,13.95,1921,1188,733,12602,9,9,10,12.28,2321,919,1402,14923,11,11,15,7.85,,,,,,,,,,,,,,,,,,,,,,,,,
b2094c3b-a9a0-4dcf-85f1-1f13d6f4119b,2025-08-09 15:20:02 UTC,False,21291,CFOP,Gan 12 UI Maglev,RandomForest,9791,21291,,,gan12,custom_rules,,,,8,0,0,21291,70,70,77,3.29,9643,11648,1628,0,1628,1628,5,5,6,3.07,6026,1450,4576,7654,14,14,16,3.06,1506,652,854,9160,8,8,9,9.37,3045,2860,185,12205,4,4,5,21.62,2828,2103,725,15033,8,8,8,11.03,3019,1530,1489,18052,12,12,13,8.06,3239,1048,2191,21291,19,19,20,8.67,,,,,,,,,,,,,,,,,,,,,,,,,
ddfc40c6-20c4-4000-b8aa-c6c15a667bcc,2025-08-09 15:20:33 UTC,False,13864,CFOP,Gan 12 UI Maglev,RandomForest,5086,13864,,,gan12,custom_rules,,,,8,0,0,13864,52,52,62,3.75,6099,7765,1692,0,1692,1692,5,5,7,2.96,2264,443,1821,3956,11,11,11,6.04,2038,1257,781,5994,5,5,6,6.4,1193,725,468,7187,3,3,4,6.41,693,451,242,7880,4,4,4,16.53,3583,1982,1601,11463,14,14,17,8.74,2401,1241,1160,13864,10,10,13,8.62,,,,,,,,,,,,,,,,,,,,,,,,,
835b6ebb-17b7-49a5-b6ff-682438ecfa10,2025-08-09 15:21:08 UTC,False,16336,CFOP,Gan 12 UI Maglev,RandomForest,7255,16336,,,gan12,custom_rules,,,,8,0,0,16336,71,71,77,4.35,6702,9634,1314,0,1314,1314,7,7,8,5.33,1772,878,894,3086,10,10,11,11.19,3342,959,2383,6428,11,11,11,4.62,2989,1587,1402,9417,8,8,9,5.71,2084,1335,749,11501,10,10,11,13.35,2023,831,1192,13524,11,11,12,9.23,2812,1112,1700,16336,14,14,15,8.24,,,,,,,,,,,,,,,,,,,,,,,,,
6df3872a-0b7e-4d15-8550-8b766e9eaf24,2025-08-09 15:21:55 UTC,False,19354,CFOP,Gan 12 UI Maglev,RandomForest,8736,19354,,,gan12,custom_rules,,,,8,0,0,19354,75,75,78,3.88,9607,9747,1741,0,1741,1741,7,7,7,4.02,2279,1546,733,4020,8,8,9,10.91,5242,2833,2409,9262,12,12,13,4.98,2450,1370,1080,11712,12,12,12,11.11,2417,1659,758,14129,8,8,8,10.55,1616,829,787,15745,8,8,9,10.17,3609,1370,2239,19354,20,20,20,8.93,,,,,,,,,,,,,,,,,,,,,,,,,
b9a29e5f-7c46-4225-8147-b59ffe878245,2025-08-09 15:22:36 UTC,False,13004,CFOP,Gan 12 UI Maglev,RandomForest,18787,13004,,,gan12,custom_rules,,,,8,0,0,13004,57,58,62,4.38,4681,8323,1120,0,1120,1120,4,4,5,3.57,2626,1160,1466,3746,8,8,9,5.46,2716,331,2385,6462,8,9,9,3.35,652,507,145,7114,3,3,3,20.69,1861,1071,790,8975,11,11,11,13.92,1313,782,531,10288,8,8,9,15.07,2716,830,1886,13004,15,15,16,7.95,,,,,,,,,,,,,,,,,,,,,,,,,
519c7f15-1ca7-431b-9e57-b84e177f7fc9,2025-08-09 15:23:16 UTC,False,20201,CFOP,Gan 12 UI Maglev,RandomForest,8513,20201,,,gan12,custom_rules,,,,8,0,0,20201,67,68,73,3.32,8176,12025,4198,0,4198,4198,10,10,11,2.38,4469,2253,2216,8667,7,7,8,3.16,2539,1491,1048,11206,8,8,9,7.63,2772,1330,1442,13978,8,8,8,5.55,1451,597,854,15429,8,8,8,9.37,2379,1152,1227,17808,13,13,13,10.59,2393,1353,1040,20201,13,14,16,12.5,,,,,,,,,,,,,,,,,,,,,,,,,
b59fe91a-d36f-436c-a2fa-3a89259bc592,2025-08-09 15:23:50 UTC,False,15233,CFOP,Gan 12 UI Maglev,RandomForest,7408,15233,,,gan12,custom_rules,,,,8,0,0,15233,57,57,67,3.74,5774,9459,2144,0,2144,2144,6,6,7,2.8,2248,1168,1080,4392,8,8,9,7.41,1231,700,531,5623,6,6,9,11.3,1975,887,1088,7598,7,7,7,6.43,1764,612,1152,9362,7,7,7,6.08,2133,900,1233,11495,13,13,13,10.54,3738,1507,2231,15233,11,11,15,4.93,,,,,,,,,,,,,,,,,,,,,,,,,
bd4b8dd5-bf4b-448d-9f70-d1479969f549,2025-08-09 15:24:32 UTC,False,17357,CFOP,Gan 12 UI Maglev,RandomForest,13279,17357,,,gan12,custom_rules,,,,8,0,0,17357,75,78,90,4.32,5280,12077,1637,0,1637,1637,6,6,6,3.67,2949,1200,1749,4586,11,12,13,6.29,1643,483,1160,6229,11,11,12,9.48,5236,774,4462,11465,16,16,17,3.59,1595,1008,587,13060,8,8,9,13.63,1717,621,1096,14777,9,9,14,8.21,2580,1194,1386,17357,15,17,19,10.82,,,,,,,,,,,,,,,,,,,,,,,,,
1a5479f9-0ecd-4eb5-a496-4515690d8305,2025-08-09 15:25:02 UTC,False,12266,CFOP,Gan 12 UI Maglev,RandomForest,6541,12266,,,gan12,custom_rules,,,,8,0,0,12266,58,61,67,4.73,5796,6470,717,0,717,717,4,4,5,5.58,2146,652,1494,2863,9,10,10,6.02,2128,1068,1060,4991,9,10,10,8.49,1273,757,516,6264,7,7,8,13.57,1385,1232,153,7649,3,3,3,19.61,2297,1040,1257,9946,13,13,15,10.34,2320,1047,1273,12266,13,14,16,10.21,,,,,,,,,,,,,,,,,,,,,,,,,
1032cdb8-080d-46e9-be04-f3449fca747e,2025-08-09 15:25:44 UTC,False,17062,CFOP,Gan 12 UI Maglev,RandomForest,14184,17062,,,gan12,custom_rules,,,,8,0,0,17062,56,56,64,3.28,8225,8837,2820,0,2820,2820,7,7,7,2.48,2118,1369,749,4938,6,6,8,8.01,5496,3329,2167,10434,10,10,11,4.61,1636,935,701,12070,9,9,10,12.84,1216,644,572,13286,7,7,8,12.24,1496,852,644,14782,7,7,7,10.87,2280,1096,1184,17062,10,10,13,8.45,,,,,,,,,,,,,,,,,,,,,,,,,
f7f53145-aeb1-46dd-8671-9acb9d8959cd,2025-08-09 15:26:12 UTC,False,14392,CFOP,Gan 12 UI Maglev,RandomForest,4064,14392,,,gan12,custom_rules,,,,8,0,0,14392,53,57,65,3.68,8280,6112,1603,0,1603,1603,6,6,7,3.74,2578,1877,701,4181,8,8,9,11.41,2555,1991,564,6736,8,8,8,14.18,1926,1346,580,8662,7,7,7,12.07,1337,918,419,9999,7,7,7,16.71,1702,1146,556,11701,9,9,9,16.19,2691,1002,1689,14392,8,12,18,4.74,,,,,,,,,,,,,,,,,,,,,,,,,
53bfaa5b-c52c-46a7-a4e0-83fe4302ed02,2025-08-09 15:26:48 UTC,False,17857,CFOP,Gan 12 UI Maglev,RandomForest,7604,17857,,,gan12,custom_rules,,,,8,0,0,17857,73,73,82,4.09,8308,9549,1990,0,1990,1990,5,5,6,2.51,3585,1982,1603,5575,11,11,13,6.86,1870,1008,862,7445,8,8,11,9.28,1837,1321,516,9282,8,8,9,15.5,2014,1095,919,11296,7,7,7,7.62,3158,926,2232,14454,15,15,17,6.72,3403,1976,1427,17857,19,19,19,13.31,,,,,,,,,,,,,,,,,,,,,,,,,
a97f0d58-81b5-4ed1-a5c7-bafb79ab55e2,2025-08-09 15:27:23 UTC,False,18169,CFOP,Gan 12 UI Maglev,RandomForest,5600,18169,,,gan12,custom_rules,,,,8,0,0,18169,66,68,79,3.63,7565,10604,1281,0,1281,1281,5,5,7,3.9,0,0,0,1281,0,0,0,0.0,3102,1861,1241,4383,7,7,9,5.64,3149,282,2867,7532,13,13,15,4.53,3252,2417,835,10784,8,8,8,9.58,2111,991,1120,12895,10,11,12,8.93,5274,2014,3260,18169,24,25,28,7.36,,,,,,,,,,,,,,,,,,,,,,,,,
2466983d-0b22-4e8c-940d-96802a18dc97,2025-08-09 15:28:13 UTC,False,15149,CFOP,Gan 12 UI Maglev,RandomForest,23761,15149,,,gan12,custom_rules,,,,8,0,0,15149,62,63,68,4.09,4185,10964,2522,0,2522,2522,10,10,10,3.97,0,0,0,2522,0,0,0,0.0,3236,395,2841,5758,12,12,12,4.22,1757,588,1169,7515,8,8,9,6.84,2401,588,1813,9916,9,9,9,4.96,1535,971,564,11451,8,8,10,14.18,3698,1643,2055,15149,15,16,18,7.3,,,,,,,,,,,,,,,,,,,,,,,,,
79ac1ecc-d5b2-4900-83a4-a797e38b3e3e,2025-08-09 15:31:59 UTC,False,19773,CFOP,Gan 12 UI Maglev,RandomForest,15509,19773,,,gan12,custom_rules,,,,8,0,0,19773,75,79,89,3.79,8081,11692,629,0,629,629,4,5,5,6.36,2183,1281,902,2812,7,7,7,7.76,2307,1152,1155,5119,7,7,8,6.06,5499,613,4886,10618,19,19,22,3.89,2336,1901,435,12954,8,8,8,18.39,2782,1394,1388,15736,13,15,16,9.37,4037,1740,2297,19773,17,18,23,7.4,,,,,,,,,,,,,,,,,,,,,,,,,
2ca9c39b-b808-48f3-8216-2cf2a13077c5,2025-08-09 15:33:09 UTC,False,18963,CFOP,Gan 12 UI Maglev,RandomForest,12358,18963,,,gan12,custom_rules,,,,8,0,0,18963,54,55,64,2.85,9746,9217,1570,0,1570,1570,7,7,8,4.46,2804,2522,282,4374,4,4,4,14.18,2923,2061,862,7297,6,6,7,6.96,2715,1418,1297,10012,8,8,9,6.17,1652,467,1185,11664,7,7,8,5.91,3094,1240,1854,14758,12,13,13,6.47,4205,2038,2167,18963,11,11,15,5.08,,,,,,,,,,,,,,,,,,,,,,,,,
386e5b63-9c52-4835-b956-954eef1649f0,2025-08-09 15:34:22 UTC,False,30254,CFOP,Gan 12 UI Maglev,RandomForest,28257,30254,,,gan12,custom_rules,,,,8,0,0,30254,93,94,108,3.07,1895,28359,5374,0,5374,5374,20,20,22,3.72,16910,146,16764,22284,40,41,45,2.39,0,0,0,22284,0,0,0,0.0,5078,830,4248,27362,21,21,25,4.94,2739,766,1973,30101,12,12,14,6.08,0,0,0,30101,0,0,0,0.0,153,153,0,30254,1,1,2,,,,,,,,,,,,,,,,,,,,,,,,,,
200f0887-23fb-417e-967d-23274c3140c8,2025-08-09 15:35:06 UTC,False,22270,CFOP,Gan 12 UI Maglev,RandomForest,9294,22270,,,gan12,custom_rules,,,,8,0,0,22270,75,76,83,3.37,5519,16751,1330,0,1330,1330,6,6,6,4.51,4296,822,3474,5626,11,11,12,3.17,1998,668,1330,7624,9,10,10,6.77,7071,330,6741,14695,15,15,17,2.23,1587,508,1079,16282,7,7,10,6.49,2843,1780,1063,19125,11,11,11,10.35,3145,1411,1734,22270,16,16,17,9.23,,,,,,,,,,,,,,,,,,,,,,,,,
3f6d97a4-93f6-44f5-8aed-9e34c5aa527d,2025-08-09 15:35:53 UTC,False,14753,CFOP,Gan 12 UI Maglev,RandomForest,22857,14753,,,gan12,custom_rules,,,,8,0,0,14753,62,64,75,4.2,4722,10031,3843,0,3843,3843,14,14,17,3.64,0,0,0,3843,0,0,0,0.0,2499,1371,1128,6342,9,9,11,7.98,2055,113,1942,8397,6,6,6,3.09,1884,1184,700,10281,8,8,10,11.43,2434,1168,1266,12715,12,13,14,9.48,2038,886,1152,14753,14,15,17,12.15,,,,,,,,,,,,,,,,,,,,,,,,,
e45be4b4-ae59-4de3-8041-843672e52ccd,2025-08-09 15:36:34 UTC,False,18692,CFOP,Gan 12 UI Maglev,RandomForest,8215,18692,,,gan12,custom_rules,,,,8,0,0,18692,62,62,77,3.32,5950,12742,1120,0,1120,1120,5,5,6,4.46,3377,862,2515,4497,12,12,12,4.77,5279,1097,4182,9776,14,14,17,3.35,2216,830,1386,11992,7,7,8,5.05,500,338,162,12492,4,4,5,24.69,2651,1192,1459,15143,10,10,15,6.85,3549,1631,1918,18692,10,10,14,5.21,,,,,,,,,,,,,,,,,,,,,,,,,
95a72a8f-84fd-47fa-bf91-0ccc03ab0646,2025-08-09 15:37:23 UTC,False,19553,CFOP,Gan 12 UI Maglev,RandomForest,17302,19553,,,gan12,custom_rules,,,,8,0,0,19553,85,85,95,4.35,5599,13954,3803,0,3803,3803,9,9,11,2.37,951,717,234,4754,4,4,4,17.09,2065,1042,1023,6819,8,8,9,7.82,2257,411,1846,9076,8,8,8,4.33,1426,846,580,10502,8,8,8,13.79,2430,964,1466,12932,15,15,16,10.23,6621,1619,5002,19553,33,33,39,6.6,,,,,,,,,,,,,,,,,,,,,,,,,
d9758aa3-e736-440b-bf1c-a247747d9ed7,2025-08-09 15:38:11 UTC,False,27573,CFOP,Gan 12 UI Maglev,RandomForest,9153,27573,,,gan12,custom_rules,,,,8,0,0,27573,76,76,88,2.76,7809,19715,11007,0,11007,11056,11,11,16,1.0,2433,1385,1048,13489,7,7,7,6.68,4447,1071,3376,17936,12,12,13,3.55,2482,1482,1000,20418,11,11,11,11.0,2107,1382,725,22525,8,8,8,11.03,2264,1031,1233,24789,10,10,16,8.11,2784,1458,1326,27573,17,17,17,12.82,,,,,,,,,,,,,,,,,,,,,,,,,
8832d71e-d79c-4bda-9729-cb0a3c1542ae,2025-08-09 15:38:51 UTC,False,14739,CFOP,Gan 12 UI Maglev,RandomForest,13204,14739,,,gan12,custom_rules,,,,8,0,0,14739,61,62,72,4.14,6465,8274,2328,0,2328,2328,8,8,8,3.44,2047,983,1064,4375,8,8,9,7.52,2365,1237,1128,6740,9,9,11,7.98,2433,1346,1087,9173,8,8,9,7.36,1160,749,411,10333,5,5,5,12.17,2111,966,1145,12444,9,9,12,7.86,2295,1184,1111,14739,14,15,18,12.6,,,,,,,,,,,,,,,,,,,,,,,,,
343c9bef-6ded-4025-a331-cad2e9aa3d92,2025-08-09 15:39:53 UTC,False,26472,CFOP,Gan 12 UI Maglev,RandomForest,25415,26472,,,gan12,custom_rules,,,,8,0,0,26472,71,71,78,2.68,9778,16694,8080,0,8080,8080,13,13,15,1.61,2707,1837,870,10787,8,8,9,9.2,4235,2576,1659,15022,10,10,12,6.03,2343,975,1368,17365,6,6,6,4.39,2537,1079,1458,19902,11,11,11,7.54,2228,1193,1035,22130,7,7,7,6.76,4342,2118,2224,26472,16,16,18,7.19,,,,,,,,,,,,,,,,,,,,,,,,,
a907328a-c7c8-4a3b-9e66-b96ccf900a77,2025-08-09 15:40:44 UTC,False,28780,CFOP,Gan 12 UI Maglev,RandomForest,10800,28780,,,gan12,custom_rules,,,,8,0,0,28780,67,68,77,2.33,11362,17418,7574,0,7574,7574,11,11,11,1.45,4393,4151,242,11967,4,4,5,16.53,3892,2055,1837,15859,7,7,7,3.81,1552,571,981,17411,8,8,9,8.15,3320,1386,1934,20731,9,9,10,4.65,2216,935,1281,22947,12,12,13,9.37,5833,2264,3569,28780,16,17,22,4.48,,,,,,,,,,,,,,,,,,,,,,,,,
4e267793-e7aa-47ca-817a-10e30c26766f,2025-08-09 15:41:19 UTC,False,18690,CFOP,Gan 12 UI Maglev,RandomForest,7353,18690,,,gan12,custom_rules,,,,8,0,0,18690,65,74,90,3.48,8399,10291,1740,0,1740,1740,6,6,7,3.45,1958,1249,709,3698,6,6,7,8.46,1902,1055,847,5600,8,8,9,9.45,2546,2015,531,8146,7,7,8,13.18,3003,1709,1294,11149,11,11,12,8.5,1926,887,1039,13075,10,11,12,9.62,5615,1484,4131,18690,17,25,35,4.12,,,,,,,,,,,,,,,,,,,,,,,,,
936d56c5-2f0f-4a97-ad71-9ebb5035af67,2025-08-09 15:42:06 UTC,False,21317,CFOP,Gan 12 UI Maglev,RandomForest,14706,21317,,,gan12,custom_rules,,,,8,0,0,21317,78,78,85,3.66,6933,14384,4932,0,4932,4932,13,13,14,2.64,1809,640,1169,6741,7,7,7,5.99,2208,1184,1024,8949,8,8,9,7.81,1958,951,1007,10907,8,8,9,7.94,2015,1112,903,12922,8,8,8,8.86,3041,1692,1349,15963,12,12,14,8.9,5354,1354,4000,21317,22,22,24,5.5,,,,,,,,,,,,,,,,,,,,,,,,,
139a6ee1-813b-4c0c-aac8-d781e2913689,2025-08-09 15:42:54 UTC,False,16154,CFOP,Gan 12 UI Maglev,RandomForest,21236,16154,,,gan12,custom_rules,,,,8,0,0,16154,66,68,77,4.09,6309,9845,1587,0,1587,1587,7,7,9,4.41,2264,1233,1031,3851,8,8,9,7.76,2650,250,2400,6501,11,11,12,4.58,1773,943,830,8274,9,9,10,10.84,2238,1345,893,10512,8,8,10,8.96,1410,709,701,11922,9,9,9,12.84,4232,1829,2403,16154,14,16,18,5.83,,,,,,,,,,,,,,,,,,,,,,,,,
594ef8e1-8ca1-4732-8ed6-8cd510f1ce6d,2025-08-09 15:43:53 UTC,False,22316,CFOP,Gan 12 UI Maglev,RandomForest,15413,22316,,,gan12,custom_rules,,,,8,0,0,22316,74,74,80,3.32,8374,13942,8940,0,8940,8940,20,20,20,2.24,645,492,153,9585,4,4,4,26.14,1483,1233,250,11068,4,4,5,16.0,2924,1885,1039,13992,8,8,9,7.7,2584,1634,950,16576,13,13,13,13.68,2240,1314,926,18816,8,8,10,8.64,3500,1816,1684,22316,17,17,19,10.1,,,,,,,,,,,,,,,,,,,,,,,,,
0795660d-c36b-4f70-845e-6ab89c641f8c,2025-08-09 15:44:48 UTC,False,14125,CFOP,Gan 12 UI Maglev,RandomForest,6127,14125,,,gan12,custom_rules,,,,8,0,0,14125,68,68,79,4.81,6629,7496,2047,0,2047,2047,8,8,9,3.91,1676,628,1048,3723,8,8,11,7.63,2175,1280,895,5898,14,14,15,15.64,2683,1861,822,8581,10,10,11,12.17,934,523,411,9515,8,8,8,19.46,1991,1177,814,11506,9,9,10,11.06,2619,1160,1459,14125,11,11,15,7.54,,,,,,,,,,,,,,,,,,,,,,,,,
82a747c0-1a78-43c0-b9dd-e82af1d9baae,2025-08-09 15:45:35 UTC,False,23301,CFOP,Gan 12 UI Maglev,RandomForest,8954,23301,,,gan12,custom_rules,,,,8,0,0,23301,85,91,109,3.65,5762,17418,4432,0,4432,4553,7,7,9,1.58,2620,1440,1180,7173,9,10,11,7.63,3163,1407,1756,10336,11,11,15,6.26,2029,966,1063,12365,7,7,8,6.59,1354,573,781,13719,11,11,11,14.08,7040,371,6669,20759,30,30,32,4.5,2542,1005,1537,23301,11,16,23,7.16,,,,,,,,,,,,,,,,,,,,,,,,,
3b644963-0a62-4c63-ba25-90c1fe37bdb1,2025-08-09 15:46:19 UTC,False,25602,CFOP,Gan 12 UI Maglev,RandomForest,8280,25602,,,gan12,custom_rules,,,,8,0,0,25602,105,105,114,4.1,6283,19319,1636,0,1636,1636,6,6,8,3.67,3311,2449,862,4947,8,8,9,9.28,3286,1159,2127,8233,11,11,13,5.17,1289,330,959,9522,7,7,7,7.3,1761,661,1100,11283,7,7,7,6.36,1176,588,588,12459,8,8,8,13.61,13143,1096,12047,25602,59,59,62,4.9,,,,,,,,,,,,,,,,,,,,,,,,,
e4d20dee-1fad-4e33-a0bd-fa578920552a,2025-08-09 15:46:57 UTC,False,17711,CFOP,Gan 12 UI Maglev,RandomForest,10112,17711,,,gan12,custom_rules,,,,8,0,0,17711,67,67,79,3.78,7477,10234,1466,0,1466,1466,6,6,6,4.09,2014,781,1233,3480,8,8,9,6.49,3919,1969,1950,7399,11,11,15,5.64,3015,1643,1372,10414,8,8,9,5.83,2304,387,1917,12718,16,16,17,8.35,1651,934,717,14369,7,7,7,9.76,3342,1763,1579,17711,12,12,16,7.6,,,,,,,,,,,,,,,,,,,,,,,,,
4bf06d03-a6fc-4876-afd9-820204cf2767,2025-08-09 15:47:28 UTC,False,16818,CFOP,Gan 12 UI Maglev,RandomForest,4198,16818,,,gan12,custom_rules,,,,8,0,0,16818,77,77,86,4.58,6213,10605,1450,0,1450,1450,6,6,8,4.14,2723,1361,1362,4173,8,8,9,5.87,1793,1108,685,5966,8,8,9,11.68,1853,660,1193,7819,11,11,12,9.22,878,709,169,8697,4,4,4,23.67,3714,1143,2571,12411,18,18,20,7.0,4407,1232,3175,16818,22,22,24,6.93,,,,,,,,,,,,,,,,,,,,,,,,,
8c4ea7c6-88c8-4f76-b1d4-6c5b41c81f9d,2025-08-09 15:48:12 UTC,False,22032,CFOP,Gan 12 UI Maglev,RandomForest,10681,22032,,,gan12,custom_rules,,,,8,0,0,22032,69,71,79,3.13,11375,10657,2876,0,2876,2876,9,9,9,3.13,3748,2339,1409,6624,9,10,11,6.39,5423,4786,637,12047,6,6,7,9.42,1990,1136,854,14037,8,8,9,9.37,1643,959,684,15680,6,6,7,8.77,3831,1132,2699,19511,18,18,20,6.67,2521,1023,1498,22032,13,14,16,8.68,,,,,,,,,,,,,,,,,,,,,,,,,
2a1f77be-0700-4b84-8e66-4d13e0349b42,2025-08-09 15:48:47 UTC,False,13603,CFOP,Gan 12 UI Maglev,RandomForest,9143,13603,,,gan12,custom_rules,,,,8,0,0,13603,59,63,76,4.34,4578,9025,2248,0,2248,2248,7,7,7,3.11,1539,580,959,3787,8,8,9,8.34,2564,927,1637,6351,13,13,14,7.94,1056,822,234,7407,4,4,5,17.09,2755,402,2353,10162,11,11,14,4.67,1160,604,556,11322,8,8,8,14.39,2281,1243,1038,13603,9,13,19,8.67,,,,,,,,,,,,,,,,,,,,,,,,,
9be16f7f-390e-4158-bef2-e582a6d83ba9,2025-08-09 16:17:32 UTC,False,16508,CFOP,Gan 12 UI Maglev,RandomForest,14405,16508,,,gan12,custom_rules,,,,8,0,0,16508,72,72,83,4.36,4368,12140,3500,0,3500,3500,12,12,14,3.43,0,0,0,3500,0,0,0,0.0,2550,492,2058,6050,12,12,14,5.83,2385,1080,1305,8435,11,11,13,8.43,581,428,153,9016,4,4,4,26.14,3175,725,2450,12191,13,13,16,5.31,4317,1643,2674,16508,21,21,22,7.85,,,,,,,,,,,,,,,,,,,,,,,,,
2aef3891-af7c-4702-bd44-d63a82e09235,2025-08-09 16:19:05 UTC,False,21305,CFOP,Gan 12 UI Maglev,RandomForest,52052,21305,,,gan12,custom_rules,,,,8,0,0,21305,81,86,101,3.8,5436,15869,9072,0,9072,9072,31,35,40,3.42,0,0,0,9072,0,0,0,0.0,0,0,0,9072,0,0,0,0.0,3555,1912,1643,12627,10,11,12,6.09,1805,911,894,14432,9,9,10,10.07,2226,1050,1176,16658,10,10,15,8.5,4647,1563,3084,21305,21,21,24,6.81,,,,,,,,,,,,,,,,,,,,,,,,,
ca4688a1-31fd-444e-94ac-c8e201d06811,2025-08-09 16:19:44 UTC,False,11407,CFOP,Gan 12 UI Maglev,RandomForest,13144,11407,,,gan12,custom_rules,,,,8,0,0,11407,42,42,46,3.68,4583,6824,3859,0,3859,3859,14,14,14,3.63,0,0,0,3859,0,0,0,0.0,2391,1755,636,6250,6,6,8,9.43,1886,1039,847,8136,8,8,10,9.45,1876,1039,837,10012,8,8,8,9.56,1395,750,645,11407,6,6,6,9.3,0,0,0,11407,0,0,0,0.0,,,,,,,,,,,,,,,,,,,,,,,,,
a2e9761e-eef9-47fe-8a6e-33a928da459b,2025-08-09 16:20:31 UTC,False,18150,CFOP,Gan 12 UI Maglev,RandomForest,6404,18150,,,gan12,custom_rules,,,,8,0,0,18150,76,77,87,4.19,7203,10947,1103,0,1103,1103,5,6,6,4.53,1813,717,1096,2916,12,12,13,10.95,2656,1563,1093,5572,7,7,8,6.4,2587,339,2248,8159,11,11,12,4.89,2620,1716,904,10779,9,9,9,9.96,4390,1958,2432,15169,17,17,22,6.99,2981,910,2071,18150,16,16,17,7.73,,,,,,,,,,,,,,,,,,,,,,,,,
97d76ff0-2711-42d9-9357-9318e7f68fa2,2025-08-09 16:21:28 UTC,False,23283,CFOP,Gan 12 UI Maglev,RandomForest,21913,23283,,,gan12,custom_rules,,,,8,0,0,23283,71,71,78,3.05,6470,16813,10641,0,10641,10641,15,15,17,1.41,821,700,121,11462,4,4,4,33.06,2184,1386,798,13646,8,8,9,10.03,1386,516,870,15032,10,10,11,11.49,2293,867,1426,17325,11,11,13,7.71,2763,1305,1458,20088,7,7,7,4.8,3195,1696,1499,23283,16,16,17,10.67,,,,,,,,,,,,,,,,,,,,,,,,,
7fc7d75b-48ff-4459-a105-585fe6d1264e,2025-08-09 16:22:05 UTC,False,16839,CFOP,Gan 12 UI Maglev,RandomForest,6437,16839,,,gan12,custom_rules,,,,8,0,0,16839,59,64,75,3.5,8480,8359,1120,0,1120,1120,7,7,7,6.25,2675,1096,1579,3795,8,8,9,5.07,3270,1876,1394,7065,7,7,7,5.02,1394,894,500,8459,8,8,8,16.0,1998,1297,701,10457,8,8,10,11.41,4421,2503,1918,14878,12,13,15,6.26,1961,814,1147,16839,9,13,19,7.85,,,,,,,,,,,,,,,,,,,,,,,,,
ebaea25e-3bb3-4e61-963e-11ef52da8c62,2025-08-09 16:22:42 UTC,False,18433,CFOP,Gan 12 UI Maglev,RandomForest,7430,18433,,,gan12,custom_rules,,,,8,0,0,18433,65,66,75,3.53,7982,10451,3722,0,3722,3722,12,12,14,3.22,4373,3205,1168,8095,6,7,7,5.14,2473,1450,1023,10568,8,8,9,7.82,2016,991,1025,12584,8,8,10,7.8,1691,1111,580,14275,8,8,9,13.79,4158,1225,2933,18433,23,23,26,7.84,0,0,0,18433,0,0,0,0.0,,,,,,,,,,,,,,,,,,,,,,,,,
03b585a2-c5bb-43ab-8900-1ccd681e4a10,2025-08-09 16:24:39 UTC,False,29552,CFOP,Gan 12 UI Maglev,RandomForest,73959,29552,,,gan12,custom_rules,,,,8,0,0,29552,101,102,115,3.42,7275,22277,700,0,700,700,4,4,4,5.71,10439,653,9786,11139,33,34,38,3.37,1419,1088,331,12558,4,4,4,12.08,1958,1337,621,14516,7,7,8,11.27,6536,870,5666,21052,24,24,27,4.24,4423,1087,3336,25475,18,18,19,5.4,4077,2240,1837,29552,11,11,15,5.99,,,,,,,,,,,,,,,,,,,,,,,,,
f5a43f62-9132-43ca-b474-d8c588ac9cba,2025-08-09 16:25:12 UTC,False,16724,CFOP,Gan 12 UI Maglev,RandomForest,6709,16724,,,gan12,custom_rules,,,,8,0,0,16724,63,68,80,3.77,4601,12034,3601,0,3601,3690,9,9,10,2.5,1280,428,852,4970,8,8,8,9.39,3811,588,3223,8781,13,13,17,4.03,1964,895,1069,10745,7,7,8,6.55,1741,556,1185,12486,11,11,12,9.28,1668,918,750,14154,7,7,7,9.33,2570,1216,1354,16724,9,13,18,6.65,,,,,,,,,,,,,,,,,,,,,,,,,
a9260495-8fd3-447f-9e9e-25e66a6fcfe3,2025-08-09 16:25:53 UTC,False,19141,CFOP,Gan 12 UI Maglev,RandomForest,11444,19141,,,gan12,custom_rules,,,,8,0,0,19141,50,56,65,2.61,12674,6467,1515,0,1515,1515,6,6,7,3.96,6284,5502,782,7799,6,6,6,7.67,2264,2030,234,10063,4,4,5,17.09,2448,1635,813,12511,8,8,8,9.84,1281,798,483,13792,7,7,7,14.49,2812,1370,1442,16604,12,14,16,8.32,2537,1339,1198,19141,7,11,16,5.84,,,,,,,,,,,,,,,,,,,,,,,,,
eba1c032-20c0-4103-9d2f-a69d0fa433fe,2025-08-09 16:26:45 UTC,False,23190,CFOP,Gan 12 UI Maglev,RandomForest,19807,23190,,,gan12,custom_rules,,,,8,0,0,23190,77,89,111,3.32,7011,16179,4689,0,4689,4689,18,18,20,3.84,0,0,0,4689,0,0,0,0.0,2937,2171,766,7626,6,6,6,7.83,4068,983,3085,11694,12,12,13,3.89,1997,1175,822,13691,8,8,9,9.73,3384,1434,1950,17075,12,14,15,6.15,6115,1248,4867,23190,21,31,48,4.31,,,,,,,,,,,,,,,,,,,,,,,,,
cb339817-6a2f-4999-a613-21effb6cbc8f,2025-08-09 16:27:24 UTC,False,15930,CFOP,Gan 12 UI Maglev,RandomForest,11003,15930,,,gan12,custom_rules,,,,8,0,0,15930,57,60,70,3.58,6685,9245,2643,0,2643,2643,8,8,9,3.03,1356,725,631,3999,6,7,7,9.51,2115,1350,765,6114,6,7,7,7.84,1862,710,1152,7976,9,10,11,7.81,1555,974,581,9531,8,8,10,13.77,2718,1267,1451,12249,10,10,13,6.89,3681,1659,2022,15930,10,10,13,4.95,,,,,,,,,,,,,,,,,,,,,,,,,
5b6fe698-00ed-4d27-a2c5-967e7a3e869a,2025-08-09 16:27:57 UTC,False,18208,CFOP,Gan 12 UI Maglev,RandomForest,3908,18208,,,gan12,custom_rules,,,,8,0,0,18208,53,58,73,2.91,9936,8272,1909,0,1909,1909,7,7,10,3.67,3279,2602,677,5188,6,7,8,8.86,3201,1952,1249,8389,7,7,7,5.6,2207,1466,741,10596,8,8,9,10.8,2458,1644,814,13054,8,8,9,9.83,2369,1120,1249,15423,8,8,10,6.41,2785,1152,1633,18208,9,13,20,5.51,,,,,,,,,,,,,,,,,,,,,,,,,
0623d4fc-de26-4f9f-b1fb-30386d6b007f,2025-08-09 16:28:38 UTC,False,17538,CFOP,Gan 12 UI Maglev,RandomForest,12685,17538,,,gan12,custom_rules,,,,8,0,0,17538,69,69,79,3.93,6945,10593,2062,0,2062,2062,7,7,9,3.39,1902,1080,822,3964,8,8,8,9.73,2247,741,1506,6211,8,8,9,5.31,1942,1467,475,8153,3,3,3,6.32,3594,1539,2055,11747,9,9,11,4.38,3722,1047,2675,15469,20,20,24,7.48,2069,1071,998,17538,14,14,15,14.03,,,,,,,,,,,,,,,,,,,,,,,,,
ccef9c0f-986a-4447-bbcc-fff5a919997f,2025-08-09 16:29:24 UTC,False,14696,CFOP,Gan 12 UI Maglev,RandomForest,19998,14696,,,gan12,custom_rules,,,,8,0,0,14696,61,64,71,4.15,3312,11384,8469,0,8469,8469,31,34,37,3.66,0,0,0,8469,0,0,0,0.0,0,0,0,8469,0,0,0,0.0,0,0,0,8469,0,0,0,0.0,2512,1281,1231,10981,11,11,11,8.94,1499,887,612,12480,9,9,10,14.71,2216,1144,1072,14696,10,10,13,9.33,,,,,,,,,,,,,,,,,,,,,,,,,
d62ee995-a6c4-444a-af15-880222727649,2025-08-09 16:29:59 UTC,False,15605,CFOP,Gan 12 UI Maglev,RandomForest,10527,15605,,,gan12,custom_rules,,,,8,0,0,15605,56,56,65,3.59,5453,10152,6148,0,6148,6148,18,18,22,2.93,0,0,0,6148,0,0,0,0.0,1611,813,798,7759,7,7,7,8.77,1458,1144,314,9217,5,5,5,15.92,967,782,185,10184,4,4,5,21.62,2166,1030,1136,12350,12,12,13,10.56,3255,1684,1571,15605,10,10,13,6.37,,,,,,,,,,,,,,,,,,,,,,,,,
2aa246b4-dab8-4704-8efb-2db40a6edaa0,2025-08-09 16:30:43 UTC,False,14160,CFOP,Gan 12 UI Maglev,RandomForest,19391,14160,,,gan12,custom_rules,,,,8,0,0,14160,57,60,68,4.03,5856,8304,443,0,443,443,3,3,3,6.77,1225,322,903,1668,7,7,8,7.75,1289,749,540,2957,5,5,6,9.26,2864,773,2091,5821,13,13,14,6.22,1805,1643,162,7626,5,5,6,30.86,3520,1353,2167,11146,11,13,15,5.08,3014,1016,1998,14160,13,14,16,6.51,,,,,,,,,,,,,,,,,,,,,,,,,
737922df-563f-47de-8841-62603e41be33,2025-08-09 16:31:31 UTC,False,12320,CFOP,Gan 12 UI Maglev,RandomForest,17110,12320,,,gan12,custom_rules,,,,8,0,0,12320,65,65,73,5.28,4023,8297,1611,0,1611,1611,6,6,7,3.72,0,0,0,1611,0,0,0,0.0,1257,330,927,2868,7,7,8,7.55,1804,540,1264,4672,8,8,9,6.33,1654,639,1015,6326,10,10,12,9.85,2892,1071,1821,9218,15,15,17,8.24,3102,1443,1659,12320,20,20,20,12.06,,,,,,,,,,,,,,,,,,,,,,,,,
75919081-62ab-40fe-b665-00bece67d94b,2025-08-09 16:32:10 UTC,False,23808,CFOP,Gan 12 UI Maglev,RandomForest,5551,23808,,,gan12,custom_rules,,,,8,0,0,23808,93,93,106,3.91,8795,15013,2852,0,2852,2852,7,7,9,2.45,3059,2801,258,5911,4,4,4,15.5,2618,1563,1055,8529,9,9,9,8.53,1625,362,1263,10154,8,8,10,6.33,3198,1402,1796,13352,11,11,14,6.12,3042,1072,1970,16394,15,15,17,7.61,7414,1595,5819,23808,39,39,43,6.7,,,,,,,,,,,,,,,,,,,,,,,,,
125dba53-199b-46d3-b245-ea1a41e092ce,2025-08-09 16:33:03 UTC,False,17103,CFOP,Gan 12 UI Maglev,RandomForest,22621,17103,,,gan12,custom_rules,,,,8,0,0,17103,63,64,73,3.68,6890,10060,3352,0,3352,3505,8,8,10,2.39,4127,2701,1426,7632,9,9,9,6.31,1564,830,734,9196,7,7,8,9.54,1144,499,645,10340,7,7,7,10.85,2070,1095,975,12410,8,8,12,8.21,1418,822,596,13828,7,7,7,11.74,3275,943,2332,17103,17,18,20,7.29,,,,,,,,,,,,,,,,,,,,,,,,,
4818620b-2200-4508-9357-a3e8de797057,2025-08-09 16:33:38 UTC,False,18890,CFOP,Gan 12 UI Maglev,RandomForest,5707,18890,,,gan12,custom_rules,,,,8,0,0,18890,65,70,86,3.44,6906,11984,2594,0,2594,2594,9,9,11,3.47,3027,1724,1303,5621,8,8,10,6.14,2522,1507,1015,8143,8,8,9,7.88,4189,403,3786,12332,15,15,16,3.96,1410,709,701,13742,8,8,9,11.41,2078,1177,901,15820,7,7,8,7.77,3070,1386,1684,18890,11,16,23,6.53,,,,,,,,,,,,,,,,,,,,,,,,,
afef1d3e-d045-4992-a159-d611f2c600f6,2025-08-09 16:34:09 UTC,False,15776,CFOP,Gan 12 UI Maglev,RandomForest,3346,15776,,,gan12,custom_rules,,,,8,0,0,15776,63,65,78,3.99,6027,9749,1749,0,1749,1749,7,8,8,4.0,3770,902,2868,5519,16,16,20,5.58,1901,1676,225,7420,4,4,4,17.78,1877,1168,709,9297,7,7,7,9.87,817,500,317,10114,5,5,6,15.77,1797,645,1152,11911,9,9,14,7.81,3865,1136,2729,15776,15,16,19,5.5,,,,,,,,,,,,,,,,,,,,,,,,,
e42afc8a-9d26-463c-a1e8-d6d883037c2a,2025-08-09 16:35:22 UTC,False,20271,CFOP,Gan 12 UI Maglev,RandomForest,27581,20271,,,gan12,custom_rules,,,,8,0,0,20271,62,63,73,3.06,10061,10210,1281,0,1281,1281,5,5,5,3.9,1877,910,967,3158,9,10,11,9.31,2360,982,1378,5518,8,8,9,5.81,4778,3641,1137,10296,7,7,8,6.16,2409,693,1716,12705,9,9,10,5.24,3007,1144,1863,15712,14,14,16,7.51,4559,2691,1868,20271,10,10,14,5.35,,,,,,,,,,,,,,,,,,,,,,,,,
4df7f42c-4da0-426b-a5a3-103068163754,2025-08-09 16:36:04 UTC,False,16051,CFOP,Gan 12 UI Maglev,RandomForest,13543,16051,,,gan12,custom_rules,,,,8,0,0,16051,68,69,81,4.24,7327,8724,1112,0,1112,1112,5,5,5,4.5,3320,1741,1579,4432,12,12,15,7.6,1517,1267,250,5949,4,4,5,16.0,1684,894,790,7633,10,10,13,12.66,3431,1217,2214,11064,12,12,13,5.42,1749,790,959,12813,9,9,9,9.38,3238,1418,1820,16051,16,17,21,8.79,,,,,,,,,,,,,,,,,,,,,,,,,
3a07a4af-f8bb-4c47-8fe2-e372078f5641,2025-08-09 16:36:46 UTC,False,18382,CFOP,Gan 12 UI Maglev,RandomForest,7149,18382,,,gan12,custom_rules,,,,8,0,0,18382,76,77,82,4.13,8778,9604,1909,0,1909,1909,8,8,9,4.19,2900,1797,1103,4809,7,7,8,6.35,1247,739,508,6056,6,6,8,11.81,2530,1450,1080,8586,10,10,10,9.26,4172,2609,1563,12758,16,16,16,10.24,2136,863,1273,14894,10,11,11,7.86,3488,1320,2168,18382,19,19,20,8.76,,,,,,,,,,,,,,,,,,,,,,,,,
78b96b69-d19b-4490-9523-b1a47793d776,2025-08-09 16:37:30 UTC,False,18850,CFOP,Gan 12 UI Maglev,RandomForest,12521,18850,,,gan12,custom_rules,,,,8,0,0,18850,71,73,82,3.77,8157,10693,1289,0,1289,1289,6,6,6,4.65,3601,2513,1088,4890,8,8,10,7.35,2176,154,2022,7066,11,11,11,5.44,2385,1273,1112,9451,8,8,9,7.19,4226,1833,2393,13677,11,13,13,4.6,2820,1305,1515,16497,13,13,16,8.58,2353,1079,1274,18850,15,15,17,11.77,,,,,,,,,,,,,,,,,,,,,,,,,
eb072c6e-498b-44e6-8a5c-c213b9b8a75e,2025-08-09 16:37:59 UTC,False,15040,CFOP,Gan 12 UI Maglev,RandomForest,4945,15040,,,gan12,custom_rules,,,,8,0,0,15040,65,69,79,4.32,8619,6421,1185,0,1185,1185,7,7,7,5.91,1410,717,693,2595,8,8,9,11.54,2553,2256,297,5148,5,5,6,16.84,2231,1466,765,7379,8,8,9,10.46,2732,1870,862,10111,10,10,11,11.6,2544,1150,1394,12655,19,19,20,13.63,2385,1160,1225,15040,8,12,17,6.53,,,,,,,,,,,,,,,,,,,,,,,,,
90e92319-aaae-4dec-92f7-52c9f6ff9147,2025-08-09 16:38:31 UTC,False,15784,CFOP,Gan 12 UI Maglev,RandomForest,7345,15784,,,gan12,custom_rules,,,,8,0,0,15784,71,74,82,4.5,6005,9707,1515,0,1515,1587,6,6,7,3.96,2586,1152,1434,4173,12,12,13,8.37,2714,1046,1668,6887,10,10,13,6.0,1510,387,1123,8397,9,10,10,8.01,1616,1020,596,10013,7,7,7,11.74,1264,700,564,11277,9,9,9,15.96,4507,1700,2807,15784,18,20,23,6.41,,,,,,,,,,,,,,,,,,,,,,,,,
68d9c1a1-0bec-4d29-93f1-02fafb052bac,2025-08-09 16:39:04 UTC,False,19596,CFOP,Gan 12 UI Maglev,RandomForest,3191,19596,,,gan12,custom_rules,,,,8,0,0,19596,77,78,88,3.93,5438,14158,2078,0,2078,2078,8,8,10,3.85,1128,274,854,3206,6,7,7,7.03,2498,1571,927,5704,8,8,10,8.63,4560,862,3698,10264,11,11,14,2.97,2984,274,2710,13248,17,17,17,6.27,2144,1394,750,15392,8,8,10,10.67,4204,1063,3141,19596,20,20,20,6.37,,,,,,,,,,,,,,,,,,,,,,,,,
81b3047c-ce6a-4601-98f7-7f2adf7fc60f,2025-08-09 16:39:55 UTC,False,28390,CFOP,Gan 12 UI Maglev,RandomForest,14480,28390,,,gan12,custom_rules,,,,8,0,0,28390,114,116,128,4.02,7010,21380,4560,0,4560,4560,12,12,12,2.63,0,0,0,4560,0,0,0,0.0,3188,250,2938,7748,8,8,9,2.72,2280,1709,571,10028,8,8,10,14.01,4075,2231,1844,14103,13,15,16,7.05,3113,1249,1864,17216,15,15,16,8.05,11174,1571,9603,28390,59,59,65,6.14,,,,,,,,,,,,,,,,,,,,,,,,,
8f5589dc-b851-440e-ab20-9252496e33f3,2025-08-09 16:40:51 UTC,False,18962,CFOP,Gan 12 UI Maglev,RandomForest,19247,18962,,,gan12,custom_rules,,,,8,0,0,18962,72,75,82,3.8,3118,15844,11556,0,11556,11556,38,40,45,3.29,0,0,0,11556,0,0,0,0.0,0,0,0,11556,0,0,0,0.0,0,0,0,11556,0,0,0,0.0,2610,1112,1498,14166,9,9,9,6.01,2073,967,1106,16239,10,11,12,9.04,2723,1039,1684,18962,15,15,16,8.91,,,,,,,,,,,,,,,,,,,,,,,,,
6bb50893-6fe3-4322-9ab7-6e7b4259eb9f,2025-08-09 16:41:30 UTC,False,16732,CFOP,Gan 12 UI Maglev,RandomForest,10853,16732,,,gan12,custom_rules,,,,8,0,0,16732,68,76,96,4.06,4809,11923,1555,0,1555,1555,8,8,9,5.14,2868,153,2715,4423,11,11,12,4.05,1868,1191,677,6291,6,6,6,8.86,2579,1032,1547,8870,11,11,12,7.11,1530,773,757,10400,7,7,7,9.25,1627,588,1039,12027,9,9,12,8.66,4705,1072,3633,16732,18,26,38,4.95,,,,,,,,,,,,,,,,,,,,,,,,,
5914c330-6698-4526-a988-065bbd8900bc,2025-08-09 16:42:15 UTC,False,26019,CFOP,Gan 12 UI Maglev,RandomForest,6341,26019,,,gan12,custom_rules,,,,8,0,0,26019,81,83,91,3.11,10126,15893,1805,0,1805,1805,8,8,8,4.43,4331,153,4178,6136,9,9,9,2.15,3794,1973,1821,9930,8,8,9,4.39,4704,2247,2457,14634,16,17,18,6.51,2417,1217,1200,17051,8,8,8,6.67,4028,1772,2256,21079,16,16,17,7.09,4940,2764,2176,26019,17,18,22,7.81,,,,,,,,,,,,,,,,,,,,,,,,,
ee17d4a1-80f8-43e6-9dc3-5f3fd72c1a8b,2025-08-09 16:42:50 UTC,False,17244,CFOP,Gan 12 UI Maglev,RandomForest,9655,17244,,,gan12,custom_rules,,,,8,0,0,17244,63,64,67,3.65,6792,10452,1418,0,1418,1418,6,6,7,4.23,6701,1064,5637,8119,21,21,22,3.73,3142,2239,903,11261,8,8,8,8.86,2030,797,1233,13291,9,10,10,7.3,2189,1483,706,15480,9,9,10,12.75,1248,693,555,16728,9,9,9,16.22,516,516,0,17244,1,1,1,,,,,,,,,,,,,,,,,,,,,,,,,,
9413bc70-ad36-436c-9e6c-fecd2736842d,2025-08-09 16:43:23 UTC,False,14732,CFOP,Gan 12 UI Maglev,RandomForest,6868,14732,,,gan12,custom_rules,,,,8,0,0,14732,54,54,65,3.67,6335,8397,3424,0,3424,3424,7,7,11,2.04,1958,862,1096,5382,7,7,8,6.39,2184,1330,854,7566,11,11,12,12.88,1813,1039,774,9379,8,8,11,10.34,2533,1638,895,11912,9,9,9,10.06,2820,1466,1354,14732,12,12,14,8.86,0,0,0,14732,0,0,0,0.0,,,,,,,,,,,,,,,,,,,,,,,,,
a0ce828a-f293-43a2-8f5b-49ffa5197c35,2025-08-09 16:44:00 UTC,False,21694,CFOP,Gan 12 UI Maglev,RandomForest,4672,21694,,,gan12,custom_rules,,,,8,0,0,21694,75,76,88,3.46,8554,13140,2063,0,2063,2063,8,8,10,3.88,5757,2022,3735,7820,15,15,16,4.02,2208,814,1394,10028,8,8,10,5.74,1925,781,1144,11953,11,11,11,9.62,3070,1998,1072,15023,8,8,8,7.46,2164,787,1377,17187,8,8,9,5.81,4507,2152,2355,21694,17,18,24,7.22,,,,,,,,,,,,,,,,,,,,,,,,,
8379330d-c675-478c-b678-cb776ba8b8fe,2025-08-09 16:44:38 UTC,False,19779,CFOP,Gan 12 UI Maglev,RandomForest,3504,19779,,,gan12,custom_rules,,,,8,0,0,19779,67,69,84,3.39,10099,9680,2447,0,2447,2447,9,9,13,3.68,2425,1837,588,4872,6,6,8,10.2,2804,1298,1506,7676,10,10,11,6.64,2434,1451,983,10110,7,7,8,7.12,1545,1007,538,11655,7,7,7,13.01,3561,2296,1265,15216,11,11,15,8.7,4563,2210,2353,19779,17,19,22,7.22,,,,,,,,,,,,,,,,,,,,,,,,,
055544a6-1104-4806-9be1-338a41b5191f,2025-08-09 16:45:14 UTC,False,13963,CFOP,Gan 12 UI Maglev,RandomForest,9902,13963,,,gan12,custom_rules,,,,8,0,0,13963,58,60,64,4.15,5875,8088,2135,0,2135,2135,9,9,9,4.22,1531,967,564,3666,8,8,8,14.18,2466,1152,1314,6132,7,7,8,5.33,1998,1128,870,8130,7,7,8,8.05,927,758,169,9057,4,4,4,23.67,1901,830,1071,10958,9,9,9,8.4,3005,1040,1965,13963,14,16,18,7.12,,,,,,,,,,,,,,,,,,,,,,,,,
63437a85-c3df-42f3-bea2-d23b83a53481,2025-08-09 16:46:05 UTC,False,15148,CFOP,Gan 12 UI Maglev,RandomForest,22616,15148,,,gan12,custom_rules,,,,8,0,0,15148,62,63,71,4.09,7332,7703,1877,0,1877,1990,6,6,7,3.2,2361,1313,1048,4351,8,8,10,7.63,3117,1417,1700,7468,11,11,12,6.47,1789,983,806,9257,8,8,9,9.93,2185,1597,588,11442,8,8,8,13.61,1482,894,588,12924,8,8,9,13.61,2224,1128,1096,15148,13,14,16,11.86,,,,,,,,,,,,,,,,,,,,,,,,,
cad7ddae-a1ba-43cf-a595-8a9ac599dfd0,2025-08-09 16:46:44 UTC,False,21968,CFOP,Gan 12 UI Maglev,RandomForest,8278,21968,,,gan12,custom_rules,,,,8,0,0,21968,80,80,87,3.64,8283,13685,3504,0,3504,3504,13,13,14,3.71,2651,323,2328,6155,7,7,8,3.01,4187,3206,981,10342,8,8,8,8.15,2248,532,1716,12590,10,10,13,5.83,3195,1450,1745,15785,16,16,16,9.17,3287,1958,1329,19072,11,11,12,8.28,2896,814,2082,21968,15,15,16,7.2,,,,,,,,,,,,,,,,,,,,,,,,,
5f97d3e8-1893-42f6-8d47-c54e7b326c4c,2025-08-09 16:48:18 UTC,False,14449,CFOP,Gan 12 UI Maglev,RandomForest,64354,14449,,,gan12,custom_rules,,,,8,0,0,14449,61,61,66,4.22,7065,7384,677,0,677,677,4,4,5,5.91,1604,910,694,2281,7,7,8,10.09,2360,1627,733,4641,9,9,10,12.28,1572,500,1072,6213,7,7,8,6.53,2071,1877,194,8284,5,5,5,25.77,1903,959,944,10187,6,6,6,6.36,4262,1192,3070,14449,23,23,24,7.49,,,,,,,,,,,,,,,,,,,,,,,,,
e051c126-75a8-4182-9e4d-bac9a78ff81e,2025-08-09 16:49:03 UTC,False,19711,CFOP,Gan 12 UI Maglev,RandomForest,14988,19711,,,gan12,custom_rules,,,,8,0,0,19711,72,73,78,3.65,6576,13135,3465,0,3465,3465,6,6,7,1.73,2537,531,2006,6002,9,9,9,4.49,3949,1080,2869,9951,11,11,11,3.83,1599,665,934,11550,8,8,9,8.57,2675,1249,1426,14225,11,11,11,7.71,2314,1394,920,16539,11,12,13,11.96,3172,1657,1515,19711,16,16,18,10.56,,,,,,,,,,,,,,,,,,,,,,,,,
fc6584ba-01ff-4a82-9db7-744147dc48ad,2025-08-09 16:49:44 UTC,False,16059,CFOP,Gan 12 UI Maglev,RandomForest,15037,16059,,,gan12,custom_rules,,,,8,0,0,16059,57,57,69,3.55,6009,10050,4898,0,4898,4898,15,15,19,3.06,0,0,0,4898,0,0,0,0.0,3584,1933,1651,8482,10,10,11,6.06,1225,701,524,9707,6,6,7,11.45,677,540,137,10384,4,4,4,29.2,2351,877,1474,12735,12,12,14,8.14,3324,1958,1366,16059,10,10,14,7.32,,,,,,,,,,,,,,,,,,,,,,,,,
aa675490-8740-45f5-8776-de385a425107,2025-08-09 16:50:31 UTC,False,25258,CFOP,Gan 12 UI Maglev,RandomForest,8986,25258,,,gan12,custom_rules,,,,8,0,0,25258,90,91,102,3.56,8291,16967,1177,0,1177,1177,5,5,6,4.25,3730,1764,1966,4907,12,12,13,6.1,6656,1259,5397,11563,18,18,21,3.34,4729,1837,2892,16292,13,13,14,4.5,2618,1345,1273,18910,12,12,13,9.43,1845,717,1128,20755,12,12,13,10.64,4503,1369,3134,25258,18,19,22,5.74,,,,,,,,,,,,,,,,,,,,,,,,,
3eca1774-bbf4-427e-adc2-7411a86d636d,2025-08-09 16:51:13 UTC,False,18436,CFOP,Gan 12 UI Maglev,RandomForest,7648,18436,,,gan12,custom_rules,,,,8,0,0,18436,75,77,83,4.07,6004,12432,2990,0,2990,2990,12,12,14,4.01,0,0,0,2990,0,0,0,0.0,4892,661,4231,7882,18,18,20,4.25,3801,2119,1682,11683,7,7,7,4.16,1434,653,781,13117,8,8,9,10.24,2676,1395,1281,15793,12,14,15,9.37,2643,1176,1467,18436,18,18,18,12.27,,,,,,,,,,,,,,,,,,,,,,,,,
f4459abb-fa31-4b07-ade2-7a088fe5f4cf,2025-08-09 16:51:55 UTC,False,16663,CFOP,Gan 12 UI Maglev,RandomForest,13631,16663,,,gan12,custom_rules,,,,8,0,0,16663,67,70,77,4.02,7339,9324,798,0,798,798,5,5,5,6.27,2909,725,2184,3707,7,7,8,3.21,2048,604,1444,5755,11,11,11,7.62,2321,1193,1128,8076,8,8,9,7.09,2039,1507,532,10115,8,8,8,15.04,2432,1247,1185,12547,12,14,15,10.13,4116,2063,2053,16663,16,17,21,7.79,,,,,,,,,,,,,,,,,,,,,,,,,
f2350081-277c-43f5-834d-f429f3c185a6,2025-08-09 16:52:37 UTC,False,23370,CFOP,Gan 12 UI Maglev,RandomForest,9406,23370,,,gan12,custom_rules,,,,8,0,0,23370,86,87,96,3.68,9004,14366,2821,0,2821,2821,7,7,10,2.48,4024,3315,709,6845,10,10,10,14.1,4205,339,3866,11050,13,13,14,3.36,1998,1120,878,13048,10,10,12,11.39,2372,1362,1010,15420,12,12,13,11.88,2498,1499,999,17918,11,12,12,11.01,5452,1369,4083,23370,24,24,25,5.88,,,,,,,,,,,,,,,,,,,,,,,,,
c1a61dc2-fdb1-4446-a330-18671193e604,2025-08-09 16:53:23 UTC,False,28232,CFOP,Gan 12 UI Maglev,RandomForest,8021,28232,,,gan12,custom_rules,,,,8,0,0,28232,71,71,77,2.51,10829,17403,7633,0,7633,7633,11,11,14,1.44,5918,3384,2534,13551,10,10,10,3.95,2521,1764,757,16072,5,5,5,6.61,3940,1523,2417,20012,10,10,11,4.14,2651,1837,814,22663,9,9,10,11.06,2112,1008,1104,24775,10,10,10,9.06,3457,1313,2144,28232,16,16,17,7.46,,,,,,,,,,,,,,,,,,,,,,,,,
bcce781a-798f-4fc9-8123-9a55ff472c9e,2025-08-09 16:54:08 UTC,False,26781,CFOP,Gan 12 UI Maglev,RandomForest,7714,26781,,,gan12,custom_rules,,,,8,0,0,26781,83,83,92,3.1,9380,17401,8707,0,8707,8707,22,22,26,2.53,1282,1072,210,9989,3,3,3,14.29,3917,2813,1104,13906,8,8,9,7.25,3938,1474,2464,17844,8,8,8,3.25,2055,1056,999,19899,8,8,8,8.01,3837,2079,1758,23736,15,15,17,8.53,3045,886,2159,26781,19,19,21,8.8,,,,,,,,,,,,,,,,,,,,,,,,,
c693a7c8-b15b-4d3a-8187-407d360339eb,2025-08-10 10:02:18 UTC,False,18544,CFOP,Gan 12 UI Maglev,RandomForest,40639,18544,,,gan12,custom_rules,,,,8,0,0,18544,73,81,98,3.94,6117,12427,1925,0,1925,1925,7,7,8,3.64,1312,458,854,3237,7,7,9,8.2,3212,1562,1650,6449,10,10,14,6.06,3908,459,3449,10357,17,18,18,4.93,1530,596,934,11887,8,8,11,8.57,2923,1281,1642,14810,12,14,15,7.31,3734,1761,1973,18544,13,18,23,6.59,,,,,,,,,,,,,,,,,,,,,,,,,
71f4bcde-7baf-467d-85eb-cfec0a90e486,2025-08-10 10:03:15 UTC,False,26482,CFOP,Gan 12 UI Maglev,RandomForest,15936,26482,,,gan12,custom_rules,,,,8,0,0,26482,76,77,80,2.87,13298,13184,2087,0,2087,2087,7,7,7,3.35,7046,4372,2674,9133,14,14,15,5.24,2213,1391,822,11346,8,8,9,9.73,5298,2957,2341,16644,10,10,11,4.27,3199,2281,918,19843,8,8,8,8.71,2748,1193,1555,22591,10,11,11,6.43,3891,1104,2787,26482,19,19,19,6.82,,,,,,,,,,,,,,,,,,,,,,,,,
69f1df34-a548-47f2-858b-3f791ff87629,2025-08-10 12:03:30 UTC,False,17450,CFOP,Gan 12 UI Maglev,RandomForest,22372,17450,,,gan12,custom_rules,,,,8,0,0,17450,54,56,65,3.09,9370,7975,2070,0,2070,2175,5,5,8,2.42,3388,2215,1173,5563,8,8,8,6.82,1904,1264,640,7467,7,7,8,10.94,3620,2630,990,11087,7,7,8,7.07,934,789,145,12021,4,4,4,27.59,2119,1120,999,14140,8,8,10,8.01,3310,1352,1958,17450,15,17,19,7.66,,,,,,,,,,,,,,,,,,,,,,,,,
e0f6fb98-83c9-4733-9b4e-b023e7136271,2025-08-10 12:04:06 UTC,False,20944,CFOP,Gan 12 UI Maglev,RandomForest,5972,20944,,,gan12,custom_rules,,,,8,0,0,20944,68,69,79,3.25,10392,10552,1773,0,1773,1773,6,6,8,3.38,3401,1402,1999,5174,8,8,10,4.0,2836,797,2039,8010,9,9,11,4.41,2523,1788,735,10533,8,8,9,10.88,2191,1377,814,12724,9,9,9,11.06,2979,1950,1029,15703,11,11,11,10.69,5241,3078,2163,20944,17,18,21,7.86,,,,,,,,,,,,,,,,,,,,,,,,,
4c83adab-1b5f-4c79-bc15-cf1c7334228f,2025-08-10 12:04:48 UTC,False,18060,CFOP,Gan 12 UI Maglev,RandomForest,10984,18060,,,gan12,custom_rules,,,,8,0,0,18060,65,67,78,3.6,7756,10304,2965,0,2965,2965,6,6,9,2.02,1692,910,782,4657,6,7,7,7.67,3859,1805,2054,8516,13,13,16,6.33,3130,1809,1321,11646,8,8,9,6.06,2014,895,1119,13660,11,11,11,9.83,1806,1209,597,15466,8,8,10,13.4,2594,1128,1466,18060,13,14,16,8.87,,,,,,,,,,,,,,,,,,,,,,,,,
40bd90ec-b07d-4abd-ae08-d4e0721f1df3,2025-08-10 12:05:22 UTC,False,16868,CFOP,Gan 12 UI Maglev,RandomForest,4839,16868,,,gan12,custom_rules,,,,8,0,0,16868,74,75,82,4.39,5994,10874,2143,0,2143,2143,9,9,9,4.2,2401,1716,685,4544,8,8,9,11.68,2394,225,2169,6938,11,11,12,5.07,1910,653,1257,8848,8,8,9,6.36,2278,1378,900,11126,8,8,9,8.89,2297,975,1322,13423,10,11,11,7.56,3445,1047,2398,16868,21,21,23,8.76,,,,,,,,,,,,,,,,,,,,,,,,,
64ed64b3-b8c9-470b-84e3-956e23eeacd7,2025-08-10 12:06:00 UTC,False,18818,CFOP,Gan 12 UI Maglev,RandomForest,6766,18818,,,gan12,custom_rules,,,,8,0,0,18818,67,73,84,3.56,9133,9685,2708,0,2708,2708,7,8,10,2.58,5213,4189,1024,7921,9,10,10,8.79,2280,806,1474,10201,11,11,12,7.46,1595,911,684,11796,8,8,9,11.7,2369,1434,935,14165,11,11,12,11.76,1628,612,1016,15793,12,12,13,11.81,3025,1181,1844,18818,9,13,18,4.88,,,,,,,,,,,,,,,,,,,,,,,,,
e2545770-97f8-47c2-9560-2b11afde77c0,2025-08-10 12:06:56 UTC,False,19563,CFOP,Gan 12 UI Maglev,RandomForest,22729,19563,,,gan12,custom_rules,,,,8,0,0,19563,64,65,71,3.27,9523,10040,894,0,894,894,5,5,6,5.59,1741,573,1168,2635,8,8,8,6.85,1999,1015,984,4634,7,7,7,7.11,4009,2840,1169,8643,8,8,10,6.84,2361,1305,1056,11004,9,9,9,8.52,4024,2356,1668,15028,10,10,10,6.0,4535,1434,3101,19563,17,18,21,5.48,,,,,,,,,,,,,,,,,,,,,,,,,
609be271-3c69-4dd2-a711-8f6bdf5ffd00,2025-08-10 12:07:43 UTC,False,29913,CFOP,Gan 12 UI Maglev,RandomForest,5854,29913,,,gan12,custom_rules,,,,8,0,0,29913,111,116,134,3.71,7231,22682,1354,0,1354,1354,6,6,7,4.43,2385,1345,1040,3739,7,7,8,6.73,1615,1047,568,5354,5,5,6,8.8,2619,839,1780,7973,12,12,13,6.74,1894,1096,798,9867,8,8,10,10.03,1591,898,693,11458,7,7,7,10.1,18455,2006,16449,29913,66,71,83,4.01,,,,,,,,,,,,,,,,,,,,,,,,,
68c09c92-d697-4a17-83fd-7820a52f8327,2025-08-10 12:08:33 UTC,False,18667,CFOP,Gan 12 UI Maglev,RandomForest,20675,18667,,,gan12,custom_rules,,,,8,0,0,18667,76,77,91,4.07,6606,12061,3271,0,3271,3271,12,12,16,3.67,0,0,0,3271,0,0,0,0.0,2681,1232,1449,5952,9,9,11,6.21,4730,1627,3103,10682,16,16,18,5.16,1950,1289,661,12632,8,8,8,12.1,2635,959,1676,15267,13,13,16,7.76,3400,1499,1901,18667,18,19,22,9.47,,,,,,,,,,,,,,,,,,,,,,,,,
694aa588-2455-4233-b924-774d5ae5a23f,2025-08-10 12:09:13 UTC,False,20252,CFOP,Gan 12 UI Maglev,RandomForest,7124,20252,,,gan12,custom_rules,,,,8,0,0,20252,60,61,76,2.96,8636,11616,1289,0,1289,1289,5,5,7,3.88,5308,468,4840,6597,13,14,15,2.69,2538,1692,846,9135,6,6,7,7.09,2908,1715,1193,12043,9,9,11,7.54,2666,1941,725,14709,7,7,7,9.66,2030,709,1321,16739,9,9,14,6.81,3513,2111,1402,20252,11,11,15,7.85,,,,,,,,,,,,,,,,,,,,,,,,,
068656a0-7863-464a-be88-b1abc0b22d15,2025-08-10 12:09:47 UTC,False,16575,CFOP,Gan 12 UI Maglev,RandomForest,6206,16575,,,gan12,custom_rules,,,,8,0,0,16575,58,59,70,3.5,7500,9075,2215,0,2215,2215,7,7,9,3.16,2845,2135,710,5060,8,8,10,11.27,3182,821,2361,8242,11,11,13,4.66,1781,975,806,10023,8,8,9,9.93,3126,2014,1112,13149,8,8,9,7.19,0,0,0,13149,0,0,0,0.0,3426,1555,1871,16575,16,17,20,8.55,,,,,,,,,,,,,,,,,,,,,,,,,
cf8bd726-bc46-4fcf-ace1-86e0d3985944,2025-08-10 12:10:28 UTC,False,21212,CFOP,Gan 12 UI Maglev,RandomForest,8516,21212,,,gan12,custom_rules,,,,8,0,0,21212,69,70,76,3.25,8034,13178,5728,0,5728,5728,10,10,11,1.75,2585,1361,1224,8313,8,8,9,6.54,1741,637,1104,10054,7,7,7,6.34,3005,2240,765,13059,8,8,8,10.46,2640,1628,1012,15699,8,8,8,7.91,2449,1096,1353,18148,11,11,11,8.13,3064,1072,1992,21212,17,18,22,8.53,,,,,,,,,,,,,,,,,,,,,,,,,
17f07454-b16e-43c4-ad39-2e45fac39871,2025-08-10 12:11:15 UTC,False,16701,CFOP,Gan 12 UI Maglev,RandomForest,21168,16701,,,gan12,custom_rules,,,,8,0,0,16701,81,81,92,4.85,6381,10320,1128,0,1128,1128,4,4,6,3.55,1877,1265,612,3005,8,8,10,13.07,3573,1080,2493,6578,16,16,16,6.42,3045,652,2393,9623,11,11,14,4.6,1765,1088,677,11388,8,8,8,11.82,2385,1265,1120,13773,14,14,17,12.5,2928,1031,1897,16701,20,20,21,10.54,,,,,,,,,,,,,,,,,,,,,,,,,
ec8f9f25-5fca-4b33-adf0-a3ba18d078ef,2025-08-10 12:11:56 UTC,False,23822,CFOP,Gan 12 UI Maglev,RandomForest,6048,23822,,,gan12,custom_rules,,,,8,0,0,23822,66,71,82,2.77,7887,15935,9808,0,9808,9808,17,17,19,1.73,1442,1208,234,11250,3,3,3,12.82,2554,1837,717,13804,8,8,8,11.16,1451,814,637,15255,8,8,9,12.56,2613,717,1896,17868,11,11,11,5.8,2950,2168,782,20818,9,9,10,11.51,3004,1143,1861,23822,10,15,22,5.37,,,,,,,,,,,,,,,,,,,,,,,,,
2ea394f5-5e3a-4cb1-b83f-be1973c705fd,2025-08-10 12:12:43 UTC,False,20210,CFOP,Gan 12 UI Maglev,RandomForest,16782,20210,,,gan12,custom_rules,,,,8,0,0,20210,68,72,83,3.36,9083,11127,3892,0,3892,3892,8,8,12,2.06,3167,2063,1104,7059,8,8,10,7.25,2740,2184,556,9799,5,5,6,8.99,2824,1398,1426,12623,12,12,13,8.42,1982,1289,693,14605,8,8,8,11.54,2257,855,1402,16862,11,13,13,7.85,3348,1294,2054,20210,16,18,21,7.79,,,,,,,,,,,,,,,,,,,,,,,,,
1f7842c6-25c0-4c09-bb1c-570c11a70a9b,2025-08-10 12:13:13 UTC,False,15421,CFOP,Gan 12 UI Maglev,RandomForest,6209,15421,,,gan12,custom_rules,,,,8,0,0,15421,70,71,75,4.54,8074,7347,806,0,806,806,5,5,6,6.2,2949,1941,1008,3755,7,8,8,6.94,1907,813,1094,5662,8,8,8,7.31,2578,1829,749,8240,12,12,14,16.02,2071,1378,693,10311,10,10,10,14.43,2307,961,1346,12618,9,9,9,6.69,2803,1152,1651,15421,19,19,20,11.51,,,,,,,,,,,,,,,,,,,,,,,,,
eecf849e-1234-4e71-8874-f60b913db266,2025-08-10 12:13:47 UTC,False,15158,CFOP,Gan 12 UI Maglev,RandomForest,9893,15158,,,gan12,custom_rules,,,,8,0,0,15158,66,67,78,4.35,4657,10501,2312,0,2312,2312,5,5,6,2.16,3253,427,2826,5565,11,11,13,3.89,1531,573,958,7096,8,8,8,8.35,2119,1297,822,9215,8,8,11,9.73,1537,644,893,10752,11,11,12,12.32,2039,629,1410,12791,9,9,10,6.38,2367,1087,1280,15158,15,16,18,11.72,,,,,,,,,,,,,,,,,,,,,,,,,
23b3145e-78f4-463a-aae7-7f2a30eebfbe,2025-08-10 12:14:22 UTC,False,18652,CFOP,Gan 12 UI Maglev,RandomForest,5186,18652,,,gan12,custom_rules,,,,8,0,0,18652,66,68,79,3.54,8943,9709,2360,0,2360,2360,9,9,11,3.81,2766,491,2275,5126,10,10,10,4.4,2224,1958,266,7350,5,5,7,18.8,3330,2610,720,10680,7,7,8,9.72,2772,1571,1201,13452,8,8,11,6.66,1873,782,1091,15325,10,11,11,9.17,3327,1531,1796,18652,17,18,21,9.47,,,,,,,,,,,,,,,,,,,,,,,,,
e3fb58ed-1a12-42f4-a74d-912610d7c228,2025-08-10 12:14:59 UTC,False,17624,CFOP,Gan 12 UI Maglev,RandomForest,6037,17624,,,gan12,custom_rules,,,,8,0,0,17624,62,66,82,3.52,7343,10281,3191,0,3191,3191,8,8,11,2.51,2196,910,1286,5387,8,8,9,6.22,3231,2659,572,8618,7,7,9,12.24,3116,983,2133,11734,11,11,14,5.16,1926,1064,862,13660,8,8,8,9.28,1716,733,983,15376,12,12,13,12.21,2248,994,1254,17624,8,12,18,6.38,,,,,,,,,,,,,,,,,,,,,,,,,
257f3380-3292-459d-a209-5e893543b33d,2025-08-10 12:15:34 UTC,False,16426,CFOP,Gan 12 UI Maglev,RandomForest,8707,16426,,,gan12,custom_rules,,,,8,0,0,16426,72,74,84,4.38,5400,11026,1636,0,1636,1636,6,6,7,3.67,2345,1144,1201,3981,9,10,11,7.49,2373,411,1962,6354,12,12,14,6.12,1032,315,717,7386,8,8,8,11.16,1772,983,789,9158,8,8,9,10.14,3108,782,2326,12266,13,13,14,5.59,4160,1765,2395,16426,16,17,21,6.68,,,,,,,,,,,,,,,,,,,,,,,,,
cc47569c-c74e-4ba3-87c6-69b088215187,2025-08-10 12:16:17 UTC,False,17163,CFOP,Gan 12 UI Maglev,RandomForest,10409,17163,,,gan12,custom_rules,,,,8,0,0,17163,69,69,75,4.02,8140,9023,1749,0,1749,1749,7,7,9,4.0,2288,1023,1265,4037,8,8,9,6.32,3062,2015,1047,7099,8,8,8,7.64,2513,1297,1216,9612,8,8,8,6.58,1734,1372,362,11346,5,5,6,13.81,2111,1152,959,13457,12,12,13,12.51,3706,1281,2425,17163,21,21,22,8.66,,,,,,,,,,,,,,,,,,,,,,,,,
a2567ca9-f81a-4290-b178-0bde3836fb36,2025-08-10 12:17:02 UTC,False,14849,CFOP,Gan 12 UI Maglev,RandomForest,19188,14849,,,gan12,custom_rules,,,,8,0,0,14849,59,61,66,3.97,6930,7919,2417,0,2417,2417,9,9,9,3.72,1902,1249,653,4319,5,6,6,7.66,2096,1846,250,6415,5,5,7,20.0,2489,1361,1128,8904,9,10,11,7.98,1352,629,723,10256,7,7,8,9.68,1410,725,685,11666,7,7,7,10.22,3183,1120,2063,14849,17,17,18,8.24,,,,,,,,,,,,,,,,,,,,,,,,,
b3a5a476-c3a3-4a46-8067-1c8468b2be74,2025-08-10 12:17:36 UTC,False,17405,CFOP,Gan 12 UI Maglev,RandomForest,6204,17405,,,gan12,custom_rules,,,,8,0,0,17405,69,73,86,3.96,5582,11823,1443,0,1443,1443,5,5,6,3.47,4332,2103,2229,5775,12,12,14,5.38,2289,194,2095,8064,11,11,13,5.25,4009,830,3179,12073,17,17,18,5.35,1185,766,419,13258,7,7,7,16.71,2079,741,1338,15337,10,10,10,7.47,2068,948,1120,17405,9,13,18,8.04,,,,,,,,,,,,,,,,,,,,,,,,,
661a6b79-36d1-4e01-85cd-f7ed09fbddbb,2025-08-10 12:18:10 UTC,False,15150,CFOP,Gan 12 UI Maglev,RandomForest,6049,15150,,,gan12,custom_rules,,,,8,0,0,15150,67,69,80,4.42,6527,8623,838,0,838,838,5,5,6,5.97,2369,959,1410,3207,9,10,10,6.38,1306,653,653,4513,6,6,8,9.19,2653,1138,1515,7166,9,9,10,5.94,2200,1330,870,9366,8,8,8,9.2,2182,1102,1080,11548,11,11,15,10.19,3602,1345,2257,15150,19,20,23,8.42,,,,,,,,,,,,,,,,,,,,,,,,,
178b3b24-acd0-40b7-ae64-6a87a2ccdaf1,2025-08-10 12:18:47 UTC,False,16279,CFOP,Gan 12 UI Maglev,RandomForest,9647,16279,,,gan12,custom_rules,,,,8,0,0,16279,69,72,78,4.24,7614,8665,1821,0,1821,1821,8,8,8,4.39,1652,613,1039,3473,9,9,10,8.66,1023,363,660,4496,6,7,7,9.09,1882,1077,805,6378,7,7,8,8.7,3215,2119,1096,9593,13,13,13,11.86,1822,1178,644,11415,8,8,9,12.42,4864,2264,2600,16279,18,20,23,6.92,,,,,,,,,,,,,,,,,,,,,,,,,
b04f4c00-d48d-4201-8a2c-420fb5e1caa4,2025-08-10 12:19:21 UTC,False,16197,CFOP,Gan 12 UI Maglev,RandomForest,9085,16197,,,gan12,custom_rules,,,,8,0,0,16197,56,59,71,3.46,4054,12143,9025,0,9025,9025,28,31,41,3.1,0,0,0,9025,0,0,0,0.0,0,0,0,9025,0,0,0,0.0,0,0,0,9025,0,0,0,0.0,2162,1477,685,11187,7,7,7,10.22,1547,894,653,12734,8,8,8,12.25,3463,1683,1780,16197,13,13,15,7.3,,,,,,,,,,,,,,,,,,,,,,,,,
fa934131-b6d2-427b-b95e-b9e927886459,2025-08-10 12:20:00 UTC,False,19734,CFOP,Gan 12 UI Maglev,RandomForest,5556,19734,,,gan12,custom_rules,,,,8,0,0,19734,73,74,81,3.7,7416,12318,1788,0,1788,1788,6,6,8,3.36,2651,1063,1588,4439,7,7,8,4.41,3408,2457,951,7847,9,9,10,9.46,2328,1232,1096,10175,7,7,7,6.39,1593,554,1039,11768,8,8,9,7.7,1628,878,750,13396,8,8,8,10.67,6338,1232,5106,19734,28,29,31,5.48,,,,,,,,,,,,,,,,,,,,,,,,,
b0b90c81-58e7-4019-9275-e5e830695799,2025-08-10 12:20:42 UTC,False,19396,CFOP,Gan 12 UI Maglev,RandomForest,11763,19396,,,gan12,custom_rules,,,,8,0,0,19396,80,81,88,4.12,7806,11590,1691,0,1691,1691,6,6,7,3.55,3063,1507,1556,4754,9,9,9,5.78,1965,845,1120,6719,12,12,14,10.71,2040,774,1266,8759,13,13,14,10.27,4662,2671,1991,13421,11,12,13,5.52,1934,926,1008,15355,12,12,13,11.9,4041,1083,2958,19396,17,17,18,5.75,,,,,,,,,,,,,,,,,,,,,,,,,
9ae0a154-2998-4714-baca-217bb2d11332,2025-08-10 12:21:23 UTC,False,12551,CFOP,Gan 12 UI Maglev,RandomForest,18403,12551,,,gan12,custom_rules,,,,8,0,0,12551,60,61,69,4.78,4270,8281,2506,0,2506,2506,12,12,12,4.79,0,0,0,2506,0,0,0,0.0,1370,524,846,3876,7,7,8,8.27,2398,846,1552,6274,13,14,14,8.38,1628,814,814,7902,8,8,9,9.83,1724,531,1193,9626,11,11,12,9.22,2925,1555,1370,12551,11,11,14,8.03,,,,,,,,,,,,,,,,,,,,,,,,,
374ddf10-b075-44b5-a0b8-690d826c33ad,2025-08-10 12:46:11 UTC,False,19524,CFOP,Gan 12 UI Maglev,RandomForest,8707,19524,,,gan12,custom_rules,,,,8,0,0,19524,72,76,80,3.69,7560,11964,2973,0,2973,2973,13,13,13,4.37,1699,741,958,4672,7,7,8,7.31,2483,1372,1111,7155,8,9,9,7.2,2352,637,1715,9507,11,11,12,6.41,2098,999,1099,11605,7,7,7,6.37,3576,1820,1756,15181,11,12,12,6.26,4343,1991,2352,19524,15,17,19,6.38,,,,,,,,,,,,,,,,,,,,,,,,,
5307bf5f-eacb-40be-bef7-8c446a27daaa,2025-08-10 12:47:07 UTC,False,16787,CFOP,Gan 12 UI Maglev,RandomForest,28277,16787,,,gan12,custom_rules,,,,8,0,0,16787,63,68,80,3.75,6984,9803,1346,0,1346,1346,5,5,5,3.71,3287,991,2296,4633,9,9,9,3.92,2129,896,1233,6762,12,12,13,9.73,3288,1289,1999,10050,13,13,14,6.5,1342,1125,217,11392,4,4,4,18.43,1684,967,717,13076,9,9,9,12.55,3711,1716,1995,16787,11,16,26,5.51,,,,,,,,,,,,,,,,,,,,,,,,,
d08ee386-e2e6-46e1-8472-9266e0962993,2025-08-10 12:47:54 UTC,False,21744,CFOP,Gan 12 UI Maglev,RandomForest,11366,21744,,,gan12,custom_rules,,,,8,0,0,21744,63,64,69,2.9,10440,11304,1426,0,1426,1426,5,5,6,3.51,7015,3969,3046,8441,11,11,11,3.61,1968,491,1477,10409,6,6,7,4.06,2667,1265,1402,13076,8,8,9,5.71,2716,1967,749,15792,7,7,7,9.35,2989,1426,1563,18781,11,12,12,7.04,2963,1322,1641,21744,15,15,17,9.14,,,,,,,,,,,,,,,,,,,,,,,,,
ebead63c-2860-4714-9440-3ab5949534b2,2025-08-10 12:48:36 UTC,False,17824,CFOP,Gan 12 UI Maglev,RandomForest,9544,17824,,,gan12,custom_rules,,,,8,0,0,17824,69,69,77,3.87,6379,11381,2296,0,2296,2360,7,7,9,3.05,1628,661,967,3988,8,8,9,8.27,4807,2793,2014,8795,8,8,8,3.97,2569,935,1634,11364,10,10,12,6.12,0,0,0,11364,0,0,0,0.0,3054,669,2385,14418,18,18,19,7.55,3406,1321,2085,17824,18,18,20,8.63,,,,,,,,,,,,,,,,,,,,,,,,,
79c6185a-e8af-4120-b844-fa41b937421d,2025-08-10 12:49:07 UTC,False,14110,CFOP,Gan 12 UI Maglev,RandomForest,4362,14110,,,gan12,custom_rules,,,,8,0,0,14110,67,67,73,4.75,6611,7499,1555,0,1555,1555,10,10,10,6.43,1627,846,781,3182,8,8,10,10.24,3075,2543,532,6257,8,8,9,15.04,1313,782,531,7570,6,6,7,11.3,1483,419,1064,9053,7,7,7,6.58,2125,829,1296,11178,13,13,13,10.03,2932,1192,1740,14110,16,16,17,9.2,,,,,,,,,,,,,,,,,,,,,,,,,
bf8e5fae-12e8-42c5-badb-a958b24cdcd4,2025-08-10 12:49:50 UTC,False,16477,CFOP,Gan 12 UI Maglev,RandomForest,16504,16477,,,gan12,custom_rules,,,,8,0,0,16477,68,69,79,4.13,6698,9698,1490,0,1490,1571,6,6,8,4.03,2948,628,2320,4519,9,9,9,3.88,2907,1643,1264,7426,9,9,11,7.12,1015,306,709,8441,7,7,8,9.87,2272,1740,532,10713,8,8,9,15.04,2430,1238,1192,13143,12,12,13,10.07,3334,1143,2191,16477,17,18,21,7.76,,,,,,,,,,,,,,,,,,,,,,,,,
f5c0679a-d6c8-4c98-b8b6-43867e0a4586,2025-08-10 12:50:20 UTC,False,14531,CFOP,Gan 12 UI Maglev,RandomForest,6536,14531,,,gan12,custom_rules,,,,8,0,0,14531,68,69,74,4.68,6376,8155,757,0,757,757,4,4,5,5.28,1813,677,1136,2570,9,10,11,7.92,1878,798,1080,4448,7,7,7,6.48,2339,1388,951,6787,9,9,9,9.46,2345,1716,629,9132,9,9,11,14.31,2458,967,1491,11590,13,13,13,8.72,2941,830,2111,14531,17,17,18,8.05,,,,,,,,,,,,,,,,,,,,,,,,,
95b9a74a-ebd3-44ff-8833-3dc6fc9b0c39,2025-08-10 12:51:20 UTC,False,19627,CFOP,Gan 12 UI Maglev,RandomForest,15459,19627,,,gan12,custom_rules,,,,8,0,0,19627,74,75,87,3.77,8402,11225,1555,0,1555,1555,6,6,10,3.86,3408,2417,991,4963,9,10,10,9.08,2955,2077,878,7918,8,8,10,9.11,4312,1611,2701,12230,15,15,16,5.55,1184,354,830,13414,7,7,9,8.43,2482,1217,1265,15896,14,14,16,11.07,3731,726,3005,19627,15,15,16,4.99,,,,,,,,,,,,,,,,,,,,,,,,,
33451391-d126-4485-8800-fd3f6f442167,2025-08-10 12:52:17 UTC,False,26019,CFOP,Gan 12 UI Maglev,RandomForest,11821,26019,,,gan12,custom_rules,,,,8,0,0,26019,85,92,103,3.27,8507,17512,2990,0,2990,2990,8,9,10,2.68,3260,2898,362,6250,5,5,7,13.81,2587,1322,1265,8837,8,9,10,6.32,1996,1071,925,10833,7,7,8,7.57,2272,653,1619,13105,7,7,7,4.32,10388,1209,9179,23493,42,43,44,4.58,2526,1354,1172,26019,8,12,17,6.83,,,,,,,,,,,,,,,,,,,,,,,,,
7359cb85-ecab-4631-bb41-eccde5e41789,2025-08-10 12:52:51 UTC,False,16139,CFOP,Gan 12 UI Maglev,RandomForest,8892,16139,,,gan12,custom_rules,,,,8,0,0,16139,63,70,83,3.9,6213,9926,1160,0,1160,1160,5,5,6,4.31,2215,773,1442,3375,10,10,10,6.93,1145,137,1008,4520,7,7,7,6.94,3053,1256,1797,7573,7,7,8,3.9,2280,1039,1241,9853,14,14,15,11.28,2982,1572,1410,12835,11,13,14,7.8,3304,1436,1868,16139,10,15,23,5.35,,,,,,,,,,,,,,,,,,,,,,,,,
7e84b8dd-88ba-4bb6-9940-056513f964ac,2025-08-10 12:53:24 UTC,False,14962,CFOP,Gan 12 UI Maglev,RandomForest,7178,14962,,,gan12,custom_rules,,,,8,0,0,14962,67,67,70,4.48,5534,9428,1830,0,1830,1830,7,7,7,3.83,790,137,653,2620,3,3,3,4.59,1974,1192,782,4594,8,8,9,10.23,2933,1031,1902,7527,10,10,10,5.26,1620,1048,572,9147,8,8,8,13.99,2415,797,1618,11562,12,12,13,7.42,3400,1329,2071,14962,19,19,20,9.17,,,,,,,,,,,,,,,,,,,,,,,,,
93657c31-89fb-4ce9-aec6-d31bfe0bbb48,2025-08-10 12:53:57 UTC,False,16279,CFOP,Gan 12 UI Maglev,RandomForest,7025,16279,,,gan12,custom_rules,,,,8,0,0,16279,71,73,82,4.36,4907,11372,1676,0,1676,1676,7,7,8,4.18,0,0,0,1676,0,0,0,0.0,2964,966,1998,4640,12,13,13,6.01,1412,485,927,6052,8,8,10,8.63,1627,991,636,7679,8,8,9,12.58,3560,991,2569,11239,16,16,17,6.23,5040,1474,3566,16279,20,21,25,5.61,,,,,,,,,,,,,,,,,,,,,,,,,
f0366621-2b41-4815-b177-531ee22bb366,2025-08-10 12:54:35 UTC,False,13841,CFOP,Gan 12 UI Maglev,RandomForest,7941,13841,,,gan12,custom_rules,,,,8,0,0,13841,65,66,70,4.7,5457,8384,1378,0,1378,1378,7,7,7,5.08,1401,443,958,2779,7,7,8,7.31,1684,871,813,4463,8,8,9,9.84,1768,1494,274,6231,5,5,5,18.25,1353,733,620,7584,8,8,8,12.9,1410,653,757,8994,9,9,9,11.89,4847,1263,3584,13841,21,22,24,5.86,,,,,,,,,,,,,,,,,,,,,,,,,
99f40488-420b-44cb-b327-310299f0aee0,2025-08-10 12:55:14 UTC,False,18524,CFOP,Gan 12 UI Maglev,RandomForest,10844,18524,,,gan12,custom_rules,,,,8,0,0,18524,80,83,89,4.32,5053,13471,1314,0,1314,1314,8,8,8,6.09,4108,193,3915,5422,12,12,14,3.07,1829,621,1208,7251,9,10,10,7.45,2514,1490,1024,9765,8,8,8,7.81,2416,950,1466,12181,15,15,16,10.23,2296,838,1458,14477,12,14,14,8.23,4047,961,3086,18524,17,17,19,5.51,,,,,,,,,,,,,,,,,,,,,,,,,
a8b922b8-3692-46dc-b9e0-30bbb0ec4e6c,2025-08-10 12:55:53 UTC,False,22221,CFOP,Gan 12 UI Maglev,RandomForest,7685,22221,,,gan12,custom_rules,,,,8,0,0,22221,62,62,72,2.79,9207,13014,2950,0,2950,2950,5,5,7,1.69,2428,1418,1010,5378,6,6,7,5.94,3828,1354,2474,9206,7,7,7,2.83,1750,500,1250,10956,8,8,9,6.4,5048,3304,1744,16004,10,10,13,5.73,3360,822,2538,19364,16,16,16,6.3,2857,1809,1048,22221,10,10,13,9.54,,,,,,,,,,,,,,,,,,,,,,,,,
6521881c-4f2a-48b1-9df7-630ab78fdfcf,2025-08-10 12:56:39 UTC,False,18275,CFOP,Gan 12 UI Maglev,RandomForest,13007,18275,,,gan12,custom_rules,,,,8,0,0,18275,74,74,80,4.05,6763,11512,1990,0,1990,1990,8,8,8,4.02,3263,847,2416,5253,10,10,12,4.14,2925,1829,1096,8178,9,9,11,8.21,3753,1192,2561,11931,10,10,11,3.9,2031,1088,943,13962,7,7,7,7.42,2006,999,1007,15968,13,13,14,12.91,2307,808,1499,18275,17,17,17,11.34,,,,,,,,,,,,,,,,,,,,,,,,,
fb4c459e-b616-49f1-a909-251b0314cd84,2025-08-10 12:57:14 UTC,False,16768,CFOP,Gan 12 UI Maglev,RandomForest,7985,16768,,,gan12,custom_rules,,,,8,0,0,16768,74,76,85,4.41,6426,10342,2521,0,2521,2521,8,8,8,3.17,2786,1378,1408,5307,8,8,9,5.68,2166,652,1514,7473,12,12,14,7.93,1499,733,766,8972,7,7,8,9.14,1464,1230,234,10436,5,5,5,21.37,3174,886,2288,13610,20,20,23,8.74,3158,1547,1611,16768,14,16,18,8.69,,,,,,,,,,,,,,,,,,,,,,,,,
499259cd-5c0e-4e56-8dc2-4b7240b34ee8,2025-08-10 12:57:52 UTC,False,14582,CFOP,Gan 12 UI Maglev,RandomForest,13167,14582,,,gan12,custom_rules,,,,8,0,0,14582,60,61,74,4.11,6066,8516,3399,0,3399,3399,14,14,17,4.12,0,0,0,3399,0,0,0,0.0,2345,1797,548,5744,8,8,8,14.6,2618,1353,1265,8362,9,9,12,7.11,612,451,161,8974,4,4,4,24.84,2151,959,1192,11125,10,10,14,8.39,3457,1506,1951,14582,15,16,19,7.69,,,,,,,,,,,,,,,,,,,,,,,,,
b2272aba-04c5-4cc0-b82c-1093431532ba,2025-08-10 12:58:36 UTC,False,15161,CFOP,Gan 12 UI Maglev,RandomForest,12394,15161,,,gan12,custom_rules,,,,8,0,0,15161,57,59,64,3.76,6648,8513,1079,0,1079,1079,4,5,5,3.71,1813,1402,411,2892,4,4,5,9.73,2190,854,1336,5082,7,7,7,5.24,1974,1314,660,7056,7,7,7,10.61,1587,1104,483,8643,7,7,7,14.49,1402,629,773,10045,9,9,9,11.64,5116,1345,3771,15161,19,20,24,5.04,,,,,,,,,,,,,,,,,,,,,,,,,
14118792-9511-4857-9717-31d98e790295,2025-08-10 12:59:07 UTC,False,13333,CFOP,Gan 12 UI Maglev,RandomForest,7958,13333,,,gan12,custom_rules,,,,8,0,0,13333,57,59,67,4.28,6247,6885,1370,0,1370,1571,4,5,6,2.92,548,419,129,2119,4,4,4,31.01,2409,1587,822,4528,7,7,7,8.52,2099,1028,1071,6627,8,8,9,7.47,1515,894,621,8142,8,8,8,12.88,2315,1055,1260,10457,10,10,14,7.94,2876,1264,1612,13333,16,17,19,9.93,,,,,,,,,,,,,,,,,,,,,,,,,
779f06c8-9717-4d29-8695-1f8312a69e2c,2025-08-10 12:59:40 UTC,False,18163,CFOP,Gan 12 UI Maglev,RandomForest,4409,18163,,,gan12,custom_rules,,,,8,0,0,18163,64,70,79,3.52,7551,10612,2772,0,2772,2772,8,8,9,2.89,2304,1007,1297,5076,8,8,9,6.17,3119,64,3055,8195,10,11,11,3.27,2502,1724,778,10697,8,8,8,10.28,2031,1515,516,12728,8,8,9,15.5,2444,1136,1308,15172,13,14,14,9.94,2991,2105,886,18163,10,14,19,11.29,,,,,,,,,,,,,,,,,,,,,,,,,
e33a020d-4507-4aec-8297-16a439a5d5f2,2025-08-10 13:00:22 UTC,False,18465,CFOP,Gan 12 UI Maglev,RandomForest,13923,18465,,,gan12,custom_rules,,,,8,0,0,18465,65,73,98,3.52,7640,10769,1910,0,1910,1966,6,6,8,3.14,1556,1443,113,3522,4,4,6,35.4,4382,1370,3012,7904,18,18,21,5.98,2406,1692,714,10310,6,7,7,8.4,1483,838,645,11793,5,5,5,7.75,2233,1169,1064,14026,10,10,15,9.4,4439,1128,3311,18465,16,23,36,4.83,,,,,,,,,,,,,,,,,,,,,,,,,
b17969d5-afd9-4b76-b5e4-ee568ccae020,2025-08-10 13:01:03 UTC,False,17799,CFOP,Gan 12 UI Maglev,RandomForest,11436,17799,,,gan12,custom_rules,,,,8,0,0,17799,66,69,83,3.71,605,17194,11209,0,11209,11209,34,34,40,3.03,0,0,0,11209,0,0,0,0.0,1514,266,1248,12723,5,7,7,4.01,5076,339,4737,17799,28,29,36,5.91,0,0,0,17799,0,0,0,0.0,0,0,0,17799,0,0,0,0.0,0,0,0,17799,0,0,0,0.0,,,,,,,,,,,,,,,,,,,,,,,,,
27a78508-7919-49dc-8f4a-0d9ffd846f60,2025-08-10 13:02:07 UTC,False,19980,CFOP,Gan 12 UI Maglev,RandomForest,7391,19980,,,gan12,custom_rules,,,,8,0,0,19980,71,72,81,3.55,9419,10400,2021,0,2021,2182,8,9,9,3.96,4188,3165,1023,6370,9,9,10,8.8,3447,1417,2030,9817,9,9,11,4.43,2573,1293,1280,12390,8,8,9,6.25,2247,1321,926,14637,9,9,10,9.72,2758,999,1759,17395,18,18,19,10.23,2585,1224,1361,19980,10,10,13,7.35,,,,,,,,,,,,,,,,,,,,,,,,,
c734b21d-30bb-46e9-a1dc-842fcb4768ae,2025-08-10 13:02:46 UTC,False,13835,CFOP,Gan 12 UI Maglev,RandomForest,9727,13835,,,gan12,custom_rules,,,,8,0,0,13835,58,61,69,4.19,7476,6270,886,0,886,975,6,6,7,6.77,1361,693,668,2336,6,6,8,8.98,2344,1507,837,4680,9,9,9,10.75,1604,1458,146,6284,4,4,5,27.4,2271,1635,636,8555,7,7,8,11.01,2316,1192,1124,10871,11,13,14,9.79,2964,991,1973,13835,15,16,18,7.6,,,,,,,,,,,,,,,,,,,,,,,,,
115dd323-f9a7-4dac-b761-66857d3671c2,2025-08-10 13:03:49 UTC,False,37388,CFOP,Gan 12 UI Maglev,RandomForest,15648,37388,,,gan12,custom_rules,,,,8,0,0,37388,133,135,154,3.56,4666,32722,2143,0,2143,2143,8,8,9,3.73,0,0,0,2143,0,0,0,0.0,2328,991,1337,4471,8,8,11,5.98,4481,703,3778,8952,10,10,10,2.65,2474,878,1596,11426,8,8,9,5.01,1764,813,951,13190,7,7,8,7.36,24198,1281,22917,37388,92,94,107,4.01,,,,,,,,,,,,,,,,,,,,,,,,,
66836a8a-3e74-4d81-83a5-fd373ef7deb6,2025-08-10 13:04:23 UTC,False,17549,CFOP,Gan 12 UI Maglev,RandomForest,5498,17549,,,gan12,custom_rules,,,,8,0,0,17549,58,59,66,3.31,8958,8591,2627,0,2627,2627,7,7,9,2.66,2637,894,1743,5264,8,8,8,4.59,2144,1241,903,7408,7,7,8,7.75,3021,2417,604,10429,8,8,8,13.25,2345,1789,556,12774,8,8,9,14.39,2167,1112,1055,14941,10,11,11,9.48,2608,1505,1103,17549,10,10,13,9.07,,,,,,,,,,,,,,,,,,,,,,,,,
d309a05e-2ec4-484a-ab94-401c171a9518,2025-08-10 13:04:55 UTC,False,13895,CFOP,Gan 12 UI Maglev,RandomForest,8941,13895,,,gan12,custom_rules,,,,8,0,0,13895,57,62,76,4.1,6528,7303,1281,0,1281,1345,6,6,7,4.68,2320,911,1409,3665,8,8,8,5.68,2134,830,1304,5799,9,9,10,6.9,1338,1201,137,7137,4,4,5,29.2,2240,991,1249,9377,11,11,13,8.81,1455,877,578,10832,8,8,10,13.84,3063,1718,1345,13895,11,16,23,8.18,,,,,,,,,,,,,,,,,,,,,,,,,
be7ec820-a65d-4022-aab1-d4775a6ac29b,2025-08-10 13:05:31 UTC,False,17770,CFOP,Gan 12 UI Maglev,RandomForest,6618,17770,,,gan12,custom_rules,,,,8,0,0,17770,76,77,86,4.28,6587,11183,2546,0,2546,2546,9,9,10,3.53,1844,1063,781,4390,8,8,10,10.24,2190,1005,1185,6580,8,8,8,6.75,2489,1514,975,9069,8,8,10,8.21,2269,1527,742,11338,7,7,7,9.43,3504,330,3174,14842,20,20,21,6.3,2928,1148,1780,17770,16,17,20,8.99,,,,,,,,,,,,,,,,,,,,,,,,,
68905a04-e7be-4e6b-b264-a635d577bc6e,2025-08-10 13:06:05 UTC,False,18449,CFOP,Gan 12 UI Maglev,RandomForest,6562,18449,,,gan12,custom_rules,,,,8,0,0,18449,63,63,73,3.41,7631,10818,2151,0,2151,2151,8,8,9,3.72,4444,1781,2663,6595,9,9,11,3.38,3078,1853,1225,9673,7,7,9,5.71,2072,879,1193,11745,8,8,8,6.71,1893,1224,669,13638,7,7,9,10.46,1354,677,677,14992,7,7,8,10.34,3457,1217,2240,18449,17,17,19,7.59,,,,,,,,,,,,,,,,,,,,,,,,,
4a205ed8-7deb-406a-829e-10e37229b77b,2025-08-10 13:06:42 UTC,False,18098,CFOP,Gan 12 UI Maglev,RandomForest,8928,18098,,,gan12,custom_rules,,,,8,0,0,18098,55,60,69,3.04,8169,9929,3480,0,3480,3480,9,10,10,2.59,2858,2608,250,6338,5,5,7,20.0,2217,879,1338,8555,8,8,9,5.98,2541,1482,1059,11096,7,7,7,6.61,1862,1007,855,12958,8,8,8,9.36,2360,1119,1241,15318,9,9,9,7.25,2780,1074,1706,18098,9,13,19,5.28,,,,,,,,,,,,,,,,,,,,,,,,,
029e9541-2662-4f51-87f8-6658e5de84ca,2025-08-10 13:07:22 UTC,False,12677,CFOP,Gan 12 UI Maglev,RandomForest,17371,12677,,,gan12,custom_rules,,,,8,0,0,12677,57,60,67,4.5,5622,7055,1095,0,1095,1095,5,5,5,4.57,1789,516,1273,2884,8,9,10,6.28,1329,782,547,4213,5,5,6,9.14,1803,1360,443,6016,8,8,8,18.06,1555,847,708,7571,8,8,11,11.3,1636,863,773,9207,7,7,7,9.06,3470,1254,2216,12677,16,18,20,7.22,,,,,,,,,,,,,,,,,,,,,,,,,
5e2e0621-1270-4ddb-b2e6-2a9f928db66c,2025-08-10 13:07:55 UTC,False,16234,CFOP,Gan 12 UI Maglev,RandomForest,7599,16234,,,gan12,custom_rules,,,,8,0,0,16234,67,68,78,4.13,6991,9243,2530,0,2530,2530,7,8,9,2.77,2087,573,1514,4617,11,11,12,7.27,1946,1020,926,6563,8,8,8,8.64,2450,1483,967,9013,8,8,10,8.27,1931,1378,553,10944,9,9,10,16.27,2723,1143,1580,13667,13,13,14,8.23,2567,1394,1173,16234,11,11,15,9.38,,,,,,,,,,,,,,,,,,,,,,,,,
65e80c99-d205-4a3c-9954-5e1fa6a5b945,2025-08-10 13:08:44 UTC,False,18995,CFOP,Gan 12 UI Maglev,RandomForest,15518,18995,,,gan12,custom_rules,,,,8,0,0,18995,65,66,73,3.42,6461,12534,3480,0,3480,3480,11,11,13,3.16,0,0,0,3480,0,0,0,0.0,5084,661,4423,8564,9,9,9,2.03,4083,2512,1571,12647,13,13,14,8.27,999,806,193,13646,4,4,5,20.73,2304,927,1377,15950,13,13,13,9.44,3045,1555,1490,18995,15,16,19,10.07,,,,,,,,,,,,,,,,,,,,,,,,,
90a58870-5207-4e13-a645-d5ddf30c368a,2025-08-10 13:09:26 UTC,False,16683,CFOP,Gan 12 UI Maglev,RandomForest,17735,16683,,,gan12,custom_rules,,,,8,0,0,16683,62,67,78,3.72,3904,12699,7730,0,7730,7810,23,23,27,2.98,0,0,0,7810,0,0,0,0.0,0,0,0,7810,0,0,0,0.0,2103,910,1193,9913,8,8,9,6.71,1917,564,1353,11830,8,8,9,5.91,2771,1370,1401,14601,14,15,15,9.99,2082,1060,1022,16683,9,13,18,8.81,,,,,,,,,,,,,,,,,,,,,,,,,
b3585411-d0d7-430a-9b82-2ec3d569b8fa,2025-08-10 13:10:01 UTC,False,15414,CFOP,Gan 12 UI Maglev,RandomForest,12512,15414,,,gan12,custom_rules,,,,8,0,0,15414,64,64,78,4.15,5969,9405,926,0,926,966,4,4,6,4.32,0,0,0,966,0,0,0,0.0,2836,2119,717,3802,13,13,13,18.13,3461,677,2784,7263,11,11,14,3.95,1982,942,1040,9245,7,7,8,6.73,2173,1039,1134,11418,10,10,15,8.82,3996,1192,2804,15414,19,19,22,6.78,,,,,,,,,,,,,,,,,,,,,,,,,
b9b18bda-cb9a-457c-8420-a5f8640671b9,2025-08-10 13:10:38 UTC,False,18352,CFOP,Gan 12 UI Maglev,RandomForest,8122,18352,,,gan12,custom_rules,,,,8,0,0,18352,79,80,84,4.3,6051,12301,1740,0,1740,1740,8,8,8,4.6,4896,1273,3623,6636,11,11,12,3.04,2280,1257,1023,8916,9,10,11,8.8,2225,1153,1072,11141,7,7,8,6.53,1023,314,709,12164,12,12,12,16.93,2288,918,1370,14452,15,15,16,10.95,3900,1136,2764,18352,17,17,17,6.15,,,,,,,,,,,,,,,,,,,,,,,,,
f2ae6b3e-b80d-4202-9070-0a206a5d712a,2025-08-10 13:11:07 UTC,False,14068,CFOP,Gan 12 UI Maglev,RandomForest,6571,14068,,,gan12,custom_rules,,,,8,0,0,14068,58,58,63,4.12,7205,6863,2070,0,2070,2070,8,8,9,3.86,2450,1709,741,4520,11,11,11,14.84,1933,1208,725,6453,8,8,9,11.03,1700,1531,169,8153,4,4,5,23.67,1950,1507,443,10103,8,8,8,18.06,3497,782,2715,13600,18,18,20,6.63,468,468,0,14068,1,1,1,,,,,,,,,,,,,,,,,,,,,,,,,,
ea2e8615-5043-47c0-a738-bfd9cfca0f3d,2025-08-10 13:11:43 UTC,False,16502,CFOP,Gan 12 UI Maglev,RandomForest,8085,16502,,,gan12,custom_rules,,,,8,0,0,16502,69,71,79,4.18,8876,7384,1095,0,1095,1337,5,6,7,4.57,2144,1290,854,3481,8,8,8,9.37,2150,693,1457,5631,11,11,13,7.55,2764,2175,589,8395,8,8,10,13.58,2664,2132,532,11059,8,8,8,15.04,2336,1313,1023,13395,9,10,10,8.8,3107,1273,1834,16502,20,20,23,10.91,,,,,,,,,,,,,,,,,,,,,,,,,
09783dfe-6865-4f47-a4e9-db2217b89ba6,2025-08-10 13:12:19 UTC,False,16199,CFOP,Gan 12 UI Maglev,RandomForest,11099,16199,,,gan12,custom_rules,,,,8,0,0,16199,68,68,75,4.2,7720,8479,1136,0,1136,1136,6,6,6,5.28,3053,2336,717,4189,7,7,8,9.76,2448,1522,926,6637,9,9,10,9.72,2989,919,2070,9626,12,12,12,5.8,1863,1114,749,11489,8,8,10,10.68,1692,773,919,13181,10,10,10,10.88,3018,1056,1962,16199,16,16,19,8.15,,,,,,,,,,,,,,,,,,,,,,,,,
513c0bbf-0e08-4aaa-9e21-117075c4a78b,2025-08-10 13:12:58 UTC,False,20222,CFOP,Gan 12 UI Maglev,RandomForest,9909,20222,,,gan12,custom_rules,,,,8,0,0,20222,66,67,77,3.26,5954,14268,6295,0,6295,6295,15,15,16,2.38,4030,1120,2910,10325,11,11,11,3.78,1901,257,1644,12226,7,7,7,4.26,2192,1910,282,14418,4,4,5,14.18,1116,548,568,15534,6,6,6,10.56,1844,781,1063,17378,10,10,15,9.41,2844,1338,1506,20222,14,15,17,9.3,,,,,,,,,,,,,,,,,,,,,,,,,
0163533d-a73c-4748-b07a-19479274eb9f,2025-08-10 13:13:38 UTC,False,24451,CFOP,Gan 12 UI Maglev,RandomForest,5959,24451,,,gan12,custom_rules,,,,8,0,0,24451,67,72,81,2.74,9300,15151,3077,0,3077,3077,6,7,9,1.95,2368,1748,620,5445,8,8,9,12.9,6177,1096,5081,11622,9,9,9,1.77,3520,2626,894,15142,9,9,10,10.07,3047,1854,1193,18189,9,9,9,7.54,3577,1112,2465,21766,17,17,17,6.9,2685,864,1821,24451,9,13,18,4.94,,,,,,,,,,,,,,,,,,,,,,,,,
b30cbafd-153d-4c35-a320-d0835bc297ee,2025-08-10 13:14:16 UTC,False,20323,CFOP,Gan 12 UI Maglev,RandomForest,7246,20323,,,gan12,custom_rules,,,,8,0,0,20323,77,81,98,3.79,8833,11490,821,0,821,821,5,5,6,6.09,2482,1523,959,3303,6,6,7,6.26,3852,1741,2111,7155,8,8,10,3.79,1064,540,524,8219,8,8,9,15.27,3772,2668,1104,11991,12,12,14,10.87,2651,1241,1410,14642,11,11,14,7.8,5681,1120,4561,20323,27,31,38,5.92,,,,,,,,,,,,,,,,,,,,,,,,,
db83156b-6e16-4c30-a40e-87d425547289,2025-08-10 13:14:54 UTC,False,19854,CFOP,Gan 12 UI Maglev,RandomForest,7020,19854,,,gan12,custom_rules,,,,8,0,0,19854,79,81,89,3.98,7411,12443,2239,0,2239,2239,9,9,10,4.02,5170,830,4340,7409,23,24,25,5.3,1241,492,749,8650,8,8,10,10.68,2530,1828,702,11180,7,7,8,9.97,2126,1127,999,13306,12,12,12,12.01,2625,1153,1472,15931,10,11,11,6.79,3923,1981,1942,19854,10,10,13,5.15,,,,,,,,,,,,,,,,,,,,,,,,,
70c8c330-ae18-42fd-acb4-2c2ebb9611a0,2025-08-10 13:15:32 UTC,False,23520,CFOP,Gan 12 UI Maglev,RandomForest,5643,23520,,,gan12,custom_rules,,,,8,0,0,23520,69,69,83,2.93,11192,12328,5397,0,5397,5397,11,11,13,2.04,2305,765,1540,7702,12,12,13,7.79,4119,3426,693,11821,8,8,9,11.54,3923,2635,1288,15744,7,7,9,5.43,2812,1893,919,18556,8,8,12,8.71,2233,999,1234,20789,12,12,13,9.72,2731,1474,1257,23520,11,11,14,8.75,,,,,,,,,,,,,,,,,,,,,,,,,
38a70b55-5391-49b9-b332-2e7b3ddd4a1d,2025-08-10 13:16:05 UTC,False,17866,CFOP,Gan 12 UI Maglev,RandomForest,6474,17866,,,gan12,custom_rules,,,,8,0,0,17866,77,79,94,4.31,6478,11388,4624,0,4624,4624,18,18,23,3.89,0,0,0,4624,0,0,0,0.0,2211,1985,226,6835,3,3,3,13.27,1981,845,1136,8816,9,9,12,7.92,2385,1217,1168,11201,12,12,13,10.27,3503,1126,2377,14704,20,20,24,8.41,3162,1305,1857,17866,15,17,19,8.08,,,,,,,,,,,,,,,,,,,,,,,,,
971b3428-0176-4d40-a6a6-ff10eaa241ed,2025-08-10 13:16:38 UTC,False,16822,CFOP,Gan 12 UI Maglev,RandomForest,5459,16822,,,gan12,custom_rules,,,,8,0,0,16822,65,65,71,3.86,8070,8672,1144,0,1144,1224,5,5,7,4.37,2844,1628,1216,4068,7,7,8,5.76,3328,1442,1886,7396,8,8,9,4.24,1934,1096,838,9330,8,8,8,9.55,2189,1302,887,11519,8,8,8,9.02,2595,1426,1169,14114,12,12,13,10.27,2708,1176,1532,16822,17,17,18,11.1,,,,,,,,,,,,,,,,,,,,,,,,,
96cbd112-81f5-4145-bfc9-fb96d140e7ac,2025-08-10 13:17:09 UTC,False,15873,CFOP,Gan 12 UI Maglev,RandomForest,4406,15873,,,gan12,custom_rules,,,,8,0,0,15873,60,61,71,3.78,7761,8112,1716,0,1716,1716,6,6,7,3.5,2015,725,1290,3731,8,8,9,6.2,3307,1583,1724,7038,10,10,12,5.8,1886,1668,218,8924,5,5,6,22.94,1088,902,186,10012,4,4,5,21.51,1981,1014,967,11993,11,11,12,11.38,3880,1869,2011,15873,16,17,20,7.96,,,,,,,,,,,,,,,,,,,,,,,,,
430bb970-c826-49ff-bef5-467aeab203c8,2025-08-10 13:17:44 UTC,False,15764,CFOP,Gan 12 UI Maglev,RandomForest,7922,15764,,,gan12,custom_rules,,,,8,0,0,15764,60,62,70,3.81,7530,8234,2884,0,2884,2884,6,6,7,2.08,1015,588,427,3899,6,7,7,14.05,2755,1417,1338,6654,9,9,10,6.73,1433,950,483,8087,5,5,6,10.35,1588,1056,532,9675,7,7,7,13.16,2430,1601,829,12105,11,11,11,13.27,3659,1918,1741,15764,16,17,22,9.19,,,,,,,,,,,,,,,,,,,,,,,,,
9d11a10c-cc4e-4a99-8ca1-63b7f8d463bf,2025-08-10 13:18:09 UTC,False,12532,CFOP,Gan 12 UI Maglev,RandomForest,4012,12532,,,gan12,custom_rules,,,,8,0,0,12532,58,58,66,4.63,5775,6716,1071,0,1071,1112,5,5,7,4.67,2063,1031,1032,3175,7,7,7,6.78,1858,902,956,5033,8,8,9,8.37,1168,782,386,6201,4,4,5,10.36,1072,830,242,7273,4,4,4,16.53,2328,1071,1257,9601,11,11,14,8.75,2931,1159,1772,12532,19,19,20,10.72,,,,,,,,,,,,,,,,,,,,,,,,,
9956cff1-94b5-47d0-a6ab-a2e74e53d127,2025-08-10 13:18:41 UTC,False,14565,CFOP,Gan 12 UI Maglev,RandomForest,8352,14565,,,gan12,custom_rules,,,,8,0,0,14565,67,67,74,4.6,6737,7828,1660,0,1660,1660,7,7,8,4.22,1506,709,797,3166,7,7,8,8.78,1946,1217,729,5112,8,8,9,10.97,2022,750,1272,7134,9,9,12,7.08,1539,1378,161,8673,5,5,5,31.06,1961,894,1067,10634,13,13,14,12.18,3931,1789,2142,14565,18,18,18,8.4,,,,,,,,,,,,,,,,,,,,,,,,,
99b03491-db6b-45be-85c1-2b9d65868038,2025-08-10 13:19:11 UTC,False,15193,CFOP,Gan 12 UI Maglev,RandomForest,5496,15193,,,gan12,custom_rules,,,,8,0,0,15193,65,68,85,4.28,5948,9245,1864,0,1864,1864,7,9,15,3.76,2116,448,1668,3980,11,11,12,6.59,2115,1196,919,6095,7,7,9,7.62,2167,580,1587,8262,11,11,13,6.93,1684,1047,637,9946,9,9,9,14.13,1992,985,1007,11938,9,10,10,8.94,3255,1692,1563,15193,11,11,17,7.04,,,,,,,,,,,,,,,,,,,,,,,,,
3292b985-77ac-42d6-9222-2909c77045bb,2025-08-10 13:19:49 UTC,False,20836,CFOP,Gan 12 UI Maglev,RandomForest,6645,20836,,,gan12,custom_rules,,,,8,0,0,20836,71,75,85,3.41,5960,14699,10262,0,10262,10439,24,27,32,2.34,0,0,0,10439,0,0,0,0.0,0,0,0,10439,0,0,0,0.0,2272,1313,959,12711,10,10,12,10.43,2570,1837,733,15281,8,8,10,10.91,2155,1182,973,17436,10,11,12,10.28,3400,1628,1772,20836,19,19,19,10.72,,,,,,,,,,,,,,,,,,,,,,,,,
3cbdf906-8652-40bb-9a78-06ccee18bd44,2025-08-10 13:20:30 UTC,False,19426,CFOP,Gan 12 UI Maglev,RandomForest,11745,19426,,,gan12,custom_rules,,,,8,0,0,19426,76,80,88,3.91,7385,12041,4976,0,4976,4976,15,16,17,3.01,0,0,0,4976,0,0,0,0.0,2086,990,1096,7062,11,11,12,10.04,1982,1411,571,9044,6,6,8,10.51,2578,1917,661,11622,7,7,8,10.59,3665,846,2819,15287,21,22,23,7.45,4139,2221,1918,19426,16,18,20,8.34,,,,,,,,,,,,,,,,,,,,,,,,,
e467ef15-c9d3-47c6-b507-1dad04b0b56a,2025-08-10 13:21:23 UTC,False,28357,CFOP,Gan 12 UI Maglev,RandomForest,15140,28357,,,gan12,custom_rules,,,,8,0,0,28357,78,78,93,2.75,7625,20660,13920,0,13920,13992,30,30,40,2.16,3235,814,2421,17227,7,7,9,2.89,3038,2031,1007,20265,9,9,11,8.94,2354,1225,1129,22619,7,7,7,6.2,2127,1756,371,24746,4,4,4,10.78,1539,871,668,26285,6,6,6,8.98,2072,928,1144,28357,15,15,16,13.11,,,,,,,,,,,,,,,,,,,,,,,,,
a3ac6b62-9038-466b-8a27-fc7f976da0f6,2025-08-10 13:21:54 UTC,False,15957,CFOP,Gan 12 UI Maglev,RandomForest,6369,15957,,,gan12,custom_rules,,,,8,0,0,15957,68,71,84,4.26,4752,11205,3677,0,3677,3677,8,10,16,2.18,1743,908,835,5420,6,7,8,7.19,2159,846,1313,7579,7,7,8,5.33,1459,113,1346,9038,10,10,11,7.43,1329,395,934,10367,8,8,8,8.57,2410,814,1596,12777,13,13,14,8.15,3180,1676,1504,15957,17,17,19,11.3,,,,,,,,,,,,,,,,,,,,,,,,,
c5999a2a-3dc2-4b71-ad92-624ced7592b6,2025-08-10 13:22:33 UTC,False,20820,CFOP,Gan 12 UI Maglev,RandomForest,9688,20820,,,gan12,custom_rules,,,,8,0,0,20820,74,75,86,3.55,7979,12841,1353,0,1353,1353,5,5,7,3.7,2506,1652,854,3859,8,8,8,9.37,4793,1167,3626,8652,16,16,16,4.41,1396,806,590,10048,7,7,7,11.86,2119,1290,829,12167,8,8,9,9.65,2216,1161,1055,14383,8,8,10,7.58,6437,1903,4534,20820,22,23,29,4.85,,,,,,,,,,,,,,,,,,,,,,,,,
dc6149b7-cbb2-417b-b201-ac4c384ddb18,2025-08-10 13:23:13 UTC,False,16856,CFOP,Gan 12 UI Maglev,RandomForest,11592,16856,,,gan12,custom_rules,,,,8,0,0,16856,65,65,76,3.86,7315,9436,2779,0,2779,2884,7,7,9,2.52,2735,1329,1406,5619,8,8,9,5.69,2271,1353,918,7890,7,7,7,7.63,1474,629,845,9364,8,8,11,9.47,2410,1572,838,11774,9,9,10,10.74,2296,1482,814,14070,7,7,9,8.6,2786,950,1836,16856,19,19,21,10.35,,,,,,,,,,,,,,,,,,,,,,,,,
d2cf218b-b723-4be5-8310-1de23eb095e8,2025-08-10 13:23:51 UTC,False,22767,CFOP,Gan 12 UI Maglev,RandomForest,6164,22767,,,gan12,custom_rules,,,,8,0,0,22767,76,77,88,3.34,8938,13764,2271,0,2271,2336,7,7,10,3.08,7184,1603,5581,9520,17,17,19,3.05,2365,1159,1206,11885,8,8,9,6.63,4189,2481,1708,16074,11,11,13,6.44,1995,1149,846,18069,8,8,9,9.46,1845,1088,757,19914,9,9,9,11.89,2853,1458,1395,22767,16,17,19,11.47,,,,,,,,,,,,,,,,,,,,,,,,,
e240b1f8-e195-4095-8f3d-6e1cde7e1b71,2025-08-10 13:25:43 UTC,False,16853,CFOP,Gan 12 UI Maglev,RandomForest,84870,16853,,,gan12,custom_rules,,,,8,0,0,16853,67,71,82,3.98,5869,10984,4198,0,4198,4198,13,13,15,3.1,0,0,0,4198,0,0,0,0.0,1987,1093,894,6185,8,8,9,8.95,2587,943,1644,8772,11,11,13,6.69,1772,515,1257,10544,11,11,12,8.75,2323,1241,1082,12867,11,13,15,10.17,3986,2077,1909,16853,14,16,18,7.33,,,,,,,,,,,,,,,,,,,,,,,,,
ce109700-4ce9-474e-91a3-6b312d52bca4,2025-08-10 13:26:20 UTC,False,14614,CFOP,Gan 12 UI Maglev,RandomForest,5948,14614,,,gan12,custom_rules,,,,8,0,0,14614,74,76,83,5.06,5203,9411,2176,0,2176,2176,9,9,10,4.14,2748,765,1983,4924,13,14,15,6.56,1472,658,814,6396,6,7,7,7.37,1676,1112,564,8072,8,8,8,14.18,2544,887,1657,10616,11,11,13,6.64,1974,846,1128,12590,12,12,13,10.64,2024,935,1089,14614,15,15,17,13.77,,,,,,,,,,,,,,,,,,,,,,,,,
bb6dd593-2b6e-4c59-a73c-d22d3066fc17,2025-08-10 14:26:47 UTC,False,17969,CFOP,Gan 12 UI Maglev,RandomForest,22881,17969,,,gan12,custom_rules,,,,8,0,0,17969,69,74,82,3.84,5468,12501,4274,0,4274,4274,14,14,14,3.28,0,0,0,4274,0,0,0,0.0,3806,210,3596,8080,11,11,13,3.06,1595,757,838,9675,6,7,7,7.16,2150,1538,612,11825,9,9,9,14.71,2955,1304,1651,14780,19,19,19,11.51,3189,1659,1530,17969,10,14,20,6.54,,,,,,,,,,,,,,,,,,,,,,,,,
35bd7fed-16ab-4079-87bf-3e90ab4f5a96,2025-08-10 14:27:28 UTC,False,20043,CFOP,Gan 12 UI Maglev,RandomForest,11077,20043,,,gan12,custom_rules,,,,8,0,0,20043,76,76,84,3.79,5436,14607,3094,0,3094,3094,8,8,9,2.59,5141,725,4416,8235,15,15,16,3.4,951,701,250,9186,4,4,5,16.0,3657,1450,2207,12843,11,11,14,4.98,999,540,459,13842,8,8,8,17.43,1241,677,564,15083,9,9,9,15.96,4960,1343,3617,20043,21,21,23,5.81,,,,,,,,,,,,,,,,,,,,,,,,,
d52aef2a-6a71-4a82-ad49-8dd1bb96bac0,2025-08-10 14:28:10 UTC,False,23224,CFOP,Gan 12 UI Maglev,RandomForest,6886,23224,,,gan12,custom_rules,,,,8,0,0,23224,83,87,101,3.57,7255,15969,2296,0,2296,2296,6,6,7,2.61,1604,903,701,3900,6,6,9,8.56,4242,1099,3143,8142,15,15,17,4.77,2761,572,2189,10903,9,9,9,4.11,1821,1079,742,12724,8,8,9,10.78,5739,2087,3652,18463,22,24,29,6.02,4761,1515,3246,23224,17,19,21,5.24,,,,,,,,,,,,,,,,,,,,,,,,,
c2252202-4501-46d0-bd7a-7a3dfe3756e9,2025-08-10 14:28:47 UTC,False,16327,CFOP,Gan 12 UI Maglev,RandomForest,10079,16327,,,gan12,custom_rules,,,,8,0,0,16327,63,63,73,3.86,5266,11061,1321,0,1321,1321,6,6,7,4.54,4597,757,3840,5918,10,10,11,2.6,2160,831,1329,8078,7,7,9,5.27,1853,524,1329,9931,8,8,8,6.02,2155,1261,894,12086,8,8,12,8.95,1966,790,1176,14052,10,10,10,8.5,2275,1103,1172,16327,14,14,16,11.95,,,,,,,,,,,,,,,,,,,,,,,,,
5bd08bc9-bb27-4efb-8fe4-f19d4d46d0be,2025-08-10 14:29:21 UTC,False,16647,CFOP,Gan 12 UI Maglev,RandomForest,4750,16647,,,gan12,custom_rules,,,,8,0,0,16647,49,53,66,2.94,7203,9444,1249,0,1249,1249,5,5,7,4.0,2650,1981,669,3899,7,7,9,10.46,3624,1023,2601,7523,11,11,11,4.23,1152,765,387,8675,3,3,3,7.75,1703,757,946,10378,6,6,6,6.34,1829,1031,798,12207,7,7,7,8.77,4440,1646,2794,16647,10,14,23,3.58,,,,,,,,,,,,,,,,,,,,,,,,,
9c4e7d94-9141-405f-a2a5-30e331b41f90,2025-08-10 14:37:05 UTC,False,35846,CFOP,Gan 12 UI Maglev,RandomForest,20631,35846,,,gan12,custom_rules,,,,8,0,0,35846,134,145,160,3.74,5068,30778,1200,0,1200,1200,4,4,5,3.33,943,669,274,2143,4,4,4,14.6,1933,926,1007,4076,9,10,10,8.94,2045,492,1553,6121,10,10,10,6.44,1322,492,830,7443,7,7,7,8.43,2821,1208,1613,10264,12,14,14,7.44,25582,1281,24301,35846,88,96,110,3.62,,,,,,,,,,,,,,,,,,,,,,,,,
f7600e46-3c82-4267-99d6-8c0a2347050c,2025-08-10 14:37:57 UTC,False,16504,CFOP,Gan 12 UI Maglev,RandomForest,15464,16504,,,gan12,custom_rules,,,,8,0,0,16504,70,71,76,4.24,6293,9912,1603,0,1603,1902,6,7,8,3.74,1854,1016,838,3756,10,10,11,11.93,2851,1973,878,6607,7,7,7,7.97,2949,1290,1659,9556,8,8,9,4.82,1997,346,1651,11553,14,14,14,8.48,1248,644,604,12801,9,9,9,14.9,3703,1024,2679,16504,17,17,18,6.35,,,,,,,,,,,,,,,,,,,,,,,,,
cae89b1d-fda1-466a-a629-7a0837ce26f3,2025-08-10 14:39:00 UTC,False,13365,CFOP,Gan 12 UI Maglev,RandomForest,33036,13365,,,gan12,custom_rules,,,,8,0,0,13365,67,68,73,5.01,3873,9492,2522,0,2522,2522,6,6,9,2.38,1233,290,943,3755,7,7,7,7.42,1257,636,621,5012,6,7,7,9.66,1731,894,837,6743,7,7,7,8.36,3038,766,2272,9781,14,14,16,6.16,1072,548,524,10853,9,9,9,17.18,2512,739,1773,13365,18,18,18,10.15,,,,,,,,,,,,,,,,,,,,,,,,,
fd03813d-e8d7-45cb-9f62-75b77e2a07d4,2025-08-10 14:40:11 UTC,False,47681,CFOP,Gan 12 UI Maglev,RandomForest,9989,47681,,,gan12,custom_rules,,,,8,0,0,47681,141,144,162,2.96,6574,41002,1353,0,1353,1458,5,5,8,3.7,2304,806,1498,3762,7,7,8,4.67,3390,1763,1627,7152,8,8,9,4.92,2464,403,2061,9616,11,11,11,5.34,2299,770,1529,11915,8,8,8,5.23,3037,1482,1555,14952,16,16,18,10.29,32729,1350,31379,47681,86,89,100,2.74,,,,,,,,,,,,,,,,,,,,,,,,,
e2b9b2c2-9ed6-4f27-9cd2-06e12aa70011,2025-08-10 14:41:14 UTC,False,23833,CFOP,Gan 12 UI Maglev,RandomForest,10773,23833,,,gan12,custom_rules,,,,8,0,0,23833,82,82,96,3.44,9035,14798,943,0,943,943,4,4,6,4.24,5319,1184,4135,6262,11,11,13,2.66,1998,1039,959,8260,8,8,8,8.34,5588,3341,2247,13848,17,17,21,7.57,2930,1448,1482,16778,9,9,10,6.07,4251,814,3437,21029,18,18,21,5.24,2804,1209,1595,23833,15,15,17,9.4,,,,,,,,,,,,,,,,,,,,,,,,,
3e559d24-9076-42cb-aa9e-2e88dde9c8b3,2025-08-10 14:43:15 UTC,False,22261,CFOP,Gan 12 UI Maglev,RandomForest,60298,22261,,,gan12,custom_rules,,,,8,0,0,22261,72,81,99,3.23,6366,15895,2143,0,2143,2143,7,7,9,3.27,3013,1418,1595,5156,9,10,10,5.64,2143,1515,628,7299,9,9,10,14.33,2337,895,1442,9636,10,10,13,6.93,1674,546,1128,11310,12,12,12,10.64,2007,903,1104,13317,9,9,12,8.15,8944,1089,7855,22261,16,24,33,2.04,,,,,,,,,,,,,,,,,,,,,,,,,
26b40107-a096-4f16-a41b-a34a7c08e42e,2025-08-10 14:43:50 UTC,False,17098,CFOP,Gan 12 UI Maglev,RandomForest,8223,17098,,,gan12,custom_rules,,,,8,0,0,17098,67,68,75,3.92,6803,10295,1595,0,1595,1595,8,8,8,5.02,3884,969,2915,5479,8,8,10,2.74,2248,395,1853,7727,11,11,12,5.94,1459,1242,217,9186,5,5,5,23.04,2416,1811,605,11602,8,8,8,13.22,3046,1330,1716,14648,12,12,14,6.99,2450,1056,1394,17098,15,16,18,10.76,,,,,,,,,,,,,,,,,,,,,,,,,
50c4cec9-6d03-403c-9b3a-8388421797be,2025-08-10 14:44:23 UTC,False,15552,CFOP,Gan 12 UI Maglev,RandomForest,8226,15552,,,gan12,custom_rules,,,,8,0,0,15552,59,60,68,3.79,7049,8503,2072,0,2072,2072,8,8,10,3.86,1031,427,604,3103,5,5,7,8.28,1871,1081,790,4974,7,7,8,8.86,2554,2200,354,7528,4,4,5,11.3,1531,1242,289,9059,5,5,5,17.3,3647,1229,2418,12706,15,15,15,6.2,2846,870,1976,15552,15,16,18,7.59,,,,,,,,,,,,,,,,,,,,,,,,,
4e678278-cc9c-416b-8117-cfd5dc4af935,2025-08-10 14:45:02 UTC,False,16554,CFOP,Gan 12 UI Maglev,RandomForest,13304,16554,,,gan12,custom_rules,,,,8,0,0,16554,69,74,88,4.17,5829,10725,1201,0,1201,1201,5,5,5,4.16,2087,467,1620,3288,11,11,14,6.79,5459,507,4952,8747,17,17,20,3.43,1071,483,588,9818,8,8,9,13.61,2050,1599,451,11868,8,8,8,17.74,1788,1105,683,13656,10,11,12,14.64,2898,1668,1230,16554,10,14,20,8.13,,,,,,,,,,,,,,,,,,,,,,,,,
882db3ef-69f2-42da-8290-1f2822a392b3,2025-08-10 14:48:27 UTC,False,24096,CFOP,Gan 12 UI Maglev,RandomForest,167432,24096,,,gan12,custom_rules,,,,8,0,0,24096,65,71,85,2.7,8385,15002,9679,0,9679,10388,21,21,28,2.17,0,0,0,10388,0,0,0,0.0,2779,1917,862,13167,8,8,8,9.28,3027,2214,813,16194,7,7,7,8.61,2522,1676,846,18716,8,8,8,9.46,2891,1425,1466,21607,12,14,15,8.19,2489,1153,1336,24096,9,13,19,6.74,,,,,,,,,,,,,,,,,,,,,,,,,
e444debf-9260-4c14-a444-741cc28bb0d4,2025-08-10 14:49:12 UTC,False,26529,CFOP,Gan 12 UI Maglev,RandomForest,7121,26529,,,gan12,custom_rules,,,,8,0,0,26529,85,96,114,3.2,5743,20786,1144,0,1144,1144,6,6,7,5.24,9333,1466,7867,10477,11,11,12,1.4,1934,547,1387,12411,8,9,9,5.77,3398,1022,2376,15809,9,9,10,3.79,1515,710,805,17324,12,12,12,14.91,2749,669,2080,20073,20,20,21,9.62,6456,1329,5127,26529,19,29,43,3.71,,,,,,,,,,,,,,,,,,,,,,,,,
5f7d0fd9-b3e0-4d31-a20a-078e6b07089c,2025-08-10 14:49:52 UTC,False,15980,CFOP,Gan 12 UI Maglev,RandomForest,12813,15980,,,gan12,custom_rules,,,,8,0,0,15980,58,58,66,3.63,6168,9747,2175,0,2175,2240,8,8,10,3.68,1386,338,1048,3626,11,11,12,10.5,3237,1513,1724,6863,8,8,9,4.64,1700,685,1015,8563,6,6,6,5.91,2883,1884,999,11446,8,8,8,8.01,1410,693,717,12856,7,7,8,9.76,3124,1055,2069,15980,10,10,13,4.83,,,,,,,,,,,,,,,,,,,,,,,,,
8c35a530-d4b8-4b60-98e0-8c1295588377,2025-08-10 14:50:40 UTC,False,18529,CFOP,Gan 12 UI Maglev,RandomForest,9715,18529,,,gan12,custom_rules,,,,8,0,0,18529,65,65,72,3.51,9487,9042,1966,0,1966,1966,7,7,8,3.56,1531,467,1064,3497,6,6,6,5.64,5092,3787,1305,8589,8,8,10,6.13,3046,2151,895,11635,9,9,10,10.06,2575,923,1652,14210,11,11,11,6.66,1660,1007,653,15870,7,7,8,10.72,2659,1152,1507,18529,17,17,19,11.28,,,,,,,,,,,,,,,,,,,,,,,,,
08416b03-1917-4825-ac6b-31db4a95765c,2025-08-10 14:51:48 UTC,False,14779,CFOP,Gan 12 UI Maglev,RandomForest,42329,14779,,,gan12,custom_rules,,,,8,0,0,14779,69,70,81,4.67,5653,8941,1378,0,1378,1563,6,7,8,4.35,1402,773,629,2965,6,6,9,9.54,3517,1442,2075,6482,12,12,16,5.78,1587,685,902,8069,9,9,10,9.98,1838,702,1136,9907,10,10,11,8.8,1359,601,758,11266,8,8,8,10.55,3513,1450,2063,14779,18,18,19,8.73,,,,,,,,,,,,,,,,,,,,,,,,,
a7179636-f332-423d-b16a-d47382c2da61,2025-08-10 14:52:25 UTC,False,16973,CFOP,Gan 12 UI Maglev,RandomForest,10802,16973,,,gan12,custom_rules,,,,8,0,0,16973,67,70,78,3.95,6419,10554,1925,0,1925,1925,7,8,8,3.64,3250,508,2742,5175,11,11,14,4.01,1958,1257,701,7133,7,7,8,9.99,2635,1394,1241,9768,6,7,7,4.83,2326,1383,943,12094,8,8,9,8.48,1531,870,661,13625,9,9,9,13.62,3348,1007,2341,16973,19,20,23,8.12,,,,,,,,,,,,,,,,,,,,,,,,,
9b1a42e6-ad31-4dbc-9fa8-c636bc72c4a3,2025-08-10 14:52:54 UTC,False,14104,CFOP,Gan 12 UI Maglev,RandomForest,5804,14104,,,gan12,custom_rules,,,,8,0,0,14104,64,65,76,4.54,6475,7581,910,0,910,958,4,4,7,4.4,2667,1547,1120,3625,9,9,10,8.04,1346,435,911,4971,7,7,8,7.68,1855,929,926,6826,8,8,8,8.64,1660,927,733,8486,7,7,7,9.55,2184,1136,1048,10670,13,13,14,12.4,3434,1501,1933,14104,17,18,22,8.79,,,,,,,,,,,,,,,,,,,,,,,,,
d76dc5ad-ff2c-4f92-9a3e-24abf6792e1e,2025-08-10 14:53:49 UTC,False,14832,CFOP,Gan 12 UI Maglev,RandomForest,7512,14832,,,gan12,custom_rules,,,,8,0,0,14832,59,61,66,3.98,6517,8234,2505,0,2505,2586,10,10,12,3.99,0,0,0,2586,0,0,0,0.0,0,0,0,2586,0,0,0,0.0,2143,1201,942,4729,8,8,9,8.49,3100,1602,1498,7829,12,12,13,8.01,2887,1829,1058,10716,12,14,15,11.34,4116,1885,2231,14832,17,17,17,7.62,,,,,,,,,,,,,,,,,,,,,,,,,
a1451ede-0298-47c3-b716-5bfb1c8e2ac3,2025-08-10 14:55:09 UTC,False,20711,CFOP,Gan 12 UI Maglev,RandomForest,46806,20711,,,gan12,custom_rules,,,,8,0,0,20711,70,71,81,3.38,12454,8257,1620,0,1620,1620,6,6,7,3.7,2473,1740,733,4093,9,9,11,12.28,1941,588,1353,6034,11,11,12,8.13,2473,1443,1030,8507,8,8,8,7.77,6656,5931,725,15163,8,8,10,11.03,1999,1032,967,17162,12,12,14,12.41,3549,1720,1829,20711,16,17,19,8.75,,,,,,,,,,,,,,,,,,,,,,,,,
b556ad85-d33f-4516-be60-549a22d6ca69,2025-08-10 14:57:30 UTC,False,13684,CFOP,Gan 12 UI Maglev,RandomForest,108755,13684,,,gan12,custom_rules,,,,8,0,0,13684,64,64,76,4.68,5301,8383,2789,0,2789,2789,9,9,11,3.23,0,0,0,2789,0,0,0,0.0,2370,1216,1154,5159,9,9,10,7.8,2215,1466,749,7374,7,7,8,9.35,1418,830,588,8792,8,8,9,13.61,2306,919,1387,11098,10,10,16,7.21,2586,870,1716,13684,21,21,22,12.24,,,,,,,,,,,,,,,,,,,,,,,,,
4077835b-3dc7-4828-8b8f-0cda99caae90,2025-08-10 14:58:15 UTC,False,19486,CFOP,Gan 12 UI Maglev,RandomForest,11806,19486,,,gan12,custom_rules,,,,8,0,0,19486,73,78,97,3.75,6299,13187,1982,0,1982,1982,7,7,9,3.53,3265,323,2942,5247,12,12,13,4.08,4919,934,3985,10166,20,21,23,5.02,1982,1160,822,12148,7,7,8,8.52,2441,1410,1031,14589,8,8,12,7.76,2553,1320,1233,17142,10,10,13,8.11,2344,1152,1192,19486,9,13,19,7.55,,,,,,,,,,,,,,,,,,,,,,,,,
dad1c1c2-0b6f-4c50-a654-c878a4d3de2c,2025-08-10 14:58:49 UTC,False,18683,CFOP,Gan 12 UI Maglev,RandomForest,4823,18683,,,gan12,custom_rules,,,,8,0,0,18683,60,65,79,3.21,7848,10786,1353,0,1353,1402,5,5,8,3.7,6185,2006,4179,7587,13,13,13,3.11,1828,749,1079,9415,8,8,8,7.41,2650,1683,967,12065,9,9,11,9.31,2803,1548,1255,14868,8,8,9,6.37,1515,774,741,16383,7,7,8,9.45,2300,1088,1212,18683,10,15,22,8.25,,,,,,,,,,,,,,,,,,,,,,,,,
0d5d7a6c-d4ff-4edf-b953-789cfdd4935f,2025-08-10 14:59:39 UTC,False,17503,CFOP,Gan 12 UI Maglev,RandomForest,14654,17503,,,gan12,custom_rules,,,,8,0,0,17503,71,75,83,4.06,5837,11666,3046,0,3046,3046,9,9,9,2.95,1272,595,677,4318,7,7,7,10.34,1176,532,644,5494,6,6,7,9.32,2296,1169,1127,7790,12,12,12,10.65,1765,1136,629,9555,8,8,8,12.72,2695,1273,1422,12250,12,14,16,8.44,5253,1132,4121,17503,18,20,24,4.37,,,,,,,,,,,,,,,,,,,,,,,,,
a4670af9-7baa-45b2-b231-c9c800caf938,2025-08-10 15:00:21 UTC,False,21762,CFOP,Gan 12 UI Maglev,RandomForest,11328,21762,,,gan12,custom_rules,,,,8,0,0,21762,73,73,82,3.35,3778,17984,13958,0,13958,13958,35,35,41,2.51,0,0,0,13958,0,0,0,0.0,0,0,0,13958,0,0,0,0.0,1160,169,991,15118,5,5,5,5.05,1776,854,922,16894,8,8,10,8.68,2594,1627,967,19488,10,10,10,10.34,2274,1128,1146,21762,15,15,16,13.09,,,,,,,,,,,,,,,,,,,,,,,,,
38d43d86-da57-4463-a581-6743b70e117b,2025-08-10 15:02:16 UTC,False,15926,CFOP,Gan 12 UI Maglev,RandomForest,22577,15926,,,gan12,custom_rules,,,,8,0,0,15926,61,68,80,3.83,5449,10477,4890,0,4890,4890,13,13,15,2.66,0,0,0,4890,0,0,0,0.0,2316,1196,1120,7206,8,8,9,7.14,2022,991,1031,9228,7,7,8,6.79,1628,886,742,10856,12,12,12,16.17,2657,1158,1499,13513,11,13,14,7.34,2413,1218,1195,15926,10,15,22,8.37,,,,,,,,,,,,,,,,,,,,,,,,,
f698f05f-9617-4dcd-b493-4f650bd69b11,2025-08-10 15:02:53 UTC,False,18872,CFOP,Gan 12 UI Maglev,RandomForest,9263,18872,,,gan12,custom_rules,,,,8,0,0,18872,62,63,74,3.29,9399,9473,2530,0,2530,2530,6,6,9,2.37,4429,2672,1757,6959,9,9,11,5.12,2369,1418,951,9328,8,8,9,8.41,2892,1555,1337,12220,9,9,10,6.73,1402,572,830,13622,8,8,9,9.64,2785,1926,859,16407,9,9,10,10.48,2465,1256,1209,18872,13,14,16,10.75,,,,,,,,,,,,,,,,,,,,,,,,,
773692b7-986c-4a54-a323-514a10b89052,2025-08-10 15:03:27 UTC,False,17311,CFOP,Gan 12 UI Maglev,RandomForest,7529,17311,,,gan12,custom_rules,,,,8,0,0,17311,70,70,78,4.04,8385,8926,1725,0,1725,1725,6,6,8,3.48,2481,1659,822,4206,8,8,9,9.73,3895,2050,1845,8101,11,11,11,5.96,2361,1523,838,10462,8,8,10,9.55,2210,1026,1184,12672,12,12,12,10.14,1466,878,588,14138,8,8,9,13.61,3173,1249,1924,17311,17,17,19,8.84,,,,,,,,,,,,,,,,,,,,,,,,,
ff352df1-6b69-4c69-a53c-a92759306782,2025-08-10 15:03:57 UTC,False,13774,CFOP,Gan 12 UI Maglev,RandomForest,7233,13774,,,gan12,custom_rules,,,,8,0,0,13774,62,63,76,4.5,6285,7408,2457,0,2457,2538,9,9,13,3.66,0,0,0,2538,0,0,0,0.0,2979,1910,1069,5517,12,12,16,11.23,1893,1305,588,7410,8,8,10,13.61,1709,1306,403,9119,8,8,8,19.85,1376,612,764,10495,8,8,8,10.47,3279,1152,2127,13774,17,18,21,7.99,,,,,,,,,,,,,,,,,,,,,,,,,
d03af8ba-d34e-4790-b4c0-67bad0c90ee1,2025-08-10 15:04:42 UTC,False,25473,CFOP,Gan 12 UI Maglev,RandomForest,10025,25473,,,gan12,custom_rules,,,,8,0,0,25473,87,88,98,3.42,9399,16074,2402,0,2402,2402,10,10,12,4.16,5194,80,5114,7596,13,13,14,2.54,4702,1241,3461,12298,17,17,20,4.91,5169,4314,855,17467,10,10,10,11.7,2265,1217,1048,19732,8,8,9,7.63,2622,1079,1543,22354,14,14,14,9.07,3119,1468,1651,25473,16,17,19,9.69,,,,,,,,,,,,,,,,,,,,,,,,,
ee82591a-bafc-43aa-9519-685fb089fd76,2025-08-10 15:05:25 UTC,False,17089,CFOP,Gan 12 UI Maglev,RandomForest,15002,17089,,,gan12,custom_rules,,,,8,0,0,17089,59,59,60,3.45,6513,10576,1821,0,1821,1821,7,7,8,3.84,887,710,177,2708,3,3,3,16.95,2822,1813,1009,5530,12,12,12,11.89,5740,1886,3854,11270,12,12,12,3.11,3458,726,2732,14728,17,17,17,6.22,1837,854,983,16565,7,7,7,7.12,524,524,0,17089,1,1,1,,,,,,,,,,,,,,,,,,,,,,,,,,
9d601780-cefd-4a63-a681-b95b9c6a1867,2025-08-10 15:07:10 UTC,False,13872,CFOP,Gan 12 UI Maglev,RandomForest,18218,13872,,,gan12,custom_rules,,,,8,0,0,13872,58,58,70,4.18,5878,7994,2595,0,2595,2595,8,8,10,3.08,1780,1514,266,4375,4,4,5,15.04,1413,728,685,5788,6,6,7,8.76,2191,1039,1152,7979,8,8,9,6.94,1282,516,766,9261,7,7,9,9.14,1944,953,991,11205,10,10,14,10.09,2667,1128,1539,13872,15,15,16,9.75,,,,,,,,,,,,,,,,,,,,,,,,,
97ee4bdd-84a5-4cd5-9fa1-97c6717d886b,2025-08-10 15:07:43 UTC,False,14410,CFOP,Gan 12 UI Maglev,RandomForest,8073,14410,,,gan12,custom_rules,,,,8,0,0,14410,59,62,71,4.09,6636,7774,1232,0,1232,1232,4,4,6,3.25,1628,645,983,2860,8,8,10,8.14,1595,362,1233,4455,8,8,9,6.49,2633,1126,1507,7088,6,6,6,3.98,1982,1377,605,9070,8,8,9,13.22,1658,967,691,10728,10,11,12,14.47,3682,2159,1523,14410,15,17,19,9.85,,,,,,,,,,,,,,,,,,,,,,,,,
52e329af-5b29-4361-a625-9eea2ab247c9,2025-08-10 15:08:20 UTC,False,21651,CFOP,Gan 12 UI Maglev,RandomForest,4883,21651,,,gan12,custom_rules,,,,8,0,0,21651,79,79,87,3.65,7784,13811,5837,0,5837,5893,15,15,17,2.57,2191,1917,274,8084,4,4,5,14.6,3721,1426,2295,11805,9,9,11,3.92,2587,863,1724,14392,11,11,13,6.38,2200,1491,709,16592,9,9,9,12.69,1764,717,1047,18356,12,12,13,11.46,3295,1370,1925,21651,19,19,19,9.87,,,,,,,,,,,,,,,,,,,,,,,,,
e8eb29cd-8119-4b8a-ab3f-09ccee9d94f7,2025-08-10 15:09:16 UTC,False,18331,CFOP,Gan 12 UI Maglev,RandomForest,25069,18331,,,gan12,custom_rules,,,,8,0,0,18331,70,71,80,3.82,7985,10346,1910,0,1910,1910,6,6,7,3.14,2264,1168,1096,4174,12,12,13,10.95,2726,1502,1224,6900,9,9,10,7.35,1354,589,765,8254,7,7,8,9.15,4047,2250,1797,12301,11,11,12,6.12,2007,1088,919,14308,10,10,10,10.88,4023,1388,2635,18331,16,17,20,6.07,,,,,,,,,,,,,,,,,,,,,,,,,
48b8e0cb-f045-4e26-9e80-58c92e087c38,2025-08-10 15:10:35 UTC,False,25836,CFOP,Gan 12 UI Maglev,RandomForest,39431,25836,,,gan12,custom_rules,,,,8,0,0,25836,92,99,116,3.56,6990,18846,1281,0,1281,1281,7,7,8,5.46,3536,2006,1530,4817,9,9,10,5.88,2502,1205,1297,7319,7,7,9,5.4,2135,1120,1015,9454,5,6,6,4.93,1567,958,609,11021,8,8,8,13.14,1475,517,958,12496,9,10,10,9.39,13340,1184,12156,25836,48,53,65,3.95,,,,,,,,,,,,,,,,,,,,,,,,,
c974bc1e-7112-4af6-a7ab-9dd838f22254,2025-08-10 15:12:45 UTC,False,27280,CFOP,Gan 12 UI Maglev,RandomForest,92481,27280,,,gan12,custom_rules,,,,8,0,0,27280,77,80,90,2.82,5670,21610,11955,0,11955,11955,24,26,30,2.01,0,0,0,11955,0,0,0,0.0,0,0,0,11955,0,0,0,0.0,2030,1410,620,13985,8,8,9,12.9,2390,1193,1197,16375,7,7,7,5.85,3860,1386,2474,20235,15,15,18,6.06,7045,1681,5364,27280,23,24,26,4.29,,,,,,,,,,,,,,,,,,,,,,,,,
31381b33-bd5f-4924-ac31-486f57578559,2025-08-10 15:13:22 UTC,False,18405,CFOP,Gan 12 UI Maglev,RandomForest,7072,18405,,,gan12,custom_rules,,,,8,0,0,18405,59,63,80,3.21,9094,9311,1072,0,1072,1072,5,5,6,4.66,2514,1619,895,3586,9,9,11,10.06,4769,2794,1975,8355,9,9,11,4.56,2484,1345,1139,10839,7,7,8,6.15,2273,1233,1040,13112,8,8,9,7.69,2810,1039,1771,15922,13,13,13,7.34,2483,1064,1419,18405,8,12,22,5.64,,,,,,,,,,,,,,,,,,,,,,,,,
096a790e-0dab-4bdb-b721-8413cf5bcec5,2025-08-10 15:13:54 UTC,False,15176,CFOP,Gan 12 UI Maglev,RandomForest,8758,15176,,,gan12,custom_rules,,,,8,0,0,15176,59,59,68,3.89,7833,7343,1596,0,1596,1596,6,6,9,3.76,2699,1659,1040,4295,7,7,8,6.73,2204,1922,282,6499,6,6,7,21.28,2345,1281,1064,8844,8,8,8,7.52,1515,1112,403,10359,4,4,5,9.93,1916,763,1153,12275,12,12,13,10.41,2901,1096,1805,15176,16,16,18,8.86,,,,,,,,,,,,,,,,,,,,,,,,,
404b7c63-d246-4ad2-8758-0093e9da9daf,2025-08-10 15:14:33 UTC,False,22270,CFOP,Gan 12 UI Maglev,RandomForest,6882,22270,,,gan12,custom_rules,,,,8,0,0,22270,75,75,84,3.37,8430,13759,2513,0,2513,2594,8,8,9,3.18,2533,210,2323,5127,11,11,14,4.74,4383,3529,854,9510,7,7,7,8.2,5480,1419,4061,14990,13,13,15,3.2,739,516,223,15729,3,3,3,13.45,2811,1241,1570,18540,14,14,15,8.92,3730,1515,2215,22270,19,19,21,8.58,,,,,,,,,,,,,,,,,,,,,,,,,
f7addbaa-22fc-4e16-b71e-aa48e125b287,2025-08-10 15:15:07 UTC,False,11879,CFOP,Gan 12 UI Maglev,RandomForest,11731,11879,,,gan12,custom_rules,,,,8,0,0,11879,60,61,70,5.05,5026,6804,604,0,604,653,4,4,5,6.62,1941,403,1538,2594,5,5,6,3.25,1547,468,1079,4141,12,12,13,11.12,1579,1064,515,5720,6,6,7,11.65,1660,806,854,7380,12,12,13,14.05,1450,669,781,8830,9,10,10,11.52,3049,1616,1433,11879,12,12,16,8.37,,,,,,,,,,,,,,,,,,,,,,,,,
9a30135f-1be8-495a-bb51-82e1abb3bc43,2025-08-10 15:15:49 UTC,False,18731,CFOP,Gan 12 UI Maglev,RandomForest,12702,18731,,,gan12,custom_rules,,,,8,0,0,18731,82,84,92,4.38,2836,15895,6051,0,6051,6051,27,27,29,4.46,0,0,0,6051,0,0,0,0.0,0,0,0,6051,0,0,0,0.0,3569,193,3376,9620,15,15,15,4.44,710,306,404,10330,8,8,8,19.8,3207,887,2320,13537,14,14,15,6.03,5194,1450,3744,18731,19,21,25,5.07,,,,,,,,,,,,,,,,,,,,,,,,,
5696fa5e-76fe-4342-abe2-d80f48025619,2025-08-10 15:17:44 UTC,False,15735,CFOP,Gan 12 UI Maglev,RandomForest,18889,15735,,,gan12,custom_rules,,,,8,0,0,15735,64,65,75,4.07,6560,9175,3402,0,3402,3402,9,9,11,2.65,1847,1282,565,5249,6,7,8,10.62,1780,934,846,7029,8,8,11,9.46,1749,774,975,8778,7,7,9,7.18,1836,1065,771,10614,9,9,10,11.67,1800,1008,792,12414,8,8,9,10.1,3321,1497,1824,15735,17,17,17,9.32,,,,,,,,,,,,,,,,,,,,,,,,,
db45f33f-a3ff-4db4-82e9-a7784e4bdad9,2025-08-10 15:18:52 UTC,False,15099,CFOP,Gan 12 UI Maglev,RandomForest,19430,15099,,,gan12,custom_rules,,,,8,0,0,15099,68,68,76,4.5,5674,9425,3513,0,3513,3513,17,17,20,4.84,0,0,0,3513,0,0,0,0.0,1361,48,1313,4874,6,6,7,4.57,3940,2659,1281,8814,11,11,12,8.59,1555,983,572,10369,7,7,7,12.24,2072,1275,797,12441,9,9,11,11.29,2658,709,1949,15099,18,18,19,9.24,,,,,,,,,,,,,,,,,,,,,,,,,
6fdc035a-a924-473b-a38b-6d337bb3c1ee,2025-08-10 15:19:34 UTC,False,19775,CFOP,Gan 12 UI Maglev,RandomForest,7805,19775,,,gan12,custom_rules,,,,8,0,0,19775,86,86,97,4.35,6553,13222,1474,0,1474,1474,7,7,7,4.75,2529,950,1579,4003,6,6,8,3.8,2273,725,1548,6276,8,8,9,5.17,3553,1136,2417,9829,17,17,17,7.03,1824,1180,644,11653,8,8,10,12.42,4981,1064,3917,16634,23,23,27,5.87,3141,1498,1643,19775,17,17,19,10.35,,,,,,,,,,,,,,,,,,,,,,,,,
77b24d86-f5b4-41f3-8056-9486d74cec97,2025-08-10 15:20:08 UTC,False,19673,CFOP,Gan 12 UI Maglev,RandomForest,5633,19673,,,gan12,custom_rules,,,,8,0,0,19673,76,81,91,3.86,6505,13168,2303,0,2303,2303,6,6,7,2.61,1933,998,935,4236,8,8,9,8.56,2735,265,2470,6971,14,14,16,5.67,3285,757,2528,10256,8,9,9,3.16,2706,1119,1587,12962,11,13,14,6.93,3176,1578,1598,16138,14,14,16,8.76,3535,1788,1747,19673,16,17,20,9.16,,,,,,,,,,,,,,,,,,,,,,,,,
e85b0ad5-486d-4bfb-bb16-dc96f3f3703c,2025-08-10 15:20:42 UTC,False,18543,CFOP,Gan 12 UI Maglev,RandomForest,5376,18543,,,gan12,custom_rules,,,,8,0,0,18543,57,62,79,3.07,9398,9145,2788,0,2788,2788,8,8,11,2.87,2683,1796,887,5471,6,6,7,6.76,2997,2063,934,8468,9,9,11,9.64,2183,1282,901,10651,7,8,8,7.77,2982,2192,790,13633,8,8,10,10.13,2510,1079,1431,16143,10,10,14,6.99,2400,986,1414,18543,9,13,18,6.36,,,,,,,,,,,,,,,,,,,,,,,,,
82bbbbc2-bd07-4439-8e1c-9b3fe98b1f3b,2025-08-10 15:22:22 UTC,False,16848,CFOP,Gan 12 UI Maglev,RandomForest,71781,16848,,,gan12,custom_rules,,,,8,0,0,16848,73,73,77,4.33,6679,10169,1837,0,1837,1837,7,7,7,3.81,1144,942,202,2981,3,3,3,14.85,4969,1563,3406,7950,17,17,18,4.99,2877,1257,1620,10827,8,8,9,4.94,1096,661,435,11923,8,8,8,18.39,1667,870,797,13590,9,9,10,11.29,3258,1386,1872,16848,21,21,22,11.22,,,,,,,,,,,,,,,,,,,,,,,,,
e96eeab7-7002-43b0-b534-294bef3ecb0f,2025-08-10 15:24:04 UTC,False,22650,CFOP,Gan 12 UI Maglev,RandomForest,6286,22650,,,gan12,custom_rules,,,,8,0,0,22650,86,92,106,3.8,7454,15196,9037,0,9037,9037,33,38,44,3.65,0,0,0,9037,0,0,0,0.0,1905,790,1115,10942,6,6,6,5.38,1395,661,734,12337,8,8,9,10.9,3511,2328,1183,15848,11,11,12,9.3,3256,2079,1177,19104,11,11,14,9.35,3546,1596,1950,22650,17,18,21,8.72,,,,,,,,,,,,,,,,,,,,,,,,,
1937cc56-2643-4ac2-8fb6-5547d629d485,2025-08-10 15:24:37 UTC,False,19098,CFOP,Gan 12 UI Maglev,RandomForest,5290,19098,,,gan12,custom_rules,,,,8,0,0,19098,71,72,81,3.72,7003,12022,1958,0,1958,2031,6,6,7,3.06,2288,1241,1047,4319,8,8,9,7.64,1804,1570,234,6123,5,5,5,21.37,3941,806,3135,10064,13,13,14,4.15,3437,890,2547,13501,14,14,14,5.5,2288,1249,1039,15789,10,10,14,9.62,3309,1247,2062,19098,15,16,18,7.27,,,,,,,,,,,,,,,,,,,,,,,,,
f8af6a1b-2d56-42ec-b080-0f89a111d89b,2025-08-10 15:25:37 UTC,False,26478,CFOP,Gan 12 UI Maglev,RandomForest,24636,26478,,,gan12,custom_rules,,,,8,0,0,26478,78,81,88,2.95,8591,17887,4352,0,4352,4352,6,8,9,1.38,7753,1469,6284,12105,18,18,19,2.86,1394,427,967,13499,8,8,8,8.27,3873,2262,1611,17372,11,11,11,6.83,2418,1088,1330,19790,8,8,9,6.02,2226,1178,1048,22016,11,11,12,10.5,4462,2167,2295,26478,16,17,20,6.97,,,,,,,,,,,,,,,,,,,,,,,,,
99fd2b65-7401-4799-9e6f-e9a8db0b9f22,2025-08-10 15:26:53 UTC,False,16511,CFOP,Gan 12 UI Maglev,RandomForest,16727,16511,,,gan12,custom_rules,,,,8,0,0,16511,66,66,71,4.0,7740,8771,2207,0,2207,2207,7,7,10,3.17,3893,2232,1661,6100,9,9,10,5.42,2329,887,1442,8429,10,10,10,6.93,2640,2245,395,11069,4,4,4,10.13,830,330,500,11899,8,8,8,16.0,1498,757,741,13397,9,9,9,12.15,3114,1289,1825,16511,19,19,20,10.41,,,,,,,,,,,,,,,,,,,,,,,,,
a6c20a61-75d9-4911-a191-346bab6fbb03,2025-08-10 15:27:24 UTC,False,15320,CFOP,Gan 12 UI Maglev,RandomForest,3483,15320,,,gan12,custom_rules,,,,8,0,0,15320,50,55,65,3.26,8313,7007,1345,0,1345,1345,5,5,6,3.72,1080,830,250,2425,4,4,5,16.0,2062,507,1555,4487,10,10,11,6.43,1665,1471,194,6152,3,3,3,15.46,2618,2038,580,8770,8,8,9,13.79,3486,1225,2261,12256,12,13,13,5.31,3064,2242,822,15320,9,13,18,10.95,,,,,,,,,,,,,,,,,,,,,,,,,
eaa4934f-f7c8-40aa-b209-fd2498b15bc5,2025-08-10 15:28:05 UTC,False,16514,CFOP,Gan 12 UI Maglev,RandomForest,15849,16514,,,gan12,custom_rules,,,,8,0,0,16514,62,67,79,3.75,4526,11988,2134,0,2134,2134,7,7,8,3.28,1475,846,629,3609,6,7,7,9.54,1709,596,1113,5318,8,8,9,7.19,3585,499,3086,8903,9,9,10,2.92,3241,821,2420,12144,12,12,15,4.96,1998,741,1257,14142,12,12,13,9.55,2372,1023,1349,16514,8,12,17,5.93,,,,,,,,,,,,,,,,,,,,,,,,,
0df0c9e7-5f74-4dbc-9f8e-c4bfef7747f0,2025-08-10 15:29:39 UTC,False,19302,CFOP,Gan 12 UI Maglev,RandomForest,63707,19302,,,gan12,custom_rules,,,,8,0,0,19302,79,79,88,4.09,8464,10838,2006,0,2006,2006,6,6,7,2.99,2562,862,1700,4568,10,10,10,5.88,2358,1004,1354,6926,9,9,11,6.65,3013,2014,999,9939,8,8,9,8.01,2964,2126,838,12903,8,8,11,9.55,2643,1160,1483,15546,19,19,20,12.81,3756,1298,2458,19302,19,19,20,7.73,,,,,,,,,,,,,,,,,,,,,,,,,
01dab9a3-c0bc-456d-87a7-c7701fdbec1c,2025-08-10 19:21:40 UTC,False,23152,CFOP,Gan 12 UI Maglev,RandomForest,26072,23152,,,gan12,custom_rules,,,,8,0,0,23152,73,81,93,3.15,6972,16180,10833,0,10833,10833,30,34,36,2.77,0,0,0,10833,0,0,0,0.0,0,0,0,10833,0,0,0,0.0,4661,2846,1815,15494,16,16,17,8.82,2837,1639,1198,18331,8,8,9,6.68,2111,1093,1018,20442,10,10,13,9.82,2710,1394,1316,23152,9,13,18,6.84,,,,,,,,,,,,,,,,,,,,,,,,,
f99b87f9-f323-4443-b7b2-5a9119c0ae82,2025-08-10 19:22:36 UTC,False,23985,CFOP,Gan 12 UI Maglev,RandomForest,20926,23985,,,gan12,custom_rules,,,,8,0,0,23985,70,70,82,2.92,5837,18148,1939,0,1939,1939,7,7,9,3.61,5110,805,4305,7049,12,12,15,2.79,1360,717,643,8409,6,6,7,9.33,7799,740,7059,16208,18,18,19,2.55,1533,1178,355,17741,3,3,4,8.45,2068,796,1272,19809,13,13,13,10.22,4176,1601,2575,23985,11,11,15,4.27,,,,,,,,,,,,,,,,,,,,,,,,,
2c49d176-e092-4704-a544-93bc7fb08f57,2025-08-11 08:57:04 UTC,False,19765,CFOP,Gan 12 UI Maglev,RandomForest,9362,19765,,,gan12,custom_rules,,,,8,0,0,19765,71,73,79,3.59,8458,11307,2143,0,2143,2143,8,8,9,3.73,3179,2377,802,5322,8,8,9,9.98,4124,1168,2956,9446,16,16,16,5.41,2189,1375,814,11635,8,8,8,9.83,1402,1208,194,13037,4,4,4,20.62,2175,765,1410,15212,10,11,11,7.09,4553,1565,2988,19765,17,18,22,5.69,,,,,,,,,,,,,,,,,,,,,,,,,
696a29f0-bcc8-412e-8456-3569bdfea216,2025-08-11 08:57:56 UTC,False,18945,CFOP,Gan 12 UI Maglev,RandomForest,20112,18945,,,gan12,custom_rules,,,,8,0,0,18945,74,76,81,3.91,6185,12760,2909,0,2909,2909,5,5,7,1.72,3177,1653,1524,6086,12,12,13,7.87,1652,821,831,7738,7,7,7,8.42,2773,846,1927,10511,12,13,13,6.23,1708,741,967,12219,7,7,7,7.24,2160,959,1201,14379,10,10,11,8.33,4566,1165,3401,18945,21,22,23,6.17,,,,,,,,,,,,,,,,,,,,,,,,,
a123c9e4-d7f0-4b97-9c05-0964ca6c5166,2025-08-11 15:22:23 UTC,False,29725,CFOP,Gan 12 UI Maglev,RandomForest,18930,29725,,,gan12,custom_rules,,,,8,0,0,29725,69,69,76,2.32,5392,24333,17323,0,17323,17323,17,17,19,0.98,0,0,0,17323,0,0,0,0.0,2748,1184,1564,20071,8,8,9,5.12,1087,910,177,21158,4,4,6,22.6,2595,976,1619,23753,11,11,12,6.79,3044,1104,1940,26797,13,13,13,6.7,2928,1218,1710,29725,16,16,17,9.36,,,,,,,,,,,,,,,,,,,,,,,,,
1299c3ed-dc7d-4185-803a-f16eb2483e9f,2025-08-11 15:23:03 UTC,False,15061,CFOP,Gan 12 UI Maglev,RandomForest,15976,15061,,,gan12,custom_rules,,,,8,0,0,15061,71,71,82,4.71,5954,9107,1911,0,1911,1911,6,6,8,3.14,2589,1041,1548,4500,10,10,13,6.46,1385,459,926,5885,7,7,8,7.56,1241,653,588,7126,8,8,9,13.61,2499,1710,789,9625,9,9,10,11.41,2454,995,1459,12079,15,15,16,10.28,2982,1096,1886,15061,17,17,18,9.01,,,,,,,,,,,,,,,,,,,,,,,,,
1578d30d-0e06-40df-8f4a-0f1dc0ac5155,2025-08-11 15:26:19 UTC,False,15535,CFOP,Gan 12 UI Maglev,RandomForest,9054,15535,,,gan12,custom_rules,,,,8,0,0,15535,60,60,68,3.86,7201,8334,3333,0,3333,3333,8,8,9,2.4,1818,1280,538,5151,5,5,6,9.29,2158,1884,274,7309,3,3,3,10.95,2014,1377,637,9323,7,7,8,10.99,1796,781,1015,11119,8,8,9,7.88,1702,823,879,12821,8,8,10,9.1,2714,1056,1658,15535,21,21,23,12.67,,,,,,,,,,,,,,,,,,,,,,,,,
5401754f-35dd-467f-b08c-4d8891d7b11d,2025-08-11 15:27:11 UTC,False,13566,CFOP,Gan 12 UI Maglev,RandomForest,28474,13566,,,gan12,custom_rules,,,,8,0,0,13566,60,60,65,4.42,5292,8274,1991,0,1991,1991,7,7,7,3.52,2119,637,1482,4110,8,8,8,5.4,1772,846,926,5882,7,7,9,7.56,1838,517,1321,7720,6,6,6,4.54,1564,1105,459,9284,7,7,7,15.25,1582,857,725,10866,8,8,10,11.03,2700,1330,1370,13566,17,17,18,12.41,,,,,,,,,,,,,,,,,,,,,,,,,
b0230fcc-71d7-4f41-9f1c-aad632f1e6bb,2025-08-11 15:28:14 UTC,False,46575,CFOP,Gan 12 UI Maglev,RandomForest,6976,46575,,,gan12,custom_rules,,,,8,0,0,46575,157,161,172,3.37,8505,38070,1201,0,1201,1201,7,8,8,5.83,2177,1145,1032,3378,7,7,7,6.78,2035,330,1705,5413,12,12,13,7.04,2821,1902,919,8234,8,8,10,8.71,3493,1962,1531,11727,10,10,10,6.53,10993,1225,9768,22720,32,34,38,3.28,23855,1941,21914,46575,82,83,86,3.74,,,,,,,,,,,,,,,,,,,,,,,,,
c5c6ad2c-facf-44fc-a33a-ca35e13498a0,2025-08-11 15:29:04 UTC,False,18822,CFOP,Gan 12 UI Maglev,RandomForest,22678,18822,,,gan12,custom_rules,,,,8,0,0,18822,67,67,77,3.56,6470,12352,2441,0,2441,2441,4,4,4,1.64,3228,637,2591,5669,8,8,10,3.09,2908,1635,1273,8577,8,8,10,6.28,2777,1459,1318,11354,7,7,7,5.31,2683,983,1700,14037,13,13,14,7.65,2577,862,1715,16614,15,15,17,8.75,2208,894,1314,18822,12,12,15,9.13,,,,,,,,,,,,,,,,,,,,,,,,,
b444bb7b-d9ec-4c33-be47-47bfff0db38b,2025-08-11 15:29:44 UTC,False,19287,CFOP,Gan 12 UI Maglev,RandomForest,12678,19287,,,gan12,custom_rules,,,,8,0,0,19287,75,81,92,3.89,5987,13300,1459,0,1459,1459,8,8,8,5.48,5377,966,4411,6836,15,15,15,3.4,1603,1240,363,8439,4,4,4,11.02,1998,612,1386,10437,11,11,12,7.94,1281,588,693,11718,7,7,8,10.1,3730,837,2893,15448,21,21,24,7.26,3839,1744,2095,19287,10,16,21,4.77,,,,,,,,,,,,,,,,,,,,,,,,,
6a4dbe04-c74e-417b-b718-bc9c8bc1939a,2025-08-11 15:30:23 UTC,False,17560,CFOP,Gan 12 UI Maglev,RandomForest,10918,17560,,,gan12,custom_rules,,,,8,0,0,17560,72,73,81,4.1,5510,12050,2321,0,2321,2321,8,8,8,3.45,1523,612,911,3844,7,7,7,7.68,1151,330,821,4995,8,8,8,9.74,3594,1644,1950,8589,7,7,7,3.59,3485,838,2647,12074,14,14,17,5.29,2867,885,1982,14941,14,14,17,7.06,2619,1201,1418,17560,14,15,17,9.87,,,,,,,,,,,,,,,,,,,,,,,,,
8faeb6b1-eac6-4063-bd04-d88df7f6b47b,2025-08-11 15:30:58 UTC,False,16533,CFOP,Gan 12 UI Maglev,RandomForest,9422,16533,,,gan12,custom_rules,,,,8,0,0,16533,65,65,73,3.93,5713,10280,2449,0,2449,2989,6,6,7,2.45,2522,1757,765,5511,8,8,9,10.46,2578,613,1965,8089,8,8,9,4.07,1748,629,1119,9837,8,8,9,7.15,1635,442,1193,11472,8,8,9,6.71,2336,1402,934,13808,9,9,11,9.64,2725,870,1855,16533,18,18,19,9.7,,,,,,,,,,,,,,,,,,,,,,,,,
55b0b6ca-1712-48cb-9c57-4ce5cabf3bb1,2025-08-11 15:31:30 UTC,False,15086,CFOP,Gan 12 UI Maglev,RandomForest,8047,15086,,,gan12,custom_rules,,,,8,0,0,15086,62,64,76,4.11,6754,8332,1740,0,1740,1740,5,6,8,2.87,1942,1072,870,3682,8,8,9,9.2,1705,886,819,5387,8,8,9,9.77,1200,548,652,6587,8,8,9,12.27,1998,887,1111,8585,8,8,9,7.2,2094,1395,699,10679,8,8,9,11.44,4407,1966,2441,15086,17,18,23,6.96,,,,,,,,,,,,,,,,,,,,,,,,,
6f24cec0-0d4c-4f66-990a-20b31239d4f3,2025-08-11 15:32:17 UTC,False,18798,CFOP,Gan 12 UI Maglev,RandomForest,19466,18798,,,gan12,custom_rules,,,,8,0,0,18798,66,67,73,3.51,6108,12690,6097,0,6097,6097,16,17,20,2.62,0,0,0,6097,0,0,0,0.0,3038,1475,1563,9135,11,11,13,7.04,2105,935,1170,11240,6,6,7,5.13,2079,1249,830,13319,8,8,8,9.64,1604,999,605,14923,7,7,7,11.57,3875,1450,2425,18798,18,18,18,7.42,,,,,,,,,,,,,,,,,,,,,,,,,
f61ad938-d803-4a34-8d63-3dccc26335ad,2025-08-11 15:33:03 UTC,False,21128,CFOP,Gan 12 UI Maglev,RandomForest,13425,21128,,,gan12,custom_rules,,,,8,0,0,21128,80,81,89,3.79,6842,14286,2224,0,2224,2224,6,6,8,2.7,1056,331,725,3280,7,7,7,9.66,2477,1435,1042,5757,7,7,7,6.72,1354,1088,266,7111,4,4,6,15.04,5466,1265,4201,12577,23,23,26,5.47,4467,821,3646,17044,15,16,17,4.11,4084,1902,2182,21128,18,18,18,8.25,,,,,,,,,,,,,,,,,,,,,,,,,
966f6b89-821f-4ed9-8487-35f8f7708386,2025-08-11 15:33:49 UTC,False,19528,CFOP,Gan 12 UI Maglev,RandomForest,16021,19528,,,gan12,custom_rules,,,,8,0,0,19528,58,64,75,2.97,5001,14527,10609,0,10609,10609,26,28,30,2.45,0,0,0,10609,0,0,0,0.0,0,0,0,10609,0,0,0,0.0,1918,991,927,12527,8,8,10,8.63,1942,1217,725,14469,8,8,10,11.03,2671,1334,1337,17140,8,8,8,5.98,2388,1459,929,19528,8,12,17,8.61,,,,,,,,,,,,,,,,,,,,,,,,,
b51d4926-1455-4064-b9a0-b0f2f1ed327e,2025-08-11 15:34:27 UTC,False,15455,CFOP,Gan 12 UI Maglev,RandomForest,15194,15455,,,gan12,custom_rules,,,,8,0,0,15455,64,64,72,4.14,8808,6647,1611,0,1611,1611,5,5,7,3.1,4643,3789,854,6254,10,10,11,11.71,1925,1063,862,8179,8,8,9,9.28,1999,1491,508,10178,8,8,9,15.75,1320,676,644,11498,8,8,9,12.42,1580,621,959,13078,11,11,12,11.47,2377,1168,1209,15455,14,14,15,11.58,,,,,,,,,,,,,,,,,,,,,,,,,
e3e42674-c7f6-4316-982b-8e6bde1f753a,2025-08-11 15:35:08 UTC,False,12686,CFOP,Gan 12 UI Maglev,RandomForest,17696,12686,,,gan12,custom_rules,,,,8,0,0,12686,53,54,58,4.18,5554,7132,1023,0,1023,1023,6,6,6,5.87,2498,1104,1394,3521,11,12,12,7.89,1653,757,896,5174,8,8,8,8.93,2305,1201,1104,7479,8,8,10,7.25,2200,1096,1104,9679,9,9,10,8.15,2547,936,1611,12226,10,10,11,6.21,460,460,0,12686,1,1,1,,,,,,,,,,,,,,,,,,,,,,,,,,
c0139864-6e05-4553-b2b7-e8b5a4963f3e,2025-08-11 15:35:45 UTC,False,16519,CFOP,Gan 12 UI Maglev,RandomForest,9777,16519,,,gan12,custom_rules,,,,8,0,0,16519,72,73,82,4.36,8263,8256,1329,0,1329,1329,6,6,6,4.51,2772,1411,1361,4101,9,9,12,6.61,2437,1832,605,6538,8,8,8,13.22,2006,1345,661,8544,8,8,10,12.1,1973,1458,515,10517,8,8,8,15.53,2081,904,1177,12598,14,14,15,11.89,3921,1313,2608,16519,19,20,23,7.29,,,,,,,,,,,,,,,,,,,,,,,,,
3702da77-fd1c-486a-942a-e64d56c5cef3,2025-08-11 15:36:31 UTC,False,24867,CFOP,Gan 12 UI Maglev,RandomForest,12179,24867,,,gan12,custom_rules,,,,8,0,0,24867,94,96,111,3.78,7455,17267,3682,0,3682,3827,9,9,11,2.44,3780,1024,2756,7607,12,12,15,4.35,2549,1281,1268,10156,9,9,11,7.1,5311,1354,3957,15467,17,17,19,4.3,2699,1547,1152,18166,12,12,14,10.42,3438,774,2664,21604,19,19,21,7.13,3263,1475,1788,24867,16,18,20,8.95,,,,,,,,,,,,,,,,,,,,,,,,,
1ef0210d-1840-4b2a-b5d3-3d854c8d2a63,2025-08-11 15:37:37 UTC,False,47904,CFOP,Gan 12 UI Maglev,RandomForest,8528,47904,,,gan12,custom_rules,,,,8,0,0,47904,146,151,172,3.05,4997,42907,2481,0,2481,2481,8,8,10,3.22,3682,1716,1966,6163,9,10,10,4.58,1869,644,1225,8032,9,9,10,7.35,1876,370,1506,9908,11,11,12,7.3,2957,122,2835,12865,10,10,11,3.53,1233,645,588,14098,7,7,8,11.9,33806,1500,32306,47904,93,97,111,2.88,,,,,,,,,,,,,,,,,,,,,,,,,
034b95f3-72f5-4025-90de-92337178e7e0,2025-08-11 15:38:04 UTC,False,12475,CFOP,Gan 12 UI Maglev,RandomForest,4795,12475,,,gan12,custom_rules,,,,8,0,0,12475,60,63,70,4.81,4838,7637,1877,0,1877,1877,5,5,7,2.66,1611,572,1039,3488,9,10,10,8.66,1346,661,685,4834,6,7,8,8.76,2139,1173,966,6973,8,8,9,8.28,1539,564,975,8512,6,6,7,6.15,1789,1056,733,10301,10,11,12,13.64,2174,812,1362,12475,16,16,17,11.75,,,,,,,,,,,,,,,,,,,,,,,,,
56e3e0d4-6ef6-4993-a293-934b2eed63fd,2025-08-11 15:38:48 UTC,False,17627,CFOP,Gan 12 UI Maglev,RandomForest,14792,17627,,,gan12,custom_rules,,,,8,0,0,17627,77,77,91,4.37,5810,11817,942,0,942,942,5,5,6,5.31,1410,565,845,2352,8,8,10,9.47,3186,694,2492,5538,9,9,11,3.61,3174,1176,1998,8712,12,12,15,6.01,1549,838,711,10261,8,8,9,11.25,2723,1232,1491,12984,15,15,16,10.06,4643,1305,3338,17627,21,21,24,6.29,,,,,,,,,,,,,,,,,,,,,,,,,
6230577b-68bd-4284-ab55-407527d30947,2025-08-11 15:39:28 UTC,False,20483,CFOP,Gan 12 UI Maglev,RandomForest,6072,20483,,,gan12,custom_rules,,,,8,0,0,20483,81,81,89,3.95,7505,12978,2031,0,2031,2031,8,8,10,3.94,3577,2481,1096,5608,9,9,10,8.21,3207,700,2507,8815,7,7,8,2.79,5242,790,4452,14057,21,21,23,4.72,2632,1810,822,16689,10,10,11,12.17,1555,814,741,18244,8,8,9,10.8,2239,910,1329,20483,18,18,18,13.54,,,,,,,,,,,,,,,,,,,,,,,,,
f5e5a690-3be7-46b6-83c0-7e028c1ee89f,2025-08-11 15:40:09 UTC,False,16562,CFOP,Gan 12 UI Maglev,RandomForest,12732,16562,,,gan12,custom_rules,,,,8,0,0,16562,74,78,92,4.47,5908,10654,1080,0,1080,1080,5,5,7,4.63,3046,854,2192,4126,11,11,13,5.02,1649,749,900,5775,8,8,10,8.89,2571,541,2030,8346,12,12,13,5.91,2087,1329,758,10433,10,10,10,13.19,3376,1250,2126,13809,19,19,20,8.94,2753,1185,1568,16562,9,13,19,5.74,,,,,,,,,,,,,,,,,,,,,,,,,
d1ad0aca-6c0e-4f00-80dd-7286503063f0,2025-08-11 15:40:55 UTC,False,17483,CFOP,Gan 12 UI Maglev,RandomForest,17692,17483,,,gan12,custom_rules,,,,8,0,0,17483,72,79,96,4.12,6476,10966,854,0,854,895,4,4,5,4.68,1659,1160,499,2554,8,8,9,16.03,3564,854,2710,6118,12,12,15,4.43,1112,943,169,7230,3,3,3,17.75,1982,1257,725,9212,8,8,10,11.03,4654,1278,3376,13866,23,23,29,6.81,3617,984,2633,17483,14,21,25,5.32,,,,,,,,,,,,,,,,,,,,,,,,,
0c87e2f2-5eba-47b5-87ab-34d75229c741,2025-08-11 15:41:25 UTC,False,14064,CFOP,Gan 12 UI Maglev,RandomForest,6254,14064,,,gan12,custom_rules,,,,8,0,0,14064,71,72,79,5.05,3936,10128,1918,0,1918,1918,6,6,7,3.13,1878,782,1096,3796,9,10,11,8.21,1908,363,1545,5704,7,7,7,4.53,1580,363,1217,7284,8,8,10,6.57,2305,838,1467,9589,12,12,13,8.18,2122,784,1338,11711,13,13,13,9.72,2353,806,1547,14064,16,16,18,10.34,,,,,,,,,,,,,,,,,,,,,,,,,
83ab5deb-7982-460f-b245-9441bf31f0eb,2025-08-11 15:41:58 UTC,False,15416,CFOP,Gan 12 UI Maglev,RandomForest,5724,15416,,,gan12,custom_rules,,,,8,0,0,15416,63,63,76,4.09,6783,8633,1410,0,1410,1410,6,6,9,4.26,1532,1000,532,2942,6,6,7,11.28,1708,1515,193,4650,4,4,4,20.73,2646,913,1733,7296,10,10,13,5.77,2071,1597,474,9367,8,8,9,16.88,4074,903,3171,13441,14,14,18,4.42,1975,855,1120,15416,15,15,16,13.39,,,,,,,,,,,,,,,,,,,,,,,,,
81feb19c-b94a-4adf-8f33-ad549cab95cc,2025-08-11 15:42:36 UTC,False,18925,CFOP,Gan 12 UI Maglev,RandomForest,6588,18925,,,gan12,custom_rules,,,,8,0,0,18925,61,62,71,3.22,9369,9556,2385,0,2385,2385,7,7,8,2.94,3976,3082,894,6361,7,7,8,7.83,3272,717,2555,9633,9,10,10,3.52,2004,1013,991,11637,8,8,10,8.07,2257,1596,661,13894,8,8,9,12.1,2719,1873,846,16613,7,7,9,8.27,2312,1088,1224,18925,15,15,17,12.25,,,,,,,,,,,,,,,,,,,,,,,,,
e301af7f-bae4-4480-9b80-94ef8f15b9a7,2025-08-11 15:43:23 UTC,False,26942,CFOP,Gan 12 UI Maglev,RandomForest,8418,26942,,,gan12,custom_rules,,,,8,0,0,26942,84,93,109,3.12,4418,22524,13329,0,13329,13329,36,39,46,2.7,0,0,0,13329,0,0,0,0.0,0,0,0,13329,0,0,0,0.0,0,0,0,13329,0,0,0,0.0,3268,2173,1095,16597,8,8,10,7.31,1714,611,1103,18311,12,12,12,10.88,8631,1634,6997,26942,28,34,41,4.0,,,,,,,,,,,,,,,,,,,,,,,,,
e9ba9af9-99a5-40a6-94bc-2482d3d47e2a,2025-08-11 15:44:13 UTC,False,22581,CFOP,Gan 12 UI Maglev,RandomForest,18408,22581,,,gan12,custom_rules,,,,8,0,0,22581,83,83,99,3.68,8947,13634,1885,0,1885,1885,7,7,9,3.71,3318,926,2392,5203,14,14,16,5.85,4187,1361,2826,9390,13,13,15,4.6,2278,347,1931,11668,10,10,10,5.18,3077,2320,757,14745,10,10,10,13.21,2207,628,1579,16952,14,14,17,8.87,5629,3365,2264,22581,16,16,22,7.07,,,,,,,,,,,,,,,,,,,,,,,,,
0e98fb0e-a452-4ec4-bab7-1719780e3f2c,2025-08-11 15:44:49 UTC,False,15121,CFOP,Gan 12 UI Maglev,RandomForest,8533,15121,,,gan12,custom_rules,,,,8,0,0,15121,62,62,75,4.1,6631,8410,1209,0,1209,1289,4,4,7,3.31,1442,773,669,2731,8,8,9,11.96,2752,1401,1351,5483,8,8,9,5.92,2659,1241,1418,8142,11,11,13,7.76,1934,1031,903,10076,7,7,9,7.75,1983,1097,886,12059,8,8,10,9.03,3062,1088,1974,15121,16,16,18,8.11,,,,,,,,,,,,,,,,,,,,,,,,,
8173194d-9cbd-4375-b480-e50fd76693d1,2025-08-11 15:45:31 UTC,False,22449,CFOP,Gan 12 UI Maglev,RandomForest,10255,22449,,,gan12,custom_rules,,,,8,0,0,22449,82,82,91,3.65,7672,14777,2047,0,2047,2047,8,8,9,3.91,6776,2441,4335,8823,15,15,15,3.46,4104,1549,2555,12927,9,9,11,3.52,1224,507,717,14151,8,8,8,11.16,1474,629,845,15625,7,7,8,8.28,2942,1322,1620,18567,18,18,20,11.11,3882,1224,2658,22449,17,17,20,6.4,,,,,,,,,,,,,,,,,,,,,,,,,
2bc4438b-72a5-4783-86d3-ea414800731f,2025-08-11 15:46:17 UTC,False,19211,CFOP,Gan 12 UI Maglev,RandomForest,17715,19211,,,gan12,custom_rules,,,,8,0,0,19211,70,72,84,3.64,7214,11997,2320,0,2320,2320,7,7,8,3.02,1540,105,1435,3860,7,7,9,4.88,2466,1568,898,6326,8,9,9,8.91,2753,1939,814,9079,8,8,8,9.83,2032,1273,759,11111,9,9,9,11.86,1548,798,750,12659,8,8,10,10.67,6552,1531,5021,19211,24,25,31,4.78,,,,,,,,,,,,,,,,,,,,,,,,,
109f9adc-6318-452c-81d2-2280f06e1157,2025-08-11 15:46:49 UTC,False,16793,CFOP,Gan 12 UI Maglev,RandomForest,4186,16793,,,gan12,custom_rules,,,,8,0,0,16793,59,59,69,3.51,6883,9862,2136,0,2136,2184,5,5,7,2.34,2014,1088,926,4198,6,6,6,6.48,2725,1693,1032,6923,9,9,10,8.72,2127,1572,555,9050,7,7,10,12.61,1305,685,620,10355,7,7,7,11.29,2079,1015,1064,12434,7,7,8,6.58,4359,830,3529,16793,19,19,21,5.38,,,,,,,,,,,,,,,,,,,,,,,,,
fb0e9ec5-b0fd-44bc-9bd2-9c2bd66849f8,2025-08-11 15:47:25 UTC,False,15411,CFOP,Gan 12 UI Maglev,RandomForest,12131,15411,,,gan12,custom_rules,,,,8,0,0,15411,71,73,81,4.61,6276,9079,1773,0,1773,1829,5,5,6,2.82,1506,1273,233,3335,4,4,5,17.17,1378,653,725,4713,6,7,7,8.28,2960,889,2071,7673,17,17,17,8.21,1950,991,959,9623,9,9,10,9.38,2847,979,1868,12470,17,17,19,9.1,2941,1491,1450,15411,13,14,17,8.97,,,,,,,,,,,,,,,,,,,,,,,,,
098d11be-6ecf-456b-87c8-98245d1327b8,2025-08-11 15:48:13 UTC,False,25162,CFOP,Gan 12 UI Maglev,RandomForest,12873,25162,,,gan12,custom_rules,,,,8,0,0,25162,83,88,100,3.3,6879,18283,8743,0,8743,8743,21,22,24,2.4,0,0,0,8743,0,0,0,0.0,1875,975,900,10618,8,8,10,8.89,2304,1144,1160,12922,7,7,7,6.03,2007,1136,871,14929,9,9,12,10.33,6691,1734,4957,21620,23,26,29,4.64,3542,1890,1652,25162,15,16,18,9.08,,,,,,,,,,,,,,,,,,,,,,,,,
7a4f2df2-1017-4481-9361-2bfdf6875632,2025-08-11 15:49:02 UTC,False,29098,CFOP,Gan 12 UI Maglev,RandomForest,10780,29098,,,gan12,custom_rules,,,,8,0,0,29098,71,73,81,2.44,13004,16094,6515,0,6515,6515,10,10,11,1.53,7671,5898,1773,14186,8,8,10,4.51,3663,2152,1511,17849,8,8,9,5.29,2490,1337,1153,20339,7,7,7,6.07,2644,580,2064,22983,12,12,14,5.81,3087,1798,1289,26070,12,12,12,9.31,3028,1239,1789,29098,14,16,18,7.83,,,,,,,,,,,,,,,,,,,,,,,,,
ccde8006-f142-4a19-96f6-edb983203021,2025-08-11 15:49:46 UTC,False,17428,CFOP,Gan 12 UI Maglev,RandomForest,15938,17428,,,gan12,custom_rules,,,,8,0,0,17428,74,74,82,4.25,5515,11913,2618,0,2618,2618,14,14,14,5.35,0,0,0,2618,0,0,0,0.0,1603,870,733,4221,8,8,9,10.91,6496,1134,5362,10717,16,16,20,2.98,1457,981,476,12174,8,8,9,16.81,2320,1603,717,14494,8,8,9,11.16,2934,927,2007,17428,20,20,21,9.97,,,,,,,,,,,,,,,,,,,,,,,,,
fa4f6d40-a236-4b1c-825c-d20c76eac432,2025-08-11 15:50:19 UTC,False,19839,CFOP,Gan 12 UI Maglev,RandomForest,4576,19839,,,gan12,custom_rules,,,,8,0,0,19839,79,79,94,3.98,6519,13320,1819,0,1819,1819,7,7,8,3.85,1587,701,886,3406,8,8,10,9.03,4450,612,3838,7856,15,15,19,3.91,1716,789,927,9572,8,8,9,8.63,2726,1920,806,12298,13,13,13,16.13,4198,950,3248,16496,17,17,19,5.23,3343,1547,1796,19839,11,11,16,6.12,,,,,,,,,,,,,,,,,,,,,,,,,
05cef577-54fe-4490-ac90-dd6c7e987310,2025-08-11 15:51:07 UTC,False,22423,CFOP,Gan 12 UI Maglev,RandomForest,15042,22423,,,gan12,custom_rules,,,,8,0,0,22423,67,68,82,2.99,10224,12199,6375,0,6375,6375,10,10,14,1.57,1345,701,644,7720,6,6,8,9.32,3000,2175,825,10720,9,9,11,10.91,3054,2288,766,13774,6,6,6,7.83,3158,2385,773,16932,8,8,9,10.35,2135,1104,1031,19067,12,12,13,11.64,3356,1571,1785,22423,16,17,21,8.96,,,,,,,,,,,,,,,,,,,,,,,,,
7d975144-e567-4c60-bc77-1ba2c64b6975,2025-08-11 15:51:41 UTC,False,14561,CFOP,Gan 12 UI Maglev,RandomForest,11820,14561,,,gan12,custom_rules,,,,8,0,0,14561,64,64,72,4.4,4060,10501,2337,0,2337,2337,8,8,10,3.42,3684,233,3451,6021,9,9,11,2.61,1997,684,1313,8018,8,8,9,6.09,2079,1080,999,10097,8,8,9,8.01,1257,637,620,11354,8,8,8,12.9,1120,540,580,12474,8,8,8,13.79,2087,886,1201,14561,15,15,17,12.49,,,,,,,,,,,,,,,,,,,,,,,,,
a95c4a78-d4de-494e-ad5c-5fd3c18f1279,2025-08-11 15:52:21 UTC,False,16515,CFOP,Gan 12 UI Maglev,RandomForest,13186,16515,,,gan12,custom_rules,,,,8,0,0,16515,62,63,72,3.75,7095,9420,4255,0,4255,4255,13,13,16,3.06,0,0,0,4255,0,0,0,0.0,2105,1364,741,6360,8,8,9,10.8,4221,2635,1586,10581,12,12,13,7.57,1817,1325,492,12398,8,8,8,16.26,1169,612,557,13567,7,7,8,12.57,2948,1159,1789,16515,14,15,18,7.83,,,,,,,,,,,,,,,,,,,,,,,,,
9920f202-e29e-49a1-a6f0-6a5671dfbc8a,2025-08-11 15:53:04 UTC,False,15826,CFOP,Gan 12 UI Maglev,RandomForest,14693,15826,,,gan12,custom_rules,,,,8,0,0,15826,75,79,84,4.74,3995,11831,3472,0,3472,3472,11,11,11,3.17,1942,581,1361,5414,8,8,9,5.88,322,129,193,5736,3,3,3,15.54,3006,629,2377,8742,13,13,13,5.47,1273,540,733,10015,11,11,11,15.01,2905,939,1966,12920,17,18,18,8.65,2906,1177,1729,15826,15,17,19,8.68,,,,,,,,,,,,,,,,,,,,,,,,,
1b054734-8af4-4c0e-96cf-5b3f08b0df1a,2025-08-11 15:53:45 UTC,False,20126,CFOP,Gan 12 UI Maglev,RandomForest,10621,20126,,,gan12,custom_rules,,,,8,0,0,20126,69,70,76,3.43,8438,11688,3110,0,3110,3110,6,6,7,1.93,2277,1039,1238,5387,7,7,8,5.65,2264,1378,886,7651,6,6,7,6.77,4955,1289,3666,12606,16,16,17,4.36,1966,1297,669,14572,8,8,8,11.96,1848,1139,709,16420,10,11,12,14.1,3706,2296,1410,20126,16,16,17,11.35,,,,,,,,,,,,,,,,,,,,,,,,,
085e9047-8f0f-4f74-89b5-94fee7624efc,2025-08-11 15:54:21 UTC,False,19097,CFOP,Gan 12 UI Maglev,RandomForest,6570,19097,,,gan12,custom_rules,,,,8,0,0,19097,63,64,73,3.3,9580,9517,3730,0,3730,3730,7,7,8,1.88,2754,2198,556,6484,9,9,9,16.19,4037,3006,1031,10521,10,10,12,9.7,1515,1023,492,12036,4,4,5,8.13,1136,588,548,13172,8,8,9,14.6,1894,1136,758,15066,7,7,8,9.23,4031,1629,2402,19097,18,19,22,7.49,,,,,,,,,,,,,,,,,,,,,,,,,
e88191eb-07ab-4f92-bd0d-023b52fa3285,2025-08-11 15:55:05 UTC,False,19941,CFOP,Gan 12 UI Maglev,RandomForest,11496,19941,,,gan12,custom_rules,,,,8,0,0,19941,74,76,86,3.71,7212,12729,4077,0,4077,4077,12,12,15,2.94,0,0,0,4077,0,0,0,0.0,3017,1372,1645,7094,10,10,12,6.08,2159,1933,226,9253,4,4,4,17.7,3889,523,3366,13142,20,20,21,5.94,2489,895,1594,15631,14,14,15,8.78,4310,2489,1821,19941,15,17,19,8.24,,,,,,,,,,,,,,,,,,,,,,,,,
f4676ff5-1c74-46fc-807a-df9182ec18f2,2025-08-11 15:56:12 UTC,False,16851,CFOP,Gan 12 UI Maglev,RandomForest,40734,16851,,,gan12,custom_rules,,,,8,0,0,16851,59,59,73,3.5,7154,9697,1861,0,1861,1861,5,5,7,2.69,3176,766,2410,5037,8,8,10,3.32,2184,733,1451,7221,11,11,14,7.58,1555,845,710,8776,8,8,8,11.27,1460,1087,373,10236,3,3,3,8.04,2618,1402,1216,12854,13,13,16,10.69,3997,2321,1676,16851,11,11,15,6.56,,,,,,,,,,,,,,,,,,,,,,,,,
0f568a94-0f99-4426-992d-b1e7c2dc0af5,2025-08-11 15:56:48 UTC,False,18201,CFOP,Gan 12 UI Maglev,RandomForest,9430,18201,,,gan12,custom_rules,,,,8,0,0,18201,67,68,77,3.68,9111,9050,959,0,959,999,4,5,6,4.17,3457,2409,1048,4456,8,8,8,7.63,3351,1038,2313,7807,10,10,11,4.32,2215,1393,822,10022,8,8,9,9.73,2544,1392,1152,12566,8,8,8,6.94,2481,1321,1160,15047,13,13,16,11.21,3154,1558,1596,18201,16,16,19,10.03,,,,,,,,,,,,,,,,,,,,,,,,,
94f5e828-c7f5-46da-8788-d2c97442ac8e,2025-08-11 15:57:33 UTC,False,18907,CFOP,Gan 12 UI Maglev,RandomForest,16701,18907,,,gan12,custom_rules,,,,8,0,0,18907,78,79,80,4.13,7430,11477,2876,0,2876,2876,8,8,8,2.78,2399,669,1730,5275,11,11,11,6.36,2756,2071,685,8031,7,8,8,10.22,3163,1104,2059,11194,14,14,15,6.8,2426,1346,1080,13620,8,8,8,7.41,1645,645,1000,15265,12,12,12,12.0,3642,1595,2047,18907,18,18,18,8.79,,,,,,,,,,,,,,,,,,,,,,,,,
3094780c-eb89-41f5-8955-59e5079054c0,2025-08-11 15:58:18 UTC,False,19069,CFOP,Gan 12 UI Maglev,RandomForest,12678,19069,,,gan12,custom_rules,,,,8,0,0,19069,67,68,77,3.51,6058,12946,6904,0,6904,6969,10,10,13,1.45,1845,991,854,8814,6,7,8,7.03,1920,1064,856,10734,8,8,9,9.35,1587,628,959,12321,7,7,7,7.3,1386,838,548,13707,7,7,8,12.77,1954,998,956,15661,12,12,13,12.55,3408,1539,1869,19069,17,17,19,9.1,,,,,,,,,,,,,,,,,,,,,,,,,
d85beafc-7976-40c6-9bdf-15c4c22e1da6,2025-08-11 15:59:37 UTC,False,16257,CFOP,Gan 12 UI Maglev,RandomForest,54064,16257,,,gan12,custom_rules,,,,8,0,0,16257,64,68,78,3.94,5975,10282,822,0,822,822,4,4,4,4.87,838,636,202,1660,4,4,4,19.8,3109,1039,2070,4769,8,8,9,3.86,2424,1457,967,7193,8,8,8,8.27,1466,773,693,8659,7,7,8,10.1,4900,862,4038,13559,24,24,26,5.94,2698,1208,1490,16257,9,13,19,6.04,,,,,,,,,,,,,,,,,,,,,,,,,
e718ecc4-c9e9-4260-a298-303b5dc8e046,2025-08-11 16:00:28 UTC,False,24208,CFOP,Gan 12 UI Maglev,RandomForest,16068,24208,,,gan12,custom_rules,,,,8,0,0,24208,90,96,108,3.72,7145,17063,2684,0,2684,2684,7,7,7,2.61,3913,935,2978,6597,14,14,15,4.7,1193,266,927,7790,9,10,10,9.71,2554,1830,724,10344,9,9,10,12.43,4215,1716,2499,14559,11,11,14,4.4,7102,1189,5913,21661,31,32,33,5.24,2547,1209,1338,24208,9,13,19,6.73,,,,,,,,,,,,,,,,,,,,,,,,,
9dbb1757-4d9f-40f4-9658-4a07f638c080,2025-08-11 16:01:01 UTC,False,17290,CFOP,Gan 12 UI Maglev,RandomForest,6288,17290,,,gan12,custom_rules,,,,8,0,0,17290,64,65,69,3.7,7234,10056,1467,0,1467,1467,7,7,7,4.77,2775,1047,1728,4242,10,11,12,5.79,2423,585,1838,6665,7,7,7,3.81,4693,2660,2033,11358,13,13,13,6.39,1306,1072,234,12664,4,4,4,17.09,2320,829,1491,14984,8,8,10,5.37,2306,1041,1265,17290,15,15,16,11.86,,,,,,,,,,,,,,,,,,,,,,,,,
cf39315e-2ac7-43c6-a617-cbbbf3d6bdd6,2025-08-11 16:04:42 UTC,False,15650,CFOP,Gan 12 UI Maglev,RandomForest,15390,15650,,,gan12,custom_rules,,,,8,0,0,15650,64,66,70,4.09,6539,9111,2844,0,2844,2844,12,12,12,4.22,0,0,0,2844,0,0,0,0.0,2963,1104,1859,5807,11,11,11,5.92,2812,2103,709,8619,6,7,8,8.46,1980,1096,884,10599,8,8,8,9.05,2243,1337,906,12842,11,12,13,12.14,2808,899,1909,15650,16,16,18,8.38,,,,,,,,,,,,,,,,,,,,,,,,,
f30aaad0-72db-45e7-b372-3fc95557083e,2025-08-11 16:05:16 UTC,False,17730,CFOP,Gan 12 UI Maglev,RandomForest,9399,17730,,,gan12,custom_rules,,,,8,0,0,17730,69,77,90,3.89,8290,9440,1265,0,1265,1265,7,7,7,5.53,4545,1297,3248,5810,12,13,13,3.69,2353,1491,862,8163,8,8,10,9.28,1659,1096,563,9822,8,8,9,14.21,1797,670,1127,11619,11,11,12,9.76,3452,2393,1059,15071,13,15,17,12.28,2659,1343,1316,17730,10,15,22,7.6,,,,,,,,,,,,,,,,,,,,,,,,,
642f80cf-334a-414e-a847-af7a7eef4cb6,2025-08-11 16:05:57 UTC,False,18541,CFOP,Gan 12 UI Maglev,RandomForest,11856,18541,,,gan12,custom_rules,,,,8,0,0,18541,69,70,85,3.72,8987,9554,1708,0,1708,1708,6,6,6,3.51,1652,1007,645,3360,6,6,8,9.3,3068,1039,2029,6428,11,11,13,5.42,2079,1354,725,8507,8,8,11,11.03,3219,2220,999,11726,9,9,11,9.01,3110,2063,1047,14836,11,11,14,10.51,3705,1304,2401,18541,18,19,22,7.5,,,,,,,,,,,,,,,,,,,,,,,,,
0e2cc949-5d5b-4bc6-aa04-93f7bceabbd8,2025-08-11 16:07:48 UTC,False,15964,CFOP,Gan 12 UI Maglev,RandomForest,14179,15964,,,gan12,custom_rules,,,,8,0,0,15964,68,70,80,4.26,4893,11071,3272,0,3272,3272,11,11,13,3.36,0,0,0,3272,0,0,0,0.0,3110,1249,1861,6382,8,8,9,4.3,1612,524,1088,7994,8,8,9,7.35,1466,652,814,9460,8,8,10,9.83,3209,1058,2151,12669,16,16,18,7.44,3295,1410,1885,15964,17,19,21,9.02,,,,,,,,,,,,,,,,,,,,,,,,,
508ff1b5-b061-4563-97c4-42f27a5be736,2025-08-11 16:09:23 UTC,False,18861,CFOP,Gan 12 UI Maglev,RandomForest,52498,18861,,,gan12,custom_rules,,,,8,0,0,18861,71,71,80,3.76,7670,11191,1861,0,1861,1861,7,7,7,3.76,3013,1353,1660,4874,8,8,9,4.82,5162,1851,3311,10036,14,14,16,4.23,1740,974,766,11776,7,7,8,9.14,1530,982,548,13306,7,7,8,12.77,2731,886,1845,16037,13,13,15,7.05,2824,1624,1200,18861,15,15,17,12.5,,,,,,,,,,,,,,,,,,,,,,,,,
4f0509a3-991b-4f35-b0c1-b0c8f6340ae7,2025-08-11 16:22:07 UTC,False,20536,CFOP,Gan 12 UI Maglev,RandomForest,45063,20536,,,gan12,custom_rules,,,,8,0,0,20536,82,83,91,3.99,5134,15402,3964,0,3964,3964,12,12,13,3.03,0,0,0,3964,0,0,0,0.0,2018,895,1123,5982,9,9,9,8.01,3239,644,2595,9221,11,11,12,4.24,2152,1201,951,11373,8,8,12,8.41,3618,902,2716,14991,22,22,22,8.1,5545,1492,4053,20536,20,21,23,4.93,,,,,,,,,,,,,,,,,,,,,,,,,
07fd9086-86dd-430c-b4bd-c8a05199330e,2025-08-11 16:23:06 UTC,False,23903,CFOP,Gan 12 UI Maglev,RandomForest,15775,23903,,,gan12,custom_rules,,,,8,0,0,23903,87,87,98,3.64,8606,15297,3473,0,3473,3473,12,12,15,3.46,2174,73,2101,5647,7,7,7,3.33,2151,1072,1079,7798,7,7,7,6.49,2313,1289,1024,10111,8,8,9,7.81,2028,1263,765,12139,8,8,9,10.46,8513,3639,4874,20652,27,27,31,5.54,3251,1270,1981,23903,19,19,20,9.59,,,,,,,,,,,,,,,,,,,,,,,,,
ed741d14-ac89-427f-924b-19ecdf4e1137,2025-08-11 16:24:23 UTC,False,22797,CFOP,Gan 12 UI Maglev,RandomForest,11028,22797,,,gan12,custom_rules,,,,8,0,0,22797,77,78,90,3.38,7478,15246,1595,0,1595,1668,6,6,9,3.76,5137,1821,3316,6805,13,14,14,3.92,5228,628,4600,12033,12,12,14,2.61,1886,1249,637,13919,8,8,8,12.56,2344,1177,1167,16263,12,12,14,10.28,3143,1314,1829,19406,10,10,13,5.47,3391,1289,2102,22797,16,16,18,7.61,,,,,,,,,,,,,,,,,,,,,,,,,
c416264b-1a04-4c0c-8bbc-95a7d297d7ab,2025-08-11 16:26:44 UTC,False,28634,CFOP,Gan 12 UI Maglev,RandomForest,100827,28634,,,gan12,custom_rules,,,,8,0,0,28634,119,125,132,4.16,6099,22535,733,0,733,733,4,4,5,5.46,3320,1595,1725,4053,13,13,13,7.54,1362,419,943,5415,7,7,7,7.42,1555,492,1063,6970,11,11,12,10.35,1861,1080,781,8831,8,8,9,10.24,15435,1176,14259,24266,56,62,65,3.93,4368,1337,3031,28634,20,20,21,6.6,,,,,,,,,,,,,,,,,,,,,,,,,
ce733e36-b60b-4920-aa0d-22c055ab70f4,2025-08-11 16:28:23 UTC,False,18937,CFOP,Gan 12 UI Maglev,RandomForest,28702,18937,,,gan12,custom_rules,,,,8,0,0,18937,67,68,77,3.54,7577,11360,2812,0,2812,2812,6,6,6,2.13,927,733,194,3739,4,4,4,20.62,4430,1192,3238,8169,12,12,15,3.71,3357,1979,1378,11526,8,8,10,5.81,1692,669,1023,13218,12,12,13,11.73,1547,758,789,14765,9,9,9,11.41,4172,2246,1926,18937,16,17,20,8.31,,,,,,,,,,,,,,,,,,,,,,,,,
c6575926-2f36-4b7a-908b-e5165c8b93c9,2025-08-11 16:28:57 UTC,False,18175,CFOP,Gan 12 UI Maglev,RandomForest,6536,18175,,,gan12,custom_rules,,,,8,0,0,18175,69,70,82,3.8,5263,12912,1764,0,1764,1764,7,7,8,3.97,3314,1039,2275,5078,8,8,8,3.52,1885,451,1434,6963,8,8,10,5.58,2393,741,1652,9356,8,8,10,4.84,2129,720,1409,11485,11,11,12,7.81,2200,1023,1177,13685,10,10,14,8.5,4490,1289,3201,18175,17,18,20,5.31,,,,,,,,,,,,,,,,,,,,,,,,,
09ec9eb5-3b1b-4f8d-b02a-54feebd239db,2025-08-11 16:29:51 UTC,False,17500,CFOP,Gan 12 UI Maglev,RandomForest,26031,17500,,,gan12,custom_rules,,,,8,0,0,17500,69,69,79,3.94,8021,9423,1765,0,1765,1821,5,5,7,2.83,3441,2740,701,5262,9,9,10,12.84,2747,611,2136,8009,7,7,7,3.28,2427,918,1509,10436,11,11,13,7.29,1757,1136,621,12193,9,9,10,14.49,2361,1402,959,14554,11,11,14,11.47,2946,1214,1732,17500,17,17,18,9.82,,,,,,,,,,,,,,,,,,,,,,,,,
00877f20-a20e-427b-a8fc-3b77663a1607,2025-08-11 19:12:22 UTC,False,19553,CFOP,Gan 12 UI Maglev,RandomForest,28109,19553,,,gan12,custom_rules,,,,8,0,0,19553,57,65,81,2.92,7498,11967,5332,0,5332,5420,14,14,17,2.63,0,0,0,5420,0,0,0,0.0,3426,1612,1814,8846,9,9,10,4.96,2683,1700,983,11529,6,7,7,6.1,2458,2006,452,13987,7,7,7,15.49,1305,676,629,15292,6,6,6,9.54,4261,1504,2757,19553,15,22,34,5.44,,,,,,,,,,,,,,,,,,,,,,,,,
773b49c5-155a-4cf4-a213-215f10371945,2025-08-11 19:13:01 UTC,False,18960,CFOP,Gan 12 UI Maglev,RandomForest,11291,18960,,,gan12,custom_rules,,,,8,0,0,18960,85,88,98,4.48,6274,12686,604,0,604,604,4,4,5,6.62,2113,694,1419,2717,7,7,8,4.93,4537,1130,3407,7254,19,20,24,5.58,994,783,211,8248,4,4,4,18.96,2074,743,1331,10322,11,11,11,8.26,3125,2116,1009,13447,12,14,16,11.89,5513,808,4705,18960,29,29,30,6.16,,,,,,,,,,,,,,,,,,,,,,,,,
5e80342e-9711-4075-9a19-9c2b0512b5dc,2025-08-11 19:14:13 UTC,False,16117,CFOP,Gan 12 UI Maglev,RandomForest,42509,16117,,,gan12,custom_rules,,,,8,0,0,16117,77,78,86,4.78,4450,11667,6087,0,6087,6087,19,19,21,3.12,0,0,0,6087,0,0,0,0.0,1523,830,693,7610,8,8,10,11.54,1725,944,781,9335,8,8,9,10.24,2048,621,1427,11383,11,11,12,7.71,2345,870,1475,13728,17,17,17,11.53,2389,1185,1204,16117,14,15,17,11.63,,,,,,,,,,,,,,,,,,,,,,,,,
f73eaac0-5e40-4d8e-996d-bfdcad177eb2,2025-08-11 19:15:09 UTC,False,16661,CFOP,Gan 12 UI Maglev,RandomForest,29225,16661,,,gan12,custom_rules,,,,8,0,0,16661,68,78,94,4.08,5194,11467,4254,0,4254,4254,18,22,25,4.23,0,0,0,4254,0,0,0,0.0,2043,811,1232,6297,8,8,9,6.49,1596,991,605,7893,7,7,7,11.57,2928,958,1970,10821,13,13,15,6.6,1805,677,1128,12626,9,9,14,7.98,4035,1757,2278,16661,13,19,24,5.71,,,,,,,,,,,,,,,,,,,,,,,,,
5630809e-d4ba-49e0-8e9f-7099f1fd7639,2025-08-11 19:15:53 UTC,False,27188,CFOP,Gan 12 UI Maglev,RandomForest,8396,27188,,,gan12,custom_rules,,,,8,0,0,27188,111,111,122,4.08,4365,22823,1837,0,1837,1837,8,8,9,4.35,1763,620,1143,3600,8,8,8,7.0,2225,1024,1201,5825,8,8,9,6.66,2425,161,2264,8250,11,11,11,4.86,668,523,145,8918,3,3,3,20.69,4190,644,3546,13108,20,20,23,5.64,14080,1393,12687,27188,54,54,59,4.26,,,,,,,,,,,,,,,,,,,,,,,,,
822a0b30-e79b-4140-82d8-e8497e235055,2025-08-11 19:16:26 UTC,False,18343,CFOP,Gan 12 UI Maglev,RandomForest,6290,18343,,,gan12,custom_rules,,,,8,0,0,18343,76,77,84,4.14,5262,13081,2723,0,2723,2723,6,7,8,2.2,2215,677,1538,4938,7,7,7,4.55,1421,543,878,6359,7,7,8,7.97,5018,838,4180,11377,21,21,23,5.02,1740,733,1007,13117,8,8,9,7.94,1885,983,902,15002,10,10,11,11.09,3341,1488,1853,18343,18,18,18,9.71,,,,,,,,,,,,,,,,,,,,,,,,,
0330312c-5c21-4f1a-8c9e-855fd39d6552,2025-08-11 19:17:05 UTC,False,13426,CFOP,Gan 12 UI Maglev,RandomForest,16829,13426,,,gan12,custom_rules,,,,8,0,0,13426,61,62,69,4.54,5816,7610,2071,0,2071,2071,6,6,8,2.9,1087,789,298,3158,4,4,4,13.42,2067,1096,971,5225,8,8,9,8.24,1007,459,548,6232,8,8,8,14.6,2062,1216,846,8294,10,10,11,11.82,2167,1039,1128,10461,9,9,10,7.98,2965,1217,1748,13426,16,17,19,9.15,,,,,,,,,,,,,,,,,,,,,,,,,
cbfc48dd-f67a-4fe7-bcf3-ae4465398dbe,2025-08-11 19:18:55 UTC,False,14231,CFOP,Gan 12 UI Maglev,RandomForest,85728,14231,,,gan12,custom_rules,,,,8,0,0,14231,50,54,62,3.51,6031,8200,1596,0,1596,1596,6,6,7,3.76,2747,515,2232,4343,7,7,7,3.14,3207,2055,1152,7550,8,8,10,6.94,862,500,362,8412,3,3,3,8.29,2136,1266,870,10548,9,9,9,10.34,1604,895,709,12152,9,9,9,12.69,2079,800,1279,14231,8,12,17,6.25,,,,,,,,,,,,,,,,,,,,,,,,,
807b58a2-32f8-4d6f-992a-ad76b886ed8e,2025-08-11 19:19:37 UTC,False,18813,CFOP,Gan 12 UI Maglev,RandomForest,12980,18813,,,gan12,custom_rules,,,,8,0,0,18813,68,70,79,3.61,6237,12576,5387,0,5387,5387,18,18,21,3.34,0,0,0,5387,0,0,0,0.0,1620,1314,306,7007,5,5,5,16.34,2723,862,1861,9730,10,10,11,5.37,2634,1917,717,12364,9,9,11,12.55,3959,951,3008,16323,12,14,16,3.99,2490,1193,1297,18813,14,14,15,10.79,,,,,,,,,,,,,,,,,,,,,,,,,
b262750b-3ad9-43b5-b5ae-7dc2d80205b4,2025-08-11 19:20:10 UTC,False,13318,CFOP,Gan 12 UI Maglev,RandomForest,12033,13318,,,gan12,custom_rules,,,,8,0,0,13318,60,60,66,4.51,3674,9644,4077,0,4077,4077,10,10,12,2.45,0,0,0,4077,0,0,0,0.0,1475,499,976,5552,7,7,8,7.17,1814,758,1056,7366,8,8,8,7.58,1571,870,701,8937,9,9,10,12.84,1448,862,586,10385,9,9,10,15.36,2933,685,2248,13318,17,17,18,7.56,,,,,,,,,,,,,,,,,,,,,,,,,
afc2d258-ec22-4cdd-bc28-68384121549a,2025-08-11 19:21:16 UTC,False,18106,CFOP,Gan 12 UI Maglev,RandomForest,37442,18106,,,gan12,custom_rules,,,,8,0,0,18106,86,87,94,4.75,7912,10194,782,0,782,782,4,4,4,5.12,2852,1434,1418,3634,7,7,8,4.94,1994,878,1116,5628,12,12,14,10.75,3182,2441,741,8810,12,12,12,16.19,1550,1032,518,10360,9,9,9,17.37,1813,1015,798,12173,9,9,10,11.28,5933,1112,4821,18106,33,34,37,6.85,,,,,,,,,,,,,,,,,,,,,,,,,
f98ff97a-2721-4359-bbf0-54d5b54184d3,2025-08-11 19:21:54 UTC,False,16370,CFOP,Gan 12 UI Maglev,RandomForest,11451,16370,,,gan12,custom_rules,,,,8,0,0,16370,60,61,65,3.67,5535,10835,4770,0,4770,4770,14,14,15,2.94,0,0,0,4770,0,0,0,0.0,4250,1026,3224,9020,12,12,13,3.72,741,620,121,9761,4,4,4,33.06,1456,1061,395,11217,7,7,7,17.72,1869,1144,725,13086,8,8,8,11.03,3284,1684,1600,16370,15,16,18,9.38,,,,,,,,,,,,,,,,,,,,,,,,,
6b5bb140-c471-4a5a-ad01-4816aaca5897,2025-08-11 19:22:30 UTC,False,19651,CFOP,Gan 12 UI Maglev,RandomForest,6529,19651,,,gan12,custom_rules,,,,8,0,0,19651,69,73,81,3.51,7605,12046,2055,0,2055,2055,8,8,9,3.89,4805,1740,3065,6860,14,14,14,4.57,2932,1644,1288,9792,9,9,9,6.99,2676,1105,1571,12468,12,12,13,7.64,2417,1120,1297,14885,9,9,10,6.94,2277,843,1434,17162,8,8,8,5.58,2489,1153,1336,19651,9,13,18,6.74,,,,,,,,,,,,,,,,,,,,,,,,,
aa3e5d0e-9366-4461-9634-ff1fe4c31fe1,2025-08-11 19:23:33 UTC,False,21515,CFOP,Gan 12 UI Maglev,RandomForest,32483,21515,,,gan12,custom_rules,,,,8,0,0,21515,77,77,85,3.58,6152,15363,7203,0,7203,7203,12,12,14,1.67,0,0,0,7203,0,0,0,0.0,3022,1596,1426,10225,12,12,13,8.42,2051,891,1160,12276,11,11,12,9.48,3303,1611,1692,15579,11,11,13,6.5,2570,773,1797,18149,14,14,14,7.79,3366,1281,2085,21515,17,17,19,8.15,,,,,,,,,,,,,,,,,,,,,,,,,
88f27848-146f-42ad-a050-c4fb2b2242c0,2025-08-11 19:24:12 UTC,False,20841,CFOP,Gan 12 UI Maglev,RandomForest,8019,20841,,,gan12,custom_rules,,,,8,0,0,20841,84,92,110,4.03,6038,14803,2030,0,2030,2030,6,6,7,2.96,3168,2264,904,5198,9,9,10,9.96,1419,419,1000,6617,9,10,10,9.0,2319,217,2102,8936,11,11,12,5.23,3527,1048,2479,12463,16,16,16,6.45,4224,1121,3103,16687,18,18,20,5.8,4154,969,3185,20841,15,22,35,4.71,,,,,,,,,,,,,,,,,,,,,,,,,
f3ae0ce7-a3e5-4c70-9070-4e08e8914938,2025-08-11 19:25:02 UTC,False,14673,CFOP,Gan 12 UI Maglev,RandomForest,25532,14673,,,gan12,custom_rules,,,,8,0,0,14673,59,61,70,4.02,6202,8471,1919,0,1919,1919,6,6,7,3.13,1572,322,1250,3491,7,7,7,5.6,1120,467,653,4611,6,6,8,9.19,1866,995,871,6477,8,8,9,9.18,2515,1153,1362,8992,8,8,9,5.87,1070,508,562,10062,8,8,8,14.23,4611,2757,1854,14673,17,19,22,9.17,,,,,,,,,,,,,,,,,,,,,,,,,
e85bbeee-34f6-4efd-baab-1b13bb9aef6e,2025-08-11 19:26:02 UTC,False,18564,CFOP,Gan 12 UI Maglev,RandomForest,27348,18564,,,gan12,custom_rules,,,,8,0,0,18564,99,99,108,5.33,6277,12231,1507,0,1507,1563,7,7,8,4.64,3368,1039,2329,4931,18,18,19,7.73,1441,1118,323,6372,4,4,5,12.38,1208,620,588,7580,8,8,8,13.61,1869,1233,636,9449,8,8,9,12.58,5689,1379,4310,15138,32,32,36,7.42,3426,888,2538,18564,22,22,23,8.67,,,,,,,,,,,,,,,,,,,,,,,,,
db3a784f-2d5e-4b1a-9954-c39f7d561359,2025-08-11 19:26:34 UTC,False,15138,CFOP,Gan 12 UI Maglev,RandomForest,6871,15138,,,gan12,custom_rules,,,,8,0,0,15138,68,69,80,4.49,6019,9119,1797,0,1797,1797,8,8,11,4.45,2892,950,1942,4689,12,13,14,6.18,1450,459,991,6139,8,8,10,8.07,1820,886,934,7959,7,7,8,7.49,1442,790,652,9401,8,8,9,12.27,3031,1621,1410,12432,8,8,11,5.67,2706,1313,1393,15138,17,17,17,12.2,,,,,,,,,,,,,,,,,,,,,,,,,
73c9cc7e-4904-4a1f-8ef0-6d7c0b14ad91,2025-08-11 19:27:12 UTC,False,17938,CFOP,Gan 12 UI Maglev,RandomForest,8895,17938,,,gan12,custom_rules,,,,8,0,0,17938,74,74,84,4.13,6813,11125,2230,0,2230,2230,7,7,9,3.14,1926,806,1120,4156,8,8,10,7.14,2959,1349,1610,7115,12,12,13,7.45,2440,1579,861,9555,8,8,9,9.29,1482,532,950,11037,8,8,11,8.42,2747,919,1828,13784,12,12,13,6.56,4154,1628,2526,17938,19,19,19,7.52,,,,,,,,,,,,,,,,,,,,,,,,,
45284102-463e-4852-96e4-fa94a44e106f,2025-08-11 19:27:57 UTC,False,15975,CFOP,Gan 12 UI Maglev,RandomForest,19109,15975,,,gan12,custom_rules,,,,8,0,0,15975,81,82,94,5.07,5137,10838,4723,0,4723,4723,22,23,27,4.66,0,0,0,4723,0,0,0,0.0,0,0,0,4723,0,0,0,0.0,2414,1793,621,7137,9,9,12,14.49,2160,1064,1096,9297,11,11,12,10.04,3561,982,2579,12858,20,20,23,7.75,3117,1298,1819,15975,19,19,20,10.45,,,,,,,,,,,,,,,,,,,,,,,,,
4883a90f-8525-47fa-92a1-ef35de64d89d,2025-08-11 19:28:37 UTC,False,16596,CFOP,Gan 12 UI Maglev,RandomForest,12974,16596,,,gan12,custom_rules,,,,8,0,0,16596,71,73,80,4.28,4445,12151,4343,0,4343,4343,12,12,13,2.76,0,0,0,4343,0,0,0,0.0,4041,785,3256,8384,14,14,15,4.3,2225,1491,734,10609,8,8,9,10.9,1539,742,797,12148,10,10,11,12.55,1700,621,1079,13848,10,11,11,9.27,2748,806,1942,16596,17,18,21,8.75,,,,,,,,,,,,,,,,,,,,,,,,,
060a2165-9931-43bc-b444-87e939589a52,2025-08-11 19:29:11 UTC,False,18985,CFOP,Gan 12 UI Maglev,RandomForest,5620,18985,,,gan12,custom_rules,,,,8,0,0,18985,70,71,79,3.69,9605,9316,1289,0,1289,1353,5,5,6,3.88,2867,676,2191,4220,12,12,12,5.48,5240,4297,943,9460,8,8,9,8.48,1587,1031,556,11047,8,8,8,14.39,2137,1257,880,13184,8,8,9,9.09,2514,846,1668,15698,12,12,14,7.19,3287,1498,1789,18985,17,18,21,9.5,,,,,,,,,,,,,,,,,,,,,,,,,
f1429cbd-1790-4a32-bda3-701c6cddece7,2025-08-11 19:29:57 UTC,False,17569,CFOP,Gan 12 UI Maglev,RandomForest,18729,17569,,,gan12,custom_rules,,,,8,0,0,17569,76,76,88,4.33,5963,11606,4139,0,4139,4139,11,11,12,2.66,2206,1199,1007,6345,9,9,10,8.94,1336,604,732,7681,8,8,9,10.93,1563,605,958,9244,7,7,7,7.31,1797,548,1249,11041,11,11,13,8.81,3433,1257,2176,14474,17,17,20,7.81,3095,1750,1345,17569,13,13,17,9.67,,,,,,,,,,,,,,,,,,,,,,,,,
0cc4149b-e5d1-44fa-bf7b-4b76185c3e63,2025-08-11 19:31:41 UTC,False,15485,CFOP,Gan 12 UI Maglev,RandomForest,6803,15485,,,gan12,custom_rules,,,,8,0,0,15485,66,67,75,4.26,7779,7706,1733,0,1733,1733,8,8,9,4.62,2009,926,1083,3742,8,9,9,7.39,3197,1561,1636,6939,13,13,14,7.95,1844,1144,700,8783,8,8,9,11.43,1281,1161,120,10064,4,4,4,33.33,2118,901,1217,12182,14,14,15,11.5,3303,2086,1217,15485,11,11,15,9.04,,,,,,,,,,,,,,,,,,,,,,,,,
ed5bf48f-c696-424f-b973-831704179c12,2025-08-11 19:32:30 UTC,False,13582,CFOP,Gan 12 UI Maglev,RandomForest,24870,13582,,,gan12,custom_rules,,,,8,0,0,13582,59,60,66,4.34,6381,7201,1514,0,1514,1514,7,7,8,4.62,2047,976,1071,3561,8,8,8,7.47,613,435,178,4174,4,4,4,22.47,2127,837,1290,6301,8,8,9,6.2,2457,1724,733,8758,8,8,8,10.91,1448,806,642,10206,9,9,10,14.02,3376,1603,1773,13582,15,16,19,8.46,,,,,,,,,,,,,,,,,,,,,,,,,
7e09c206-142e-47ce-ad57-aa54ec1531b3,2025-08-11 19:33:10 UTC,False,17606,CFOP,Gan 12 UI Maglev,RandomForest,11489,17606,,,gan12,custom_rules,,,,8,0,0,17606,76,81,91,4.32,2951,14655,7990,0,7990,7990,28,28,34,3.5,0,0,0,7990,0,0,0,0.0,0,0,0,7990,0,0,0,0.0,4860,1121,3739,12850,23,26,28,6.15,0,0,0,12850,0,0,0,0.0,1523,524,999,14373,9,10,10,9.01,3233,1306,1927,17606,16,17,19,8.3,,,,,,,,,,,,,,,,,,,,,,,,,
df547e7f-317f-4a51-986b-3ae423c8e108,2025-08-11 19:34:02 UTC,False,21028,CFOP,Gan 12 UI Maglev,RandomForest,5332,21028,,,gan12,custom_rules,,,,8,0,0,21028,62,67,82,2.95,9802,11226,2345,0,2345,2345,6,6,8,2.56,4991,3903,1088,7336,10,11,13,9.19,2611,1257,1354,9947,7,7,8,5.17,3583,2013,1570,13530,6,6,7,3.82,2756,1660,1096,16286,8,8,9,7.3,2621,913,1708,18907,14,14,17,8.2,2121,56,2065,21028,11,15,20,5.33,,,,,,,,,,,,,,,,,,,,,,,,,
60e42690-4397-46c1-bdfd-98dfaf2db416,2025-08-11 19:34:35 UTC,False,13466,CFOP,Gan 12 UI Maglev,RandomForest,8591,13466,,,gan12,custom_rules,,,,8,0,0,13466,64,64,69,4.75,5151,8210,1426,0,1426,1531,6,6,8,4.21,1845,782,1063,3376,8,8,9,7.53,1378,838,540,4754,6,6,7,11.11,1532,404,1128,6286,7,7,7,6.21,2216,1177,1039,8502,8,8,9,7.7,2434,967,1467,10936,12,12,12,8.18,2530,983,1547,13466,17,17,17,10.99,,,,,,,,,,,,,,,,,,,,,,,,,
35378589-f951-4e3d-a7dc-b0612127de74,2025-08-11 19:35:13 UTC,False,20529,CFOP,Gan 12 UI Maglev,RandomForest,4182,20529,,,gan12,custom_rules,,,,8,0,0,20529,83,87,99,4.04,8464,12065,1232,0,1232,1232,6,6,7,4.87,2273,984,1289,3505,11,11,13,8.53,4879,2736,2143,8384,15,16,17,7.0,661,475,186,9045,4,4,4,21.51,2799,1595,1204,11844,9,9,11,7.48,4609,1023,3586,16453,21,22,25,5.86,4076,1651,2425,20529,17,19,22,7.01,,,,,,,,,,,,,,,,,,,,,,,,,
49c53094-4309-44c8-9b18-572c691ef58a,2025-08-11 19:35:58 UTC,False,20653,CFOP,Gan 12 UI Maglev,RandomForest,15568,20653,,,gan12,custom_rules,,,,8,0,0,20653,77,77,87,3.73,9297,11356,3053,0,3053,3053,11,11,13,3.6,0,0,0,3053,0,0,0,0.0,4695,2954,1741,7748,10,10,13,5.74,2191,1080,1111,9939,12,12,12,10.8,2661,1695,966,12600,8,8,9,8.28,4276,1700,2576,16876,18,18,22,6.99,3777,1868,1909,20653,18,18,18,9.43,,,,,,,,,,,,,,,,,,,,,,,,,
a9216a04-699b-482c-90c2-bff1088268ba,2025-08-11 19:36:40 UTC,False,24760,CFOP,Gan 12 UI Maglev,RandomForest,7077,24760,,,gan12,custom_rules,,,,8,0,0,24760,73,83,110,2.95,9574,15186,1853,0,1853,1853,9,9,9,4.86,3241,1716,1525,5094,8,8,9,5.25,1957,1595,362,7051,5,5,6,13.81,4527,2538,1989,11578,14,14,18,7.04,2545,1337,1208,14123,7,7,10,5.79,1804,1095,709,15927,9,9,9,12.69,8833,1293,7540,24760,21,31,49,2.79,,,,,,,,,,,,,,,,,,,,,,,,,
37bbc437-b90a-4b93-9801-3a4b43c60ed0,2025-08-11 19:37:45 UTC,False,15921,CFOP,Gan 12 UI Maglev,RandomForest,13529,15921,,,gan12,custom_rules,,,,8,0,0,15921,62,64,72,3.89,6391,9530,3400,0,3400,3400,10,10,11,2.94,2192,1152,1040,5592,8,8,9,7.69,1136,935,201,6728,4,4,5,19.9,1716,1031,685,8444,6,7,8,8.76,2032,1193,839,10476,8,8,8,9.54,2062,758,1304,12538,11,11,12,8.44,3383,1322,2061,15921,15,16,19,7.28,,,,,,,,,,,,,,,,,,,,,,,,,
a157816b-2092-4005-a203-74c339fd2746,2025-08-11 19:38:16 UTC,False,16036,CFOP,Gan 12 UI Maglev,RandomForest,5951,16036,,,gan12,custom_rules,,,,8,0,0,16036,67,68,74,4.18,6863,9173,2216,0,2216,2216,6,6,8,2.71,2329,1419,910,4545,8,8,10,8.79,2090,890,1200,6635,8,8,8,6.67,1765,700,1065,8400,8,8,9,7.51,1394,644,750,9794,8,8,9,10.67,2736,1566,1170,12530,10,11,11,8.55,3506,1644,1862,16036,19,19,19,10.2,,,,,,,,,,,,,,,,,,,,,,,,,
265244d7-3473-4e73-8fcc-24692abcd6ca,2025-08-11 19:38:59 UTC,False,22059,CFOP,Gan 12 UI Maglev,RandomForest,11526,22059,,,gan12,custom_rules,,,,8,0,0,22059,64,64,73,2.9,7979,14080,8611,0,8611,8611,16,16,18,1.86,0,0,0,8611,0,0,0,0.0,2434,1990,444,11045,7,7,7,15.77,3306,2218,1088,14351,9,9,12,8.27,2007,1168,839,16358,7,7,9,8.34,2023,1185,838,18381,9,9,10,10.74,3678,1418,2260,22059,16,16,17,7.08,,,,,,,,,,,,,,,,,,,,,,,,,
8ad328a8-5acc-411a-ab66-90c039812b66,2025-08-12 13:31:32 UTC,False,16912,CFOP,Gan 12 UI Maglev,RandomForest,36498,16912,,,gan12,custom_rules,,,,8,0,0,16912,67,74,94,3.96,6500,10412,1337,0,1337,1337,6,6,7,4.49,2069,1457,612,3406,6,6,7,9.8,1817,919,898,5223,10,10,11,11.14,2215,806,1409,7438,11,11,12,7.81,2151,838,1313,9589,9,9,9,6.85,2227,1092,1135,11816,10,10,13,8.81,5096,1388,3708,16912,15,22,35,4.05,,,,,,,,,,,,,,,,,,,,,,,,,
28bd0dde-3847-4d95-ae26-7d59c8ab6b2c,2025-08-12 13:32:13 UTC,False,16470,CFOP,Gan 12 UI Maglev,RandomForest,9348,16470,,,gan12,custom_rules,,,,8,0,0,16470,52,56,70,3.16,7840,8630,1918,0,1918,1918,7,7,7,3.65,1709,709,1000,3627,5,5,7,5.0,3989,2942,1047,7616,8,8,9,7.64,1774,822,952,9390,6,6,6,6.3,2229,1433,796,11619,7,7,8,8.79,2482,870,1612,14101,10,10,13,6.2,2369,1064,1305,16470,9,13,20,6.9,,,,,,,,,,,,,,,,,,,,,,,,,
8b20a222-7ef2-46d5-9369-11372b0f7ae5,2025-08-12 13:32:58 UTC,False,17175,CFOP,Gan 12 UI Maglev,RandomForest,16388,17175,,,gan12,custom_rules,,,,8,0,0,17175,63,63,75,3.67,6905,10270,1232,0,1232,1232,5,5,7,4.06,2893,1483,1410,4125,8,8,8,5.67,1931,875,1056,6056,8,8,10,7.58,2771,693,2078,8827,9,9,11,4.33,2131,1502,629,10958,8,8,9,12.72,2578,1563,1015,13536,10,10,14,9.85,3639,789,2850,17175,15,15,16,5.26,,,,,,,,,,,,,,,,,,,,,,,,,
d62aa685-784f-46d8-b899-c03f560754bb,2025-08-12 13:33:56 UTC,False,17385,CFOP,Gan 12 UI Maglev,RandomForest,31556,17385,,,gan12,custom_rules,,,,8,0,0,17385,67,69,82,3.85,6844,10541,2561,0,2561,2561,6,6,9,2.34,0,0,0,2561,0,0,0,0.0,4173,1619,2554,6734,11,11,14,4.31,2715,1072,1643,9449,10,10,11,6.09,2714,1771,943,12163,9,9,10,9.54,2411,1482,929,14574,11,13,16,11.84,2811,900,1911,17385,20,20,22,10.47,,,,,,,,,,,,,,,,,,,,,,,,,
541ae8e6-5d4c-4fdf-9e35-8c43c7b3b13d,2025-08-12 13:34:33 UTC,False,18316,CFOP,Gan 12 UI Maglev,RandomForest,7930,18316,,,gan12,custom_rules,,,,8,0,0,18316,69,72,77,3.77,5634,12682,5343,0,5343,5343,16,19,21,2.99,0,0,0,5343,0,0,0,0.0,2642,886,1756,7985,8,8,8,4.56,1313,556,757,9298,7,7,8,9.25,2541,1904,637,11839,8,8,8,12.56,2327,717,1610,14166,13,13,14,8.07,4150,1571,2579,18316,17,17,18,6.59,,,,,,,,,,,,,,,,,,,,,,,,,
884aa504-3920-4b5a-88ff-74c79f0f4873,2025-08-12 13:35:16 UTC,False,13498,CFOP,Gan 12 UI Maglev,RandomForest,18159,13498,,,gan12,custom_rules,,,,8,0,0,13498,56,57,68,4.15,5883,7615,1095,0,1095,1095,5,5,6,4.57,1064,838,226,2159,4,4,5,17.7,1861,1096,765,4020,10,10,12,13.07,1388,1186,202,5408,4,4,4,19.8,2610,701,1909,8018,10,10,12,5.24,2669,838,1831,10687,12,13,13,6.55,2811,1224,1587,13498,12,12,16,7.56,,,,,,,,,,,,,,,,,,,,,,,,,
0b7198cf-d98a-4a5d-9f23-0a9e7217634b,2025-08-12 13:36:03 UTC,False,19215,CFOP,Gan 12 UI Maglev,RandomForest,16595,19215,,,gan12,custom_rules,,,,8,0,0,19215,69,73,78,3.59,3040,16175,4834,0,4834,4834,12,13,14,2.48,0,0,0,4834,0,0,0,0.0,1835,385,1450,6669,7,7,8,4.83,1273,242,1031,7942,5,6,6,4.85,5970,789,5181,13912,17,17,18,3.28,2286,951,1335,16198,12,14,14,8.99,3017,673,2344,19215,16,16,18,6.83,,,,,,,,,,,,,,,,,,,,,,,,,
e37807fb-982c-4c3c-a207-c6a5e4ba29db,2025-08-12 13:36:37 UTC,False,18588,CFOP,Gan 12 UI Maglev,RandomForest,7717,18588,,,gan12,custom_rules,,,,8,0,0,18588,70,73,79,3.77,6348,12240,3206,0,3206,3206,9,9,10,2.81,2900,693,2207,6106,14,14,14,6.34,3182,1981,1201,9288,9,9,10,7.49,1381,596,785,10669,7,7,7,8.92,1893,758,1135,12562,7,7,8,6.17,1596,790,806,14158,9,9,9,11.17,4430,1530,2900,18588,16,19,21,5.52,,,,,,,,,,,,,,,,,,,,,,,,,
c5cbc5f4-8e93-4b86-b9ca-fb6908b7377f,2025-08-12 13:37:12 UTC,False,15271,CFOP,Gan 12 UI Maglev,RandomForest,7123,15271,,,gan12,custom_rules,,,,8,0,0,15271,62,64,71,4.06,7334,7937,1071,0,1071,1071,5,5,5,4.67,2313,2007,306,3384,5,5,5,16.34,2232,991,1241,5616,8,8,9,6.45,2973,1434,1539,8589,9,9,10,5.85,1836,379,1457,10425,11,11,12,7.55,1684,782,902,12109,9,9,9,9.98,3162,1741,1421,15271,16,18,21,11.26,,,,,,,,,,,,,,,,,,,,,,,,,
0a674f01-9602-418a-ae0b-e3023c81c81f,2025-08-12 13:37:44 UTC,False,14425,CFOP,Gan 12 UI Maglev,RandomForest,8031,14425,,,gan12,custom_rules,,,,8,0,0,14425,68,69,79,4.71,5602,8823,2433,0,2433,2433,7,7,8,2.88,2014,1079,935,4447,8,8,9,8.56,1570,820,750,6017,9,9,9,12.0,2393,1095,1298,8410,9,9,10,6.93,1401,539,862,9811,8,8,10,9.28,1794,731,1063,11605,12,12,14,11.29,2820,1338,1482,14425,15,16,19,10.12,,,,,,,,,,,,,,,,,,,,,,,,,
d9bc2a00-5321-4b16-93cf-bbeff81e490c,2025-08-12 13:38:28 UTC,False,21111,CFOP,Gan 12 UI Maglev,RandomForest,13147,21111,,,gan12,custom_rules,,,,8,0,0,21111,67,67,75,3.17,8549,12497,1909,0,1909,1974,7,7,8,3.67,5026,2852,2174,7000,11,11,12,5.06,3062,153,2909,10062,12,12,12,4.13,5585,2892,2693,15647,9,9,9,3.34,717,508,209,16364,4,4,4,19.14,2192,1024,1168,18556,10,10,13,8.56,2555,1120,1435,21111,15,15,17,10.45,,,,,,,,,,,,,,,,,,,,,,,,,
786c5ea1-1a3a-4025-b77c-2799a08d669a,2025-08-12 13:39:02 UTC,False,13896,CFOP,Gan 12 UI Maglev,RandomForest,9097,13896,,,gan12,custom_rules,,,,8,0,0,13896,57,58,68,4.1,5269,8627,3915,0,3915,3915,11,12,15,2.81,0,0,0,3915,0,0,0,0.0,1096,548,548,5011,8,8,8,14.6,1861,1321,540,6872,9,9,10,16.67,1740,1152,588,8612,5,5,5,8.5,2642,1144,1498,11254,13,13,15,8.68,2642,1104,1538,13896,11,11,15,7.15,,,,,,,,,,,,,,,,,,,,,,,,,
757e527e-9520-468c-8ce3-eb94409a1ea0,2025-08-12 13:39:44 UTC,False,15721,CFOP,Gan 12 UI Maglev,RandomForest,14579,15721,,,gan12,custom_rules,,,,8,0,0,15721,57,62,74,3.63,7811,7910,2232,0,2232,2232,7,7,7,3.14,1192,1079,113,3424,4,4,6,35.4,1795,991,804,5219,8,8,8,9.95,1805,879,926,7024,9,9,11,9.72,2586,1910,676,9610,9,9,10,13.31,2983,1228,1755,12593,10,11,12,5.7,3128,1724,1404,15721,10,14,20,7.12,,,,,,,,,,,,,,,,,,,,,,,,,
a78bcd34-37e6-4ee1-b484-26bdadb17c22,2025-08-12 13:41:00 UTC,False,40325,CFOP,Gan 12 UI Maglev,RandomForest,25283,40325,,,gan12,custom_rules,,,,8,0,0,40325,140,143,158,3.47,5341,34984,1749,0,1749,1749,6,6,8,3.43,1587,934,653,3336,7,7,8,10.72,2208,1168,1040,5544,9,10,12,8.65,1491,524,967,7035,8,8,10,8.27,1708,556,1152,8743,12,12,13,10.42,2525,733,1792,11268,13,13,15,7.25,29057,1426,27631,40325,85,87,92,3.08,,,,,,,,,,,,,,,,,,,,,,,,,
e08812a6-8a7f-4841-8317-5e993951cc06,2025-08-12 13:41:42 UTC,False,19885,CFOP,Gan 12 UI Maglev,RandomForest,10180,19885,,,gan12,custom_rules,,,,8,0,0,19885,80,81,89,4.02,6471,13414,1627,0,1627,1627,6,6,8,3.69,2707,1861,846,4334,12,12,13,14.18,3150,1386,1764,7484,12,12,14,6.8,3233,153,3080,10717,12,12,12,3.9,1628,1153,475,12345,8,8,8,16.84,2449,1160,1289,14794,13,14,14,10.09,5091,758,4333,19885,18,18,20,4.15,,,,,,,,,,,,,,,,,,,,,,,,,
d82fda4b-b8e5-4e56-8e07-2e72123ff4be,2025-08-12 13:42:15 UTC,False,16562,CFOP,Gan 12 UI Maglev,RandomForest,5295,16562,,,gan12,custom_rules,,,,8,0,0,16562,70,72,80,4.23,6179,10326,2788,0,2788,2845,9,10,10,3.23,1450,475,975,4295,8,8,8,8.21,2752,266,2486,7047,11,11,12,4.42,1764,926,838,8811,10,10,12,11.93,2521,1667,854,11332,8,8,11,9.37,2386,1209,1177,13718,11,11,11,9.35,2844,1636,1208,16562,13,14,16,10.76,,,,,,,,,,,,,,,,,,,,,,,,,
632d7c5f-8ccb-4c38-a2b9-58404305ccec,2025-08-12 13:42:57 UTC,False,20994,CFOP,Gan 12 UI Maglev,RandomForest,11015,20994,,,gan12,custom_rules,,,,8,0,0,20994,77,78,95,3.67,6444,14550,6968,0,6968,6968,22,22,25,3.16,0,0,0,6968,0,0,0,0.0,3207,1765,1442,10175,10,10,14,6.93,2024,678,1346,12199,8,8,8,5.94,2796,2103,693,14995,9,9,12,12.99,2068,778,1290,17063,9,9,12,6.98,3931,1120,2811,20994,19,20,24,6.76,,,,,,,,,,,,,,,,,,,,,,,,,
671661f3-f5a3-4c0b-b9ea-25e5b9006b97,2025-08-12 13:44:29 UTC,False,26255,CFOP,Gan 12 UI Maglev,RandomForest,55241,26255,,,gan12,custom_rules,,,,8,0,0,26255,67,68,73,2.55,8380,17875,1161,0,1161,1161,5,5,6,4.31,9863,1248,8615,11024,13,13,13,1.51,4104,653,3451,15128,14,14,15,4.06,1805,1313,492,16933,7,7,7,14.23,1941,1055,886,18874,11,11,11,12.42,2111,806,1305,20985,7,8,8,5.36,5270,3305,1965,26255,10,10,13,5.09,,,,,,,,,,,,,,,,,,,,,,,,,
748c26b3-5a3c-468a-a8bf-bf93b9ff0954,2025-08-12 13:45:07 UTC,False,23386,CFOP,Gan 12 UI Maglev,RandomForest,6378,23386,,,gan12,custom_rules,,,,8,0,0,23386,73,78,86,3.12,7585,15801,5663,0,5663,5663,9,9,9,1.59,3038,1829,1209,8701,7,7,8,5.79,1845,797,1048,10546,8,8,8,7.63,2705,1062,1643,13251,8,8,10,4.87,2918,419,2499,16169,11,11,11,4.4,4601,2449,2152,20770,18,18,19,8.36,2616,1029,1587,23386,12,17,21,7.56,,,,,,,,,,,,,,,,,,,,,,,,,
6c6a0efe-1f44-47ef-acdb-cef784d2b6b0,2025-08-12 13:45:41 UTC,False,18522,CFOP,Gan 12 UI Maglev,RandomForest,5501,18522,,,gan12,custom_rules,,,,8,0,0,18522,64,68,76,3.46,7103,11419,2523,0,2523,2523,8,8,9,3.17,1966,821,1145,4489,9,10,11,7.86,2447,1730,717,6936,7,7,9,9.76,3014,1136,1878,9950,7,7,7,3.73,1831,830,1001,11781,7,7,7,6.99,2530,1313,1217,14311,11,11,12,9.04,4211,1273,2938,18522,15,18,21,5.11,,,,,,,,,,,,,,,,,,,,,,,,,
b10e03e9-fc63-4ac5-9044-648f53008467,2025-08-12 13:46:15 UTC,False,13336,CFOP,Gan 12 UI Maglev,RandomForest,9846,13336,,,gan12,custom_rules,,,,8,0,0,13336,55,58,67,4.12,7399,5937,1555,0,1555,1555,5,5,6,3.22,371,210,161,1926,3,3,3,18.63,2143,1402,741,4069,6,7,8,8.1,2454,1906,548,6523,8,8,8,14.6,1958,1467,491,8481,8,8,9,16.29,1926,927,999,10407,10,10,13,10.01,2929,1487,1442,13336,15,17,20,10.4,,,,,,,,,,,,,,,,,,,,,,,,,
30a276aa-9ecd-4ea8-9c5a-0940255a6005,2025-08-12 13:47:04 UTC,False,17154,CFOP,Gan 12 UI Maglev,RandomForest,20834,17154,,,gan12,custom_rules,,,,8,0,0,17154,71,71,78,4.14,7401,9753,1748,0,1748,1748,8,8,10,4.58,3158,951,2207,4906,12,12,14,5.44,1535,1165,370,6441,4,4,4,10.81,2643,1241,1402,9084,7,7,8,4.99,2890,1554,1336,11974,11,11,11,8.23,2554,1322,1232,14528,13,13,14,10.55,2626,1168,1458,17154,16,16,17,10.97,,,,,,,,,,,,,,,,,,,,,,,,,
114dd945-ca75-4a28-bc4d-faad315f39ab,2025-08-12 13:47:45 UTC,False,19416,CFOP,Gan 12 UI Maglev,RandomForest,11448,19416,,,gan12,custom_rules,,,,8,0,0,19416,73,83,88,3.76,5026,14390,10023,0,10023,10023,33,41,42,3.29,0,0,0,10023,0,0,0,0.0,0,0,0,10023,0,0,0,0.0,1584,891,693,11607,7,7,9,10.1,2683,1442,1241,14290,8,8,8,6.45,1555,749,806,15845,9,9,9,11.17,3571,1944,1627,19416,16,18,20,9.83,,,,,,,,,,,,,,,,,,,,,,,,,
894b2eef-1ed4-48b3-b69c-e6b8ce461474,2025-08-12 13:48:20 UTC,False,18876,CFOP,Gan 12 UI Maglev,RandomForest,4903,18876,,,gan12,custom_rules,,,,8,0,0,18876,70,72,77,3.71,6892,11984,1063,0,1063,1063,5,5,6,4.7,2667,1467,1200,3730,8,8,8,6.67,2913,588,2325,6643,12,12,13,5.16,2747,805,1942,9390,7,7,7,3.6,2712,1326,1386,12102,10,10,10,7.22,1780,677,1103,13882,11,11,12,9.97,4994,2029,2965,18876,17,19,21,5.73,,,,,,,,,,,,,,,,,,,,,,,,,
d13a47d3-3817-4d34-877a-75bf78f1dce2,2025-08-12 13:49:01 UTC,False,16828,CFOP,Gan 12 UI Maglev,RandomForest,13407,16828,,,gan12,custom_rules,,,,8,0,0,16828,71,71,84,4.22,5986,10842,3932,0,3932,3932,10,10,13,2.54,0,0,0,3932,0,0,0,0.0,2119,1209,910,6051,7,7,8,7.69,1660,1217,443,7711,6,6,6,13.54,2151,1273,878,9862,8,8,11,9.11,3810,1119,2691,13672,20,20,24,7.43,3156,1168,1988,16828,20,20,22,10.06,,,,,,,,,,,,,,,,,,,,,,,,,
fba69f7b-b6b4-44f4-85d3-92c3fc5394e6,2025-08-12 13:49:29 UTC,False,12744,CFOP,Gan 12 UI Maglev,RandomForest,5826,12744,,,gan12,custom_rules,,,,8,0,0,12744,60,62,70,4.71,4566,8178,1306,0,1306,1306,5,5,7,3.83,1450,483,967,2756,8,8,8,8.27,1322,596,726,4078,8,8,8,11.02,1681,862,819,5759,8,8,9,9.77,1024,363,661,6783,7,7,9,10.59,3134,870,2264,9917,11,12,12,4.86,2827,1392,1435,12744,14,15,17,9.76,,,,,,,,,,,,,,,,,,,,,,,,,
83c96d71-b89b-4af4-947f-396c9fbaad15,2025-08-12 13:50:23 UTC,False,24222,CFOP,Gan 12 UI Maglev,RandomForest,14389,24222,,,gan12,custom_rules,,,,8,0,0,24222,74,75,85,3.06,9307,14850,3151,0,3151,3216,5,5,8,1.59,4820,1273,3547,8036,14,14,15,3.95,3427,2614,813,11463,8,8,10,9.84,2055,1644,411,13518,3,3,4,7.3,1991,1435,556,15509,8,8,8,14.39,2325,955,1370,17834,13,13,13,9.49,6388,1386,5002,24222,23,24,27,4.6,,,,,,,,,,,,,,,,,,,,,,,,,
072c2d18-42c2-4508-9b38-1cfae39722ec,2025-08-12 13:51:07 UTC,False,25677,CFOP,Gan 12 UI Maglev,RandomForest,6639,25677,,,gan12,custom_rules,,,,8,0,0,25677,86,87,100,3.35,5910,19702,5848,0,5848,5913,17,17,19,2.91,0,0,0,5913,0,0,0,0.0,3063,452,2611,8976,12,13,13,4.6,1523,790,733,10499,7,7,7,9.55,2394,1548,846,12893,7,7,7,8.27,7908,1910,5998,20801,24,24,32,4.0,4876,1210,3666,25677,19,19,22,5.18,,,,,,,,,,,,,,,,,,,,,,,,,
0c4b00c0-032f-4709-9dae-70fa3a3cbba7,2025-08-12 13:51:49 UTC,False,19406,CFOP,Gan 12 UI Maglev,RandomForest,10234,19406,,,gan12,custom_rules,,,,8,0,0,19406,73,75,84,3.76,8072,11334,4616,0,4616,4616,17,17,18,3.68,4094,2885,1209,8710,8,8,9,6.62,1571,661,910,10281,9,10,11,9.89,1456,529,927,11737,8,8,9,8.63,2425,1273,1152,14162,10,10,11,8.68,1972,935,1037,16134,10,11,12,9.64,3272,1789,1483,19406,11,11,14,7.42,,,,,,,,,,,,,,,,,,,,,,,,,
175f99ad-b62b-4bb1-8cf6-5fa8e0694f81,2025-08-12 13:52:40 UTC,False,19083,CFOP,Gan 12 UI Maglev,RandomForest,23391,19083,,,gan12,custom_rules,,,,8,0,0,19083,65,66,73,3.41,8837,10246,411,0,411,411,4,4,4,9.73,1829,540,1289,2240,7,7,7,5.43,3436,2546,890,5676,9,9,10,10.11,4730,572,4158,10406,11,11,14,2.65,2738,1989,749,13144,8,8,10,10.68,2282,757,1525,15426,10,11,11,6.56,3657,2433,1224,19083,16,16,17,13.07,,,,,,,,,,,,,,,,,,,,,,,,,
869e7a68-3692-4787-94ca-5b11efbc1bb6,2025-08-12 13:53:22 UTC,False,20831,CFOP,Gan 12 UI Maglev,RandomForest,9411,20831,,,gan12,custom_rules,,,,8,0,0,20831,75,75,86,3.6,6684,14147,1781,0,1781,1781,7,7,8,3.93,2425,821,1604,4206,7,7,8,4.36,2108,1762,346,6314,5,5,7,14.45,4286,1684,2602,10600,9,9,11,3.46,1031,137,894,11631,7,7,7,7.83,1660,959,701,13291,9,9,10,12.84,7540,1321,6219,20831,32,32,35,5.15,,,,,,,,,,,,,,,,,,,,,,,,,
61b01343-8390-4b30-a05c-5813db6b2e4c,2025-08-12 13:54:27 UTC,False,16479,CFOP,Gan 12 UI Maglev,RandomForest,38355,16479,,,gan12,custom_rules,,,,8,0,0,16479,62,63,72,3.76,6566,9913,1837,0,1837,1837,10,10,11,5.44,0,0,0,1837,0,0,0,0.0,2167,1555,612,4004,8,8,8,13.07,1543,677,866,5547,8,8,8,9.24,3279,1321,1958,8826,8,8,10,4.09,2796,1458,1338,11622,11,11,12,8.22,4857,1555,3302,16479,17,18,23,5.15,,,,,,,,,,,,,,,,,,,,,,,,,
32affdb5-75be-43df-8725-f6812796a6b2,2025-08-12 13:55:15 UTC,False,30529,CFOP,Gan 12 UI Maglev,RandomForest,6514,30529,,,gan12,custom_rules,,,,8,0,0,30529,95,96,111,3.11,10918,19546,2409,0,2409,2474,5,5,6,2.08,7707,6192,1515,10181,8,8,8,5.28,1732,588,1144,11913,8,8,9,6.99,3151,1096,2055,15064,11,11,14,5.35,2664,698,1966,17728,13,13,13,6.61,5889,1160,4729,23617,12,12,17,2.54,6912,1184,5728,30529,38,39,44,6.63,,,,,,,,,,,,,,,,,,,,,,,,,
11d6992b-3c28-4348-ac5c-3ae43668dc5b,2025-08-12 13:55:47 UTC,False,16726,CFOP,Gan 12 UI Maglev,RandomForest,5553,16726,,,gan12,custom_rules,,,,8,0,0,16726,58,64,78,3.47,7116,9610,2594,0,2594,2594,8,8,9,3.08,3380,1451,1929,5974,10,10,12,5.18,2692,984,1708,8666,9,10,10,5.27,2137,1410,727,10803,8,8,9,11.0,1104,822,282,11907,3,3,3,10.64,1910,870,1040,13817,10,10,13,9.62,2909,1579,1330,16726,10,15,22,7.52,,,,,,,,,,,,,,,,,,,,,,,,,
b9f06ced-212d-4c15-becc-625fcf7f6bd3,2025-08-12 13:56:25 UTC,False,19575,CFOP,Gan 12 UI Maglev,RandomForest,7499,19575,,,gan12,custom_rules,,,,8,0,0,19575,75,80,95,3.83,4194,15381,4487,0,4487,4487,16,16,17,3.57,0,0,0,4487,0,0,0,0.0,3536,925,2611,8023,12,12,14,4.6,3668,120,3548,11691,19,19,20,5.36,2771,419,2352,14462,12,12,13,5.1,1653,886,767,16115,10,11,11,13.04,3460,1844,1616,19575,7,11,20,4.33,,,,,,,,,,,,,,,,,,,,,,,,,
98afadf2-3a9d-41ce-986e-87e9c0d09917,2025-08-12 13:57:17 UTC,False,12181,CFOP,Gan 12 UI Maglev,RandomForest,25892,12181,,,gan12,custom_rules,,,,8,0,0,12181,65,65,68,5.34,5771,6410,661,0,661,661,4,4,4,6.05,1676,717,959,2337,7,7,7,7.3,1200,539,661,3537,8,8,8,12.1,1104,645,459,4641,8,8,8,17.43,2113,1461,652,6754,8,8,8,12.27,2022,878,1144,8776,11,11,12,9.62,3405,1531,1874,12181,19,19,21,10.14,,,,,,,,,,,,,,,,,,,,,,,,,
713cbcfd-fded-410d-8b7b-d5ce2a3c5b1b,2025-08-12 13:57:50 UTC,False,14633,CFOP,Gan 12 UI Maglev,RandomForest,7851,14633,,,gan12,custom_rules,,,,8,0,0,14633,59,61,71,4.03,4920,9439,1691,0,1691,1965,6,7,9,3.55,1564,903,661,3529,6,6,7,9.08,2286,564,1722,5815,7,7,9,4.07,2087,685,1402,7902,8,8,8,5.71,1369,692,677,9271,7,7,7,10.34,3058,1012,2046,12329,14,15,17,6.84,2304,1064,1240,14633,11,11,14,8.87,,,,,,,,,,,,,,,,,,,,,,,,,
9b949761-d24f-42cd-a778-a12443dd6fb1,2025-08-12 13:58:35 UTC,False,21505,CFOP,Gan 12 UI Maglev,RandomForest,13130,21505,,,gan12,custom_rules,,,,8,0,0,21505,72,72,83,3.35,7164,14091,3771,0,3771,4021,8,8,12,2.12,4383,1458,2925,8404,8,8,9,2.74,2839,1224,1615,11243,9,9,10,5.57,2555,1266,1289,13798,7,7,8,5.43,2303,1289,1014,16101,8,8,9,7.89,2264,766,1498,18365,12,12,14,8.01,3140,1161,1979,21505,20,20,21,10.11,,,,,,,,,,,,,,,,,,,,,,,,,
906dc5a2-813e-434e-9183-a261e67ed5ec,2025-08-12 13:59:09 UTC,False,17823,CFOP,Gan 12 UI Maglev,RandomForest,7509,17823,,,gan12,custom_rules,,,,8,0,0,17823,69,69,77,3.87,10111,7712,1265,0,1265,1265,5,5,7,3.95,2281,1547,734,3546,7,7,8,9.54,3532,2404,1128,7078,9,9,11,7.98,3151,2160,991,10229,8,8,9,8.07,2945,1849,1096,13174,13,13,14,11.86,1571,991,580,14745,9,9,10,15.52,3078,1160,1918,17823,18,18,18,9.38,,,,,,,,,,,,,,,,,,,,,,,,,
9fb8a1ad-6b4b-4139-8138-10a5b3987e0a,2025-08-12 13:59:43 UTC,False,17348,CFOP,Gan 12 UI Maglev,RandomForest,6994,17348,,,gan12,custom_rules,,,,8,0,0,17348,58,58,63,3.34,7118,10230,1442,0,1442,1442,6,6,6,4.16,4277,3054,1223,5719,10,10,12,8.18,3537,1096,2441,9256,10,10,12,4.1,0,0,0,9256,0,0,0,0.0,2550,1164,1386,11806,7,7,7,5.05,3416,870,2546,15222,10,10,10,3.93,2126,934,1192,17348,15,15,16,12.58,,,,,,,,,,,,,,,,,,,,,,,,,
7e6fb582-cd41-47e8-8f5e-607a0f120020,2025-08-12 14:00:23 UTC,False,17368,CFOP,Gan 12 UI Maglev,RandomForest,13779,17368,,,gan12,custom_rules,,,,8,0,0,17368,69,70,82,3.97,7160,10208,1112,0,1112,1112,6,6,6,5.4,1837,1161,676,2949,8,8,10,11.83,1983,895,1088,4932,8,8,9,7.35,2283,938,1345,7215,10,10,13,7.43,2191,1587,604,9406,8,8,8,13.25,2744,1161,1583,12150,12,12,13,7.58,5218,1418,3800,17368,17,18,23,4.47,,,,,,,,,,,,,,,,,,,,,,,,,
e6d00013-a242-4665-b6dc-99ae1365faa8,2025-08-12 14:00:52 UTC,False,14028,CFOP,Gan 12 UI Maglev,RandomForest,4625,14028,,,gan12,custom_rules,,,,8,0,0,14028,59,68,80,4.21,4428,9600,1515,0,1515,1515,5,5,5,3.3,3134,217,2917,4649,11,11,13,3.77,956,529,427,5605,4,4,4,9.37,1491,822,669,7096,8,8,9,11.96,1329,523,806,8425,8,8,8,9.93,2404,1273,1131,10829,11,13,15,9.73,3199,1064,2135,14028,12,19,26,5.62,,,,,,,,,,,,,,,,,,,,,,,,,
7e3c581f-dbea-4ba6-ac29-7614ffb15a58,2025-08-12 14:01:30 UTC,False,17040,CFOP,Gan 12 UI Maglev,RandomForest,6398,17040,,,gan12,custom_rules,,,,8,0,0,17040,65,66,78,3.81,7308,9732,1942,0,1942,1942,8,8,9,4.12,2635,1314,1321,4577,8,8,8,6.06,2087,435,1652,6664,7,7,8,4.24,2876,1974,902,9540,8,8,8,8.87,1966,1120,846,11506,9,9,9,10.64,2731,918,1813,14237,10,10,16,5.52,2803,1547,1256,17040,16,17,20,12.74,,,,,,,,,,,,,,,,,,,,,,,,,
770b7655-e236-470f-a226-8c007497cfa5,2025-08-12 14:01:59 UTC,False,15498,CFOP,Gan 12 UI Maglev,RandomForest,3959,15498,,,gan12,custom_rules,,,,8,0,0,15498,70,70,78,4.52,5961,9537,2106,0,2106,2106,6,6,6,2.85,975,749,226,3081,4,4,5,17.7,2176,556,1620,5257,11,11,12,6.79,1804,958,846,7061,11,11,11,13.0,2127,1281,846,9188,9,9,10,10.64,3538,1112,2426,12726,18,18,20,7.42,2772,1305,1467,15498,11,11,14,7.5,,,,,,,,,,,,,,,,,,,,,,,,,
223e9dba-e37a-4036-aa15-5f5727e35756,2025-08-12 14:02:47 UTC,False,23652,CFOP,Gan 12 UI Maglev,RandomForest,13013,23652,,,gan12,custom_rules,,,,8,0,0,23652,84,86,93,3.55,9160,14492,5720,0,5720,5720,15,15,16,2.62,0,0,0,5720,0,0,0,0.0,4262,2755,1507,9982,10,10,12,6.64,3764,2846,918,13746,9,9,10,9.8,2554,1297,1257,16300,11,13,13,8.75,4220,1392,2828,20520,17,17,19,6.01,3132,870,2262,23652,22,22,23,9.73,,,,,,,,,,,,,,,,,,,,,,,,,
4e6a1bce-4f16-4caa-a472-e9d996a0fb92,2025-08-12 14:03:47 UTC,False,24444,CFOP,Gan 12 UI Maglev,RandomForest,25087,24444,,,gan12,custom_rules,,,,8,0,0,24444,79,79,86,3.23,9480,14964,3344,0,3344,3344,7,7,8,2.09,3478,2366,1112,6822,7,7,7,6.29,3537,2522,1015,10359,6,6,7,5.91,4694,931,3763,15053,14,14,15,3.72,2381,1446,935,17434,9,9,10,9.63,4166,1248,2918,21600,16,16,18,5.48,2844,967,1877,24444,20,20,21,10.66,,,,,,,,,,,,,,,,,,,,,,,,,
cfedfc18-eeb3-4191-847e-47dfe3ecc41c,2025-08-12 14:04:21 UTC,False,15426,CFOP,Gan 12 UI Maglev,RandomForest,6915,15426,,,gan12,custom_rules,,,,8,0,0,15426,58,58,67,3.76,5605,9821,2112,0,2112,2112,9,9,9,4.26,5202,2634,2568,7314,10,10,11,3.89,1088,307,781,8402,8,8,8,10.24,1845,516,1329,10247,7,7,8,5.27,1626,441,1185,11873,8,8,10,6.75,1458,797,661,13331,8,8,9,12.1,2095,910,1185,15426,9,9,12,7.59,,,,,,,,,,,,,,,,,,,,,,,,,
ce348d6d-b92c-42d5-95a7-6a07893da3e1,2025-08-12 14:04:54 UTC,False,14422,CFOP,Gan 12 UI Maglev,RandomForest,9009,14422,,,gan12,custom_rules,,,,8,0,0,14422,63,63,75,4.37,6674,7748,1217,0,1217,1217,6,6,7,4.93,1813,1063,750,3030,6,6,9,8.0,2554,1322,1232,5584,8,8,10,6.49,1829,1193,636,7413,4,4,5,6.29,1419,589,830,8832,8,8,10,9.64,2503,1249,1254,11335,12,12,14,9.57,3087,1258,1829,14422,19,19,20,10.39,,,,,,,,,,,,,,,,,,,,,,,,,
54a4e126-e866-402d-a433-d66b39e693fd,2025-08-12 14:05:27 UTC,False,18950,CFOP,Gan 12 UI Maglev,RandomForest,4028,18950,,,gan12,custom_rules,,,,8,0,0,18950,68,69,76,3.59,8724,10226,3457,0,3457,3457,9,10,10,2.6,3686,2123,1563,7143,12,12,13,7.68,1733,1572,161,8876,4,4,5,24.84,2792,1620,1172,11668,7,7,8,5.97,2095,951,1144,13763,7,7,8,6.12,2029,1056,973,15792,12,12,14,12.33,3158,1402,1756,18950,17,17,18,9.68,,,,,,,,,,,,,,,,,,,,,,,,,
58d32beb-c8ae-43a0-b784-2dcbe4743631,2025-08-12 14:06:04 UTC,False,18749,CFOP,Gan 12 UI Maglev,RandomForest,8569,18749,,,gan12,custom_rules,,,,8,0,0,18749,75,79,90,4.0,6970,11779,2562,0,2562,2562,7,7,8,2.73,2151,492,1659,4713,11,11,12,6.63,1693,670,1023,6406,8,8,9,7.82,2666,620,2046,9072,11,11,12,5.38,4042,2170,1872,13114,13,15,17,6.94,1608,940,668,14722,8,8,8,11.98,4027,2078,1949,18749,17,19,24,8.72,,,,,,,,,,,,,,,,,,,,,,,,,
9b90c3e0-8eed-4a3d-9164-f0bed76fab50,2025-08-12 14:06:39 UTC,False,17900,CFOP,Gan 12 UI Maglev,RandomForest,5605,17900,,,gan12,custom_rules,,,,8,0,0,17900,61,61,68,3.41,9041,8795,1934,0,1934,1998,6,6,8,3.1,1643,1385,258,3641,4,4,5,15.5,4786,2635,2151,8427,8,8,10,3.72,1571,1080,491,9998,8,8,9,16.29,2610,1491,1119,12608,7,7,7,6.26,2135,943,1192,14743,11,11,12,9.23,3157,1507,1650,17900,17,17,17,10.3,,,,,,,,,,,,,,,,,,,,,,,,,
93ae28cd-8c0c-4482-b5c9-801a42c1c580,2025-08-12 14:07:14 UTC,False,18044,CFOP,Gan 12 UI Maglev,RandomForest,6631,18044,,,gan12,custom_rules,,,,8,0,0,18044,71,71,78,3.93,9062,8982,3021,0,3021,3021,7,7,8,2.32,2677,1965,712,5698,8,8,9,11.24,4805,3576,1229,10503,11,11,12,8.95,1499,814,685,12002,7,7,7,10.22,1659,902,757,13661,8,8,10,10.57,2329,1080,1249,15990,14,14,15,11.21,2054,725,1329,18044,16,16,17,12.04,,,,,,,,,,,,,,,,,,,,,,,,,
5025a913-b722-48ab-915c-f3b7fb13171f,2025-08-12 14:07:53 UTC,False,20713,CFOP,Gan 12 UI Maglev,RandomForest,3136,20713,,,gan12,custom_rules,,,,8,0,0,20713,59,71,88,2.85,72,20641,9313,0,9313,9313,31,31,35,3.33,11400,72,11328,20713,28,40,53,2.47,0,0,0,20713,0,0,0,0.0,0,0,0,20713,0,0,0,0.0,0,0,0,20713,0,0,0,0.0,0,0,0,20713,0,0,0,0.0,0,0,0,20713,0,0,0,0.0,,,,,,,,,,,,,,,,,,,,,,,,,
0d47147c-2736-42bd-bf8b-b74ae39ad809,2025-08-12 14:08:29 UTC,False,16423,CFOP,Gan 12 UI Maglev,RandomForest,8436,16423,,,gan12,custom_rules,,,,8,0,0,16423,63,64,75,3.84,8730,7693,1522,0,1522,1522,6,6,8,3.94,2603,1330,1273,4125,8,8,10,6.28,1562,451,1111,5687,6,6,7,5.4,2280,1741,539,7967,9,9,10,16.7,3147,2558,589,11114,9,9,9,15.28,1555,990,565,12669,9,9,10,15.93,3754,1660,2094,16423,17,18,21,8.12,,,,,,,,,,,,,,,,,,,,,,,,,
d011b36a-1bd3-427d-8b08-ec01ca7956d7,2025-08-12 14:09:06 UTC,False,18938,CFOP,Gan 12 UI Maglev,RandomForest,6597,18938,,,gan12,custom_rules,,,,8,0,0,18938,73,75,84,3.85,7641,11297,1426,0,1426,1426,6,6,8,4.21,1983,798,1185,3409,8,8,9,6.75,4262,1047,3215,7671,13,13,14,4.04,2280,1426,854,9951,8,8,9,9.37,2206,1601,605,12157,8,8,8,13.22,3086,1523,1563,15243,14,14,15,8.96,3695,1246,2449,18938,16,18,21,6.53,,,,,,,,,,,,,,,,,,,,,,,,,
16319388-3f65-4206-bfe3-7488e7d2e2db,2025-08-12 14:09:40 UTC,False,18217,CFOP,Gan 12 UI Maglev,RandomForest,5659,18217,,,gan12,custom_rules,,,,8,0,0,18217,62,73,83,3.4,4894,13323,7797,0,7797,7797,25,29,32,3.21,0,0,0,7797,0,0,0,0.0,0,0,0,7797,0,0,0,0.0,2530,427,2103,10327,8,9,10,3.8,3529,2454,1075,13856,8,10,10,7.44,1938,940,998,15794,13,13,13,13.03,2423,1073,1350,18217,8,12,18,5.93,,,,,,,,,,,,,,,,,,,,,,,,,
fd41d1c4-88e8-4f5e-b7a2-ee38a8c8a7a0,2025-08-12 14:10:13 UTC,False,15706,CFOP,Gan 12 UI Maglev,RandomForest,7324,15706,,,gan12,custom_rules,,,,8,0,0,15706,64,65,74,4.07,7035,8453,1933,0,1933,2151,5,6,8,2.59,2240,629,1611,4391,9,9,9,5.59,1935,1226,709,6326,6,6,7,8.46,2868,1861,1007,9194,8,8,10,7.94,2028,1184,844,11222,8,8,9,9.48,2070,1063,1007,13292,12,12,14,11.92,2414,1072,1342,15706,16,16,17,11.92,,,,,,,,,,,,,,,,,,,,,,,,,
8a735cc0-e69c-4e67-8d32-1c6633bb4d10,2025-08-12 14:10:57 UTC,False,25245,CFOP,Gan 12 UI Maglev,RandomForest,9139,25245,,,gan12,custom_rules,,,,8,0,0,25245,80,83,91,3.17,13280,11884,1048,0,1048,1129,7,7,8,6.68,3407,2384,1023,4536,9,10,10,8.8,3916,1499,2417,8452,9,9,10,3.72,7217,4075,3142,15669,20,20,20,6.37,2262,1296,966,17931,12,12,12,12.42,2877,1386,1491,20808,11,13,15,7.38,4437,2640,1797,25245,12,12,16,6.68,,,,,,,,,,,,,,,,,,,,,,,,,
dd390768-b9e0-4ad7-ae92-b39b19a51362,2025-08-12 14:11:38 UTC,False,21882,CFOP,Gan 12 UI Maglev,RandomForest,8971,21882,,,gan12,custom_rules,,,,8,0,0,21882,75,77,83,3.43,6776,15106,2014,0,2014,2014,8,8,9,3.97,3463,1015,2448,5477,10,10,11,4.08,2828,1144,1684,8305,11,11,12,6.53,4325,403,3922,12630,11,11,11,2.8,1853,1080,773,14483,7,7,7,9.06,2934,1225,1709,17417,11,12,12,6.44,4465,1909,2556,21882,17,18,21,6.65,,,,,,,,,,,,,,,,,,,,,,,,,
70f53c4b-c515-469b-84d0-8986d7e8e316,2025-08-12 14:12:20 UTC,False,18651,CFOP,Gan 12 UI Maglev,RandomForest,12880,18651,,,gan12,custom_rules,,,,8,0,0,18651,64,64,74,3.43,7645,11006,3006,0,3006,3006,7,7,9,2.33,2585,1498,1087,5591,8,8,10,7.36,2288,1442,846,7879,6,6,7,7.09,1845,419,1426,9724,8,8,9,5.61,3554,1290,2264,13278,12,12,12,5.3,2619,1580,1039,15897,13,13,14,12.51,2754,1416,1338,18651,10,10,13,7.47,,,,,,,,,,,,,,,,,,,,,,,,,
6302a2c6-16b3-49c2-86f6-db345d08ff34,2025-08-12 14:12:52 UTC,False,17123,CFOP,Gan 12 UI Maglev,RandomForest,5758,17123,,,gan12,custom_rules,,,,8,0,0,17123,62,62,69,3.62,7578,9545,1660,0,1660,1660,5,5,6,3.01,2917,1305,1612,4577,8,8,10,4.96,1923,521,1402,6500,7,7,7,4.99,1579,524,1055,8079,7,7,8,6.64,3752,2552,1200,11831,8,8,10,6.67,1926,1233,693,13757,10,10,10,14.43,3366,1443,1923,17123,18,18,18,9.36,,,,,,,,,,,,,,,,,,,,,,,,,
96056e58-73d8-4e9c-a792-330821888f44,2025-08-12 14:13:26 UTC,False,15094,CFOP,Gan 12 UI Maglev,RandomForest,9043,15094,,,gan12,custom_rules,,,,8,0,0,15094,61,61,71,4.04,6452,8642,2521,0,2521,2521,7,7,7,2.78,1523,1016,507,4044,6,6,7,11.83,2971,1867,1104,7015,7,7,8,6.34,1329,572,757,8344,8,8,9,10.57,1652,1104,548,9996,8,8,10,14.6,2851,854,1997,12847,12,12,16,6.01,2247,1039,1208,15094,13,13,14,10.76,,,,,,,,,,,,,,,,,,,,,,,,,
dcca7409-7f5c-465e-99ac-60b05eb9a99d,2025-08-12 14:14:01 UTC,False,16657,CFOP,Gan 12 UI Maglev,RandomForest,7617,16657,,,gan12,custom_rules,,,,8,0,0,16657,60,64,85,3.6,6349,10308,1676,0,1676,1676,6,6,8,3.58,1893,934,959,3569,8,8,11,8.34,1911,1516,395,5480,5,5,8,12.66,2466,1152,1314,7946,11,11,12,8.37,1756,676,1080,9702,8,8,10,7.41,2881,987,1894,12583,14,14,15,7.39,4074,1084,2990,16657,8,12,21,2.68,,,,,,,,,,,,,,,,,,,,,,,,,
78dcec1a-6c4a-49ed-8d73-892b50c82495,2025-08-12 14:14:42 UTC,False,17736,CFOP,Gan 12 UI Maglev,RandomForest,13167,17736,,,gan12,custom_rules,,,,8,0,0,17736,77,79,82,4.34,5833,11903,3803,0,3803,3803,10,10,10,2.63,4088,1145,2943,7891,14,15,15,4.76,1555,475,1080,9446,7,7,8,6.48,1401,765,636,10847,7,7,7,11.01,1620,1209,411,12467,8,8,8,19.46,2119,814,1305,14586,14,14,14,10.73,3150,1425,1725,17736,17,18,20,9.86,,,,,,,,,,,,,,,,,,,,,,,,,
7fced0c8-3128-412e-b160-87394df4b5a5,2025-08-12 14:15:15 UTC,False,15905,CFOP,Gan 12 UI Maglev,RandomForest,4698,15905,,,gan12,custom_rules,,,,8,0,0,15905,64,67,73,4.02,6084,9821,652,0,652,652,5,5,5,7.67,2788,1934,854,3440,10,10,11,11.71,3762,492,3270,7202,11,11,12,3.36,1820,1039,781,9022,6,7,7,7.68,1779,983,796,10801,8,8,10,10.05,1627,725,902,12428,9,9,9,9.98,3477,911,2566,15905,15,17,19,5.85,,,,,,,,,,,,,,,,,,,,,,,,,
f930e6db-89f8-4e42-b20c-0f2d40597985,2025-08-12 14:15:43 UTC,False,13717,CFOP,Gan 12 UI Maglev,RandomForest,2483,13717,,,gan12,custom_rules,,,,8,0,0,13717,61,62,70,4.45,7271,6373,1042,0,1042,1115,5,5,7,4.8,1660,1442,218,2775,4,4,4,18.35,2868,1821,1047,5643,8,8,10,7.64,1712,923,789,7355,10,10,12,12.67,1716,1257,459,9071,8,8,8,17.43,2078,653,1425,11149,10,10,10,7.02,2568,1175,1393,13717,16,17,19,11.49,,,,,,,,,,,,,,,,,,,,,,,,,
a0fcd482-7e51-41d5-af1b-ba45f9cecc73,2025-08-12 14:16:25 UTC,False,19562,CFOP,Gan 12 UI Maglev,RandomForest,10681,19562,,,gan12,custom_rules,,,,8,0,0,19562,80,80,96,4.09,6318,13244,4069,0,4069,4069,11,11,15,2.7,1450,653,797,5519,8,8,9,10.04,2635,1225,1410,8154,8,8,10,5.67,4907,1386,3521,13061,20,20,23,5.68,2190,1274,916,15251,8,8,12,8.73,1434,572,862,16685,8,8,8,9.28,2877,1208,1669,19562,17,17,19,10.19,,,,,,,,,,,,,,,,,,,,,,,,,
1c68b429-0966-4c8b-a87f-087f5559848d,2025-08-12 14:17:04 UTC,False,15782,CFOP,Gan 12 UI Maglev,RandomForest,12133,15782,,,gan12,custom_rules,,,,8,0,0,15782,57,57,69,3.61,8702,7080,355,0,355,355,3,3,3,8.45,2755,1966,789,3110,8,8,11,10.14,3087,1612,1475,6197,8,8,10,5.42,2821,1636,1185,9018,6,6,7,5.06,1820,701,1119,10838,7,7,10,6.26,1733,878,855,12571,8,8,10,9.36,3211,1909,1302,15782,17,17,18,13.06,,,,,,,,,,,,,,,,,,,,,,,,,
d2ef8fb3-1844-4a5a-9eb4-04375464fa29,2025-08-12 14:17:36 UTC,False,19218,CFOP,Gan 12 UI Maglev,RandomForest,4484,19218,,,gan12,custom_rules,,,,8,0,0,19218,72,74,86,3.75,4827,14391,3851,0,3851,3851,10,10,12,2.6,2127,258,1869,5978,11,11,12,5.89,1886,596,1290,7864,7,7,8,5.43,3514,564,2950,11378,10,10,10,3.39,1047,451,596,12425,8,8,9,13.42,2949,1588,1361,15374,10,10,13,7.35,3844,1370,2474,19218,17,18,22,6.87,,,,,,,,,,,,,,,,,,,,,,,,,
d533bfa3-f58a-433b-9988-713e90cc71df,2025-08-12 14:18:12 UTC,False,21311,CFOP,Gan 12 UI Maglev,RandomForest,4913,21311,,,gan12,custom_rules,,,,8,0,0,21311,71,72,86,3.33,5942,15297,5686,0,5686,5758,14,14,17,2.46,0,0,0,5758,0,0,0,0.0,2570,1273,1297,8328,9,9,10,6.94,701,476,225,9029,3,3,3,13.33,5669,717,4952,14698,18,18,20,3.63,2629,1252,1377,17327,10,10,15,7.26,3984,2224,1760,21311,17,18,21,9.66,,,,,,,,,,,,,,,,,,,,,,,,,
5232ccb0-8473-4cbc-b30f-9153528ddea5,2025-08-12 14:18:44 UTC,False,16194,CFOP,Gan 12 UI Maglev,RandomForest,6624,16194,,,gan12,custom_rules,,,,8,0,0,16194,54,58,71,3.33,7526,8668,1957,0,1957,1957,6,6,9,3.07,1950,999,951,3907,7,7,7,7.36,1799,886,913,5706,8,8,9,8.76,1877,1700,177,7583,4,4,5,22.6,1845,1064,781,9428,8,8,8,10.24,3560,1207,2353,12988,13,13,16,5.52,3206,1670,1536,16194,8,12,17,5.21,,,,,,,,,,,,,,,,,,,,,,,,,
52020ea3-3865-451b-aa38-b6100c1ffea2,2025-08-12 14:19:30 UTC,False,30444,CFOP,Gan 12 UI Maglev,RandomForest,5455,30444,,,gan12,custom_rules,,,,8,0,0,30444,111,112,122,3.65,10459,19985,1442,0,1442,1442,6,6,7,4.16,6501,5124,1377,7943,10,10,10,7.26,3286,1555,1731,11229,8,8,9,4.62,12404,1095,11309,23633,56,56,58,4.95,741,563,178,24374,4,4,4,22.47,1909,604,1305,26283,9,9,12,6.9,4161,1518,2643,30444,18,19,22,6.81,,,,,,,,,,,,,,,,,,,,,,,,,
2fec7555-d324-4bbd-821e-9afc56c8bd04,2025-08-12 14:20:12 UTC,False,16545,CFOP,Gan 12 UI Maglev,RandomForest,14648,16545,,,gan12,custom_rules,,,,8,0,0,16545,75,76,82,4.53,6743,9802,725,0,725,725,4,4,5,5.52,2885,443,2442,3610,12,12,13,4.91,2468,1232,1236,6078,7,7,7,5.66,1821,1120,701,7899,8,8,9,11.41,3003,1289,1714,10902,13,13,13,7.58,2538,1168,1370,13440,15,15,16,10.95,3105,1491,1614,16545,16,17,19,9.91,,,,,,,,,,,,,,,,,,,,,,,,,
711bae3e-6b6d-44f7-bf1a-f3b20fad291f,2025-08-12 14:20:44 UTC,False,14807,CFOP,Gan 12 UI Maglev,RandomForest,7439,14807,,,gan12,custom_rules,,,,8,0,0,14807,60,61,69,4.05,8232,6575,1217,0,1217,1217,5,6,7,4.11,1708,838,870,2925,7,7,7,8.05,1217,1007,210,4142,5,5,5,23.81,2525,2300,225,6667,5,5,6,22.22,2901,1370,1531,9568,9,9,11,5.88,2894,1420,1474,12462,19,19,20,12.89,2345,1297,1048,14807,10,10,13,9.54,,,,,,,,,,,,,,,,,,,,,,,,,
9cabcbba-29d1-4f44-b581-2813af29cd52,2025-08-12 14:21:25 UTC,False,23007,CFOP,Gan 12 UI Maglev,RandomForest,6193,23007,,,gan12,custom_rules,,,,8,0,0,23007,79,80,91,3.43,9213,13794,2845,0,2845,2845,7,7,9,2.46,4190,3191,999,7035,9,9,10,9.01,3595,1128,2467,10630,11,11,12,4.46,5322,1623,3699,15952,18,18,19,4.87,1776,805,971,17728,10,10,11,10.3,1321,717,604,19049,8,8,9,13.25,3958,1749,2209,23007,16,17,21,7.24,,,,,,,,,,,,,,,,,,,,,,,,,
32f7f216-0e1d-460a-b751-f939bcc60fe8,2025-08-12 14:21:59 UTC,False,15955,CFOP,Gan 12 UI Maglev,RandomForest,7411,15955,,,gan12,custom_rules,,,,8,0,0,15955,74,77,83,4.64,5434,10521,2393,0,2393,2393,8,8,9,3.34,733,572,161,3126,4,4,4,24.84,2748,999,1749,5874,11,11,11,6.29,2385,1112,1273,8259,12,12,12,9.43,1772,926,846,10031,8,8,10,9.46,3010,770,2240,13041,16,18,19,7.14,2914,1055,1859,15955,15,16,18,8.07,,,,,,,,,,,,,,,,,,,,,,,,,
4ea77e2a-0750-4146-b9ed-c84e612cf79e,2025-08-12 14:22:44 UTC,False,19698,CFOP,Gan 12 UI Maglev,RandomForest,12944,19698,,,gan12,custom_rules,,,,8,0,0,19698,67,68,79,3.4,8938,10760,4505,0,4505,4505,10,10,12,2.22,3089,1349,1740,7594,11,11,13,6.32,2078,1708,370,9672,4,4,5,10.81,1292,733,559,10964,8,8,9,14.31,2216,1499,717,13180,8,8,9,11.16,3247,1998,1249,16427,12,12,14,9.61,3271,1651,1620,19698,14,15,17,8.64,,,,,,,,,,,,,,,,,,,,,,,,,
c96e2d9e-2815-4371-a4a0-97ba5a8996f2,2025-08-12 14:23:30 UTC,False,19455,CFOP,Gan 12 UI Maglev,RandomForest,16793,19455,,,gan12,custom_rules,,,,8,0,0,19455,69,71,82,3.55,6912,12422,1571,0,1571,1692,5,6,7,3.18,2626,1079,1547,4318,7,7,9,4.52,3269,1022,2247,7587,11,11,11,4.9,3135,1112,2023,10722,8,8,10,3.95,2053,1288,765,12775,7,7,8,9.15,1998,935,1063,14773,12,12,13,11.29,4682,1476,3206,19455,19,20,24,5.93,,,,,,,,,,,,,,,,,,,,,,,,,
1ab9512f-7ea6-4f62-82aa-10e33df5c93b,2025-08-12 14:24:13 UTC,False,13766,CFOP,Gan 12 UI Maglev,RandomForest,17758,13766,,,gan12,custom_rules,,,,8,0,0,13766,57,64,73,4.14,1893,11873,9536,0,9536,9536,36,42,47,3.78,0,0,0,9536,0,0,0,0.0,0,0,0,9536,0,0,0,0.0,0,0,0,9536,0,0,0,0.0,0,0,0,9536,0,0,0,0.0,1942,870,1072,11478,8,8,10,7.46,2288,1023,1265,13766,13,14,16,10.28,,,,,,,,,,,,,,,,,,,,,,,,,
8849ea76-ba05-4c42-93b6-c584016e7bb5,2025-08-12 14:24:56 UTC,False,21317,CFOP,Gan 12 UI Maglev,RandomForest,12282,21317,,,gan12,custom_rules,,,,8,0,0,21317,72,72,76,3.38,4852,16465,8603,0,8603,8603,17,17,17,1.98,0,0,0,8603,0,0,0,0.0,1071,451,620,9674,7,7,8,11.29,4909,1807,3102,14583,15,15,15,4.84,1941,725,1216,16524,8,8,9,6.58,1224,628,596,17748,8,8,8,13.42,3569,1241,2328,21317,19,19,19,8.16,,,,,,,,,,,,,,,,,,,,,,,,,
35960651-2a4e-4ed1-a7c1-4f3995474521,2025-08-12 14:25:36 UTC,False,18453,CFOP,Gan 12 UI Maglev,RandomForest,9755,18453,,,gan12,custom_rules,,,,8,0,0,18453,76,76,85,4.12,6781,11672,2506,0,2506,2506,7,7,8,2.79,1974,919,1055,4480,8,8,8,7.58,3919,2066,1853,8399,13,13,16,7.02,2625,709,1916,11024,8,8,10,4.18,992,444,548,12016,8,8,9,14.6,3230,1716,1514,15246,14,14,16,9.25,3207,927,2280,18453,18,18,18,7.89,,,,,,,,,,,,,,,,,,,,,,,,,
467fbfad-6ea4-4bd6-8420-082c75d1a264,2025-08-12 14:26:19 UTC,False,26442,CFOP,Gan 12 UI Maglev,RandomForest,6727,26442,,,gan12,custom_rules,,,,8,0,0,26442,80,81,87,3.03,10085,16357,3440,0,3440,3440,10,10,10,2.91,7031,2801,4230,10471,12,12,13,2.84,4479,1659,2820,14950,10,10,10,3.55,2047,604,1443,16997,11,11,12,7.62,3389,2470,919,20386,8,8,8,8.71,2723,1257,1466,23109,13,13,14,8.87,3333,1294,2039,26442,16,17,20,7.85,,,,,,,,,,,,,,,,,,,,,,,,,
647a8574-2ed7-446d-ab25-2c21739d7d87,2025-08-12 14:26:55 UTC,False,14096,CFOP,Gan 12 UI Maglev,RandomForest,11527,14096,,,gan12,custom_rules,,,,8,0,0,14096,61,61,65,4.33,6955,7141,1934,0,1934,1934,7,7,7,3.62,3468,1668,1800,5402,12,12,13,6.67,588,451,137,5990,4,4,4,29.2,1950,1354,596,7940,9,9,9,15.1,2022,1386,636,9962,10,10,10,15.72,1242,678,564,11204,9,9,9,15.96,2892,1418,1474,14096,10,10,13,6.78,,,,,,,,,,,,,,,,,,,,,,,,,
a6c97d52-f4a2-4744-8c0a-dcaddacfe3fd,2025-08-12 14:27:51 UTC,False,27313,CFOP,Gan 12 UI Maglev,RandomForest,17401,27313,,,gan12,custom_rules,,,,8,0,0,27313,89,89,97,3.26,9859,17454,6358,0,6358,6358,14,14,15,2.2,4100,2513,1587,10458,12,12,15,7.56,4625,1128,3497,15083,15,15,15,4.29,1811,1585,226,16894,4,4,4,17.7,2570,1208,1362,19464,12,12,13,8.81,2899,1668,1231,22363,15,15,15,12.19,4950,1757,3193,27313,17,17,20,5.32,,,,,,,,,,,,,,,,,,,,,,,,,
6d27ffcc-7285-41e9-b78f-4a094f513370,2025-08-12 14:28:40 UTC,False,18128,CFOP,Gan 12 UI Maglev,RandomForest,19470,18128,,,gan12,custom_rules,,,,8,0,0,18128,74,75,85,4.08,5035,13093,4544,0,4544,4544,16,17,19,3.52,0,0,0,4544,0,0,0,0.0,2718,929,1789,7262,7,7,9,3.91,2820,749,2071,10082,10,10,11,4.83,2125,1053,1072,12207,12,12,14,11.19,2265,1120,1145,14472,13,13,13,11.35,3656,1184,2472,18128,16,16,19,6.47,,,,,,,,,,,,,,,,,,,,,,,,,
68e67a48-336a-4d01-9085-076e10b10a36,2025-08-12 14:29:15 UTC,False,16900,CFOP,Gan 12 UI Maglev,RandomForest,7562,16900,,,gan12,custom_rules,,,,8,0,0,16900,61,63,71,3.61,8126,8709,4044,0,4044,4109,13,13,17,3.21,0,0,0,4109,0,0,0,0.0,4218,3477,741,8327,10,10,11,13.5,2232,1684,548,10559,5,5,5,9.12,1112,572,540,11671,7,7,8,12.96,1773,733,1040,13444,10,11,11,9.62,3456,1660,1796,16900,16,17,19,8.91,,,,,,,,,,,,,,,,,,,,,,,,,
be0bafa2-b0c0-4711-a11e-baf07f610cc6,2025-08-12 14:30:27 UTC,False,21044,CFOP,Gan 12 UI Maglev,RandomForest,40668,21044,,,gan12,custom_rules,,,,8,0,0,21044,67,68,77,3.18,6688,14356,6306,0,6306,6306,14,15,17,2.22,0,0,0,6306,0,0,0,0.0,2521,298,2223,8827,9,9,9,4.05,2827,1926,901,11654,9,9,10,9.99,3102,1934,1168,14756,6,6,8,5.14,2839,1176,1663,17595,15,15,17,9.02,3449,1354,2095,21044,14,14,16,6.68,,,,,,,,,,,,,,,,,,,,,,,,,
