id,date,dnf,time,solving_method,device_name,device_model,device_color_scheme,user,one_turn_away_two_second_penalty,inspection_two_second_penalty,inspection_time,timer_time,missing_turn,solution,timer,description,session_name,session_ruleset,scramble,scramble_provider,ruleset,share_views,share_likes,share_comments,analysis_version,solution_rotation,pickup_time,putdown_time,solving_time,slice_turns,face_turns,quarter_turns,turns_per_second,total_recognition_time,total_execution_time,turns_after_solution,steps_skipped,step_0_name,step_0_moves,step_0_recorded_moves,step_0_skipped,step_0_has_turns,step_0_time,step_0_recognition_time,step_0_execution_time,step_0_cumulative_time,step_0_slice_turns,step_0_face_turns,step_0_quarter_turns,step_0_turns_per_second,step_1_name,step_1_moves,step_1_recorded_moves,step_1_skipped,step_1_has_turns,step_1_time,step_1_recognition_time,step_1_execution_time,step_1_cumulative_time,step_1_slice_turns,step_1_face_turns,step_1_quarter_turns,step_1_turns_per_second,step_2_name,step_2_moves,step_2_recorded_moves,step_2_skipped,step_2_has_turns,step_2_time,step_2_recognition_time,step_2_execution_time,step_2_cumulative_time,step_2_slice_turns,step_2_face_turns,step_2_quarter_turns,step_2_turns_per_second,step_3_name,step_3_moves,step_3_recorded_moves,step_3_skipped,step_3_has_turns,step_3_time,step_3_recognition_time,step_3_execution_time,step_3_cumulative_time,step_3_slice_turns,step_3_face_turns,step_3_quarter_turns,step_3_turns_per_second,step_4_name,step_4_moves,step_4_recorded_moves,step_4_skipped,step_4_has_turns,step_4_time,step_4_recognition_time,step_4_execution_time,step_4_cumulative_time,step_4_slice_turns,step_4_face_turns,step_4_quarter_turns,step_4_turns_per_second,step_5_name,step_5_moves,step_5_recorded_moves,step_5_skipped,step_5_has_turns,step_5_time,step_5_recognition_time,step_5_execution_time,step_5_cumulative_time,step_5_slice_turns,step_5_face_turns,step_5_quarter_turns,step_5_turns_per_second,step_6_name,step_6_moves,step_6_recorded_moves,step_6_skipped,step_6_has_turns,step_6_time,step_6_recognition_time,step_6_execution_time,step_6_cumulative_time,step_6_slice_turns,step_6_face_turns,step_6_quarter_turns,step_6_turns_per_second,step_7_name,step_7_moves,step_7_recorded_moves,step_7_skipped,step_7_has_turns,step_7_time,step_7_recognition_time,step_7_execution_time,step_7_cumulative_time,step_7_slice_turns,step_7_face_turns,step_7_quarter_turns,step_7_turns_per_second,step_8_name,step_8_moves,step_8_recorded_moves,step_8_skipped,step_8_has_turns,step_8_time,step_8_recognition_time,step_8_execution_time,step_8_cumulative_time,step_8_slice_turns,step_8_face_turns,step_8_quarter_turns,step_8_turns_per_second,step_0_case,step_1_case,step_2_case,step_3_case,step_4_case,step_5_case,step_6_case,step_7_case,step_8_case
3f3d734b-74c3-4431-b658-778e927823e0,2025-08-02 10:20:05 UTC,false,21334,CFOP,Gan12uiM,Gan 12 UI Maglev,Gan 356i,RandomForest,false,false,25886,21334,,B'[0] U[161] B'[370] L[1023] L[1103] U[1416] R'[1714] R[3226] L[3983] D'[4047] L'[4049] D[4385] D'[5485] R'[6289] F[7207] L'[7263] F'[7368] D[8534] B[8639] D'[8695] B'[8808] D'[9419] D'[9653] L'[9983] D'[10119] L[10224] D'[10881] D'[12153] D[12346] R'[12580] D'[12693] D'[12821] R[13030] D'[13287] R[13497] D'[13610] D'[13690] R'[13811] L'[14036] F'[14173] R[14302] F[14398] L[14551] R'[14559] D'[15050] R[15235] D'[15339] R'[15460] D[15533] D[15621] R[15718] D'[15766] R'[15839] D[16394] D[16765] D'[16990] B[17255] R[17497] D[17618] R'[17674] D'[17770] R[17851] D[17964] R'[18028] D'[18124] B'[18254] R'[19654] D[19726] D[19830] R'[19960] U'[20073] R[20201] D'[20281] R'[20402] U[20450] R[20596] D[20676] R[20772] D'[20845] R'[20926] D'[21071] R[21159] D'[21334],,,gan12,custom_rules,F' U L' F U2 R2 U L F R' F2 B2 R2 U2 D B2 L2 U' B2 L2 U L2,random_state,custom_rules,,,,8,DB,0,0,21334,75,76,83,3.52,7119,14215,"",1,Cross,z2 B' D B' R2 D L' L R U' R' U U' L' F R' F',z2[0] B'[0] D[161] B'[370] R2[1103] D[1416] L'[1714] L[3226] R[3983] U'[4047] R'[4049] U[4385] U'[5485] L'[6289] F[7207] R'[7263] F'[7368],false,true,7368,0,7368,7368,16,16,17,2.17,F2L Slot 1,,"",true,false,0,0,0,7368,0,0,0,0,F2L Slot 2,U B U' B' U2' R' U' R,U[8534] B[8639] U'[8695] B'[8808] U2'[9653] R'[9983] U'[10119] R[10224],false,true,2856,1271,1585,10224,8,8,9,5.05,F2L Slot 3,U' U' U L' U2' L U' L U2' L' R' F' L F M x,U'[10881] U'[12153] U[12346] L'[12580] U2'[12821] L[13030] U'[13287] L[13497] U2'[13690] L'[13811] R'[14036] F'[14173] L[14302] F[14398] M[14559] x[14804],false,true,4335,2356,1979,14559,15,16,18,7.58,F2L Slot 4,U' L U' L' U2 L U' L',U'[15050] L[15235] U'[15339] L'[15460] U2[15621] L[15718] U'[15766] L'[15839],false,true,1280,676,604,15839,8,8,9,13.25,OLL,U2 U' B L U L' U' L U L' U' B',U2[16765] U'[16990] B[17255] L[17497] U[17618] L'[17674] U'[17770] L[17851] U[17964] L'[18028] U'[18124] B'[18254],false,true,2415,1416,999,18254,12,12,13,12.01,PLL,L' U2 L' D' L U' L' D L U L U' L' U' L U',L'[19654] U2[19830] L'[19960] D'[20073] L[20201] U'[20281] L'[20402] D[20450] L[20596] U[20676] L[20772] U'[20845] L'[20926] U'[21071] L[21159] U'[21334],false,true,3080,1400,1680,21334,16,16,17,9.52,,,,,,,,,,,,,,,,,,,,,,,,,,
ba2a65f1-6d87-494f-bcac-132b29801ec1,2025-08-02 10:20:43 UTC,false,15108,CFOP,Gan12uiM,Gan 12 UI Maglev,Gan 356i,RandomForest,false,false,12731,15108,,U[0] R[177] R[266] F'[669] F'[733] D'[1272] B[1425] D[1626] R[2826] U[3052] U[3398] R'[3551] U[4317] U[5080] R'[5216] U[5402] R[5587] U'[5667] R'[5796] U'[5909] R[6054] U'[6537] U'[7229] U'[7390] U'[7905] F[8340] U[8469] F'[8622] U[8735] L'[9225] U'[9331] L[9411] U[10099] F[10389] U'[10502] B'[10654] U[10735] R[10823] U[10888] R'[10960] U'[11041] B[11170] F'[11178] U'[12192] U[12748] L[12941] U'[13005] L[13214] U[13319] L'[13367] D[13416] L[13545] D'[13633] L[13818] U'[13867] D[13939] L'[14036] L'[14116] U[14390] L[14576] L[14648] D'[14752] L'[14898] L'[14970] U[15108],,,gan12,custom_rules,R B2 D L' U' F2 R' F2 R' L2 F' U F2 B2 U' L2 U2 R2 F2 U' F2 D,random_state,custom_rules,,,,8,UF,0,0,15108,54,56,65,3.57,7892,7216,"",1,Cross,U R2 F2' D' B D,U[0] R2[266] F2'[733] D'[1272] B[1425] D[1626],false,true,1626,0,1626,1626,6,6,8,3.69,F2L Slot 1,,"",true,false,0,0,0,1626,0,0,0,0,F2L Slot 2,R U2 R',R[2826] U2[3398] R'[3551],false,true,1925,1200,725,3551,3,3,4,4.14,F2L Slot 3,U U R' U R U' R' U' R,U[4317] U[5080] R'[5216] U[5402] R[5587] U'[5667] R'[5796] U'[5909] R[6054],false,true,2503,1665,838,6054,9,9,9,10.74,F2L Slot 4,U4' F U F' U L' U' L,U4'[7905] F[8340] U[8469] F'[8622] U[8735] L'[9225] U'[9331] L[9411],false,true,3357,2286,1071,9411,8,8,11,7.47,OLL,U F U' B' U R U R' U' S z',U[10099] F[10389] U'[10502] B'[10654] U[10735] R[10823] U[10888] R'[10960] U'[11041] S[11178] z'[11685],false,true,1767,978,789,11178,10,11,11,12.67,PLL,U' U L U' L U L' D L D' L E' B2' U B2 D' B2' U,U'[12192] U[12748] L[12941] U'[13005] L[13214] U[13319] L'[13367] D[13416] L[13545] D'[13633] L[13818] E'[13939] B2'[14116] U[14390] B2[14648] D'[14752] B2'[14970] U[15108],false,true,3930,1763,2167,15108,18,19,22,8.31,,,,,,,,,,,,,,,,,,,,,,,,,,
75bb6b49-9a89-4d7c-8c20-17d267e9dbdd,2025-08-02 10:21:31 UTC,false,17592,CFOP,Gan12uiM,Gan 12 UI Maglev,Gan 356i,RandomForest,false,false,14210,17592,,U'[0] B'[257] F[789] R[1223] R[1400] F'[1763] R'[1948] F[2399] D[2487] F'[2528] D[2818] D[2906] B[3156] D'[3244] B'[3389] D'[3776] D[4993] D[5066] F'[5372] D[6033] F[6185] B'[6411] D[6532] B[6669] D[7595] F[7748] D'[7845] F'[7941] D'[8320] F[8457] D'[8521] F'[8610] D'[9214] F[9407] D'[9488] D'[9568] F'[9673] F'[9753] D'[9866] F[10008] D'[10653] R'[11250] D'[11347] D'[11507] R[11676] D'[11838] R'[11934] D[11998] R[12095] D[12585] D[12739] F[13197] B'[13199] D[13199] L[13439] D'[13487] L'[13560] D'[13705] B[13753] D[13867] F'[13948] D[14566] D[15185] R[15386] D'[15466] R[15675] D[15804] R'[15909] U[15973] R[16126] U'[16199] R[16384] D'[16440] U[16473] R'[16585] R'[16650] D[16698] R[16859] R[16924] U'[17021] R'[17198] R'[17472] D'[17592],,,gan12,custom_rules,L B R2 U' R F2 U' R D F U F2 D' R2 U2 F2 R2 F2 R2 D F2 U2,random_state,custom_rules,,,,8,DB,0,0,17592,69,72,83,3.92,7297,10295,"",0,Cross,z2 D' B' F L2 F' L',z2[0] D'[0] B'[257] F[789] L2[1400] F'[1763] L'[1948],false,true,1948,0,1948,1948,6,6,7,3.08,F2L Slot 1,F U F' U2 B U' B',F[2399] U[2487] F'[2528] U2[2906] B[3156] U'[3244] B'[3389],false,true,1441,451,990,3389,7,7,8,7.07,F2L Slot 2,U' U2 F' U S' L B z,U'[3776] U2[5066] F'[5372] U[6033] S'[6411] L[6532] B[6669] z[7132],false,true,3280,1983,1297,6669,7,8,9,5.4,F2L Slot 3,U F U' F' U' F U' F' U' F U2' F2' U' F,U[7595] F[7748] U'[7845] F'[7941] U'[8320] F[8457] U'[8521] F'[8610] U'[9214] F[9407] U2'[9568] F2'[9753] U'[9866] F[10008],false,true,3339,1079,2260,10008,14,14,16,6.19,F2L Slot 4,U' L' U2' L U' L' U L,U'[10653] L'[11250] U2'[11507] L[11676] U'[11838] L'[11934] U[11998] L[12095],false,true,2087,1242,845,12095,8,8,9,9.47,OLL,U2 S' L U L' U' L' B L F' z,U2[12739] S'[13199] L[13199] U[13439] L'[13487] U'[13560] L'[13705] B[13753] L[13867] F'[13948] z[14257],false,true,1853,1104,749,13948,10,11,12,13.35,PLL,U2 L U' L U L' D L D' L E' B2' U B2 D' B2' U',U2[15185] L[15386] U'[15466] L[15675] U[15804] L'[15909] D[15973] L[16126] D'[16199] L[16384] E'[16473] B2'[16650] U[16698] B2[16924] D'[17021] B2'[17472] U'[17592],false,true,3644,1438,2206,17592,17,18,22,7.71,,,,,,,,,,,,,,,,,,,,,,,,,,
6e252c80-c6f5-4a95-aea7-b3721c7989b4,2025-08-02 10:22:35 UTC,false,14087,CFOP,Gan12uiM,Gan 12 UI Maglev,Gan 356i,RandomForest,false,false,22916,14087,,D[0] U'[217] L'[636] U'[903] B'[1781] L[1934] L[2022] D'[2425] D'[2586] F'[2876] D[2972] F[3077] D'[3585] D'[4036] R[4455] D'[4528] R'[4641] D[4753] D[4841] R[4946] D'[5043] R'[5154] D'[5348] D'[5485] L'[5646] D[5767] L[5880] D'[6033] B[6371] D'[6476] B'[6621] D[7410] F[7515] D[7611] F'[7692] D'[7765] R[7998] F'[8095] R'[8208] F[8281] D[8707] F'[8941] D'[9038] R[9191] D[9279] F[9432] D'[9577] F'[9771] R'[9851] F[9980] R[10590] F'[10760] R'[11058] B[11211] R[11396] F[11533] R'[11590] B'[11710] L[12854] D[12975] L'[13072] D'[13120] L'[13249] F[13305] L[13402] L[13458] D'[13498] L'[13571] D'[13700] L[13805] D[13958] L'[14014] F'[14087],,,gan12,custom_rules,F' L D B D' F D F2 L F B2 U' F2 U' D2 R2 D' B2 R2 L2 U' L2,random_state,custom_rules,,,,8,DB,0,0,14087,66,67,73,4.69,5422,8448,"",0,Cross,z2 E B' D' L' B2,z2[108] E[217] B'[636] D'[903] L'[1781] B2[2022],false,true,1805,0,1805,2022,5,6,7,2.77,F2L Slot 1,U2' R' U R,U2'[2586] R'[2876] U[2972] R[3077],false,true,1055,854,201,3077,4,4,5,19.9,F2L Slot 2,U2' F U' F' U2 F U' F',U2'[4036] F[4455] U'[4528] F'[4641] U2[4841] F[4946] U'[5043] F'[5154],false,true,2077,1378,699,5154,8,8,10,11.44,F2L Slot 3,U2' B' U B U' L U' L',U2'[5485] B'[5646] U[5767] B[5880] U'[6033] L[6371] U'[6476] L'[6621],false,true,1467,492,975,6621,8,8,9,8.21,F2L Slot 4,U R U R' U' F R' F' R,U[7410] R[7515] U[7611] R'[7692] U'[7765] F[7998] R'[8095] F'[8208] R[8281],false,true,1660,894,766,8281,9,9,9,11.75,OLL,U R' U' F U R U' R' F' R F R' F' L F R F' L',U[8707] R'[8941] U'[9038] F[9191] U[9279] R[9432] U'[9577] R'[9771] F'[9851] R[9980] F[10590] R'[10760] F'[11058] L[11211] F[11396] R[11533] F'[11590] L'[11710],false,true,3429,660,2769,11710,18,18,18,6.5,PLL,B U B' U' B' R B2 U' B' U' B U B' R',B[12854] U[12975] B'[13072] U'[13120] B'[13249] R[13305] B2[13458] U'[13498] B'[13571] U'[13700] B[13805] U[13958] B'[14014] R'[14087],false,true,2377,1144,1233,14087,14,14,15,11.35,,,,,,,,,,,,,,,,,,,,,,,,,,
57c28ca7-afef-49de-9bbe-44799f795b58,2025-08-02 10:23:23 UTC,false,26931,CFOP,Gan12uiM,Gan 12 UI Maglev,Gan 356i,RandomForest,false,false,9632,26931,,U[0] R[114] B'[202] U[717] L[1015] U'[1233] L[1402] F'[1708] U'[2401] U[3046] U'[5607] B'[5792] R[5856] B[5945] R'[6010] U[6260] U[6364] B[6606] U[6751] B'[6840] U[8153] U[8266] U[10256] B'[10735] U[10832] B[10969] U[11139] L'[11444] U[11702] L[11952] F'[13096] F[13491] U'[13773] U'[13950] U[14619] U[14732] L[15103] U'[15200] L'[15328] U'[15457] R[15626] U[15775] R'[15888] U[18136] U[18248] B'[18620] U'[18732] U'[18829] B[18974] U'[19120] U'[19200] B'[19336] U[19393] B[19465] U'[20295] R[20706] B'[20831] R'[21072] B[21266] U[21403] U[21524] B[21637] U'[21693] B'[21822] U[21878] B[21959] U'[22016] U'[22096] B'[22152] B[23442] U'[23611] B'[23716] U'[23869] U[24095] B[24353] U[24562] B'[24683] B[24989] U[25110] B'[25239] U'[25538] B'[25698] R[25755] B[25868] B[25916] U'[25980] B'[26053] U'[26181] B[26278] U[26423] B'[26665] R'[26810] U'[26931],,,gan12,custom_rules,F L' U2 B2 L B' L U' R' L F U' L2 U D L2 U' F2 R2 D2 R2,random_state,custom_rules,,,,8,UF,0,0,26931,83,83,93,3.08,14386,12545,"",0,Cross,U R B' U L U' L F',U[0] R[114] B'[202] U[717] L[1015] U'[1233] L[1402] F'[1708],false,true,1708,0,1708,1708,8,8,8,4.68,F2L Slot 1,U' U U' B' R B R' U2 B U B',U'[2401] U[3046] U'[5607] B'[5792] R[5856] B[5945] R'[6010] U2[6364] B[6606] U[6751] B'[6840],false,true,5132,4084,1048,6840,11,11,12,10.5,F2L Slot 2,U2 U B' U B U L' U L,U2[8266] U[10256] B'[10735] U[10832] B[10969] U[11139] L'[11444] U[11702] L[11952],false,true,5112,3895,1217,11952,9,9,10,7.4,F2L Slot 3,F' F U2' U2 L U' L' U' R U R',F'[13096] F[13491] U2'[13950] U2[14732] L[15103] U'[15200] L'[15328] U'[15457] R[15626] U[15775] R'[15888],false,true,3936,1144,2792,15888,11,11,13,3.94,F2L Slot 4,U2 B' U2' B U2' B' U B,U2[18248] B'[18620] U2'[18829] B[18974] U2'[19200] B'[19336] U[19393] B[19465],false,true,3577,2732,845,19465,8,8,11,9.47,OLL,U' R B' R' B U2 B U' B' U B U2' B',U'[20295] R[20706] B'[20831] R'[21072] B[21266] U2[21524] B[21637] U'[21693] B'[21822] U[21878] B[21959] U2'[22096] B'[22152],false,true,2687,1241,1446,22152,13,13,15,8.99,PLL,B U' B' U' U B U B' B U B' U' B' R B2 U' B' U' B U B' R' U',B[23442] U'[23611] B'[23716] U'[23869] U[24095] B[24353] U[24562] B'[24683] B[24989] U[25110] B'[25239] U'[25538] B'[25698] R[25755] B2[25916] U'[25980] B'[26053] U'[26181] B[26278] U[26423] B'[26665] R'[26810] U'[26931],false,true,4779,1290,3489,26931,23,23,24,6.59,,,,,,,,,,,,,,,,,,,,,,,,,,
c47c253b-7f5d-47a9-913c-64a711d2ec36,2025-08-02 10:23:53 UTC,false,14683,CFOP,Gan12uiM,Gan 12 UI Maglev,Gan 356i,RandomForest,false,false,5260,14683,,U[0] F'[129] R[315] R[411] U[589] B'[847] U[1153] U[1226] D[1862] B'[2273] D'[2829] B[2958] D[3240] D[3345] L'[3772] D'[3869] L[3966] D'[4046] L'[4159] D[4224] L[4304] D'[5082] L[5275] D'[5388] L'[5525] D[6033] D[6678] R'[6799] D'[6903] D'[6967] R[7097] D'[7242] F[7580] D[7725] F'[7830] R[8209] D'[8282] R'[8370] D[8442] R[8563] R'[8757] R[8918] D'[9087] R'[9224] D[9264] R[9337] D'[9417] R'[9474] D'[9949] B[10581] R'[10726] B'[10823] R[10936] D[11041] R[11089] D'[11186] R'[11492] R[12346] D[12563] R'[12725] D'[12822] U[12934] R[13087] R[13177] D'[13233] R[13354] D'[13466] R'[13571] D[13627] R'[13732] D[13804] R[14288] R[14369] U'[14466] D[14683],,,gan12,custom_rules,R2 L' F U2 D' R' D2 F2 L' U B D B2 U2 L2 F2 L2 B2 U' L2 U2,random_state,custom_rules,,,,8,DB,0,0,14683,66,68,75,4.49,5632,9051,"",0,Cross,z2 D F' L2 D B' D2,z2[0] D[0] F'[129] L2[411] D[589] B'[847] D2[1226],false,true,1226,0,1226,1226,6,6,8,4.89,F2L Slot 1,U B' U' B U2 R' U' R U' R' U R,U[1862] B'[2273] U'[2829] B[2958] U2[3345] R'[3772] U'[3869] R[3966] U'[4046] R'[4159] U[4224] R[4304],false,true,3078,1047,2031,4304,12,12,13,5.91,F2L Slot 2,U' R U' R',U'[5082] R[5275] U'[5388] R'[5525],false,true,1221,971,250,5525,4,4,4,16.0,F2L Slot 3,U2 L' U2' L U' F U F',U2[6678] L'[6799] U2'[6967] L[7097] U'[7242] F[7580] U[7725] F'[7830],false,true,2305,1274,1031,7830,8,8,10,7.76,F2L Slot 4,L U' L' U L L' L U' L' U L U' L',L[8209] U'[8282] L'[8370] U[8442] L[8563] L'[8757] L[8918] U'[9087] L'[9224] U[9264] L[9337] U'[9417] L'[9474],false,true,1644,379,1265,9474,13,13,13,10.28,OLL,U' B L' B' L U L U' L',U'[9949] B[10581] L'[10726] B'[10823] L[10936] U[11041] L[11089] U'[11186] L'[11492],false,true,2018,1107,911,11492,9,9,9,9.88,PLL,L U L' E' B2 U' B U' B' U B' U B2 E,L[12346] U[12563] L'[12725] E'[12934] B2[13177] U'[13233] B[13354] U'[13466] B'[13571] U[13627] B'[13732] U[13804] B2[14369] E[14683],false,true,3191,854,2337,14683,14,16,18,5.99,,,,,,,,,,,,,,,,,,,,,,,,,,
3788f6ea-4c87-4a2a-a6bf-d134c8eae3ae,2025-08-02 10:24:39 UTC,false,19464,CFOP,Gan12uiM,Gan 12 UI Maglev,Gan 356i,RandomForest,false,false,17129,19464,,U[0] F'[218] D[443] D[556] R'[1587] D[1772] R'[2151] B[2240] U'[3029] U'[4826] R[5108] R[7395] D'[7548] R'[7702] L[8709] D'[8781] L'[8862] U[9120] D[9933] R[10128] D'[10209] R'[10369] L'[11353] D[11449] L[11538] F[12505] D'[12601] F'[12690] D[12779] D[12891] R'[13222] D'[13310] R[13375] D'[13536] R'[13616] D[13681] R[13794] D[14857] B[15123] R[15314] D[15419] R'[15500] D'[15556] F[15773] B'[15782] D[15918] L[15999] D'[16080] L'[16136] F'[16321] R[17603] D'[17893] R'[18038] D'[18167] R[18344] D[18425] R[18537] U[18618] R'[18691] D'[18844] R[18972] U'[19069] R'[19190] D[19271] D[19400] R'[19464],,,gan12,custom_rules,U D' F2 U2 B' R F R' D' R U2 F2 U' F2 L2 U' L2 U B2 U' F2 B2,random_state,custom_rules,,,,8,DB,0,0,19464,62,63,66,3.19,5570,13894,"",1,Cross,z2 D F' U2 L' U L' B D' D' L L U' L' R U' R' D,z2[0] D[0] F'[218] U2[556] L'[1587] U[1772] L'[2151] B[2240] D'[3029] D'[4826] L[5108] L[7395] U'[7548] L'[7702] R[8709] U'[8781] R'[8862] D[9120],false,true,9120,0,9120,9120,17,17,18,1.86,F2L Slot 1,,"",true,false,0,0,0,9120,0,0,0,0,F2L Slot 2,U L U' L',U[9933] L[10128] U'[10209] L'[10369],false,true,1249,1008,241,10369,4,4,4,16.6,F2L Slot 3,R' U R,R'[11353] U[11449] R[11538],false,true,1169,984,185,11538,3,3,3,16.22,F2L Slot 4,F U' F' U2 L' U' L U' L' U L,F[12505] U'[12601] F'[12690] U2[12891] L'[13222] U'[13310] L[13375] U'[13536] L'[13616] U[13681] L[13794],false,true,2256,967,1289,13794,11,11,12,8.53,OLL,U B L U L' U' S' L U L' U' F' z,U[14857] B[15123] L[15314] U[15419] L'[15500] U'[15556] S'[15782] L[15918] U[15999] L'[16080] U'[16136] F'[16321] z[16962],false,true,2527,1329,1198,16321,12,13,13,10.02,PLL,L U' L' U' L U L D L' U' L D' L' U2 L',L[17603] U'[17893] L'[18038] U'[18167] L[18344] U[18425] L[18537] D[18618] L'[18691] U'[18844] L[18972] D'[19069] L'[19190] U2[19400] L'[19464],false,true,3143,1282,1861,19464,15,15,16,8.06,,,,,,,,,,,,,,,,,,,,,,,,,,
be5fdf64-a566-47bd-bdea-cf65cf78df14,2025-08-02 10:25:27 UTC,false,13839,CFOP,Gan12uiM,Gan 12 UI Maglev,Gan 356i,RandomForest,false,false,23351,13839,,U'[0] F'[186] F'[283] B'[638] L[774] B[1008] B[1080] L'[2482] D[2587] L[2708] R'[3046] D[3167] R[3280] D[3699] D[4053] L'[4254] D[4343] D[4448] L[4601] D[4826] F[5197] D[5415] F'[5528] D[6091] R[6196] D'[6260] R'[6333] F'[7082] D[7179] F[7300] D[7453] D[7550] B[7695] B'[7952] B'[8363] L'[8484] F[8597] L[8702] B[8968] F'[8984] D'[9677] L'[10095] D'[10230] L[10334] D'[10479] B[10842] D[11027] B'[11180] D'[11664] D'[11833] R[12251] D[12364] R'[12405] D'[12469] R[12566] D'[12687] R'[12783] B'[12872] D'[13001] B[13114] R[13218] D[13323] R'[13355] D[13839],,,gan12,custom_rules,D2 B R F B L2 U' L F' B' U F2 D2 L2 U' F2 D B2 L2 U' R2 U2,random_state,custom_rules,,,,8,DB,0,0,13839,56,57,64,4.05,5485,8354,"",1,Cross,z2 D' F2' B' R B2,z2[0] D'[0] F2'[283] B'[638] R[774] B2[1080],false,true,1080,0,1080,1080,5,5,7,4.63,F2L Slot 1,R' U R L' U L U2 R' U2 R U F U F',R'[2482] U[2587] R[2708] L'[3046] U[3167] L[3280] U2[4053] R'[4254] U2[4448] R[4601] U[4826] F[5197] U[5415] F'[5528],false,true,4448,1402,3046,5528,14,14,16,4.6,F2L Slot 2,U L U' L',U[6091] L[6196] U'[6260] L'[6333],false,true,805,668,137,6333,4,4,4,29.2,F2L Slot 3,F' U F U2 B B2' R' F R S z',F'[7082] U[7179] F[7300] U2[7550] B[7695] B2'[8363] R'[8484] F[8597] R[8702] S[8984] z'[9330],false,true,2651,749,1902,8984,10,11,13,5.26,F2L Slot 4,U' R' U' R U' B U B',U'[9677] R'[10095] U'[10230] R[10334] U'[10479] B[10842] U[11027] B'[11180],false,true,2196,1111,1085,11180,8,8,8,7.37,OLL,U2' L U L' U' L U' L' B' U' B L U L',U2'[11833] L[12251] U[12364] L'[12405] U'[12469] L[12566] U'[12687] L'[12783] B'[12872] U'[13001] B[13114] L[13218] U[13323] L'[13355],false,true,2175,1071,1104,13355,14,14,15,12.68,PLL,U,U[13839],true,true,484,484,0,13839,1,1,1,,,,,,,,,,,,,,,,,,,,,,,,,,,
b1145e0d-0e38-4d5a-a2d8-f6cba23cbefd,2025-08-02 10:26:08 UTC,false,19207,CFOP,Gan12uiM,Gan 12 UI Maglev,Gan 356i,RandomForest,false,false,11042,19207,,U'[0] B[185] U'[459] B[709] B[1394] R'[1555] B'[1651] D[2441] D'[3359] R'[3738] D[3843] R[3956] D[4117] F'[4520] D[4625] F[4745] B[6022] D[6465] B'[6667] F[6973] D[7343] F'[7472] D[7560] D[7658] B'[7899] D'[8012] B[8108] D'[9212] D[9687] F[9793] D'[9857] F'[9969] D[10058] F[10155] D'[10251] F'[10372] B[10630] D[10759] D[10863] B'[11053] D'[12036] F[12149] D[12237] F'[12318] D'[12407] F[12495] D[12576] F'[12649] D[13196] D'[13382] F'[13559] R[13655] R[13760] B[14002] R[14090] B'[14243] R[14703] F[14880] D[15436] D[15565] F[15782] D[15952] D'[16226] F'[16532] B[16862] F'[17015] F'[17103] U[17168] F[17264] U'[17305] F[17418] R'[17917] R'[18038] B'[18715] D[18796] B[18916] R'[18981] R'[19070] B'[19207],,,gan12,custom_rules,D2 F R B' U2 L' B2 U' D2 B U2 F2 U R2 U2 F2 D' B2 D L2 U2 F2,random_state,custom_rules,,,,8,DB,0,0,19207,70,72,79,3.64,7957,11250,"",0,Cross,z2 D' B D' B2 L' B',z2[0] D'[0] B[185] D'[459] B2[1394] L'[1555] B'[1651],false,true,1651,0,1651,1651,6,6,7,3.63,F2L Slot 1,U U' L' U L U F' U F,U[2441] U'[3359] L'[3738] U[3843] L[3956] U[4117] F'[4520] U[4625] F[4745],false,true,3094,2087,1007,4745,9,9,9,8.94,F2L Slot 2,B U B' F U F' U2 B' U' B,B[6022] U[6465] B'[6667] F[6973] U[7343] F'[7472] U2[7658] B'[7899] U'[8012] B[8108],false,true,3363,1277,2086,8108,10,10,11,4.79,F2L Slot 3,U' U F U' F' U F U' S R2 B' z',U'[9212] U[9687] F[9793] U'[9857] F'[9969] U[10058] F[10155] U'[10251] S[10630] R2[10863] B'[11053] z'[11544],false,true,2945,1685,1260,11053,11,12,13,8.73,F2L Slot 4,U' F U F' U' F U F',U'[12036] F[12149] U[12237] F'[12318] U'[12407] F[12495] U[12576] F'[12649],false,true,1596,1096,500,12649,8,8,8,16.0,OLL,U U' F' L2 B L B' L F,U[13196] U'[13382] F'[13559] L2[13760] B[14002] L[14090] B'[14243] L[14703] F[14880],false,true,2231,910,1321,14880,9,9,10,6.81,PLL,U2 F U U' F' S F' L F L' F U2' B' R B U2' B',U2[15565] F[15782] U[15952] U'[16226] F'[16532] S[17015] F'[17103] L[17168] F[17264] L'[17305] F[17418] U2'[18038] B'[18715] R[18796] B[18916] U2'[19070] B'[19207],false,true,4327,902,3425,19207,17,18,21,4.96,,,,,,,,,,,,,,,,,,,,,,,,,,
6f132bd2-702a-402b-9b33-7a0d3563afae,2025-08-02 10:26:41 UTC,false,17488,CFOP,Gan12uiM,Gan 12 UI Maglev,Gan 356i,RandomForest,false,false,5478,17488,,L'[0] B'[89] R[411] F'[645] U[935] L'[1693] U'[2434] L'[2772] U[2877] D'[4561] F'[4994] D'[5098] F[5212] B'[6815] D[6936] B[7048] D[7387] R'[7814] D[7903] R[8048] D[8507] B'[8813] D[8926] B[9039] B[9635] B'[9877] D'[10011] D'[10156] B'[10317] L[10389] B[10534] L'[10607] B[10817] D'[10921] B'[11026] D'[11598] F[11920] L[12089] B'[12154] L'[12485] F'[12638] L[12710] B[12863] L'[12912] D[14346] B[14539] B[14660] B'[15047] B'[15200] D[15450] B'[16111] L[16159] B'[16264] R[16320] R[16522] B[16667] L'[16699] B'[16795] R[16836] R[17013] B[17134] B[17352] D[17488],,,gan12,custom_rules,U D' R2 U2 B R' D F' L F' D F2 D2 L2 U2 L2 B2 D F2 D R2 F2,random_state,custom_rules,,,,8,DB,0,0,17488,56,56,63,3.2,7723,9765,"",0,Cross,z2 R' B' L F' D R' D' R' D,z2[0] R'[0] B'[89] L[411] F'[645] D[935] R'[1693] D'[2434] R'[2772] D[2877],false,true,2877,0,2877,2877,9,9,9,3.13,F2L Slot 1,U' F' U' F,U'[4561] F'[4994] U'[5098] F[5212],false,true,2335,2117,218,5212,4,4,4,18.35,F2L Slot 2,B' U B U L' U L,B'[6815] U[6936] B[7048] U[7387] L'[7814] U[7903] L[8048],false,true,2836,1603,1233,8048,7,7,7,5.68,F2L Slot 3,U B' U B,U[8507] B'[8813] U[8926] B[9039],false,true,991,765,226,9039,4,4,4,17.7,F2L Slot 4,B B' U2' B' R B R' B U' B',B[9635] B'[9877] U2'[10156] B'[10317] R[10389] B[10534] R'[10607] B[10817] U'[10921] B'[11026],false,true,1987,596,1391,11026,10,10,11,7.19,OLL,U' F R B' R' F' R B R',U'[11598] F[11920] R[12089] B'[12154] R'[12485] F'[12638] R[12710] B[12863] R'[12912],false,true,1886,894,992,12912,9,9,9,9.07,PLL,U B2 B2' U B' R B' L2 B R' B' L2 B2 U,U[14346] B2[14660] B2'[15200] U[15450] B'[16111] R[16159] B'[16264] L2[16522] B[16667] R'[16699] B'[16795] L2[17013] B2[17352] U[17488],false,true,4576,1748,2828,17488,14,14,19,4.95,,,,,,,,,,,,,,,,,,,,,,,,,,
83624a38-8ba0-43a9-9733-60a5c356c689,2025-08-02 10:27:57 UTC,false,20663,CFOP,Gan12uiM,Gan 12 UI Maglev,Gan 356i,RandomForest,false,false,6188,20663,,L[0] U[724] R'[1071] F[1683] D[1965] L[2449] L[2602] U'[5159] B'[5400] D[5521] B[5649] B[6165] D'[6246] B'[6334] U[6576] L[8051] D'[8784] L'[8905] D'[9123] L[9301] D[9421] L'[9534] D[9662] D[9760] L[9873] D'[9977] L'[10065] D[11369] D[11907] F'[12101] R[12214] F[12319] R'[12367] D[12795] F'[13020] R'[13149] B[13278] R[13375] F[13584] B'[13665] D'[14406] D'[14898] F[15043] D[15115] F'[15220] F'[15309] R[15373] F[15494] R'[15599] F[15712] D'[15816] F'[15937] D[16365] D[16592] L[16834] D[17044] B[17046] D'[17046] B'[17294] L'[17503] D[18116] D[18357] F'[18552] B[18553] B[18665] F'[18673] U'[19583] F[19719] B'[19744] R[19873] R[19961] F'[20139] B[20140] U'[20140] F'[20405] B[20407] B[20407] F'[20407] D[20583] D[20663],,,gan12,custom_rules,U2 L' U2 R' U2 L2 D' B' U' R F2 B2 U' R2 B2 L2 D2 L2 D' B2 U2,random_state,custom_rules,,,,8,DB,0,0,20663,61,66,80,2.95,9513,11150,"",0,Cross,z2 R D L' F U R2,z2[0] R[0] D[724] L'[1071] F[1683] U[1965] R2[2602],false,true,2602,0,2602,2602,6,6,7,2.31,F2L Slot 1,D' B' U B2 U' B' D,D'[5159] B'[5400] U[5521] B2[6165] U'[6246] B'[6334] D[6576],false,true,3974,2557,1417,6576,7,7,8,4.94,F2L Slot 2,R U' R' U' R U R' U2 R U' R',R[8051] U'[8784] R'[8905] U'[9123] R[9301] U[9421] R'[9534] U2[9760] R[9873] U'[9977] R'[10065],false,true,3489,1475,2014,10065,11,11,12,5.46,F2L Slot 3,U2 F' L F L' U F' L' B L S' z,U2[11907] F'[12101] L[12214] F[12319] L'[12367] U[12795] F'[13020] L'[13149] B[13278] L[13375] S'[13665] z[14035],false,true,3600,2036,1564,13665,11,12,13,7.03,F2L Slot 4,U2' F U F2' L F L' F U' F',U2'[14898] F[15043] U[15115] F2'[15309] L[15373] F[15494] L'[15599] F[15712] U'[15816] F'[15937],false,true,2272,1378,894,15937,10,10,12,11.19,OLL,U2 R U B U' B' R',U2[16592] R[16834] U[17044] B[17046] U'[17046] B'[17294] R'[17503],false,true,1566,897,669,17503,7,7,8,10.46,PLL,U2 S2 U' S' U2 S U' S2 U2,U2[18357] S2[18673] U'[19583] S'[19744] U2[19961] S[20140] U'[20140] S2[20407] U2[20663],false,true,3160,1170,1990,20663,9,13,20,4.52,,,,,,,,,,,,,,,,,,,,,,,,,,
da9ba64e-c0f2-4b8e-974a-9642cd011735,2025-08-02 10:28:40 UTC,false,19488,CFOP,Gan12uiM,Gan 12 UI Maglev,Gan 356i,RandomForest,false,false,14929,19488,,D[0] D[80] F[386] R'[813] D'[1458] B'[1845] D[2167] D[2256] F'[3126] U'[3239] F[3489] U[4496] B[4787] U[4944] B'[5185] F'[5387] L'[5508] B[5645] L[5717] F[5911] B'[5915] U[6668] U[6782] F'[7023] U[7087] U[7224] F[7451] F[7555] U[7643] F'[7812] U[8281] U[8691] R[9070] U[9158] R'[9255] R'[9344] U'[9425] R[9513] U[11135] U[11255] R[12988] L'[12990] B'[12990] L[13407] R'[13463] U[13673] R[13915] L'[13923] B[14092] B[14180] L[14309] R'[14326] U'[14938] L'[15228] U'[15309] B'[15502] U[15599] B[15768] L[15857] U'[16780] U'[16868] B[17077] L[17240] U'[17304] L'[17869] U'[17981] L[18118] U[18190] L'[18287] B'[18359] L[18488] U[18553] L'[18626] U'[18690] L'[18851] B[18899] L[18980] B'[19028] U[19262] U[19488],,,gan12,custom_rules,F U2 R F' U' D R' U' B' L2 U' R2 F2 U' R2 U B2 U' B2 D' L2 U',random_state,custom_rules,,,,8,LU,0,0,19488,64,69,80,3.28,2835,16573,"",4,Cross,z2 U2 F L' U' B' U2 F' D' F D B D B' F' R' B R S' R2 F' R2 F2 R F' R2 D R D2' R' D R2,z2[40] U2[80] F[386] L'[813] U'[1458] B'[1845] U2[2256] F'[3126] D'[3239] F[3489] D[4496] B[4787] D[4944] B'[5185] F'[5387] R'[5508] B[5645] R[5717] S'[5915] R2[6782] F'[7023] R2[7224] F2[7555] R[7643] F'[7812] R2[8691] D[9070] R[9158] D2'[9344] R'[9425] D[9513] R2[11255],false,true,11175,0,11175,11255,31,32,40,2.77,F2L Slot 1,,"",true,false,0,0,0,11255,0,0,0,0,F2L Slot 2,E' R' E R E' R2 E R' U' R' B' R B,E'[12990] R'[12990] E[13463] R[13673] E'[13923] R2[14180] E[14326] R'[14938] U'[15228] R'[15309] B'[15502] R[15599] B[15768],false,true,4513,1735,2778,15768,13,17,18,4.68,F2L Slot 3,U R2' B U R' U' R' U R U' B' U R U' R' U' B U B' R2,U[15857] R2'[16868] B[17077] U[17240] R'[17304] U'[17869] R'[17981] U[18118] R[18190] U'[18287] B'[18359] U[18488] R[18553] U'[18626] R'[18690] U'[18851] B[18899] U[18980] B'[19028] R2[19488],false,true,3720,1100,2620,19488,20,20,22,7.63,F2L Slot 4,,"",true,false,0,0,0,19488,0,0,0,0,OLL,,"",true,false,0,0,0,19488,0,0,0,0,PLL,,"",true,false,0,0,0,19488,0,0,0,0,,,,,,,,,,,,,,,,,,,,,,,,,,
748c6eaf-27cf-4283-af0d-19748c0a6223,2025-08-02 10:29:12 UTC,false,18090,CFOP,Gan12uiM,Gan 12 UI Maglev,Gan 356i,RandomForest,false,false,4260,18090,,R[0] L[185] F[395] U[846] D[1055] R'[1475] D[1571] R'[1748] L[2699] D'[3038] L'[3151] D'[3457] B'[3707] D'[3924] B[4045] D[5236] L'[5381] D[5478] L[5630] D'[6050] D'[6178] L[6509] D[6614] L'[6775] D[6863] D[6960] L[7057] D'[7170] L'[7274] D'[7661] D'[7903] R'[8185] D[8257] D[8354] R[8483] D'[8676] L'[8982] D'[9095] L[9208] R'[9893] D[9973] R[10103] D'[10207] D'[10307] F[10540] D[10693] F'[11363] L[11982] D'[12063] L'[12184] D[12240] F'[12611] D'[12709] D'[12797] F[12910] D'[13022] D'[13102] F'[13216] D[13264] F[13330] D'[13844] F'[14045] D'[14142] F'[14287] R[14351] F[14432] R'[14480] D[15012] F[15109] F[16181] F[16480] D[16608] F'[16745] D[16801] F'[16882] D'[16939] F[17100] D'[17180] F[17277] F[17349] D'[17438] U[17446] F'[17567] D[17809] F[17922] U'[18018] D'[18090],,,gan12,custom_rules,U D R D R2 F B' L' U' R F U R2 B2 U R2 L2 U R2 D R2 D,random_state,custom_rules,,,,8,DB,0,0,18090,77,78,87,4.26,5677,12413,"",0,Cross,z2 L R F D U L' U L',z2[0] L[0] R[185] F[395] D[846] U[1055] L'[1475] U[1571] L'[1748],false,true,1748,0,1748,1748,8,8,8,4.58,F2L Slot 1,R U' R' U' B' U' B,R[2699] U'[3038] R'[3151] U'[3457] B'[3707] U'[3924] B[4045],false,true,2297,951,1346,4045,7,7,7,5.2,F2L Slot 2,U R' U R U2' R U R' U2 R U' R' U2' L' U2 L U' R' U' R,U[5236] R'[5381] U[5478] R[5630] U2'[6178] R[6509] U[6614] R'[6775] U2[6960] R[7057] U'[7170] R'[7274] U2'[7903] L'[8185] U2[8354] L[8483] U'[8676] R'[8982] U'[9095] R[9208],false,true,5163,1336,3827,9208,20,20,24,5.23,F2L Slot 3,L' U L U2' F U F',L'[9893] U[9973] L[10103] U2'[10307] F[10540] U[10693] F'[11363],false,true,2155,685,1470,11363,7,7,8,4.76,F2L Slot 4,R U' R' U F' U2' F U2' F' U F,R[11982] U'[12063] R'[12184] U[12240] F'[12611] U2'[12797] F[12910] U2'[13102] F'[13216] U[13264] F[13330],false,true,1967,619,1348,13330,11,11,13,8.16,OLL,U' F' U' F' L F L' U F,U'[13844] F'[14045] U'[14142] F'[14287] L[14351] F[14432] L'[14480] U[15012] F[15109],false,true,1779,715,1064,15109,9,9,9,8.46,PLL,F2 U F' U F' U' F U' F2 E' L' U L D' U',F2[16480] U[16608] F'[16745] U[16801] F'[16882] U'[16939] F[17100] U'[17180] F2[17349] E'[17446] L'[17567] U[17809] L[17922] D'[18018] U'[18090],false,true,2981,1371,1610,18090,15,16,18,9.32,,,,,,,,,,,,,,,,,,,,,,,,,,
cc32c531-36bd-4255-959c-c56815bb1023,2025-08-02 10:29:56 UTC,false,25201,CFOP,Gan12uiM,Gan 12 UI Maglev,Gan 356i,RandomForest,false,false,10937,25201,,F'[0] U[242] B'[758] U[1048] U[1137] D'[1668] D'[1862] B'[2168] D'[2458] B[2660] D'[2829] B[2998] D[3127] B'[3272] F'[3433] R'[3570] R[3917] B[4102] R[4256] R[4400] R'[4852] R'[5200] R[5571] D'[5941] R'[6054] D[6135] F[8004] B'[9584] D'[11621] D'[11758] D'[12314] L[12725] D[12805] L'[12926] D[12983] L[13047] D'[13103] L'[13160] D'[13498] R'[13853] D[13942] D[14030] R[14167] L[14360] B[14473] R'[14587] B'[14676] R[14949] L'[14973] D[15319] D[18329] D[18450] F[18797] D'[18869] F'[19014] D[19055] F[19135] D[19199] F'[19256] D'[19707] F'[20038] D'[20457] R[20625] D[20763] F[20891] D'[20980] F'[21101] R'[21173] F[21294] F'[22784] D'[23059] F[23236] U'[23308] D[23332] F[23525] F[23606] D[23694] F'[23815] D[23855] F[23960] D'[24024] F[24097] D'[24266] F[24435] U[24612] U'[24725] F[25015] U[25120] D'[25201],,,gan12,custom_rules,B2 U F' U D2 B U2 D F2 L2 U F2 R2 D2 F2 L2 D' L2 D2 B2,random_state,custom_rules,,,,8,DB,0,0,25201,77,80,89,3.06,10961,14240,"",0,Cross,z2 F' D B' D2,z2[0] F'[0] D[242] B'[758] D2[1137],false,true,1137,0,1137,1137,4,4,5,3.52,F2L Slot 1,U2' B' U' B U' B U B' F' L' L B L2 L2' L U' L' U F B',U2'[1862] B'[2168] U'[2458] B[2660] U'[2829] B[2998] U[3127] B'[3272] F'[3433] L'[3570] L[3917] B[4102] L2[4400] L2'[5200] L[5571] U'[5941] L'[6054] U[6135] F[8004] B'[9584],false,true,8447,1031,7416,9584,20,20,23,2.7,F2L Slot 2,U3' R U R' U R U' R',U3'[12314] R[12725] U[12805] R'[12926] U[12983] R[13047] U'[13103] R'[13160],false,true,3576,3141,435,13160,8,8,10,18.39,F2L Slot 3,U' L' U2 L R B L' B' M' x',U'[13498] L'[13853] U2[14030] L[14167] R[14360] B[14473] L'[14587] B'[14676] M'[14973] x'[15146],false,true,1813,693,1120,14973,9,10,11,8.04,F2L Slot 4,U U2 F U' F' U F U F',U[15319] U2[18450] F[18797] U'[18869] F'[19014] U[19055] F[19135] U[19199] F'[19256],false,true,4283,3824,459,19256,9,9,10,19.61,OLL,U' F' U' L U F U' F' L' F,U'[19707] F'[20038] U'[20457] L[20625] U[20763] F[20891] U'[20980] F'[21101] L'[21173] F[21294],false,true,2038,782,1256,21294,10,10,10,7.96,PLL,F' U' F E R2 U R' U R U' R U' R D D' R E',F'[22784] U'[23059] F[23236] E[23332] R2[23606] U[23694] R'[23815] U[23855] R[23960] U'[24024] R[24097] U'[24266] R[24435] D[24612] D'[24725] R[25015] E'[25201],false,true,3907,1490,2417,25201,17,19,20,7.03,,,,,,,,,,,,,,,,,,,,,,,,,,
bc380772-c5ac-4ea1-90ea-ba3b73e57217,2025-08-02 10:30:37 UTC,false,22419,CFOP,Gan12uiM,Gan 12 UI Maglev,Gan 356i,RandomForest,false,false,7030,22419,,D[0] R'[177] R'[259] D'[1531] D'[1700] D'[2159] B'[2320] L[2409] B[2602] B[3166] D[3247] B'[3295] D[3569] F'[3810] F'[3924] D[4044] D[4939] B[5610] D'[5698] B'[5812] D'[5980] D'[6069] F'[6222] D[6303] F[6440] B'[7527] D[8292] B[8437] B'[9291] D'[9396] D'[9485] B[9702] D'[9903] D'[10049] F[10307] D[10428] F'[10572] D'[11079] B'[11627] B[11668] D[11789] L'[12223] D'[12295] L[12457] D[13682] R[13891] D[14036] R'[14101] D'[14206] R[14279] D[14383] R'[14431] D[15285] D[15374] L[15733] L'[15902] L'[16821] B'[16998] L[17175] D'[17369] L'[17530] B[17594] L[17715] L[17787] B'[17844] L'[17997] D[18029] L[18158] B[18255] L'[18343] D[20165] D[20269] R[20879] D[21016] R'[21080] U[21209] D'[21211] R[21211] R[21467] D'[21548] R[21669] D'[21773] R'[21918] D[21983] R'[22039] D[22104] R[22224] R[22337] U'[22419],,,gan12,custom_rules,R2 F D2 F L F' L' D2 L U F2 U2 R2 D' F2 L2 U' B2 R2 D' B2 D',random_state,custom_rules,,,,8,DB,0,0,22419,75,76,89,3.35,9100,13319,"",0,Cross,z2 U L2' U3' B' R B2 U B' U F2',z2[0] U[0] L2'[259] U3'[2159] B'[2320] R[2409] B2[3166] U[3247] B'[3295] U[3569] F2'[3924],false,true,3924,0,3924,3924,10,10,15,2.55,F2L Slot 1,U U B U' B' U2' F' U F,U[4044] U[4939] B[5610] U'[5698] B'[5812] U2'[6069] F'[6222] U[6303] F[6440],false,true,2516,1686,830,6440,9,9,10,10.84,F2L Slot 2,B' U B B' U2' B U2' F U F',B'[7527] U[8292] B[8437] B'[9291] U2'[9485] B[9702] U2'[10049] F[10307] U[10428] F'[10572],false,true,4132,1087,3045,10572,10,10,12,3.28,F2L Slot 3,U' B' B U R' U' R,U'[11079] B'[11627] B[11668] U[11789] R'[12223] U'[12295] R[12457],false,true,1885,1055,830,12457,7,7,7,8.43,F2L Slot 4,U L U L' U' L U L',U[13682] L[13891] U[14036] L'[14101] U'[14206] L[14279] U[14383] L'[14431],false,true,1974,1434,540,14431,8,8,8,14.81,OLL,U2 R R' R' B' R U' R' B R2 B' R' U R B R',U2[15374] R[15733] R'[15902] R'[16821] B'[16998] R[17175] U'[17369] R'[17530] B[17594] R2[17787] B'[17844] R'[17997] U[18029] R[18158] B[18255] R'[18343],false,true,3912,1302,2610,18343,16,16,18,6.13,PLL,U2 L U L' E' B2 U' B U' B' U B' U B2 D',U2[20269] L[20879] U[21016] L'[21080] E'[21211] B2[21467] U'[21548] B[21669] U'[21773] B'[21918] U[21983] B'[22039] U[22104] B2[22337] D'[22419],false,true,4076,2536,1540,22419,15,16,19,9.74,,,,,,,,,,,,,,,,,,,,,,,,,,
e516e946-581d-474c-a714-1b456681f88b,2025-08-02 10:31:04 UTC,false,15217,CFOP,Gan12uiM,Gan 12 UI Maglev,Gan 356i,RandomForest,false,false,2830,15217,,B'[0] R'[97] F'[410] D'[571] D'[692] L[1152] D'[1377] L[1667] D[2364] F[2718] D[2823] F'[2960] D[3065] R'[3419] D'[3540] R[3613] D[3960] B'[4306] D'[4523] B[4773] B[4902] B'[5087] D[5313] L[6127] D[6256] L'[6376] R[7166] D'[7247] R'[7351] D[7432] R[7545] D'[7634] R'[7730] D[7778] R[7835] D'[7891] R'[7963] B[8560] D'[8641] B'[8713] D'[8890] B[9036] D'[9358] B'[9470] D[9551] L'[9906] D'[10067] L[10123] F[11235] D[11445] L[11541] D'[11590] L'[11703] D[11767] L[11856] D'[11904] L'[12017] F'[12291] L[13985] D[14113] L'[14211] F'[14315] L[14396] D[14492] L'[14581] D'[14637] L'[14710] F[14791] L[14847] L[14919] D'[14968] L'[15065] D[15129] D[15217],,,gan12,custom_rules,F' D2 F R D' F' L2 F2 L' B' L2 U F2 L2 D' L2 U' F2 B2 U' R2 U',random_state,custom_rules,,,,8,DB,0,0,15217,70,70,74,4.6,5937,9280,"",0,Cross,z2 B' L' F' U2' R U' R,z2[0] B'[0] L'[97] F'[410] U2'[692] R[1152] U'[1377] R[1667],false,true,1667,0,1667,1667,7,7,8,4.2,F2L Slot 1,U F U F' U L' U' L,U[2364] F[2718] U[2823] F'[2960] U[3065] L'[3419] U'[3540] L[3613],false,true,1946,1051,895,3613,8,8,8,8.94,F2L Slot 2,U B' U' B2 B' U R U R',U[3960] B'[4306] U'[4523] B2[4902] B'[5087] U[5313] R[6127] U[6256] R'[6376],false,true,2763,693,2070,6376,9,9,10,4.35,F2L Slot 3,L U' L' U L U' L' U L U' L',L[7166] U'[7247] L'[7351] U[7432] L[7545] U'[7634] L'[7730] U[7778] L[7835] U'[7891] L'[7963],false,true,1587,790,797,7963,11,11,11,13.8,F2L Slot 4,B U' B' U' B U' B' U R' U' R,B[8560] U'[8641] B'[8713] U'[8890] B[9036] U'[9358] B'[9470] U[9551] R'[9906] U'[10067] R[10123],false,true,2160,597,1563,10123,11,11,11,7.04,OLL,F U R U' R' U R U' R' F',F[11235] U[11445] R[11541] U'[11590] R'[11703] U[11767] R[11856] U'[11904] R'[12017] F'[12291],false,true,2168,1112,1056,12291,10,10,10,9.47,PLL,R U R' F' R U R' U' R' F R2 U' R' U2,R[13985] U[14113] R'[14211] F'[14315] R[14396] U[14492] R'[14581] U'[14637] R'[14710] F[14791] R2[14919] U'[14968] R'[15065] U2[15217],false,true,2926,1694,1232,15217,14,14,16,11.36,,,,,,,,,,,,,,,,,,,,,,,,,,
d9883d46-3ddf-4ad5-81f5-818cdf836c72,2025-08-02 10:31:36 UTC,false,16857,CFOP,Gan12uiM,Gan 12 UI Maglev,Gan 356i,RandomForest,false,false,4101,16857,,U[0] L[96] F[386] D[741] R'[870] R'[958] F'[2393] F[2820] F[2900] D'[2972] D'[3045] F'[3166] D[3222] F[3287] D'[3343] F'[3408] D[3730] D'[4245] R[4447] D'[4810] D'[4914] R'[5051] D[5147] D[5276] L'[5494] D'[5647] L[5729] L[6380] D'[6574] L'[6913] D'[7589] R[7984] D'[8073] R'[8177] D'[8314] R[8435] D'[8491] R'[8580] L[8845] D[8952] D[9112] L'[9249] D[10505] B'[10868] D'[10949] D'[11021] B[11158] D'[11254] B'[11359] D[11432] B[11528] D[12729] F'[13164] R[13502] F[13655] F[13744] L'[13817] F'[13969] F'[14025] R'[14139] F[14219] F[14300] L[14396] F'[14517] D[15032] F[15428] B'[15552] B'[15617] U[15689] B[15826] U'[15883] B[16036] L'[16157] L'[16229] F'[16350] D[16414] F[16519] L'[16567] L'[16640] F'[16729] D[16785] D[16857],,,gan12,custom_rules,U' D' R B' R2 B2 L' U D L B D2 R2 L2 U L2 D2 R2 B2 U L2 U',random_state,custom_rules,,,,8,DB,0,0,16857,66,68,82,3.92,7415,9442,"",0,Cross,z2 D R F U L2',z2[0] D[0] R[96] F[386] U[741] L2'[958],false,true,958,0,958,958,5,5,6,5.22,F2L Slot 1,F' F2 U2' F' U F U' F',F'[2393] F2[2900] U2'[3045] F'[3166] U[3222] F[3287] U'[3343] F'[3408],false,true,2450,1435,1015,3408,8,8,10,7.88,F2L Slot 2,U U' L U2' L' U2 R' U' R,U[3730] U'[4245] L[4447] U2'[4914] L'[5051] U2[5276] R'[5494] U'[5647] R[5729],false,true,2321,1039,1282,5729,9,9,11,7.02,F2L Slot 3,R U' R' U' L U' L' U' L U' M F2 R' x,R[6380] U'[6574] R'[6913] U'[7589] L[7984] U'[8073] L'[8177] U'[8314] L[8435] U'[8491] M[8845] F2[9112] R'[9249] x[9877],false,true,3520,651,2869,9249,13,14,15,4.53,F2L Slot 4,U B' U2' B U' B' U B,U[10505] B'[10868] U2'[11021] B[11158] U'[11254] B'[11359] U[11432] B[11528],false,true,2279,1619,660,11528,8,8,9,12.12,OLL,U F' L F2 R' F2' L' F2 R F',U[12729] F'[13164] L[13502] F2[13744] R'[13817] F2'[14025] L'[14139] F2[14300] R[14396] F'[14517],false,true,2989,1636,1353,14517,10,10,13,7.39,PLL,U S' B' R B R' B U2' F' L F U2' F' L2,U[15032] S'[15552] B'[15617] R[15689] B[15826] R'[15883] B[16036] U2'[16229] F'[16350] L[16414] F[16519] U2'[16640] F'[16729] L2[16857],false,true,2340,1035,1305,16857,14,15,18,10.73,,,,,,,,,,,,,,,,,,,,,,,,,,
34543430-ee39-4c07-942b-8659274b02a9,2025-08-02 10:32:02 UTC,false,12373,CFOP,Gan12uiM,Gan 12 UI Maglev,Gan 356i,RandomForest,false,false,4734,12373,,U[0] F'[104] L'[225] U[709] U[814] F'[1104] D[1499] B'[1950] D[2079] D[2168] B[2305] F'[2546] D[2635] F[2748] R[3780] D'[3909] R'[3997] D[4070] D[4159] R[4239] D'[4304] R'[4368] L'[5282] D'[5419] L[5499] D'[5902] D'[6853] F[7135] D[7272] F'[7378] D[7957] D[8070] B[8248] R'[8376] B'[8723] L[9287] B[9416] R[9546] B'[9634] L'[9755] D'[10600] B[10793] R[10930] D'[10979] R'[11092] D'[11148] R[11293] D[11357] R'[11463] B'[11527] R[11639] D[11728] R'[11776] D'[11849] R'[12010] B[12059] R[12163] B'[12212] D'[12373],,,gan12,custom_rules,R' F2 R' B U R' D' R F' R2 D' F2 L2 D' F2 L2 B2 L2 U2 B2 D' L2,random_state,custom_rules,,,,8,DB,0,0,12373,54,55,59,4.36,6336,6037,"",0,Cross,z2 D F' R' D2 F',z2[0] D[0] F'[104] R'[225] D2[814] F'[1104],false,true,1104,0,1104,1104,5,5,6,4.53,F2L Slot 1,U B' U2 S R F z',U[1499] B'[1950] U2[2168] S[2546] R[2635] F[2748] z'[3264],false,true,1644,846,798,2748,6,7,8,7.52,F2L Slot 2,L U' L' U2 L U' L',L[3780] U'[3909] L'[3997] U2[4159] L[4239] U'[4304] L'[4368],false,true,1620,1032,588,4368,7,7,8,11.9,F2L Slot 3,R' U' R,R'[5282] U'[5419] R[5499],false,true,1131,914,217,5499,3,3,3,13.82,F2L Slot 4,U' U' F U F',U'[5902] U'[6853] F[7135] U[7272] F'[7378],false,true,1879,1636,243,7378,5,5,5,20.58,OLL,U2 B L' B' R B L B' R',U2[8070] B[8248] L'[8376] B'[8723] R[9287] B[9416] L[9546] B'[9634] R'[9755],false,true,2377,870,1507,9755,9,9,10,5.97,PLL,U' B L U' L' U' L U L' B' L U L' U' L' B L B' U',U'[10600] B[10793] L[10930] U'[10979] L'[11092] U'[11148] L[11293] U[11357] L'[11463] B'[11527] L[11639] U[11728] L'[11776] U'[11849] L'[12010] B[12059] L[12163] B'[12212] U'[12373],false,true,2618,1038,1580,12373,19,19,19,12.03,,,,,,,,,,,,,,,,,,,,,,,,,,
f362a717-1f3c-4bad-95dc-8e04da12238f,2025-08-02 10:32:52 UTC,false,33243,CFOP,Gan12uiM,Gan 12 UI Maglev,Gan 356i,RandomForest,false,false,5131,33243,,R'[0] D[258] D[347] U'[556] U[910] B[1136] B[1233] U'[1564] L[2095] R'[2111] L[2216] R'[2224] U[2329] U[2409] L[2651] R'[2660] L[2756] R'[2764] D'[3055] L'[3175] D[3231] L[3344] R[3570] D'[3659] D'[3747] R'[3868] D[4062] B'[4473] D'[4562] B[4658] B[4764] D[4884] B'[4973] D[5174] F'[5714] F[5827] D[6069] R'[6399] D'[7294] R[7487] D[7552] B[7858] D[7995] B'[8132] L[8575] L'[9076] D[9220] F'[9986] D'[10115] F[10244] D'[11332] F[11542] D'[11647] D'[11727] F'[11856] D[11896] F[11977] D'[12033] D[12436] F'[12550] D'[12646] F'[12783] R[12847] F[12984] R'[13041] D'[13444] D'[13597] F[14056] D[14145] F'[14201] D'[14266] F[14371] D'[14484] F'[14637] R'[14725] D'[14854] R[14951] F[15056] D[15153] F'[15209] D[15854] F'[16233] R[16289] F'[16386] L[16442] F[16668] R'[16797] L'[17579] L[17764] F'[17957] L'[18102] F[18280] F'[18731] L[18795] F[18941] F[19134] F'[19497] R[19770] F'[20481] L[20658] L[21263] L'[21836] F[21948] F[22045] R'[22440] F[24512] L[24608] L[24730] F'[24842] D[25531] F[26030] D'[26104] F'[26272] D[27400] D[27505] B[27618] D[27747] B'[27819] D'[27901] L[28303] B'[28601] L'[28771] B[28948] D'[29455] B[29649] B[29721] U[29947] B'[30060] D[30213] D[30318] B[30431] U'[30585] B'[30924] D[30988] D[31068] B'[31173] B'[32083] L[32180] B'[32277] R[32349] R[32534] B[32656] L'[32696] B'[32785] R[32849] R[33042] B[33123] B[33179] D[33243],,,gan12,custom_rules,L' F2 D' L' U B U2 R F2 D B2 D' R2 L2 F2 U R2 L2 B2 R2 D2,random_state,custom_rules,,,,8,DB,0,0,33243,125,128,149,3.76,4297,28946,"",0,Cross,z2 L' U E D L2 D' S2 U2 S2,z2[0] L'[0] U[258] E[556] D[910] L2[1233] D'[1564] S2[2224] U2[2409] S2[2764],false,true,2764,0,2764,2764,9,12,18,3.26,F2L Slot 1,U' B' U B F U2' F' U L' U' L,U'[3055] B'[3175] U[3231] B[3344] F[3570] U2'[3747] F'[3868] U[4062] L'[4473] U'[4562] L[4658],false,true,1894,411,1483,4658,11,11,12,7.42,F2L Slot 2,L U L' U R' R U F' U' F U L U L',L[4764] U[4884] L'[4973] U[5174] R'[5714] R[5827] U[6069] F'[6399] U'[7294] F[7487] U[7552] L[7858] U[7995] L'[8132],false,true,3474,106,3368,8132,14,14,14,4.16,F2L Slot 3,B B' U R' U' R,B[8575] B'[9076] U[9220] R'[9986] U'[10115] R[10244],false,true,2112,443,1669,10244,6,6,6,3.59,F2L Slot 4,U' R U2' R' U R U' U R' U' R' F R F',U'[11332] R[11542] U2'[11727] R'[11856] U[11896] R[11977] U'[12033] U[12436] R'[12550] U'[12646] R'[12783] F[12847] R[12984] F'[13041],false,true,2797,1298,1499,13041,14,14,15,9.34,OLL,U2' R U R' U' R U' R' F' U' F R U R',U2'[13597] R[14056] U[14145] R'[14201] U'[14266] R[14371] U'[14484] R'[14637] F'[14725] U'[14854] F[14951] R[15056] U[15153] R'[15209],false,true,2168,1015,1153,15209,14,14,15,12.14,PLL,U R' F R' B R F' B' B R' B' R R' B R2 R' F R' B2 B' R2 F' R B2 R' U R U' R' U2 L U L' U' B L' B' L U' L2 D L' U2 L D' L' U2 L' L' B L' F2 L B' L' F2 L2 U,U[15854] R'[16233] F[16289] R'[16386] B[16442] R[16668] F'[16797] B'[17579] B[17764] R'[17957] B'[18102] R[18280] R'[18731] B[18795] R2[19134] R'[19497] F[19770] R'[20481] B2[21263] B'[21836] R2[22045] F'[22440] R[24512] B2[24730] R'[24842] U[25531] R[26030] U'[26104] R'[26272] U2[27505] L[27618] U[27747] L'[27819] U'[27901] B[28303] L'[28601] B'[28771] L[28948] U'[29455] L2[29721] D[29947] L'[30060] U2[30318] L[30431] D'[30585] L'[30924] U2[31068] L'[31173] L'[32083] B[32180] L'[32277] F2[32534] L[32656] B'[32696] L'[32785] F2[33042] L2[33179] U[33243],false,true,18034,1024,17010,33243,58,58,69,3.41,,,,,,,,,,,,,,,,,,,,,,,,,,
baf8194d-c61c-46ce-a1b4-a1f7db16be09,2025-08-02 10:33:26 UTC,false,20998,CFOP,Gan12uiM,Gan 12 UI Maglev,Gan 356i,RandomForest,false,false,4317,20998,,R[0] B[105] L'[686] F'[1822] R[2128] R[2216] U[2660] L'[2837] F[3433] D[3490] F'[3563] D[3861] B'[4134] D[4223] D[4361] B[4529] D'[4626] B'[4763] D'[4843] B[4973] D'[5528] D'[5938] F[6059] D[6148] F'[6237] F'[6309] R[6373] F[6446] R'[6486] D[6696] D[6793] B[6986] D'[7647] B'[7873] F'[9774] D[9870] F[10007] F[11405] D'[11461] F'[11598] D[11759] F'[11953] D'[12073] F[12259] D'[12355] F'[12436] D[12524] F[12629] D'[12936] D'[13113] F[13749] D[13927] F'[14024] D[14080] D[14160] F[14249] D'[14321] F'[14410] F[14531] D[14796] F'[14950] D'[15014] F'[15159] R[15248] R'[15505] R[16182] F[16400] R'[16471] D'[16946] D[17356] B'[17663] L[17815] B[17937] B[18009] R'[18194] B'[18331] B'[18388] L'[18501] B[18598] B[18686] R[18790] B'[18887] D[19500] D[19781] F'[19910] B[19911] F'[19911] B[19913] U'[19913] F[20321] B'[20369] R[20458] R[20530] B[20675] F'[20684] U'[20828] B[20933] F'[20941] B[20990] F'[20998],,,gan12,custom_rules,D2 R' U D F2 B R F D L D2 F2 R2 U R2 U L2 U D B2 R2 L2,random_state,custom_rules,,,,8,DB,0,0,20998,80,84,100,3.81,5850,15148,"",0,Cross,z2 L B R' F' L2 D R',z2[0] L[0] B[105] R'[686] F'[1822] L2[2216] D[2660] R'[2837],false,true,2837,0,2837,2837,7,7,8,2.47,F2L Slot 1,F U F' U B' U2 B U' B' U' B,F[3433] U[3490] F'[3563] U[3861] B'[4134] U2[4361] B[4529] U'[4626] B'[4763] U'[4843] B[4973],false,true,2136,596,1540,4973,11,11,12,7.14,F2L Slot 2,U2' F U F2' L F L' U2 B U' B',U2'[5938] F[6059] U[6148] F2'[6309] L[6373] F[6446] L'[6486] U2[6793] B[6986] U'[7647] B'[7873],false,true,2900,1086,1814,7873,11,11,14,6.06,F2L Slot 3,F' U F F U' F' U F' U' F U' F' U F,F'[9774] U[9870] F[10007] F[11405] U'[11461] F'[11598] U[11759] F'[11953] U'[12073] F[12259] U'[12355] F'[12436] U[12524] F[12629],false,true,4756,1901,2855,12629,14,14,14,4.9,F2L Slot 4,U2' F U F' U2 F U' F',U2'[13113] F[13749] U[13927] F'[14024] U2[14160] F[14249] U'[14321] F'[14410],false,true,1781,1120,661,14410,8,8,10,12.1,OLL,F U F' U' F' L L' L F L' U' U B' R B2 L' B2' R' B2 L B',F[14531] U[14796] F'[14950] U'[15014] F'[15159] L[15248] L'[15505] L[16182] F[16400] L'[16471] U'[16946] U[17356] B'[17663] R[17815] B2[18009] L'[18194] B2'[18388] R'[18501] B2[18686] L[18790] B'[18887],false,true,4477,121,4356,18887,21,21,24,4.82,PLL,U2 S2 U' S' U2 S U' S2,U2[19781] S2[19913] U'[19913] S'[20369] U2[20530] S[20684] U'[20828] S2[20998],false,true,2111,1026,1085,20998,8,12,18,7.37,,,,,,,,,,,,,,,,,,,,,,,,,,
1dea90a8-09bb-4906-85b8-65607e3d31a5,2025-08-02 10:34:05 UTC,false,20409,CFOP,Gan12uiM,Gan 12 UI Maglev,Gan 356i,RandomForest,false,false,8222,20409,,F[0] D[145] L[862] B'[1345] D[1643] D[1724] L[2239] L[2312] U[2537] D[3318] D[3391] B[3544] D'[3600] B'[3689] D[4067] D[4381] R'[4824] D[4913] R[5027] L[5188] B[5349] R'[5502] B'[5567] R[5848] L'[5856] D[6251] D'[6492] F[6718] D[6863] F'[7016] D[7265] D[7362] L[7797] L'[8014] D'[8425] L[8569] D'[8666] L'[8755] L[9157] D[9270] L'[9375] D[9455] L'[9568] F[9665] L[9745] F'[9786] D[9995] L[10061] D'[10125] L'[10222] L[10511] D[10608] L'[10705] D'[10801] L'[10987] F[11220] L[11679] F'[11743] D'[12138] D'[12669] L'[13265] D'[13353] F'[13546] D[13676] F[13796] L[13900] D'[14770] L'[15151] F[15248] L'[15360] B[15707] L[15997] L'[16440] B[16560] L[16705] F'[16769] L'[16898] B[16955] B[17156] L[17229] L[17285] D[17382] D'[18565] R[18903] L'[19048] L'[19121] U[19218] L[19354] U'[19459] L[19588] F'[19700] F'[19789] R'[19910] D[19966] R[20079] F'[20119] F'[20192] R'[20263] D[20409],,,gan12,custom_rules,L F D F R' F2 D' F R2 B R2 L2 F2 L2 U2 D' B2 R2 D' R2 U',random_state,custom_rules,,,,8,DB,0,0,20409,87,89,99,4.26,5325,15084,"",0,Cross,z2 F U R B' U2 R2 D,z2[0] F[0] U[145] R[862] B'[1345] U2[1724] R2[2312] D[2537],false,true,2537,0,2537,2537,7,7,9,2.76,F2L Slot 1,U2 B U' B',U2[3391] B[3544] U'[3600] B'[3689],false,true,1152,1007,145,3689,4,4,5,27.59,F2L Slot 2,U2 L' U L R B L' B' M' x',U2[4381] L'[4824] U[4913] L[5027] R[5188] B[5349] L'[5502] B'[5567] M'[5856] x'[6053],false,true,2167,1135,1032,5856,9,10,11,8.72,F2L Slot 3,U U' F U F',U[6251] U'[6492] F[6718] U[6863] F'[7016],false,true,1160,862,298,7016,5,5,5,16.78,F2L Slot 4,U2 R R' U' R U' R' R U R' U R' F R F' U R U' R',U2[7362] R[7797] R'[8014] U'[8425] R[8569] U'[8666] R'[8755] R[9157] U[9270] R'[9375] U[9455] R'[9568] F[9665] R[9745] F'[9786] U[9995] R[10061] U'[10125] R'[10222],false,true,3206,781,2425,10222,19,19,20,7.84,OLL,R U R' U' R' F R F' U2' R' U' F' U F R,R[10511] U[10608] R'[10705] U'[10801] R'[10987] F[11220] R[11679] F'[11743] U2'[12669] R'[13265] U'[13353] F'[13546] U[13676] F[13796] R[13900],false,true,3678,289,3389,13900,15,15,16,4.43,PLL,U' R' F R' B R R' B R F' R' B2 R2 U U' M' R' F R F' R U2' L' B L U2' L' B,U'[14770] R'[15151] F[15248] R'[15360] B[15707] R[15997] R'[16440] B[16560] R[16705] F'[16769] R'[16898] B2[17156] R2[17285] U[17382] U'[18565] M'[19048] R'[19121] F[19218] R[19354] F'[19459] R[19588] U2'[19789] L'[19910] B[19966] L[20079] U2'[20192] L'[20263] B[20409],false,true,6509,1251,5258,20409,28,29,33,5.33,,,,,,,,,,,,,,,,,,,,,,,,,,
5e8f6ea1-32c2-4011-97fb-8a5256218155,2025-08-02 10:34:42 UTC,false,18657,CFOP,Gan12uiM,Gan 12 UI Maglev,Gan 356i,RandomForest,false,false,7174,18657,,D[0] L[185] F[387] D'[709] F'[926] R'[1273] F[1401] F[1498] U[3133] L[3351] U'[3641] L'[3834] R'[4124] U'[4221] U'[4301] R[4414] U'[4559] B[4906] U[5028] B'[5133] U[5827] R[6108] R'[6188] U[6341] R[6478] U'[6551] R'[6648] U[6737] R[6865] U'[6954] R'[7067] U[7381] R'[7526] F'[7622] L[7775] F[7936] R[8146] L'[8154] R[10555] U'[10820] R'[10957] F[11086] R'[11207] F'[11304] R[11376] U'[12641] U'[12988] L[13149] U'[13221] L'[13350] B[13503] L'[13656] B'[13752] L[13849] U'[14317] R'[14905] U'[15025] R[15146] U'[15234] R'[15371] U[15436] R[15604] U[15700] R[15821] B'[15910] R'[15982] B[16232] R'[17456] L[17458] L[17562] R'[17570] D'[17819] R[17916] L'[17980] F[18101] F[18181] L[18359] R'[18367] D'[18504] R'[18568] L[18569] L[18569] R'[18657],,,gan12,custom_rules,R' U2 F' D B2 U' B L F D2 R U' D R2 L2 D' L2 B2 D R2 F2 D',random_state,custom_rules,,,,8,UF,0,0,18657,70,75,83,3.75,9396,9261,"",0,Cross,D L F D' F' R' F2,D[0] L[185] F[387] D'[709] F'[926] R'[1273] F2[1498],false,true,1498,0,1498,1498,7,7,8,4.67,F2L Slot 1,U L U' L' R' U2' R U' B U B',U[3133] L[3351] U'[3641] L'[3834] R'[4124] U2'[4301] R[4414] U'[4559] B[4906] U[5028] B'[5133],false,true,3635,1853,1782,5133,11,11,12,6.17,F2L Slot 2,U R R' U R U' R' U R U' R' U R' F' L F M x,U[5827] R[6108] R'[6188] U[6341] R[6478] U'[6551] R'[6648] U[6737] R[6865] U'[6954] R'[7067] U[7381] R'[7526] F'[7622] L[7775] F[7936] M[8154] x[9354],false,true,3021,975,2046,8154,17,18,18,8.31,F2L Slot 3,R U' R' F R' F' R,R[10555] U'[10820] R'[10957] F[11086] R'[11207] F'[11304] R[11376],false,true,3222,2401,821,11376,7,7,7,8.53,F2L Slot 4,U2' L U' L' B L' B' L,U2'[12988] L[13149] U'[13221] L'[13350] B[13503] L'[13656] B'[13752] L[13849],false,true,2473,1773,700,13849,8,8,9,11.43,OLL,U' R' U' R U' R' U R U R B' R' B,U'[14317] R'[14905] U'[15025] R[15146] U'[15234] R'[15371] U[15436] R[15604] U[15700] R[15821] B'[15910] R'[15982] B[16232],false,true,2383,1056,1327,16232,13,13,13,9.8,PLL,M2' U' M U2 M' U' M2',M2'[17570] U'[17819] M[17980] U2[18181] M'[18367] U'[18504] M2'[18657],false,true,2425,1338,1087,18657,7,11,16,6.44,,,,,,,,,,,,,,,,,,,,,,,,,,
9aa1ba7c-aed0-4087-a646-b9938d5a5626,2025-08-02 10:35:16 UTC,false,18051,CFOP,Gan12uiM,Gan 12 UI Maglev,Gan 356i,RandomForest,false,false,5641,18051,,L'[0] R'[548] U'[725] F'[1039] B[1482] B'[2352] F[3327] B[3827] U[4052] F'[4286] D'[5304] R[5537] D'[5610] D'[5674] R'[5787] D[5859] D[5956] R[6061] D'[6150] R'[6230] L[7011] L'[7592] L'[7745] D'[7978] L[8099] D'[8163] L'[8284] D[8341] L[8438] D[9477] R'[9912] D'[10186] R[10361] D'[10434] R'[10562] D[10627] R[10780] L'[11054] D'[11127] D'[11207] L[11376] L[11473] D[11553] L'[11650] L'[11715] D[11771] L[11867] D[12769] D[12899] L'[13027] D'[13140] D'[13205] L[13293] L[13398] L[13462] L'[13559] D[13914] L'[14018] L'[14139] D[14187] L[14324] L[14413] D'[14461] D'[14815] L'[14920] D[15449] R[15699] L'[15700] R[15700] L'[15702] U'[15702] L[16086] R'[16126] F[16239] R[16907] R'[17068] F[17318] R[17544] L'[17552] U'[17721] R[17866] L'[17874] R[17963] L'[17971] D'[18051],,,gan12,custom_rules,F U2 R U R2 L B R2 D2 L' U F2 D2 L2 D2 L2 B2 U' L2 U' R2 B2,random_state,custom_rules,,,,8,DB,0,0,18051,63,68,85,3.49,5722,12329,"",0,Cross,z2 R' L' D' F' B B' F B D F',z2[0] R'[0] L'[548] D'[725] F'[1039] B[1482] B'[2352] F[3327] B[3827] D[4052] F'[4286],false,true,4286,0,4286,4286,10,10,10,2.33,F2L Slot 1,U' L U2' L' U2 L U' L',U'[5304] L[5537] U2'[5674] L'[5787] U2[5956] L[6061] U'[6150] L'[6230],false,true,1944,1251,693,6230,8,8,10,11.54,F2L Slot 2,R R2' U' R U' R' U R,R[7011] R2'[7745] U'[7978] R[8099] U'[8163] R'[8284] U[8341] R[8438],false,true,2208,781,1427,8438,8,8,9,5.61,F2L Slot 3,U L' U' L U' L' U L,U[9477] L'[9912] U'[10186] L[10361] U'[10434] L'[10562] U[10627] L[10780],false,true,2342,1474,868,10780,8,8,8,9.22,F2L Slot 4,R' U2' R2 U R2' U R,R'[11054] U2'[11207] R2[11473] U[11553] R2'[11715] U[11771] R[11867],false,true,1087,274,813,11867,7,7,10,8.61,OLL,U2 R' U2' R3 R' U R2' U R2 U2' R',U2[12899] R'[13027] U2'[13205] R3[13462] R'[13559] U[13914] R2'[14139] U[14187] R2[14413] U2'[14815] R'[14920],false,true,3053,1160,1893,14920,11,11,18,5.81,PLL,U M2' U' M U L L' U M' U' M2' U',U[15449] M2'[15702] U'[15702] M[16126] U[16239] L[16907] L'[17068] U[17318] M'[17552] U'[17721] M2'[17971] U'[18051],false,true,3131,782,2349,18051,12,16,20,5.11,,,,,,,,,,,,,,,,,,,,,,,,,,
7932de27-ca9d-4d87-bfbe-94b048198c9e,2025-08-02 10:35:56 UTC,false,22489,CFOP,Gan12uiM,Gan 12 UI Maglev,Gan 356i,RandomForest,false,false,7582,22489,,D[0] R[499] F'[1265] U'[2006] L[3135] F[3384] L[3876] L[3948] U[4665] U[4738] U[6310] R[7873] L'[7881] R[7970] L'[7978] U[8058] U[8163] R[8397] L'[8405] R[8469] L'[8477] D[9315] R[9549] D[9678] D[9783] R'[9984] D[10049] R[10194] D'[10290] R'[10484] D[10766] D[10879] R'[11096] D'[11168] R[11314] L'[11582] D[11687] L[11792] D'[12130] D'[12453] D'[13839] D'[13968] L[14202] D[14459] L'[14580] D[14669] L[14773] D'[14846] L'[14959] D[15193] D'[16039] F[16394] D[16514] F'[16689] D'[17261] D'[17656] D'[17737] F[18011] L'[18124] F'[18220] L[18309] D[18381] L[18478] D'[18551] L'[18704] D[18736] L[18873] D[18994] L'[19091] D'[19139] L'[19308] F[19365] L[19510] F'[19582] D[20671] L'[20977] D'[21065] L[21202] U'[21291] D[21371] L[21485] L[21565] D[21683] L'[21795] D[21844] L[21932] D'[21989] L[22037] D'[22214] L[22335] L[22392] U[22489],,,gan12,custom_rules,D L U L F' U' R' B2 R2 B' L' B2 R2 U' R2 U L2 U' D' B2 R2 D,random_state,custom_rules,,,,8,DB,0,0,22489,73,77,92,3.25,8246,14243,"",0,Cross,z2 U L F' D' R F R2 D2 D M2' U2 M2',z2[0] U[0] L[499] F'[1265] D'[2006] R[3135] F[3384] R2[3948] D2[4738] D[6310] M2'[7978] U2[8163] M2'[8477],false,true,8477,0,8477,8477,12,14,21,1.42,F2L Slot 1,U L U2 L' U L U' L',U[9315] L[9549] U2[9783] L'[9984] U[10049] L[10194] U'[10290] L'[10484],false,true,2007,1072,935,10484,8,8,9,8.56,F2L Slot 2,U2 L' U' M' B R x',U2[10879] L'[11096] U'[11168] M'[11582] B[11687] R[11792] x'[11961],false,true,1308,612,696,11792,6,7,8,8.62,F2L Slot 3,U2' U2' R U R' U R U' R',U2'[12453] U2'[13968] R[14202] U[14459] R'[14580] U[14669] R[14773] U'[14846] R'[14959],false,true,3167,2410,757,14959,9,9,11,11.89,F2L Slot 4,U U' F U F',U[15193] U'[16039] F[16394] U[16514] F'[16689],false,true,1730,1435,295,16689,5,5,5,16.95,OLL,U3' F R' F' R U R U' R' U R U R' U' R' F R F',U3'[17737] F[18011] R'[18124] F'[18220] R[18309] U[18381] R[18478] U'[18551] R'[18704] U[18736] R[18873] U[18994] R'[19091] U'[19139] R'[19308] F[19365] R[19510] F'[19582],false,true,2893,1322,1571,19582,18,18,20,11.46,PLL,U R' U' R E B2 U B' U B U' B U' B2 D,U[20671] R'[20977] U'[21065] R[21202] E[21371] B2[21565] U[21683] B'[21795] U[21844] B[21932] U'[21989] B[22037] U'[22214] B2[22392] D[22489],false,true,2907,1395,1512,22489,15,16,18,9.92,,,,,,,,,,,,,,,,,,,,,,,,,,
58a3082f-f5a6-412c-9da7-02bf7e80246a,2025-08-02 10:36:28 UTC,false,14280,CFOP,Gan12uiM,Gan 12 UI Maglev,Gan 356i,RandomForest,false,false,8387,14280,,L'[0] F'[89] B[428] U'[661] B[887] L'[1177] D'[1588] U[2160] U[2249] R[3014] U[3143] R'[3248] L[5099] U'[5163] L'[5252] U[5333] L[5437] U'[5526] L'[5632] U[5864] L[6026] U'[6082] L'[6187] U[6404] R'[6638] U[6735] R[6847] U'[6976] U'[7081] R'[7178] U[7250] R[7355] U'[8547] F[8926] U'[9015] F'[9112] U[9233] F[9361] U'[9418] F'[9498] U'[9925] B[10275] L[10655] F'[11003] L'[11139] B'[11323] L[11395] F[11548] L'[11597] U'[13015] F[13273] U[13402] F'[13466] L'[13571] F[13659] U[13740] F'[13837] U'[13885] F'[13974] L[14038] F[14110] F[14175] U'[14215] F'[14280],,,gan12,custom_rules,U2 R B' D' R D F2 U' L' F R2 U2 D R2 U' B2 R2 D L2 U B2 R2,random_state,custom_rules,,,,8,UF,0,0,14280,61,61,64,4.27,7752,6528,"",0,Cross,L' F' B U' B L' D',L'[0] F'[89] B[428] U'[661] B[887] L'[1177] D'[1588],false,true,1588,0,1588,1588,7,7,7,4.41,F2L Slot 1,U2 R U R',U2[2249] R[3014] U[3143] R'[3248],false,true,1660,1426,234,3248,4,4,5,17.09,F2L Slot 2,L U' L' U L U' L' U L U' L',L[5099] U'[5163] L'[5252] U[5333] L[5437] U'[5526] L'[5632] U[5864] L[6026] U'[6082] L'[6187],false,true,2939,1851,1088,6187,11,11,11,10.11,F2L Slot 3,U R' U R U2' R' U R,U[6404] R'[6638] U[6735] R[6847] U2'[7081] R'[7178] U[7250] R[7355],false,true,1168,451,717,7355,8,8,9,11.16,F2L Slot 4,U' F U' F' U F U' F',U'[8547] F[8926] U'[9015] F'[9112] U[9233] F[9361] U'[9418] F'[9498],false,true,2143,1571,572,9498,8,8,8,13.99,OLL,U' B L F' L' B' L F L',U'[9925] B[10275] L[10655] F'[11003] L'[11139] B'[11323] L[11395] F[11548] L'[11597],false,true,2099,777,1322,11597,9,9,9,6.81,PLL,U' F U F' L' F U F' U' F' L F2 U' F',U'[13015] F[13273] U[13402] F'[13466] L'[13571] F[13659] U[13740] F'[13837] U'[13885] F'[13974] L[14038] F2[14175] U'[14215] F'[14280],false,true,2683,1676,1007,14280,14,14,15,13.9,,,,,,,,,,,,,,,,,,,,,,,,,,
0c0def72-1cb0-4ce8-944a-a4f8627f8228,2025-08-02 10:37:44 UTC,false,14169,CFOP,Gan12uiM,Gan 12 UI Maglev,Gan 356i,RandomForest,false,false,48744,14169,,R[0] U[129] B'[427] L'[1096] U[1644] U[1748] D'[2368] B[2691] D[2844] B'[3166] D'[3480] D'[3617] F[3875] D[3981] F'[4109] D[4213] R'[4960] D'[5089] R[5201] D'[6305] R'[6442] B[6507] R[6588] B'[6636] D[6829] D[6926] R[7006] D[7151] R'[7240] D[7554] L[8360] D'[8416] L'[8537] D[8585] D[8682] L[8746] D'[8811] L'[8875] D'[9431] D[9947] D[10181] L'[10301] F'[10374] D'[10535] F[10672] D[10825] L[10994] D'[11824] D[12090] L'[12251] L'[12315] D'[12436] L[12557] D'[12662] L[12775] D[12848] L'[12968] D[13161] L[13242] L[13355] U'[13484] D[13500] L[13685] D'[13750] L'[13854] D'[14056] U[14169],,,gan12,custom_rules,D' R' U F2 B2 R U' L2 B2 D F' U' F2 L2 F2 B2 U' R2 U R2 L2 U,random_state,custom_rules,,,,8,DB,0,0,14169,58,60,67,4.09,6760,7409,"",0,Cross,z2 L D B' R' D2,z2[0] L[0] D[129] B'[427] R'[1096] D2[1748],false,true,1748,0,1748,1748,5,5,6,2.86,F2L Slot 1,U' B U B',U'[2368] B[2691] U[2844] B'[3166],false,true,1418,943,475,3166,4,4,4,8.42,F2L Slot 2,U2' F U F' U L' U' L,U2'[3617] F[3875] U[3981] F'[4109] U[4213] L'[4960] U'[5089] L[5201],false,true,2035,709,1326,5201,8,8,9,6.03,F2L Slot 3,U' L' B L B' U2 L U L',U'[6305] L'[6442] B[6507] L[6588] B'[6636] U2[6926] L[7006] U[7151] L'[7240],false,true,2039,1241,798,7240,9,9,10,11.28,F2L Slot 4,U R U' R' U2 R U' R',U[7554] R[8360] U'[8416] R'[8537] U2[8682] R[8746] U'[8811] R'[8875],false,true,1635,1120,515,8875,8,8,9,15.53,OLL,U' U2 R' F' U' F U R,U'[9431] U2[10181] R'[10301] F'[10374] U'[10535] F[10672] U[10825] R[10994],false,true,2119,1426,693,10994,8,8,9,11.54,PLL,U' U R2' U' R U' R U R' U R2 E B U' B' E',U'[11824] U[12090] R2'[12315] U'[12436] R[12557] U'[12662] R[12775] U[12848] R'[12968] U[13161] R2[13355] E[13500] B[13685] U'[13750] B'[13854] E'[14169],false,true,3175,1321,1854,14169,16,18,20,8.63,,,,,,,,,,,,,,,,,,,,,,,,,,
9b372bfa-bcac-4b6b-afad-2e25bc0a9934,2025-08-02 10:38:25 UTC,false,19532,CFOP,Gan12uiM,Gan 12 UI Maglev,Gan 356i,RandomForest,false,false,12290,19532,,F'[0] U[72] B[354] L'[629] U'[1305] R'[1901] D[4931] F[5596] D'[5701] F'[5781] D'[5853] F[5974] D'[6030] F'[6135] B[6385] D[6474] D[6579] B'[6732] F'[7562] D[7690] F[7868] D'[8230] F[8488] D'[8561] D'[8641] F'[8770] D'[8923] D'[9125] L[9455] R'[9665] R[9810] D[10140] L'[10374] D[11111] B'[11377] D[11441] D[11514] B[11683] D'[11828] D'[11949] B'[12110] D[12174] B[12295] F[12529] D'[12771] F'[13102] D[13528] F[13955] D'[14036] D'[14165] F'[14269] D[14318] F[14390] D'[14487] F'[14680] F'[15260] D'[15349] D'[15430] F[15527] F[15631] D[16132] F'[16197] F'[16293] D[16358] F[16479] F[16559] D'[16608] D'[16664] F'[16769] D'[17615] F'[17824] D[17921] D[18010] F'[18131] U'[18260] F[18485] D'[18590] F'[18686] U[18783] F[18920] D[19065] F[19186] D'[19275] F'[19347] D'[19476] F[19532],,,gan12,custom_rules,U B2 L' U R B L' U' B2 R2 F U2 D' L2 D2 L2 B2 D' B2 R2 B2,random_state,custom_rules,,,,8,DB,0,0,19532,71,73,86,3.64,7397,12135,"",0,Cross,z2 F' D B R' D' L',z2[0] F'[0] D[72] B[354] R'[629] D'[1305] L'[1901],false,true,1901,0,1901,1901,6,6,6,3.16,F2L Slot 1,U F U' F' U' F U' S R2 B' z',U[4931] F[5596] U'[5701] F'[5781] U'[5853] F[5974] U'[6030] S[6385] R2[6579] B'[6732] z'[7147],false,true,4831,3695,1136,6732,10,11,12,8.8,F2L Slot 2,F' U F U' F U2' F' U2' M L F R' x,F'[7562] U[7690] F[7868] U'[8230] F[8488] U2'[8641] F'[8770] U2'[9125] M[9665] L[9810] F[10140] R'[10374] x[10742],false,true,3642,830,2812,10374,12,13,15,4.27,F2L Slot 3,U B' U2 B U2' B' U B,U[11111] B'[11377] U2[11514] B[11683] U2'[11949] B'[12110] U[12174] B[12295],false,true,1921,1003,918,12295,8,8,10,8.71,F2L Slot 4,F U' F' U F U2' F' U F U' F',F[12529] U'[12771] F'[13102] U[13528] F[13955] U2'[14165] F'[14269] U[14318] F[14390] U'[14487] F'[14680],false,true,2385,234,2151,14680,11,11,12,5.11,OLL,F' U2' F2 U F2' U F2 U2' F',F'[15260] U2'[15430] F2[15631] U[16132] F2'[16293] U[16358] F2[16559] U2'[16664] F'[16769],false,true,2089,580,1509,16769,9,9,14,5.96,PLL,U' F' U2 F' D' F U' F' D F U F U' F' U' F,U'[17615] F'[17824] U2[18010] F'[18131] D'[18260] F[18485] U'[18590] F'[18686] D[18783] F[18920] U[19065] F[19186] U'[19275] F'[19347] U'[19476] F[19532],false,true,2763,1055,1708,19532,16,16,17,9.37,,,,,,,,,,,,,,,,,,,,,,,,,,
df8d12cb-c150-48ca-86d7-37e000157683,2025-08-02 10:39:21 UTC,false,17253,CFOP,Gan12uiM,Gan 12 UI Maglev,Gan 356i,RandomForest,false,false,29683,17253,,F'[0] R[121] U'[492] L[685] L[766] B[1539] B[1636] D[2030] L[2345] U'[2570] L'[2699] U'[2844] U'[2949] R'[3159] U[3279] R[3392] U[4166] L[4343] U[4488] L'[4576] U'[5179] U[5340] R[5509] U'[5590] R'[5743] U[6274] U'[6484] U[6991] L[7064] U'[7120] L'[7217] U'[7298] L[7395] U'[7443] L'[7532] U[7604] L[7660] U'[7741] L'[7830] U'[10957] F'[11094] L[11158] F[11271] L'[11319] U[11514] U[12173] F[12342] U[12464] F'[12569] F'[13221] U'[13285] U'[13391] F[13479] F[13575] U[13680] F'[13769] F'[13833] U[13914] F[14019] F[14100] U'[14156] U'[14228] F'[14381] F[15525] U'[15590] F'[15678] U'[15815] F[15989] U[16053] F[16174] D[16238] F'[16343] U'[16472] F[16593] D'[16697] F'[16834] U[16907] U[17020] F'[17092] U'[17253],,,gan12,custom_rules,R B' D F U R' U2 L' D F R' U' R2 D2 F2 R2 D' F2 U L2 U' F2,random_state,custom_rules,,,,8,UF,0,0,17253,69,69,80,4.0,7647,9606,"",0,Cross,F' R U' L2 B2 D,F'[0] R[121] U'[492] L2[766] B2[1636] D[2030],false,true,2030,0,2030,2030,6,6,8,2.96,F2L Slot 1,L U' L' U2' R' U R,L[2345] U'[2570] L'[2699] U2'[2949] R'[3159] U[3279] R[3392],false,true,1362,315,1047,3392,7,7,8,6.69,F2L Slot 2,U L U L' U' U R U' R',U[4166] L[4343] U[4488] L'[4576] U'[5179] U[5340] R[5509] U'[5590] R'[5743],false,true,2351,951,1400,5743,9,9,9,6.43,F2L Slot 3,U U' U L U' L' U' L U' L' U L U' L',U[6274] U'[6484] U[6991] L[7064] U'[7120] L'[7217] U'[7298] L[7395] U'[7443] L'[7532] U[7604] L[7660] U'[7741] L'[7830],false,true,2087,1321,766,7830,14,14,14,18.28,F2L Slot 4,U' F' L F L' U2 F U F',U'[10957] F'[11094] L[11158] F[11271] L'[11319] U2[12173] F[12342] U[12464] F'[12569],false,true,4739,3264,1475,12569,9,9,10,6.1,OLL,F' U2' F2 U F2' U F2 U2' F',F'[13221] U2'[13391] F2[13575] U[13680] F2'[13833] U[13914] F2[14100] U2'[14228] F'[14381],false,true,1812,652,1160,14381,9,9,14,7.76,PLL,F U' F' U' F U F D F' U' F D' F' U2 F' U',F[15525] U'[15590] F'[15678] U'[15815] F[15989] U[16053] F[16174] D[16238] F'[16343] U'[16472] F[16593] D'[16697] F'[16834] U2[17020] F'[17092] U'[17253],false,true,2872,1144,1728,17253,16,16,17,9.26,,,,,,,,,,,,,,,,,,,,,,,,,,
16d36bb6-c949-42be-af0c-4ab65c8ff044,2025-08-02 10:39:57 UTC,false,16270,CFOP,Gan12uiM,Gan 12 UI Maglev,Gan 356i,RandomForest,false,false,9918,16270,,D[0] F[136] F[258] B'[717] L[797] U[1402] R'[1684] U[1861] R[3021] D'[3134] R'[3239] D[3352] R'[3529] D'[3609] R[3755] D'[3852] R'[3972] D[4053] R[4125] R[4544] D[4690] R'[4786] D'[5008] D[5564] B'[6611] D[6828] B[7038] D'[7481] L[7771] L[7852] B'[7924] L'[8061] B[8295] L'[8424] D[9174] B[9737] D[9826] B'[9959] D[10007] B[10079] D'[10120] B'[10200] D'[10684] D'[10821] R[11328] D'[11417] R'[11514] D[11594] B'[11933] D'[12029] B[12070] D[12553] D[12932] F'[13102] B[13254] B[13335] R[13415] B'[13520] R[13593] B[13713] R'[13754] R'[13818] B'[13963] R[14036] F[14245] B'[14248] D[14720] D[14970] F[15115] B'[15116] B'[15116] F[15252] U[15437] B[15526] F'[15558] L[15695] L[15783] F[15928] B'[15945] U[16041] F[16187] B'[16195] F[16267] B'[16270],,,gan12,custom_rules,F' R U' F' D B R F U' B L2 U B2 L2 U F2 U R2 U,random_state,custom_rules,,,,8,DB,0,0,16270,66,72,84,4.06,6208,10062,"",0,Cross,z2 U F2 B' R D L' D,z2[0] U[0] F2[258] B'[717] R[797] D[1402] L'[1684] D[1861],false,true,1861,0,1861,1861,7,7,8,3.76,F2L Slot 1,L U' L' U L' U' L U' L' U L,L[3021] U'[3134] L'[3239] U[3352] L'[3529] U'[3609] L[3755] U'[3852] L'[3972] U[4053] L[4125],false,true,2264,1160,1104,4125,11,11,11,9.96,F2L Slot 2,L U L' U' U B' U B U' R2 B' R' B R',L[4544] U[4690] L'[4786] U'[5008] U[5564] B'[6611] U[6828] B[7038] U'[7481] R2[7852] B'[7924] R'[8061] B[8295] R'[8424],false,true,4299,419,3880,8424,14,14,15,3.61,F2L Slot 3,U B U B' U B U' B',U[9174] B[9737] U[9826] B'[9959] U[10007] B[10079] U'[10120] B'[10200],false,true,1776,1313,463,10200,8,8,8,17.28,F2L Slot 4,U2' L U' L' U B' U' B,U2'[10821] L[11328] U'[11417] L'[11514] U[11594] B'[11933] U'[12029] B[12070],false,true,1870,1128,742,12070,8,8,9,10.78,OLL,U2 S B U B' U B U2' B' U S',U2[12932] S[13254] B[13335] U[13415] B'[13520] U[13593] B[13713] U2'[13818] B'[13963] U[14036] S'[14248],false,true,2178,1184,994,14248,11,13,15,11.07,PLL,U2 S2' U S U2 S' U S2',U2[14970] S2'[15252] U[15437] S[15558] U2[15783] S'[15945] U[16041] S2'[16270],false,true,2022,1004,1018,16270,8,12,18,7.86,,,,,,,,,,,,,,,,,,,,,,,,,,
a26de79f-1f52-4b89-b87e-122de3cdf3c1,2025-08-02 10:40:46 UTC,false,19441,CFOP,Gan12uiM,Gan 12 UI Maglev,Gan 356i,RandomForest,false,false,18874,19441,,B[0] B[80] U[451] U'[862] U'[1103] F'[1362] F[1804] D'[1885] F'[2022] F'[2024] D[2024] F[2312] R[3110] D'[3432] R'[3569] B[4608] R'[4665] B'[4770] D[5750] D[5943] R'[6379] B[6451] B[6532] R[6652] D[7804] F'[8231] D[8295] F[8409] D[8586] B[8755] D[8884] B'[8940] D[9850] L[10535] D'[10632] L'[10777] D'[10921] R'[11050] D'[11155] R[11268] D[12018] L[12339] D'[12412] D'[12477] L'[12613] D[12694] D[12798] L[12863] D'[12952] L'[13298] D[13652] D'[13991] R'[14474] D'[14611] R[14716] D'[14821] R'[14918] D[15006] R[15111] D[15216] R[15337] F'[15417] R'[15489] F[15667] D'[16630] D'[17306] L[17685] D'[17798] L'[17886] D'[18031] L[18160] D[18233] L[18353] U[18442] L'[18507] D'[18660] L[18797] U'[18877] L'[19022] D[19103] D[19200] L'[19304] D[19441],,,gan12,custom_rules,F2 L2 F L U L F D' R F2 L2 U2 F2 R2 U' L2 F2 L2 D' F2 R2,random_state,custom_rules,,,,8,DB,0,0,19441,74,74,83,3.81,7439,11922,"",1,Cross,z2 B2 D D2' F' F U' F2' U F L U' L' B L' B' U2 L' B2 L,z2[40] B2[80] D[451] D2'[1103] F'[1362] F[1804] U'[1885] F2'[2024] U[2024] F[2312] L[3110] U'[3432] L'[3569] B[4608] L'[4665] B'[4770] U2[5943] L'[6379] B2[6532] L[6652],false,true,6572,0,6572,6652,19,19,24,2.89,F2L Slot 1,,"",true,false,0,0,0,6652,0,0,0,0,F2L Slot 2,U F' U F U B U B',U[7804] F'[8231] U[8295] F[8409] U[8586] B[8755] U[8884] B'[8940],false,true,2288,1579,709,8940,8,8,8,11.28,F2L Slot 3,U R U' R' U' L' U' L,U[9850] R[10535] U'[10632] R'[10777] U'[10921] L'[11050] U'[11155] L[11268],false,true,2328,1595,733,11268,8,8,8,10.91,F2L Slot 4,U R U2' R' U2 R U' R',U[12018] R[12339] U2'[12477] R'[12613] U2[12798] R[12863] U'[12952] R'[13298],false,true,2030,1071,959,13298,8,8,10,8.34,OLL,U U' L' U' L U' L' U L U L F' L' F,U[13652] U'[13991] L'[14474] U'[14611] L[14716] U'[14821] L'[14918] U[15006] L[15111] U[15216] L[15337] F'[15417] L'[15489] F[15667],false,true,2369,1176,1193,15667,14,14,14,11.74,PLL,U2' R U' R' U' R U R D R' U' R D' R' U2 R' U,U2'[17306] R[17685] U'[17798] R'[17886] U'[18031] R[18160] U[18233] R[18353] D[18442] R'[18507] U'[18660] R[18797] D'[18877] R'[19022] U2[19200] R'[19304] U[19441],false,true,3774,2018,1756,19441,17,17,19,9.68,,,,,,,,,,,,,,,,,,,,,,,,,,
26d729c1-a06a-49c6-bae9-451f15ac06d3,2025-08-02 10:41:33 UTC,false,16424,CFOP,Gan12uiM,Gan 12 UI Maglev,Gan 356i,RandomForest,false,false,16770,16424,,B[0] R'[274] L[637] B'[766] U[1233] B'[1701] U[2015] U[2111] D'[2498] R'[2668] D[2764] R[2829] R[3256] D[3385] R'[3465] D[4360] D[4932] D[5058] D[5332] F'[5718] D[5783] F[5920] D[6041] L'[6807] D[7104] L[7266] D'[7693] D[8386] D[8474] D[8909] F'[9151] D[9256] D[9336] F[9481] D'[9683] F'[9796] D'[9981] F[10085] D'[10166] F'[10246] D[10310] F[10472] D'[11422] R[11785] D'[11825] D'[11914] R'[12043] D[12099] R[12164] D'[12228] R'[12277] D'[12679] R'[13090] B'[13179] L[13388] B'[13461] L'[14033] B[14138] B[14251] R[14363] R'[15360] B[15441] R'[15546] F[15603] F[15804] R[15933] B'[15981] R'[16078] F[16118] F[16311] R[16368] R[16424],,,gan12,custom_rules,R F' R2 L' D' B' R' D' L' B2 R2 D R2 D L2 D' F2 R2 B2 R2 U B2,random_state,custom_rules,,,,8,DB,0,0,16424,59,59,72,3.59,5992,10432,"",0,Cross,z2 B L' R B' D B' D2,z2[0] B[0] L'[274] R[637] B'[766] D[1233] B'[1701] D2[2111],false,true,2111,0,2111,2111,7,7,8,3.32,F2L Slot 1,U' L' U L,U'[2498] L'[2668] U[2764] L[2829],false,true,718,557,161,2829,4,4,4,24.84,F2L Slot 2,L U L' U4 F' U F U R' U R,L[3256] U[3385] L'[3465] U4[5332] F'[5718] U[5783] F[5920] U[6041] R'[6807] U[7104] R[7266],false,true,4437,427,4010,7266,11,11,14,2.74,F2L Slot 3,U' U3 F' U2 F U' F' U' F U' F' U F,U'[7693] U3[8909] F'[9151] U2[9336] F[9481] U'[9683] F'[9796] U'[9981] F[10085] U'[10166] F'[10246] U[10310] F[10472],false,true,3206,1885,1321,10472,13,13,16,9.84,F2L Slot 4,U' L U2' L' U L U' L',U'[11422] L[11785] U2'[11914] L'[12043] U[12099] L[12164] U'[12228] L'[12277],false,true,1805,1313,492,12277,8,8,9,16.26,OLL,U' L' B' R B' R' B2 L,U'[12679] L'[13090] B'[13179] R[13388] B'[13461] R'[14033] B2[14251] L[14363],false,true,2086,813,1273,14363,8,8,9,6.28,PLL,L' B L' F2 L B' L' F2 L2,L'[15360] B[15441] L'[15546] F2[15804] L[15933] B'[15981] L'[16078] F2[16311] L2[16424],false,true,2061,997,1064,16424,9,9,12,8.46,,,,,,,,,,,,,,,,,,,,,,,,,,
0925610a-a7c6-4032-8a16-940421884331,2025-08-02 10:42:09 UTC,false,15874,CFOP,Gan12uiM,Gan 12 UI Maglev,Gan 356i,RandomForest,false,false,10825,15874,,R'[0] U'[128] R'[306] F[386] L'[1522] B[1603] L[1669] L[1781] U[1925] L'[2038] D[2409] D[2739] L[3022] U'[3102] L'[3150] U[4866] R[5313] U'[5797] R'[5902] U'[6047] F[6981] U'[7150] F'[7303] U[8045] D[8657] U[8915] B[9020] U'[9076] B'[9149] D'[9415] U'[9866] B[10099] U'[10172] B'[10252] U'[10377] U[10659] B'[10757] R[10894] B[10998] R'[11038] U[11280] B[11368] U'[11417] B'[11505] U'[11916] B[12206] U[12287] B'[12367] U'[12424] B'[12537] R[12585] B[12666] B[12722] U[12795] B'[12875] U'[12948] R'[13431] U'[14293] F[14591] B'[14592] F[14728] B'[14731] D[14731] B[15035] F'[15067] R[15188] R[15276] F[15406] B'[15414] D[15551] F[15648] B'[15656] F[15712] B'[15720] U[15802] U[15874],,,gan12,custom_rules,F R2 L D' L' B2 R F U2 R B2 U R2 D' B2 U2 R2 B2 L2 B2 R2 U',random_state,custom_rules,,,,8,UF,0,0,15874,63,67,76,3.97,6485,9389,"",0,Cross,R' U' R' F L' B L2 U L' D2,R'[0] U'[128] R'[306] F[386] L'[1522] B[1603] L2[1781] U[1925] L'[2038] D2[2739],false,true,2739,0,2739,2739,10,10,12,3.65,F2L Slot 1,L U' L',L[3022] U'[3102] L'[3150],false,true,411,283,128,3150,3,3,3,23.44,F2L Slot 2,U R U' R' U' F U' F',U[4866] R[5313] U'[5797] R'[5902] U'[6047] F[6981] U'[7150] F'[7303],false,true,4153,2163,1990,7303,8,8,8,4.02,F2L Slot 3,U D U B U' B' D',U[8045] D[8657] U[8915] B[9020] U'[9076] B'[9149] D'[9415],false,true,2112,1354,758,9415,7,7,7,9.23,F2L Slot 4,U' B U' B' U' U B' R B R' U B U' B',U'[9866] B[10099] U'[10172] B'[10252] U'[10377] U[10659] B'[10757] R[10894] B[10998] R'[11038] U[11280] B[11368] U'[11417] B'[11505],false,true,2090,684,1406,11505,14,14,14,9.96,OLL,U' B U B' U' B' R B2 U B' U' R',U'[11916] B[12206] U[12287] B'[12367] U'[12424] B'[12537] R[12585] B2[12722] U[12795] B'[12875] U'[12948] R'[13431],false,true,1926,701,1225,13431,12,12,13,9.8,PLL,U' S2' U S U2 S' U S2' U2,U'[14293] S2'[14731] U[14731] S[15067] U2[15276] S'[15414] U[15551] S2'[15720] U2[15874],false,true,2443,1300,1143,15874,9,13,19,7.87,,,,,,,,,,,,,,,,,,,,,,,,,,
94966e64-3306-437c-b0d4-7268d58f9b5e,2025-08-02 10:42:46 UTC,false,20922,CFOP,Gan12uiM,Gan 12 UI Maglev,Gan 356i,RandomForest,false,false,7155,20922,,U'[0] D[2] F[2] R'[749] L'[1481] B[1570] L[1707] F'[2787] U[3166] F'[3367] U'[5935] F'[6443] U[6596] U[6783] F[7047] U'[7168] U'[7273] L'[7765] U'[7894] L[8039] U[8675] R[8958] U[9078] R'[9207] U[9312] R[9441] U'[9570] R'[9739] U[10634] R'[10851] U[11024] U[11153] R[11452] R'[12129] U[12266] U[12426] R[12628] U[12748] R'[12853] U'[12958] R[13071] U'[13796] L[13933] U[14457] L'[14570] U[14635] U[14740] L[14812] U'[14884] L'[14956] U'[15424] U'[15918] L[16062] U[16199] L'[16279] U[16417] L[16642] U'[16779] L'[16877] U'[17021] L'[17198] B[17278] L[17416] B'[17521] U'[18247] U[18416] U[18616] U[19261] L'[19575] B[19858] L'[19938] F[20003] F[20204] L[20301] B'[20349] L'[20454] F[20486] F[20688] L[20776] L[20833] U'[20922],,,gan12,custom_rules,U2 B' R' F U D B2 R' B D2 R2 D' F2 L2 D F2 D' B2 D' B2 D2,random_state,custom_rules,,,,8,UF,0,0,20922,69,70,81,3.3,9129,11791,"",0,Cross,E' L F' B' R B L' U L',E'[2] L[2] F'[749] B'[1481] R[1570] B[1707] L'[2787] U[3166] L'[3367],false,true,3365,0,3365,3367,9,10,10,2.67,F2L Slot 1,U' L' U2 L U2' B' U' B,U'[5935] L'[6443] U2[6783] L[7047] U2'[7273] B'[7765] U'[7894] B[8039],false,true,4672,3076,1596,8039,8,8,10,5.01,F2L Slot 2,U F U F' U F U' F',U[8675] F[8958] U[9078] F'[9207] U[9312] F[9441] U'[9570] F'[9739],false,true,1700,919,781,9739,8,8,8,10.24,F2L Slot 3,U F' U2 F F' U2 F U F' U' F,U[10634] F'[10851] U2[11153] F[11452] F'[12129] U2[12426] F[12628] U[12748] F'[12853] U'[12958] F[13071],false,true,3332,1112,2220,13071,11,11,13,4.95,F2L Slot 4,U' B U B' U2 B U' B',U'[13796] B[13933] U[14457] B'[14570] U2[14740] B[14812] U'[14884] B'[14956],false,true,1885,862,1023,14956,8,8,9,7.82,OLL,U2' B U B' U B U' B' U' B' R B R',U2'[15918] B[16062] U[16199] B'[16279] U[16417] B[16642] U'[16779] B'[16877] U'[17021] B'[17198] R[17278] B[17416] R'[17521],false,true,2565,1106,1459,17521,13,13,14,8.91,PLL,U' U3 B' R B' L2 B R' B' L2 B2 U',U'[18247] U3[19261] B'[19575] R[19858] B'[19938] L2[20204] B[20301] R'[20349] B'[20454] L2[20688] B2[20833] U'[20922],false,true,3401,2054,1347,20922,12,12,17,8.91,,,,,,,,,,,,,,,,,,,,,,,,,,
d339feb6-8cff-4445-b8d2-c1177058648e,2025-08-02 10:43:23 UTC,false,17074,CFOP,Gan12uiM,Gan 12 UI Maglev,Gan 356i,RandomForest,false,false,8734,17074,,U[0] R'[451] B[581] R[702] R[782] U'[1217] L'[1580] F[1733] F'[2087] L[2185] D[2466] F'[2990] R[3054] F[3175] D'[3763] F[3949] D'[4038] D'[4110] F'[4223] D[4312] D[4408] B'[4618] D'[4722] B[4843] F[6049] D'[6114] F'[6187] D'[6613] B[7170] D[7363] D[7508] B'[7661] D[7790] B[7935] D'[8048] B'[8169] F[8983] D'[9055] D'[9152] F'[9256] D[9313] F[9361] D'[9417] F'[9490] D[10949] D[11329] L[11417] D[11538] L'[11643] D'[11732] F[12006] L'[12118] F'[12207] L[12296] D'[12683] D'[12852] R[13110] F[13255] L'[13537] F'[13722] L[13996] R'[14109] D[14238] L[14343] D'[14407] L'[14463] D[15197] D[15277] L[15632] L[15745] D[15858] L'[16019] D[16051] L'[16123] D'[16188] L[16325] D'[16406] L[16486] L[16559] D'[16640] U[16648] L'[16760] D[16809] L[16873] U'[16962] D[17074],,,gan12,custom_rules,U D' R2 L' F' R' U' L B' R L2 B' U2 F2 U2 D R2 F2 D B2 R2 L2,random_state,custom_rules,,,,8,DB,0,0,17074,73,76,86,4.28,6817,10257,"",0,Cross,z2 D L' B L2 D' R' F F' R U F' L F,z2[0] D[0] L'[451] B[581] L2[782] D'[1217] R'[1580] F[1733] F'[2087] R[2185] U[2466] F'[2990] L[3054] F[3175],false,true,3175,0,3175,3175,13,13,14,4.09,F2L Slot 1,U' F U2' F' U2 B' U' B,U'[3763] F[3949] U2'[4110] F'[4223] U2[4408] B'[4618] U'[4722] B[4843],false,true,1668,774,894,4843,8,8,10,8.95,F2L Slot 2,F U' F' U' B U2 B' U B U' B',F[6049] U'[6114] F'[6187] U'[6613] B[7170] U2[7508] B'[7661] U[7790] B[7935] U'[8048] B'[8169],false,true,3326,1206,2120,8169,11,11,12,5.19,F2L Slot 3,F U2' F' U F U' F',F[8983] U2'[9152] F'[9256] U[9313] F[9361] U'[9417] F'[9490],false,true,1321,814,507,9490,7,7,8,13.81,F2L Slot 4,U2 R U R' U' F R' F' R,U2[11329] R[11417] U[11538] R'[11643] U'[11732] F[12006] R'[12118] F'[12207] R[12296],false,true,2806,1927,879,12296,9,9,10,10.24,OLL,U2' L F R' F' M F R F' R' x,U2'[12852] L[13110] F[13255] R'[13537] F'[13722] M[14109] F[14238] R[14343] F'[14407] R'[14463] x[14830],false,true,2167,814,1353,14463,10,11,12,7.39,PLL,U2 R2 U R' U R' U' R U' R2 E' F' U F E,U2[15277] R2[15745] U[15858] R'[16019] U[16051] R'[16123] U'[16188] R[16325] U'[16406] R2[16559] E'[16648] F'[16760] U[16809] F[16873] E[17074],false,true,2611,1282,1329,17074,15,17,20,11.29,,,,,,,,,,,,,,,,,,,,,,,,,,
e967fdea-a087-4c12-96d3-6a078a484f37,2025-08-02 10:43:58 UTC,false,13842,CFOP,Gan12uiM,Gan 12 UI Maglev,Gan 356i,RandomForest,false,false,11804,13842,,D'[0] F'[105] U[314] R[524] U[733] D[1071] R[1741] R[1805] D[2740] D[3191] D[3272] B[3569] D'[3714] B'[3868] D'[4303] F[4449] D'[4537] F'[4633] D[4698] F[4802] D[4939] F'[5049] D[6024] D'[6169] L[6588] D'[6660] L'[6757] R[6967] D'[7087] R'[7209] D'[7450] L[7789] D[8135] L'[8256] D'[8659] D[9062] R'[9247] B[9570] R[9691] R[9771] F'[9819] R'[9933] R'[9981] B'[10085] R[10151] R[10224] F[10321] R'[10434] D'[11401] D'[11497] R[11803] L'[11941] L'[12029] U[12077] L[12150] U'[12214] L[12351] F'[12472] F'[12537] R'[12658] D[12706] R[12811] F'[12859] F'[12972] F'[13318] F[13633] R'[13770] D'[13842],,,gan12,custom_rules,D R B' U R L F' R2 D' R F2 U' L2 U L2 D2 R2 B2 U2 D' B2,random_state,custom_rules,,,,8,DB,0,0,13842,56,58,68,4.05,6962,6880,"",0,Cross,z2 U' F' D L D U L2,z2[0] U'[0] F'[105] D[314] L[524] D[733] U[1071] L2[1805],false,true,1805,0,1805,1805,7,7,8,3.88,F2L Slot 1,U3 B U' B',U3[3272] B[3569] U'[3714] B'[3868],false,true,2063,1764,299,3868,4,4,6,13.38,F2L Slot 2,U' F U' F' U F U F',U'[4303] F[4449] U'[4537] F'[4633] U[4698] F[4802] U[4939] F'[5049],false,true,1181,581,600,5049,8,8,8,13.33,F2L Slot 3,U U' R U' M' B' L' x',U[6024] U'[6169] R[6588] U'[6660] M'[6967] B'[7087] L'[7209] x'[7329],false,true,2160,1539,621,7209,7,8,8,11.27,F2L Slot 4,U' R U R',U'[7450] R[7789] U[8135] R'[8256],false,true,1047,580,467,8256,4,4,4,8.57,OLL,U' U L' B L2 F' L2' B' L2 F L',U'[8659] U[9062] L'[9247] B[9570] L2[9771] F'[9819] L2'[9981] B'[10085] L2[10224] F[10321] L'[10434],false,true,2178,991,1187,10434,11,11,14,9.27,PLL,U2' M' R' F R F' R U2' L' B L U3' U L' B',U2'[11497] M'[11941] R'[12029] F[12077] R[12150] F'[12214] R[12351] U2'[12537] L'[12658] B[12706] L[12811] U3'[13318] U[13633] L'[13770] B'[13842],false,true,3408,1507,1901,13842,15,16,20,7.89,,,,,,,,,,,,,,,,,,,,,,,,,,
48c7d197-0703-4370-9510-027f364793f1,2025-08-02 10:46:17 UTC,false,17466,CFOP,Gan12uiM,Gan 12 UI Maglev,Gan 356i,RandomForest,false,false,22306,17466,,L[0] L[72] F'[161] D[580] D[676] L[854] U'[2038] U'[2651] F'[3037] U'[3166] F[3255] U[3368] L[3625] U[3771] L'[3883] U'[4673] U[5065] F[5275] U'[5806] F'[5944] U[6105] U[6185] F[6386] U'[6556] F'[6725] U[7587] F'[7813] U[7901] F[8038] U[8304] U[8481] R'[8900] U'[9013] R[9126] U[10176] R[10700] U[10789] R'[10893] U[10934] R[11014] U[11111] R'[11143] U[11691] U[11989] F'[12231] B[12247] U[12360] L[12464] U'[12553] L'[12594] U'[12690] F[12747] U[12819] B'[12891] R'[13842] F[13891] R'[14019] B[14092] B[14293] R[14382] F'[14431] R'[14527] B[14567] B[14728] R[14795] R[14851] U[15050] U'[15467] U[15895] R[16145] U[16250] R'[16330] F'[16500] R[16677] U[16831] R'[16911] U'[16999] R'[17104] F[17152] R[17232] R[17304] U'[17345] R'[17434] U[17466],,,gan12,custom_rules,L U' D2 B' D' R U F2 D' B L2 U R2 U F2 L2 D R2 U2 R2 F2 D',random_state,custom_rules,,,,8,UF,0,0,17466,73,74,84,4.18,8292,9102,"",0,Cross,L2 F' D2 L,L2[72] F'[161] D2[676] L[854],false,true,782,0,782,854,4,4,6,5.12,F2L Slot 1,U2' F' U' F U L U L',U2'[2651] F'[3037] U'[3166] F[3255] U[3368] L[3625] U[3771] L'[3883],false,true,3029,2183,846,3883,8,8,9,9.46,F2L Slot 2,U' U F U' F' U2 F U' F',U'[4673] U[5065] F[5275] U'[5806] F'[5944] U2[6185] F[6386] U'[6556] F'[6725],false,true,2842,1392,1450,6725,9,9,10,6.21,F2L Slot 3,U F' U F U2 R' U' R,U[7587] F'[7813] U[7901] F[8038] U2[8481] R'[8900] U'[9013] R[9126],false,true,2401,1088,1313,9126,8,8,9,6.09,F2L Slot 4,U R U R' U R U R',U[10176] R[10700] U[10789] R'[10893] U[10934] R[11014] U[11111] R'[11143],false,true,2017,1574,443,11143,8,8,8,18.06,OLL,U2 S R U R' U' R' F R B' z',U2[11989] S[12247] R[12360] U[12464] R'[12553] U'[12594] R'[12690] F[12747] R[12819] B'[12891] z'[13366],false,true,1748,1104,644,12891,10,11,12,15.53,PLL,R' F R' B2 R F' R' B2 R2 U U' U R U R' F' R U R' U' R' F R2 U' R' U,R'[13842] F[13891] R'[14019] B2[14293] R[14382] F'[14431] R'[14527] B2[14728] R2[14851] U[15050] U'[15467] U[15895] R[16145] U[16250] R'[16330] F'[16500] R[16677] U[16831] R'[16911] U'[16999] R'[17104] F[17152] R2[17304] U'[17345] R'[17434] U[17466],false,true,4575,951,3624,17466,26,26,30,7.17,,,,,,,,,,,,,,,,,,,,,,,,,,
1a34853e-8963-43db-9693-cfe9942e58ee,2025-08-02 10:47:24 UTC,false,36205,CFOP,Gan12uiM,Gan 12 UI Maglev,Gan 356i,RandomForest,false,false,11451,36205,,U'[0] B[161] D'[298] F[652] F[733] L'[1329] U[1506] D'[2207] B'[2312] B'[3142] D[3231] B[3319] D'[3432] B'[3521] D'[3658] B[3722] D'[5363] D'[5476] B[5669] D[5831] B'[5936] D'[6234] L[6556] D'[6686] L'[6814] D[7652] D[7741] L'[7974] D'[8054] L[8208] D'[8530] R'[8788] D'[8934] R[9014] B[10045] D'[10109] D'[10206] B'[10343] D[10401] B[10466] D'[10554] B'[10868] D[11166] D[11351] F'[11803] D'[11907] F[12060] D'[12181] F'[12294] D[12351] F[12496] D[12592] F[12746] L'[12794] F'[12890] L[13019] D'[14035] D[14163] F[14631] B'[14768] B'[14840] U[14913] B[15098] U'[15584] B[15760] B'[15979] F[16171] U'[16300] U'[16808] F'[17034] L[17114] F[17251] U'[17307] U'[17388] F'[17533] F[18734] U[19064] U[19330] F'[19475] F[20064] B'[20065] U'[20313] B[20611] F'[20659] B[21763] F'[21771] D'[22351] D'[22705] F[22931] B'[22947] L[23052] B[23205] F'[23229] B[23785] F'[23809] R[24083] F[25010] B'[25013] D'[25373] B[25582] F'[25598] R[25852] R[25964] F[26133] B'[26141] D[28155] B[28316] D'[28373] D'[28445] B'[28582] D[28638] L'[29210] L[29372] D'[29437] L'[29670] L[29936] D[30758] L'[30854] D'[30951] L[31032] D[31378] D[31507] D'[31797] L'[31967] D'[32063] F'[32257] D[32345] F[32499] L[32596] R[33804] R'[34384] L'[34730] L'[34828] B[34997] B[35174] L[35360] F[35465] L'[35513] B[35577] B[35778] L[35964] F'[36028] L[36117] D[36205],,,gan12,custom_rules,D' B U L' F R' U2 B2 R U F2 D' F2 D F2 U L2 U L2 F2 R2,random_state,custom_rules,,,,8,DB,0,0,36205,117,127,144,3.23,7652,28553,"",0,Cross,z2 D' B U' F2 R' D U' B',z2[0] D'[0] B[161] U'[298] F2[733] R'[1329] D[1506] U'[2207] B'[2312],false,true,2312,0,2312,2312,8,8,9,3.46,F2L Slot 1,B' U B U' B' U' B,B'[3142] U[3231] B[3319] U'[3432] B'[3521] U'[3658] B[3722],false,true,1410,830,580,3722,7,7,7,12.07,F2L Slot 2,U2' B U B' U' R U' R',U2'[5476] B[5669] U[5831] B'[5936] U'[6234] R[6556] U'[6686] R'[6814],false,true,3092,1947,1145,6814,8,8,9,6.99,F2L Slot 3,U2 R' U' R U' L' U' L,U2[7741] R'[7974] U'[8054] R[8208] U'[8530] L'[8788] U'[8934] L[9014],false,true,2200,1160,1040,9014,8,8,9,7.69,F2L Slot 4,B U2' B' U B U' B',B[10045] U2'[10206] B'[10343] U[10401] B[10466] U'[10554] B'[10868],false,true,1854,1031,823,10868,7,7,8,8.51,OLL,U2 F' U' F U' F' U F U F R' F' R,U2[11351] F'[11803] U'[11907] F[12060] U'[12181] F'[12294] U[12351] F[12496] U[12592] F[12746] R'[12794] F'[12890] R[13019],false,true,2151,935,1216,13019,13,13,14,10.69,PLL,U' U S' B' R B R' B S' U2' F' L F U2' F' F U2 F' S' L' S S L2' S' L S2 L S' L' S L2 S' L B L2' B' L U' U L' U' U L U' L' U L2 L' U' L' F' L F U D D' U2' B2 U F U' B2 U F' U L,U'[14035] U[14163] S'[14768] B'[14840] R[14913] B[15098] R'[15584] B[15760] S'[16171] U2'[16808] F'[17034] L[17114] F[17251] U2'[17388] F'[17533] F[18734] U2[19330] F'[19475] S'[20065] L'[20313] S[20659] S[21771] L2'[22705] S'[22947] L[23052] S2[23809] L[24083] S'[25013] L'[25373] S[25598] L2[25964] S'[26141] L[28155] B[28316] L2'[28445] B'[28582] L[28638] U'[29210] U[29372] L'[29437] U'[29670] U[29936] L[30758] U'[30854] L'[30951] U[31032] L2[31507] L'[31797] U'[31967] L'[32063] F'[32257] L[32345] F[32499] U[32596] D[33804] D'[34384] U2'[34828] B2[35174] U[35360] F[35465] U'[35513] B2[35778] U[35964] F'[36028] U[36117] L[36205],false,true,23186,1749,21437,36205,66,76,88,3.08,,,,,,,,,,,,,,,,,,,,,,,,,,
1ad8b8ea-93d2-4032-8993-1fab273b3369,2025-08-02 10:48:00 UTC,false,18203,CFOP,Gan12uiM,Gan 12 UI Maglev,Gan 356i,RandomForest,false,false,6366,18203,,D'[0] U'[32] R[242] U'[653] R[1160] U[2700] U[2772] R'[3457] U[3957] U[4029] D'[5187] D'[5275] R[5574] D[5678] D'[5952] D'[6146] R'[6291] D'[6436] B[6735] D'[6823] B'[6943] F'[7523] D'[8200] F[8386] D'[8507] D'[8580] F'[8724] D[8934] D'[9256] F'[9490] D'[9594] F[9675] D'[10062] F[10569] D'[10642] D'[10739] F'[10844] D[10941] D[11070] R[11329] D[11546] R'[11706] R[12044] F'[12263] R'[12319] F[12423] D[12922] D'[13148] R[13567] F'[13682] R'[13794] F[14067] D[14366] D[14454] F[14566] D'[14647] F'[14777] D[14833] F[14906] D'[14971] D'[15104] F'[15176] D'[16011] D'[16221] R[16455] F[16583] D'[16664] F'[16801] D'[16930] F[17035] D[17147] F'[17188] R'[17333] F[17454] D[17542] F'[17583] D'[17655] F'[17825] R[17874] F[17970] R'[18026] D'[18203],,,gan12,custom_rules,U R' U F2 B' R2 U' L' F2 L D2 F2 U' L2 B2 U' B2 U F2 R2 F2 B2,random_state,custom_rules,,,,8,DB,0,0,18203,72,72,82,3.96,4518,13685,"",1,Cross,z2 U' D' L D' L D2 L' D2 U2' L U U2' L' U' B U' B' F',z2[0] U'[0] D'[32] L[242] D'[653] L[1160] D2[2772] L'[3457] D2[4029] U2'[5275] L[5574] U[5678] U2'[6146] L'[6291] U'[6436] B[6735] U'[6823] B'[6943] F'[7523],false,true,7523,0,7523,7523,18,18,22,2.39,F2L Slot 1,,"",true,false,0,0,0,7523,0,0,0,0,F2L Slot 2,U' F U2' F' U U' F' U' F,U'[8200] F[8386] U2'[8580] F'[8724] U[8934] U'[9256] F'[9490] U'[9594] F[9675],false,true,2152,863,1289,9675,9,9,10,6.98,F2L Slot 3,U' F U2' F' U2 L U L',U'[10062] F[10569] U2'[10739] F'[10844] U2[11070] L[11329] U[11546] L'[11706],false,true,2031,894,1137,11706,8,8,10,7.04,F2L Slot 4,L F' L' F,L[12044] F'[12263] L'[12319] F[12423],false,true,717,338,379,12423,4,4,4,10.55,OLL,U U' L F' L' F U2 F U' F' U F U2' F',U[12922] U'[13148] L[13567] F'[13682] L'[13794] F[14067] U2[14454] F[14566] U'[14647] F'[14777] U[14833] F[14906] U2'[15104] F'[15176],false,true,2753,1144,1609,15176,14,14,16,8.7,PLL,U2' L F U' F' U' F U F' L' F U F' U' F' L F L' U',U2'[16221] L[16455] F[16583] U'[16664] F'[16801] U'[16930] F[17035] U[17147] F'[17188] L'[17333] F[17454] U[17542] F'[17583] U'[17655] F'[17825] L[17874] F[17970] L'[18026] U'[18203],false,true,3027,1279,1748,18203,19,19,20,10.87,,,,,,,,,,,,,,,,,,,,,,,,,,
1c51808d-b82c-43f1-839c-cd597f3ff26e,2025-08-02 10:48:33 UTC,false,16276,CFOP,Gan12uiM,Gan 12 UI Maglev,Gan 356i,RandomForest,false,false,7771,16276,,U[0] D[48] F[366] R'[638] U[1000] R[1104] B'[1241] R'[1395] U[1919] L[2676] U[2797] L'[2886] F[5950] U[6103] F'[6256] U[6361] F[6490] U'[6554] F'[6636] U[7377] B[7844] U[7933] U[8207] B'[8303] U'[8513] D[8682] B[8997] U[9085] B'[9158] D'[9319] U[10383] B[10552] U'[10616] U'[10681] B'[10778] U'[10922] B[11044] U[11124] B'[11181] U[11608] F[11914] R[12067] B'[12148] R'[12277] B[12567] F'[12623] U[12760] B[12849] U'[12897] B'[12978] U'[13751] U'[13840] F[14122] F'[14396] F[14831] B'[14977] B'[15049] D[15105] B[15210] D'[15282] B[15428] R'[15540] R'[15613] F'[15734] U[15798] F[15911] R'[15944] R'[16016] F'[16138] U[16187] U[16276],,,gan12,custom_rules,R F R' F R' F' U' B R D R2 U R2 D2 B2 U' L2 D L2 D2 F2 L2,random_state,custom_rules,,,,8,UF,0,0,16276,62,65,71,3.81,8663,7613,"",0,Cross,U D F R' U R B' R',U[0] D[48] F[366] R'[638] U[1000] R[1104] B'[1241] R'[1395],false,true,1395,0,1395,1395,8,8,8,5.73,F2L Slot 1,U L U L',U[1919] L[2676] U[2797] L'[2886],false,true,1491,1281,210,2886,4,4,4,19.05,F2L Slot 2,F U F' U F U' F',F[5950] U[6103] F'[6256] U[6361] F[6490] U'[6554] F'[6636],false,true,3750,3064,686,6636,7,7,7,10.2,F2L Slot 3,U B U2 B' E' R U R' D',U[7377] B[7844] U2[8207] B'[8303] E'[8682] R[8997] U[9085] R'[9158] D'[9319],false,true,2683,1208,1475,9319,9,10,11,6.1,F2L Slot 4,U R U2' R' U' R U R',U[10383] R[10552] U2'[10681] R'[10778] U'[10922] R[11044] U[11124] R'[11181],false,true,1862,1233,629,11181,8,8,9,12.72,OLL,U L F R' F' M F R F' R' x,U[11608] L[11914] F[12067] R'[12148] F'[12277] M[12623] F[12760] R[12849] F'[12897] R'[12978] x[13364],false,true,1797,733,1064,12978,10,11,11,9.4,PLL,U2' L L' M' R' F R F' R U2' L' B L U2' L' B2,U2'[13840] L[14122] L'[14396] M'[14977] R'[15049] F[15105] R[15210] F'[15282] R[15428] U2'[15613] L'[15734] B[15798] L[15911] U2'[16016] L'[16138] B2[16276],false,true,3298,1144,2154,16276,16,17,21,7.43,,,,,,,,,,,,,,,,,,,,,,,,,,
151c618a-59ff-4b31-b068-0efb1657b099,2025-08-02 10:49:11 UTC,false,19549,CFOP,Gan12uiM,Gan 12 UI Maglev,Gan 356i,RandomForest,false,false,8829,19549,,F'[0] U[290] F'[508] B[798] U[1144] B'[1419] D[1515] B[1628] D[1781] D[1869] F[1982] D'[2063] F'[2136] L'[4295] D'[4424] L[4545] D'[4982] D'[5667] R[6182] F[6344] F[6449] R'[6545] D[7173] L[7673] D[7891] L'[7987] D'[8108] B'[8366] D'[8970] B[9172] L[10271] D'[10344] D'[10416] L'[10521] D[10585] L[10674] D'[10722] L'[10811] B[12140] D'[12212] B'[12317] D[12381] D[12486] L'[12849] D'[12929] L[12994] D'[13106] L'[13187] D[13259] L[13348] B[14355] D[14782] R[14927] D'[14999] R'[15072] D[15185] R[15273] D'[15360] R'[15441] B'[15610] D[16625] D[16730] D[17293] L[17446] D'[17495] L[17720] D[17801] L'[17865] U[17913] L[18042] U'[18131] L[18316] D'[18405] U[18421] L'[18542] L'[18614] D[18783] D'[18849] D[18961] L[19146] L[19219] U'[19331] L'[19500] L'[19549],,,gan12,custom_rules,U F D' R' L F D R D L' U' F2 U F2 D' B2 U L2 U' D2 B2 U,random_state,custom_rules,,,,8,DB,0,0,19549,72,74,84,3.68,6399,13150,"",1,Cross,z F' R S D B' U B U2 F U' F' R' U' R U2' L F2 L',z[0] F'[0] R[290] S[798] D[1144] B'[1419] U[1515] B[1628] U2[1869] F[1982] U'[2063] F'[2136] R'[4295] U'[4424] R[4545] U2'[5667] L[6182] F2[6449] L'[6545],false,true,6545,0,6545,6545,18,19,22,2.75,F2L Slot 1,,"",true,false,0,0,0,6545,0,0,0,0,F2L Slot 2,U R U R' U' B' U' B,U[7173] R[7673] U[7891] R'[7987] U'[8108] B'[8366] U'[8970] B[9172],false,true,2627,1128,1499,9172,8,8,8,5.34,F2L Slot 3,R U2' R' U R U' R',R[10271] U2'[10416] R'[10521] U[10585] R[10674] U'[10722] R'[10811],false,true,1639,1099,540,10811,7,7,8,12.96,F2L Slot 4,B U' B' U2 R' U' R U' R' U R,B[12140] U'[12212] B'[12317] U2[12486] R'[12849] U'[12929] R[12994] U'[13106] R'[13187] U[13259] R[13348],false,true,2537,1329,1208,13348,11,11,12,9.11,OLL,B U L U' L' U L U' L' B',B[14355] U[14782] L[14927] U'[14999] L'[15072] U[15185] L[15273] U'[15360] L'[15441] B'[15610],false,true,2262,1007,1255,15610,10,10,10,7.97,PLL,U3 R U' R U R' D R D' R E' F2' U U' U F2 D' F2',U3[17293] R[17446] U'[17495] R[17720] U[17801] R'[17865] D[17913] R[18042] D'[18131] R[18316] E'[18421] F2'[18614] U[18783] U'[18849] U[18961] F2[19219] D'[19331] F2'[19549],false,true,3939,1836,2103,19549,18,19,24,8.56,,,,,,,,,,,,,,,,,,,,,,,,,,
dba12457-12ef-4566-a05e-55a5ba04ff0b,2025-08-02 10:49:47 UTC,false,17552,CFOP,Gan12uiM,Gan 12 UI Maglev,Gan 356i,RandomForest,false,false,8380,17552,,L'[0] U'[96] D[387] R'[588] D'[750] B'[1016] B'[1330] U[2451] F[2757] U'[2990] F'[3249] U[4023] L'[4185] U'[4282] L[4403] U'[4845] L'[5068] B'[5269] R[5399] B[5552] L[5721] R'[5738] L'[6624] U[6801] L[6954] U'[7172] U'[7358] R[7688] U[7929] R'[8147] L'[8622] U[8727] L[8880] U'[9170] L[9347] U[9460] L'[9597] U[11056] F'[11242] L[11339] F[11435] L'[11484] U[11701] F[11806] U'[11879] F'[11928] R[13370] U[13644] B[13765] U'[13837] B'[13902] U[13998] B[14103] U'[14168] B'[14273] R'[14426] F[15957] U[16085] F'[16149] U'[16246] D[16248] F[16248] F[16504] U'[16568] F[16721] U'[16802] F'[16939] U[17004] F'[17124] U[17198] F[17382] F[17463] D'[17552],,,gan12,custom_rules,F U' R' F U' R U L U L2 F2 D2 F2 D' L2 B2 U' L2 F2 B2 D2,random_state,custom_rules,,,,8,UF,0,0,17552,66,69,73,3.76,7406,10146,"",0,Cross,L' E' F' D' R2',L'[0] E'[387] F'[588] D'[750] R2'[1330],false,true,1330,0,1330,1330,5,6,7,3.76,F2L Slot 1,U L U' L' U B' U' B U' B' R' F R S z',U[2451] L[2757] U'[2990] L'[3249] U[4023] B'[4185] U'[4282] B[4403] U'[4845] B'[5068] R'[5269] F[5399] R[5552] S[5738] z'[6181],false,true,4408,1427,2981,5738,14,15,15,4.7,F2L Slot 2,B' U B U2' F U F',B'[6624] U[6801] B[6954] U2'[7358] F[7688] U[7929] F'[8147],false,true,2409,886,1523,8147,7,7,8,4.6,F2L Slot 3,B' U B U' B U B',B'[8622] U[8727] B[8880] U'[9170] B[9347] U[9460] B'[9597],false,true,1450,475,975,9597,7,7,7,7.18,F2L Slot 4,U L' B L B' U L U' L',U[11056] L'[11242] B[11339] L[11435] B'[11484] U[11701] L[11806] U'[11879] L'[11928],false,true,2331,1645,686,11928,9,9,9,13.12,OLL,F U R U' R' U R U' R' F',F[13370] U[13644] R[13765] U'[13837] R'[13902] U[13998] R[14103] U'[14168] R'[14273] F'[14426],false,true,2498,1442,1056,14426,10,10,10,9.47,PLL,L U L' E' B2 U' B U' B' U B' U B2 D',L[15957] U[16085] L'[16149] E'[16248] B2[16504] U'[16568] B[16721] U'[16802] B'[16939] U[17004] B'[17124] U[17198] B2[17463] D'[17552],false,true,3126,1531,1595,17552,14,15,17,8.78,,,,,,,,,,,,,,,,,,,,,,,,,,
b90a07b1-2573-455e-8455-62a8ba16a32f,2025-08-02 10:50:26 UTC,false,19442,CFOP,Gan12uiM,Gan 12 UI Maglev,Gan 356i,RandomForest,false,false,8229,19442,,R[0] B[234] L[500] F[991] F[1047] D'[1265] R[1531] R[1676] B'[2007] D'[2135] B[2240] R[3303] D[3658] R'[3803] D'[3916] F'[4302] D'[4593] F[4706] D[5629] D[6177] F[6387] D[6524] F'[6596] D[7321] B'[7627] D[7780] B[7933] D'[8191] B[8433] R'[8562] B'[8650] R[8748] L'[9408] D'[9562] B'[9690] B[10326] L[10730] D'[10858] L'[10963] D[11044] L[11132] D'[11897] F'[12179] D[12316] B[12421] D'[12517] R'[12606] D'[12961] R[13009] D[13138] B'[13210] F[13226] D[14265] D'[14426] D'[14733] D'[14837] D[15135] R'[15385] R'[15481] U[15546] R[15772] R'[16357] U'[16824] R[17074] R[17123] U[17847] R'[18008] R'[18089] D'[18145] R[18314] D'[18362] R[18475] D[18548] R'[18685] D[18717] R[18822] R[18926] U'[19071] D[19152] R[19289] D'[19377] R'[19442],,,gan12,custom_rules,L U2 F D R' U2 L F' U F' D2 F2 D F2 L2 D2 L2 D' B2 U' L2 D,random_state,custom_rules,,,,8,DB,0,0,19442,71,73,82,3.65,7005,12437,"",0,Cross,z2 L B R F2 U' L2,z2[0] L[0] B[234] R[500] F2[1047] U'[1265] L2[1676],false,true,1676,0,1676,1676,6,6,8,3.58,F2L Slot 1,B' U' B L U L' U' F' U' F,B'[2007] U'[2135] B[2240] L[3303] U[3658] L'[3803] U'[3916] F'[4302] U'[4593] F[4706],false,true,3030,331,2699,4706,10,10,10,3.71,F2L Slot 2,U2 F U F',U2[6177] F[6387] U[6524] F'[6596],false,true,1890,1681,209,6596,4,4,5,19.14,F2L Slot 3,U B' U B U' B L' B' L,U[7321] B'[7627] U[7780] B[7933] U'[8191] B[8433] L'[8562] B'[8650] L[8748],false,true,2152,1031,1121,8748,9,9,9,8.03,F2L Slot 4,R' U' B' B R U' R' U R,R'[9408] U'[9562] B'[9690] B[10326] R[10730] U'[10858] R'[10963] U[11044] R[11132],false,true,2384,660,1724,11132,9,9,9,5.22,OLL,U' F' U B U' L' U' L U S' z,U'[11897] F'[12179] U[12316] B[12421] U'[12517] L'[12606] U'[12961] L[13009] U[13138] S'[13226] z[13745],false,true,2094,1047,1047,13226,10,11,11,9.55,PLL,U U3' U L2' D L L' D' L2 D L2' U' L U' L U L' U L2 E F U' F',U[14265] U3'[14837] U[15135] L2'[15481] D[15546] L[15772] L'[16357] D'[16824] L2[17123] D[17847] L2'[18089] U'[18145] L[18314] U'[18362] L[18475] U[18548] L'[18685] U[18717] L2[18926] E[19152] F[19289] U'[19377] F'[19442],false,true,6216,2255,3961,19442,23,24,30,5.81,,,,,,,,,,,,,,,,,,,,,,,,,,
a86648fc-dda8-4538-af06-d252ad59e752,2025-08-02 10:51:25 UTC,false,39911,CFOP,Gan12uiM,Gan 12 UI Maglev,Gan 356i,RandomForest,false,false,9554,39911,,L'[0] L'[65] D[354] R[564] R'[1015] D'[1361] L[2014] D[2812] R[3021] F'[3118] U[3545] U[3625] D'[4939] D'[5351] L'[5537] D[5617] L[5802] D'[6020] D'[6173] L[6439] D'[6511] L'[6632] D[6785] L[6930] D[7083] L'[7317] D'[8509] D'[8638] D[9387] D'[10031] F[10657] L[10801] L[10907] F'[10963] D[11720] R'[12566] R'[12759] L'[14088] F[14185] F[14290] L[14451] D'[15248] F[15410] D'[15530] F'[15611] B[15873] D'[15970] B'[16123] D'[16993] R[17395] D'[17500] R'[17733] R'[18128] D[18249] D[18337] R[18458] D'[18547] D'[18660] R'[18765] D[18845] R[18934] D'[19425] D'[19747] R[19924] F[20109] L'[20222] F[20352] L[20512] F'[20601] F'[20926] R'[21506] D[22980] L'[23285] L'[23366] D'[23446] L[23575] D'[23655] L[23785] D[23849] L'[24002] D[24050] L[24131] U'[24332] D[24429] D'[25105] U[25258] U'[25701] D[25894] L[26011] D'[26067] L'[26156] U[26284] D[27226] L'[27621] D'[27726] L[27871] D'[27951] L'[28048] D[28120] L[28217] D[29400] B'[29497] L[29650] L[29762] B[29891] B[30559] D'[30616] B'[30704] D[30777] L'[31852] D'[31940] D'[32029] L[32150] F[32424] L'[32520] F'[32632] L[32737] D'[33671] L'[34146] D'[34274] L[34387] D'[34492] L'[34572] D[34637] L[34725] D[35272] F'[35555] B[35563] D[35957] R[36110] D'[36223] R'[36287] D'[36721] F[36805] D[36894] B'[37038] D[38189] R[38382] L'[38399] R[38495] L'[38503] U'[39042] L[39115] R'[39147] F[39292] F[39380] R[39565] L'[39573] U'[39694] R[39823] L'[39831] R[39903] L'[39911],,,gan12,custom_rules,R L U D L' D' R' D' F U2 L2 U' R2 D B2 U' R2 B2 L2 B2 R2 D',random_state,custom_rules,,,,8,DB,0,0,39911,122,131,153,3.06,5476,34370,"",1,Cross,z2 R2' U L L' U' R U L F' D2 U2' R' U R U2' R U' R' U R U R' U2' U U' F R2 F' U L2' R' F2 R,z2[32] R2'[65] U[354] L[564] L'[1015] U'[1361] R[2014] U[2812] L[3021] F'[3118] D2[3625] U2'[5351] R'[5537] U[5617] R[5802] U2'[6173] R[6439] U'[6511] R'[6632] U[6785] R[6930] U[7083] R'[7317] U2'[8638] U[9387] U'[10031] F[10657] R2[10907] F'[10963] U[11720] L2'[12759] R'[14088] F2[14290] R[14451],false,true,14386,0,14386,14451,33,33,41,2.29,F2L Slot 1,,"",true,false,0,0,0,14451,0,0,0,0,F2L Slot 2,U' F U' S R' B' z',U'[15248] F[15410] U'[15530] S[15873] R'[15970] B'[16123] z'[16558],false,true,1672,959,713,16123,6,7,7,8.42,F2L Slot 3,U' L U' L',U'[16993] L[17395] U'[17500] L'[17733],false,true,1610,1272,338,17733,4,4,4,11.83,F2L Slot 4,L' U2 L U2' L' U L,L'[18128] U2[18337] L[18458] U2'[18660] L'[18765] U[18845] L[18934],false,true,1201,395,806,18934,7,7,9,8.68,OLL,U2' L F R' F R F2' L',U2'[19747] L[19924] F[20109] R'[20222] F[20352] R[20512] F2'[20926] L'[21506],false,true,2572,990,1582,21506,8,8,10,5.06,PLL,U R2' U' R U' R U R' U R E E' E B U' B' D U B' U' B U' B' U B U L' B2 L2 U' L' U B' U2' B R B' R' B U' B' U' B U' B' U B U M' B U B' U' B' R B L' B E2 B' E' B2 E B' E2,U[22980] R2'[23366] U'[23446] R[23575] U'[23655] R[23785] U[23849] R'[24002] U[24050] R[24131] E[24429] E'[25258] E[25894] B[26011] U'[26067] B'[26156] D[26284] U[27226] B'[27621] U'[27726] B[27871] U'[27951] B'[28048] U[28120] B[28217] U[29400] L'[29497] B2[29762] L2[30559] U'[30616] L'[30704] U[30777] B'[31852] U2'[32029] B[32150] R[32424] B'[32520] R'[32632] B[32737] U'[33671] B'[34146] U'[34274] B[34387] U'[34492] B'[34572] U[34637] B[34725] U[35272] M'[35563] B[35957] U[36110] B'[36223] U'[36287] B'[36721] R[36805] B[36894] L'[37038] B[38189] E2[38503] B'[39042] E'[39147] B2[39380] E[39573] B'[39694] E2[39911],false,true,18405,1860,16545,39911,65,73,82,3.93,,,,,,,,,,,,,,,,,,,,,,,,,,
b364cc93-0a24-4776-9f65-782491940356,2025-08-02 10:51:59 UTC,false,15287,CFOP,Gan12uiM,Gan 12 UI Maglev,Gan 356i,RandomForest,false,false,9156,15287,,R'[0] F[113] U[330] R'[500] R'[613] U[910] U[983] F[1369] D[2739] L[3069] D'[3174] D'[3255] L'[3383] D[3432] L[3521] D'[3577] L'[3658] D[4310] D[4431] D[4955] B'[5120] D'[5313] B[5434] D'[5555] R[5837] D[6014] R'[6175] F[6449] D'[6522] D'[6610] F'[6780] D'[6941] L'[7166] D'[7424] L[8020] D'[8487] D'[8689] F[8930] D'[8979] D'[9502] F'[9744] D[9816] R'[10209] D'[10313] R[10370] D[10862] D[11248] L'[11417] D'[11546] L[11651] D'[11788] L'[11876] D[11965] L[12118] D[12215] L[12376] B'[12432] L'[12537] B[12674] D[13624] L[13794] R'[13802] R'[14237] L[14239] U'[14239] R[14599] L'[14631] B[14752] B[14833] L[14961] R'[14970] U'[15107] R'[15206] L[15207] L[15207] R'[15287],,,gan12,custom_rules,R2 F2 L U2 B' U D F2 L B U' D R2 D R2 F2 R2 D2 F2 D',random_state,custom_rules,,,,8,DB,0,0,15287,58,62,76,3.79,6958,8329,"",0,Cross,z2 L' F D L2' D2 F,z2[0] L'[0] F[113] D[330] L2'[613] D2[983] F[1369],false,true,1369,0,1369,1369,6,6,8,4.38,F2L Slot 1,U R U2' R' U R U' R',U[2739] R[3069] U2'[3255] R'[3383] U[3432] R[3521] U'[3577] R'[3658],false,true,2289,1700,589,3658,8,8,9,13.58,F2L Slot 2,U3 B' U' B U' L U L',U3[4955] B'[5120] U'[5313] B[5434] U'[5555] L[5837] U[6014] L'[6175],false,true,2517,1462,1055,6175,8,8,10,7.58,F2L Slot 3,F U2' F' U' R' U' R,F[6449] U2'[6610] F'[6780] U'[6941] R'[7166] U'[7424] R[8020],false,true,1845,274,1571,8020,7,7,8,4.46,F2L Slot 4,U2' F U2' F' U L' U' L,U2'[8689] F[8930] U2'[9502] F'[9744] U[9816] L'[10209] U'[10313] L[10370],false,true,2350,910,1440,10370,8,8,10,5.56,OLL,U2 R' U' R U' R' U R U R B' R' B,U2[11248] R'[11417] U'[11546] R[11651] U'[11788] R'[11876] U[11965] R[12118] U[12215] R[12376] B'[12432] R'[12537] B[12674],false,true,2304,1047,1257,12674,13,13,14,10.34,PLL,U M2 U' M' U2 M U' M2,U[13624] M2[14239] U'[14239] M'[14631] U2[14833] M[14970] U'[15107] M2[15287],false,true,2613,1565,1048,15287,8,12,17,7.63,,,,,,,,,,,,,,,,,,,,,,,,,,
55d134e9-c916-4c78-a3ef-2eeb3dd3a997,2025-08-02 10:52:37 UTC,false,17236,CFOP,Gan12uiM,Gan 12 UI Maglev,Gan 356i,RandomForest,false,false,10982,17236,,R'[0] L[499] L[547] D[862] D[934] B[1224] B[1313] U[1667] F'[1957] B'[2698] L[2755] B[2852] B[3110] D[3263] B'[3343] B[4076] D'[4189] B'[4326] D'[4406] B[4512] D'[4568] B'[4648] R[5174] D'[5335] R'[5472] B[5899] D'[5956] B'[6020] D'[6237] B[7172] B'[7349] D[8542] L[8936] D[9066] L'[9178] D[9476] F'[9855] D'[9984] F[10089] D[10365] F[10526] D'[10566] F'[10695] D[10767] F[10880] D'[10993] F'[11195] B[11597] D[11694] D[11815] B'[12363] D'[12991] D'[13266] F[13378] D[13515] F'[13563] D'[13644] F[13724] D[13813] F'[13869] D'[14369] R[14627] F'[14731] R'[14820] F[14916] D[14981] F[15061] D'[15110] F'[15166] L[15923] D[16052] L'[16125] F'[16254] L[16326] D[16423] L'[16495] D'[16544] L'[16616] F[16697] L[16778] L[16826] D'[16922] L'[17099] D'[17236],,,gan12,custom_rules,U L B2 D F L D2 B' U' F D L2 D' F2 L2 B2 L2 D2 F2 U L2 U',random_state,custom_rules,,,,8,DB,0,0,17236,77,77,84,4.47,3652,13584,"",0,Cross,z2 L' R2 U2 B2 D F' B' R B,z2[0] L'[0] R2[547] U2[934] B2[1313] D[1667] F'[1957] B'[2698] R[2755] B[2852],false,true,2852,0,2852,2852,9,9,12,3.16,F2L Slot 1,B U B' B U' B' U' B U' B' L U' L',B[3110] U[3263] B'[3343] B[4076] U'[4189] B'[4326] U'[4406] B[4512] U'[4568] B'[4648] L[5174] U'[5335] L'[5472],false,true,2620,258,2362,5472,13,13,13,5.5,F2L Slot 2,B U' B' U' B B' U R U R' U F' U' F,B[5899] U'[5956] B'[6020] U'[6237] B[7172] B'[7349] U[8542] R[8936] U[9066] R'[9178] U[9476] F'[9855] U'[9984] F[10089],false,true,4617,427,4190,10089,14,14,14,3.34,F2L Slot 3,U F U' F' U F U' F' B U2 B',U[10365] F[10526] U'[10566] F'[10695] U[10767] F[10880] U'[10993] F'[11195] B[11597] U2[11815] B'[12363],false,true,2274,437,1837,12363,11,11,12,5.99,F2L Slot 4,U2' F U F' U' F U F',U2'[13266] F[13378] U[13515] F'[13563] U'[13644] F[13724] U[13813] F'[13869],false,true,1506,1015,491,13869,8,8,9,16.29,OLL,U' L F' L' F U F U' F',U'[14369] L[14627] F'[14731] L'[14820] F[14916] U[14981] F[15061] U'[15110] F'[15166],false,true,1297,758,539,15166,9,9,9,16.7,PLL,R U R' F' R U R' U' R' F R2 U' R' U',R[15923] U[16052] R'[16125] F'[16254] R[16326] U[16423] R'[16495] U'[16544] R'[16616] F[16697] R2[16826] U'[16922] R'[17099] U'[17236],false,true,2070,757,1313,17236,14,14,15,10.66,,,,,,,,,,,,,,,,,,,,,,,,,,
3503eaed-c67f-44ff-a4bb-042f8f526bc2,2025-08-02 10:53:12 UTC,false,16062,CFOP,Gan12uiM,Gan 12 UI Maglev,Gan 356i,RandomForest,false,false,7631,16062,,B'[0] R'[105] L[108] D'[652] F[829] D[942] F'[1103] D[1200] F[1297] D'[1393] F'[1538] D'[1909] L'[2417] D'[2521] L[2666] D'[2747] L'[2851] D[2916] L[3004] D'[3866] F'[6251] D[6339] D[6428] F[6581] D'[6702] L[6984] D[7169] L'[7241] D'[7565] D[8450] R[8563] R'[9062] D[9231] R'[9361] B[9473] R[9578] B'[9635] R[10077] D[10255] R'[10360] D'[10746] D'[10851] L[11117] B[11286] R'[11421] B'[11493] R[11775] L'[11816] D[11969] R[12041] D'[12097] R'[12162] D'[13314] R[13678] F'[13774] R'[13894] B[13991] R[14120] F[14225] R'[14273] B'[14394] R[14797] F[14893] R'[14958] B[15023] R[15160] F'[15224] R'[15353] B'[15433] D[15667] D[16062],,,gan12,custom_rules,R2 L' D F2 B' U R' L' D' R' D2 F2 R2 U F2 U B2 R2 F2 B2 D',random_state,custom_rules,,,,8,DB,0,0,16062,66,68,71,4.11,8442,7620,"",0,Cross,x D' M',x[0] D'[0] M'[108],false,true,108,0,108,108,2,3,3,18.52,F2L Slot 1,U' B U B' U B U' B',U'[652] B[829] U[942] B'[1103] U[1200] B[1297] U'[1393] B'[1538],false,true,1430,721,709,1538,8,8,8,11.28,F2L Slot 2,U' L' U' L U' L' U L,U'[1909] L'[2417] U'[2521] L[2666] U'[2747] L'[2851] U[2916] L[3004],false,true,1466,879,587,3004,8,8,8,13.63,F2L Slot 3,U' B' U2 B U' L U L',U'[3866] B'[6251] U2[6428] B[6581] U'[6702] L[6984] U[7169] L'[7241],false,true,4237,3247,990,7241,8,8,9,8.08,F2L Slot 4,U' U R R' U R' F R F' R U R',U'[7565] U[8450] R[8563] R'[9062] U[9231] R'[9361] F[9473] R[9578] F'[9635] R[10077] U[10255] R'[10360],false,true,3119,1322,1797,10360,12,12,12,6.68,OLL,U2' L F R' F' M F R F' R' x,U2'[10851] L[11117] F[11286] R'[11421] F'[11493] M[11816] F[11969] R[12041] F'[12097] R'[12162] x[12738],false,true,1802,757,1045,12162,10,11,12,9.57,PLL,U' R B' R' F R B R' F' R B R' F R B' R' F' U2,U'[13314] R[13678] B'[13774] R'[13894] F[13991] R[14120] B[14225] R'[14273] F'[14394] R[14797] B[14893] R'[14958] F[15023] R[15160] B'[15224] R'[15353] F'[15433] U2[16062],false,true,3900,1516,2384,16062,18,18,19,7.55,,,,,,,,,,,,,,,,,,,,,,,,,,
ad6db0cd-62bc-4dd9-b898-87976c959d76,2025-08-02 10:54:05 UTC,false,19446,CFOP,Gan12uiM,Gan 12 UI Maglev,Gan 356i,RandomForest,false,false,15133,19446,,U[0] L[427] L[549] F[983] D'[1942] F'[2466] F'[2530] D[2611] F[2756] B[4150] R'[4206] B'[4327] D[4681] B'[5006] D[5223] B'[5441] D[6094] D[6206] B[6480] D'[6940] D[7109] D[7342] B'[7447] B'[7584] D'[7882] B[8043] D[8567] D[8672] B[8930] D[9349] B'[9454] D[9622] L'[9888] D'[10136] L[10626] F[11151] F'[11312] D'[11408] F[11505] D'[11650] F'[11738] F'[12134] R[12238] F[12343] R'[12391] D'[12770] D'[13189] F'[13334] R[13415] R[13512] B[13737] R[13834] B'[13922] R[14051] F[14132] D'[16626] D'[16973] F'[17287] D'[17424] F[17553] U'[17633] D[17706] F[17851] F[17939] D[18061] F'[18238] D[18464] F[18528] D'[18600] F[18648] D'[18834] F[19003] F[19076] U[19197] D[19446],,,gan12,custom_rules,U' B2 R' U2 B D2 R F2 U D' B' D' B2 D' L2 U' B2 D2 L2 D' B2 L2,random_state,custom_rules,,,,8,DB,0,0,19446,62,63,75,3.19,6549,12897,"",1,Cross,z2 D R2 F U' F2' U F B L' B' U B' U B',z2[0] D[0] R2[549] F[983] U'[1942] F2'[2530] U[2611] F[2756] B[4150] L'[4206] B'[4327] U[4681] B'[5006] U[5223] B'[5441],false,true,5441,0,5441,5441,14,14,16,2.57,F2L Slot 1,,"",true,false,0,0,0,5441,0,0,0,0,F2L Slot 2,U2 B U' U2 B2' U' B,U2[6206] B[6480] U'[6940] U2[7342] B2'[7584] U'[7882] B[8043],false,true,2602,1039,1563,8043,7,7,10,4.48,F2L Slot 3,U2 B U B' U R' U' R,U2[8672] B[8930] U[9349] B'[9454] U[9622] R'[9888] U'[10136] R[10626],false,true,2583,887,1696,10626,8,8,9,4.72,F2L Slot 4,F F' U' F U' F2' L F L',F[11151] F'[11312] U'[11408] F[11505] U'[11650] F2'[12134] L[12238] F[12343] L'[12391],false,true,1765,525,1240,12391,9,9,10,7.26,OLL,U2' F' L2 B L B' L F,U2'[13189] F'[13334] L2[13512] B[13737] L[13834] B'[13922] L[14051] F[14132],false,true,1741,943,798,14132,8,8,10,10.03,PLL,U2' F' U' F E R2 U R' U R U' R U' R2 D U,U2'[16973] F'[17287] U'[17424] F[17553] E[17706] R2[17939] U[18061] R'[18238] U[18464] R[18528] U'[18600] R[18648] U'[18834] R2[19076] D[19197] U[19446],false,true,5314,3155,2159,19446,16,17,20,7.41,,,,,,,,,,,,,,,,,,,,,,,,,,
e3974b2c-43d7-4701-8506-23d52e836135,2025-08-02 10:54:36 UTC,false,17331,CFOP,Gan12uiM,Gan 12 UI Maglev,Gan 356i,RandomForest,false,false,5779,17331,,U'[0] B'[120] R'[725] U'[1241] F'[2087] F'[2192] R[2297] F[2458] F[2571] F'[2724] U[3087] D[3675] D[3772] B'[4038] D'[4215] B[4352] D[4521] R'[4902] D[5022] R[5143] D[5353] L'[5949] D[6102] D[6223] L[6642] R[6811] F[6941] L'[7150] F'[7464] R'[7690] L[7694] D[8246] R'[8552] B'[8665] L[8786] B[8899] R[9149] L'[9165] D[9810] R[10121] D[10242] R'[10339] D[10403] B'[10766] D'[10863] B[10919] D'[11452] B[11620] D[11733] B'[11830] D[11902] B[11975] D'[12032] B'[12136] D'[12241] B'[12362] L[12418] B[12515] L'[12564] B[13587] D'[13740] B'[13845] D'[13966] B[14135] D[14207] B[14328] U[14393] B'[14457] D'[14586] B[14715] U'[14788] B'[14925] D[14997] D[15081] B'[15412] D[15871] F[16290] B'[16292] F[16292] B'[16293] U'[16293] B[16645] F'[16669] L[16814] L[16887] F[17015] B'[17023] U'[17160] F[17257] B'[17259] F[17259] B'[17331],,,gan12,custom_rules,R B' L B2 U F B' L B' D' R2 U2 F2 L2 D' R2 U' L2 D R2 L2 F2,random_state,custom_rules,,,,8,DB,0,0,17331,76,82,92,4.39,5295,12036,"",0,Cross,z2 D' B' L' D' F2' L F2 F' D,z2[0] D'[0] B'[120] L'[725] D'[1241] F2'[2192] L[2297] F2[2571] F'[2724] D[3087],false,true,3087,0,3087,3087,9,9,11,2.92,F2L Slot 1,U2 B' U' B U L' U L,U2[3772] B'[4038] U'[4215] B[4352] U[4521] L'[4902] U[5022] L[5143],false,true,2056,951,1105,5143,8,8,9,7.24,F2L Slot 2,U R' U2 R L F R' F' M x,U[5353] R'[5949] U2[6223] R[6642] L[6811] F[6941] R'[7150] F'[7464] M[7694] x[7970],false,true,2551,806,1745,7694,9,10,11,5.16,F2L Slot 3,U L' B' R B M' x',U[8246] L'[8552] B'[8665] R[8786] B[8899] M'[9165] x'[9487],false,true,1471,858,613,9165,6,7,7,9.79,F2L Slot 4,U L U L' U B' U' B,U[9810] L[10121] U[10242] L'[10339] U[10403] B'[10766] U'[10863] B[10919],false,true,1754,956,798,10919,8,8,8,10.03,OLL,U' B U B' U B U' B' U' B' R B R',U'[11452] B[11620] U[11733] B'[11830] U[11902] B[11975] U'[12032] B'[12136] U'[12241] B'[12362] R[12418] B[12515] R'[12564],false,true,1645,701,944,12564,13,13,13,13.77,PLL,B U' B' U' B U B D B' U' B D' B' U2 B' U S2' U' S U2 S' U' S2',B[13587] U'[13740] B'[13845] U'[13966] B[14135] U[14207] B[14328] D[14393] B'[14457] U'[14586] B[14715] D'[14788] B'[14925] U2[15081] B'[15412] U[15871] S2'[16293] U'[16293] S[16669] U2[16887] S'[17023] U'[17160] S2'[17331],false,true,4767,1023,3744,17331,23,27,33,6.14,,,,,,,,,,,,,,,,,,,,,,,,,,
470fd904-e72d-4719-9ec6-333c89bfa5a3,2025-08-02 10:55:04 UTC,false,11944,CFOP,Gan12uiM,Gan 12 UI Maglev,Gan 356i,RandomForest,false,false,5429,11944,,B'[0] R[323] R[411] U[662] F[919] D'[999] F'[1137] F'[1225] D[1306] F[1419] D[1661] F[1814] L'[1942] F'[2104] D[2708] D[2813] B'[3039] D[3087] B[3208] L'[3603] D'[3699] L[3804] D[4078] R'[4255] D[4594] R[4691] D'[4820] R[5120] D'[5184] D'[5241] R'[5362] L'[5611] F'[5732] R[5837] F[5885] L[6079] R'[6087] D'[6659] D'[6901] R[7022] D[7142] R'[7199] D'[7271] R[7352] D[7433] R'[7497] R[8190] D[8296] R'[8352] D[8448] R[8545] D'[8593] R'[8722] D[8762] R[8876] D'[8932] D'[9004] R'[9069] D[9754] R[9850] D[9971] R'[10084] D'[10139] R'[10284] B[10332] R[10430] R[10494] D'[10542] R'[10622] D'[10743] R[10816] D[11001] D'[11058] D[11219] R'[11678] B'[11823] D'[11944],,,gan12,custom_rules,F' R2 U2 D B2 L2 D' R B' R2 F2 U' F2 U2 B2 D L2 F2 R2 U' L2 U,random_state,custom_rules,,,,8,DB,0,0,11944,69,70,77,5.78,3795,8149,"",1,Cross,z2 B' L2 D F U' F2' U F U F R' F',z2[0] B'[0] L2[411] D[662] F[919] U'[999] F2'[1225] U[1306] F[1419] U[1661] F[1814] R'[1942] F'[2104],false,true,2104,0,2104,2104,12,12,14,5.7,F2L Slot 1,,"",true,false,0,0,0,2104,0,0,0,0,F2L Slot 2,U2 B' U B R' U' R,U2[2813] B'[3039] U[3087] B[3208] R'[3603] U'[3699] R[3804],false,true,1700,935,765,3804,7,7,8,9.15,F2L Slot 3,U L' U L U' L U2' L' R' F' L F M x,U[4078] L'[4255] U[4594] L[4691] U'[4820] L[5120] U2'[5241] L'[5362] R'[5611] F'[5732] L[5837] F[5885] M[6087] x[6373],false,true,2283,451,1832,6087,13,14,15,7.1,F2L Slot 4,U2' L U L' U' L U L',U2'[6901] L[7022] U[7142] L'[7199] U'[7271] L[7352] U[7433] L'[7497],false,true,1410,935,475,7497,8,8,9,16.84,OLL,L U L' U L U' L' U L U2' L',L[8190] U[8296] L'[8352] U[8448] L[8545] U'[8593] L'[8722] U[8762] L[8876] U2'[9004] L'[9069],false,true,1572,693,879,9069,11,11,12,12.51,PLL,U L U L' U' L' B L2 U' L' U' L U U' U L' B' U',U[9754] L[9850] U[9971] L'[10084] U'[10139] L'[10284] B[10332] L2[10494] U'[10542] L'[10622] U'[10743] L[10816] U[11001] U'[11058] U[11219] L'[11678] B'[11823] U'[11944],false,true,2875,781,2094,11944,18,18,19,8.6,,,,,,,,,,,,,,,,,,,,,,,,,,
5e314d55-e1b5-459a-97f8-17afe3822c5b,2025-08-02 10:56:48 UTC,false,17144,CFOP,Gan12uiM,Gan 12 UI Maglev,Gan 356i,RandomForest,false,false,11759,17144,,R'[0] U'[96] L[354] U'[717] R'[918] U[1193] U[1305] D'[1490] D'[1812] R[1917] D[2014] R'[2102] R'[2183] B[2231] R[2312] B'[2368] R[2473] D'[2618] R'[2706] D[3577] F'[4086] D[4198] F[4334] D'[4543] L[4833] D[5032] L'[5153] D'[5960] B[6136] D'[6249] R[6450] F'[6570] R'[6731] F[6941] B'[6949] D'[7691] D'[8295] B[8439] D[8512] B'[8609] B'[8689] L[8738] B[8835] L'[8883] B[9027] D'[9141] B'[9253] B[9551] D[9696] B'[9850] D'[9930] B'[10109] L[10189] B[10278] L'[10310] D'[10842] D[11132] R[11390] L'[11392] D[11392] F[11600] D'[11680] F'[11728] D'[11809] L[11881] D[11953] R'[12026] D[12646] B[14017] D[14137] B'[14226] D[14299] B[14395] D[14491] B'[14588] L'[15055] B[15160] D[15291] B'[15775] D'[15896] B'[16065] L[16113] B[16371] B[16427] D'[16492] B'[16621] D[16661] D[16758] B[16838] D'[16895] B'[17000] D[17032] D[17144],,,gan12,custom_rules,F' L' U L F2 B' R U D' L' U L2 F2 D' R2 F2 U2 B2 U' L2 U F2,random_state,custom_rules,,,,8,DB,0,0,17144,83,85,93,4.84,6754,10390,"",0,Cross,z2 L' D' R D' L' D2,z2[0] L'[0] D'[96] R[354] D'[717] L'[918] D2[1305],false,true,1305,0,1305,1305,6,6,7,4.6,F2L Slot 1,U2' L U L2' B L B' L U' L',U2'[1812] L[1917] U[2014] L2'[2183] B[2231] L[2312] B'[2368] L[2473] U'[2618] L'[2706],false,true,1401,612,789,2706,10,10,12,12.67,F2L Slot 2,U F' U F U' R U R',U[3577] F'[4086] U[4198] F[4334] U'[4543] R[4833] U[5032] R'[5153],false,true,2447,1380,1067,5153,8,8,8,7.5,F2L Slot 3,U' B U' L F' L' S' z,U'[5960] B[6136] U'[6249] L[6450] F'[6570] L'[6731] S'[6949] z[7320],false,true,1796,983,813,6949,7,8,8,8.61,F2L Slot 4,U2' B U B2' R B R' B U' B',U2'[8295] B[8439] U[8512] B2'[8689] R[8738] B[8835] R'[8883] B[9027] U'[9141] B'[9253],false,true,2304,1490,814,9253,10,10,12,12.29,OLL,B U B' U' B' R B R' U' U M' B U B' U' B' R B L' x',B[9551] U[9696] B'[9850] U'[9930] B'[10109] R[10189] B[10278] R'[10310] U'[10842] U[11132] M'[11392] B[11392] U[11600] B'[11680] U'[11728] B'[11809] R[11881] B[11953] L'[12026] x'[12336],false,true,2773,298,2475,12026,19,20,20,7.68,PLL,U B U B' U B U B' R' B U B' U' B' R B2 U' B' U2 B U' B' U2,U[12646] B[14017] U[14137] B'[14226] U[14299] B[14395] U[14491] B'[14588] R'[15055] B[15160] U[15291] B'[15775] U'[15896] B'[16065] R[16113] B2[16427] U'[16492] B'[16621] U2[16758] B[16838] U'[16895] B'[17000] U2[17144],false,true,5118,1991,3127,17144,23,23,26,7.36,,,,,,,,,,,,,,,,,,,,,,,,,,
1c1a565a-12bf-45c7-8be9-1356ea484b32,2025-08-02 10:57:34 UTC,false,31155,CFOP,Gan12uiM,Gan 12 UI Maglev,Gan 356i,RandomForest,false,false,4702,31155,,R[0] B[96] U'[652] R[1039] F'[1723] L'[1885] F'[2618] U[3585] U[3649] U[5527] U[8024] L[8193] U'[8418] L'[8588] D'[10821] D'[11433] F[11700] D[11812] F'[11981] B'[16531] D'[16619] B[16683] D'[18399] L'[18577] D[18867] L[18963] D'[19117] D'[19270] L[19431] D'[19511] D'[19584] L'[19713] L'[19818] D'[20148] L[20559] D[21470] D[21624] L[21785] D'[21849] L'[22019] D[22220] L[22349] D'[22405] L'[22470] D'[23042] R[23759] L'[23921] L'[23985] F'[24082] L[24154] F'[24283] L'[24420] F[24468] F[24589] L[24694] L[24798] F'[24847] R'[25049] R[25612] F[25886] L'[26007] F'[26812] L[26925] R'[27110] D'[28375] L'[29519] D'[29592] L[29761] U'[29882] D[29971] L[30116] L[30196] D[30293] L'[30414] D[30470] L[30567] D'[30616] L[30672] D'[30825] L[31002] L[31082] U[31155],,,gan12,custom_rules,U' B R' U2 B' D F U2 R L2 U F2 U2 R2 U L2 U2 B2 D' B2 R2 U2,random_state,custom_rules,,,,8,DB,0,0,31155,69,72,82,2.21,14642,16513,"",0,Cross,z2 L B D' L F' R' F' D2 D D R D' R',z2[0] L[0] B[96] D'[652] L[1039] F'[1723] R'[1885] F'[2618] D2[3649] D[5527] D[8024] R[8193] D'[8418] R'[8588],false,true,8588,0,8588,8588,13,13,14,1.51,F2L Slot 1,U2' F U F',U2'[11433] F[11700] U[11812] F'[11981],false,true,3393,3112,281,11981,4,4,5,14.23,F2L Slot 2,B' U' B,B'[16531] U'[16619] B[16683],false,true,4702,4550,152,16683,3,3,3,19.74,F2L Slot 3,U' R' U R U2' R U2' R2' U' R,U'[18399] R'[18577] U[18867] R[18963] U2'[19270] R[19431] U2'[19584] R2'[19818] U'[20148] R[20559],false,true,3876,1894,1982,20559,10,10,13,5.05,F2L Slot 4,U2 R U' R' U R U' R',U2[21624] R[21785] U'[21849] R'[22019] U[22220] R[22349] U'[22405] R'[22470],false,true,1911,1226,685,22470,8,8,9,11.68,OLL,U' M' R' U' R U' R' U2 R2 U' L' L U R' U' M,U'[23042] M'[23921] R'[23985] U'[24082] R[24154] U'[24283] R'[24420] U2[24589] R2[24798] U'[24847] L'[25049] L[25612] U[25886] R'[26007] U'[26812] M[27110],false,true,4640,1451,3189,27110,16,18,20,5.02,PLL,U' R' U' R E B2 U B' U B U' B U' B2 D,U'[28375] R'[29519] U'[29592] R[29761] E[29971] B2[30196] U[30293] B'[30414] U[30470] B[30567] U'[30616] B[30672] U'[30825] B2[31082] D[31155],false,true,4045,2409,1636,31155,15,16,18,9.17,,,,,,,,,,,,,,,,,,,,,,,,,,
52c4d446-b704-4c07-97db-06fe59daeb29,2025-08-02 10:58:16 UTC,false,18898,CFOP,Gan12uiM,Gan 12 UI Maglev,Gan 356i,RandomForest,false,false,10755,18898,,U'[0] B'[177] R[1265] B[1491] B[1564] F'[1878] L[1934] U[2724] U'[2982] U'[3377] F[3725] U'[3886] F'[4031] U'[4208] R'[4755] U'[4932] R[5076] U'[5721] U'[5930] F[6244] U'[6302] F'[6430] U[6486] U[6583] F[6639] U'[6688] F'[6776] U[7373] B'[8694] U[8775] U[8880] B[9025] U[9162] R[9436] U[9557] R'[9653] L[10487] U'[10568] L'[10696] U[10752] U[10849] L[10905] U'[10970] L'[11051] U[11509] R[11888] B[12074] L'[12194] B[12267] L[12348] B'[12404] B'[12477] R'[12589] U[13242] L[13678] L'[13766] L'[13863] U'[14161] L[14291] D'[14411] U[14475] L[14604] L[14677] U[14830] L'[14902] U[15160] L[15257] U'[15305] L[15418] U'[15515] L'[16093] L'[16166] D[16231] U[16657] U[16762] R[16980] L'[16996] R[17084] L'[17101] D[17898] L[18003] R'[18027] B[18165] B[18253] R[18382] L'[18390] D[18503] R[18632] L'[18633] R[18633] L'[18705] U[18809] U[18898],,,gan12,custom_rules,U L2 U L D2 F' R' L B' R D R2 L2 B2 D2 R2 U' B2 D B2 R2,random_state,custom_rules,,,,8,UF,0,0,18898,71,76,93,3.76,7637,11261,"",0,Cross,U' B' R B2 F' L,U'[0] B'[177] R[1265] B2[1564] F'[1878] L[1934],false,true,1934,0,1934,1934,6,6,7,3.1,F2L Slot 1,U U2' F U' F' U' R' U' R,U[2724] U2'[3377] F[3725] U'[3886] F'[4031] U'[4208] R'[4755] U'[4932] R[5076],false,true,3142,1791,1351,5076,9,9,10,6.66,F2L Slot 2,U2' F U' F' U2 F U' F',U2'[5930] F[6244] U'[6302] F'[6430] U2[6583] F[6639] U'[6688] F'[6776],false,true,1700,1168,532,6776,8,8,10,15.04,F2L Slot 3,U B' U2 B U R U R',U[7373] B'[8694] U2[8880] B[9025] U[9162] R[9436] U[9557] R'[9653],false,true,2877,1918,959,9653,8,8,9,8.34,F2L Slot 4,L U' L' U2 L U' L',L[10487] U'[10568] L'[10696] U2[10849] L[10905] U'[10970] L'[11051],false,true,1398,834,564,11051,7,7,8,12.41,OLL,U R B L' B L B2' R',U[11509] R[11888] B[12074] L'[12194] B[12267] L[12348] B2'[12477] R'[12589],false,true,1538,837,701,12589,8,8,9,11.41,PLL,U L L2' U' L E F2 U F' U F U' F U' F2' D U2 S2 U S' U2 S U S2 U2,U[13242] L[13678] L2'[13863] U'[14161] L[14291] E[14475] F2[14677] U[14830] F'[14902] U[15160] F[15257] U'[15305] F[15418] U'[15515] F2'[16166] D[16231] U2[16762] S2[17101] U[17898] S'[18027] U2[18253] S[18390] U[18503] S2[18705] U2[18898],false,true,6309,1089,5220,18898,25,30,40,4.79,,,,,,,,,,,,,,,,,,,,,,,,,,
01fb6865-3962-4dd5-9e40-e75450a2bf78,2025-08-02 10:58:45 UTC,false,13594,CFOP,Gan12uiM,Gan 12 UI Maglev,Gan 356i,RandomForest,false,false,6225,13594,,R'[0] F[104] R[621] F[894] F[991] D[1563] D[1692] B'[1910] D[1958] D[2063] B[2184] D[2297] D[2377] F[2587] D[3006] F'[3111] B'[3481] D[3570] B[3715] B'[3900] L'[4054] F[4167] L[4345] F'[4562] B[4570] R[5253] D'[5310] R'[5423] D[5471] D[5560] R[5625] D'[5681] R'[5754] D'[6883] B[6979] D[7067] B'[7140] D'[7220] B[7285] D[7374] B'[7430] D'[7937] D'[8123] D'[8348] B[8526] D[8671] B'[8889] D[9340] B[9477] D'[9533] D'[9614] B'[9734] D'[11386] D'[11845] B'[12152] B'[12249] R[12377] R[12595] B[12708] L[12804] B'[12861] R[12917] R[13102] B[13256] L'[13296] B[13393] D[13481] D[13594],,,gan12,custom_rules,L2 F R U' B2 R' B D' R2 F B2 L2 D2 R2 U2 D' B2 U F2 R2 D,random_state,custom_rules,,,,8,DB,0,0,13594,54,55,68,3.97,6808,6786,"",0,Cross,z2 L' F L F2,z2[0] L'[0] F[104] L[621] F2[991],false,true,991,0,991,991,4,4,5,4.04,F2L Slot 1,U2 B' U2 B U2 F U F',U2[1692] B'[1910] U2[2063] B[2184] U2[2377] F[2587] U[3006] F'[3111],false,true,2120,919,1201,3111,8,8,11,6.66,F2L Slot 2,B' U B B' R' F R S z',B'[3481] U[3570] B[3715] B'[3900] R'[4054] F[4167] R[4345] S[4570] z'[4911],false,true,1459,370,1089,4570,8,9,9,7.35,F2L Slot 3,L U' L' U2 L U' L',L[5253] U'[5310] L'[5423] U2[5560] L[5625] U'[5681] L'[5754],false,true,1184,683,501,5754,7,7,8,13.97,F2L Slot 4,U' B U B' U' B U B',U'[6883] B[6979] U[7067] B'[7140] U'[7220] B[7285] U[7374] B'[7430],false,true,1676,1225,451,7430,8,8,8,17.74,OLL,U3' B U B' U B U2' B',U3'[8348] B[8526] U[8671] B'[8889] U[9340] B[9477] U2'[9614] B'[9734],false,true,2304,1096,1208,9734,8,8,11,6.62,PLL,U2' B2' L2 B R B' L2 B R' B U2,U2'[11845] B2'[12249] L2[12595] B[12708] R[12804] B'[12861] L2[13102] B[13256] R'[13296] B[13393] U2[13594],false,true,3860,2515,1345,13594,11,11,16,8.18,,,,,,,,,,,,,,,,,,,,,,,,,,
aa13b694-1313-4654-ab09-05ffbc5fde6a,2025-08-02 10:59:14 UTC,false,15805,CFOP,Gan12uiM,Gan 12 UI Maglev,Gan 356i,RandomForest,false,false,4649,15805,,U[0] R'[523] L[1127] F'[1523] B'[1876] L'[2094] L'[2158] U'[2698] D[3012] R[3382] D'[3455] R'[3552] D'[3624] R[3729] D'[3769] R'[3858] D[4639] D[4752] B[4931] D'[5124] B'[5276] F'[6034] F[6211] D[6324] R[6598] D[6727] R'[6880] D'[7258] D'[7823] D'[8161] F'[8290] R[8362] F[8435] R'[8468] D[8668] D[8765] F[8861] D[9039] F'[9088] D'[10478] F[10817] L'[10905] F'[10986] L[11090] L[11211] D'[11388] D[11694] R'[11912] B[12097] L[12218] B'[12275] L'[12395] B'[12476] R[12645] L'[12653] D'[13475] D'[13805] F[13950] L[14087] D'[14127] L'[14216] D'[14313] L[14425] D[14514] L'[14602] F'[14675] L[14780] D[14860] L'[14941] D'[15231] L'[15401] F[15449] L[15555] F'[15619] D[15805],,,gan12,custom_rules,R2 U' F' R F' R D2 R L2 B' L F2 L2 U2 F2 U' B2 U' R2 L2 D' L2,random_state,custom_rules,,,,8,DB,0,0,15805,67,68,75,4.24,5878,9927,"",1,Cross,z2 D L' R F' B' R2' D',z2[0] D[0] L'[523] R[1127] F'[1523] B'[1876] R2'[2158] D'[2698],false,true,2698,0,2698,2698,7,7,8,2.59,F2L Slot 1,,"",true,false,0,0,0,2698,0,0,0,0,F2L Slot 2,U L U' L' U' L U' L' U2 B U' B',U[3012] L[3382] U'[3455] L'[3552] U'[3624] L[3729] U'[3769] L'[3858] U2[4752] B[4931] U'[5124] B'[5276],false,true,2578,684,1894,5276,12,12,13,6.34,F2L Slot 3,F' F U L U L',F'[6034] F[6211] U[6324] L[6598] U[6727] L'[6880],false,true,1604,758,846,6880,6,6,6,7.09,F2L Slot 4,U3' F' L F L' U2 F U F',U3'[8161] F'[8290] L[8362] F[8435] L'[8468] U2[8765] F[8861] U[9039] F'[9088],false,true,2208,1410,798,9088,9,9,12,11.28,OLL,U' F R' F' R2 U' U L' B R B' R' B' M' x',U'[10478] F[10817] R'[10905] F'[10986] R2[11211] U'[11388] U[11694] L'[11912] B[12097] R[12218] B'[12275] R'[12395] B'[12476] M'[12653] x'[13064],false,true,3565,1729,1836,12653,14,15,16,7.63,PLL,U2' F R U' R' U' R U R' F' R U R' U' R' F R F' U,U2'[13805] F[13950] R[14087] U'[14127] R'[14216] U'[14313] R[14425] U[14514] R'[14602] F'[14675] R[14780] U[14860] R'[14941] U'[15231] R'[15401] F[15449] R[15555] F'[15619] U[15805],false,true,3152,1297,1855,15805,19,19,20,10.24,,,,,,,,,,,,,,,,,,,,,,,,,,
e20cb0af-2928-4500-a517-c55f7aa19c12,2025-08-02 11:00:37 UTC,false,22986,CFOP,Gan12uiM,Gan 12 UI Maglev,Gan 356i,RandomForest,false,false,49522,22986,,B'[0] D'[153] R'[1072] B'[2620] U[2909] B[3512] D'[3794] L[4132] L[4237] B[6510] D[6784] B'[7010] U[7284] D[8025] L[8097] D'[8162] L'[8258] U'[8540] R[9096] D[9306] D[9442] R'[9708] D[10304] D[10432] R'[10698] D[10763] R[10899] D[11133] L'[11601] D'[11698] L[11770] L[11923] D'[12004] L'[12101] D[12181] F'[12584] D'[12673] D'[12769] F[12954] D'[13043] D'[13148] F'[13285] D[13325] F[13438] R[15000] D[15097] R'[15226] D[15290] B'[15701] D'[15814] B[15918] D[16208] F[16369] D'[16426] F'[16551] D[16591] F[16687] D[16752] F'[16808] D'[17509] D'[18081] R[18298] D[18484] F[18588] D'[18653] F'[18733] F'[18798] R'[18870] F[18991] D[19088] F[19168] D'[19216] F'[19289] D'[21279] F[21473] D[21585] F'[21673] U[21770] D'[21786] F[21948] F[22028] D'[22101] F[22229] D'[22342] F'[22447] D[22511] F'[22559] D[22632] F[22761] F[22833] U'[22946] D[22986],,,gan12,custom_rules,R2 F' L F' U2 R' F' U R B' U2 F2 U F2 D2 B2 D R2 B2 D L2 D,random_state,custom_rules,,,,8,DB,0,0,22986,80,82,92,3.48,8113,14873,"",0,Cross,z2 B' U' L' B' D B U' R2,z2[0] B'[0] U'[153] L'[1072] B'[2620] D[2909] B[3512] U'[3794] R2[4237],false,true,4237,0,4237,4237,8,8,9,1.89,F2L Slot 1,B U B' D U R U' R' D' L U2 L' U2 L' U L U R' U' R,B[6510] U[6784] B'[7010] D[7284] U[8025] R[8097] U'[8162] R'[8258] D'[8540] L[9096] U2[9442] L'[9708] U2[10432] L'[10698] U[10763] L[10899] U[11133] R'[11601] U'[11698] R[11770],false,true,7533,2273,5260,11770,20,20,22,3.8,F2L Slot 2,R U' R' U F' U2' F U2' F' U F,R[11923] U'[12004] R'[12101] U[12181] F'[12584] U2'[12769] F[12954] U2'[13148] F'[13285] U[13325] F[13438],false,true,1668,153,1515,13438,11,11,13,7.26,F2L Slot 3,L U L' U B' U' B,L[15000] U[15097] L'[15226] U[15290] B'[15701] U'[15814] B[15918],false,true,2480,1562,918,15918,7,7,7,7.63,F2L Slot 4,U F U' F' U F U F',U[16208] F[16369] U'[16426] F'[16551] U[16591] F[16687] U[16752] F'[16808],false,true,890,451,439,16808,8,8,8,18.22,OLL,U2' L U F U' F2' L' F U F U' F',U2'[18081] L[18298] U[18484] F[18588] U'[18653] F2'[18798] L'[18870] F[18991] U[19088] F[19168] U'[19216] F'[19289],false,true,2481,1490,991,19289,12,12,14,12.11,PLL,U' F U F' E' L2 U' L U' L' U L' U L2 E,U'[21279] F[21473] U[21585] F'[21673] E'[21786] L2[22028] U'[22101] L[22229] U'[22342] L'[22447] U[22511] L'[22559] U[22632] L2[22833] E[22986],false,true,3697,2184,1513,22986,15,17,19,9.91,,,,,,,,,,,,,,,,,,,,,,,,,,
97221139-1a3a-48cc-b10c-137a7c559f4d,2025-08-02 11:01:12 UTC,false,13896,CFOP,Gan12uiM,Gan 12 UI Maglev,Gan 356i,RandomForest,false,false,10238,13896,,U'[0] R[200] F'[465] U[868] R'[1102] U'[1294] R[2342] D[2640] R'[2729] D[2834] B'[3438] D'[3551] B[3648] D[3898] D[4123] D'[4276] D[4447] B[4600] R[4776] F'[5098] R'[5232] F[5481] B'[5484] B[5932] D'[6077] D'[6158] B'[6287] D[6367] D[6440] F'[6633] D'[6730] F[6851] D[7955] B[8068] D[8164] B'[8261] D'[8334] L[8544] B'[8680] L'[8785] B[8850] D[9745] F'[10067] L'[10245] F[10381] D'[10494] F'[10631] L[10663] F[10752] F[10800] L'[10848] F'[10986] D[11034] F[11171] L[11284] F'[11389] D[12034] D[12380] D[12509] F[12783] B'[12785] F[12785] B'[12786] U[12786] B[13226] F'[13258] L[13380] L[13460] F[13589] B'[13591] U[13591] F[13823] B'[13824] F[13824] B'[13896],,,gan12,custom_rules,D B' L2 B R D' L' F' L U B2 U2 R2 D' R2 F2 L2 F2 D' B2 L2 U2,random_state,custom_rules,,,,8,DB,0,0,13896,59,64,75,4.25,6279,7617,"",0,Cross,z2 D' L F' D L' D',z2[0] D'[0] L[200] F'[465] D[868] L'[1102] D'[1294],false,true,1294,0,1294,1294,6,6,6,4.64,F2L Slot 1,L U L' U B' U' B,L[2342] U[2640] L'[2729] U[2834] B'[3438] U'[3551] B[3648],false,true,2354,1048,1306,3648,7,7,7,5.36,F2L Slot 2,U2 U' U B L F' L' S' z,U2[4123] U'[4276] U[4447] B[4600] L[4776] F'[5098] L'[5232] S'[5484] z[5708],false,true,1836,952,884,5484,8,9,10,9.05,F2L Slot 3,B U2' B' U2 F' U' F,B[5932] U2'[6158] B'[6287] U2[6440] F'[6633] U'[6730] F[6851],false,true,1367,448,919,6851,7,7,9,7.62,F2L Slot 4,U B U B' U' R B' R' B,U[7955] B[8068] U[8164] B'[8261] U'[8334] R[8544] B'[8680] R'[8785] B[8850],false,true,1999,1217,782,8850,9,9,9,11.51,OLL,U F' R' F U' F' R F2 R' F' U F R F',U[9745] F'[10067] R'[10245] F[10381] U'[10494] F'[10631] R[10663] F2[10800] R'[10848] F'[10986] U[11034] F[11171] R[11284] F'[11389],false,true,2539,1217,1322,11389,14,14,15,10.59,PLL,U3 S2' U S U2 S' U S2',U3[12509] S2'[12786] U[12786] S[13258] U2[13460] S'[13591] U[13591] S2'[13896],false,true,2507,1397,1110,13896,8,12,19,7.21,,,,,,,,,,,,,,,,,,,,,,,,,,
8ddc113b-ac85-4cca-8742-559096380d0b,2025-08-02 11:01:53 UTC,false,26371,CFOP,Gan12uiM,Gan 12 UI Maglev,Gan 356i,RandomForest,false,false,5209,26371,,F'[0] R[97] U[605] B'[967] U[1378] U[1644] U[1716] L[1870] L'[2491] U'[2676] L[2829] U[3022] U[3296] D[3909] F'[5097] D'[5283] F[5524] D[5758] D[6266] R'[6669] D'[6822] R[6967] D'[7055] R'[7152] D[7225] R[7297] R'[8007] D'[8119] R[8232] U'[8764] R'[9006] D[9070] R[9191] L[10571] D'[10643] L'[10748] D[10893] L[12191] D'[12247] L'[12336] D[12416] L[12521] D'[12618] L'[12691] D[12739] L[12795] D'[12851] L'[12900] B[13891] D'[13988] B'[14100] D[14173] B'[14326] D'[14407] B[14560] D'[14632] B'[14737] D[14818] B[14906] D[15519] B[16034] D[16364] D'[16727] D'[17186] B'[17299] D[17380] L'[17694] D'[17775] L[17831] D[18742] B[19580] D[19870] R[20490] D'[20595] R'[20675] D[20788] R[20950] D'[21054] R'[21109] B'[21350] D'[22245] L'[22672] L[23333] D[23454] L[24557] D'[24630] L[24856] D[24952] L'[25000] U[25058] L[25186] U'[25291] L[25412] D'[25508] U[25549] L'[25661] L'[25726] D[25766] L[25920] L[25992] U'[26056] L'[26169] L'[26218] D[26371],,,gan12,custom_rules,U L2 D L2 F2 R' L' F L' B D B2 L2 D' R2 D2 L2 U R2 D' B2 D,random_state,custom_rules,,,,8,DB,0,0,26371,95,96,104,3.6,6844,19527,"",0,Cross,z2 F' L D B' D3 R R' D' R D,z2[0] F'[0] L[97] D[605] B'[967] D3[1716] R[1870] R'[2491] D'[2676] R[2829] D[3022],false,true,3022,0,3022,3022,10,10,12,3.31,F2L Slot 1,D U F' U' F U2 L' U' L U' L' U L L' U' L D' L' U L,D[3296] U[3909] F'[5097] U'[5283] F[5524] U2[6266] L'[6669] U'[6822] L[6967] U'[7055] L'[7152] U[7225] L[7297] L'[8007] U'[8119] L[8232] D'[8764] L'[9006] U[9070] L[9191],false,true,6169,274,5895,9191,20,20,21,3.39,F2L Slot 2,R U' R' U R U' R' U R U' R' U R U' R',R[10571] U'[10643] R'[10748] U[10893] R[12191] U'[12247] R'[12336] U[12416] R[12521] U'[12618] R'[12691] U[12739] R[12795] U'[12851] R'[12900],false,true,3709,1380,2329,12900,15,15,15,6.44,F2L Slot 3,B U' B' U B' U' B U' B' U B,B[13891] U'[13988] B'[14100] U[14173] B'[14326] U'[14407] B[14560] U'[14632] B'[14737] U[14818] B[14906],false,true,2006,991,1015,14906,11,11,11,10.84,F2L Slot 4,U B U U2' B' U R' U' R,U[15519] B[16034] U[16364] U2'[17186] B'[17299] U[17380] R'[17694] U'[17775] R[17831],false,true,2925,1128,1797,17831,9,9,10,5.01,OLL,U B U L U' L' U L U' L' B',U[18742] B[19580] U[19870] L[20490] U'[20595] L'[20675] U[20788] L[20950] U'[21054] L'[21109] B'[21350],false,true,3519,1749,1770,21350,11,11,11,6.21,PLL,U' R' R U R U' R U R' D R D' R E' F2' U F2 D' F2' U,U'[22245] R'[22672] R[23333] U[23454] R[24557] U'[24630] R[24856] U[24952] R'[25000] D[25058] R[25186] D'[25291] R[25412] E'[25549] F2'[25726] U[25766] F2[25992] D'[26056] F2'[26218] U[26371],false,true,5021,1322,3699,26371,20,21,24,5.41,,,,,,,,,,,,,,,,,,,,,,,,,,
bf3fb237-c163-4ddd-86db-52b1aec1a963,2025-08-02 11:02:21 UTC,false,14650,CFOP,Gan12uiM,Gan 12 UI Maglev,Gan 356i,RandomForest,false,false,3629,14650,,B'[0] R'[105] D[791] F'[927] F'[992] D'[1364] L[1590] L[1734] B[2065] D'[2121] B'[2202] D'[2484] B[2733] D'[2790] D'[2871] B'[3024] D[3080] L'[3483] D'[3547] L[3636] D'[4103] D'[4216] L[4402] D'[4813] D'[4949] L'[5497] D[5554] F'[5941] D'[6037] F[6287] F[6506] D[6627] F'[6700] D'[6772] R[7006] F'[7110] R'[7207] F[7336] D[8053] D[8528] R'[8633] B[8730] R[8834] B'[8883] R[8995] D[9100] R'[9197] D'[10647] D'[10784] B[11099] R[11284] D[11380] R'[11541] D'[11612] B'[11838] F[11846] D[11975] L[12088] D'[12152] L'[12201] F'[12402] D'[13312] R[13449] D[13538] R'[13642] D'[13707] R'[13812] B[13876] R[13949] R[14005] D'[14045] R'[14110] D'[14239] R[14303] D[14440] R'[14569] B'[14650],,,gan12,custom_rules,U2 B U2 R' F' D B' U2 L' F2 U B2 D B2 U F2 L2 F2 D' B2 U2 D',random_state,custom_rules,,,,8,DB,0,0,14650,67,68,77,4.57,5562,9088,"",0,Cross,z2 B' L' U F2' U' R2,z2[0] B'[0] L'[105] U[791] F2'[992] U'[1364] R2[1734],false,true,1734,0,1734,1734,6,6,8,3.46,F2L Slot 1,B U' B' U' B U2' B' U R' U' R,B[2065] U'[2121] B'[2202] U'[2484] B[2733] U2'[2871] B'[3024] U[3080] R'[3483] U'[3547] R[3636],false,true,1902,331,1571,3636,11,11,12,7.0,F2L Slot 2,U2' R U2' R' U F' U' F,U2'[4216] R[4402] U2'[4949] R'[5497] U[5554] F'[5941] U'[6037] F[6287],false,true,2651,766,1885,6287,8,8,10,4.24,F2L Slot 3,F U F' U' L F' L' F,F[6506] U[6627] F'[6700] U'[6772] L[7006] F'[7110] L'[7207] F[7336],false,true,1049,219,830,7336,8,8,8,9.64,F2L Slot 4,U2 L' B L B' L U L',U2[8528] L'[8633] B[8730] L[8834] B'[8883] L[8995] U[9100] L'[9197],false,true,1861,1297,564,9197,8,8,9,14.18,OLL,U2' B L U L' U' S' L U L' U' F' z,U2'[10784] B[11099] L[11284] U[11380] L'[11541] U'[11612] S'[11846] L[11975] U[12088] L'[12152] U'[12201] F'[12402] z[12857],false,true,3205,1902,1303,12402,12,13,14,9.21,PLL,U' L U L' U' L' B L2 U' L' U' L U L' B',U'[13312] L[13449] U[13538] L'[13642] U'[13707] L'[13812] B[13876] L2[14005] U'[14045] L'[14110] U'[14239] L[14303] U[14440] L'[14569] B'[14650],false,true,2248,1047,1201,14650,15,15,16,12.49,,,,,,,,,,,,,,,,,,,,,,,,,,
6446a054-bd0b-407e-86b1-ceafb0c6b777,2025-08-02 11:03:10 UTC,false,20958,CFOP,Gan12uiM,Gan 12 UI Maglev,Gan 356i,RandomForest,false,false,16746,20958,,U[0] U[49] F'[298] U[419] R'[661] U'[862] D[1571] D[2014] F'[2102] D[2852] F[3037] D'[3158] D'[3278] F[3463] D'[3528] D'[3600] F'[3737] D[3786] R'[4188] D'[4285] R[4414] D'[5285] R[5519] D'[5592] D'[5672] R'[5785] D'[6123] R[6243] D[6389] R'[6469] D'[6984] L'[7306] D[7403] L[7516] D'[7653] D'[7814] B[8176] D[8289] B'[8378] D[8812] D'[9803] F'[9956] D[10141] F[10341] D[11637] F[12145] D[12249] F'[12354] D[12411] F[12451] D'[12499] F'[12555] D'[12909] L[13570] D'[13634] L'[13714] F[14238] D'[14319] F'[14424] D[15019] F[15165] D'[15237] D'[15316] F'[15413] D[15454] F[15528] D'[15568] F'[15632] D[16097] F[16250] D[16355] F'[16444] D'[16524] F'[16798] B[16799] R[16799] F[17023] R'[17088] B'[17217] D[17845] D[18392] F[18569] D'[18916] F[19052] D[19125] F'[19230] U[19310] F[19423] U'[19737] F[19946] D'[20019] U[20091] F'[20268] F'[20338] D[20386] F[20547] F[20604] U'[20700] F'[20805] F'[20861] D'[20958],,,gan12,custom_rules,D R L2 U D' F' R U' L2 F' U' R2 D F2 U' F2 R2 F2 D F2 U' F2,random_state,custom_rules,,,,8,DB,0,0,20958,88,90,101,4.2,6149,14760,"",0,Cross,z2 D2 F' D L' D',z2[24] D2[49] F'[298] D[419] L'[661] D'[862],false,true,813,0,813,862,5,5,6,6.15,F2L Slot 1,U2 F' U F U2' F U2' F' U L' U' L U' L U2' L' U' L U L',U2[2014] F'[2102] U[2852] F[3037] U2'[3278] F[3463] U2'[3600] F'[3737] U[3786] L'[4188] U'[4285] L[4414] U'[5285] L[5519] U2'[5672] L'[5785] U'[6123] L[6243] U[6389] L'[6469],false,true,5607,1240,4367,6469,20,20,24,4.58,F2L Slot 2,U' R' U R U2' B U B',U'[6984] R'[7306] U[7403] R[7516] U2'[7814] B[8176] U[8289] B'[8378],false,true,1909,837,1072,8378,8,8,9,7.46,F2L Slot 3,U U' F' U F U F U F' U F U' F' U' R U' R',U[8812] U'[9803] F'[9956] U[10141] F[10341] U[11637] F[12145] U[12249] F'[12354] U[12411] F[12451] U'[12499] F'[12555] U'[12909] R[13570] U'[13634] R'[13714],false,true,5336,1578,3758,13714,17,17,17,4.52,F2L Slot 4,F U' F' U F U2' F' U F U' F',F[14238] U'[14319] F'[14424] U[15019] F[15165] U2'[15316] F'[15413] U[15454] F[15528] U'[15568] F'[15632],false,true,1918,524,1394,15632,11,11,12,7.89,OLL,U F U F' U' S U F U' B' z',U[16097] F[16250] U[16355] F'[16444] U'[16524] S[16799] U[16799] F[17023] U'[17088] B'[17217] z'[17531],false,true,1585,618,967,17217,10,11,11,10.34,PLL,U2 F U' F U F' D F D' F E' L2' U L2 D' L2' U',U2[18392] F[18569] U'[18916] F[19052] U[19125] F'[19230] D[19310] F[19423] D'[19737] F[19946] E'[20091] L2'[20338] U[20386] L2[20604] D'[20700] L2'[20861] U'[20958],false,true,3741,1352,2389,20958,17,18,22,7.12,,,,,,,,,,,,,,,,,,,,,,,,,,
3dfa29b6-328b-4d72-980f-53881f0f152d,2025-08-02 11:03:42 UTC,false,14762,CFOP,Gan12uiM,Gan 12 UI Maglev,Gan 356i,RandomForest,false,false,8491,14762,,D'[0] D'[88] B'[305] L[450] U'[845] R'[1490] B[1546] R[1635] R'[3021] R'[3093] B[3141] R[3238] B'[3303] R[3351] R[3448] R'[3617] D[4463] D[4664] F'[5548] D[5652] F[5764] D[5885] R[6119] D[6248] R'[6336] D'[7247] D'[7529] B'[7650] L[7980] B[8126] L'[8174] D[8383] D[8505] B[8650] D[8795] B'[8892] D'[9448] D[9964] F'[10311] F[10312] F[10312] B'[10601] B'[10659] L'[10779] B[10843] L'[10980] B'[11070] L[11118] L[11223] B[11343] L'[11432] B[11480] F'[11690] D[12383] D[13149] D[13254] B'[13568] B'[13649] R[13786] R[13995] B[14092] L[14197] B'[14229] R[14302] R[14504] B[14624] L'[14673] B[14762],,,gan12,custom_rules,L2 U B D B' D2 R L' B' D' R2 F2 U2 F2 D' B2 R2 B2 R2 D L2 B2,random_state,custom_rules,,,,8,DB,0,0,14762,55,57,68,3.73,6602,8072,"",0,Cross,z2 U2' B' R D' L' B L,z2[44] U2'[88] B'[305] R[450] D'[845] L'[1490] B[1546] L[1635],false,true,1547,0,1547,1635,7,7,8,4.52,F2L Slot 1,L2' B L B' L,L2'[3093] B[3141] L[3238] B'[3303] L[3351],false,true,1716,1458,258,3351,5,5,6,19.38,F2L Slot 2,L L' U2 F' U F,L[3448] L'[3617] U2[4664] F'[5548] U[5652] F[5764],false,true,2413,97,2316,5764,6,6,7,2.59,F2L Slot 3,U L U L',U[5885] L[6119] U[6248] L'[6336],false,true,572,355,217,6336,4,4,4,18.43,F2L Slot 4,U2' B' R B R' U2 B U B',U2'[7529] B'[7650] R[7980] B[8126] R'[8174] U2[8505] B[8650] U[8795] B'[8892],false,true,2556,1314,1242,8892,9,9,11,7.25,OLL,U' U F' F S' B' U' B U' B' U2 B U' S,U'[9448] U[9964] F'[10311] F[10312] S'[10601] B'[10659] U'[10779] B[10843] U'[10980] B'[11070] U2[11223] B[11343] U'[11432] S[11690],false,true,2798,1419,1379,11690,14,16,17,10.15,PLL,U U2 B2' L2 B R B' L2 B R' B,U[12383] U2[13254] B2'[13649] L2[13995] B[14092] R[14197] B'[14229] L2[14504] B[14624] R'[14673] B[14762],false,true,3072,1959,1113,14762,11,11,15,9.88,,,,,,,,,,,,,,,,,,,,,,,,,,
577ea999-35b3-4cd9-96f9-af20e5afe1b4,2025-08-02 11:04:27 UTC,false,16701,CFOP,Gan12uiM,Gan 12 UI Maglev,Gan 356i,RandomForest,false,false,15104,16701,,B'[0] F'[218] L'[443] F'[693] U'[1153] L[1363] L[1588] D[2765] B'[3313] D[3394] B[3499] D'[4160] B[4337] D[4667] D'[4902] B'[4998] B[5332] D'[5461] B'[5646] F'[5816] R'[5929] B[6074] R[6138] F[6307] B'[6324] D'[6638] F'[6783] D[6847] F[6969] F[7678] D'[7791] F'[7968] D'[8597] D'[8854] B[9000] D'[9065] B'[9169] D[9225] D'[9475] D[9806] B[9935] D[10104] B'[10193] D[10714] D[10835] F'[11173] D[11262] D[11335] F[11448] D[11568] F'[11641] D'[11770] F[11859] R[12560] D'[12688] L'[12785] D[12882] F[12995] D[13043] F'[13141] D'[13664] R'[13809] L[13813] D'[14752] B[14929] B[15002] D[15107] B'[15227] D[15276] B'[15364] D'[15413] B[15550] D'[15630] B[15718] B[15798] U[15879] D'[15880] B'[15880] D[16065] B[16137] U'[16225] D[16468] D[16701],,,gan12,custom_rules,R D' L' U R' U D2 B' R' D F2 D B2 L2 U2 L2 U L2 D' R2 U' B2,random_state,custom_rules,,,,8,DB,0,0,16701,72,76,83,4.31,6086,10615,"",0,Cross,z2 B' F' R' F' D' R2,z2[0] B'[0] F'[218] R'[443] F'[693] D'[1153] R2[1588],false,true,1588,0,1588,1588,6,6,7,3.78,F2L Slot 1,U B' U B U' B U U' B' B U' B' F' L' B L S' z,U[2765] B'[3313] U[3394] B[3499] U'[4160] B[4337] U[4667] U'[4902] B'[4998] B[5332] U'[5461] B'[5646] F'[5816] L'[5929] B[6074] L[6138] S'[6324] z[6481],false,true,4736,1725,3011,6324,17,18,18,5.65,F2L Slot 2,U' F' U F2 U' F',U'[6638] F'[6783] U[6847] F2[7678] U'[7791] F'[7968],false,true,1644,459,1185,7968,6,6,7,5.06,F2L Slot 3,U2' B U' B' U U' U B U B',U2'[8854] B[9000] U'[9065] B'[9169] U[9225] U'[9475] U[9806] B[9935] U[10104] B'[10193],false,true,2225,1032,1193,10193,10,10,11,8.38,F2L Slot 4,U2 F' U2 F U F' U' F,U2[10835] F'[11173] U2[11335] F[11448] U[11568] F'[11641] U'[11770] F[11859],false,true,1666,980,686,11859,8,8,10,11.66,OLL,L U' R' U F U F' U' M x,L[12560] U'[12688] R'[12785] U[12882] F[12995] U[13043] F'[13141] U'[13664] M[13813] x[14282],false,true,1954,701,1253,13813,9,10,10,7.18,PLL,U' B2 U B' U B' U' B U' B2 E' R' U R E U,U'[14752] B2[15002] U[15107] B'[15227] U[15276] B'[15364] U'[15413] B[15550] U'[15630] B2[15798] E'[15880] R'[15880] U[16065] R[16137] E[16468] U[16701],false,true,2888,1189,1699,16701,16,18,20,9.42,,,,,,,,,,,,,,,,,,,,,,,,,,
a9221498-7e04-492a-9169-555fe9dd5ff5,2025-08-02 11:04:59 UTC,false,17301,CFOP,Gan12uiM,Gan 12 UI Maglev,Gan 356i,RandomForest,false,false,4665,17301,,F[0] F[41] L[170] B[427] B[492] R'[1072] U'[2700] D[3240] D[3449] L[3966] D[4094] D[4182] L'[4352] D[4408] L[4545] D'[4610] L'[4714] R[5156] D'[5212] R'[5293] D'[5502] D[6099] R[6219] D'[6308] D'[6390] R'[6510] D[6574] R[6655] D[6776] R'[6872] D[6937] R[7009] D'[7066] R'[7130] D[8927] D[9032] R'[9459] D[9539] R[9676] D'[9773] D'[9870] R'[9950] D[10022] R[10119] B[11571] D[11691] B'[11780] D'[11845] L[12078] B'[12191] L'[12288] B[12385] L[13247] B'[13359] L'[13472] L[13859] B[13980] L'[14037] L[14455] B[14600] D[14746] B'[14794] D'[14874] B[14963] D[15076] B'[15124] D'[15229] L'[15358] D[15857] D[16059] B'[16317] F[16325] F[16421] B'[16423] U[16423] B[16663] F'[16688] L[16801] L[16882] F[17003] B'[17011] U[17115] F[17228] B'[17229] F[17229] B'[17301],,,gan12,custom_rules,R D R2 L U' L' B' D' B' R B2 L2 U B2 L2 B2 D' L2 U2 D B2 D2,random_state,custom_rules,,,,8,DB,0,0,17301,69,73,86,3.99,7416,9844,"",0,Cross,z2 F2 R B2 L' D',z2[20] F2[41] R[170] B2[492] L'[1072] D'[2700],false,true,2659,0,2659,2700,5,5,7,1.88,F2L Slot 1,U2 R U2 R' U R U' R',U2[3449] R[3966] U2[4182] R'[4352] U[4408] R[4545] U'[4610] R'[4714],false,true,2014,1266,748,4714,8,8,10,10.7,F2L Slot 2,L U' L' U' U L U2' L' U L U L' U L U' L',L[5156] U'[5212] L'[5293] U'[5502] U[6099] L[6219] U2'[6390] L'[6510] U[6574] L[6655] U[6776] L'[6872] U[6937] L[7009] U'[7066] L'[7130],false,true,2416,442,1974,7130,16,16,17,8.11,F2L Slot 3,U2 L' U L U2' L' U L,U2[9032] L'[9459] U[9539] L[9676] U2'[9870] L'[9950] U[10022] L[10119],false,true,2989,2329,660,10119,8,8,10,12.12,F2L Slot 4,B U B' U' R B' R' B,B[11571] U[11691] B'[11780] U'[11845] R[12078] B'[12191] R'[12288] B[12385],false,true,2266,1452,814,12385,8,8,8,9.83,OLL,R B' R' R B R' R B U B' U' B U B' U' R',R[13247] B'[13359] R'[13472] R[13859] B[13980] R'[14037] R[14455] B[14600] U[14746] B'[14794] U'[14874] B[14963] U[15076] B'[15124] U'[15229] R'[15358],false,true,2973,862,2111,15358,16,16,16,7.58,PLL,U2 S2' U S U2 S' U S2',U2[16059] S2'[16423] U[16423] S[16688] U2[16882] S'[17011] U[17115] S2'[17301],false,true,1943,1065,878,17301,8,12,18,9.11,,,,,,,,,,,,,,,,,,,,,,,,,,
76b5811b-61ba-4aef-8b57-2dd784f6bd99,2025-08-02 11:05:47 UTC,false,19192,CFOP,Gan12uiM,Gan 12 UI Maglev,Gan 356i,RandomForest,false,false,10074,19192,,U[0] R[242] U[637] L'[935] L'[991] U'[1732] F[3174] B'[3175] B'[3175] F[3279] U[3440] U[3528] F[3818] B'[3820] F[3900] B'[3903] B[3903] D[4335] B'[4439] D'[4584] R[4918] D'[4982] R'[5087] R'[5280] B'[5393] R[5514] D[5619] R'[5732] B[5836] B[6030] R[6102] D'[6746] D[8277] L[8793] D[8881] L'[8994] D[9058] D[9147] R'[9357] D'[9437] R[9550] D[10177] L[10322] D'[10387] L'[10483] D'[10580] L[10677] D'[10733] L'[11208] D'[11377] L[11538] D'[11635] D'[11716] L'[11820] L'[11901] D'[11981] L[12062] L[12940] D'[13013] D'[13110] L'[13206] D'[13351] L[13472] D[13536] L'[13609] D[14221] R'[14575] B'[14865] L[15519] B'[15576] L'[15705] B[15761] L[15874] B'[15986] L'[16116] B[16172] B[16276] R[16421] R[18008] L'[18009] R[18097] L'[18113] U[18217] R[18394] L'[18403] R[18459] L'[18467] D[18547] D[18620] R[18797] L'[18805] R[18877] L'[18885] U[18974] R[19135] L'[19136] R[19136] L'[19192],,,gan12,custom_rules,U R' F2 U' L D' R B D R' U2 R2 U B2 R2 U' R2 U2 F2 D B2 L2,random_state,custom_rules,,,,8,DB,0,0,19192,70,76,98,3.65,6999,12193,"",1,Cross,z2 D L D R2' D' S2' U2 S2' B U B' U' L U' L2' B' L U L' B2 L,z2[0] D[0] L[242] D[637] R2'[991] D'[1732] S2'[3279] U2[3528] S2'[3903] B[3903] U[4335] B'[4439] U'[4584] L[4918] U'[4982] L2'[5280] B'[5393] L[5514] U[5619] L'[5732] B2[6030] L[6102],false,true,6102,0,6102,6102,21,23,31,3.44,F2L Slot 1,,"",true,false,0,0,0,6102,0,0,0,0,F2L Slot 2,U' U R U R' U2 L' U' L,U'[6746] U[8277] R[8793] U[8881] R'[8994] U2[9147] L'[9357] U'[9437] L[9550],false,true,3448,2691,757,9550,9,9,10,11.89,F2L Slot 3,U R U' R' U' R U' R' U' R U2' R2' U' R,U[10177] R[10322] U'[10387] R'[10483] U'[10580] R[10677] U'[10733] R'[11208] U'[11377] R[11538] U2'[11716] R2'[11901] U'[11981] R[12062],false,true,2512,772,1740,12062,14,14,16,8.05,F2L Slot 4,R U2' R' U' R U R',R[12940] U2'[13110] R'[13206] U'[13351] R[13472] U[13536] R'[13609],false,true,1547,878,669,13609,7,7,8,10.46,OLL,U L' B' R B' R' B R B' R' B2 L,U[14221] L'[14575] B'[14865] R[15519] B'[15576] R'[15705] B[15761] R[15874] B'[15986] R'[16116] B2[16276] L[16421],false,true,2812,966,1846,16421,12,12,13,6.5,PLL,M2' U M2' U2 M2' U M2',M2'[18113] U[18217] M2'[18467] U2[18620] M2'[18885] U[18974] M2'[19192],false,true,2771,1692,1079,19192,7,11,20,6.49,,,,,,,,,,,,,,,,,,,,,,,,,,
51d8bc21-8efb-4235-82d7-f5b36b9352a1,2025-08-02 11:06:28 UTC,false,19031,CFOP,Gan12uiM,Gan 12 UI Maglev,Gan 356i,RandomForest,false,false,13579,19031,,U[0] U[56] F'[306] U[410] R[740] R[901] U[1304] U[1369] D'[2866] R'[3003] B[3156] R[3269] D[3800] R[4268] D'[4324] R'[4453] D'[4622] R[4815] D'[4888] R'[5020] D'[5221] D[5922] F[6277] D'[6438] F'[6567] D[7163] D[7340] D[8186] L'[8347] D[8444] D[8532] L[8669] D'[8806] L'[9168] D'[9281] L[9394] L[10012] D'[10117] L'[10270] D'[10754] D'[10890] D'[11365] R[11494] D[11567] R'[11656] R'[11728] B[11776] R[11873] B'[11929] R[12050] R'[12606] D'[12784] R'[12920] B[12993] R[13122] B'[13170] D'[13557] D'[14378] B[14620] R[14725] D[14846] R'[14878] D'[14967] R[15039] D[15116] R'[15189] D'[15277] B'[15382] D[16615] R'[16840] R'[16905] D'[16961] R[17098] D'[17194] R[17324] D[17388] R'[17509] D[17549] R[17630] R[17726] U'[17871] D[17920] R[18073] D'[18169] R'[18338] U[18508] D'[18694] D[18935] D[19031],,,gan12,custom_rules,L2 U' B2 R2 L' B L U2 F U L2 U' L2 U' B2 D' R2 D B2 U R2,random_state,custom_rules,,,,8,DB,0,0,19031,75,77,89,3.94,7594,11381,"",0,Cross,z2 D2 F' D L2 D2 U' L' B L,z2[28] D2[56] F'[306] D[410] L2[901] D2[1369] U'[2866] L'[3003] B[3156] L[3269],false,true,3213,0,3213,3269,9,9,12,2.8,F2L Slot 1,U L U' L' U' L U' L' U' U F U' F',U[3800] L[4268] U'[4324] L'[4453] U'[4622] L[4815] U'[4888] L'[5020] U'[5221] U[5922] F[6277] U'[6438] F'[6567],false,true,3298,999,2299,6567,13,13,13,5.65,F2L Slot 2,U2 U R' U2 R U' R' U' R,U2[7340] U[8186] R'[8347] U2[8532] R[8669] U'[8806] R'[9168] U'[9281] R[9394],false,true,2827,1780,1047,9394,9,9,11,8.6,F2L Slot 3,R U' R',R[10012] U'[10117] R'[10270],false,true,876,618,258,10270,3,3,3,11.63,F2L Slot 4,U3' L U L2' B L B' L L' U' L' B L B',U3'[11365] L[11494] U[11567] L2'[11728] B[11776] L[11873] B'[11929] L[12050] L'[12606] U'[12784] L'[12920] B[12993] L[13122] B'[13170],false,true,2900,1224,1676,13170,14,14,17,8.35,OLL,U' U' B L U L' U' L U L' U' B',U'[13557] U'[14378] B[14620] L[14725] U[14846] L'[14878] U'[14967] L[15039] U[15116] L'[15189] U'[15277] B'[15382],false,true,2212,1450,762,15382,12,12,12,15.75,PLL,U L2' U' L U' L U L' U L2 E F U' F' E' U2,U[16615] L2'[16905] U'[16961] L[17098] U'[17194] L[17324] U[17388] L'[17509] U[17549] L2[17726] E[17920] F[18073] U'[18169] F'[18338] E'[18694] U2[19031],false,true,3649,1523,2126,19031,16,18,21,7.53,,,,,,,,,,,,,,,,,,,,,,,,,,
dfe70ec0-f844-493f-993a-e8e68f1aae19,2025-08-02 11:07:29 UTC,false,14303,CFOP,Gan12uiM,Gan 12 UI Maglev,Gan 356i,RandomForest,false,false,36341,14303,,F[0] U'[57] F'[355] F'[411] B[710] D[1032] B'[1241] B[1660] B'[1878] D'[2031] B[2127] F[2305] L[2425] B'[2555] L'[2667] B[2917] F'[2925] D[3296] B'[3513] B[3667] D[3820] B[4021] R'[4102] B'[4263] R[4432] D[4698] D[4771] B'[4996] D'[5184] B[5305] D[5563] F[5861] D'[5941] F'[6070] D[6111] F[6192] D[6304] F'[6360] D'[6763] D'[6916] L[7255] D'[7343] D'[7464] L'[7932] D'[8028] L[8141] D[8213] L'[8294] D[8633] D[8794] L'[9100] D'[9334] F[9575] D[9656] L[9777] D'[10035] L'[10210] F'[10282] L[10403] D[11201] L[11499] D[11603] L'[11708] D'[11813] U[11821] L[11982] L[12047] D'[12095] L[12224] D'[12482] L'[12716] D[12757] L'[12853] D[12893] L[13046] L[13111] U'[13231] L'[13424] L[13505] D'[13908] D[14166] D[14303],,,gan12,custom_rules,R2 L' F2 R F D R L B' U L' U' F2 B2 R2 B2 U2 R2 D B2 D R2,random_state,custom_rules,,,,8,DB,0,0,14303,72,75,82,5.03,4472,9831,"",0,Cross,z F R' F' S,z[0] F[0] R'[57] F'[355] S[710],false,true,710,0,710,710,4,5,5,5.63,F2L Slot 1,U B' B B' U' B F R B' R' S z',U[1032] B'[1241] B[1660] B'[1878] U'[2031] B[2127] F[2305] R[2425] B'[2555] R'[2667] S[2925] z'[3110],false,true,2215,531,1684,2925,11,12,12,6.53,F2L Slot 2,U B' B U B L' B' L U2 B' U' B,U[3296] B'[3513] B[3667] U[3820] B[4021] L'[4102] B'[4263] L[4432] U2[4771] B'[4996] U'[5184] B[5305],false,true,2380,588,1792,5305,12,12,13,6.7,F2L Slot 3,U F U' F' U F U F',U[5563] F[5861] U'[5941] F'[6070] U[6111] F[6192] U[6304] F'[6360],false,true,1055,556,499,6360,8,8,8,16.03,F2L Slot 4,U2' R U2' R' U' R U R',U2'[6916] R[7255] U2'[7464] R'[7932] U'[8028] R[8141] U[8213] R'[8294],false,true,1934,895,1039,8294,8,8,10,7.7,OLL,U2 R' U' F U R U' R' F' R,U2[8794] R'[9100] U'[9334] F[9575] U[9656] R[9777] U'[10035] R'[10210] F'[10282] R[10403],false,true,2109,806,1303,10403,10,10,11,7.67,PLL,U R U R' E' F2 U' F U' F' U F' U F2 D' F' F U' U2,U[11201] R[11499] U[11603] R'[11708] E'[11821] F2[12047] U'[12095] F[12224] U'[12482] F'[12716] U[12757] F'[12853] U[12893] F2[13111] D'[13231] F'[13424] F[13505] U'[13908] U2[14303],false,true,3900,1096,2804,14303,19,20,23,6.78,,,,,,,,,,,,,,,,,,,,,,,,,,
92a5d8c6-1387-4242-b7f4-1079bdd0e249,2025-08-02 11:08:26 UTC,false,20537,CFOP,Gan12uiM,Gan 12 UI Maglev,Gan 356i,RandomForest,false,false,23368,20537,,L'[0] F[65] L'[645] D'[911] U'[1152] L[1297] D[1386] L'[1434] U[1564] D[3191] L[3707] B'[4021] L'[4102] U'[4987] F'[5615] F[6517] F'[6743] D'[6864] F[6968] U[7387] B'[7742] D'[7895] D'[8080] B[8339] B[8411] D[8516] B'[8620] F'[9329] D'[9474] F[9595] D'[9660] F'[9756] D[9821] F[9917] D'[10518] D'[10623] D'[11557] D'[12009] R'[12162] B[12234] R[12331] B'[12388] D[12581] D[12710] R[12782] D[12919] R'[13000] D[14563] D[14733] D'[14957] F[15095] D[15184] F'[15264] D'[15353] F[15441] D[15505] F'[15582] D'[16105] D'[16653] D[16935] B[17129] R'[17290] B'[17443] B'[17515] L[17612] B[17781] B[17870] R[18055] B'[18136] B'[18193] L'[18297] B[18386] D'[19207] D'[19304] F[19578] D[19715] F'[19771] R'[19885] F[19941] D[20046] F'[20126] D'[20182] F'[20263] R[20327] F[20392] F[20432] D'[20481] F'[20537],,,gan12,custom_rules,U' L' D2 R' F' B2 D' L U' B U' F2 U' B2 L2 D L2 D F2 D2 F2 R2,random_state,custom_rules,,,,8,DB,0,0,20537,76,76,88,3.7,8673,11864,"",0,Cross,z2 R' F R' U' D' R U R' D U R B' R',z2[0] R'[0] F[65] R'[645] U'[911] D'[1152] R[1297] U[1386] R'[1434] D[1564] U[3191] R[3707] B'[4021] R'[4102],false,true,4102,0,4102,4102,13,13,13,3.17,F2L Slot 1,D' F' F F' U' F D B' U2' B2 U B',D'[4987] F'[5615] F[6517] F'[6743] U'[6864] F[6968] D[7387] B'[7742] U2'[8080] B2[8411] U[8516] B'[8620],false,true,4518,885,3633,8620,12,12,14,3.3,F2L Slot 2,F' U' F U' F' U F,F'[9329] U'[9474] F[9595] U'[9660] F'[9756] U[9821] F[9917],false,true,1297,709,588,9917,7,7,7,11.9,F2L Slot 3,U2' U2' L' B L B' U2 L U L',U2'[10623] U2'[12009] L'[12162] B[12234] L[12331] B'[12388] U2[12710] L[12782] U[12919] L'[13000],false,true,3083,2245,838,13000,10,10,13,11.93,F2L Slot 4,U2 U' F U F' U' F U F',U2[14733] U'[14957] F[15095] U[15184] F'[15264] U'[15353] F[15441] U[15505] F'[15582],false,true,2582,2095,487,15582,9,9,10,18.48,OLL,U2' U B L' B2' R B2 L B2' R' B,U2'[16653] U[16935] B[17129] L'[17290] B2'[17515] R[17612] B2[17870] L[18055] B2'[18193] R'[18297] B[18386],false,true,2804,1547,1257,18386,11,11,15,8.75,PLL,U2' F U F' L' F U F' U' F' L F2 U' F',U2'[19304] F[19578] U[19715] F'[19771] L'[19885] F[19941] U[20046] F'[20126] U'[20182] F'[20263] L[20327] F2[20432] U'[20481] F'[20537],false,true,2151,1192,959,20537,14,14,16,14.6,,,,,,,,,,,,,,,,,,,,,,,,,,
0d470396-1992-4fe1-93ed-97e4c305b388,2025-08-02 11:09:25 UTC,false,25963,CFOP,Gan12uiM,Gan 12 UI Maglev,Gan 356i,RandomForest,false,false,23787,25963,,R'[0] U[193] L'[499] B'[2361] D[2481] B[2594] F[3319] D'[3448] F'[3577] L[4238] B'[4447] L'[4552] B[4625] U[4891] D[5497] D[7004] D[7189] D'[7640] F[8060] D[8164] F'[8301] D[8873] L[9010] D'[9098] L'[9212] L'[10291] F'[10404] L[10524] D[10684] L'[10813] F[10910] F[11096] L[11192] D[12602] D[12836] R'[13376] D'[13457] D'[13545] R[13682] D'[13795] R'[13932] D[14029] R[14157] D'[14335] R[14560] D[14802] R'[15358] D[15431] B'[15736] D'[15840] B[15881] D'[16292] D'[16469] D'[17097] B'[17477] D'[17597] B[17734] D'[17863] B'[18024] D'[18121] D'[18210] B[18354] D[18749] B'[18895] L'[18992] D'[19144] L[19273] D[19418] B[19515] D[20087] D'[20466] B'[20691] B[21064] D'[21813] D[22522] D[22603] B'[22885] B'[22966] D'[23304] B[23481] B[23747] B'[23908] D'[24037] B[24142] D[24263] B'[24376] D[24424] B[24521] B[24617] U'[24794] D[24859] B[24996] D'[25085] B'[25189] U[25262] D[25544] D[25705] D[25963],,,gan12,custom_rules,U F' D' B2 D' L F L B' R' U2 F2 L2 B2 U B2 D F2 D2 F2 L2 D,random_state,custom_rules,,,,8,DB,0,0,25963,84,85,98,3.24,5359,20604,"",2,Cross,z2 L' D R' B' U B F U' F' R B' R' B D U U2 U' F U F' U R U' R' R' F' R U R' F2 R,z2[0] L'[0] D[193] R'[499] B'[2361] U[2481] B[2594] F[3319] U'[3448] F'[3577] R[4238] B'[4447] R'[4552] B[4625] D[4891] U[5497] U2[7189] U'[7640] F[8060] U[8164] F'[8301] U[8873] R[9010] U'[9098] R'[9212] R'[10291] F'[10404] R[10524] U[10684] R'[10813] F2[11096] R[11192],false,true,11192,0,11192,11192,31,31,33,2.77,F2L Slot 1,,"",true,false,0,0,0,11192,0,0,0,0,F2L Slot 2,,"",true,false,0,0,0,11192,0,0,0,0,F2L Slot 3,U2 L' U2' L U' L' U L,U2[12836] L'[13376] U2'[13545] L[13682] U'[13795] L'[13932] U[14029] L[14157],false,true,2965,2184,781,14157,8,8,10,10.24,F2L Slot 4,U' L U L' U B' U' B,U'[14335] L[14560] U[14802] L'[15358] U[15431] B'[15736] U'[15840] B[15881],false,true,1724,403,1321,15881,8,8,8,6.06,OLL,U3' B' U' B U' B' U2' B U B' R' U' R U B,U3'[17097] B'[17477] U'[17597] B[17734] U'[17863] B'[18024] U2'[18210] B[18354] U[18749] B'[18895] R'[18992] U'[19144] R[19273] U[19418] B[19515],false,true,3634,1596,2038,19515,15,15,18,7.36,PLL,U U' B' B U' U2 B2' U' B2 B' U' B U B' U B2 E L U' L' D U3,U[20087] U'[20466] B'[20691] B[21064] U'[21813] U2[22603] B2'[22966] U'[23304] B2[23747] B'[23908] U'[24037] B[24142] U[24263] B'[24376] U[24424] B2[24617] E[24859] L[24996] U'[25085] L'[25189] D[25262] U3[25963],false,true,6448,1176,5272,25963,22,23,29,4.17,,,,,,,,,,,,,,,,,,,,,,,,,,
480d1849-fa75-4563-ad82-0e5c1e53b78b,2025-08-02 11:10:03 UTC,false,17685,CFOP,Gan12uiM,Gan 12 UI Maglev,Gan 356i,RandomForest,false,false,11217,17685,,R'[0] F'[97] U[813] R[1087] B'[1933] U[2232] D[3553] F[3754] D'[3851] F'[4060] D[5043] D[5756] F[5917] L'[5990] F'[6126] L[6264] D[6626] L'[7117] D'[7246] L[7351] D'[7488] L[7665] D[7843] D'[7988] D'[8165] L'[8294] D'[8503] F[8785] D'[8906] F'[9027] F'[9269] D[9357] F[9486] D[9655] F'[9800] D[10106] F[10219] D'[10300] L[10558] D[10670] L'[10763] R[11400] D'[11472] R'[11537] D'[11955] D'[12326] R[12632] D[12753] R'[12842] D[12914] R[13003] D'[13067] D'[13140] R'[13229] B[13615] R[13744] D[13873] R'[13929] D'[14019] B'[14107] D'[14929] D[15509] D[15670] R[16187] D[16356] R'[16476] U[16565] D'[16605] R[16718] R[16807] D'[16887] R[16992] D'[17105] R'[17218] D[17274] R'[17339] D[17403] R[17508] R[17580] U'[17685],,,gan12,custom_rules,U2 F2 U2 R' F B R D' B2 L U L2 F2 D L2 F2 L2 U R2 U D2 F2,random_state,custom_rules,,,,8,DB,0,0,17685,71,72,80,4.01,5890,11795,"",0,Cross,z2 L' F' D L B' D,z2[0] L'[0] F'[97] D[813] L[1087] B'[1933] D[2232],false,true,2232,0,2232,2232,6,6,6,2.69,F2L Slot 1,U F U' F' U2 F R' F' R U R' U' R,U[3553] F[3754] U'[3851] F'[4060] U2[5756] F[5917] R'[5990] F'[6126] R[6264] U[6626] R'[7117] U'[7246] R[7351],false,true,5119,1522,3597,7351,13,13,14,3.61,F2L Slot 2,U' R U U2' R' U' F U' F',U'[7488] R[7665] U[7843] U2'[8165] R'[8294] U'[8503] F[8785] U'[8906] F'[9027],false,true,1676,314,1362,9027,9,9,10,6.61,F2L Slot 3,F' U F U F' U F U' R U R',F'[9269] U[9357] F[9486] U[9655] F'[9800] U[10106] F[10219] U'[10300] R[10558] U[10670] R'[10763],false,true,1736,242,1494,10763,11,11,11,7.36,F2L Slot 4,L U' L',L[11400] U'[11472] L'[11537],false,true,774,637,137,11537,3,3,3,21.9,OLL,U2' L U L' U L U2' L' B L U L' U' B',U2'[12326] L[12632] U[12753] L'[12842] U[12914] L[13003] U2'[13140] L'[13229] B[13615] L[13744] U[13873] L'[13929] U'[14019] B'[14107],false,true,2570,1095,1475,14107,14,14,16,9.49,PLL,U' U2 L U L' E' B2 U' B U' B' U B' U B2 D',U'[14929] U2[15670] L[16187] U[16356] L'[16476] E'[16605] B2[16807] U'[16887] B[16992] U'[17105] B'[17218] U[17274] B'[17339] U[17403] B2[17580] D'[17685],false,true,3578,2080,1498,17685,16,17,20,10.68,,,,,,,,,,,,,,,,,,,,,,,,,,
a331ff47-de27-4c62-ade9-dd2d95578f9e,2025-08-02 11:10:37 UTC,false,18483,CFOP,Gan12uiM,Gan 12 UI Maglev,Gan 356i,RandomForest,false,false,5378,18483,,D'[0] D'[387] F[564] L'[951] B'[1354] L[1580] L[1660] U[2224] U[2473] L'[2619] U'[2715] R'[3255] D[3771] R[3900] D[4053] R'[4246] D'[4359] R[4504] D'[4609] D[4867] D[5013] F'[5496] D[5786] F[5947] D'[6414] F[6858] D'[6922] F'[7019] D'[7188] D'[7285] B'[7438] D[7502] B[7655] D[8702] F[8960] D'[9034] F'[9178] D'[9444] L'[9823] D'[10030] L[10135] D'[10924] D'[11150] F[11335] D'[11408] D'[11488] F'[11601] D[11666] F[11730] D'[11851] F'[12084] D'[12576] B[13680] R[13905] F'[14058] R[14139] F[14236] R'[14324] F'[14429] R[14501] F[14590] R'[14662] R'[14735] B'[14832] D[16114] D[16202] F[16517] D[16646] F'[16710] D'[16823] U[16831] F[16992] F[17081] D'[17137] F[17283] D'[17363] F'[17484] D[17540] F'[17604] D[17669] F[17782] F[17887] D'[17959] U'[18483],,,gan12,custom_rules,U2 D' L' B2 U2 D' F U B2 R' B R2 F2 D2 R2 U B2 U L2 F2 L2 U,random_state,custom_rules,,,,8,DB,0,0,18483,72,73,84,3.9,7237,10859,"",0,Cross,z2 U2' F R' B' R2 D2 R' D',z2[193] U2'[387] F[564] R'[951] B'[1354] R2[1660] D2[2473] R'[2619] D'[2715],false,true,2328,0,2328,2715,8,8,11,3.44,F2L Slot 1,L' U L U L' U' L U' U2 F' U F,L'[3255] U[3771] L[3900] U[4053] L'[4246] U'[4359] L[4504] U'[4609] U2[5013] F'[5496] U[5786] F[5947],false,true,3232,540,2692,5947,12,12,13,4.46,F2L Slot 2,U' F U' F' U2' B' U B,U'[6414] F[6858] U'[6922] F'[7019] U2'[7285] B'[7438] U[7502] B[7655],false,true,1708,911,797,7655,8,8,9,10.04,F2L Slot 3,U F U' F' U' R' U' R,U[8702] F[8960] U'[9034] F'[9178] U'[9444] R'[9823] U'[10030] R[10135],false,true,2480,1305,1175,10135,8,8,8,6.81,F2L Slot 4,U2' F U2' F' U F U' F',U2'[11150] F[11335] U2'[11488] F'[11601] U[11666] F[11730] U'[11851] F'[12084],false,true,1949,1200,749,12084,8,8,10,10.68,OLL,U' B L F' L F L' F' L F L2' B',U'[12576] B[13680] L[13905] F'[14058] L[14139] F[14236] L'[14324] F'[14429] L[14501] F[14590] L2'[14735] B'[14832],false,true,2748,1596,1152,14832,12,12,13,10.42,PLL,U2 F U F' E' L2 U' L U' L' U L' U L2 U' D',U2[16202] F[16517] U[16646] F'[16710] E'[16831] L2[17081] U'[17137] L[17283] U'[17363] L'[17484] U[17540] L'[17604] U[17669] L2[17887] U'[17959] D'[18483],false,true,3651,1685,1966,18483,16,17,20,8.14,,,,,,,,,,,,,,,,,,,,,,,,,,
4b776bfa-d445-4a7f-8ce9-66121eb0fe7b,2025-08-02 11:11:34 UTC,false,28718,CFOP,Gan12uiM,Gan 12 UI Maglev,Gan 356i,RandomForest,false,false,18802,28718,,D'[0] B[250] D'[749] D'[1112] U[1394] F'[1675] D'[2038] U[2514] B'[2747] U[2803] U[3005] B[3279] U'[3359] L[3601] U[3706] L'[3794] U'[4326] U'[4503] F'[10846] U[10910] F[10983] B[11628] L[11740] L[11821] B'[12054] U[13110] L'[13231] B[13343] B[13432] L[13553] R'[15123] U[15220] R[15382] U[15768] L'[15945] U'[16065] L[16146] U'[16855] R'[17161] U[17225] U[17322] R[17475] U'[17571] U'[17684] R'[17781] U[17862] R[17951] R[19827] U'[19901] R'[20005] U[20061] R[20125] U'[20198] R'[20246] U'[20697] U'[20858] U'[21503] R'[21793] U'[21882] U'[22067] U[22253] R[22647] U'[22760] R'[22937] U'[23074] U'[23171] R[23348] U[23711] R'[23823] F'[23920] U'[24041] F[24444] U[25040] R[25249] U'[26296] R'[27260] R'[27348] B[27533] B[27815] R[27936] F[28025] R'[28097] B[28161] B[28355] R[28508] F'[28548] R[28637] U[28718],,,gan12,custom_rules,F2 R U' F' D L' F U' R L2 F' L2 D2 R2 U' B2 U' F2 R2 B2 R2 U',random_state,custom_rules,,,,8,UF,0,0,28718,74,75,88,2.58,8107,20611,"",1,Cross,D' B D' E R' D' U L' U2 L U' F U F' U2' R' U R L F2 L' U F' L2 F,D'[0] B[250] D'[749] E[1394] R'[1675] D'[2038] U[2514] L'[2747] U2[3005] L[3279] U'[3359] F[3601] U[3706] F'[3794] U2'[4503] R'[10846] U[10910] R[10983] L[11628] F2[11821] L'[12054] U[13110] F'[13231] L2[13432] F[13553],false,true,13553,0,13553,13553,25,26,30,1.84,F2L Slot 1,,"",true,false,0,0,0,13553,0,0,0,0,F2L Slot 2,B' U B U F' U' F,B'[15123] U[15220] B[15382] U[15768] F'[15945] U'[16065] F[16146],false,true,2593,1570,1023,16146,7,7,7,6.84,F2L Slot 3,U' B' U2 B U2' B' U B,U'[16855] B'[17161] U2[17322] B[17475] U2'[17684] B'[17781] U[17862] B[17951],false,true,1805,1015,790,17951,8,8,10,10.13,F2L Slot 4,B U' B' U B U' B',B[19827] U'[19901] B'[20005] U[20061] B[20125] U'[20198] B'[20246],false,true,2295,1876,419,20246,7,7,7,16.71,OLL,U3' B' U2' U B U' B' U2' B U B' R' U' R U B,U3'[21503] B'[21793] U2'[22067] U[22253] B[22647] U'[22760] B'[22937] U2'[23171] B[23348] U[23711] B'[23823] R'[23920] U'[24041] R[24444] U[25040] B[25249],false,true,5003,1547,3456,25249,16,16,20,4.63,PLL,U' B2' L2 B R B' L2 B R' B U,U'[26296] B2'[27348] L2[27815] B[27936] R[28025] B'[28097] L2[28355] B[28508] R'[28548] B[28637] U[28718],false,true,3469,2099,1370,28718,11,11,14,8.03,,,,,,,,,,,,,,,,,,,,,,,,,,
a4c6e260-425c-4576-b6c0-a1714d6680c2,2025-08-02 11:12:11 UTC,false,16755,CFOP,Gan12uiM,Gan 12 UI Maglev,Gan 356i,RandomForest,false,false,11224,16755,,D'[0] B'[129] D'[387] R'[725] U[2111] L[2418] U[2708] B[2941] D'[3038] B'[3199] D[3457] L'[3852] D[3940] L[4061] D[4617] D[5215] D[5320] B'[5795] D[5884] B[6021] D[6150] R'[6456] D[6650] R[6867] D[7359] D[7512] B'[7826] D'[7930] B[8068] D'[8213] R[8374] D[8479] R'[8576] D'[9405] D'[9672] L[9793] D[9921] L'[9994] D'[10082] L[10147] D[10225] L'[10289] D[10740] D[10845] L[10942] D[11466] L'[11595] D'[11699] L'[11804] F[11852] L[11949] F'[12014] D'[13480] D'[13593] L[13859] D[14165] D'[14415] L'[14527] L'[14713] D'[14818] L[14939] U'[15075] D[15092] L[15248] L[15321] D[15433] L'[15522] D[15570] L[15659] D'[15723] L[15772] D'[15917] L'[16046] L'[16102] U[16150] D'[16755],,,gan12,custom_rules,B' L' U' R' U2 R F2 U' R B R2 U B2 D2 F2 R2 D F2 L2,random_state,custom_rules,,,,8,DB,0,0,16755,66,67,76,3.94,6641,10114,"",0,Cross,z2 U' B' U' L' D R D,z2[0] U'[0] B'[129] U'[387] L'[725] D[2111] R[2418] D[2708],false,true,2708,0,2708,2708,7,7,7,2.58,F2L Slot 1,B U' B' U R' U R,B[2941] U'[3038] B'[3199] U[3457] R'[3852] U[3940] R[4061],false,true,1353,233,1120,4061,7,7,7,6.25,F2L Slot 2,U3 B' U B U L' U L,U3[5320] B'[5795] U[5884] B[6021] U[6150] L'[6456] U[6650] L[6867],false,true,2806,1734,1072,6867,8,8,10,7.46,F2L Slot 3,U2 B' U' B U' L U L',U2[7512] B'[7826] U'[7930] B[8068] U'[8213] L[8374] U[8479] L'[8576],false,true,1709,959,750,8576,8,8,9,10.67,F2L Slot 4,U2' R U R' U' R U R',U2'[9672] R[9793] U[9921] R'[9994] U'[10082] R[10147] U[10225] R'[10289],false,true,1713,1217,496,10289,8,8,9,16.13,OLL,U2 R U R' U' R' F R F',U2[10845] R[10942] U[11466] R'[11595] U'[11699] R'[11804] F[11852] R[11949] F'[12014],false,true,1725,653,1072,12014,9,9,10,8.4,PLL,U2' R U U' R2' U' R E B2 U B' U B U' B U' B2' D U',U2'[13593] R[13859] U[14165] U'[14415] R2'[14713] U'[14818] R[14939] E[15092] B2[15321] U[15433] B'[15522] U[15570] B[15659] U'[15723] B[15772] U'[15917] B2'[16102] D[16150] U'[16755],false,true,4741,1845,2896,16755,19,20,24,6.56,,,,,,,,,,,,,,,,,,,,,,,,,,
e69af736-7a0d-4ff1-b304-a73cdfbd4346,2025-08-02 11:12:43 UTC,false,19044,CFOP,Gan12uiM,Gan 12 UI Maglev,Gan 356i,RandomForest,false,false,3984,19044,,D'[0] D'[73] L'[298] U[556] U[797] F[959] B[2006] B'[2071] B'[2135] L[2191] B[2280] F'[2594] D'[2707] F[2812] D'[3432] B'[3594] D[3698] B[3795] D'[4149] D'[4270] B[4423] D'[4480] D'[4568] B'[4689] D[5019] L'[5331] D'[5419] L[5540] L[5734] D[6015] L'[6305] D[6451] D[6564] D[6878] B'[7313] D'[7522] B[7603] D'[8811] L[9029] D'[9118] D'[9182] L'[9311] D[9367] D[9738] L[9940] D'[10005] L'[10093] F[10603] D'[10676] F'[10804] D[10893] R'[11264] D'[11393] D'[11474] R[11626] D'[11747] D'[11828] R'[12295] D[12344] R[12424] D'[12867] B[13246] R'[13334] B'[13407] R[13512] D[13608] R[13681] D'[13746] R'[13810] D[13898] D'[14245] D'[14358] R[14470] D[14575] R'[14656] D'[14720] R'[14849] B[14946] R[15027] B'[15075] D'[16054] R[16248] R'[16368] R'[16449] D'[16546] R[16699] U'[16820] D[16852] R[17013] R[17070] D[17489] R'[17593] D[17650] R[17706] D'[17787] R[17843] D'[18182] R[18367] R[18568] U[19044],,,gan12,custom_rules,R U2 R U' F B' U' F L U' R' U2 R2 B2 R2 F2 D R2 U2 L2 D' F2,random_state,custom_rules,,,,8,DB,0,0,19044,83,84,100,4.36,4439,14532,"",0,Cross,z2 U2' R' D2 F B B2' R B,z2[36] U2'[73] R'[298] D2[797] F[959] B[2006] B2'[2135] R[2191] B[2280],false,true,2207,0,2207,2280,8,8,11,3.62,F2L Slot 1,F' U' F U' B' U B U2' B U2' B' U R' U' R,F'[2594] U'[2707] F[2812] U'[3432] B'[3594] U[3698] B[3795] U2'[4270] B[4423] U2'[4568] B'[4689] U[5019] R'[5331] U'[5419] R[5540],false,true,3260,314,2946,5540,15,15,17,5.09,F2L Slot 2,R U R' U3 B' U' B,R[5734] U[6015] R'[6305] U3[6878] B'[7313] U'[7522] B[7603],false,true,2063,194,1869,7603,7,7,9,3.75,F2L Slot 3,U' R U2' R' U2 R U' R',U'[8811] R[9029] U2'[9182] R'[9311] U2[9738] R[9940] U'[10005] R'[10093],false,true,2490,1426,1064,10093,8,8,10,7.52,F2L Slot 4,F U' F' U L' U2' L U2' L' U L,F[10603] U'[10676] F'[10804] U[10893] L'[11264] U2'[11474] L[11626] U2'[11828] L'[12295] U[12344] L[12424],false,true,2331,510,1821,12424,11,11,13,6.04,OLL,U' B L' B' L U L U' L' U U2' L U L' U' L' B L B',U'[12867] B[13246] L'[13334] B'[13407] L[13512] U[13608] L[13681] U'[13746] L'[13810] U[13898] U2'[14358] L[14470] U[14575] L'[14656] U'[14720] L'[14849] B[14946] L[15027] B'[15075],false,true,2651,822,1829,15075,19,19,20,10.39,PLL,U' L L2' U' L E F2 U F' U F U' F U' F2 D,U'[16054] L[16248] L2'[16449] U'[16546] L[16699] E[16852] F2[17070] U[17489] F'[17593] U[17650] F[17706] U'[17787] F[17843] U'[18182] F2[18568] D[19044],false,true,3969,1173,2796,19044,16,17,20,5.72,,,,,,,,,,,,,,,,,,,,,,,,,,
74a2079f-2d42-4eab-a08f-257c15b53992,2025-08-02 11:13:11 UTC,false,13356,CFOP,Gan12uiM,Gan 12 UI Maglev,Gan 356i,RandomForest,false,false,5071,13356,,F[0] L[105] U[516] U[604] L[1531] B[1926] D[2152] B'[2264] U'[2588] D'[3078] D'[3255] B[3433] D'[3490] B'[3651] D[3723] D[3803] L[4078] D[4263] L'[4650] B[5339] D'[5468] D'[5556] B'[5670] D[5718] B[5798] D'[5855] B'[5935] D'[6289] D'[6539] R[7119] D[7272] R'[7369] L'[7562] F'[7691] R[7796] F[7869] L[8038] R'[8054] D'[8586] R'[8868] B[8924] R[9013] B'[9053] D[9271] R[9343] D'[9408] R'[9481] L[10052] B[10286] R'[10359] B'[10424] L'[10584] B[10681] R[10810] B'[10866] D[11471] R'[11970] B[12018] R'[12179] F[12236] F[12599] R[12752] B'[12824] R'[12921] F[12969] F[13171] R[13220] R[13276] D'[13356],,,gan12,custom_rules,L' B2 L2 D' R' U R' F' D2 B' R U' F2 L2 B2 U' R2 D2 R2 U2 F2 D,random_state,custom_rules,,,,8,DB,0,0,13356,60,61,69,4.49,5207,8149,"",0,Cross,z2 F R D2 R B U B' D',z2[0] F[0] R[105] D2[604] R[1531] B[1926] U[2152] B'[2264] D'[2588],false,true,2588,0,2588,2588,8,8,9,3.09,F2L Slot 1,U2' B U' B' U2 R U R',U2'[3255] B[3433] U'[3490] B'[3651] U2[3803] R[4078] U[4263] R'[4650],false,true,2062,845,1217,4650,8,8,10,6.57,F2L Slot 2,B U2' B' U B U' B',B[5339] U2'[5556] B'[5670] U[5718] B[5798] U'[5855] B'[5935],false,true,1285,689,596,5935,7,7,8,11.74,F2L Slot 3,U2' L U L' R' F' L F M x,U2'[6539] L[7119] U[7272] L'[7369] R'[7562] F'[7691] L[7796] F[7869] M[8054] x[8320],false,true,2119,1184,935,8054,9,10,11,9.63,F2L Slot 4,U' L' B L B' U L U' L',U'[8586] L'[8868] B[8924] L[9013] B'[9053] U[9271] L[9343] U'[9408] L'[9481],false,true,1427,814,613,9481,9,9,9,14.68,OLL,R B L' B' R' B L B',R[10052] B[10286] L'[10359] B'[10424] R'[10584] B[10681] L[10810] B'[10866],false,true,1385,571,814,10866,8,8,8,9.83,PLL,U L' B L' F2 L B' L' F2 L2 U',U[11471] L'[11970] B[12018] L'[12179] F2[12599] L[12752] B'[12824] L'[12921] F2[13171] L2[13276] U'[13356],false,true,2490,1104,1386,13356,11,11,14,7.94,,,,,,,,,,,,,,,,,,,,,,,,,,
f98d4c3e-b72d-435a-bac3-feca774d2829,2025-08-02 11:13:47 UTC,false,17307,CFOP,Gan12uiM,Gan 12 UI Maglev,Gan 356i,RandomForest,false,false,5493,17307,,D[0] L'[507] B[757] R'[893] U'[1506] U'[2174] U'[2916] L'[3093] U[3262] L[3721] L'[4462] L[4712] D'[4785] L'[4873] U[5098] D[5460] F'[5839] D[5936] F[6032] D[6363] D'[6749] B'[7137] D[7273] B[7370] F[8457] D[8586] F'[8667] D[8860] D[8973] D'[9110] D[9287] F[9465] D'[9553] F'[9609] D'[10386] L'[10636] D[10740] D[10829] L[10942] D'[11038] D'[11144] L'[11224] D[11272] L[11369] L[12053] B'[12150] L'[12295] L'[12368] F[12424] L[12577] L[12651] B[12803] L'[12883] L'[12940] F'[12996] L[13077] D[14092] D'[14325] R'[14680] L[14681] R'[14681] L[14684] U'[14684] R[15132] L'[15172] B[15276] B[15348] L[15479] R'[15487] L[15720] R'[15728] L[15930] R'[15938] R[16292] L'[16324] R[16662] L'[16696] U'[16856] L[16961] R'[16969] L[17122] R'[17130] D[17227] D[17307],,,gan12,custom_rules,U L F D B2 U2 L F R B' D L2 U' R2 B2 D' L2 D F2 U' B2 U,random_state,custom_rules,,,,8,DB,0,0,17307,58,63,84,3.35,6251,11056,"",0,Cross,z2 U R' B L' D3' R' D R R' R U' R' D,z2[0] U[0] R'[507] B[757] L'[893] D3'[2916] R'[3093] D[3262] R[3721] R'[4462] R[4712] U'[4785] R'[4873] D[5098],false,true,5098,0,5098,5098,13,13,15,2.55,F2L Slot 1,U F' U F,U[5460] F'[5839] U[5936] F[6032],false,true,934,741,193,6032,4,4,4,20.73,F2L Slot 2,U U' B' U B,U[6363] U'[6749] B'[7137] U[7273] B[7370],false,true,1338,1105,233,7370,5,5,5,21.46,F2L Slot 3,F U F' U2 U' U F U' F',F[8457] U[8586] F'[8667] U2[8973] U'[9110] U[9287] F[9465] U'[9553] F'[9609],false,true,2239,1087,1152,9609,9,9,10,7.81,F2L Slot 4,U' R' U2 R U2' R' U R,U'[10386] R'[10636] U2[10829] R[10942] U2'[11144] R'[11224] U[11272] R[11369],false,true,1760,1027,733,11369,8,8,10,10.91,OLL,R B' R2' F R2 B R2' F' R,R[12053] B'[12150] R2'[12368] F[12424] R2[12651] B[12803] R2'[12940] F'[12996] R[13077],false,true,1708,684,1024,13077,9,9,12,8.79,PLL,U U' M2 U' M' U2 M3 M2' U' M2 U2,U[14092] U'[14325] M2[14684] U'[14684] M'[15172] U2[15348] M3[15938] M2'[16696] U'[16856] M2[17130] U2[17307],false,true,4230,1607,2623,17307,11,16,28,4.19,,,,,,,,,,,,,,,,,,,,,,,,,,
6c509d62-3609-4730-8ea2-813d6d72c3c5,2025-08-02 11:16:00 UTC,false,28576,CFOP,Gan12uiM,Gan 12 UI Maglev,Gan 356i,RandomForest,false,false,33236,28576,,F[0] B[290] L'[403] D[1096] D[1202] U[1516] U[1636] B[1910] U'[1991] B'[2145] F'[2483] B[2484] B[2484] F'[2604] D[2676] D[2757] F'[2966] B[2967] F'[2967] B[2972] U[3548] F[3772] U'[3853] U'[3926] F'[4054] U[4522] U[4764] L[4925] U[5044] L'[5189] U[5310] L[5415] U'[5463] L'[5536] B'[7720] U'[7833] B[7938] U'[10030] B[10199] U[10368] B'[10917] D[11722] B[12044] U'[12117] B'[12190] U[12463] B'[13044] U[13141] B[13229] U[15075] R[15472] U[15593] R'[15754] U[15819] U[15907] L'[16117] U'[16198] L[16302] L'[17358] U'[17672] L[17842] L'[18422] L[18672] U[18793] L'[18978] U'[19075] L[19228] U[19614] R[19679] U'[19744] R'[19808] U'[20812] F[20989] U'[21086] F'[21183] U[21448] F[21496] U'[21562] F'[21619] R[22762] U'[22818] R'[22987] U[23197] U[23318] F'[23673] U'[23737] F[23826] U'[23979] F'[24068] U[24180] F[24253] U[24761] R[25050] L'[25067] U[25164] B[25276] U'[25341] B'[25397] U'[25502] L[25567] U[25639] R'[25728] F'[27070] U[27215] U[27319] F'[27441] D'[27553] F[27658] U'[27763] F'[27860] D[27908] F[28044] U[28134] F[28262] U'[28295] F'[28367] U'[28480] F[28576],,,gan12,custom_rules,F U F2 L2 F U L D R' B D' R2 F2 D2 R2 D R2 B2 R2 U2 B2 L2,random_state,custom_rules,,,,8,UF,0,0,28576,103,106,118,3.6,6718,21858,"",0,Cross,F B L' D2 U2 B U' B' S2 U2 S2 U F U2' F' U2 L U L' U L U' L' B' U' B U' B U B' D,F[0] B[290] L'[403] D2[1202] U2[1636] B[1910] U'[1991] B'[2145] S2[2604] U2[2757] S2[2972] U[3548] F[3772] U2'[3926] F'[4054] U2[4764] L[4925] U[5044] L'[5189] U[5310] L[5415] U'[5463] L'[5536] B'[7720] U'[7833] B[7938] U'[10030] B[10199] U[10368] B'[10917] D[11722],false,true,11722,0,11722,11722,31,33,42,2.64,F2L Slot 1,B U' B',B[12044] U'[12117] B'[12190],false,true,468,322,146,12190,3,3,3,20.55,F2L Slot 2,U B' U B,U[12463] B'[13044] U[13141] B[13229],false,true,1039,854,185,13229,4,4,4,21.62,F2L Slot 3,U R U R' U2 L' U' L L' U' L L' L U L' U' L U R U' R' U' F U' F' U F U' F',U[15075] R[15472] U[15593] R'[15754] U2[15907] L'[16117] U'[16198] L[16302] L'[17358] U'[17672] L[17842] L'[18422] L[18672] U[18793] L'[18978] U'[19075] L[19228] U[19614] R[19679] U'[19744] R'[19808] U'[20812] F[20989] U'[21086] F'[21183] U[21448] F[21496] U'[21562] F'[21619],false,true,8390,2243,6147,21619,29,29,30,4.72,F2L Slot 4,R U' R' U2 F' U' F U' F' U F,R[22762] U'[22818] R'[22987] U2[23318] F'[23673] U'[23737] F[23826] U'[23979] F'[24068] U[24180] F[24253],false,true,2634,1143,1491,24253,11,11,12,7.38,OLL,U M F U F' U' F' L F R' x,U[24761] M[25067] F[25164] U[25276] F'[25341] U'[25397] F'[25502] L[25567] F[25639] R'[25728] x[26399],false,true,1475,814,661,25728,10,11,11,15.13,PLL,F' U2 F' D' F U' F' D F U F U' F' U' F,F'[27070] U2[27319] F'[27441] D'[27553] F[27658] U'[27763] F'[27860] D[27908] F[28044] U[28134] F[28262] U'[28295] F'[28367] U'[28480] F[28576],false,true,2848,1342,1506,28576,15,15,16,9.96,,,,,,,,,,,,,,,,,,,,,,,,,,
702e44f4-1fc7-4f56-8f1b-f3b3a2239121,2025-08-02 11:16:38 UTC,false,17850,CFOP,Gan12uiM,Gan 12 UI Maglev,Gan 356i,RandomForest,false,false,11069,17850,,U'[0] L'[202] F'[370] U'[814] B[1265] B[1329] R'[1942] D[2143] B'[2304] D'[3014] U'[3771] B[3972] U'[4029] B'[4142] U[4577] B'[4738] U'[4891] B[4988] U[6936] U[7041] F[7307] U[7460] F'[7598] U[7694] F[7839] U'[7976] F'[8089] F'[8741] U'[8926] F[9080] R'[10297] U'[10393] R[10466] U'[11489] R[11610] U'[12055] U'[12168] R'[12539] U[12619] R[12676] U'[12764] R'[13127] U'[13844] R'[14037] F'[14118] U'[14255] F[14352] U'[14506] R[14634] U[14730] R'[14835] U[14907] R[15020] U[15971] U[16076] R'[16446] R'[16519] B[16607] B[16825] R[16922] F[17020] R'[17060] B[17141] B[17366] R[17471] F'[17536] R[17850],,,gan12,custom_rules,R F' L2 U B2 D F2 D2 F2 R' F U2 D2 B2 U' L2 U B2 L2 D R2,random_state,custom_rules,,,,8,UF,0,0,17850,59,59,67,3.31,7482,10368,"",0,Cross,U' L' F' U' B2 R' D B' D',U'[0] L'[202] F'[370] U'[814] B2[1329] R'[1942] D[2143] B'[2304] D'[3014],false,true,3014,0,3014,3014,9,9,10,2.99,F2L Slot 1,U' B U' B' U B' U' B,U'[3771] B[3972] U'[4029] B'[4142] U[4577] B'[4738] U'[4891] B[4988],false,true,1974,958,1016,4988,8,8,8,7.87,F2L Slot 2,U2 F U F' U F U' F',U2[7041] F[7307] U[7460] F'[7598] U[7694] F[7839] U'[7976] F'[8089],false,true,3101,2319,782,8089,8,8,9,10.23,F2L Slot 3,F' U' F R' U' R,F'[8741] U'[8926] F[9080] R'[10297] U'[10393] R[10466],false,true,2377,652,1725,10466,6,6,6,3.48,F2L Slot 4,U' R U2' R' U R U' R',U'[11489] R[11610] U2'[12168] R'[12539] U[12619] R[12676] U'[12764] R'[13127],false,true,2661,1144,1517,13127,8,8,9,5.27,OLL,U' R' F' U' F U' R U R' U R,U'[13844] R'[14037] F'[14118] U'[14255] F[14352] U'[14506] R[14634] U[14730] R'[14835] U[14907] R[15020],false,true,1893,910,983,15020,11,11,11,11.19,PLL,U2 R2' B2 R F R' B2 R F' R,U2[16076] R2'[16519] B2[16825] R[16922] F[17020] R'[17060] B2[17366] R[17471] F'[17536] R[17850],false,true,2830,1499,1331,17850,10,10,14,7.51,,,,,,,,,,,,,,,,,,,,,,,,,,
800407cb-6b75-451e-80fb-53ccc7812909,2025-08-02 11:17:20 UTC,false,20787,CFOP,Gan12uiM,Gan 12 UI Maglev,Gan 356i,RandomForest,false,false,11971,20787,,D'[0] R[169] R'[588] D[694] R[814] D'[1418] D'[1628] L[2014] L[2079] R[2643] F[2740] F[2853] R'[2941] D[4020] D[4117] F'[4641] R[4738] R[4826] F[4962] D[6629] D[7459] D[8410] B[8756] B'[8829] U[9014] B[9304] D'[9489] B'[9626] U'[9787] D[10055] D[10394] B[10482] D'[10587] B'[10709] D[10805] D[10933] L'[11360] D'[11481] L[11602] D'[12448] R[12730] D[12834] R'[12915] D'[13003] B[13237] R'[13343] B'[13431] R[13511] D[14027] R'[14357] D'[14437] R'[14582] B[14639] R[14727] B'[14792] D[14961] R[15017] R'[16147] B[16196] B'[16550] R[16695] D[16993] R[17130] D'[17259] R[17436] D[17524] R'[17605] U[17678] R[17806] U'[17895] R[18056] D'[18112] U[18137] R'[18242] R'[18314] D[18362] R[18507] R[18572] U'[18677] R'[18757] R'[18845] D[18910] D'[20336] D'[20666] D'[20787],,,gan12,custom_rules,B R' B' L' B2 D B2 R U' L2 U' R2 U' R2 U2 F2 D B2 R2 D L2,random_state,custom_rules,,,,8,DB,0,0,20787,72,73,85,3.46,7593,13194,"",1,Cross,z2 U' L L' U L U2' R2 L F2 L' U2 F' L2 F,z2[0] U'[0] L[169] L'[588] U[694] L[814] U2'[1628] R2[2079] L[2643] F2[2853] L'[2941] U2[4117] F'[4641] L2[4826] F[4962],false,true,4962,0,4962,4962,14,14,19,2.82,F2L Slot 1,,"",true,false,0,0,0,4962,0,0,0,0,F2L Slot 2,U U U B B' D B U' B' D',U[6629] U[7459] U[8410] B[8756] B'[8829] D[9014] B[9304] U'[9489] B'[9626] D'[9787],false,true,4825,3794,1031,9787,10,10,10,9.7,F2L Slot 3,U2 B U' B' U2 R' U' R,U2[10394] B[10482] U'[10587] B'[10709] U2[10933] R'[11360] U'[11481] R[11602],false,true,1815,695,1120,11602,8,8,10,7.14,F2L Slot 4,U' L U L' U' B L' B' L,U'[12448] L[12730] U[12834] L'[12915] U'[13003] B[13237] L'[13343] B'[13431] L[13511],false,true,1909,1128,781,13511,9,9,9,11.52,OLL,U L' U' L' B L B' U L,U[14027] L'[14357] U'[14437] L'[14582] B[14639] L[14727] B'[14792] U[14961] L[15017],false,true,1506,846,660,15017,9,9,9,13.64,PLL,L' B B' L U L U' L U L' D L D' L E' B2' U B2 D' B2' U U3',L'[16147] B[16196] B'[16550] L[16695] U[16993] L[17130] U'[17259] L[17436] U[17524] L'[17605] D[17678] L[17806] D'[17895] L[18056] E'[18137] B2'[18314] U[18362] B2[18572] D'[18677] B2'[18845] U[18910] U3'[20787],false,true,5770,1130,4640,20787,22,23,28,4.74,,,,,,,,,,,,,,,,,,,,,,,,,,
49179b4d-a83b-483b-b0c9-61fbf8d74f44,2025-08-02 11:18:00 UTC,false,19319,CFOP,Gan12uiM,Gan 12 UI Maglev,Gan 356i,RandomForest,false,false,10263,19319,,R[0] F'[234] U[387] U[1095] R'[1337] U'[1562] D'[1812] D'[2222] F[2432] F[2569] D[3761] F'[4389] D'[4501] D'[4590] F[4767] D'[4872] F'[4981] D[5094] F[5206] D'[6938] B'[7147] D[7421] B[7510] D[7646] R'[8170] D[8508] R[8701] D[10170] R[10315] D'[10419] D'[10500] R'[10661] D[10798] D[10999] R'[11177] B'[11305] L[11426] B[11547] R[11740] L'[11780] B'[12618] D'[12771] B[12900] D'[13028] R[13270] D[13423] R'[13600] D'[14115] D[14631] F[14752] D'[14808] D'[14905] F'[14977] F'[15146] R[15218] F[15701] R'[16064] F[16266] D'[16346] D'[16427] F'[16531] D'[17434] F[17579] D[17925] F'[18151] R'[18449] F[18587] D[18739] F'[18868] D'[18924] F'[19045] R[19101] F[19166] F[19222] D'[19254] F'[19319],,,gan12,custom_rules,L U' D F R2 D R' B2 U F R2 D' L2 D2 R2 F2 R2 F2 L2 F2 U,random_state,custom_rules,,,,8,DB,0,0,19319,65,66,76,3.36,8413,10906,"",0,Cross,z2 L F' D2 L' D' U2' F2,z2[0] L[0] F'[234] D2[1095] L'[1337] D'[1562] U2'[2222] F2[2569],false,true,2569,0,2569,2569,7,7,10,2.72,F2L Slot 1,U F' U2' F U' F' U F,U[3761] F'[4389] U2'[4590] F[4767] U'[4872] F'[4981] U[5094] F[5206],false,true,2637,1820,817,5206,8,8,9,9.79,F2L Slot 2,U' B' U B U L' U L,U'[6938] B'[7147] U[7421] B[7510] U[7646] L'[8170] U[8508] L[8701],false,true,3495,1941,1554,8701,8,8,8,5.15,F2L Slot 3,U L U2' L' U2 L' B' R B M' x',U[10170] L[10315] U2'[10500] L'[10661] U2[10999] L'[11177] B'[11305] R[11426] B[11547] M'[11780] x'[12199],false,true,3079,1614,1465,11780,10,11,13,6.83,F2L Slot 4,B' U' B U' L U L',B'[12618] U'[12771] B[12900] U'[13028] L[13270] U[13423] L'[13600],false,true,1820,838,982,13600,7,7,7,7.13,OLL,U' U F U2' F2' L F L' F U2' F',U'[14115] U[14631] F[14752] U2'[14905] F2'[15146] L[15218] F[15701] L'[16064] F[16266] U2'[16427] F'[16531],false,true,2931,1152,1779,16531,11,11,14,6.18,PLL,U' F U F' L' F U F' U' F' L F2 U' F',U'[17434] F[17579] U[17925] F'[18151] L'[18449] F[18587] U[18739] F'[18868] U'[18924] F'[19045] L[19101] F2[19222] U'[19254] F'[19319],false,true,2788,1048,1740,19319,14,14,15,8.05,,,,,,,,,,,,,,,,,,,,,,,,,,
11f06739-802d-4b30-a2c7-745e8db2b277,2025-08-02 11:18:45 UTC,false,18876,CFOP,Gan12uiM,Gan 12 UI Maglev,Gan 356i,RandomForest,false,false,16530,18876,,B'[0] R'[306] U'[652] L[1087] U'[2102] B[2272] U[2457] D[3086] L'[3271] D[3384] D[3480] L[3601] D[3746] F[3996] D[4101] F'[4181] D[4874] L'[5249] D[5330] D[5419] L[5580] D'[5660] L'[5797] D'[5878] L[5999] L[7175] D[7296] L'[7489] D'[7997] R'[8118] B[8206] R[8295] B'[8343] L[8585] D[8681] L'[8811] D[9189] D[9793] D[9931] B'[10228] D'[10319] D'[10400] B[10578] D'[10771] D'[10867] B'[11270] D[11327] B[11399] D'[12012] B'[12173] L'[12261] D'[12422] L[12527] B[13107] D[13196] B'[13276] D[13349] B[13453] B'[13824] D'[13913] B[14074] D'[14171] B'[14299] D[14380] B[14469] D'[15009] D'[15145] D'[15372] B[15517] D[15614] B'[15695] D[15775] B[15879] D'[15928] D'[15992] B'[16065] D[16797] F[17063] B'[17200] B'[17297] U[17353] B[17482] U'[17547] B[17716] L'[17829] L'[17901] F'[18014] D[18079] F[18183] L'[18224] L'[18554] F'[18739] D[18812] D[18876],,,gan12,custom_rules,D' B D' B R' B' D' L' U' L2 F' U' L2 U' B2 U2 F2 U L2 F2 D' L2,random_state,custom_rules,,,,8,DB,0,0,18876,81,82,94,4.29,6384,12492,"",0,Cross,z2 B' L' D' R D' B D,z2[0] B'[0] L'[306] D'[652] R[1087] D'[2102] B[2272] D[2457],false,true,2457,0,2457,2457,7,7,7,2.85,F2L Slot 1,U R' U2 R U F U F',U[3086] R'[3271] U2[3480] R[3601] U[3746] F[3996] U[4101] F'[4181],false,true,1724,814,910,4181,8,8,9,8.79,F2L Slot 2,U R' U2 R U' R' U' R,U[4874] R'[5249] U2[5419] R[5580] U'[5660] R'[5797] U'[5878] R[5999],false,true,1818,1068,750,5999,8,8,9,10.67,F2L Slot 3,R U R' U' L' B L B' R U R',R[7175] U[7296] R'[7489] U'[7997] L'[8118] B[8206] L[8295] B'[8343] R[8585] U[8681] R'[8811],false,true,2812,1176,1636,8811,11,11,11,6.72,F2L Slot 4,U3 B' U2' B U2' B' U B,U3[9931] B'[10228] U2'[10400] B[10578] U2'[10867] B'[11270] U[11327] B[11399],false,true,2588,1417,1171,11399,8,8,12,6.83,OLL,U' B' R' U' R B U B' U B B' U' B U' B' U B U3' B U B' U B U2' B',U'[12012] B'[12173] R'[12261] U'[12422] R[12527] B[13107] U[13196] B'[13276] U[13349] B[13453] B'[13824] U'[13913] B[14074] U'[14171] B'[14299] U[14380] B[14469] U3'[15372] B[15517] U[15614] B'[15695] U[15775] B[15879] U2'[15992] B'[16065],false,true,4666,774,3892,16065,25,25,28,6.42,PLL,U S' B' R B R' B U2' F' L F U2' F' L2,U[16797] S'[17200] B'[17297] R[17353] B[17482] R'[17547] B[17716] U2'[17901] F'[18014] L[18079] F[18183] U2'[18554] F'[18739] L2[18876],false,true,2811,1135,1676,18876,14,15,18,8.35,,,,,,,,,,,,,,,,,,,,,,,,,,
4abea30f-7814-4a7c-bd23-e37d115ef063,2025-08-02 11:19:25 UTC,false,23383,CFOP,Gan12uiM,Gan 12 UI Maglev,Gan 356i,RandomForest,false,false,7777,23383,,U'[0] B'[129] U'[387] F[653] U'[1281] B'[1580] U'[1911] U[2909] U[3216] B'[5486] D[5639] B[5703] D'[6534] D'[7001] L[7275] D[7388] L'[7493] D[8226] D[8403] B[8991] D[9136] D'[9338] D[9620] B'[9765] D'[9894] R'[10329] D'[10442] R[10572] D[10734] B[11161] D[11862] B'[12531] B'[12829] D'[13047] B[13377] D[13982] B[14094] D'[14190] B'[14327] D[14392] D[14489] L'[14835] D'[14940] L[15012] D'[16095] D[16521] D'[17045] D'[17150] F[17400] L'[17505] F'[17602] L[17698] D[17787] L[17867] D'[17924] L'[18013] D[18117] D'[18456] D'[18560] L[18697] D[18810] L'[18931] D'[18996] L'[19100] F[19165] L[19286] F'[19334] D[19842] L'[20180] D'[20310] D[20519] R[20760] L[21248] R'[21441] R[21796] L'[21917] L'[21990] U[22062] L[22135] U'[22184] L[22312] F'[22449] F'[22513] R'[22618] D[22674] R[22763] F'[22803] F'[22867] R'[22972] D[23383],,,gan12,custom_rules,D' R2 L' B' D' R2 B2 D' F' R B2 L2 U L2 U R2 B2 U2 F2 D F2,random_state,custom_rules,,,,8,DB,0,0,23383,79,81,90,3.38,8308,15075,"",0,Cross,z2 D' B' D' F D' B' D' D2,z2[0] D'[0] B'[129] D'[387] F[653] D'[1281] B'[1580] D'[1911] D2[3216],false,true,3216,0,3216,3216,8,8,9,2.49,F2L Slot 1,B' U B U2' R U R',B'[5486] U[5639] B[5703] U2'[7001] R[7275] U[7388] R'[7493],false,true,4277,2270,2007,7493,7,7,8,3.49,F2L Slot 2,U2 B U U' U B' U' L' U' L,U2[8403] B[8991] U[9136] U'[9338] U[9620] B'[9765] U'[9894] L'[10329] U'[10442] L[10572],false,true,3079,1498,1581,10572,10,10,11,6.33,F2L Slot 3,U B U B2' U' B,U[10734] B[11161] U[11862] B2'[12829] U'[13047] B[13377],false,true,2805,589,2216,13377,6,6,7,2.71,F2L Slot 4,U B U' B' U2 R' U' R,U[13982] B[14094] U'[14190] B'[14327] U2[14489] R'[14835] U'[14940] R[15012],false,true,1635,717,918,15012,8,8,9,8.71,OLL,U' U U2' F R' F' R U R U' R' U U2' R U R' U' R' F R F',U'[16095] U[16521] U2'[17150] F[17400] R'[17505] F'[17602] R[17698] U[17787] R[17867] U'[17924] R'[18013] U[18117] U2'[18560] R[18697] U[18810] R'[18931] U'[18996] R'[19100] F[19165] R[19286] F'[19334],false,true,4322,2388,1934,19334,21,21,23,10.86,PLL,U R' U' U L M M' R' D R D' R F2' L' U L F2' L' U,U[19842] R'[20180] U'[20310] U[20519] L[20760] M[21441] M'[21917] R'[21990] D[22062] R[22135] D'[22184] R[22312] F2'[22513] L'[22618] U[22674] L[22763] F2'[22867] L'[22972] U[23383],false,true,4049,846,3203,23383,19,21,23,5.93,,,,,,,,,,,,,,,,,,,,,,,,,,
172ab82b-a1ea-4435-82e1-55b52f555987,2025-08-02 11:20:01 UTC,false,16606,CFOP,Gan12uiM,Gan 12 UI Maglev,Gan 356i,RandomForest,false,false,8653,16606,,U[0] F'[162] L'[323] F'[710] R[1242] R[1540] B'[2451] U[2668] D[3346] R'[3458] U[3756] D[4465] L'[4731] D'[5402] L[5515] D[5628] D[5724] R[5846] D[6007] R'[6103] D[6668] L'[6957] L[7111] D[7345] L[7498] B'[7586] L'[7731] B[7860] D[8134] D[8223] L'[8400] D'[8521] L[8626] D'[8932] D'[9488] D'[9617] R[9770] F[9923] L'[10060] F'[10270] L[10456] R'[10464] D[11536] F[11641] D[11745] F'[11811] D'[12293] B[12664] R'[12753] R'[12865] F'[13010] R'[13204] F[13518] R'[13631] B'[13752] D'[14445] D[14542] B[14735] F'[14743] R[14880] B[15001] F'[15009] F'[15106] B[15107] L[15107] F'[15347] B[15366] F'[15366] B[15367] R[15367] B[15671] F'[15680] U[15832] U[15921] B[16010] F'[16018] B[16082] F'[16091] D[16235] D[16316] D[16606],,,gan12,custom_rules,R2 L' D' L F B2 U' L B2 R' B2 U2 R2 L2 U' L2 F2 U2 F2 D2 B2 U',random_state,custom_rules,,,,8,DB,0,0,16606,60,66,81,3.61,5994,10612,"",0,Cross,z2 D F' R' F' L2 B' D U L' D,z2[0] D[0] F'[162] R'[323] F'[710] L2[1540] B'[2451] D[2668] U[3346] L'[3458] D[3756],false,true,3756,0,3756,3756,10,10,11,2.66,F2L Slot 1,U R' U' R U2 L U L',U[4465] R'[4731] U'[5402] R[5515] U2[5724] L[5846] U[6007] L'[6103],false,true,2347,975,1372,6103,8,8,9,5.83,F2L Slot 2,U R' R U R B' R' B U2 R' U' R,U[6668] R'[6957] R[7111] U[7345] R[7498] B'[7586] R'[7731] B[7860] U2[8223] R'[8400] U'[8521] R[8626],false,true,2523,854,1669,8626,12,12,13,7.19,F2L Slot 3,U3' L F R' F' M x,U3'[9617] L[9770] F[9923] R'[10060] F'[10270] M[10464] x[11000],false,true,1838,1144,694,10464,6,7,9,8.65,F2L Slot 4,U F U F',U[11536] F[11641] U[11745] F'[11811],false,true,1347,1177,170,11811,4,4,4,23.53,OLL,U' B L2' F' L' F L' B',U'[12293] B[12664] L2'[12865] F'[13010] L'[13204] F[13518] L'[13631] B'[13752],false,true,1941,853,1088,13752,8,8,9,7.35,PLL,U' U S U S2 U S2 U S U2 S2 U3,U'[14445] U[14542] S[14743] U[14880] S2[15107] U[15107] S2[15367] U[15367] S[15680] U2[15921] S2[16091] U3[16606],false,true,2854,991,1863,16606,12,17,26,6.44,,,,,,,,,,,,,,,,,,,,,,,,,,
e19909d2-f20d-49a3-a185-939222ac53b9,2025-08-02 11:20:47 UTC,false,20341,CFOP,Gan12uiM,Gan 12 UI Maglev,Gan 356i,RandomForest,false,false,13873,20341,,U'[0] B'[259] R'[726] B'[1041] B'[1106] B'[1459] B[1951] F[2217] F[2273] U[2862] U[2974] R[3362] R[3434] F[4804] F'[4951] D'[5064] F[5209] D[5306] F'[5386] F'[5450] R[5507] F[5611] R'[5668] F[5830] D'[5990] F'[6087] D'[6973] D[7199] D[7578] D[8126] R[8230] D'[8295] R'[8367] D[8440] R[8537] D'[8658] R'[8770] D[8867] R'[8980] B'[9069] L[9214] B[9343] R[9584] L'[9609] D[9851] R[9974] D'[10071] D'[10143] R'[10370] D[10499] B'[10861] D'[10973] B[11078] D[11643] D[11788] L[12134] D'[12215] D'[12287] L'[12424] D[12480] F'[12875] D'[12980] F[13028] D'[14277] R[14793] F[15012] D[15101] F'[15189] D'[15245] R'[15447] L[15449] D[15449] B[15705] D'[15769] B'[15874] L'[16035] D[16704] D[17244] F[17389] D'[17446] F[17744] D[18122] F'[18219] U[18299] F[18493] U'[18598] F[18815] D'[19210] U[19226] F'[19443] F'[19540] D[19637] F[19822] F[19927] U'[20020] F'[20188] F'[20268] D'[20341],,,gan12,custom_rules,F2 B' U F2 B2 U2 R' B' D' L B2 U' F2 U D2 F2 B2 L2 D F2 L2 U,random_state,custom_rules,,,,8,DB,0,0,20341,80,83,98,3.93,8053,12288,"",0,Cross,z2 D' B' L' B3' B F2 D2 L2,z2[0] D'[0] B'[259] L'[726] B3'[1459] B[1951] F2[2273] D2[2974] L2[3434],false,true,3434,0,3434,3434,8,8,13,2.33,F2L Slot 1,F F' U' F U F2' L F L' F U' F',F[4804] F'[4951] U'[5064] F[5209] U[5306] F2'[5450] L[5507] F[5611] L'[5668] F[5830] U'[5990] F'[6087],false,true,2653,1370,1283,6087,12,12,13,9.35,F2L Slot 2,U' U3 L U' L' U L U' L' U L' B' R B M' x',U'[6973] U3[8126] L[8230] U'[8295] L'[8367] U[8440] L[8537] U'[8658] L'[8770] U[8867] L'[8980] B'[9069] R[9214] B[9343] M'[9609] x'[9730],false,true,3522,2143,1379,9609,15,16,18,10.88,F2L Slot 3,U L U2' L' U B' U' B,U[9851] L[9974] U2'[10143] L'[10370] U[10499] B'[10861] U'[10973] B[11078],false,true,1469,365,1104,11078,8,8,9,7.25,F2L Slot 4,U2 R U2' R' U F' U' F,U2[11788] R[12134] U2'[12287] R'[12424] U[12480] F'[12875] U'[12980] F[13028],false,true,1950,1056,894,13028,8,8,10,8.95,OLL,U' L F U F' U' M F U F' U' R' x,U'[14277] L[14793] F[15012] U[15101] F'[15189] U'[15245] M[15449] F[15449] U[15705] F'[15769] U'[15874] R'[16035] x[16369],false,true,3007,1765,1242,16035,12,13,13,9.66,PLL,U2 F U' F U F' D F D' F E' L2' U L2 D' L2' U',U2[17244] F[17389] U'[17446] F[17744] U[18122] F'[18219] D[18299] F[18493] D'[18598] F[18815] E'[19226] L2'[19540] U[19637] L2[19927] D'[20020] L2'[20268] U'[20341],false,true,4306,1354,2952,20341,17,18,22,5.76,,,,,,,,,,,,,,,,,,,,,,,,,,
58cb5eac-b1ad-4be3-9485-c66f507daa5b,2025-08-02 11:21:26 UTC,false,20041,CFOP,Gan12uiM,Gan 12 UI Maglev,Gan 356i,RandomForest,false,false,9372,20041,,U[0] U[56] L[419] B[628] B[692] F'[959] U[1297] D'[1829] L[2281] D'[2691] L'[3150] L'[3247] D'[3730] L[3900] L'[4093] D[4367] L[4504] L'[4794] L[5255] R'[5505] B'[5642] L[5763] B[6029] R[6166] L'[6206] L[6432] D[6577] L'[6665] R'[6916] D[7004] R[7133] L[7366] D'[7423] D'[7519] L'[7617] D'[7770] B'[8012] D'[8180] B[8261] R'[9341] R[9663] L[9848] D'[9977] L'[10122] D'[10219] L[10317] D'[10373] L'[10485] D[10566] L'[10703] F'[10872] R[11300] F[11501] L[11702] R'[11823] D'[12129] D'[12315] L[12540] D[12670] L'[12766] D[12839] L'[13289] F[13379] L[13459] F'[13507] D'[13862] D'[14031] R[14289] F[14418] L'[14514] F'[14635] L[14909] R'[14990] D[15102] L[15151] D'[15247] L'[15537] D[16455] D[17012] L[17446] D'[17535] D[18123] L'[18252] D'[18333] L'[18728] L'[18800] B[18848] B[19082] L[19195] F[19276] L'[19348] B[19405] B[19582] L[19744] F'[19776] L[19912] D'[20041],,,gan12,custom_rules,U R L2 U' B2 U L' U2 L F' L2 B2 D' R2 U2 B2 L2 F2 D' F2 U2,random_state,custom_rules,,,,8,DB,0,0,20041,83,88,97,4.14,5698,14287,"",0,Cross,z R2 U B S D,z[28] R2[56] U[419] B[628] S[959] D[1297],false,true,1241,0,1241,1297,5,6,7,4.03,F2L Slot 1,U' R U' R2' U' R R' U R R' M U' R U M',U'[1829] R[2281] U'[2691] R2'[3247] U'[3730] R[3900] R'[4093] U[4367] R[4504] R'[4794] M[5505] U'[5642] R[5763] U[6029] M'[6206],false,true,4909,984,3925,6206,15,17,18,3.82,F2L Slot 2,R U R' L' U L R U2' R' U' B' U' B,R[6432] U[6577] R'[6665] L'[6916] U[7004] L[7133] R[7366] U2'[7519] R'[7617] U'[7770] B'[8012] U'[8180] B[8261],false,true,2055,226,1829,8261,13,13,14,7.11,F2L Slot 3,L' L R U' R' U' R U' R' U R' F' L F M x,L'[9341] L[9663] R[9848] U'[9977] R'[10122] U'[10219] R[10317] U'[10373] R'[10485] U[10566] R'[10703] F'[10872] L[11300] F[11501] M[11823] x[11976],false,true,3562,1080,2482,11823,15,16,16,6.04,F2L Slot 4,U2' R U R' U R' F R F',U2'[12315] R[12540] U[12670] R'[12766] U[12839] R'[13289] F[13379] R[13459] F'[13507],false,true,1684,717,967,13507,9,9,10,9.31,OLL,U2' L F R' F' M F R F' R' x,U2'[14031] L[14289] F[14418] R'[14514] F'[14635] M[14990] F[15102] R[15151] F'[15247] R'[15537] x[15996],false,true,2030,782,1248,15537,10,11,12,8.01,PLL,U2 R U' U R' U' R2' B2 R F R' B2 R F' R U',U2[17012] R[17446] U'[17535] U[18123] R'[18252] U'[18333] R2'[18800] B2[19082] R[19195] F[19276] R'[19348] B2[19582] R[19744] F'[19776] R[19912] U'[20041],false,true,4504,1909,2595,20041,16,16,20,6.17,,,,,,,,,,,,,,,,,,,,,,,,,,
890a0627-b113-439d-923c-4a294318c6b6,2025-08-02 11:22:08 UTC,false,16407,CFOP,Gan12uiM,Gan 12 UI Maglev,Gan 356i,RandomForest,false,false,14431,16407,,B[0] D'[322] U[725] L'[983] F[1410] D'[2248] D'[2554] R[2892] D'[2972] R'[3134] D[4157] D[4270] R'[4552] D[5147] R[5243] L'[5477] D[5582] L[5654] D'[6427] L[6726] D[6822] L'[6943] D[6999] L[7072] D'[7120] L'[7185] D[8104] D[8313] D[8643] F'[8772] R[8868] F[9005] R'[9061] F'[9473] R[9570] F[9658] R'[9706] D'[10077] D'[10497] D[10844] B[11061] F'[11319] F'[11456] R'[11649] F[11907] R'[12004] F'[12157] R[12198] R[12302] F[12382] R'[12479] F[12519] B'[12761] D'[13624] D[14195] F[14356] D'[14404] F[14638] D[14758] F'[14815] U[14912] F[15056] U'[15177] F[15354] D'[15427] U[15467] F'[15570] F'[15634] D[15683] F[15827] F[15892] U'[15964] F'[16093] F'[16133] D[16407],,,gan12,custom_rules,U2 F' R' F B U' L' F D B' L2 F2 D2 L2 U2 D' B2 L2 U F2 L2 D2,random_state,custom_rules,,,,8,DB,0,0,16407,62,66,75,3.78,8767,7640,"",0,Cross,z2 B U' D R' F,z2[0] B[0] U'[322] D[725] R'[983] F[1410],false,true,1410,0,1410,1410,5,5,5,3.55,F2L Slot 1,U2' L U' L',U2'[2554] L[2892] U'[2972] L'[3134],false,true,1724,1482,242,3134,4,4,5,16.53,F2L Slot 2,U2 L' U M' B R x',U2[4270] L'[4552] U[5147] M'[5477] B[5582] R[5654] x'[6040],false,true,2520,1418,1102,5654,6,7,8,5.44,F2L Slot 3,U' R U R' U R U' R',U'[6427] R[6726] U[6822] R'[6943] U[6999] R[7072] U'[7120] R'[7185],false,true,1531,1072,459,7185,8,8,8,17.43,F2L Slot 4,U3 F' L F L' F' L F L',U3[8643] F'[8772] L[8868] F[9005] L'[9061] F'[9473] L[9570] F[9658] L'[9706],false,true,2521,1587,934,9706,9,9,11,9.64,OLL,U2' U S F' U' F U' F' U2 F U' S',U2'[10497] U[10844] S[11319] F'[11456] U'[11649] F[11907] U'[12004] F'[12157] U2[12302] F[12382] U'[12479] S'[12761],false,true,3055,1613,1442,12761,12,14,16,8.32,PLL,U' U F U' F U F' D F D' F E' L2' U L2 D' L2' U,U'[13624] U[14195] F[14356] U'[14404] F[14638] U[14758] F'[14815] D[14912] F[15056] D'[15177] F[15354] E'[15467] L2'[15634] U[15683] L2[15892] D'[15964] L2'[16133] U[16407],false,true,3646,1595,2051,16407,18,19,22,8.78,,,,,,,,,,,,,,,,,,,,,,,,,,
f0929b0c-1f54-4af6-a280-d45f502e41fb,2025-08-02 11:22:45 UTC,false,16577,CFOP,Gan12uiM,Gan 12 UI Maglev,Gan 356i,RandomForest,false,false,10677,16577,,U'[0] L'[153] F[249] U'[556] D[3731] L'[3859] U'[4099] D[4397] R'[4583] D[4680] R[4792] B'[5418] D'[5660] B[5805] L[6119] D'[6192] L'[6296] D'[6465] L[6642] D[6795] L'[6884] R'[7069] B'[7222] L[7359] B[7416] R[7569] L'[7585] L[8535] D'[8600] D'[8680] L'[8769] F[9397] D[9558] F'[9743] L[10291] D[10459] L'[10531] D[10620] L[10660] D'[10733] L'[10814] D[11417] B[11908] D'[12053] F'[12150] D[12271] R[12408] D[12544] R'[12593] D'[12706] F[12850] B'[12867] D[14308] R[14526] L'[14534] R[14711] L'[14727] U[15372] L[15796] R'[15804] F[15998] F[16078] R[16223] L'[16231] U[16376] R[16473] L'[16481] R[16569] L'[16577],,,gan12,custom_rules,R F2 B' L F' R' D' L' D' F U D' R2 D2 R2 B2 L2 D F2 L2 D',random_state,custom_rules,,,,8,DB,0,0,16577,56,63,69,3.38,5250,11327,"",0,Cross,z2 D' R' F D' U R' D',z2[0] D'[0] R'[153] F[249] D'[556] U[3731] R'[3859] D'[4099],false,true,4099,0,4099,4099,7,7,7,1.71,F2L Slot 1,U L' U L B' U' B,U[4397] L'[4583] U[4680] L[4792] B'[5418] U'[5660] B[5805],false,true,1706,484,1222,5805,7,7,7,5.73,F2L Slot 2,R U' R' U' R U R' L' B' R B M' x',R[6119] U'[6192] R'[6296] U'[6465] R[6642] U[6795] R'[6884] L'[7069] B'[7222] R[7359] B[7416] M'[7585] x'[8060],false,true,1780,314,1466,7585,12,13,13,8.19,F2L Slot 3,R U2' R' F U F',R[8535] U2'[8680] R'[8769] F[9397] U[9558] F'[9743],false,true,2158,950,1208,9743,6,6,7,4.97,F2L Slot 4,R U R' U R U' R',R[10291] U[10459] R'[10531] U[10620] R[10660] U'[10733] R'[10814],false,true,1071,548,523,10814,7,7,7,13.38,OLL,U B U' F' U L U L' U' S' z,U[11417] B[11908] U'[12053] F'[12150] U[12271] L[12408] U[12544] L'[12593] U'[12706] S'[12867] z[13587],false,true,2053,1094,959,12867,10,11,11,10.43,PLL,U M2' U M U2 M' U M2',U[14308] M2'[14727] U[15372] M[15804] U2[16078] M'[16231] U[16376] M2'[16577],false,true,3710,1860,1850,16577,8,12,17,4.32,,,,,,,,,,,,,,,,,,,,,,,,,,
b21dc810-6d50-4814-9daa-a5c65e649dcc,2025-08-02 11:23:30 UTC,false,26518,CFOP,Gan12uiM,Gan 12 UI Maglev,Gan 356i,RandomForest,false,false,7379,26518,,F'[0] F'[56] L[507] U'[1232] B'[1409] F[2537] D'[2714] F'[2899] L[3391] L[3512] D[5498] D[5587] B[5828] D'[5901] D'[5981] B'[6102] D'[6497] D'[6618] R[7415] D[7601] R'[7689] D[8599] B[8736] D[8889] B'[8978] D'[9155] L[9525] L'[10049] D'[10523] F[11054] F'[11304] D'[11948] F'[12077] R[12158] F[12246] R'[12303] D[12705] B'[12858] L'[13028] F[13149] L[13221] F'[13382] B[13385] D[14848] B[15323] D[15428] B'[15516] D'[15596] B[15677] D[15766] B'[15822] D[16538] D[16619] L'[16917] L[17376] R'[17747] L[17771] L'[18214] D[18544] L[18673] D'[18786] B'[18874] D'[18987] B[19052] D[19172] L'[19277] R[19293] D'[20187] B[20689] D[20794] B'[20874] B[21358] D'[21422] B'[21527] B[22332] D[22501] D'[23098] B'[23259] B[23492] D[23589] B'[23702] D[23766] B[23920] D[24097] B'[24177] L'[24338] B[24427] D[24507] B'[24596] D'[24652] B'[24733] L[24813] B[24886] B[24950] D'[25023] B'[25168] D[25217] D[25321] B[25402] D'[25498] B'[25603] B[25793] D'[26074] D[26308] B'[26461] D[26518],,,gan12,custom_rules,R' U D2 L2 D2 B R' U' F R2 B2 R2 D L2 U L2 F2 D2 B2 U2 R2,random_state,custom_rules,,,,8,DB,0,0,26518,95,98,106,3.58,8347,18115,"",0,Cross,z2 F2' R D' B' F U' F' R2,z2[28] F2'[56] R[507] D'[1232] B'[1409] F[2537] U'[2714] F'[2899] R2[3512],false,true,3456,0,3456,3512,8,8,10,2.31,F2L Slot 1,U2 B U2' B' U2' L U L',U2[5587] B[5828] U2'[5981] B'[6102] U2'[6618] L[7415] U[7601] L'[7689],false,true,4177,2316,1861,7689,8,8,11,4.3,F2L Slot 2,U B U B' U' R R' U' F F' U' F' L F L',U[8599] B[8736] U[8889] B'[8978] U'[9155] R[9525] R'[10049] U'[10523] F[11054] F'[11304] U'[11948] F'[12077] L[12158] F[12246] L'[12303],false,true,4614,1047,3567,12303,15,15,15,4.21,F2L Slot 3,U B' R' F R S z',U[12705] B'[12858] R'[13028] F[13149] R[13221] S[13385] z'[14116],false,true,1082,555,527,13385,6,7,7,11.39,F2L Slot 4,U B U B' U' B U B',U[14848] B[15323] U[15428] B'[15516] U'[15596] B[15677] U[15766] B'[15822],false,true,2437,1938,499,15822,8,8,8,16.03,OLL,U2 R' R M R' F R F' U' F' U F M',U2[16619] R'[16917] R[17376] M[17771] R'[18214] F[18544] R[18673] F'[18786] U'[18874] F'[18987] U[19052] F[19172] M'[19293],false,true,3471,1095,2376,19293,13,15,16,5.47,PLL,U' B U B' B U' B' B U U' B' B U B' U B U B' R' B U B' U' B' R B2 U' B' U2 B U' B' B U' U B' U,U'[20187] B[20689] U[20794] B'[20874] B[21358] U'[21422] B'[21527] B[22332] U[22501] U'[23098] B'[23259] B[23492] U[23589] B'[23702] U[23766] B[23920] U[24097] B'[24177] R'[24338] B[24427] U[24507] B'[24596] U'[24652] B'[24733] R[24813] B2[24950] U'[25023] B'[25168] U2[25321] B[25402] U'[25498] B'[25603] B[25793] U'[26074] U[26308] B'[26461] U[26518],false,true,7225,1396,5829,26518,37,37,39,6.35,,,,,,,,,,,,,,,,,,,,,,,,,,
6e3ece61-56b1-453f-a7ae-b190115b43df,2025-08-02 11:24:07 UTC,false,20030,CFOP,Gan12uiM,Gan 12 UI Maglev,Gan 356i,RandomForest,false,false,7665,20030,,U[0] R'[233] R'[298] L'[1015] F[1112] L[1281] U[1563] U[1636] D'[2152] F'[2474] R[2603] F[2836] D'[3682] B[3900] D'[3996] B'[4150] F'[4464] D'[4569] D'[4665] F[4778] D'[4923] L[5792] D[6316] L'[6487] D[7178] D'[7943] D[8226] F[8322] D'[8371] F'[8443] D[8532] D'[8742] D[8895] F[9088] D'[9168] F'[9265] D[9644] D[10418] R[10595] D'[10740] R'[10878] D[11128] D[11225] R'[11466] D'[11547] R[11684] D'[11781] D'[11877] R'[11942] D[12006] R[12112] D[13489] D'[13683] B[13828] D[13901] B'[14005] D[14053] B[14126] D'[14174] B'[14239] D[15053] L[15238] D[15480] B[15553] D'[15609] B'[15714] D[15786] B[15883] D'[15920] B'[16024] L'[16242] D'[17233] D'[18064] B[18265] D[18394] B'[18475] U[18564] D'[18604] B[18765] B[18845] D'[18918] B[19039] D'[19152] B'[19281] D[19337] B'[19393] D[19466] B[19604] B[19676] U'[19829] D[19925] D[20030],,,gan12,custom_rules,U2 D F' U2 R B' U L2 D' L' U2 F2 D F2 B2 L2 D F2 R2 D',random_state,custom_rules,,,,8,DB,0,0,20030,83,85,92,4.14,8225,11805,"",0,Cross,z2 D L2' R' F R D2 U' F' L F,z2[0] D[0] L2'[298] R'[1015] F[1112] R[1281] D2[1636] U'[2152] F'[2474] L[2603] F[2836],false,true,2836,0,2836,2836,10,10,12,3.53,F2L Slot 1,U' B U' B' F' U2' F U' R U R',U'[3682] B[3900] U'[3996] B'[4150] F'[4464] U2'[4665] F[4778] U'[4923] R[5792] U[6316] R'[6487],false,true,3651,1064,2587,6487,11,11,12,4.25,F2L Slot 2,U U' U F U' F' U U' U F U' F' U U L U' L',U[7178] U'[7943] U[8226] F[8322] U'[8371] F'[8443] U[8532] U'[8742] U[8895] F[9088] U'[9168] F'[9265] U[9644] U[10418] L[10595] U'[10740] L'[10878],false,true,4391,1835,2556,10878,17,17,17,6.65,F2L Slot 3,U2 L' U' L U2' L' U L,U2[11225] L'[11466] U'[11547] L[11684] U2'[11877] L'[11942] U[12006] L[12112],false,true,1234,588,646,12112,8,8,10,12.38,F2L Slot 4,U U' B U B' U B U' B',U[13489] U'[13683] B[13828] U[13901] B'[14005] U[14053] B[14126] U'[14174] B'[14239],false,true,2127,1716,411,14239,9,9,9,21.9,OLL,U R U B U' B' U B U' B' R',U[15053] R[15238] U[15480] B[15553] U'[15609] B'[15714] U[15786] B[15883] U'[15920] B'[16024] R'[16242],false,true,2003,999,1004,16242,11,11,11,10.96,PLL,U' U' B U B' E' R2 U' R U' R' U R' U R2 E U,U'[17233] U'[18064] B[18265] U[18394] B'[18475] E'[18604] R2[18845] U'[18918] R[19039] U'[19152] R'[19281] U[19337] R'[19393] U[19466] R2[19676] E[19925] U[20030],false,true,3788,2023,1765,20030,17,19,21,9.63,,,,,,,,,,,,,,,,,,,,,,,,,,
d9f231b6-6063-4a09-b4e7-f62cd398702b,2025-08-02 11:24:43 UTC,false,13370,CFOP,Gan12uiM,Gan 12 UI Maglev,Gan 356i,RandomForest,false,false,14003,13370,,B'[0] R'[258] U[645] L'[1129] B'[1596] F'[1967] U'[2426] D'[3055] L[3272] D'[3337] D'[3426] L'[3539] D'[3684] L[3805] D[3885] L'[3974] R'[4595] D[4691] D[4796] R[4933] L[5131] B[5267] R'[5380] B'[5477] R[6025] R'[6146] R[6622] L'[6638] D[6775] R'[6976] D[7073] R[7243] R'[7436] B'[7581] L[7710] B[7774] R[7912] L'[7920] D[8758] D[8863] F[8960] D'[9040] F'[9097] D[9452] D[9887] D'[10484] F'[10670] R[10766] R[10863] B[11065] R[11162] B'[11315] R[11436] F[11564] F'[12379] R[12427] F'[12556] L[12596] L[12782] F[12887] R'[12927] F'[13016] L[13064] L[13241] F[13322] F[13370],,,gan12,custom_rules,R B' L B2 U F B' L B' D' R2 U2 F2 L2 D' R2 U' L2 D R2 L2 F2,random_state,custom_rules,,,,8,DB,0,0,13370,56,58,66,4.19,5233,8137,"",0,Cross,z2 B' L' D R' B' F' D',z2[0] B'[0] L'[258] D[645] R'[1129] B'[1596] F'[1967] D'[2426],false,true,2426,0,2426,2426,7,7,7,2.89,F2L Slot 1,U' R U2' R' U' R U R',U'[3055] R[3272] U2'[3426] R'[3539] U'[3684] R[3805] U[3885] R'[3974],false,true,1548,846,702,3974,8,8,9,11.4,F2L Slot 2,L' U2 L R B L' B' L L' M' x',L'[4595] U2[4796] L[4933] R[5131] B[5267] L'[5380] B'[5477] L[6025] L'[6146] M'[6638] x'[6706],false,true,2664,621,2043,6638,10,11,12,4.89,F2L Slot 3,U L' U L L' B' R B M' x',U[6775] L'[6976] U[7073] L[7243] L'[7436] B'[7581] R[7710] B[7774] M'[7920] x'[8339],false,true,1282,338,944,7920,9,10,10,9.53,F2L Slot 4,U2 F U' F',U2[8863] F[8960] U'[9040] F'[9097],false,true,1177,1040,137,9097,4,4,5,29.2,OLL,U2 U' F' L2 B L B' L F,U2[9887] U'[10484] F'[10670] L2[10863] B[11065] L[11162] B'[11315] L[11436] F[11564],false,true,2467,1573,894,11564,9,9,11,10.07,PLL,F' L F' R2 F L' F' R2 F2,F'[12379] L[12427] F'[12556] R2[12782] F[12887] L'[12927] F'[13016] R2[13241] F2[13370],false,true,1806,815,991,13370,9,9,12,9.08,,,,,,,,,,,,,,,,,,,,,,,,,,
aa84fa46-e88e-4335-8a8e-29323de8ef9d,2025-08-02 11:25:23 UTC,false,14789,CFOP,Gan12uiM,Gan 12 UI Maglev,Gan 356i,RandomForest,false,false,16608,14789,,D'[0] L'[210] L'[282] D[693] F[991] F[1378] U[1708] U[1797] D'[2329] F[2821] D[2966] F'[3063] F'[3151] D'[3240] F[3417] D'[3660] B'[4337] B[4417] B[4537] D[4602] B'[4747] D[5079] B'[5635] D[6150] B[6264] D[6392] D[6650] F[6835] D[6972] F'[7061] D[7440] B'[8262] D[8358] D[8431] B[8593] D'[8665] D[8995] B[9132] R'[9189] B'[9269] R[9439] D[9841] R[10405] F'[10509] R'[10598] F[10703] D[10784] D[10872] F[10953] D'[11025] F'[11122] D[11179] F[11243] D'[11332] D'[11622] F'[11735] D'[12484] D'[12597] B[12895] F'[13033] F'[13113] U[13169] F[13250] U'[13298] F[13427] R'[13565] R'[14072] B'[14273] D[14338] B[14459] R'[14499] R'[14588] B'[14676] D[14725] D[14789],,,gan12,custom_rules,B' R2 F U2 L F' U2 F' U B2 L2 D' L2 U F2 U' F2 D' R2 D' L2 U2,random_state,custom_rules,,,,8,DB,0,0,14789,61,62,75,4.12,6297,8492,"",0,Cross,z2 U' R2' U F2 D2,z2[0] U'[0] R2'[282] U[693] F2[1378] D2[1797],false,true,1797,0,1797,1797,5,5,8,2.78,F2L Slot 1,U' F U F2' U' F,U'[2329] F[2821] U[2966] F2'[3151] U'[3240] F[3417],false,true,1620,1024,596,3417,6,6,7,10.07,F2L Slot 2,U' B' B2 U B',U'[3660] B'[4337] B2[4537] U[4602] B'[4747],false,true,1330,920,410,4747,5,5,6,12.2,F2L Slot 3,U B' U B U2 F U F',U[5079] B'[5635] U[6150] B[6264] U2[6650] F[6835] U[6972] F'[7061],false,true,2314,888,1426,7061,8,8,9,5.61,F2L Slot 4,U B' U2 B U' U B L' B' L,U[7440] B'[8262] U2[8431] B[8593] U'[8665] U[8995] B[9132] L'[9189] B'[9269] L[9439],false,true,2378,1201,1177,9439,10,10,11,8.5,OLL,U L F' L' F U2 F U' F' U F U2' F',U[9841] L[10405] F'[10509] L'[10598] F[10703] U2[10872] F[10953] U'[11025] F'[11122] U[11179] F[11243] U2'[11622] F'[11735],false,true,2296,966,1330,11735,13,13,15,9.77,PLL,U2' S F' L F L' F U2' B' R B U2' B' R2,U2'[12597] S[13033] F'[13113] L[13169] F[13250] L'[13298] F[13427] U2'[14072] B'[14273] R[14338] B[14459] U2'[14588] B'[14676] R2[14789],false,true,3054,1298,1756,14789,14,15,19,7.97,,,,,,,,,,,,,,,,,,,,,,,,,,
89ceba9b-d296-47d6-ac31-dfbb7905a2eb,2025-08-02 11:26:07 UTC,false,14221,CFOP,Gan12uiM,Gan 12 UI Maglev,Gan 356i,RandomForest,false,false,19631,14221,,L'[0] U[136] D'[193] L'[418] F[829] L[1127] D'[1233] L'[1394] D[1571] F'[1901] D[2006] F[2086] B[2425] R'[2506] B'[2602] D[3335] D'[3835] D'[3973] F[4215] D'[4303] F'[4439] D[4488] D[4585] F[4657] D'[4746] F'[4842] D'[5522] B[6053] D[6166] B'[6247] B'[6335] D'[6408] B[6496] D'[6795] D'[7118] B[7238] D[7310] B'[7399] B'[7471] L[7528] B[7608] L'[7649] B[7737] D'[7883] B'[7947] D'[8374] D[8656] D[8777] F[9059] L[9172] B'[9260] L'[9389] F'[9526] L[9575] B[9704] B[9768] D[9849] B'[9929] D'[10010] L'[10147] D[10990] D[11070] D[11877] B[12255] D'[12335] B[12594] D[12698] B'[12819] U[12964] B[13125] U'[13197] B[13383] D'[13424] U[13504] B'[13625] B'[13697] D[13729] B[13890] B[13955] U'[14060] B'[14132] B'[14221],,,gan12,custom_rules,R' D' L' D' F' L2 D2 R2 U' L' B2 R2 U' B2 U B2 U F2 B2 U D,random_state,custom_rules,,,,8,DB,0,0,14221,69,71,82,4.85,6786,7435,"",1,Cross,z2 R' E' F' L F U' F' U L' U L R B' R',z2[0] R'[0] E'[193] F'[418] L[829] F[1127] U'[1233] F'[1394] U[1571] L'[1901] U[2006] L[2086] R[2425] B'[2506] R'[2602],false,true,2602,0,2602,2602,14,15,15,5.38,F2L Slot 1,,"",true,false,0,0,0,2602,0,0,0,0,F2L Slot 2,U U2' L U' L' U2 L U' L',U[3335] U2'[3973] L[4215] U'[4303] L'[4439] U2[4585] L[4657] U'[4746] L'[4842],false,true,2240,1613,627,4842,9,9,11,14.35,F2L Slot 3,U' R U R2' U' R,U'[5522] R[6053] U[6166] R2'[6335] U'[6408] R[6496],false,true,1654,1211,443,6496,6,6,7,13.54,F2L Slot 4,U2' R U R2' F R F' R U' R',U2'[7118] R[7238] U[7310] R2'[7471] F[7528] R[7608] F'[7649] R[7737] U'[7883] R'[7947],false,true,1451,742,709,7947,10,10,12,14.1,OLL,U' U2 L F R' F' L' F R2 U R' U' F',U'[8374] U2[8777] L[9059] F[9172] R'[9260] F'[9389] L'[9526] F[9575] R2[9768] U[9849] R'[9929] U'[10010] F'[10147],false,true,2200,1112,1088,10147,13,13,15,11.95,PLL,U2 U R U' R U R' D R D' R E' F2' U F2 D' F2',U2[11070] U[11877] R[12255] U'[12335] R[12594] U[12698] R'[12819] D[12964] R[13125] D'[13197] R[13383] E'[13504] F2'[13697] U[13729] F2[13955] D'[14060] F2'[14221],false,true,4074,2108,1966,14221,17,18,22,8.65,,,,,,,,,,,,,,,,,,,,,,,,,,
c07b546e-b4cb-48bb-a726-6d4550687700,2025-08-02 11:26:34 UTC,false,14079,CFOP,Gan12uiM,Gan 12 UI Maglev,Gan 356i,RandomForest,false,false,3512,14079,,L'[0] L'[56] F'[153] U[459] U[692] L[861] R[1756] D'[1933] R'[2062] D[2521] D[3093] F'[3416] D'[3520] F[3609] F'[3810] D[3923] F[4060] D[4180] R'[4592] D'[4688] R[4785] D'[5429] D'[5993] L[6605] D[6742] L'[6888] D[7895] B[8080] D'[8145] D'[8233] B'[8370] D[8418] D[8531] B[8611] D'[8684] B'[8749] D'[9530] D[9748] F[9892] L[10030] B'[10143] L[10207] B[10304] L'[10352] B'[10470] L[10518] B[10599] L'[10655] L'[10728] F'[10832] D[11743] D[12065] B[12274] B[12427] D[12589] B'[12710] D[12750] B'[12814] D'[12871] B[13015] D'[13096] B[13201] B[13265] D'[13329] U[13346] B'[13772] D[13861] B[13926] U'[14079],,,gan12,custom_rules,R2 U' B U L' U2 R' F B2 L' D R2 F2 U R2 U F2 U2 L2 U L2 F2,random_state,custom_rules,,,,8,DB,0,0,14079,58,59,69,4.12,7999,6024,"",0,Cross,z2 R2' F' D2 R,z2[28] R2'[56] F'[153] D2[692] R[861],false,true,805,0,805,861,4,4,6,4.97,F2L Slot 1,L U' L',L[1756] U'[1933] L'[2062],false,true,1201,895,306,2062,3,3,3,9.8,F2L Slot 2,U2 F' U' F F' U F U L' U' L,U2[3093] F'[3416] U'[3520] F[3609] F'[3810] U[3923] F[4060] U[4180] L'[4592] U'[4688] L[4785],false,true,2723,1354,1369,4785,11,11,12,8.04,F2L Slot 3,U2' R U R',U2'[5993] R[6605] U[6742] R'[6888],false,true,2103,1820,283,6888,4,4,5,14.13,F2L Slot 4,U B U2' B' U2 B U' B',U[7895] B[8080] U2'[8233] B'[8370] U2[8531] B[8611] U'[8684] B'[8749],false,true,1861,1192,669,8749,8,8,10,11.96,OLL,U' U F R B' R B R' B' R B R2' F',U'[9530] U[9748] F[9892] R[10030] B'[10143] R[10207] B[10304] R'[10352] B'[10470] R[10518] B[10599] R2'[10728] F'[10832],false,true,2083,1143,940,10832,13,13,14,13.83,PLL,U2 B2 U B' U B' U' B U' B2 E' R' U R D',U2[12065] B2[12427] U[12589] B'[12710] U[12750] B'[12814] U'[12871] B[13015] U'[13096] B2[13265] E'[13346] R'[13772] U[13861] R[13926] D'[14079],false,true,3247,1595,1652,14079,15,16,19,9.08,,,,,,,,,,,,,,,,,,,,,,,,,,
0f6cb1f8-dfe5-468b-a49c-2b69c23a18dc,2025-08-02 11:27:04 UTC,false,13645,CFOP,Gan12uiM,Gan 12 UI Maglev,Gan 356i,RandomForest,false,false,3747,13645,,F'[0] L'[346] B'[564] F[934] F[1038] D[1440] D[1537] R'[1786] R'[1939] D'[2358] L[2584] D'[2632] D'[2729] L'[2842] D[2906] D[3011] R'[3188] D'[3269] R[3422] D'[3793] D'[4896] B[5267] D'[5331] B'[5517] D'[5759] D'[6364] L[6550] D'[6655] D'[6727] L'[6848] D[6904] F'[7307] D'[7404] F[7476] D[7759] B'[8073] D[8169] B[8540] D'[8636] R[8895] D[9023] R'[9160] B[10046] R'[10159] B'[10336] B'[10393] L[10481] B[10618] B[10683] R[10820] B'[10916] B'[10973] L'[11037] B[11110] D[11670] D[11943] F'[12072] B[12074] F'[12074] B[12075] U[12075] F[12419] B'[12443] R[12556] R[12644] F'[12749] B[12752] U[12752] B[13394] F'[13402] F'[13507] B[13509] D[13509] D[13645],,,gan12,custom_rules,U2 F' L' D2 F R L D' B' L' F2 U' R2 U' F2 U' B2 U' B2 D' R2 U',random_state,custom_rules,,,,8,DB,0,0,13645,53,57,74,3.88,5971,7674,"",0,Cross,z2 F' R' B' F2 U2 L2',z2[0] F'[0] R'[346] B'[564] F2[1038] U2[1537] L2'[1939],false,true,1939,0,1939,1939,6,6,9,3.09,F2L Slot 1,U' R U2' R' U2 L' U' L,U'[2358] R[2584] U2'[2729] R'[2842] U2[3011] L'[3188] U'[3269] L[3422],false,true,1483,645,838,3422,8,8,10,9.55,F2L Slot 2,U' U' B U' B',U'[3793] U'[4896] B[5267] U'[5331] B'[5517],false,true,2095,1845,250,5517,5,5,5,20.0,F2L Slot 3,U2' R U2' R' U F' U' F,U2'[6364] R[6550] U2'[6727] R'[6848] U[6904] F'[7307] U'[7404] F[7476],false,true,1959,1033,926,7476,8,8,10,8.64,F2L Slot 4,U B' U B U' L U L',U[7759] B'[8073] U[8169] B[8540] U'[8636] L[8895] U[9023] L'[9160],false,true,1684,597,1087,9160,8,8,8,7.36,OLL,B L' B2' R B2 L B2' R' B,B[10046] L'[10159] B2'[10393] R[10481] B2[10683] L[10820] B2'[10973] R'[11037] B[11110],false,true,1950,886,1064,11110,9,9,12,8.46,PLL,U2 S2 U S' U2 S U S2 U2,U2[11943] S2[12075] U[12075] S'[12443] U2[12644] S[12752] U[12752] S2[13509] U2[13645],false,true,2535,965,1570,13645,9,13,20,5.73,,,,,,,,,,,,,,,,,,,,,,,,,,
6921239a-3e17-4b59-9dc8-2d0a1b0af808,2025-08-02 11:27:45 UTC,false,19221,CFOP,Gan12uiM,Gan 12 UI Maglev,Gan 356i,RandomForest,false,false,12712,19221,,R'[0] R'[65] L[726] F[1024] L'[1306] U[1919] R[2345] U[2692] U[2756] F[3683] D'[3908] F'[4037] D'[4489] F[5247] D'[5360] F'[5456] D'[5682] L'[6012] D'[6100] L[6157] D'[7607] F'[7922] D[8075] F[8252] D'[8501] R'[8622] D[8695] R[8800] D'[9154] L[9476] D'[9549] L'[9638] R[9871] D'[9968] R'[10097] D'[10801] D'[10930] D'[11180] L[11309] D'[11398] L'[11567] F'[12002] B[12004] D[12004] R[12236] D'[12324] R'[12397] F[12663] B'[12664] D[14065] F'[14612] D[14782] F[14935] L[15612] D[15861] L'[15951] D'[15999] L'[16135] F[16191] L[16304] F'[16336] L[17432] D[17529] L'[17601] D'[17674] L'[17778] F[17835] L[17907] L[17964] D'[18004] L'[18084] D'[18205] L[18278] D[18423] L'[18503] F'[18616] D'[19091] D'[19221],,,gan12,custom_rules,R F' U' B L' F R' U L F2 U R2 U D' B2 L2 B2 L2 D' B2 D R2,random_state,custom_rules,,,,8,DB,0,0,19221,69,72,78,3.59,6353,12803,"",0,Cross,z2 L2' R F R' D L D2,z2[32] L2'[65] R[726] F[1024] R'[1306] D[1919] L[2345] D2[2756],false,true,2691,0,2691,2756,7,7,9,2.6,F2L Slot 1,F U' F' U' F U' F' U' R' U' R,F[3683] U'[3908] F'[4037] U'[4489] F[5247] U'[5360] F'[5456] U'[5682] R'[6012] U'[6100] R[6157],false,true,3401,927,2474,6157,11,11,11,4.45,F2L Slot 2,U' F' U F U' L' U L,U'[7607] F'[7922] U[8075] F[8252] U'[8501] L'[8622] U[8695] L[8800],false,true,2643,1765,878,8800,8,8,8,9.11,F2L Slot 3,U' R U' M' B' L' x',U'[9154] R[9476] U'[9549] M'[9871] B'[9968] L'[10097] x'[10449],false,true,1297,676,621,10097,6,7,7,9.66,F2L Slot 4,U3' R U' R' S R U R' U' S' U F' U F,U3'[11180] R[11309] U'[11398] R'[11567] S[12004] R[12004] U[12236] R'[12324] U'[12397] S'[12664] U[14065] F'[14612] U[14782] F[14935],false,true,4838,1212,3626,14935,14,16,18,3.86,OLL,R U R' U' R' F R F',R[15612] U[15861] R'[15951] U'[15999] R'[16135] F[16191] R[16304] F'[16336],false,true,1401,677,724,16336,8,8,8,11.05,PLL,R U R' U' R' F R2 U' R' U' R U R' F' U2',R[17432] U[17529] R'[17601] U'[17674] R'[17778] F[17835] R2[17964] U'[18004] R'[18084] U'[18205] R[18278] U[18423] R'[18503] F'[18616] U2'[19221],false,true,2885,1096,1789,19221,15,15,17,8.38,,,,,,,,,,,,,,,,,,,,,,,,,,
5d8c4255-5348-41c3-8844-d42132a7cc6d,2025-08-02 11:28:30 UTC,false,25029,CFOP,Gan12uiM,Gan 12 UI Maglev,Gan 356i,RandomForest,false,false,10221,25029,,U[0] L'[194] B'[500] L[766] L[854] U[1241] D[1458] F'[1684] D[1845] F'[2006] D[2804] D[2941] D[3320] F'[3465] D'[3561] F[3706] D'[3779] D'[3867] F'[3956] D[4037] F[4125] F'[4992] D'[5096] F[5193] D'[5677] L'[5863] D[5935] L[6015] L[6248] D[6410] L'[6483] D[6917] R'[7151] D[7231] D[7352] R[7843] D[8021] D[8141] F'[8472] D'[8577] F[8649] B'[9551] D[9696] D[9801] B[9945] D[10088] B'[10193] D'[10346] B[10491] R'[11039] D[11490] R[11667] D'[12111] D'[12577] D'[12924] R[13012] D[13117] R'[13222] D[13286] R'[13431] B[13520] R[13609] B'[13657] R[13770] D'[13890] D'[13987] R'[14052] D[16468] L'[16613] F[16685] L[16790] F'[16846] L[16951] D[17056] L'[17136] D'[18143] D[18739] D[19190] L'[19746] F'[19834] L[19931] R'[20125] D'[20221] R[20318] D[20423] L'[20527] F[20672] F[21124] L[21252] L'[21702] F'[21791] L[21904] D[22766] L[23121] D[23225] L'[23305] D'[23410] U[23426] L[23628] L[23740] D'[23845] L[24014] D'[24167] L'[24304] D[24352] L'[24409] D[24465] L[24570] L[24658] U'[24755] D[24900] D[25029],,,gan12,custom_rules,U' R L2 B R2 U B U' B' L' U2 F2 D B2 R2 U2 B2 U F2 L2 B2 L2,random_state,custom_rules,,,,8,DB,0,0,25029,94,97,112,3.76,7412,17617,"",0,Cross,z2 D R' B' R2 D U F' U F',z2[0] D[0] R'[194] B'[500] R2[854] D[1241] U[1458] F'[1684] U[1845] F'[2006],false,true,2006,0,2006,2006,9,9,10,4.49,F2L Slot 1,U3 F' U' F U2' F' U F F' U' F U' R' U R,U3[3320] F'[3465] U'[3561] F[3706] U2'[3867] F'[3956] U[4037] F[4125] F'[4992] U'[5096] F[5193] U'[5677] R'[5863] U[5935] R[6015],false,true,4009,1459,2550,6015,15,15,18,5.88,F2L Slot 2,R U R' U L' U2 L U2 F' U' F B' U2 B U B' U' B,R[6248] U[6410] R'[6483] U[6917] L'[7151] U2[7352] L[7843] U2[8141] F'[8472] U'[8577] F[8649] B'[9551] U2[9801] B[9945] U[10088] B'[10193] U'[10346] B[10491],false,true,4476,233,4243,10491,18,18,21,4.24,F2L Slot 3,L' U L,L'[11039] U[11490] L[11667],false,true,1176,548,628,11667,3,3,3,4.78,F2L Slot 4,U3' L U L' U L' B L B' L U2' L' U R' F R F' R U R',U3'[12924] L[13012] U[13117] L'[13222] U[13286] L'[13431] B[13520] L[13609] B'[13657] L[13770] U2'[13987] L'[14052] U[16468] R'[16613] F[16685] R[16790] F'[16846] R[16951] U[17056] R'[17136],false,true,5469,1345,4124,17136,20,20,23,4.85,OLL,U' U2 R' F' M F' L F R' D2 R R' D' R x,U'[18143] U2[19190] R'[19746] F'[19834] M[20125] F'[20221] L[20318] F[20423] R'[20527] D2[21124] R[21252] R'[21702] D'[21791] R[21904] x[22335],false,true,4768,2610,2158,21904,14,15,17,6.49,PLL,U R U R' E' F2 U' F U' F' U F' U F2 E U,U[22766] R[23121] U[23225] R'[23305] E'[23426] F2[23740] U'[23845] F[24014] U'[24167] F'[24304] U[24352] F'[24409] U[24465] F2[24658] E[24900] U[25029],false,true,3125,1217,1908,25029,16,18,20,8.39,,,,,,,,,,,,,,,,,,,,,,,,,,
39918198-6128-42c2-a8b7-14f042210bf3,2025-08-02 11:29:17 UTC,false,27824,CFOP,Gan12uiM,Gan 12 UI Maglev,Gan 356i,RandomForest,false,false,10631,27824,,F'[0] U[274] R'[532] B[701] B[798] U'[1144] D'[1715] R'[1812] D[2473] D[2690] D[5157] D[5681] D[6470] R'[6598] D[7235] R[7412] L'[7637] D[7734] L[7847] D[8942] D[9023] L[9289] D'[9377] L'[9530] D[10078] R[10577] D'[10666] R'[10762] D'[10843] R[10964] D'[11012] R'[11391] D[11447] R[11503] D'[11576] R'[11640] R'[12397] D[12784] R[12880] D'[12977] F[13259] D[13404] F'[13500] D'[14217] L[14531] B[14700] R'[14789] B[14870] R[14958] B'[15015] B'[15103] L'[15184] L'[15417] F'[15727] R[15888] F'[15984] R'[16113] F'[16234] F'[16338] L[16475] D[17297] R[17410] D[17514] R'[17603] D'[17651] R'[17764] B[17820] R[17901] R[17981] D'[18030] R'[18086] R[18513] D[18658] R'[18739] D'[18859] B'[19109] B[19568] D[20027] R[20083] D'[20164] R'[20237] B'[21024] B[21572] R[21862] D[22208] R'[22337] B'[22546] D'[22892] D[23352] B[23553] R'[23674] B'[23762] R[23851] D[23947] R[24004] D'[24060] R'[24141] D'[24286] D[25566] R[25695] D[25905] D'[25988] D[26414] R'[26544] D'[26616] R'[26753] B[26825] R[26882] R[27018] D'[27059] R'[27155] D'[27276] R[27357] D[27486] R'[27583] B'[27671] D'[27824],,,gan12,custom_rules,F D' F U2 R L2 U F2 R F L D F2 R2 D F2 B2 L2 U L2 B2,random_state,custom_rules,,,,8,DB,0,0,27824,107,108,117,3.85,9998,17826,"",0,Cross,z2 F' D L' B2 D' U' L',z2[0] F'[0] D[274] L'[532] B2[798] D'[1144] U'[1715] L'[1812],false,true,1812,0,1812,1812,7,7,8,3.86,F2L Slot 1,U2 U2 U L' U M' B R x',U2[2690] U2[5681] U[6470] L'[6598] U[7235] M'[7637] B[7734] R[7847] x'[8394],false,true,6035,4786,1249,7847,8,9,11,6.41,F2L Slot 2,U2 R U' R',U2[9023] R[9289] U'[9377] R'[9530],false,true,1683,1442,241,9530,4,4,5,16.6,F2L Slot 3,U L U' L' U' L U' L' U L U' L',U[10078] L[10577] U'[10666] L'[10762] U'[10843] L[10964] U'[11012] L'[11391] U[11447] L[11503] U'[11576] L'[11640],false,true,2110,1047,1063,11640,12,12,12,11.29,F2L Slot 4,L' U L U' F U F',L'[12397] U[12784] L[12880] U'[12977] F[13259] U[13404] F'[13500],false,true,1860,757,1103,13500,7,7,7,6.35,OLL,U' R B L' B L B2' R2' F' L F' L' F2' R,U'[14217] R[14531] B[14700] L'[14789] B[14870] L[14958] B2'[15103] R2'[15417] F'[15727] L[15888] F'[15984] L'[16113] F2'[16338] R[16475],false,true,2975,1031,1944,16475,14,14,17,7.2,PLL,U L U L' U' L' B L2 U' L' L U L' U' B' B U L U' L' B' B L U L' B' U' U B L' B' L U L U' L' U' U L U U' U L' U' L' B L2 U' L' U' L U L' B' U',U[17297] L[17410] U[17514] L'[17603] U'[17651] L'[17764] B[17820] L2[17981] U'[18030] L'[18086] L[18513] U[18658] L'[18739] U'[18859] B'[19109] B[19568] U[20027] L[20083] U'[20164] L'[20237] B'[21024] B[21572] L[21862] U[22208] L'[22337] B'[22546] U'[22892] U[23352] B[23553] L'[23674] B'[23762] L[23851] U[23947] L[24004] U'[24060] L'[24141] U'[24286] U[25566] L[25695] U[25905] U'[25988] U[26414] L'[26544] U'[26616] L'[26753] B[26825] L2[27018] U'[27059] L'[27155] U'[27276] L[27357] U[27486] L'[27583] B'[27671] U'[27824],false,true,11349,935,10414,27824,55,55,57,5.28,,,,,,,,,,,,,,,,,,,,,,,,,,
48e37f7f-8bf7-4db5-930b-89f7727c73dd,2025-08-02 11:30:00 UTC,false,18750,CFOP,Gan12uiM,Gan 12 UI Maglev,Gan 356i,RandomForest,false,false,11304,18750,,U[0] U[74] F'[371] D'[927] B[1080] U'[1628] D'[2619] D'[2748] D'[3175] L'[3392] D[3498] L[3634] L[3787] D[3941] L'[4109] D'[4375] B'[4899] L[4963] L[5050] B[5138] D'[6210] R[6693] D[6846] D[6967] R'[7152] D[7233] R[7386] D'[7499] R'[7644] D'[7950] F[8272] F[8361] D[9134] D[9481] L[9988] D'[10059] L'[10148] D'[10301] L[10793] D'[11010] L'[11115] D[11171] L[11236] D'[11300] L'[11349] D'[12065] R'[13403] D[13468] R[13604] D'[13701] R'[13782] D'[13878] R[13959] D[14507] D[14612] L[14732] D[14878] L'[14950] D'[15014] L'[15140] F[15205] L[15302] F'[15358] D[16357] D[16696] L[16800] L[16913] D[17066] L'[17203] D[17251] L'[17332] D'[17396] L[17541] D'[17622] L[17711] L[17799] D'[17880] U[17888] L'[18000] D[18073] L[18129] U'[18210] D'[18266] D'[18750],,,gan12,custom_rules,F B2 U' R' B2 U2 L2 B' R U' L2 F2 U' L2 U R2 F2 U R2 D' B2 U2,random_state,custom_rules,,,,8,DB,0,0,18750,70,71,84,3.73,6009,12667,"",2,Cross,z2 D2 F' U' B D' U3' R' U R2 U R' U' B' R2 B U' L U2 L' U L U' L' U' F2,z2[37] D2[74] F'[371] U'[927] B[1080] D'[1628] U3'[3175] R'[3392] U[3498] R2[3787] U[3941] R'[4109] U'[4375] B'[4899] R2[5050] B[5138] U'[6210] L[6693] U2[6967] L'[7152] U[7233] L[7386] U'[7499] L'[7644] U'[7950] F2[8361],false,true,8287,0,8287,8361,25,25,32,3.02,F2L Slot 1,,"",true,false,0,0,0,8361,0,0,0,0,F2L Slot 2,,"",true,false,0,0,0,8361,0,0,0,0,F2L Slot 3,U2 R U' R' U' R U' R' U R U' R',U2[9481] R[9988] U'[10059] R'[10148] U'[10301] R[10793] U'[11010] R'[11115] U[11171] R[11236] U'[11300] R'[11349],false,true,2988,1627,1361,11349,12,12,13,8.82,F2L Slot 4,U' L' U L U' L' U' L,U'[12065] L'[13403] U[13468] L[13604] U'[13701] L'[13782] U'[13878] L[13959],false,true,2610,2054,556,13959,8,8,8,14.39,OLL,U2 R U R' U' R' F R F',U2[14612] R[14732] U[14878] R'[14950] U'[15014] R'[15140] F[15205] R[15302] F'[15358],false,true,1399,773,626,15358,9,9,10,14.38,PLL,U2 R2 U R' U R' U' R U' R2 E' F' U F D' U2',U2[16696] R2[16913] U[17066] R'[17203] U[17251] R'[17332] U'[17396] R[17541] U'[17622] R2[17799] E'[17888] F'[18000] U[18073] F[18129] D'[18210] U2'[18750],false,true,3392,1555,1837,18750,16,17,21,8.71,,,,,,,,,,,,,,,,,,,,,,,,,,
c5777155-0265-4e02-86e8-d40f9f070f5a,2025-08-02 11:32:03 UTC,false,17997,CFOP,Gan12uiM,Gan 12 UI Maglev,Gan 356i,RandomForest,false,false,12209,17997,,D'[0] L[386] D[547] D[870] L[1039] B'[1192] U[1627] U[2022] R[2288] D'[2465] R'[2627] D'[2771] D'[2868] L'[2997] D[3077] L[3214] B'[4149] L[4205] B[4286] D[5222] R'[5657] D[5810] D[6165] R[6375] D[6616] L[6954] D'[7092] D'[7180] L'[7260] R[7558] D'[7704] R'[7889] D'[8421] L[8960] D'[9041] L'[9170] D[9243] D[9355] F'[9694] D'[9790] F[9959] D[10754] F[10859] D[10972] F'[11029] D[11560] F[12076] B'[12092] L[12237] F[12350] L[12462] F'[12551] L'[12607] F'[12858] B[12866] F'[13099] R[13163] F[13252] R'[13300] F'[14904] F'[15307] D'[15452] F[15589] D'[15717] F[15935] D[16015] F'[16193] D[16249] F[16378] F[16483] U'[16740] D[16789] F[16958] D'[17047] U[17176] U'[17691] F'[17901] U[17997],,,gan12,custom_rules,U F' U2 R' F D' B' D R' D L2 F2 D L2 U F2 R2 B2 D2 R2 D' B2,random_state,custom_rules,,,,8,DB,0,0,17997,65,70,78,3.61,6412,11585,"",1,Cross,z2 U' R U2 R B' D2 L U' L' U2' R' U R B' R B,z2[0] U'[0] R[386] U2[870] R[1039] B'[1192] D2[2022] L[2288] U'[2465] L'[2627] U2'[2868] R'[2997] U[3077] R[3214] B'[4149] R[4205] B[4286],false,true,4286,0,4286,4286,16,16,19,3.73,F2L Slot 1,,"",true,false,0,0,0,4286,0,0,0,0,F2L Slot 2,U L' U2 L U R U2' M' B' L' x',U[5222] L'[5657] U2[6165] L[6375] U[6616] R[6954] U2'[7180] M'[7558] B'[7704] L'[7889] x'[8155],false,true,3603,1371,2232,7889,10,11,13,4.48,F2L Slot 3,U' R U' R' U2 F' U' F,U'[8421] R[8960] U'[9041] R'[9170] U2[9355] F'[9694] U'[9790] F[9959],false,true,2070,1071,999,9959,8,8,9,8.01,F2L Slot 4,U F U F',U[10754] F[10859] U[10972] F'[11029],false,true,1070,900,170,11029,4,4,4,23.53,OLL,U S' U F U F' U' S F' L F L',U[11560] S'[12092] U[12237] F[12350] U[12462] F'[12551] U'[12607] S[12866] F'[13099] L[13163] F[13252] L'[13300],false,true,2271,1063,1208,13300,12,14,14,9.93,PLL,F2' U' F U' F U F' U F2 E R E' D' F' D,F2'[15307] U'[15452] F[15589] U'[15717] F[15935] U[16015] F'[16193] U[16249] F2[16483] E[16789] R[16958] E'[17176] D'[17691] F'[17901] D[17997],false,true,4697,2007,2690,17997,15,17,19,5.58,,,,,,,,,,,,,,,,,,,,,,,,,,
bf98898e-35bd-4b5c-856d-446b4531fb99,2025-08-02 11:32:41 UTC,false,18730,CFOP,Gan12uiM,Gan 12 UI Maglev,Gan 356i,RandomForest,false,false,8787,18730,,D'[0] F[129] D[460] L[653] D[919] R[1185] U'[1982] R[2127] U[2442] U[3248] F[3546] U[3674] F'[3780] U'[3876] R'[4158] U'[4383] R[4480] U'[5790] F[6153] U'[6225] F'[6362] U[6563] L'[6910] U[7103] L[7264] B'[9504] U[9617] U[9706] B[9875] U'[9972] U[10149] U'[10318] B'[10584] U[10697] B[10803] U[11617] U[11842] R[12019] U'[12092] R'[12197] U'[12270] R[12374] U'[12422] R'[12552] U[12769] R[12826] U'[12882] R'[12947] U[14727] U[14815] L'[15089] B[15243] L[15380] L[15460] F'[15516] L'[15654] L'[15710] B'[15790] L[15877] L[15933] F[16054] L'[16143] R[17166] U[17295] R'[17353] U'[17409] R'[17537] F[17594] R[17690] R[17770] U'[17811] R'[17972] U'[18141] R[18262] U[18415] R'[18528] F'[18616] U[18730],,,gan12,custom_rules,U B' R' L F' B2 D R' L' U' F2 U F2 L2 B2 D' R2 U2 B2 D F2,random_state,custom_rules,,,,8,UF,0,0,18730,71,71,78,3.79,9713,9017,"",0,Cross,D' F D L D R U' R,D'[0] F[129] D[460] L[653] D[919] R[1185] U'[1982] R[2127],false,true,2127,0,2127,2127,8,8,8,3.76,F2L Slot 1,U U F U F' U' R' U' R,U[2442] U[3248] F[3546] U[3674] F'[3780] U'[3876] R'[4158] U'[4383] R[4480],false,true,2353,1419,934,4480,9,9,9,9.64,F2L Slot 2,U' F U' F' U L' U L,U'[5790] F[6153] U'[6225] F'[6362] U[6563] L'[6910] U[7103] L[7264],false,true,2784,1673,1111,7264,8,8,8,7.2,F2L Slot 3,B' U2 B U' U U' B' U B,B'[9504] U2[9706] B[9875] U'[9972] U[10149] U'[10318] B'[10584] U[10697] B[10803],false,true,3539,2240,1299,10803,9,9,10,6.93,F2L Slot 4,U2 R U' R' U' R U' R' U R U' R',U2[11842] R[12019] U'[12092] R'[12197] U'[12270] R[12374] U'[12422] R'[12552] U[12769] R[12826] U'[12882] R'[12947],false,true,2144,1216,928,12947,12,12,13,12.93,OLL,U2 L' B L2 F' L2' B' L2 F L',U2[14815] L'[15089] B[15243] L2[15460] F'[15516] L2'[15710] B'[15790] L2[15933] F[16054] L'[16143],false,true,3196,2142,1054,16143,10,10,14,9.49,PLL,R U R' U' R' F R2 U' R' U' R U R' F' U,R[17166] U[17295] R'[17353] U'[17409] R'[17537] F[17594] R2[17770] U'[17811] R'[17972] U'[18141] R[18262] U[18415] R'[18528] F'[18616] U[18730],false,true,2587,1023,1564,18730,15,15,16,9.59,,,,,,,,,,,,,,,,,,,,,,,,,,
bdf5471a-1885-42a2-9090-e690eb7eecd4,2025-08-02 11:33:14 UTC,false,14166,CFOP,Gan12uiM,Gan 12 UI Maglev,Gan 356i,RandomForest,false,false,6733,14166,,D[0] R'[96] F'[362] R'[797] L[1160] B'[1217] L'[1313] U[1571] U[1643] D[2570] L[2747] D'[2836] L'[3005] D'[3303] D'[3448] R'[3641] D[3908] R[4012] R[4085] D[4399] R'[4657] D[5282] L[5717] D'[5813] L'[5951] L'[6079] D[6184] L[6305] D[6958] R[7119] D'[7175] D'[7248] R'[7441] R[7538] R'[7594] D'[7747] F'[8086] D'[8190] F[8271] R[8956] D[9069] R'[9181] D[9254] D[9342] R[9415] D'[9471] R'[9552] D[10011] L[10250] B[10410] R'[10491] B'[10580] R[10862] L'[10918] D[11313] R[11385] D'[11450] R'[11523] R'[12345] R'[12433] F[12490] F[12683] R[12796] B[13029] R'[13182] F[13303] F[13561] R[13698] B'[13739] R[13916] R'[13964] R[14052] D[14166],,,gan12,custom_rules,D2 B R' U R L' D R2 U' B R2 F2 U2 D B2 L2 B2 U L2 D F2 B2,random_state,custom_rules,,,,8,DB,0,0,14166,63,64,73,4.45,4284,9882,"",0,Cross,z2 U L' F' L' R B' R' D2,z2[0] U[0] L'[96] F'[362] L'[797] R[1160] B'[1217] R'[1313] D2[1643],false,true,1643,0,1643,1643,8,8,9,4.87,F2L Slot 1,U R U' R' U2' L' U L,U[2570] R[2747] U'[2836] R'[3005] U2'[3448] L'[3641] U[3908] L[4012],false,true,2369,1104,1265,4012,8,8,9,6.32,F2L Slot 2,L U L' U R U' R2' U R,L[4085] U[4399] L'[4657] U[5282] R[5717] U'[5813] R2'[6079] U[6184] R[6305],false,true,2293,73,2220,6305,9,9,10,4.05,F2L Slot 3,U L U2' L' L L' U' F' U' F,U[6958] L[7119] U2'[7248] L'[7441] L[7538] L'[7594] U'[7747] F'[8086] U'[8190] F[8271],false,true,1966,814,1152,8271,10,10,11,8.68,F2L Slot 4,L U L' U2 L U' L',L[8956] U[9069] L'[9181] U2[9342] L[9415] U'[9471] L'[9552],false,true,1281,685,596,9552,7,7,8,11.74,OLL,U R B L' B' M' B L B' L' x',U[10011] R[10250] B[10410] L'[10491] B'[10580] M'[10918] B[11313] L[11385] B'[11450] L'[11523] x'[11934],false,true,1971,698,1273,11523,10,11,11,7.86,PLL,L2' F2 L B L' F2 L B' L L' L U,L2'[12433] F2[12683] L[12796] B[13029] L'[13182] F2[13561] L[13698] B'[13739] L[13916] L'[13964] L[14052] U[14166],false,true,2643,910,1733,14166,12,12,15,6.92,,,,,,,,,,,,,,,,,,,,,,,,,,
eb071851-303f-4794-a583-211078b46e74,2025-08-02 11:33:45 UTC,false,16939,CFOP,Gan12uiM,Gan 12 UI Maglev,Gan 356i,RandomForest,false,false,4877,16939,,U'[0] R[533] U[734] B[1210] R[1379] D'[2458] F[2636] D'[2708] F'[2789] L'[3329] D'[3474] L[3708] D'[4836] D'[4978] R[5236] D[5357] D'[5510] D'[5751] R'[5872] D'[6066] F'[6412] D'[6517] F[6622] D[7049] D[7250] D[7524] B'[7702] D[7782] B[7903] D[8032] D[8129] R'[8532] D'[8637] R[8766] D[9088] R[9354] D'[9450] R'[9588] D'[9773] R'[10034] B[10115] R[10204] B'[10252] R[10470] R'[10736] D'[11026] R[11235] D[11357] R'[11453] D[11509] B'[11872] D'[12009] B[12178] D[12638] B'[12895] D'[12992] L[13129] D[13250] B[13347] D'[13476] B'[13580] L'[13677] B[13814] D[14983] D[15053] B[15327] D[15448] B'[15497] U[15585] D'[15625] B[15754] B[15851] D'[15923] B[16044] D'[16149] B'[16254] D[16326] B'[16367] D[16447] B[16552] B[16625] U'[16714] D[16850] D[16939],,,gan12,custom_rules,F2 B U2 F L' B2 U' R' U2 B D' L2 B2 R2 U L2 U F2 U2 L2 F2 D,random_state,custom_rules,,,,8,DB,0,0,16939,74,76,84,4.37,6683,10256,"",0,Cross,z2 D' L D B L,z2[0] D'[0] L[533] D[734] B[1210] L[1379],false,true,1379,0,1379,1379,5,5,5,3.63,F2L Slot 1,U' F U' F' R' U' R,U'[2458] F[2636] U'[2708] F'[2789] R'[3329] U'[3474] R[3708],false,true,2329,1257,1072,3708,7,7,7,6.53,F2L Slot 2,U2' L U U2' L' U' F' U' F,U2'[4978] L[5236] U[5357] U2'[5751] L'[5872] U'[6066] F'[6412] U'[6517] F[6622],false,true,2914,1528,1386,6622,9,9,11,6.49,F2L Slot 3,U3 B' U B U2 L' U' L,U3[7524] B'[7702] U[7782] B[7903] U2[8129] L'[8532] U'[8637] L[8766],false,true,2144,1080,1064,8766,8,8,11,7.52,F2L Slot 4,U L U' L' U' L' B L B' L L' U' L U L' U B' U' B,U[9088] L[9354] U'[9450] L'[9588] U'[9773] L'[10034] B[10115] L[10204] B'[10252] L[10470] L'[10736] U'[11026] L[11235] U[11357] L'[11453] U[11509] B'[11872] U'[12009] B[12178],false,true,3412,588,2824,12178,19,19,19,6.73,OLL,U B' U' R U B U' B' R' B,U[12638] B'[12895] U'[12992] R[13129] U[13250] B[13347] U'[13476] B'[13580] R'[13677] B[13814],false,true,1636,717,919,13814,10,10,10,10.88,PLL,U2 B U B' E' R2 U' R U' R' U R' U R2 E U,U2[15053] B[15327] U[15448] B'[15497] E'[15625] R2[15851] U'[15923] R[16044] U'[16149] R'[16254] U[16326] R'[16367] U[16447] R2[16625] E[16850] U[16939],false,true,3125,1513,1612,16939,16,18,21,9.93,,,,,,,,,,,,,,,,,,,,,,,,,,
bc4aebcd-8407-4e18-a878-41558a85d5aa,2025-08-02 11:34:34 UTC,false,16888,CFOP,Gan12uiM,Gan 12 UI Maglev,Gan 356i,RandomForest,false,false,22827,16888,,F'[0] L[226] L[298] B[549] B[597] B[678] B'[919] U[1362] D[1741] D[1845] L[2297] D'[2530] L'[2619] R'[2804] B'[2965] L[3078] B[3191] R[3352] L'[3355] D'[3964] R'[4899] R[4988] R[5140] D[5317] D'[5615] R'[5817] R'[6058] D[6284] D[6388] R[6558] D'[6662] R'[6767] D[6832] R[6920] L[8532] D'[8580] L'[8677] D'[8846] B'[9329] D'[9539] B[9644] D[10657] F'[11067] D'[11172] F[11293] D'[11389] F'[11519] D[11591] F[11680] F[12220] D[12308] F'[12389] D'[12477] F'[12832] R[12920] F[13017] R'[13065] D'[14298] D[14564] F[14717] L'[14773] F'[14911] R[15144] F[15297] L[15370] F'[15458] R'[15563] F[15676] L[15784] F'[15849] R[15921] F[16058] L'[16114] F'[16243] R'[16333] D[16606] D[16888],,,gan12,custom_rules,U2 L2 F U D2 L2 F U' L U D2 F2 L2 U' R2 L2 U2 F2 U R2 D R2,random_state,custom_rules,,,,8,DB,0,0,16888,67,68,77,3.97,7706,9182,"",0,Cross,z2 F' R2 B3 B' D,z2[0] F'[0] R2[298] B3[678] B'[919] D[1362],false,true,1362,0,1362,1362,5,5,8,3.67,F2L Slot 1,U2 R U' R' L' B' R B M' x',U2[1845] R[2297] U'[2530] R'[2619] L'[2804] B'[2965] R[3078] B[3191] M'[3355] x'[3659],false,true,1993,935,1058,3355,9,10,11,8.51,F2L Slot 2,U' L' L2 U U' L2' U2 L U' L' U L,U'[3964] L'[4899] L2[5140] U[5317] U'[5615] L2'[6058] U2[6388] L[6558] U'[6662] L'[6767] U[6832] L[6920],false,true,3565,1544,2021,6920,12,12,15,5.94,F2L Slot 3,R U' R' U' B' U' B,R[8532] U'[8580] R'[8677] U'[8846] B'[9329] U'[9539] B[9644],false,true,2724,1612,1112,9644,7,7,7,6.29,F2L Slot 4,U F' U' F U' F' U F,U[10657] F'[11067] U'[11172] F[11293] U'[11389] F'[11519] U[11591] F[11680],false,true,2036,1423,613,11680,8,8,8,13.05,OLL,F U F' U' F' L F L',F[12220] U[12308] F'[12389] U'[12477] F'[12832] L[12920] F[13017] L'[13065],false,true,1385,540,845,13065,8,8,8,9.47,PLL,U' U F R' F' L F R F' L' F R F' L F R' F' L' U2,U'[14298] U[14564] F[14717] R'[14773] F'[14911] L[15144] F[15297] R[15370] F'[15458] L'[15563] F[15676] R[15784] F'[15849] L[15921] F[16058] R'[16114] F'[16243] L'[16333] U2[16888],false,true,3823,1652,2171,16888,19,19,20,8.75,,,,,,,,,,,,,,,,,,,,,,,,,,
9589bcec-5c8d-461e-b77e-5dcda1aeeb0e,2025-08-02 11:35:14 UTC,false,16080,CFOP,Gan12uiM,Gan 12 UI Maglev,Gan 356i,RandomForest,false,false,13028,16080,,B'[0] D[56] L'[258] R[734] R[822] F'[1378] D[1636] R'[1797] D'[1998] U[2474] U[2571] L'[2861] U[2998] L[3127] L[3232] U[3352] L'[3466] F[4771] U[4948] F'[5042] U[5107] L'[5493] U'[5598] L[5727] U'[6114] U'[6541] U'[7081] U'[7371] R'[7500] F[7548] R[7653] F'[7685] U[7886] U[7983] R[8072] U[8234] R'[8307] U[9676] B[9966] U'[10042] B'[10163] R[10332] B'[10444] R'[10533] B[10614] U'[11041] U'[11645] R[11887] B'[11985] R'[12097] B[12193] U[12282] U[12411] B[12548] U'[12612] B'[12717] U[12781] B[12862] U'[12911] U'[13007] B'[13321] U[13982] B'[14433] U[14489] U[14586] B'[14683] D'[14804] B[14901] U'[14981] B'[15105] D[15146] B[15282] U[15364] B[15484] U'[15532] B'[15605] U'[15750] B[15847] U'[15983] U'[16080],,,gan12,custom_rules,R' F L F2 U2 F R L2 F B2 U' F2 U B2 U' R2 D B2 D2 F2 B2,random_state,custom_rules,,,,8,UF,0,0,16080,68,68,80,4.23,7985,8095,"",0,Cross,B' D L' R2 F' D R' D',B'[0] D[56] L'[258] R2[822] F'[1378] D[1636] R'[1797] D'[1998],false,true,1998,0,1998,1998,8,8,9,4.0,F2L Slot 1,U2 L' U L2 U L',U2[2571] L'[2861] U[2998] L2[3232] U[3352] L'[3466],false,true,1468,863,605,3466,6,6,8,9.92,F2L Slot 2,F U F' U L' U' L,F[4771] U[4948] F'[5042] U[5107] L'[5493] U'[5598] L[5727],false,true,2261,1305,956,5727,7,7,7,7.32,F2L Slot 3,U4' R' F R F' U2 R U R',U4'[7371] R'[7500] F[7548] R[7653] F'[7685] U2[7983] R[8072] U[8234] R'[8307],false,true,2580,1773,807,8307,9,9,13,11.15,F2L Slot 4,U B U' B' R B' R' B,U[9676] B[9966] U'[10042] B'[10163] R[10332] B'[10444] R'[10533] B[10614],false,true,2307,1659,648,10614,8,8,8,12.35,OLL,U2' R B' R' B U2 B U' B' U B U2' B',U2'[11645] R[11887] B'[11985] R'[12097] B[12193] U2[12411] B[12548] U'[12612] B'[12717] U[12781] B[12862] U2'[13007] B'[13321],false,true,2707,1273,1434,13321,13,13,16,9.07,PLL,U B' U2 B' D' B U' B' D B U B U' B' U' B U2',U[13982] B'[14433] U2[14586] B'[14683] D'[14804] B[14901] U'[14981] B'[15105] D[15146] B[15282] U[15364] B[15484] U'[15532] B'[15605] U'[15750] B[15847] U2'[16080],false,true,2759,1112,1647,16080,17,17,19,10.32,,,,,,,,,,,,,,,,,,,,,,,,,,
6fbf2fc2-f912-4c7e-a5e5-58b1c2525670,2025-08-02 11:35:57 UTC,false,14801,CFOP,Gan12uiM,Gan 12 UI Maglev,Gan 356i,RandomForest,false,false,19477,14801,,F[0] L'[233] F[371] B[902] R'[983] B'[1111] F[1377] D[1482] F'[1538] D[2360] R'[2457] B[2578] B[2763] R[2860] D[3601] F'[3875] D[3940] F[4044] D'[4165] D'[4648] L[4842] D[5003] L'[5390] D[6075] D[6486] B[6582] D'[6623] B'[6711] D[6792] B[6880] D'[6985] B'[7082] D[7130] B[7195] D'[7235] B'[7307] D'[8266] F[8508] D[8596] F'[8677] D'[8741] R[8983] F'[9088] R'[9378] F[9491] D[9854] D'[10096] R[10370] F'[10467] R'[10555] F[10652] D[10725] F[10781] D'[10845] F'[10894] D[11893] F[12473] L'[12529] F'[12626] R[12771] F[12900] L[12980] F'[13028] R'[13101] F[13262] L[13375] F'[13786] R[14012] F[14261] L'[14350] F'[14463] R'[14543] D[14736] D[14801],,,gan12,custom_rules,B R' B U' D L F R B' L' D' F2 R2 F2 D2 B2 U B2 U B2 D L2,random_state,custom_rules,,,,8,DB,0,0,14801,69,70,74,4.66,5866,8935,"",1,Cross,z' F D' F B U' S' U F' U L' B2 L,z'[0] F[0] D'[233] F[371] B[902] U'[983] S'[1377] U[1482] F'[1538] U[2360] L'[2457] B2[2763] L[2860],false,true,2860,0,2860,2860,12,13,14,4.2,F2L Slot 1,,"",true,false,0,0,0,2860,0,0,0,0,F2L Slot 2,U F' U F U2' R U R',U[3601] F'[3875] U[3940] F[4044] U2'[4648] R[4842] U[5003] R'[5390],false,true,2530,1015,1515,5390,8,8,9,5.28,F2L Slot 3,U2 B U' B' U B U' B' U B U' B',U2[6486] B[6582] U'[6623] B'[6711] U[6792] B[6880] U'[6985] B'[7082] U[7130] B[7195] U'[7235] B'[7307],false,true,1917,1192,725,7307,12,12,13,16.55,F2L Slot 4,U' F U F' U' L F' L' F,U'[8266] F[8508] U[8596] F'[8677] U'[8741] L[8983] F'[9088] L'[9378] F[9491],false,true,2184,1201,983,9491,9,9,9,9.16,OLL,U U' L F' L' F U F U' F',U[9854] U'[10096] L[10370] F'[10467] L'[10555] F[10652] U[10725] F[10781] U'[10845] F'[10894],false,true,1403,879,524,10894,10,10,10,19.08,PLL,U F R' F' L F R F' L' F R F' L F R' F' L' U2,U[11893] F[12473] R'[12529] F'[12626] L[12771] F[12900] R[12980] F'[13028] L'[13101] F[13262] R[13375] F'[13786] L[14012] F[14261] R'[14350] F'[14463] L'[14543] U2[14801],false,true,3907,1579,2328,14801,18,18,19,7.73,,,,,,,,,,,,,,,,,,,,,,,,,,
910ae1e0-43fe-43b2-bab2-c93e56f1e892,2025-08-02 11:36:37 UTC,false,17589,CFOP,Gan12uiM,Gan 12 UI Maglev,Gan 356i,RandomForest,false,false,11827,17589,,R'[0] L[177] U'[572] R'[862] U[1200] U[1281] R[1603] D'[1700] R'[2038] R[2183] F[2368] L'[2497] F'[2571] L[2828] R'[2836] D[3263] R[3335] D'[3392] R'[3480] D[3682] R[4068] D'[4238] R'[4350] F[4963] D'[5133] F'[5327] D[7680] L'[7913] D'[8010] L[8155] D'[8244] B[8534] D[8655] B'[8800] R[9880] D'[10009] R'[10097] D[10326] R[10471] D'[10536] D'[10608] R'[10721] D[10769] R[10850] D'[10922] R'[11011] F'[12018] B[12020] R[12220] F[12316] B'[12333] D'[12945] B[13332] R[13582] F'[13686] R[13775] F[13896] R'[13944] R'[14017] B'[14186] B'[14250] L'[14436] F[14541] L'[14686] F'[14798] L'[14943] L'[15040] B[15153] D'[16002] B[16283] F'[16436] F'[16501] U[16574] F[16654] U'[16726] F[16855] R'[16968] R'[17041] B'[17137] D[17258] B[17323] R'[17412] R'[17492] B'[17589],,,gan12,custom_rules,F2 B2 L2 B' R L' D' L' U' B U' L2 U F2 U F2 D2 B2 D' F2 D,random_state,custom_rules,,,,8,RU,0,0,17589,72,77,84,4.09,382,17030,"",4,Cross,z' E' B' U' B2 U F' U' U L D' L' E' L U L' U' L U L' U' B L' B' L D' L' D L' F L F' U L',z'[88] E'[177] B'[572] U'[862] B2[1281] U[1603] F'[1700] U'[2038] U[2183] L[2368] D'[2497] L'[2571] E'[2836] L[3263] U[3335] L'[3392] U'[3480] L[3682] U[4068] L'[4238] U'[4350] B[4963] L'[5133] B'[5327] L[7680] D'[7913] L'[8010] D[8155] L'[8244] F[8534] L[8655] F'[8800] U[9880] L'[10009],false,true,9832,0,9832,10009,33,35,36,3.36,F2L Slot 1,,"",true,false,0,0,0,10009,0,0,0,0,F2L Slot 2,,"",true,false,0,0,0,10009,0,0,0,0,F2L Slot 3,U' L U L2' U' L U L' U' S' L S L' F U B' U B U2' F2' D' B D' B' D2' F L' S' B' U B U' B L2' F' D z,U'[10097] L[10326] U[10471] L2'[10608] U'[10721] L[10769] U[10850] L'[10922] U'[11011] S'[12020] L[12220] S[12333] L'[12945] F[13332] U[13582] B'[13686] U[13775] B[13896] U2'[14017] F2'[14250] D'[14436] B[14541] D'[14686] B'[14798] D2'[15040] F[15153] L'[16002] S'[16436] B'[16501] U[16574] B[16654] U'[16726] B[16855] L2'[17041] F'[17137] D[17258] z[17290],false,true,7249,317,6932,17258,36,39,44,5.19,F2L Slot 4,F U2' F',F[17323] U2'[17492] F'[17589],false,true,331,65,266,17589,3,3,4,11.28,OLL,,"",true,false,0,0,0,17589,0,0,0,0,PLL,,"",true,false,0,0,0,17589,0,0,0,0,,,,,,,,,,,,,,,,,,,,,,,,,,
ecd52684-f8bc-4808-bd46-9e196e85a338,2025-08-02 11:37:13 UTC,false,13877,CFOP,Gan12uiM,Gan 12 UI Maglev,Gan 356i,RandomForest,false,false,11153,13877,,U'[0] R[121] L[620] U[967] U[1031] B'[1434] D[1934] F'[2111] D[2192] F[2304] B'[3150] D[3336] B[3464] F'[3771] D'[3867] F[4020] F[5055] F[5143] L'[5248] F'[5361] L[5530] F'[5683] D'[6256] D'[6497] B[6626] D'[6714] B'[6803] D[6867] D[7159] L[7359] D[7544] L'[7721] D'[8358] B[8519] D[8737] B'[8890] B'[8979] L[9035] B[9132] L'[9180] B[9260] D'[9397] B'[9502] D'[10066] B[10259] D[10364] B'[10453] D[10533] B'[10670] L[10758] B[10863] L'[10911] B[11008] D'[11476] D'[11580] B'[12007] D[12595] B'[12748] F[12756] F[12877] B'[12885] U[12982] B[13111] F'[13135] L[13232] L[13312] F[13425] B'[13427] U[13427] F[13659] B'[13661] F[13661] B'[13741] D[13829] D[13877],,,gan12,custom_rules,R' D2 L B' R B D' B' R U F2 U F2 R2 B2 L2 D2 F2 U' L2 D2 F2,random_state,custom_rules,,,,8,DB,0,0,13877,59,63,75,4.25,4360,9517,"",0,Cross,z2 D' L R D2 B',z2[0] D'[0] L[121] R[620] D2[1031] B'[1434],false,true,1434,0,1434,1434,5,5,6,3.49,F2L Slot 1,U F' U F B' U B,U[1934] F'[2111] U[2192] F[2304] B'[3150] U[3336] B[3464],false,true,2030,677,1353,3464,7,7,7,5.17,F2L Slot 2,F' U' F F2 R' F' R F',F'[3771] U'[3867] F[4020] F2[5143] R'[5248] F'[5361] R[5530] F'[5683],false,true,2219,307,1912,5683,8,8,9,4.18,F2L Slot 3,U2' B U' B' U2 R U R',U2'[6497] B[6626] U'[6714] B'[6803] U2[7159] R[7359] U[7544] R'[7721],false,true,2038,943,1095,7721,8,8,10,7.31,F2L Slot 4,U' B U B2' R B R' B U' B',U'[8358] B[8519] U[8737] B2'[8979] R[9035] B[9132] R'[9180] B[9260] U'[9397] B'[9502],false,true,1781,798,983,9502,10,10,11,10.17,OLL,U' B U B' U B' R B R' B U2' B',U'[10066] B[10259] U[10364] B'[10453] U[10533] B'[10670] R[10758] B[10863] R'[10911] B[11008] U2'[11580] B'[12007],false,true,2505,757,1748,12007,12,12,13,6.86,PLL,U S2' U S U2 S' U S2' U2,U[12595] S2'[12885] U[12982] S[13135] U2[13312] S'[13427] U[13427] S2'[13741] U2[13877],false,true,1870,878,992,13877,9,13,19,9.07,,,,,,,,,,,,,,,,,,,,,,,,,,
68a6a332-7ce5-4caf-a473-912426fac0a5,2025-08-02 11:37:55 UTC,false,19271,CFOP,Gan12uiM,Gan 12 UI Maglev,Gan 356i,RandomForest,false,false,6880,19271,,U[0] U[65] B[306] B[459] D'[798] F'[951] R[1040] U'[1450] U[1869] F[2215] D[2280] F'[2377] U'[2554] F[3295] D'[3359] F'[3480] D[3552] D[3665] R'[3996] D'[4092] R[4149] R[4938] D[5247] R'[5392] D'[5892] D'[6021] R[6190] D'[6262] D'[6335] R'[6415] D'[6585] F'[6842] D'[7027] F[7156] D'[7777] D'[7954] R[8832] D'[8896] D'[8968] R'[9089] D'[9412] B[9710] D'[9927] B'[10161] D'[10594] D'[11303] R[12125] D'[12222] D'[12318] R'[12600] D[13019] B'[13406] F[13414] D[13535] L[13640] D'[13728] L'[13785] F'[13979] B[13987] D[14711] D[14848] F[15154] B'[15162] D[15259] L[15356] D'[15428] L'[15501] D'[15597] B[15662] D[15742] F'[15791] D[16379] D[16540] L[17023] R'[17265] L'[17458] R[17724] R[17805] D[17950] R'[18022] B'[18159] R[18240] D[18368] R'[18449] R'[18586] R[18723] D'[18844] R'[18981] B[19029] R[19126] R[19174] D'[19206] R'[19271],,,gan12,custom_rules,U R L2 B' D' L' F2 U B R2 F' U F2 U2 F2 L2 D F2 D' F2 D2 L2,random_state,custom_rules,,,,8,DB,0,0,19271,75,80,93,3.89,7497,11709,"",0,Cross,z2 D2 B2 U' F' L D',z2[32] D2[65] B2[459] U'[798] F'[951] L[1040] D'[1450],false,true,1385,0,1385,1450,6,6,8,4.33,F2L Slot 1,D F U F' D' F U' F' U2 L' U' L,D[1869] F[2215] U[2280] F'[2377] D'[2554] F[3295] U'[3359] F'[3480] U2[3665] L'[3996] U'[4092] L[4149],false,true,2699,419,2280,4149,12,12,13,5.26,F2L Slot 2,L U L' U2' L U2' L' U' F' U' F,L[4938] U[5247] L'[5392] U2'[6021] L[6190] U2'[6335] L'[6415] U'[6585] F'[6842] U'[7027] F[7156],false,true,3007,789,2218,7156,11,11,13,4.96,F2L Slot 3,U2' L U2' L' U' B U' B',U2'[7954] L[8832] U2'[8968] L'[9089] U'[9412] B[9710] U'[9927] B'[10161],false,true,3005,1676,1329,10161,8,8,10,6.02,F2L Slot 4,U2' L U2' L' U S' L U L' U' S,U2'[11303] L[12125] U2'[12318] L'[12600] U[13019] S'[13414] L[13535] U[13640] L'[13728] U'[13785] S[13987],false,true,3826,1964,1862,13987,11,13,15,5.91,OLL,U2 S' L U L' U' L' B L F' z,U2[14848] S'[15162] L[15259] U[15356] L'[15428] U'[15501] L'[15597] B[15662] L[15742] F'[15791] z[16085],false,true,1804,1175,629,15791,10,11,12,15.9,PLL,U2 M M' L U L' B' L U L2' L U' L' B L2 U' L',U2[16540] M[17265] M'[17724] L[17805] U[17950] L'[18022] B'[18159] L[18240] U[18368] L2'[18586] L[18723] U'[18844] L'[18981] B[19029] L2[19174] U'[19206] L'[19271],false,true,3480,1474,2006,19271,17,19,22,8.47,,,,,,,,,,,,,,,,,,,,,,,,,,
a2e6870b-8de6-4a18-a101-6229642117f9,2025-08-02 11:38:32 UTC,false,13647,CFOP,Gan12uiM,Gan 12 UI Maglev,Gan 356i,RandomForest,false,false,14211,13647,,B[0] R[146] U'[467] F'[741] D[975] D[1063] R[1313] R[1426] F[1821] D'[1917] F'[2022] D[2401] B'[2699] D[2763] B[2876] D[3199] D'[3529] L[4149] D[4310] L'[4399] D[4809] B'[5030] D[5095] D[5183] B[5320] B[5441] D[5755] B'[5924] D[6327] F[6440] D'[6488] F'[6585] D[6657] F[6770] D'[6859] F'[6947] D[6996] F[7060] D'[7108] F'[7173] D'[8002] D'[8325] R'[8454] B[8510] R[8599] B'[8655] D[8864] R[8921] D'[8985] R'[9050] D[9807] D[9976] L[10200] B[10345] L'[10385] R[10578] D[10715] R'[10788] D'[10868] L[10997] B'[11110] L'[11166] D[11698] D[11819] L[12173] R'[12181] R'[12271] L[12271] U[12271] R[12504] L'[12576] B[12923] B[13092] L[13220] R'[13228] U[13390] L[13494] R'[13502] L[13591] R'[13599] D[13647],,,gan12,custom_rules,F' U' L D' L2 U2 D R' L2 B D R2 U' B2 R2 D F2 L2 D B2 U2,random_state,custom_rules,,,,8,DB,0,0,13647,64,69,81,4.69,5078,8569,"",0,Cross,z2 B L D' F' U2 L2,z2[0] B[0] L[146] D'[467] F'[741] U2[1063] L2[1426],false,true,1426,0,1426,1426,6,6,8,4.21,F2L Slot 1,F U' F' U B' U B U U' R U R',F[1821] U'[1917] F'[2022] U[2401] B'[2699] U[2763] B[2876] U[3199] U'[3529] R[4149] U[4310] R'[4399],false,true,2973,395,2578,4399,12,12,12,4.65,F2L Slot 2,U B' U2 B2 U B',U[4809] B'[5030] U2[5183] B2[5441] U[5755] B'[5924],false,true,1525,631,894,5924,6,6,8,6.71,F2L Slot 3,U F U' F' U F U' F' U F U' F',U[6327] F[6440] U'[6488] F'[6585] U[6657] F[6770] U'[6859] F'[6947] U[6996] F[7060] U'[7108] F'[7173],false,true,1249,516,733,7173,12,12,12,16.37,F2L Slot 4,U2' L' B L B' U L U' L',U2'[8325] L'[8454] B[8510] L[8599] B'[8655] U[8864] L[8921] U'[8985] L'[9050],false,true,1877,1281,596,9050,9,9,10,15.1,OLL,U2 R B M' B L' B' R D' R' x',U2[9976] R[10200] B[10345] M'[10578] B[10715] L'[10788] B'[10868] R[10997] D'[11110] R'[11166] x'[11432],false,true,2116,1150,966,11166,10,11,12,10.35,PLL,U2 M2 U M' U2 M U M2 U,U2[11819] M2[12271] U[12271] M'[12576] U2[13092] M[13228] U[13390] M2[13599] U[13647],false,true,2481,1105,1376,13647,9,13,19,6.54,,,,,,,,,,,,,,,,,,,,,,,,,,
557634e4-fe80-4185-98ed-1346e490f851,2025-08-02 11:38:57 UTC,false,13446,CFOP,Gan12uiM,Gan 12 UI Maglev,Gan 356i,RandomForest,false,false,2832,13446,,F[0] L'[48] D'[351] B[495] B[552] U[866] U[947] D[1446] D[1534] F[1776] D'[1857] F'[2018] D[2437] D[2518] F'[2759] D[2832] D[2920] F[3073] D'[3162] L[3379] D[3517] L'[3589] L'[4225] L[4492] D'[5458] B[5571] D[5668] B'[5732] D[5877] F[6078] D[6175] F'[6320] B'[6876] D'[6981] D'[7126] B[7271] L[7762] B'[7883] L'[8036] B[8069] R[8609] D'[8681] R'[8818] D[8874] R[8963] D[9035] R'[9100] D'[9519] R[9720] D[9793] R'[9881] D'[9922] R'[10043] B[10091] R[10188] B'[10228] D[10876] R'[11263] R[11416] D[11505] D'[11964] R'[12270] R'[12327] F[12375] F[12592] R[12713] B[12834] R'[12874] F[12939] F[13124] R[13237] B'[13294] R[13358] D[13446],,,gan12,custom_rules,R F U F' L U' B R F R2 L2 B2 U' L2 D' F2 U F2 U F2 L2 D',random_state,custom_rules,,,,8,DB,0,0,13446,64,64,74,4.76,4216,9230,"",0,Cross,z2 F R' U' B2 D2,z2[0] F[0] R'[48] U'[351] B2[552] D2[947],false,true,947,0,947,947,5,5,7,5.28,F2L Slot 1,U2 F U' F' U2 F' U2 F U' R U R',U2[1534] F[1776] U'[1857] F'[2018] U2[2518] F'[2759] U2[2920] F[3073] U'[3162] R[3379] U[3517] R'[3589],false,true,2642,829,1813,3589,12,12,15,6.62,F2L Slot 2,R' R U' B U B' U F U F',R'[4225] R[4492] U'[5458] B[5571] U[5668] B'[5732] U[5877] F[6078] U[6175] F'[6320],false,true,2731,636,2095,6320,10,10,10,4.77,F2L Slot 3,B' U2' B R B' R' B,B'[6876] U2'[7126] B[7271] R[7762] B'[7883] R'[8036] B[8069],false,true,1749,556,1193,8069,7,7,8,5.87,F2L Slot 4,L U' L' U L U L',L[8609] U'[8681] L'[8818] U[8874] L[8963] U[9035] L'[9100],false,true,1031,540,491,9100,7,7,7,14.26,OLL,U' L U L' U' L' B L B',U'[9519] L[9720] U[9793] L'[9881] U'[9922] L'[10043] B[10091] L[10188] B'[10228],false,true,1128,620,508,10228,9,9,9,17.72,PLL,U L' L U U' L2' F2 L B L' F2 L B' L U,U[10876] L'[11263] L[11416] U[11505] U'[11964] L2'[12327] F2[12592] L[12713] B[12834] L'[12874] F2[13124] L[13237] B'[13294] L[13358] U[13446],false,true,3218,1035,2183,13446,15,15,18,6.87,,,,,,,,,,,,,,,,,,,,,,,,,,
98e0a0c6-f214-4447-b3c5-5585f5872ac8,2025-08-02 11:40:23 UTC,false,15527,CFOP,Gan12uiM,Gan 12 UI Maglev,Gan 356i,RandomForest,false,false,30700,15527,,D'[0] F[121] R[515] F[975] U'[1378] D[1909] R'[2232] D'[2336] R[2393] D[2643] D[2780] D[3038] F'[3432] D'[3553] F[3691] D[3819] R[4069] D[4190] R'[4246] D[4915] F'[5186] D[5259] D[5355] F[5492] D[5630] F'[5743] D'[5879] F[5984] D'[6355] D[7249] D[7612] B'[7708] L[7805] B[7894] L'[7942] B[8039] D[8127] B'[8200] D[8756] D'[9545] B'[9819] D'[9940] B[10085] D'[10245] B'[10350] D'[10479] D'[10568] B[10664] L[10890] B[11018] D[11140] B'[11180] D'[11277] L'[11389] D'[12485] B'[13113] B'[13171] D'[13243] B[13372] D'[13460] B[13613] D[13694] B'[13839] D[13896] B[13952] B[14564] U'[14830] D[14854] B[15080] D'[15185] B'[15366] U[15527],,,gan12,custom_rules,R U' R' B L' U D' B' R' D2 R2 U2 F2 L2 B2 R2 F2 D B2 D' R2 D',random_state,custom_rules,,,,8,DB,0,0,15527,64,65,72,4.12,7958,7569,"",0,Cross,z2 U' F L F D',z2[0] U'[0] F[121] L[515] F[975] D'[1378],false,true,1378,0,1378,1378,5,5,5,3.63,F2L Slot 1,U L' U' L,U[1909] L'[2232] U'[2336] L[2393],false,true,1015,854,161,2393,4,4,4,24.84,F2L Slot 2,U3 F' U' F U L U L',U3[3038] F'[3432] U'[3553] F[3691] U[3819] L[4069] U[4190] L'[4246],false,true,1853,1039,814,4246,8,8,10,9.83,F2L Slot 3,U F' U2 F U F' U' F,U[4915] F'[5186] U2[5355] F[5492] U[5630] F'[5743] U'[5879] F[5984],false,true,1738,940,798,5984,8,8,9,10.03,F2L Slot 4,U' U2 B' R B R' B U B',U'[6355] U2[7612] B'[7708] R[7805] B[7894] R'[7942] B[8039] U[8127] B'[8200],false,true,2216,1724,492,8200,9,9,10,18.29,OLL,U U' B' U' B U' B' U2' B R B U B' U' R',U[8756] U'[9545] B'[9819] U'[9940] B[10085] U'[10245] B'[10350] U2'[10568] B[10664] R[10890] B[11018] U[11140] B'[11180] U'[11277] R'[11389],false,true,3189,1619,1570,11389,15,15,16,9.55,PLL,U' B2' U' B U' B U B' U B2 E L U' L' D,U'[12485] B2'[13171] U'[13243] B[13372] U'[13460] B[13613] U[13694] B'[13839] U[13896] B2[14564] E[14854] L[15080] U'[15185] L'[15366] D[15527],false,true,4138,1782,2356,15527,15,16,18,6.37,,,,,,,,,,,,,,,,,,,,,,,,,,
61127ff5-18b4-406b-be1b-93b0f5d5ce7e,2025-08-02 11:41:00 UTC,false,14080,CFOP,Gan12uiM,Gan 12 UI Maglev,Gan 356i,RandomForest,false,false,20189,14080,,L[0] D[89] B[371] D'[548] U'[806] L[1048] U'[1104] L'[1201] U'[1290] L[1394] U'[1443] L'[1548] U[1596] L[1644] U'[1709] L'[1773] U[2095] U[2998] F'[3433] U'[3530] F[3643] F[3739] U[3812] U'[4207] F'[4400] U'[4601] R[4868] U[5004] R'[5126] U'[6560] F[6794] U'[7229] F'[7374] U'[7681] U[7954] B[8132] U'[8204] B'[8317] U[8591] U[8752] U'[9179] L[9389] F'[9469] L'[9582] F[9727] U'[10366] U[10745] U[10849] L[11059] F[11212] L'[11260] R[11430] U[11534] R'[11583] U'[11663] L[11792] L'[11953] L[12058] F'[12162] L'[12251] R[12920] U[13057] R'[13130] F'[13266] R[13331] U[13419] R'[13500] U'[13540] R'[13621] F[13685] R[13734] R[13774] U'[13822] R'[13870] U'[14080],,,gan12,custom_rules,D2 F' L U L U F' U2 F R' D F2 U' L2 U' L2 U L2 D L2 B2 L2,random_state,custom_rules,,,,8,UF,0,0,14080,70,71,75,4.97,6901,7179,"",0,Cross,L D B D',L[0] D[89] B[371] D'[548],false,true,548,0,548,548,4,4,4,7.3,F2L Slot 1,U' L U' L' U' L U' L' U L U' L',U'[806] L[1048] U'[1104] L'[1201] U'[1290] L[1394] U'[1443] L'[1548] U[1596] L[1644] U'[1709] L'[1773],false,true,1225,500,725,1773,12,12,12,16.55,F2L Slot 2,U U F' U' F2 U U' F' U' R U R',U[2095] U[2998] F'[3433] U'[3530] F2[3739] U[3812] U'[4207] F'[4400] U'[4601] R[4868] U[5004] R'[5126],false,true,3353,1660,1693,5126,12,12,13,7.09,F2L Slot 3,U' F U' F' U' U B U' B',U'[6560] F[6794] U'[7229] F'[7374] U'[7681] U[7954] B[8132] U'[8204] B'[8317],false,true,3191,1668,1523,8317,9,9,9,5.91,F2L Slot 4,U2 U' L F' L' F,U2[8752] U'[9179] L[9389] F'[9469] L'[9582] F[9727],false,true,1410,1072,338,9727,6,6,7,17.75,OLL,U' U2 L F M F R' F' L L' L D' L' x,U'[10366] U2[10849] L[11059] F[11212] M[11430] F[11534] R'[11583] F'[11663] L[11792] L'[11953] L[12058] D'[12162] L'[12251] x[12585],false,true,2524,1332,1192,12251,13,14,15,10.91,PLL,R U R' F' R U R' U' R' F R2 U' R' U',R[12920] U[13057] R'[13130] F'[13266] R[13331] U[13419] R'[13500] U'[13540] R'[13621] F[13685] R2[13774] U'[13822] R'[13870] U'[14080],false,true,1829,669,1160,14080,14,14,15,12.07,,,,,,,,,,,,,,,,,,,,,,,,,,
e4d094af-d6ed-4f85-91e3-297334cd8cf8,2025-08-02 13:00:32 UTC,false,24048,CFOP,Gan12uiM,Gan 12 UI Maglev,Gan 356i,RandomForest,false,false,37630,24048,,D[0] L[272] F[546] D[772] D[861] F[1232] D[1410] D[1901] F'[2055] D'[2225] F[2345] D'[2475] D'[2572] F'[2644] D[2725] F[2805] B'[4194] D'[4588] B[4741] R[4895] R[4984] D'[5935] D'[6475] D'[7337] D[8055] B'[8274] B[8482] D'[8757] B[8990] D'[9135] D'[9684] D'[9909] B'[10046] D'[10393] R'[10836] R[11108] R'[11422] D'[11607] R[12188] D[13341] D[13565] D[14984] B[15073] D'[15137] B'[15526] D[15614] B[15726] D'[15806] B'[15928] D[15998] B[16054] D'[16102] B'[16183] D[17553] R'[17746] B[17811] R[17923] B'[17980] R[18101] D[18455] R'[18592] R[19229] D[19366] R'[19520] D'[19584] R'[19745] B[19818] R[19923] B'[19995] D[20567] R'[21316] D[21372] D[21461] R'[21639] U'[21743] R[21880] D'[21945] R'[22082] U[22122] R[22267] D[22364] R[22452] D'[22525] R'[22614] D'[22735] R[22823] D[23750] D'[23943] D'[24048],,,gan12,custom_rules,U2 F' R' D2 R2 B' U F B L2 D R2 L2 F2 D2 R2 U' B2 R2 D R2 L2,random_state,custom_rules,,,,8,DB,0,0,24048,79,79,89,3.29,9696,14352,"",1,Cross,z2 U R F U2 F U2 F' U' F U2' F' U F B' U' B L2,z2[0] U[0] R[272] F[546] U2[861] F[1232] U2[1901] F'[2055] U'[2225] F[2345] U2'[2572] F'[2644] U[2725] F[2805] B'[4194] U'[4588] B[4741] L2[4984],false,true,4984,0,4984,4984,17,17,21,3.41,F2L Slot 1,,"",true,false,0,0,0,4984,0,0,0,0,F2L Slot 2,U2' U' U B' B U' B U3' B' U' L' L L' U' L,U2'[6475] U'[7337] U[8055] B'[8274] B[8482] U'[8757] B[8990] U3'[9909] B'[10046] U'[10393] L'[10836] L[11108] L'[11422] U'[11607] L[12188],false,true,7204,3290,3914,12188,15,15,18,3.83,F2L Slot 3,U2 U B U' B' U B U' B' U B U' B',U2[13565] U[14984] B[15073] U'[15137] B'[15526] U[15614] B[15726] U'[15806] B'[15928] U[15998] B[16054] U'[16102] B'[16183],false,true,3995,2885,1110,16183,13,13,14,11.71,F2L Slot 4,U L' B L B' L U L',U[17553] L'[17746] B[17811] L[17923] B'[17980] L[18101] U[18455] L'[18592],false,true,2409,1563,846,18592,8,8,8,9.46,OLL,L U L' U' L' B L B',L[19229] U[19366] L'[19520] U'[19584] L'[19745] B[19818] L[19923] B'[19995],false,true,1403,637,766,19995,8,8,8,10.44,PLL,U L' U2 L' D' L U' L' D L U L U' L' U' L U U2',U[20567] L'[21316] U2[21461] L'[21639] D'[21743] L[21880] U'[21945] L'[22082] D[22122] L[22267] U[22364] L[22452] U'[22525] L'[22614] U'[22735] L[22823] U[23750] U2'[24048],false,true,4053,1321,2732,24048,18,18,20,6.59,,,,,,,,,,,,,,,,,,,,,,,,,,
2aeed288-fb73-416c-ab4e-13614c90a0dd,2025-08-02 13:01:47 UTC,false,21776,CFOP,Gan12uiM,Gan 12 UI Maglev,Gan 356i,RandomForest,false,false,24596,21776,,D[0] D[56] L[363] B[671] L[920] L[923] D[923] U[1885] U[2046] U'[2144] B'[2538] U[2650] B[2803] F'[3416] U[3593] F[3722] U[4817] U[4939] R[5345] R'[5869] R'[5965] U'[6119] R[6239] U'[6376] R'[6521] U[6586] R[6706] U'[7560] U'[8020] B'[8511] R[8583] B[8672] R'[10594] L[10596] R'[10596] L[10596] D[10596] D[10876] L[11102] R'[11110] R'[11174] L[11177] U[11988] R[12527] U'[12608] R'[12697] U'[12874] U'[12954] L'[13083] U[13148] L[13252] U[14509] R'[14726] U'[14799] U'[14887] R[14992] R[15072] U[15209] R'[15306] R'[15386] U[15451] R[15562] U[16053] U[16448] L'[16617] R[16762] R[16835] B[16939] R'[17688] B[17778] R[17851] B'[17923] B'[17924] R'[17924] B[18372] R'[18534] L[18537] U[19540] R'[19871] U'[19992] R[20144] D'[20274] U[20360] R[20537] R[20633] U[20745] R'[20857] U[20922] R[21003] U'[21068] R[21124] U'[21293] R'[21454] R'[21518] D[21591] U[21776],,,gan12,custom_rules,R2 B' R B U' F2 D' B R U L2 U2 D' B2 D' F2 B2 L2 F2 U' F2 D,random_state,custom_rules,,,,8,UF,0,0,21776,72,77,96,3.31,5358,16362,"",2,Cross,D2 L B L2 D U2 U' B' U B F' U F U2 R R2' U' R U' R' U R U2' B' R B M2' U2 M2',D2[56] L[363] B[671] L2[923] D[923] U2[2046] U'[2144] B'[2538] U[2650] B[2803] F'[3416] U[3593] F[3722] U2[4939] R[5345] R2'[5965] U'[6119] R[6239] U'[6376] R'[6521] U[6586] R[6706] U2'[8020] B'[8511] R[8583] B[8672] M2'[10596] U2[10876] M2'[11177],false,true,11121,0,11121,11177,29,31,42,2.61,F2L Slot 1,,"",true,false,0,0,0,11177,0,0,0,0,F2L Slot 2,,"",true,false,0,0,0,11177,0,0,0,0,F2L Slot 3,U R U' R' U2' L' U L,U[11988] R[12527] U'[12608] R'[12697] U2'[12954] L'[13083] U[13148] L[13252],false,true,2075,1350,725,13252,8,8,9,11.03,F2L Slot 4,U R' U2' R2 U R2' U R,U[14509] R'[14726] U2'[14887] R2[15072] U[15209] R2'[15386] U[15451] R[15562],false,true,2310,1474,836,15562,8,8,11,9.57,OLL,U2 M R U R' U R U2' R' U M',U2[16448] M[16762] R[16835] U[16939] R'[17688] U[17778] R[17851] U2'[17924] R'[17924] U[18372] M'[18537],false,true,2975,1200,1775,18537,11,13,15,6.2,PLL,U R' U' R E B2 U B' U B U' B U' B2' D U,U[19540] R'[19871] U'[19992] R[20144] E[20360] B2[20633] U[20745] B'[20857] U[20922] B[21003] U'[21068] B[21124] U'[21293] B2'[21518] D[21591] U[21776],false,true,3239,1334,1905,21776,16,17,19,8.4,,,,,,,,,,,,,,,,,,,,,,,,,,
df37142c-e530-4122-b64b-141faeee58dc,2025-08-02 13:02:32 UTC,false,22407,CFOP,Gan12uiM,Gan 12 UI Maglev,Gan 356i,RandomForest,false,false,9382,22407,,U'[0] F[145] R[467] R[564] B[1539] D[1877] L'[2054] F[2683] F[2820] U'[3956] U'[4246] U[4705] U[4785] R[5047] R'[5659] U[6079] R[6328] U[6521] U[6634] R'[6892] U[6965] R[7086] U'[7199] R'[7401] U[8181] R'[8479] U[8576] U[8666] R[8802] U[8955] R'[9036] U'[9205] R[9333] L[10555] U'[10636] L'[10732] U[11844] L'[13930] U'[14494] L[14639] L[14719] U[14800] L'[14929] L'[16476] U[16798] L[16902] U'[16975] U'[17055] L'[17200] U[17241] L[17321] U'[17909] L[18795] R'[18852] F[18932] L[19053] F[19182] L'[19295] F'[19375] R[19625] L'[19633] L'[19907] B[19979] L[20132] B'[20213] U'[20938] R[21244] L'[21245] R[21245] L'[21333] D[21481] L[21594] R'[21626] B[21771] B[21868] R[22005] L'[22013] D[22134] R[22254] L'[22262] R[22327] L'[22335] U[22407],,,gan12,custom_rules,R U F2 B R2 L U2 B' D F U2 B2 R2 F2 L2 U F2 U2 F2 U B2 D2,random_state,custom_rules,,,,8,UF,0,0,22407,64,70,83,2.86,8725,13682,"",0,Cross,U' F R2 B D L' F2,U'[0] F[145] R2[564] B[1539] D[1877] L'[2054] F2[2820],false,true,2820,0,2820,2820,7,7,9,2.48,F2L Slot 1,U2' U2 R R' U R U2 R' U R U' R',U2'[4246] U2[4785] R[5047] R'[5659] U[6079] R[6328] U2[6634] R'[6892] U[6965] R[7086] U'[7199] R'[7401],false,true,4581,2227,2354,7401,12,12,15,5.1,F2L Slot 2,U R' U2 R U R' U' R,U[8181] R'[8479] U2[8666] R[8802] U[8955] R'[9036] U'[9205] R[9333],false,true,1932,1078,854,9333,8,8,9,9.37,F2L Slot 3,L U' L' U L' U' L2 U L',L[10555] U'[10636] L'[10732] U[11844] L'[13930] U'[14494] L2[14719] U[14800] L'[14929],false,true,5596,1222,4374,14929,9,9,10,2.06,F2L Slot 4,L' U L U2' L' U L,L'[16476] U[16798] L[16902] U2'[17055] L'[17200] U[17241] L[17321],false,true,2392,1547,845,17321,7,7,8,8.28,OLL,U' M' U L U L' U' M L' B L B',U'[17909] M'[18852] U[18932] L[19053] U[19182] L'[19295] U'[19375] M[19633] L'[19907] B[19979] L[20132] B'[20213],false,true,2892,1531,1361,20213,12,14,14,8.82,PLL,U' M2 U M' U2 M U M2 U,U'[20938] M2[21333] U[21481] M'[21626] U2[21868] M[22013] U[22134] M2[22335] U[22407],false,true,2194,1120,1074,22407,9,13,18,8.38,,,,,,,,,,,,,,,,,,,,,,,,,,
47ff6c79-ee6f-4e9c-ae48-8c9db67beeea,2025-08-02 13:03:40 UTC,false,15025,CFOP,Gan12uiM,Gan 12 UI Maglev,Gan 356i,RandomForest,false,false,44002,15025,,R'[0] U[65] B[338] B[507] D[1273] D[1418] F'[1692] D[1772] F[1917] B'[2199] D[2336] B[2473] D'[2933] B[3182] D[3327] B'[3440] D[3521] D[3601] F'[3794] D'[3915] F[4020] D[4269] B'[4527] B[4688] D[4897] D[4992] F'[5217] D[5290] D[5362] F[5491] F[5596] D[5708] F'[5846] F'[6015] D[6103] F[6321] D[6506] D[7054] L'[7440] D'[7553] L[7609] D'[8125] D[9027] F[9921] L'[10088] F'[10169] L[10281] D[10370] L[10442] D'[10515] L'[10611] D[10692] D'[11014] D'[11159] L[11312] D[11699] L'[11803] D'[11852] L'[11956] F[12013] L[12117] F'[12166] D[13205] L[13406] D'[13470] L'[13559] D'[13696] L[13841] D[13905] L[14018] U[14082] L'[14155] D'[14308] L[14405] U'[14517] L'[14614] D[14686] D[14775] L'[14912] D'[15025],,,gan12,custom_rules,F L2 F2 U' F L' U D2 L' U F2 R2 D2 B2 U R2 D B2 R2 D F2 L2,random_state,custom_rules,,,,8,DB,0,0,15025,69,70,80,4.59,7072,7953,"",0,Cross,z2 L' D B2,z2[0] L'[0] D[65] B2[507],false,true,507,0,507,507,3,3,4,5.92,F2L Slot 1,U2 F' U S' L B z,U2[1418] F'[1692] U[1772] S'[2199] L[2336] B[2473] z[2703],false,true,1966,1185,781,2473,6,7,8,7.68,F2L Slot 2,U' B U B' U2 F' U' F,U'[2933] B[3182] U[3327] B'[3440] U2[3601] F'[3794] U'[3915] F[4020],false,true,1547,709,838,4020,8,8,9,9.55,F2L Slot 3,U B' B U2 F' U2 F2 U F2' U F,U[4269] B'[4527] B[4688] U2[4992] F'[5217] U2[5362] F2[5596] U[5708] F2'[6015] U[6103] F[6321],false,true,2301,507,1794,6321,11,11,15,6.13,F2L Slot 4,U2 R' U' R,U2[7054] R'[7440] U'[7553] R[7609],false,true,1288,1119,169,7609,4,4,5,23.67,OLL,U' U F R' F' R U R U' R' U U2' R U R' U' R' F R F',U'[8125] U[9027] F[9921] R'[10088] F'[10169] R[10281] U[10370] R[10442] U'[10515] R'[10611] U[10692] U2'[11159] R[11312] U[11699] R'[11803] U'[11852] R'[11956] F[12013] R[12117] F'[12166],false,true,4557,2312,2245,12166,20,20,21,8.91,PLL,U R U' R' U' R U R D R' U' R D' R' U2 R' U',U[13205] R[13406] U'[13470] R'[13559] U'[13696] R[13841] U[13905] R[14018] D[14082] R'[14155] U'[14308] R[14405] D'[14517] R'[14614] U2[14775] R'[14912] U'[15025],false,true,2859,1240,1619,15025,17,17,18,10.5,,,,,,,,,,,,,,,,,,,,,,,,,,
2db503d0-a967-41c9-84dd-6621b237e87a,2025-08-02 13:04:17 UTC,false,12902,CFOP,Gan12uiM,Gan 12 UI Maglev,Gan 356i,RandomForest,false,false,8424,12902,,U'[0] R'[217] R'[322] D'[741] D'[1006] B'[1216] L[1393] U'[1925] D[2658] R[3101] D[3246] R'[3319] L[3568] D'[3673] L'[3810] D[4108] L'[4326] D[4422] L[4519] R'[4801] D[4922] R[5025] R[5138] D'[5323] R'[5508] D'[5685] D'[5790] B[6024] R'[6137] B'[6258] R[6346] D[6797] B'[7184] L[7281] B[7369] L'[7409] B[7546] D'[7675] B'[7756] D'[8118] B[8529] D[8642] B'[8748] D'[8804] B'[8917] L[8965] B[9029] B[9077] D[9190] B'[9278] D'[9359] L'[9810] D'[10808] D[11154] B'[11460] L[11541] B'[11678] R[11742] R[11943] B[12048] L'[12088] B'[12193] R[12250] R[12459] B[12580] B[12636] D[12741] D[12902],,,gan12,custom_rules,B2 U' F2 R' L' D' F' L2 U B U' L2 D' F2 B2 R2 U' L2 U B2 U' R2,random_state,custom_rules,,,,8,DB,0,0,12902,58,60,68,4.5,5066,7836,"",0,Cross,z2 D' L2' U2' B' R D',z2[0] D'[0] L2'[322] U2'[1006] B'[1216] R[1393] D'[1925],false,true,1925,0,1925,1925,6,6,8,3.12,F2L Slot 1,U L U M F' R' x,U[2658] L[3101] U[3246] M[3568] F'[3673] R'[3810] x[3959],false,true,1885,1176,709,3810,6,7,7,8.46,F2L Slot 2,U R' U M F L x,U[4108] R'[4326] U[4422] M[4801] F[4922] L[5025] x[5081],false,true,1215,516,699,5025,6,7,7,8.58,F2L Slot 3,L U' L' U2' B L' B' L,L[5138] U'[5323] L'[5508] U2'[5790] B[6024] L'[6137] B'[6258] L[6346],false,true,1321,113,1208,6346,8,8,9,6.62,F2L Slot 4,U B' R B R' B U' B',U[6797] B'[7184] R[7281] B[7369] R'[7409] B[7546] U'[7675] B'[7756],false,true,1410,838,572,7756,8,8,8,13.99,OLL,U' B U B' U' B' R B2 U B' U' R',U'[8118] B[8529] U[8642] B'[8748] U'[8804] B'[8917] R[8965] B2[9077] U[9190] B'[9278] U'[9359] R'[9810],false,true,2054,773,1281,9810,12,12,13,9.37,PLL,U' U B' R B' L2 B R' B' L2 B2 U2,U'[10808] U[11154] B'[11460] R[11541] B'[11678] L2[11943] B[12048] R'[12088] B'[12193] L2[12459] B2[12636] U2[12902],false,true,3092,1650,1442,12902,12,12,16,8.32,,,,,,,,,,,,,,,,,,,,,,,,,,
01e8842d-90bc-4cdb-8286-e2b66fabbb75,2025-08-02 13:05:00 UTC,false,16075,CFOP,Gan12uiM,Gan 12 UI Maglev,Gan 356i,RandomForest,false,false,9529,16075,,U[0] L'[184] B'[523] U[1022] U[1159] B[1465] B[1538] U[2247] B[2601] F[4011] D[5297] F'[5450] F'[5547] D'[5659] F[5885] D'[7053] D'[7166] B[7391] D[7536] B'[7649] D'[7754] R'[8011] D'[8229] R[8333] D[9002] D[10374] B[10471] D'[10559] D'[10648] B'[10737] D'[10889] B[11011] D[11091] B'[11157] D'[12098] D'[12275] R[12501] D'[12589] R'[12742] D[12807] R[12879] D'[12960] R'[13048] D[13774] L[14651] R'[14659] L[14756] R'[14764] U[14877] L[15006] R'[15014] L[15070] R'[15078] D[15167] D[15263] R'[15438] L[15439] L[15439] R'[15511] U[15623] R'[15792] L[15794] L[15794] R'[15858] D[15986] D[16075],,,gan12,custom_rules,U B D2 L2 U' L' U' D2 R B' R2 U2 F2 U' F2 B2 U' R2 F2 L2 U' F2,random_state,custom_rules,,,,8,DB,0,0,16075,46,50,66,2.86,8114,7961,"",1,Cross,z2 D R' B' D2 B2 D B,z2[0] D[0] R'[184] B'[523] D2[1159] B2[1538] D[2247] B[2601],false,true,2601,0,2601,2601,7,7,9,2.69,F2L Slot 1,F U F2' U' F,F[4011] U[5297] F2'[5547] U'[5659] F[5885],false,true,3284,1410,1874,5885,5,5,6,2.67,F2L Slot 2,U2' B U B' U' L' U' L,U2'[7166] B[7391] U[7536] B'[7649] U'[7754] L'[8011] U'[8229] L[8333],false,true,2448,1506,942,8333,8,8,9,8.49,F2L Slot 3,U U B U2' B' U' B U B',U[9002] U[10374] B[10471] U2'[10648] B'[10737] U'[10889] B[11011] U[11091] B'[11157],false,true,2824,2138,686,11157,9,9,10,13.12,F2L Slot 4,U2' L U' L' U L U' L',U2'[12275] L[12501] U'[12589] L'[12742] U[12807] L[12879] U'[12960] L'[13048],false,true,1891,1344,547,13048,8,8,9,14.63,OLL,,"",true,false,0,0,0,13048,0,0,0,0,PLL,U M2 U M2 U2 M2 U M2 U2,U[13774] M2[14764] U[14877] M2[15078] U2[15263] M2[15511] U[15623] M2[15858] U2[16075],false,true,3027,1716,1311,16075,9,13,23,6.86,,,,,,,,,,,,,,,,,,,,,,,,,,
c4ae5ff2-e687-4268-a096-48b1a0c86b2c,2025-08-02 13:05:38 UTC,false,17321,CFOP,Gan12uiM,Gan 12 UI Maglev,Gan 356i,RandomForest,false,false,8733,17321,,L[0] U[169] L[499] U[822] U[902] D[1160] B'[1539] L[1724] B[2143] B[2240] L'[2659] D'[2764] L[2877] D'[3046] R[3239] D[3417] R'[3771] D'[3940] F'[4182] D'[4375] F[4496] L'[5197] D[5286] L[5439] D[6769] D[6858] D[7301] B[7526] D'[7769] B'[7945] D[8115] B'[8252] D[8372] B[8486] D'[8550] B'[8631] D'[8751] B[8864] D[9702] D'[10089] F[10201] D'[10370] D'[10636] F'[10789] D[10837] F[10902] D'[10959] F'[11007] D[11885] R[12102] D[12248] F[12361] D'[12425] F'[12538] D[12586] F[12691] D'[12731] F'[12852] R'[12933] D'[13883] F'[14013] D'[14149] R'[15100] F[15222] D[15318] F'[15427] D'[15484] F'[15572] R[15653] F[15741] F[15814] D'[15854] F'[15975] D'[16088] F[16331] D[16507] F'[16636] D[17031] F[17152] D'[17248] D'[17321],,,gan12,custom_rules,U F2 R B2 U B L' D F D2 R' L2 U' L2 F2 U L2 D B2 D2 R2 B2,random_state,custom_rules,,,,8,DB,0,0,17321,74,74,81,4.27,4939,12382,"",0,Cross,z2 R D R D2 U B' R B2,z2[0] R[0] D[169] R[499] D2[902] U[1160] B'[1539] R[1724] B2[2240],false,true,2240,0,2240,2240,8,8,10,3.57,F2L Slot 1,R' U' R U' L U L' U' F' U' F,R'[2659] U'[2764] R[2877] U'[3046] L[3239] U[3417] L'[3771] U'[3940] F'[4182] U'[4375] F[4496],false,true,2256,419,1837,4496,11,11,11,5.99,F2L Slot 2,R' U R U3 B U' B',R'[5197] U[5286] R[5439] U3[7301] B[7526] U'[7769] B'[7945],false,true,3449,701,2748,7945,7,7,9,2.55,F2L Slot 3,U B' U B U' B' U' B,U[8115] B'[8252] U[8372] B[8486] U'[8550] B'[8631] U'[8751] B[8864],false,true,919,307,612,8864,8,8,8,13.07,F2L Slot 4,U U' F U2' F' U F U' F',U[9702] U'[10089] F[10201] U2'[10636] F'[10789] U[10837] F[10902] U'[10959] F'[11007],false,true,2143,1337,806,11007,9,9,10,11.17,OLL,U L U F U' F' U F U' F' L',U[11885] L[12102] U[12248] F[12361] U'[12425] F'[12538] U[12586] F[12691] U'[12731] F'[12852] L'[12933],false,true,1926,1095,831,12933,11,11,11,13.24,PLL,U' F' U' L' F U F' U' F' L F2 U' F' U' F U F' U F U2',U'[13883] F'[14013] U'[14149] L'[15100] F[15222] U[15318] F'[15427] U'[15484] F'[15572] L[15653] F2[15814] U'[15854] F'[15975] U'[16088] F[16331] U[16507] F'[16636] U[17031] F[17152] U2'[17321],false,true,4388,1080,3308,17321,20,20,22,6.05,,,,,,,,,,,,,,,,,,,,,,,,,,
77957fb7-b073-4bb4-93bf-7440a9a6e1fa,2025-08-02 13:06:33 UTC,false,28261,CFOP,Gan12uiM,Gan 12 UI Maglev,Gan 356i,RandomForest,false,false,16320,28261,,F[0] F[64] D[121] F'[226] U'[620] F[1305] D'[1378] F'[1507] B'[1813] D'[1950] B[2071] B'[2200] D[2965] B[3239] R[5794] L'[5802] F'[6173] F'[8896] L[9283] R'[9324] D[9888] D[10049] D[10443] L[10693] R'[10741] B'[10944] R[11323] L'[11331] D'[11967] D'[12225] L'[12419] R[12435] F[12595] L[12853] R'[12869] D[14569] D[14706] L[14835] D[14996] L'[15061] D'[15238] F[15536] L'[15665] F'[15778] L[15890] D'[16383] B[16931] D'[16996] D'[17092] B'[17213] D'[17382] D'[17512] R[17817] D[18156] R'[18341] D[19179] L[19485] B'[19638] L'[19734] B[19832] B'[20605] L[20709] B[21153] L'[21225] D'[21921] L'[22009] D[22082] L[22178] D'[22992] D'[23153] R'[23266] B'[23362] D'[23483] B[23814] D'[23959] R[24096] D[24160] R'[24289] D[24361] R[24450] R[26270] F'[26319] R'[26399] B[26681] R[26852] R'[26964] R[27117] F[27197] R'[27286] B'[27399] R[27528] F[27616] R'[27729] B[27834] R[27906] F'[28035] R'[28116] B'[28261],,,gan12,custom_rules,U D2 F' L' D' F' R' F' D L F2 D R2 U R2 D2 L2 F2 R2 F2 U F2,random_state,custom_rules,,,,8,DB,0,0,28261,84,90,98,2.97,6744,21453,"",1,Cross,z2 F2 U F' D' F U' F' B' U' B B' U B M' U' U' M U3 M U' M' U2' M' U M,z2[32] F2[64] U[121] F'[226] D'[620] F[1305] U'[1378] F'[1507] B'[1813] U'[1950] B[2071] B'[2200] U[2965] B[3239] M'[5802] U'[6173] U'[8896] M[9324] U3[10443] M[10741] U'[10944] M'[11331] U2'[12225] M'[12435] U[12595] M[12869],false,true,12805,0,12805,12869,25,31,35,1.95,F2L Slot 1,,"",true,false,0,0,0,12869,0,0,0,0,F2L Slot 2,U2 R U R' U' F R' F' R,U2[14706] R[14835] U[14996] R'[15061] U'[15238] F[15536] R'[15665] F'[15778] R[15890],false,true,3021,1966,1055,15890,9,9,10,8.53,F2L Slot 3,U' B U2' B' U2' L U L',U'[16383] B[16931] U2'[17092] B'[17213] U2'[17512] L[17817] U[18156] L'[18341],false,true,2451,1041,1410,18341,8,8,10,5.67,F2L Slot 4,U R B' R' B,U[19179] R[19485] B'[19638] R'[19734] B[19832],false,true,1491,1144,347,19832,5,5,5,14.41,OLL,B' R B R' U' R' U R U2' L' B' U' B U' L U L' U L,B'[20605] R[20709] B[21153] R'[21225] U'[21921] R'[22009] U[22082] R[22178] U2'[23153] L'[23266] B'[23362] U'[23483] B[23814] U'[23959] L[24096] U[24160] L'[24289] U[24361] L[24450],false,true,4618,773,3845,24450,19,19,20,4.94,PLL,L F' L' B L L' L F L' B' L F L' B L F' L' B',L[26270] F'[26319] L'[26399] B[26681] L[26852] L'[26964] L[27117] F[27197] L'[27286] B'[27399] L[27528] F[27616] L'[27729] B[27834] L[27906] F'[28035] L'[28116] B'[28261],false,true,3811,1820,1991,28261,18,18,18,9.04,,,,,,,,,,,,,,,,,,,,,,,,,,
b1cce76b-8993-4117-90b0-7c6bd7e65aa9,2025-08-02 13:07:22 UTC,false,21846,CFOP,Gan12uiM,Gan 12 UI Maglev,Gan 356i,RandomForest,false,false,15342,21846,,U'[0] F'[177] R'[346] B'[1248] L[1740] L[1845] U'[2102] F[2279] F[2344] B'[4108] U'[4254] B[4414] B[5571] U'[6047] U'[6506] B'[6691] U'[7239] L'[7424] L[7505] L'[7690] U[7908] L[7948] U[9180] L[9535] U'[9631] L'[9728] U'[10171] U'[10644] B'[10813] U'[10990] B[11127] B[11619] U'[11691] U'[11787] B'[11965] U[12230] U[12360] B[12465] U'[12553] B'[12625] U'[14850] U[15099] R'[15244] F[15325] R[15429] F'[15493] R[15607] U[15758] R'[15854] U'[16330] U'[16515] L[16829] F[16982] R'[17111] F[17217] R[17329] F'[17401] F'[17482] L'[17571] L'[17643] B'[17852] R[17981] B'[18094] R'[18207] B'[18328] B'[18432] L[18529] U[19190] R'[19915] R'[19979] B[20069] B[20326] R[20447] F[20503] R'[20600] B[20656] B[21186] R[21323] R[21476] R'[21524] F'[21693] R[21742] U[21846],,,gan12,custom_rules,F' B' L' U2 R' D F2 U B R' F2 U' R2 L2 F2 U D2 L2 U2 D' L2,random_state,custom_rules,,,,8,UF,0,0,21846,68,68,83,3.11,8887,12959,"",0,Cross,U' F' R' B' L2 U' F2,U'[0] F'[177] R'[346] B'[1248] L2[1845] U'[2102] F2[2344],false,true,2344,0,2344,2344,7,7,9,2.99,F2L Slot 1,B' U' B B U2' B' U' L' L L' U L,B'[4108] U'[4254] B[4414] B[5571] U2'[6506] B'[6691] U'[7239] L'[7424] L[7505] L'[7690] U[7908] L[7948],false,true,5604,1764,3840,7948,12,12,13,3.13,F2L Slot 2,U L U' L' U2' B' U' B,U[9180] L[9535] U'[9631] L'[9728] U2'[10644] B'[10813] U'[10990] B[11127],false,true,3179,1587,1592,11127,8,8,9,5.03,F2L Slot 3,B U2' B' U2 B U' B',B[11619] U2'[11787] B'[11965] U2[12360] B[12465] U'[12553] B'[12625],false,true,1498,492,1006,12625,7,7,9,6.96,F2L Slot 4,U' U R' F R F' R U R',U'[14850] U[15099] R'[15244] F[15325] R[15429] F'[15493] R[15607] U[15758] R'[15854],false,true,3229,2619,610,15854,9,9,9,14.75,OLL,U2' L F R' F R F2' L2' B' R B' R' B2' L,U2'[16515] L[16829] F[16982] R'[17111] F[17217] R[17329] F2'[17482] L2'[17643] B'[17852] R[17981] B'[18094] R'[18207] B2'[18432] L[18529],false,true,2675,975,1700,18529,14,14,18,8.24,PLL,U R2' B2 R F R' B2 R2 R' F' R U,U[19190] R2'[19979] B2[20326] R[20447] F[20503] R'[20600] B2[21186] R2[21476] R'[21524] F'[21693] R[21742] U[21846],false,true,3317,1450,1867,21846,12,12,16,6.43,,,,,,,,,,,,,,,,,,,,,,,,,,
c1606431-a228-4a05-8cdc-32e5f0b119b3,2025-08-02 13:08:23 UTC,false,22683,CFOP,Gan12uiM,Gan 12 UI Maglev,Gan 356i,RandomForest,false,false,28227,22683,,R[0] F[96] L[628] B'[1644] D'[2329] L'[2546] D'[2836] L[3014] D[3110] L'[3279] R'[3513] B'[3707] L[3827] B[3900] R[4037] L'[4040] R[5067] D'[5325] R'[5623] D'[6123] L[6936] D'[7026] L'[7146] D'[7235] L[7339] D'[7396] L'[7500] D[7831] L'[7984] F'[8403] R[8588] R'[8709] F[8927] R[9080] L[10007] R'[10039] D[10400] D[10900] R[11182] D'[11424] R'[11681] D'[12036] D'[12366] F[12584] D'[12640] F'[12769] D[12818] F[12914] D[12987] F'[13043] D[13962] D'[14751] D'[15026] L'[15155] F[15219] L[15318] F'[15374] D[15567] D[15680] L[15769] D[15930] L'[16002] R[16671] F[16832] L'[16929] F[16993] L[17098] F'[17155] F'[17235] R'[17332] R'[17429] B'[17557] L[17711] B'[17816] L'[17936] B'[18074] B'[18139] R[18275] L'[19887] D[19975] L[20080] D'[20217] L'[20346] L[20588] L'[20846] F'[20959] D'[21079] F[21192] L[21329] D[21450] L'[21579] F[21668] L'[21933] F'[22022] L[22159] D'[22208] L[22264] D[22554] D[22683],,,gan12,custom_rules,R B2 D L' F' R' B2 U D2 R D B2 L2 B2 D' R2 D' B2 D' L2 F2 U2,random_state,custom_rules,,,,8,DB,0,0,22683,89,91,99,3.92,6791,15892,"",0,Cross,z2 L F R B' U' R',z2[0] L[0] F[96] R[628] B'[1644] U'[2329] R'[2546],false,true,2546,0,2546,2546,6,6,6,2.36,F2L Slot 1,U' R U R' L' B' R B M' x',U'[2836] R[3014] U[3110] R'[3279] L'[3513] B'[3707] R[3827] B[3900] M'[4040] x'[4553],false,true,1494,468,1026,4040,9,10,10,8.77,F2L Slot 2,L U' L' U' R U' R' U' R U' R' U R' F' L L' F L M F2 L F' L' x,L[5067] U'[5325] L'[5623] U'[6123] R[6936] U'[7026] R'[7146] U'[7235] R[7339] U'[7396] R'[7500] U[7831] R'[7984] F'[8403] L[8588] L'[8709] F[8927] L[9080] M[10039] F2[10900] L[11182] F'[11424] L'[11681] x[11858],false,true,7641,1027,6614,11681,23,24,25,3.48,F2L Slot 3,U2' F U' F' U F U F',U2'[12366] F[12584] U'[12640] F'[12769] U[12818] F[12914] U[12987] F'[13043],false,true,1362,903,459,13043,8,8,9,17.43,F2L Slot 4,U U2' R' F R F' U2 R U R',U[13962] U2'[15026] R'[15155] F[15219] R[15318] F'[15374] U2[15680] R[15769] U[15930] R'[16002],false,true,2959,2112,847,16002,10,10,12,11.81,OLL,L F R' F R F2' L2' B' R B' R' B2' L,L[16671] F[16832] R'[16929] F[16993] R[17098] F2'[17235] L2'[17429] B'[17557] R[17711] B'[17816] R'[17936] B2'[18139] L[18275],false,true,2273,669,1604,18275,13,13,16,8.1,PLL,R' U R U' R' R R' F' U' F R U R' F R' F' R U' R U2,R'[19887] U[19975] R[20080] U'[20217] R'[20346] R[20588] R'[20846] F'[20959] U'[21079] F[21192] R[21329] U[21450] R'[21579] F[21668] R'[21933] F'[22022] R[22159] U'[22208] R[22264] U2[22683],false,true,4408,1612,2796,22683,20,20,21,7.15,,,,,,,,,,,,,,,,,,,,,,,,,,
6306e679-10c7-4b18-913b-2e489c8f307a,2025-08-02 13:09:04 UTC,false,18976,CFOP,Gan12uiM,Gan 12 UI Maglev,Gan 356i,RandomForest,false,false,10822,18976,,R[0] F[120] D'[1329] B'[1611] D[1925] D[2006] B[2328] U'[2465] B[2586] U[3593] L'[4005] U[4069] L[4190] U'[4407] U'[4520] L'[4601] U[4673] L[4778] U[5707] U[6328] R[6408] U'[6473] R'[6586] U'[6650] R[6771] U'[6819] R'[6908] L[7174] U[7295] U[7423] L'[7552] U'[8455] R'[9148] R[9438] U'[10066] R[10510] U'[10574] U'[10679] R'[10851] U[10924] R[11021] U[11125] R'[11166] U'[14051] U'[14243] B[14453] U'[14517] B'[14646] U[14783] B[14848] U'[14944] B'[15283] L[16156] U'[16260] R'[16389] U[16486] F[16558] U[16631] F'[16695] U'[16776] R[16929] L'[16945] B'[17920] R[17993] B'[18090] L[18146] L[18347] B[18452] R'[18500] B'[18589] L[18637] L[18855] B[18919] B[18976],,,gan12,custom_rules,R' B2 R' U2 F R' D2 B L B2 U' R2 U' F2 U F2 D2 L2 U' R2 F2 B2,random_state,custom_rules,,,,8,UF,0,0,18976,63,65,74,3.32,9780,9196,"",0,Cross,R F D' B' D2 B U' B,R[0] F[120] D'[1329] B'[1611] D2[2006] B[2328] U'[2465] B[2586],false,true,2586,0,2586,2586,8,8,9,3.09,F2L Slot 1,U L' U L U2' L' U L,U[3593] L'[4005] U[4069] L[4190] U2'[4520] L'[4601] U[4673] L[4778],false,true,2192,1419,773,4778,8,8,9,10.35,F2L Slot 2,U2 R U' R' U' R U' M' B2 L' x',U2[6328] R[6408] U'[6473] R'[6586] U'[6650] R[6771] U'[6819] M'[7174] B2[7423] L'[7552] x'[8003],false,true,2774,1630,1144,7552,10,11,13,8.74,F2L Slot 3,U' R' R U' R U2' R' U R U R',U'[8455] R'[9148] R[9438] U'[10066] R[10510] U2'[10679] R'[10851] U[10924] R[11021] U[11125] R'[11166],false,true,3614,1596,2018,11166,11,11,12,5.45,F2L Slot 4,U2' B U' B' U B U' B',U2'[14243] B[14453] U'[14517] B'[14646] U[14783] B[14848] U'[14944] B'[15283],false,true,4117,3287,830,15283,8,8,9,9.64,OLL,L U' R' U F U F' U' M x,L[16156] U'[16260] R'[16389] U[16486] F[16558] U[16631] F'[16695] U'[16776] M[16945] x[17432],false,true,1662,873,789,16945,9,10,10,11.41,PLL,B' R B' L2 B R' B' L2 B2,B'[17920] R[17993] B'[18090] L2[18347] B[18452] R'[18500] B'[18589] L2[18855] B2[18976],false,true,2031,975,1056,18976,9,9,12,8.52,,,,,,,,,,,,,,,,,,,,,,,,,,
97549831-9135-4c6f-9275-bdff3796d409,2025-08-02 13:09:41 UTC,false,13621,CFOP,Gan12uiM,Gan 12 UI Maglev,Gan 356i,RandomForest,false,false,14764,13621,,L[0] U[297] F'[571] R[829] R[918] R[1643] D'[1876] R'[2013] D[2408] B'[2899] D'[3214] B[3311] F'[3971] F[4164] B[4398] D'[4463] B'[4567] D'[4632] B[4753] D'[4801] B'[4914] F[5145] D[5234] D[5354] F'[5508] D'[6338] F'[6595] D[6676] D[6748] F[6877] L'[7361] D'[7489] L[7619] D'[7900] D[8384] D[8505] D[8811] F'[9110] D'[9206] D'[9319] F[9423] D'[9512] F'[9609] D[9673] F[9745] D[10313] D[10506] D[10748] F'[10861] R'[10982] D'[11127] R[11256] D[11393] F[11579] F'[12601] B[12604] F'[12604] B[12605] U[12605] B[12933] F'[12941] B[12997] F'[13005] D[13085] D[13166] F'[13302] B[13304] B[13304] F'[13392] U[13504] F'[13617] B[13618] F'[13618] B[13621],,,gan12,custom_rules,U D' R' F2 U R2 F' L B' L F U' R2 B2 L2 U F2 D R2 F2 U D,random_state,custom_rules,,,,8,DB,0,0,13621,51,56,74,3.74,6105,7516,"",0,Cross,z2 R D F' L2,z2[0] R[0] D[297] F'[571] L2[918],false,true,918,0,918,918,4,4,5,4.36,F2L Slot 1,L U' L' U B' U' B,L[1643] U'[1876] L'[2013] U[2408] B'[2899] U'[3214] B[3311],false,true,2393,725,1668,3311,7,7,7,4.2,F2L Slot 2,F' F B U' B' U' B U' S' L2 F' z,F'[3971] F[4164] B[4398] U'[4463] B'[4567] U'[4632] B[4753] U'[4801] S'[5145] L2[5354] F'[5508] z[5923],false,true,2197,660,1537,5508,11,12,13,7.16,F2L Slot 3,U' F' U2 F R' U' R,U'[6338] F'[6595] U2[6748] F[6877] R'[7361] U'[7489] R[7619],false,true,2111,1087,1024,7619,7,7,8,6.84,F2L Slot 4,U' U3 F' U2' F U' F' U F,U'[7900] U3[8811] F'[9110] U2'[9319] F[9423] U'[9512] F'[9609] U[9673] F[9745],false,true,2126,1491,635,9745,9,9,12,14.17,OLL,U3 F' L' U' L U F,U3[10748] F'[10861] L'[10982] U'[11127] L[11256] U[11393] F[11579],false,true,1834,1116,718,11579,7,7,9,9.75,PLL,S2 U S2 U2 S2 U S2,S2[12605] U[12605] S2[13005] U2[13166] S2[13392] U[13504] S2[13621],false,true,2042,1026,1016,13621,7,11,20,6.89,,,,,,,,,,,,,,,,,,,,,,,,,,
24a5001a-352f-4a16-9d49-7f869765934e,2025-08-02 13:10:14 UTC,false,13065,CFOP,Gan12uiM,Gan 12 UI Maglev,Gan 356i,RandomForest,false,false,10081,13065,,U[0] L'[96] B'[241] U[1160] L'[1273] D'[1522] L[1756] D'[1836] D'[2199] L'[2546] D'[2763] L[2900] D[2973] L'[3102] D[3932] F[4085] D'[4165] D'[4254] F'[4367] D[4488] F[4641] D'[4705] F'[4778] R[5405] D'[5462] R'[5574] D[5719] B'[6074] D'[6187] D'[6316] B[6412] D'[6566] D'[6655] B'[6743] D[6791] B[6856] D[7251] D'[8491] B'[8870] L[8918] B[9007] L'[9064] B[9169] D[9273] B'[9346] D'[9950] D'[10087] B'[10248] D'[10406] B'[10566] L[10615] B[10711] L'[10751] D[10977] B[11026] B[11622] B'[11759] B[11888] D[12033] B'[12122] L'[12227] B[12299] D[12396] B'[12484] D'[12533] B'[12613] L[12678] B[12742] B[12791] D'[12831] B'[12888] D'[13065],,,gan12,custom_rules,D2 R2 F2 U R' U B' L F2 L2 U' B2 D F2 L2 D B2 D L2 B2 U',random_state,custom_rules,,,,8,DB,0,0,13065,65,65,72,4.98,5605,7460,"",0,Cross,z2 D R' B' D R',z2[0] D[0] R'[96] B'[241] D[1160] R'[1273],false,true,1273,0,1273,1273,5,5,5,3.93,F2L Slot 1,U' R U2' R' U' R U R',U'[1522] R[1756] U2'[2199] R'[2546] U'[2763] R[2900] U[2973] R'[3102],false,true,1829,483,1346,3102,8,8,9,5.94,F2L Slot 2,U F U2' F' U F U' F',U[3932] F[4085] U2'[4254] F'[4367] U[4488] F[4641] U'[4705] F'[4778],false,true,1676,983,693,4778,8,8,9,11.54,F2L Slot 3,L U' L' U B' U2' B U2' B' U B,L[5405] U'[5462] L'[5574] U[5719] B'[6074] U2'[6316] B[6412] U2'[6655] B'[6743] U[6791] B[6856],false,true,2078,627,1451,6856,11,11,13,7.58,F2L Slot 4,U U' B' R B R' B U B',U[7251] U'[8491] B'[8870] R[8918] B[9007] R'[9064] B[9169] U[9273] B'[9346],false,true,2490,2014,476,9346,9,9,9,18.91,OLL,U2' B' U' B' R B R' U B,U2'[10087] B'[10248] U'[10406] B'[10566] R[10615] B[10711] R'[10751] U[10977] B[11026],false,true,1680,902,778,11026,9,9,10,11.57,PLL,B B' B U B' R' B U B' U' B' R B2 U' B' U',B[11622] B'[11759] B[11888] U[12033] B'[12122] R'[12227] B[12299] U[12396] B'[12484] U'[12533] B'[12613] R[12678] B2[12791] U'[12831] B'[12888] U'[13065],false,true,2039,596,1443,13065,16,16,17,11.09,,,,,,,,,,,,,,,,,,,,,,,,,,
dca2ac93-216b-4b47-b607-9eebe6115bf1,2025-08-02 13:10:51 UTC,false,18022,CFOP,Gan12uiM,Gan 12 UI Maglev,Gan 356i,RandomForest,false,false,7899,18022,,U[0] F[298] F[443] R'[887] U[1144] U[1700] U[2031] F'[2917] U[2921] U[2921] D[4077] L'[4238] D[4328] L[4432] D[4561] R'[4722] D'[4867] R[4947] L'[6136] D'[6556] L[6676] D[6789] B'[7216] D[7401] B[7579] B[9013] D'[9174] B'[9272] D[9336] D[9440] B[9513] D'[9593] B'[9666] D'[10721] D[10947] L'[11092] F[11164] L[11269] F'[11309] D[11519] L[11599] D'[11688] L'[11744] D[12333] R'[12542] D'[12639] R[12776] D'[12864] R'[12945] D[13050] R[13316] D[13477] R[13638] F'[13702] R'[13847] F[13976] D'[15330] L'[15741] D'[15845] L[15999] U'[16087] D[16111] L[16233] L[16338] D[16467] L'[16596] D[16918] L[16998] D'[17071] L[17120] D'[17321] L'[17530] L'[17603] U[17699] D[17909] D[18022],,,gan12,custom_rules,U B' D' L B R' L2 B2 U' F D R2 L2 B2 R2 D' F2 U' F2 L2 U',random_state,custom_rules,,,,8,DB,0,0,18022,67,68,76,3.72,7929,10093,"",0,Cross,z2 D F2 L' D3 F' D2,z2[0] D[0] F2[443] L'[887] D3[2031] F'[2917] D2[2921],false,true,2921,0,2921,2921,6,6,10,2.05,F2L Slot 1,U R' U R U L' U' L,U[4077] R'[4238] U[4328] R[4432] U[4561] L'[4722] U'[4867] L[4947],false,true,2026,1317,709,4947,8,8,8,11.28,F2L Slot 2,R' U' R U B' U B,R'[6136] U'[6556] R[6676] U[6789] B'[7216] U[7401] B[7579],false,true,2632,1189,1443,7579,7,7,7,4.85,F2L Slot 3,B U' B' U2 B U' B',B[9013] U'[9174] B'[9272] U2[9440] B[9513] U'[9593] B'[9666],false,true,2087,1434,653,9666,7,7,8,10.72,F2L Slot 4,U' U R' F R F' U R U' R',U'[10721] U[10947] R'[11092] F[11164] R[11269] F'[11309] U[11519] R[11599] U'[11688] R'[11744],false,true,2078,1426,652,11744,10,10,10,15.34,OLL,U L' U' L U' L' U L U L F' L' F,U[12333] L'[12542] U'[12639] L[12776] U'[12864] L'[12945] U[13050] L[13316] U[13477] L[13638] F'[13702] L'[13847] F[13976],false,true,2232,798,1434,13976,13,13,13,9.07,PLL,U' R' U' R E B2 U B' U B U' B U' B2' D U2,U'[15330] R'[15741] U'[15845] R[15999] E[16111] B2[16338] U[16467] B'[16596] U[16918] B[16998] U'[17071] B[17120] U'[17321] B2'[17603] D[17699] U2[18022],false,true,4046,1765,2281,18022,16,17,20,7.01,,,,,,,,,,,,,,,,,,,,,,,,,,
56fd0eb6-3362-49f6-a962-65c0c140106c,2025-08-02 13:11:24 UTC,false,14730,CFOP,Gan12uiM,Gan 12 UI Maglev,Gan 356i,RandomForest,false,false,7650,14730,,D[0] U[96] B[499] U'[1498] R'[1748] D'[3254] D[3665] R[3882] D'[4004] R'[4157] D'[4753] R[4882] D'[4938] R'[5059] D[5099] R[5172] D'[5237] R'[5446] D[5752] L'[6010] D[6082] L[6195] R'[6510] D[6622] R[6735] D[7041] D[7178] B[7557] D'[7629] B'[7718] D[7807] D[7911] L[8178] D[8306] L'[8459] D'[9072] D'[9322] B[9579] D[9668] B'[9764] D'[10540] B'[10661] L'[10742] D'[10871] L[10959] D'[11128] B[11233] D[11297] B'[11410] D[11467] B[11547] B[13183] D'[13304] B'[13416] D'[13546] B[13731] D[13787] B[13908] U[13956] B'[14037] D'[14166] B[14303] U'[14392] B'[14504] D[14577] D[14673] B'[14730],,,gan12,custom_rules,U' F2 D' B' R' L2 U B D R' B2 D' F2 L2 U D2 L2 D' B2 U2 B2 L2,random_state,custom_rules,,,,8,DB,0,0,14730,63,63,67,4.28,7173,7557,"",0,Cross,z2 U D B D' L',z2[0] U[0] D[96] B[499] D'[1498] L'[1748],false,true,1748,0,1748,1748,5,5,5,2.86,F2L Slot 1,U' U L U' L' U' L U' L' U L U' L',U'[3254] U[3665] L[3882] U'[4004] L'[4157] U'[4753] L[4882] U'[4938] L'[5059] U[5099] L[5172] U'[5237] L'[5446],false,true,3698,2134,1564,5446,13,13,13,8.31,F2L Slot 2,U R' U R L' U L,U[5752] R'[6010] U[6082] R[6195] L'[6510] U[6622] L[6735],false,true,1289,564,725,6735,7,7,7,9.66,F2L Slot 3,U2 B U' B' U2 R U R',U2[7178] B[7557] U'[7629] B'[7718] U2[7911] R[8178] U[8306] R'[8459],false,true,1724,822,902,8459,8,8,10,8.87,F2L Slot 4,U2' B U B',U2'[9322] B[9579] U[9668] B'[9764],false,true,1305,1120,185,9764,4,4,5,21.62,OLL,U' B' R' U' R U' B U B' U B,U'[10540] B'[10661] R'[10742] U'[10871] R[10959] U'[11128] B[11233] U[11297] B'[11410] U[11467] B[11547],false,true,1783,897,886,11547,11,11,11,12.42,PLL,B U' B' U' B U B D B' U' B D' B' U2 B',B[13183] U'[13304] B'[13416] U'[13546] B[13731] U[13787] B[13908] D[13956] B'[14037] U'[14166] B[14303] D'[14392] B'[14504] U2[14673] B'[14730],false,true,3183,1636,1547,14730,15,15,16,9.7,,,,,,,,,,,,,,,,,,,,,,,,,,
0633d909-4cf1-43b6-8e03-0e44adab05c4,2025-08-02 13:12:10 UTC,false,20052,CFOP,Gan12uiM,Gan 12 UI Maglev,Gan 356i,RandomForest,false,false,13981,20052,,U'[0] L'[241] U'[467] U'[581] L'[781] B[862] U[1225] U[1361] F[1764] R[1861] R[1965] F'[2030] U'[2577] F[3206] U'[3311] F'[3504] F[4366] U'[4487] F'[4631] U'[4857] R'[5303] U[5360] R[5496] U[6544] B'[7035] U[7091] B[7220] U'[7277] B'[7349] U'[7486] B[7567] F[8590] U[8711] U'[8904] U'[9170] F'[9347] F'[9935] F[9992] U[10145] F[10798] B'[10806] U'[11233] R'[11370] U[11532] R[11709] B[12409] F'[12554] F[13899] U'[13956] F'[14061] U[14125] U[14238] L'[14544] U'[14617] L[14697] U'[14826] L'[14907] U[14987] L[15076] U'[15543] U[15910] U[15999] L[16128] U'[16184] U'[16265] L'[16345] L'[16458] B[16523] L[16659] B'[16724] L[16837] U'[16958] U'[17046] L'[17127] L[18496] R'[18504] R'[18609] L[18612] D'[19270] R[19350] L'[19391] F[19512] F[19592] L[19737] R'[19753] D'[19850] R'[19980] L[19980] L[19980] R'[20052],,,gan12,custom_rules,U F2 B2 L2 U B' U2 L F B' U D2 R2 D B2 R2 U' F2 R2 L2 F2 D',random_state,custom_rules,,,,8,UF,0,0,20052,69,75,90,3.44,6275,13777,"",1,Cross,U' L' U2' L' B U2 F R2 F',U'[0] L'[241] U2'[581] L'[781] B[862] U2[1361] F[1764] R2[1965] F'[2030],false,true,2030,0,2030,2030,9,9,12,4.43,F2L Slot 1,,"",true,false,0,0,0,2030,0,0,0,0,F2L Slot 2,U' F U' F' F U' F' U' R' U R,U'[2577] F[3206] U'[3311] F'[3504] F[4366] U'[4487] F'[4631] U'[4857] R'[5303] U[5360] R[5496],false,true,3466,1176,2290,5496,11,11,11,4.8,F2L Slot 3,U B' U B U' B' U' B,U[6544] B'[7035] U[7091] B[7220] U'[7277] B'[7349] U'[7486] B[7567],false,true,2071,1539,532,7567,8,8,8,15.04,F2L Slot 4,F U U2' F2' F U S' L' U' L U S F U' F' U2 L' U' L U' L' U L,F[8590] U[8711] U2'[9170] F2'[9935] F[9992] U[10145] S'[10806] L'[11233] U'[11370] L[11532] U[11709] S[12554] F[13899] U'[13956] F'[14061] U2[14238] L'[14544] U'[14617] L[14697] U'[14826] L'[14907] U[14987] L[15076],false,true,7509,1023,6486,15076,23,25,28,3.55,OLL,U' U2 L U2' L2' B L B' L U2' L',U'[15543] U2[15999] L[16128] U2'[16265] L2'[16458] B[16523] L[16659] B'[16724] L[16837] U2'[17046] L'[17127],false,true,2051,1052,999,17127,11,11,15,11.01,PLL,M2' U' M U2 M' U' M2',M2'[18612] U'[19270] M[19391] U2[19592] M'[19753] U'[19850] M2'[20052],false,true,2925,1485,1440,20052,7,11,16,4.86,,,,,,,,,,,,,,,,,,,,,,,,,,
17190882-ce0e-4347-afbc-50376aa99d6f,2025-08-02 13:12:52 UTC,false,26200,CFOP,Gan12uiM,Gan 12 UI Maglev,Gan 356i,RandomForest,false,false,6789,26200,,F'[0] D'[129] B[306] F'[1160] R[1233] U'[1942] F'[2248] U[2498] U[2554] F[4979] D[5068] F'[5167] F'[5232] R[5288] F[5417] R'[5458] D[5684] D[5780] B[5981] D'[6159] B'[6336] B[7271] D[7610] D[7714] B'[7875] B'[7988] D'[8101] B[8222] B[8334] D'[8471] B'[8616] D[9640] F[10075] D[10371] F'[10549] L[10830] D[10992] L'[11080] D[11870] D'[12490] D'[13288] F'[13474] D[13562] F[13667] F[13804] F'[14102] D'[14263] L[14594] D'[14674] L'[14779] D[14860] F[15579] D'[15644] D'[15756] F'[16191] D[16385] R'[16723] D'[16828] R[16876] D'[17481] L[17699] B[18947] R'[19061] B'[19367] L'[19737] L[19810] L'[20051] B[20310] R[20511] B'[20559] D[22114] D[22525] R'[22823] R'[23089] D'[23226] R[23403] D'[23484] R[23589] D[23670] R'[23806] D[23855] R[23960] R[24064] U'[24258] D[24266] R[24435] D'[24524] U[24725] U'[24814] R'[25612] U[26200],,,gan12,custom_rules,U' R F2 L2 U2 B R D F U L U' D' L2 D F2 L2 D' R2 U R2 B2,random_state,custom_rules,,,,8,DB,0,0,26200,78,80,91,2.98,8972,17228,"",0,Cross,z2 F' U' B F' L D' F' D2,z2[0] F'[0] U'[129] B[306] F'[1160] L[1233] D'[1942] F'[2248] D2[2554],false,true,2554,0,2554,2554,8,8,9,3.13,F2L Slot 1,F U F2' L F L' U2 B U' B',F[4979] U[5068] F2'[5232] L[5288] F[5417] L'[5458] U2[5780] B[5981] U'[6159] B'[6336],false,true,3782,2425,1357,6336,10,10,12,7.37,F2L Slot 2,B U2 B2' U' B2 U' B',B[7271] U2[7714] B2'[7988] U'[8101] B2[8334] U'[8471] B'[8616],false,true,2280,935,1345,8616,7,7,10,5.2,F2L Slot 3,U F U F' R U R' U U' U' F' U F2 F' U' R U' R',U[9640] F[10075] U[10371] F'[10549] R[10830] U[10992] R'[11080] U[11870] U'[12490] U'[13288] F'[13474] U[13562] F2[13804] F'[14102] U'[14263] R[14594] U'[14674] R'[14779],false,true,6163,1459,4704,14779,18,18,19,3.83,F2L Slot 4,U F U2' F' U L' U' L,U[14860] F[15579] U2'[15756] F'[16191] U[16385] L'[16723] U'[16828] L[16876],false,true,2097,800,1297,16876,8,8,9,6.17,OLL,U' R B L' B' R' R R' B L B',U'[17481] R[17699] B[18947] L'[19061] B'[19367] R'[19737] R[19810] R'[20051] B[20310] L[20511] B'[20559],false,true,3683,823,2860,20559,11,11,11,3.85,PLL,U2 L2' U' L U' L U L' U L2 E F E' D' L' D,U2[22525] L2'[23089] U'[23226] L[23403] U'[23484] L[23589] U[23670] L'[23806] U[23855] L2[24064] E[24266] F[24435] E'[24725] D'[24814] L'[25612] D[26200],false,true,5641,2530,3111,26200,16,18,21,5.14,,,,,,,,,,,,,,,,,,,,,,,,,,
b9347162-1b09-45a2-a9b6-847f06161bb8,2025-08-02 13:13:20 UTC,false,14452,CFOP,Gan12uiM,Gan 12 UI Maglev,Gan 356i,RandomForest,false,false,4221,14452,,D'[0] R[161] B[362] R[491] L'[967] F[1023] L[1120] U[1346] U[1450] D'[2305] L[2732] D'[2853] L'[3006] D'[3103] L[3199] D'[3256] L'[3401] D[3570] D[4070] F[4223] D'[4321] F'[4457] B[4940] D'[5015] B'[5121] D[5217] B'[5402] D'[5515] B[5611] D'[5998] D'[7191] L[7692] D[7829] L'[7989] D[8489] B[8586] D'[8642] B'[8714] D[9472] F[9730] B'[9851] B'[9907] L'[10004] B[10067] L'[10204] B'[10295] L[10343] L[10439] B[10495] L'[10583] B[10632] F'[10849] B'[11623] B[11711] F[12179] B'[12396] B'[12469] U[12525] B[12614] U'[12687] B[12775] L'[12920] L'[13251] F'[13412] D[13460] F[13524] L'[13589] F'[13679] F[14274] L'[14347] F'[14452],,,gan12,custom_rules,B' U' F2 R' F L' U2 R B D L2 U B2 U' R2 D B2 L2 U L2 U' L2,random_state,custom_rules,,,,8,DB,0,0,14452,64,67,71,4.43,6354,8098,"",0,Cross,z2 U' L B L R' F R D2,z2[0] U'[0] L[161] B[362] L[491] R'[967] F[1023] R[1120] D2[1450],false,true,1450,0,1450,1450,8,8,9,5.52,F2L Slot 1,U' R U' R' U' R U' R' U2 F U' F',U'[2305] R[2732] U'[2853] R'[3006] U'[3103] R[3199] U'[3256] R'[3401] U2[4070] F[4223] U'[4321] F'[4457],false,true,3007,1282,1725,4457,12,12,13,6.96,F2L Slot 2,B U' B' U B' U' B,B[4940] U'[5015] B'[5121] U[5217] B'[5402] U'[5515] B[5611],false,true,1154,483,671,5611,7,7,7,10.43,F2L Slot 3,U' U' R U R',U'[5998] U'[7191] R[7692] U[7829] R'[7989],false,true,2378,2081,297,7989,5,5,5,16.84,F2L Slot 4,U B U' B',U[8489] B[8586] U'[8642] B'[8714],false,true,725,597,128,8714,4,4,4,31.25,OLL,U S' B' U' B U' B' U2 B U' S,U[9472] S'[9851] B'[9907] U'[10004] B[10067] U'[10204] B'[10295] U2[10439] B[10495] U'[10583] S[10849],false,true,2135,1137,998,10849,11,13,14,11.02,PLL,B' B S' B' R B R' B U2' F' L F U' F' F U' F',B'[11623] B[11711] S'[12396] B'[12469] R[12525] B[12614] R'[12687] B[12775] U2'[13251] F'[13412] L[13460] F[13524] U'[13589] F'[13679] F[14274] U'[14347] F'[14452],false,true,3603,774,2829,14452,17,18,19,6.01,,,,,,,,,,,,,,,,,,,,,,,,,,
372ad666-0a22-41fa-b736-d47c454aad50,2025-08-02 13:13:58 UTC,false,19879,CFOP,Gan12uiM,Gan 12 UI Maglev,Gan 356i,RandomForest,false,false,7779,19879,,U'[0] L[145] F[346] F[573] D'[2232] U[2619] D'[3360] F[3787] D[4400] D[4480] R'[5026] R[6605] U[6742] U'[7016] U'[7258] R'[7395] U[7443] U[7564] R[7645] U'[7718] R'[7806] U[9909] F[10014] U'[10078] U'[10142] F'[10247] L[10521] U[10674] L'[10811] U[11996] B[12254] U'[12366] B[12729] L'[12810] B'[12931] L[13156] B'[13253] U[14083] L'[14462] U'[14526] L[14655] U'[14736] L'[15189] U[15253] L[15358] U[15906] B[16615] L'[16736] B'[16834] L[16938] U[17010] U[17107] L[17203] U'[17268] L'[17381] U[17421] L[17493] U'[17558] U'[17631] L'[17719] L'[18597] B[18694] L'[18766] F[18871] F[19049] L[19161] B'[19234] L'[19355] F[19395] F[19621] L[19766] L[19822] U[19879],,,gan12,custom_rules,L F B2 R' B R F L D2 L2 U2 L2 F2 U' L2 D' F2 D R2 U' L2 F2,random_state,custom_rules,,,,8,UF,0,0,19879,63,63,73,3.17,8574,11305,"",0,Cross,U' L F2 D' U D' F D2 R',U'[0] L[145] F2[573] D'[2232] U[2619] D'[3360] F[3787] D2[4480] R'[5026],false,true,5026,0,5026,5026,9,9,11,1.79,F2L Slot 1,R U U2' R' U2 R U' R',R[6605] U[6742] U2'[7258] R'[7395] U2[7564] R[7645] U'[7718] R'[7806],false,true,2780,1579,1201,7806,8,8,10,6.66,F2L Slot 2,U F U2' F' L U L',U[9909] F[10014] U2'[10142] F'[10247] L[10521] U[10674] L'[10811],false,true,3005,2208,797,10811,7,7,8,8.78,F2L Slot 3,U B U' B L' B' L B',U[11996] B[12254] U'[12366] B[12729] L'[12810] B'[12931] L[13156] B'[13253],false,true,2442,1443,999,13253,8,8,8,8.01,F2L Slot 4,U L' U' L U' L' U L,U[14083] L'[14462] U'[14526] L[14655] U'[14736] L'[15189] U[15253] L[15358],false,true,2105,1209,896,15358,8,8,8,8.93,OLL,U B L' B' L U2 L U' L' U L U2' L',U[15906] B[16615] L'[16736] B'[16834] L[16938] U2[17107] L[17203] U'[17268] L'[17381] U[17421] L[17493] U2'[17631] L'[17719],false,true,2361,1257,1104,17719,13,13,15,11.78,PLL,L' B L' F2 L B' L' F2 L2 U,L'[18597] B[18694] L'[18766] F2[19049] L[19161] B'[19234] L'[19355] F2[19621] L2[19822] U[19879],false,true,2160,878,1282,19879,10,10,13,7.8,,,,,,,,,,,,,,,,,,,,,,,,,,
304372f6-f347-4185-b147-ad81abd333ae,2025-08-02 13:14:52 UTC,false,26579,CFOP,Gan12uiM,Gan 12 UI Maglev,Gan 356i,RandomForest,false,false,16635,26579,,D'[0] U'[24] R[273] U'[733] L'[1264] F[1474] F[1555] U'[4471] B[4649] U[5090] D[5508] R'[6515] D'[6983] R[7128] D'[7337] F[7644] D[7789] F'[7885] D[8602] D[9069] L[9207] B'[9287] L'[9762] B[10093] D'[10404] F'[10855] D'[11678] F[12088] R[13328] D'[13393] D'[13465] R'[13594] D[13651] R[13731] D'[13788] R'[13909] B[14577] D'[14650] D[14972] B'[15093] L'[15420] D[15589] L[15757] D'[16008] L[16257] B'[16354] L'[16458] B[16539] D[17313] D'[17691] D'[17917] B'[18110] D'[18465] L'[18650] D[18779] L[18916] B[19053] B'[20310] D'[20725] L'[20927] D[21056] L[21185] B[21289] B[22280] D[22442] B'[22554] D[22619] B[22707] D'[22756] B'[22893] D[22941] B[23007] D'[23071] D'[23143] B'[23207] D'[24554] B[24722] D[24835] B'[24931] D'[25028] U[25044] B[25213] B[25286] D'[25383] B[25471] D'[25608] B'[25733] D[25782] B'[25846] D[25910] B[25999] B[26103] U'[26192] D[26450] D[26579],,,gan12,custom_rules,F' L' F D' L' U' R2 F' B L' U F2 B2 U F2 R2 U B2 L2 U L2 U2,random_state,custom_rules,,,,8,DB,0,0,26579,86,88,95,3.24,7741,18838,"",0,Cross,z2 U' D' L D' R' F2 D' B D,z2[0] U'[0] D'[24] L[273] D'[733] R'[1264] F2[1555] D'[4471] B[4649] D[5090],false,true,5090,0,5090,5090,9,9,10,1.77,F2L Slot 1,U L' U' L U' F U F',U[5508] L'[6515] U'[6983] L[7128] U'[7337] F[7644] U[7789] F'[7885],false,true,2795,1425,1370,7885,8,8,8,5.84,F2L Slot 2,U2 R B' R' B U' F' U' F,U2[9069] R[9207] B'[9287] R'[9762] B[10093] U'[10404] F'[10855] U'[11678] F[12088],false,true,4203,1322,2881,12088,9,9,10,3.12,F2L Slot 3,L U2' L' U L U' L',L[13328] U2'[13465] L'[13594] U[13651] L[13731] U'[13788] L'[13909],false,true,1821,1240,581,13909,7,7,8,12.05,F2L Slot 4,B U' U B' R' U R U' R B' R' B,B[14577] U'[14650] U[14972] B'[15093] R'[15420] U[15589] R[15757] U'[16008] R[16257] B'[16354] R'[16458] B[16539],false,true,2630,668,1962,16539,12,12,12,6.12,OLL,U U2' B' U' R' U R B B' U' R' U R B B U B' U B U' B' U B U2' B',U[17313] U2'[17917] B'[18110] U'[18465] R'[18650] U[18779] R[18916] B[19053] B'[20310] U'[20725] R'[20927] U[21056] R[21185] B[21289] B[22280] U[22442] B'[22554] U[22619] B[22707] U'[22756] B'[22893] U[22941] B[23007] U2'[23143] B'[23207],false,true,6668,1571,5097,23207,25,25,27,4.9,PLL,U' B U B' E' R2 U' R U' R' U R' U R2 E U,U'[24554] B[24722] U[24835] B'[24931] E'[25044] R2[25286] U'[25383] R[25471] U'[25608] R'[25733] U[25782] R'[25846] U[25910] R2[26103] E[26450] U[26579],false,true,3372,1515,1857,26579,16,18,20,8.62,,,,,,,,,,,,,,,,,,,,,,,,,,
f3b1f9cb-175e-499f-adeb-b72e2a3d0fa7,2025-08-02 13:16:19 UTC,false,17275,CFOP,Gan12uiM,Gan 12 UI Maglev,Gan 356i,RandomForest,false,false,13737,17275,,D[0] B'[314] B'[378] F[693] R'[846] U[1329] R'[1764] F[1837] R[1925] U[2643] L'[2885] U[2933] U[3021] L[3183] U'[3360] F[3578] U[3666] F'[3787] F'[4730] F[5028] B[5298] U'[5386] B'[5507] U'[5604] B[5701] U'[5749] B'[5878] U[5950] B'[6112] R'[6233] F[6370] R[6483] F'[6716] B[6720] U[7409] B[7868] U'[7909] B'[8006] B'[8900] U'[8973] U'[9078] B[9166] U'[9344] U'[9425] B'[9521] U[9569] B[9625] U'[11059] B[11318] U'[11390] U'[11463] B'[11559] U'[11680] B[11793] U[11898] B'[11938] U'[12680] B'[13026] U'[13123] R[13259] U[13380] B[13485] U'[13590] B'[13703] R'[13783] B[13904] U[15137] U[15234] U'[15516] B'[15645] U[15709] U[15798] B'[15927] D'[16034] B[16139] U'[16212] B'[16332] D[16373] B[16510] U[16567] B[16663] U'[16727] B'[16808] U'[16953] B[17033] U'[17203] U'[17275],,,gan12,custom_rules,U' R2 F D R' B L D2 F L B2 U2 R2 F2 B2 U' D2 R2 U R2 L2 U,random_state,custom_rules,,,,8,UF,0,0,17275,78,79,87,4.52,7573,9702,"",0,Cross,D B2' F R' U R' F R,D[0] B2'[378] F[693] R'[846] U[1329] R'[1764] F[1837] R[1925],false,true,1925,0,1925,1925,8,8,9,4.16,F2L Slot 1,U L' U2 L U' F U F',U[2643] L'[2885] U2[3021] L[3183] U'[3360] F[3578] U[3666] F'[3787],false,true,1862,960,902,3787,8,8,9,8.87,F2L Slot 2,F' F B U' B' U' B U' B' U B' R' F R S z',F'[4730] F[5028] B[5298] U'[5386] B'[5507] U'[5604] B[5701] U'[5749] B'[5878] U[5950] B'[6112] R'[6233] F[6370] R[6483] S[6720] z'[7064],false,true,2933,943,1990,6720,15,16,16,7.54,F2L Slot 3,U B U' B' B' U2' B U2' B' U B,U[7409] B[7868] U'[7909] B'[8006] B'[8900] U2'[9078] B[9166] U2'[9425] B'[9521] U[9569] B[9625],false,true,2905,1148,1757,9625,11,11,13,6.26,F2L Slot 4,U' B U2' B' U' B U B',U'[11059] B[11318] U2'[11463] B'[11559] U'[11680] B[11793] U[11898] B'[11938],false,true,2313,1693,620,11938,8,8,9,12.9,OLL,U' B' U' R U B U' B' R' B,U'[12680] B'[13026] U'[13123] R[13259] U[13380] B[13485] U'[13590] B'[13703] R'[13783] B[13904],false,true,1966,1088,878,13904,10,10,10,11.39,PLL,U2 U' B' U2 B' D' B U' B' D B U B U' B' U' B U2',U2[15234] U'[15516] B'[15645] U2[15798] B'[15927] D'[16034] B[16139] U'[16212] B'[16332] D[16373] B[16510] U[16567] B[16663] U'[16727] B'[16808] U'[16953] B[17033] U2'[17275],false,true,3371,1741,1630,17275,18,18,21,11.04,,,,,,,,,,,,,,,,,,,,,,,,,,
13326f2e-53b3-4d12-8f19-055fd1ddbcc2,2025-08-02 13:16:49 UTC,false,16409,CFOP,Gan12uiM,Gan 12 UI Maglev,Gan 356i,RandomForest,false,false,4825,16409,,L[0] B'[81] L'[500] L'[741] U[935] F'[1363] U'[1572] F[1910] U[2240] F'[2402] U'[2603] D[3111] L[3240] D'[3304] L'[3393] D[3458] L[3562] D'[3667] L'[3764] D[3853] L'[4158] L'[4223] F[4279] L[4360] F'[4424] L[4473] D[5800] D[5985] R[6308] D'[6388] R'[6573] R'[6872] D[6968] R[7065] D'[7508] D'[7653] L[8016] D[8097] L'[8234] D[8347] F'[9104] D'[9233] F[9354] D'[9515] B'[9772] D'[10047] B[10248] D'[10482] D'[10578] B'[10667] D[10739] B[10836] D[11277] B[11470] R[11672] F'[11793] R'[11873] B'[12099] R[12139] F[12373] R'[12421] D'[13815] F'[14726] F'[14790] L[14887] L[15136] F[15242] R[15564] F'[15652] L[15717] L[15903] F[16136] R'[16200] F[16329] D'[16409],,,gan12,custom_rules,F L D F2 R' U R' U2 F U2 B2 R2 D' R2 B2 U F2 U R2 U2 F2 U',random_state,custom_rules,,,,8,DB,0,0,16409,66,66,75,4.02,6844,9565,"",0,Cross,z2 R B' R2' D F' D' F D F' D',z2[0] R[0] B'[81] R2'[741] D[935] F'[1363] D'[1572] F[1910] D[2240] F'[2402] D'[2603],false,true,2603,0,2603,2603,10,10,11,3.84,F2L Slot 1,U R U' R' U R U' R' U R2' F R F' R,U[3111] R[3240] U'[3304] R'[3393] U[3458] R[3562] U'[3667] R'[3764] U[3853] R2'[4223] F[4279] R[4360] F'[4424] R[4473],false,true,1870,637,1233,4473,14,14,15,11.35,F2L Slot 2,U2 L U' L2' U L,U2[5985] L[6308] U'[6388] L2'[6872] U[6968] L[7065],false,true,2592,1835,757,7065,6,6,8,7.93,F2L Slot 3,U2' R U R' U F' U' F,U2'[7653] R[8016] U[8097] R'[8234] U[8347] F'[9104] U'[9233] F[9354],false,true,2289,951,1338,9354,8,8,9,5.98,F2L Slot 4,U' B' U' B U2' B' U B,U'[9515] B'[9772] U'[10047] B[10248] U2'[10578] B'[10667] U[10739] B[10836],false,true,1482,418,1064,10836,8,8,9,7.52,OLL,U B L F' L' B' L F L',U[11277] B[11470] L[11672] F'[11793] L'[11873] B'[12099] L[12139] F[12373] L'[12421],false,true,1585,634,951,12421,9,9,9,9.46,PLL,U' F2' R2 F L F' R2 F L' F U',U'[13815] F2'[14790] R2[15136] F[15242] L[15564] F'[15652] R2[15903] F[16136] L'[16200] F[16329] U'[16409],false,true,3988,2369,1619,16409,11,11,14,6.79,,,,,,,,,,,,,,,,,,,,,,,,,,
b1e7b793-3306-4c46-b6db-de60e385dd51,2025-08-02 13:17:22 UTC,false,16382,CFOP,Gan12uiM,Gan 12 UI Maglev,Gan 356i,RandomForest,false,false,7468,16382,,U[0] F[201] R[499] B[644] F[1023] F[1087] U[1595] D[2086] D[2175] B'[2546] B[2682] B[2989] B'[3206] D[3351] L[3601] D[3738] L'[3810] F[4326] D[4576] F'[4729] D[4818] D[4906] B'[5105] D'[5185] B[5274] L'[6853] D'[6942] L[7038] D'[7151] L'[7280] D[7594] L[7755] D'[8835] R'[9214] D'[9939] R[10052] D[10160] R'[10298] D'[10999] R[11297] D[11772] D[12207] R[12376] F[12884] L'[13045] F[13133] L[13238] F'[13303] L'[13415] F[13464] L[13528] F'[13593] F'[13665] R'[13762] D[14874] L[15010] L[15109] D[15222] L'[15343] D[15383] L'[15480] D'[15528] L[15673] D'[15738] L[15826] L[15899] D'[15995] U[16003] L'[16124] D[16213] L[16261] D'[16358] U'[16382],,,gan12,custom_rules,B' R L' F B2 R B2 D' F' B' U' L2 U' F2 D' F2 U2 B2 D B2 D L2,random_state,custom_rules,,,,8,DB,0,0,16382,64,65,73,3.91,6931,9451,"",0,Cross,z2 D F L B F2 D,z2[0] D[0] F[201] L[499] B[644] F2[1087] D[1595],false,true,1595,0,1595,1595,6,6,7,3.76,F2L Slot 1,U2 B' B2 B' U R U R',U2[2175] B'[2546] B2[2989] B'[3206] U[3351] R[3601] U[3738] R'[3810],false,true,2215,951,1264,3810,8,8,10,6.33,F2L Slot 2,F U F' U2 B' U' B,F[4326] U[4576] F'[4729] U2[4906] B'[5105] U'[5185] B[5274],false,true,1464,516,948,5274,7,7,8,7.38,F2L Slot 3,R' U' R U' R' U R,R'[6853] U'[6942] R[7038] U'[7151] R'[7280] U[7594] R[7755],false,true,2481,1579,902,7755,7,7,7,7.76,F2L Slot 4,U' L' U' L U L' U' L,U'[8835] L'[9214] U'[9939] L[10052] U[10160] L'[10298] U'[10999] L[11297],false,true,3542,1459,2083,11297,8,8,8,3.84,OLL,U2 L F R' F R F' R' F R F2' L',U2[12207] L[12376] F[12884] R'[13045] F[13133] R[13238] F'[13303] R'[13415] F[13464] R[13528] F2'[13665] L'[13762],false,true,2465,1079,1386,13762,12,12,14,8.66,PLL,U R2 U R' U R' U' R U' R2 E' F' U F U' D',U[14874] R2[15109] U[15222] R'[15343] U[15383] R'[15480] U'[15528] R[15673] U'[15738] R2[15899] E'[16003] F'[16124] U[16213] F[16261] U'[16358] D'[16382],false,true,2620,1347,1273,16382,16,17,19,12.57,,,,,,,,,,,,,,,,,,,,,,,,,,
3edb3fc0-06d4-489c-ba3c-3f66ba5896c1,2025-08-02 13:18:11 UTC,false,17334,CFOP,Gan12uiM,Gan 12 UI Maglev,Gan 356i,RandomForest,false,false,19918,17334,,D'[0] L[363] F'[476] R'[1072] D[2344] D[2409] R'[3005] R'[3070] F[3118] R[3223] F'[3263] R[3335] R[4850] U'[4914] R'[5010] U'[5332] R[5993] U'[6105] R'[6210] U[6315] F'[6702] U'[6790] F[6839] B'[7829] U'[8136] B[8248] U[8530] F[8612] U'[8660] F'[8724] U[9723] L[11286] U[11454] L'[11535] U'[12317] U'[12671] U'[13171] L'[13388] B[13452] B[13549] R[13742] B[13823] R'[13944] B[14048] L[14170] L'[15217] U'[15595] B'[15902] L[16023] U[16160] L'[16240] U'[16296] L'[16400] B[16480] L[16553] L[16609] U'[16649] L'[16722] U'[16843] L[16924] U[17020] L'[17101] U[17182] L[17238] U[17334],,,gan12,custom_rules,R2 D' B2 R F L2 U' F U' F' L' F2 B2 U2 L2 B2 L2 D' B2 R2 U2 F2,random_state,custom_rules,,,,8,UF,0,0,17334,59,59,65,3.4,8628,8706,"",0,Cross,D' L F' R' D2,D'[0] L[363] F'[476] R'[1072] D2[2409],false,true,2409,0,2409,2409,5,5,6,2.08,F2L Slot 1,R2' F R F' R,R2'[3070] F[3118] R[3223] F'[3263] R[3335],false,true,926,661,265,3335,5,5,6,18.87,F2L Slot 2,R U' R' U' R U' R' U F' U' F,R[4850] U'[4914] R'[5010] U'[5332] R[5993] U'[6105] R'[6210] U[6315] F'[6702] U'[6790] F[6839],false,true,3504,1515,1989,6839,11,11,11,5.53,F2L Slot 3,B' U' B U F U' F',B'[7829] U'[8136] B[8248] U[8530] F[8612] U'[8660] F'[8724],false,true,1885,990,895,8724,7,7,7,7.82,F2L Slot 4,U L U L',U[9723] L[11286] U[11454] L'[11535],false,true,2811,2562,249,11535,4,4,4,16.06,OLL,U3' L' B2 R B R' B L,U3'[13171] L'[13388] B2[13549] R[13742] B[13823] R'[13944] B[14048] L[14170],false,true,2635,1853,782,14170,8,8,11,10.23,PLL,L' U' B' L U L' U' L' B L2 U' L' U' L U L' U L U,L'[15217] U'[15595] B'[15902] L[16023] U[16160] L'[16240] U'[16296] L'[16400] B[16480] L2[16609] U'[16649] L'[16722] U'[16843] L[16924] U[17020] L'[17101] U[17182] L[17238] U[17334],false,true,3164,1047,2117,17334,19,19,20,8.97,,,,,,,,,,,,,,,,,,,,,,,,,,
8336b878-abc2-41a5-aaef-1cf326d0b956,2025-08-02 13:18:58 UTC,false,16375,CFOP,Gan12uiM,Gan 12 UI Maglev,Gan 356i,RandomForest,false,false,18218,16375,,L[0] D'[153] B[685] F'[742] R[1201] R[1258] D'[1692] U'[2248] R[2442] U'[2627] R'[2788] U'[2990] U'[3110] U'[4182] F'[4665] U[4770] F[4907] U[5930] U[6035] B'[6341] U[6413] U[6486] B[6631] U[6808] L'[7170] U[7259] L[7396] U'[8033] U[8952] L[9178] U'[9258] U'[9338] L'[9435] U[9483] L[9556] U'[9604] L'[9685] U'[10740] U'[11091] B[11189] U[11301] B'[11398] U[11446] B[11526] U[11615] B'[11696] U[12147] U[12365] B'[12607] R'[12727] F[12880] R'[12969] F'[13090] R[13146] R[13267] B[13396] U[13968] U[14073] B[14452] U[14581] B'[14653] R'[14742] B[14830] U[15273] B'[15379] U'[15443] B'[15547] R[15612] B[15693] B[15741] U'[15789] B'[15902] U[16262] U[16375],,,gan12,custom_rules,B2 L U' R' B' D2 R D2 R U B2 U' R2 U' B2 L2 U2 F2 R2 U' B2 L2,random_state,custom_rules,,,,8,UF,0,0,16375,62,63,74,3.79,7437,8938,"",0,Cross,z' D R' S R2 D',z'[0] D[0] R'[153] S[742] R2[1258] D'[1692],false,true,1692,0,1692,1692,5,6,7,2.96,F2L Slot 1,U' R U' R' U2' U' F' U F,U'[2248] R[2442] U'[2627] R'[2788] U2'[3110] U'[4182] F'[4665] U[4770] F[4907],false,true,3215,750,2465,4907,9,9,10,3.65,F2L Slot 2,U2 B' U2 B U L' U L,U2[6035] B'[6341] U2[6486] B[6631] U[6808] L'[7170] U[7259] L[7396],false,true,2489,1434,1055,7396,8,8,10,7.58,F2L Slot 3,U' U L U2' L' U L U' L',U'[8033] U[8952] L[9178] U2'[9338] L'[9435] U[9483] L[9556] U'[9604] L'[9685],false,true,2289,1782,507,9685,9,9,10,17.75,F2L Slot 4,U2' B U B' U B U B',U2'[11091] B[11189] U[11301] B'[11398] U[11446] B[11526] U[11615] B'[11696],false,true,2011,1504,507,11696,8,8,9,15.78,OLL,U2 B' R' F R' F' R2 B,U2[12365] B'[12607] R'[12727] F[12880] R'[12969] F'[13090] R2[13267] B[13396],false,true,1700,911,789,13396,8,8,10,10.14,PLL,U2 B U B' R' B U B' U' B' R B2 U' B' U2,U2[14073] B[14452] U[14581] B'[14653] R'[14742] B[14830] U[15273] B'[15379] U'[15443] B'[15547] R[15612] B2[15741] U'[15789] B'[15902] U2[16375],false,true,2979,1056,1923,16375,15,15,18,7.8,,,,,,,,,,,,,,,,,,,,,,,,,,
8e52405e-5c4a-4d1c-b92a-ca23903f07ac,2025-08-02 13:19:48 UTC,false,13268,CFOP,Gan12uiM,Gan 12 UI Maglev,Gan 356i,RandomForest,false,false,23779,13268,,L'[0] U[72] D[306] F'[709] F'[773] B'[1119] D[1233] D[1321] B[1507] D[1595] B'[1716] D'[1869] B[2014] D[2892] F[2965] D'[3021] F'[3086] D[3505] D[4334] D[4632] F'[5019] D'[5338] F[5459] D'[5531] F'[5628] D[5668] F[5781] B[6410] D'[6482] D'[6732] B'[6853] D'[6966] R[7344] L'[7352] D[7489] F[7594] D'[7707] F'[7772] R'[8223] L[8376] D[8843] B'[9262] L'[9375] F[9545] L'[9633] F'[9827] L[9875] L[9963] B[10132] D[10770] D[10874] D[11656] B[11914] D[12019] B'[12132] D'[12172] B'[12284] L[12349] B[12429] B[12486] D'[12526] B'[12599] D'[12703] B[12808] D[12929] B'[13001] L'[13074] D'[13203] D'[13268],,,gan12,custom_rules,F B R' F2 U2 L' F' D B U2 F' U' R2 L2 U F2 B2 U L2 U2 R2 D2,random_state,custom_rules,,,,8,DB,0,0,13268,59,61,69,4.45,6527,6741,"",0,Cross,z2 R' D U F2',z2[0] R'[0] D[72] U[306] F2'[773],false,true,773,0,773,773,4,4,5,5.17,F2L Slot 1,B' U2 B U B' U' B,B'[1119] U2[1321] B[1507] U[1595] B'[1716] U'[1869] B[2014],false,true,1241,346,895,2014,7,7,8,7.82,F2L Slot 2,U F U' F',U[2892] F[2965] U'[3021] F'[3086],false,true,1072,951,121,3086,4,4,4,33.06,F2L Slot 3,U U2 F' U' F U' F' U F,U[3505] U2[4632] F'[5019] U'[5338] F[5459] U'[5531] F'[5628] U[5668] F[5781],false,true,2695,1933,762,5781,9,9,10,11.81,F2L Slot 4,B U2' B' U' M' B U B' U' M,B[6410] U2'[6732] B'[6853] U'[6966] M'[7352] B[7489] U[7594] B'[7707] U'[7772] M[8376],false,true,2595,629,1966,8376,10,12,13,5.09,OLL,U B' R' F R' F' R2 B,U[8843] B'[9262] R'[9375] F[9545] R'[9633] F'[9827] R2[9963] B[10132],false,true,1756,886,870,10132,8,8,9,9.2,PLL,U2 U B U B' U' B' R B2 U' B' U' B U B' R' U2',U2[10874] U[11656] B[11914] U[12019] B'[12132] U'[12172] B'[12284] R[12349] B2[12486] U'[12526] B'[12599] U'[12703] B[12808] U[12929] B'[13001] R'[13074] U2'[13268],false,true,3136,1782,1354,13268,17,17,20,12.56,,,,,,,,,,,,,,,,,,,,,,,,,,
c2ffd71f-5982-4bc7-b2a3-683cd746ce0a,2025-08-02 13:20:25 UTC,false,16562,CFOP,Gan12uiM,Gan 12 UI Maglev,Gan 356i,RandomForest,false,false,9520,16562,,D[0] B[105] R'[218] B'[459] B'[524] F'[1112] F'[1160] D'[1628] F[1741] D'[1974] F'[2047] B[2280] D'[2386] B'[2563] F[3070] D'[3135] D'[3207] F'[3320] D[3385] D[3465] B'[3666] D'[3747] B[3860] D'[4303] F[4617] D'[4682] F'[4755] F[5556] D'[5910] F'[6079] D[6176] F'[6305] D'[6402] F[6474] D'[7111] D'[7610] D'[7779] F[7924] D'[8013] F'[8134] D[8191] D[8295] D'[8449] D[8617] F[8763] D'[8860] F'[8908] D[9181] D[9391] F'[9681] R'[9843] R[10269] B[10463] B'[11151] F[11320] D[11538] B'[12239] F[12416] F[12464] L[12585] F'[12690] L[12762] F[12851] L'[12899] L'[12964] F'[13109] L[13213] F'[13375] B[13383] D'[14221] D[14575] F'[14793] F'[14881] D'[14962] F[15139] D'[15212] F[15300] D[15373] F'[15502] D[15550] F[15647] F[15736] U'[15913] D[15954] F[16098] D'[16183] F'[16320] U[16377] D[16490] D[16562],,,gan12,custom_rules,U R B L B2 D' L F B R D R2 L2 F2 U2 R2 D' B2 L2 D R2 B2,random_state,custom_rules,,,,8,DB,0,0,16562,73,78,90,4.41,5566,10996,"",0,Cross,z2 U B L' B2' F2',z2[0] U[0] B[105] L'[218] B2'[524] F2'[1160],false,true,1160,0,1160,1160,5,5,7,4.31,F2L Slot 1,U' F U' S R' B' z',U'[1628] F[1741] U'[1974] S[2280] R'[2386] B'[2563] z'[2816],false,true,1403,581,822,2563,6,7,7,7.3,F2L Slot 2,F U2' F' U2 B' U' B,F[3070] U2'[3207] F'[3320] U2[3465] B'[3666] U'[3747] B[3860],false,true,1297,507,790,3860,7,7,9,8.86,F2L Slot 3,U' F U' F' F U' F' U F' U' F,U'[4303] F[4617] U'[4682] F'[4755] F[5556] U'[5910] F'[6079] U[6176] F'[6305] U'[6402] F[6474],false,true,2614,757,1857,6474,11,11,11,5.92,F2L Slot 4,U3' F U' F' U2 U' U F U' F',U3'[7779] F[7924] U'[8013] F'[8134] U2[8295] U'[8449] U[8617] F[8763] U'[8860] F'[8908],false,true,2434,1450,984,8908,10,10,13,10.16,OLL,U2 F' L' L B S' L S' F L F' L F L2' F' L S z,U2[9391] F'[9681] L'[9843] L[10269] B[10463] S'[11320] L[11538] S'[12416] F[12464] L[12585] F'[12690] L[12762] F[12851] L2'[12964] F'[13109] L[13213] S[13383] z[13802],false,true,4475,773,3702,13383,17,20,22,4.59,PLL,U' U F2' U' F U' F U F' U F2 E R U' R' D U2,U'[14221] U[14575] F2'[14881] U'[14962] F[15139] U'[15212] F[15300] U[15373] F'[15502] U[15550] F2[15736] E[15954] R[16098] U'[16183] R'[16320] D[16377] U2[16562],false,true,3179,1498,1681,16562,17,18,21,10.11,,,,,,,,,,,,,,,,,,,,,,,,,,
7aa82994-e308-4420-a6a0-106d84cd54d7,2025-08-02 13:21:02 UTC,false,17732,CFOP,Gan12uiM,Gan 12 UI Maglev,Gan 356i,RandomForest,false,false,8731,17732,,D[0] F[72] B'[402] L[531] U'[1079] L[1643] B'[1691] L'[1804] F[4109] D[4181] F'[4310] D[4391] F[4511] D'[4576] F'[4665] D'[5057] D'[5274] B[5620] D[5741] B'[5854] D[5910] D[5991] F'[6200] D'[6321] F[6434] D'[7215] L'[7675] D'[7780] L[7900] D'[7973] L'[8085] D[8150] L[8271] D'[8956] D'[9109] R[9302] D'[9374] D'[9447] R'[9600] D[9681] R[9745] D'[9858] R'[9898] D[10285] D[10695] L'[10873] D'[11002] L[11115] D'[11332] D[11670] L'[11759] L[11985] D'[12097] D'[12589] D[12710] L'[12855] D[13016] L[13129] D[13274] L[13467] B'[13524] L'[13660] B[13829] D'[14780] D[15331] R[15476] D'[15541] R[15758] D[15879] R'[15968] U[16057] R[16177] R[16274] R'[16467] U'[16629] R[16782] D'[16862] U[16902] R'[17007] R'[17088] D[17128] R[17289] R[17353] U'[17467] R'[17580] R'[17660] D[17732],,,gan12,custom_rules,U' D L F2 D' R' D R2 B' L2 F U L2 U' L2 D' L2 U2 F2 R2 F2 R2,random_state,custom_rules,,,,8,DB,0,0,17732,76,77,87,4.29,8154,9578,"",0,Cross,z2 U F B' R D' R B' R',z2[0] U[0] F[72] B'[402] R[531] D'[1079] R[1643] B'[1691] R'[1804],false,true,1804,0,1804,1804,8,8,8,4.43,F2L Slot 1,F U F' U F U' F',F[4109] U[4181] F'[4310] U[4391] F[4511] U'[4576] F'[4665],false,true,2861,2305,556,4665,7,7,7,12.59,F2L Slot 2,U2' B U B' U2 F' U' F,U2'[5274] B[5620] U[5741] B'[5854] U2[5991] F'[6200] U'[6321] F[6434],false,true,1769,955,814,6434,8,8,10,9.83,F2L Slot 3,U' R' U' R U' R' U R,U'[7215] R'[7675] U'[7780] R[7900] U'[7973] R'[8085] U[8150] R[8271],false,true,1837,1241,596,8271,8,8,8,13.42,F2L Slot 4,U2' L U2' L' U L U' L',U2'[9109] L[9302] U2'[9447] L'[9600] U[9681] L[9745] U'[9858] L'[9898],false,true,1627,1031,596,9898,8,8,10,13.42,OLL,U2 R' U' R U' U R' R U2' U R' U R U R B' R' B,U2[10695] R'[10873] U'[11002] R[11115] U'[11332] U[11670] R'[11759] R[11985] U2'[12589] U[12710] R'[12855] U[13016] R[13129] U[13274] R[13467] B'[13524] R'[13660] B[13829],false,true,3931,975,2956,13829,18,18,20,6.09,PLL,U' U L U' L U L' D L2 L' D' L E' B2' U B2 D' B2' U,U'[14780] U[15331] L[15476] U'[15541] L[15758] U[15879] L'[15968] D[16057] L2[16274] L'[16467] D'[16629] L[16782] E'[16902] B2'[17088] U[17128] B2[17353] D'[17467] B2'[17660] U[17732],false,true,3903,1647,2256,17732,19,20,24,8.42,,,,,,,,,,,,,,,,,,,,,,,,,,
43327283-f3c2-4dd2-86d4-4481321bb47a,2025-08-02 13:21:36 UTC,false,18578,CFOP,Gan12uiM,Gan 12 UI Maglev,Gan 356i,RandomForest,false,false,4082,18578,,B'[0] L'[266] F[363] U[677] U[726] L'[991] D'[1297] L[1579] D'[1643] D'[1724] L'[1813] D'[1974] D[2191] F[2618] D[2739] F'[2908] R[4625] D'[5046] R'[5143] D'[5321] B[5611] D'[5707] B'[5828] D'[6754] B'[6924] D[7012] B[7117] D'[7222] D'[7318] B'[7391] D[7471] B[7560] L[8664] D[8817] L'[8914] D[8978] F'[9332] D'[9429] F[9477] D'[10144] R[10434] D[10546] F[10675] D'[10716] F'[10861] F'[11014] R'[11111] F[11215] D[11320] F[11417] D'[11465] F'[11529] D[12488] F[12609] D'[12681] F'[12754] D'[12891] F[13044] D[13100] F[13173] U[13270] F'[13334] D'[13487] F[13607] U'[13697] F'[13785] D[13890] D[13962] F'[14035] D[14341] D'[14840] F'[16225] D[16314] F[16411] D'[16507] F'[16652] R'[16725] D'[16846] R[16950] F[17063] D[17144] F'[17225] R[17756] F'[18030] R'[18150] F[18279] D'[18304] F[18360] D[18521] D[18578],,,gan12,custom_rules,U F2 D' L' B D' F R' L' F D R2 D' R2 F2 U2 L2 F2 U L2 B2 D2,random_state,custom_rules,,,,8,DB,0,0,18578,84,84,90,4.52,6542,12036,"",0,Cross,z2 B' R' F D2 R',z2[0] B'[0] R'[266] F[363] D2[726] R'[991],false,true,991,0,991,991,5,5,6,5.05,F2L Slot 1,U' R U2' R' U' U F U F',U'[1297] R[1579] U2'[1724] R'[1813] U'[1974] U[2191] F[2618] U[2739] F'[2908],false,true,1917,588,1329,2908,9,9,10,6.77,F2L Slot 2,L U' L' U' B U' B',L[4625] U'[5046] L'[5143] U'[5321] B[5611] U'[5707] B'[5828],false,true,2920,1717,1203,5828,7,7,7,5.82,F2L Slot 3,U' B' U B U2' B' U B,U'[6754] B'[6924] U[7012] B[7117] U2'[7318] B'[7391] U[7471] B[7560],false,true,1732,1096,636,7560,8,8,9,12.58,F2L Slot 4,R U R' U F' U' F,R[8664] U[8817] R'[8914] U[8978] F'[9332] U'[9429] F[9477],false,true,1917,1104,813,9477,7,7,7,8.61,OLL,U' L U F U' F2' L' F U F U' F',U'[10144] L[10434] U[10546] F[10675] U'[10716] F2'[11014] L'[11111] F[11215] U[11320] F[11417] U'[11465] F'[11529],false,true,2052,957,1095,11529,12,12,13,10.96,PLL,U F U' F' U' F U F D F' U' F D' F' U2 F' U U' F' U F U' F' L' U' L F U F' L F' L' F U' F U2,U[12488] F[12609] U'[12681] F'[12754] U'[12891] F[13044] U[13100] F[13173] D[13270] F'[13334] U'[13487] F[13607] D'[13697] F'[13785] U2[13962] F'[14035] U[14341] U'[14840] F'[16225] U[16314] F[16411] U'[16507] F'[16652] L'[16725] U'[16846] L[16950] F[17063] U[17144] F'[17225] L[17756] F'[18030] L'[18150] F[18279] U'[18304] F[18360] U2[18578],false,true,7049,1080,5969,18578,36,36,38,6.03,,,,,,,,,,,,,,,,,,,,,,,,,,
fd3dd6ff-9fea-4982-b708-66214d9bd230,2025-08-02 13:22:23 UTC,false,17055,CFOP,Gan12uiM,Gan 12 UI Maglev,Gan 356i,RandomForest,false,false,17351,17055,,B[0] R'[258] L[475] B[749] D[1393] R[1997] D[2142] R'[2239] D[2303] D[2384] R[2448] D'[2537] R'[2610] D'[5049] F'[5153] D[5250] F[5347] F[6627] D[6716] F'[6788] D[7030] D[7143] F[7481] D'[7546] F'[7626] L'[8399] D[8488] L[8601] L'[9028] L'[9117] F[9165] L[9237] F'[9342] L[9656] L[10010] D'[10111] D'[10183] L'[10288] D[10345] D[10458] L[10579] D'[10667] L'[10739] D'[11255] D[11747] R[12012] L'[12141] L'[12205] F'[12310] L[12391] F'[12528] L'[12600] F[12657] F[13091] L[13220] F'[13301] L[13398] R'[13599] L'[14791] D[14920] L[15017] D'[15106] L'[15227] F'[15299] D'[15420] F[15517] L[15654] D[15742] L'[15815] F[16056] L'[16395] F'[16532] L[16709] D'[16878] L[16918] D[17055],,,gan12,custom_rules,R2 L U2 B U' D F' R B R U L2 U' F2 U' F2 D2 L2 U F2 D2 B2,random_state,custom_rules,,,,8,DB,0,0,17055,66,69,76,3.87,7512,9543,"",0,Cross,x D M' F,x[0] D[0] M'[475] F[749],false,true,749,0,749,749,3,4,4,4.01,F2L Slot 1,U R U R' U2 R U' R',U[1393] R[1997] U[2142] R'[2239] U2[2384] R[2448] U'[2537] R'[2610],false,true,1861,1248,613,2610,8,8,9,13.05,F2L Slot 2,U' B' U B B U B' U2 B U' B',U'[5049] B'[5153] U[5250] B[5347] B[6627] U[6716] B'[6788] U2[7143] B[7481] U'[7546] B'[7626],false,true,5016,2543,2473,7626,11,11,12,4.45,F2L Slot 3,L' U L L2' B L B' L,L'[8399] U[8488] L[8601] L2'[9117] B[9165] L[9237] B'[9342] L[9656],false,true,2030,773,1257,9656,8,8,9,6.36,F2L Slot 4,L U2' L' U2 L U' L',L[10010] U2'[10183] L'[10288] U2[10458] L[10579] U'[10667] L'[10739],false,true,1083,354,729,10739,7,7,9,9.6,OLL,U' U M L' U' L U' L' U2 L U' M',U'[11255] U[11747] M[12141] L'[12205] U'[12310] L[12391] U'[12528] L'[12600] U2[13091] L[13220] U'[13301] M'[13599],false,true,2860,1402,1458,13599,12,14,15,8.23,PLL,L' U L U' L' B' U' B L U L' B L' B' L U' L U,L'[14791] U[14920] L[15017] U'[15106] L'[15227] B'[15299] U'[15420] B[15517] L[15654] U[15742] L'[15815] B[16056] L'[16395] B'[16532] L[16709] U'[16878] L[16918] U[17055],false,true,3456,1192,2264,17055,18,18,18,7.95,,,,,,,,,,,,,,,,,,,,,,,,,,
a96f11f3-4096-49cc-8a4b-e32716ef7068,2025-08-02 13:22:53 UTC,false,14185,CFOP,Gan12uiM,Gan 12 UI Maglev,Gan 356i,RandomForest,false,false,5786,14185,,R'[0] R'[64] B'[322] L'[1152] U[1329] L'[1579] U[2054] D[2651] B[2739] D'[2804] B'[2876] D[3625] D[3746] R'[4068] D[4141] D[4205] R[4343] D[4488] R'[4576] D'[4721] R[4858] D[5569] D'[5746] D'[5907] R[6068] D'[6165] R[6729] F'[7003] R'[7100] F[7333] R'[7454] D[7970] D[8582] D[8687] F'[8993] D[9106] F[9211] D'[9283] F'[9694] D'[9871] F[10057] D[10736] R[10962] F[11139] D[11244] F'[11332] D'[11389] L[11599] R'[11607] D[11727] B[11832] D'[11913] B'[11961] L'[12155] D[12550] D[12888] B[13025] F'[13033] B[13122] F'[13130] U'[13348] F[13412] B'[13436] R[13549] R[13629] F'[13774] B[13776] U'[13776] F'[14016] B[14017] B[14017] F'[14097] D'[14185],,,gan12,custom_rules,R F L' B2 L' F' B2 L F U2 R2 L2 D' B2 L2 U L2 U' F2 U' F2 R2,random_state,custom_rules,,,,8,DB,0,0,14185,56,61,73,3.95,6506,7615,"",0,Cross,z2 L2' B' R' D R' D,z2[32] L2'[64] B'[322] R'[1152] D[1329] R'[1579] D[2054],false,true,1990,0,1990,2054,6,6,7,3.02,F2L Slot 1,U B U' B',U[2651] B[2739] U'[2804] B'[2876],false,true,822,685,137,2876,4,4,4,29.2,F2L Slot 2,U2 L' U2 L U L' U' L,U2[3746] L'[4068] U2[4205] L[4343] U[4488] L'[4576] U'[4721] L[4858],false,true,1982,1192,790,4858,8,8,10,10.13,F2L Slot 3,U U2' L U' L F' L' F L',U[5569] U2'[5907] L[6068] U'[6165] L[6729] F'[7003] L'[7100] F[7333] L'[7454],false,true,2596,1210,1386,7454,9,9,10,6.49,F2L Slot 4,U3 F' U F U' F' U' F,U3[8687] F'[8993] U[9106] F[9211] U'[9283] F'[9694] U'[9871] F[10057],false,true,2603,1539,1064,10057,8,8,10,7.52,OLL,U L F U F' U' M F U F' U' R' x,U[10736] L[10962] F[11139] U[11244] F'[11332] U'[11389] M[11607] F[11727] U[11832] F'[11913] U'[11961] R'[12155] x[12352],false,true,2098,905,1193,12155,12,13,13,10.06,PLL,U2 S2 U' S' U2 S U' S2 U',U2[12888] S2[13130] U'[13348] S'[13436] U2[13629] S[13776] U'[13776] S2[14097] U'[14185],false,true,2030,975,1055,14185,9,13,19,8.53,,,,,,,,,,,,,,,,,,,,,,,,,,
e87c7608-1493-4c4c-a8a2-bada923c13a7,2025-08-02 13:23:23 UTC,false,16710,CFOP,Gan12uiM,Gan 12 UI Maglev,Gan 356i,RandomForest,false,false,4016,16710,,L[0] B[153] B[226] R[476] R[540] U[1281] U[1773] B'[1910] U[2224] L'[3836] D[3908] D[3997] L[4110] D'[4327] R'[4513] R[4851] R'[4932] D'[5041] R[5234] R[5476] D'[5581] D'[5701] R'[5838] D'[6145] B[6402] D'[6516] B'[6717] D[7055] D[7200] B'[7490] D'[7732] B[7845] D[7934] L[8207] D[8321] L'[8409] D[8812] B'[9191] D[9295] B[9392] D[9738] R[10053] D'[10105] D'[10452] R'[10621] D[10678] B'[11048] D'[11177] B[11226] D'[11709] F[12200] L[12475] B'[12571] L'[12684] F'[12797] L[12894] B[13023] B[13079] D[13200] B'[13305] D'[13377] L'[13514] D[14570] D[14658] B[14852] B[14932] D[15045] B'[15195] D[15243] B'[15316] D'[15372] B[15517] D'[15598] B[15678] B[15759] U[15839] D'[15847] B'[15944] D[16033] B[16081] U'[16186] D'[16202] D'[16710],,,gan12,custom_rules,U F R F R F2 L2 F L F D R2 L2 F2 D2 L2 D B2 U L2 F2 L2,random_state,custom_rules,,,,8,DB,0,0,16710,69,70,83,4.13,5801,10909,"",0,Cross,z2 R B2 L2 D2 B' D,z2[0] R[0] B2[226] L2[540] D2[1773] B'[1910] D[2224],false,true,2224,0,2224,2224,6,6,9,2.7,F2L Slot 1,R' U2 R U' L' L L' U' L,R'[3836] U2[3997] R[4110] U'[4327] L'[4513] L[4851] L'[4932] U'[5041] L[5234],false,true,3010,1612,1398,5234,9,9,10,6.44,F2L Slot 2,L U2' L' U' B U' B',L[5476] U2'[5701] L'[5838] U'[6145] B[6402] U'[6516] B'[6717],false,true,1483,242,1241,6717,7,7,8,5.64,F2L Slot 3,U2 B' U' B U R U R',U2[7200] B'[7490] U'[7732] B[7845] U[7934] R[8207] U[8321] R'[8409],false,true,1692,773,919,8409,8,8,9,8.71,F2L Slot 4,U B' U B U L U2' L' U B' U' B,U[8812] B'[9191] U[9295] B[9392] U[9738] L[10053] U2'[10452] L'[10621] U[10678] B'[11048] U'[11177] B[11226],false,true,2817,782,2035,11226,12,12,13,5.9,OLL,U' F R B' R' F' R B2 U B' U' R',U'[11709] F[12200] R[12475] B'[12571] R'[12684] F'[12797] R[12894] B2[13079] U[13200] B'[13305] U'[13377] R'[13514],false,true,2288,974,1314,13514,12,12,13,9.13,PLL,U2 B2 U B' U B' U' B U' B2 E' R' U R D' U2',U2[14658] B2[14932] U[15045] B'[15195] U[15243] B'[15316] U'[15372] B[15517] U'[15598] B2[15759] E'[15847] R'[15944] U[16033] R[16081] D'[16186] U2'[16710],false,true,3196,1418,1778,16710,16,17,21,9.0,,,,,,,,,,,,,,,,,,,,,,,,,,
8d77f373-a6f8-4df4-96e8-10dfa3918f91,2025-08-02 13:24:01 UTC,false,17770,CFOP,Gan12uiM,Gan 12 UI Maglev,Gan 356i,RandomForest,false,false,10952,17770,,L[0] F[121] L[363] D'[1281] R'[1797] D'[1902] R'[2039] B[2103] D[2715] L'[3658] D[3771] D[3851] L[3988] R[4157] F[4279] L'[4391] F'[4487] L[4785] R'[4801] D[5575] R'[5680] D[5761] R[5898] R[7686] D[7799] R'[7920] R'[8033] D'[8154] R[8541] D[8927] B'[9451] D'[9596] B[9854] D'[10743] L'[11210] D'[11299] L[11395] D'[11500] L'[11589] D[11669] L[11750] D[12403] F[12846] L'[12951] F'[13039] L[13128] D[13184] L[13257] D'[13329] L'[13402] D'[13603] L[13700] D[13788] L'[13869] D'[13933] L'[14030] F[14087] L[14191] F'[14248] D[14755] L[15756] D[15844] L'[15933] D[16078] L[16182] D[16295] L'[16384] F'[16537] L[16610] D[16698] L'[16787] D'[16827] L'[16900] F[16980] L[17036] L[17094] D'[17166] L'[17286] D[17326] D[17423] L[17488] D'[17552] L'[17649] D'[17770],,,gan12,custom_rules,B2 L U L F' L2 F' D R2 B U2 B2 L2 B2 U' L2 F2 U' R2 L2 U',random_state,custom_rules,,,,8,DB,0,0,17770,79,80,84,4.45,7304,10466,"",0,Cross,z2 R F R U' L' U' L' B,z2[0] R[0] F[121] R[363] U'[1281] L'[1797] U'[1902] L'[2039] B[2103],false,true,2103,0,2103,2103,8,8,8,3.8,F2L Slot 1,U R' U2 R L F R' F' M x,U[2715] R'[3658] U2[3851] R[3988] L[4157] F[4279] R'[4391] F'[4487] M[4801] x[5188],false,true,2698,1555,1143,4801,9,10,11,7.87,F2L Slot 2,U L' U L L U L2' U' L,U[5575] L'[5680] U[5761] L[5898] L[7686] U[7799] L2'[8033] U'[8154] L[8541],false,true,3740,879,2861,8541,9,9,10,3.15,F2L Slot 3,U B' U' B,U[8927] B'[9451] U'[9596] B[9854],false,true,1313,910,403,9854,4,4,4,9.93,F2L Slot 4,U' R' U' R U' R' U R,U'[10743] R'[11210] U'[11299] R[11395] U'[11500] R'[11589] U[11669] R[11750],false,true,1896,1356,540,11750,8,8,8,14.81,OLL,U F R' F' R U R U' R' U' R U R' U' R' F R F',U[12403] F[12846] R'[12951] F'[13039] R[13128] U[13184] R[13257] U'[13329] R'[13402] U'[13603] R[13700] U[13788] R'[13869] U'[13933] R'[14030] F[14087] R[14191] F'[14248],false,true,2498,1096,1402,14248,18,18,18,12.84,PLL,U R U R' U R U R' F' R U R' U' R' F R2 U' R' U2 R U' R' U',U[14755] R[15756] U[15844] R'[15933] U[16078] R[16182] U[16295] R'[16384] F'[16537] R[16610] U[16698] R'[16787] U'[16827] R'[16900] F[16980] R2[17094] U'[17166] R'[17286] U2[17423] R[17488] U'[17552] R'[17649] U'[17770],false,true,3522,1508,2014,17770,23,23,25,11.42,,,,,,,,,,,,,,,,,,,,,,,,,,
4878a7cf-684a-4c93-a8fe-03c6fd551e32,2025-08-02 13:24:35 UTC,false,16830,CFOP,Gan12uiM,Gan 12 UI Maglev,Gan 356i,RandomForest,false,false,8509,16830,,D'[0] L[185] B'[508] L[636] L[732] U[1499] L[1643] U'[1837] D[2433] F'[2635] D'[2723] F[2828] D'[3416] D'[3980] B[4125] D[4214] B'[4326] B'[4391] L[4440] B[4528] L'[4576] B[4681] D'[4826] B'[4972] D'[5320] D'[5530] D'[5933] R[6215] D'[6279] R'[6392] D[6441] R[6513] D[6940] R'[7028] D'[8528] F'[8705] R[8769] F[8825] D[9375] R[9801] D'[9849] D'[9946] R'[10051] L'[10460] F'[10612] R[10733] F[10798] R'[10935] L[10938] B'[11523] D[11684] B[11789] D'[11853] D'[11982] B'[12055] D[12127] B[12208] D[12893] F'[13022] R'[13094] D'[13231] R[13352] D[13473] F[13594] F'[14666] D'[14795] R'[15004] F[15133] D[15238] F'[15334] D'[15375] F'[15472] R[15517] F[15597] F[15662] D'[15710] F'[15807] D'[15888] F[16009] D[16105] F'[16108] D[16108] D'[16404] D[16564] F[16758] D'[16830],,,gan12,custom_rules,U' L2 B' D2 B' D B U' F' R' F2 B2 R2 B2 D R2 D R2 F2 U' F2 D,random_state,custom_rules,,,,8,DB,0,0,16830,77,78,86,4.58,3447,13383,"",2,Cross,z2 U' R B' R2 D R D' U F' U' F U2' B U B2' R B R' B U' B' U3' L U' L' U L U L' U' F' L F,z2[0] U'[0] R[185] B'[508] R2[732] D[1499] R[1643] D'[1837] U[2433] F'[2635] U'[2723] F[2828] U2'[3980] B[4125] U[4214] B2'[4391] R[4440] B[4528] R'[4576] B[4681] U'[4826] B'[4972] U3'[5933] L[6215] U'[6279] L'[6392] U[6441] L[6513] U[6940] L'[7028] U'[8528] F'[8705] L[8769] F[8825],false,true,8825,0,8825,8825,33,33,38,3.74,F2L Slot 1,,"",true,false,0,0,0,8825,0,0,0,0,F2L Slot 2,,"",true,false,0,0,0,8825,0,0,0,0,F2L Slot 3,U L U2' L' R' F' L F M x,U[9375] L[9801] U2'[9946] L'[10051] R'[10460] F'[10612] L[10733] F[10798] M[10938] x[11230],false,true,2113,976,1137,10938,9,10,11,7.92,F2L Slot 4,B' U B U2' B' U B,B'[11523] U[11684] B[11789] U2'[11982] B'[12055] U[12127] B[12208],false,true,1270,585,685,12208,7,7,8,10.22,OLL,U F' L' U' L U F,U[12893] F'[13022] L'[13094] U'[13231] L[13352] U[13473] F[13594],false,true,1386,814,572,13594,7,7,7,12.24,PLL,F' U' L' F U F' U' F' L F2 U' F' U' F U F' U U' U F U',F'[14666] U'[14795] L'[15004] F[15133] U[15238] F'[15334] U'[15375] F'[15472] L[15517] F2[15662] U'[15710] F'[15807] U'[15888] F[16009] U[16105] F'[16108] U[16108] U'[16404] U[16564] F[16758] U'[16830],false,true,3236,1072,2164,16830,21,21,22,9.7,,,,,,,,,,,,,,,,,,,,,,,,,,
0cb0a70e-a0da-44d5-8d60-2c69a54568b9,2025-08-02 13:25:09 UTC,false,13211,CFOP,Gan12uiM,Gan 12 UI Maglev,Gan 356i,RandomForest,false,false,10757,13211,,R[0] U[524] L[741] D[983] R'[1160] R'[1241] D[1805] D'[1974] D'[2144] L[2369] D'[2434] L'[2539] D'[2708] R'[2933] D'[3231] R[3376] D'[3546] L'[3836] D[3948] L[4037] D'[4690] L[5458] L'[5676] D[5772] L[5885] D[6022] L'[6070] D[6724] R[7005] D'[7062] R'[7183] D[7239] D[7336] B'[7683] D'[7779] B[7835] D[8399] L'[8681] R[8689] L[9156] D[9431] F[9568] F'[9720] F[10123] D'[10309] F'[10365] R'[10584] D[11059] B'[11534] L[11591] B'[11663] R[11736] B[12066] B'[12131] R[12251] B[12405] L'[12469] B'[12558] R[12606] R[12799] B[12864] B[12944] D[13010] D[13211],,,gan12,custom_rules,F' R F' D2 F L' F R D' R' U B2 U2 B2 U' L2 D' R2 B2 D L2 U,random_state,custom_rules,,,,8,DB,0,0,13211,57,58,64,4.31,5748,7463,"",0,Cross,z2 L D R U L2',z2[0] L[0] D[524] R[741] U[983] L2'[1241],false,true,1241,0,1241,1241,5,5,6,4.03,F2L Slot 1,U U2' R U' R' U' L' U' L,U[1805] U2'[2144] R[2369] U'[2434] R'[2539] U'[2708] L'[2933] U'[3231] L[3376],false,true,2135,1128,1007,3376,9,9,10,8.94,F2L Slot 2,U' R' U R,U'[3546] R'[3836] U[3948] R[4037],false,true,661,460,201,4037,4,4,4,19.9,F2L Slot 3,U' R R' U R U R',U'[4690] R[5458] R'[5676] U[5772] R[5885] U[6022] R'[6070],false,true,2033,1421,612,6070,7,7,7,11.44,F2L Slot 4,U L U' L' U2 B' U' B,U[6724] L[7005] U'[7062] L'[7183] U2[7336] B'[7683] U'[7779] B[7835],false,true,1765,935,830,7835,8,8,9,9.64,OLL,U M' R B U U' U B' U' L' x',U[8399] M'[8689] R[9156] B[9431] U[9568] U'[9720] U[10123] B'[10309] U'[10365] L'[10584] x'[10821],false,true,2749,854,1895,10584,10,11,11,5.28,PLL,U B' R B' L B B' L B R' B' L2 B2 U2,U[11059] B'[11534] R[11591] B'[11663] L[11736] B[12066] B'[12131] L[12251] B[12405] R'[12469] B'[12558] L2[12799] B2[12944] U2[13211],false,true,2627,950,1677,13211,14,14,17,8.35,,,,,,,,,,,,,,,,,,,,,,,,,,
ee7713d3-d5c0-478d-934d-f4741758a55d,2025-08-02 13:25:57 UTC,false,18831,CFOP,Gan12uiM,Gan 12 UI Maglev,Gan 356i,RandomForest,false,false,16008,18831,,U'[0] L[177] D'[475] D'[588] B'[951] B'[991] B'[2192] D[2248] B[2393] D'[2515] D'[2852] B'[3005] D[3070] B[3191] D[3666] D'[4375] L[4955] D[5042] L'[5195] D[5316] D[5453] R'[5686] D'[5783] R[5904] D'[6331] L[6710] D'[6759] L'[6872] D[6920] F'[7306] D'[7467] F[7612] D'[8667] B[9119] D'[9288] B'[9368] D'[9473] B[9634] D'[9690] B'[9787] D[9852] B[9916] D'[10014] B'[10328] D[10723] F[11005] L[11142] B'[11246] L'[11327] B[11697] F'[11714] D[11923] B[11979] D'[12052] B'[12149] B'[12987] L[13414] B'[13518] R[13583] R[13768] B[13873] L'[13937] B'[14010] R[14066] B[14348] B[14549] B'[14703] B'[14816] R[14920] B[15059] B[15124] D[15277] D'[16453] B[16695] D[16944] B'[17057] D'[17122] B'[17259] L[17557] B[17678] B[17734] D'[17766] B'[17855] D'[17984] B[18096] D[18250] B'[18322] L'[18435] D'[18596] D'[18831],,,gan12,custom_rules,R' B' L F2 B U2 D' F2 B R F2 R2 F2 U2 B2 R2 U' F2 D2 F2 R2 U2,random_state,custom_rules,,,,8,DB,0,0,18831,79,80,90,4.2,6793,12038,"",0,Cross,z2 D' R U2' B2',z2[0] D'[0] R[177] U2'[588] B2'[991],false,true,991,0,991,991,4,4,6,4.04,F2L Slot 1,B' U B U2' B' U B,B'[2192] U[2248] B[2393] U2'[2852] B'[3005] U[3070] B[3191],false,true,2200,1201,999,3191,7,7,8,7.01,F2L Slot 2,U U' R U R' U2 L' U' L,U[3666] U'[4375] R[4955] U[5042] R'[5195] U2[5453] L'[5686] U'[5783] L[5904],false,true,2713,1764,949,5904,9,9,10,9.48,F2L Slot 3,U' R U' R' U F' U' F,U'[6331] R[6710] U'[6759] R'[6872] U[6920] F'[7306] U'[7467] F[7612],false,true,1708,806,902,7612,8,8,8,8.87,F2L Slot 4,U' B U' B' U' B U' B' U B U' B',U'[8667] B[9119] U'[9288] B'[9368] U'[9473] B[9634] U'[9690] B'[9787] U[9852] B[9916] U'[10014] B'[10328],false,true,2716,1507,1209,10328,12,12,12,9.93,OLL,U F R B' R' S R B R' B' z',U[10723] F[11005] R[11142] B'[11246] R'[11327] S[11714] R[11923] B[11979] R'[12052] B'[12149] z'[12568],false,true,1821,677,1144,12149,10,11,11,8.74,PLL,B' R B' L2 B R' B' L B2 B2' L B2 U U' B U B' U' B' R B2 U' B' U' B U B' R' U2',B'[12987] R[13414] B'[13518] L2[13768] B[13873] R'[13937] B'[14010] L[14066] B2[14549] B2'[14816] L[14920] B2[15124] U[15277] U'[16453] B[16695] U[16944] B'[17057] U'[17122] B'[17259] R[17557] B2[17734] U'[17766] B'[17855] U'[17984] B[18096] U[18250] B'[18322] R'[18435] U2'[18831],false,true,6682,838,5844,18831,29,29,35,4.96,,,,,,,,,,,,,,,,,,,,,,,,,,
4aa680da-10dc-48ea-af38-c8f8e23636ad,2025-08-02 13:26:35 UTC,false,15459,CFOP,Gan12uiM,Gan 12 UI Maglev,Gan 356i,RandomForest,false,false,13480,15459,,L[0] D'[210] B'[443] B'[491] D[870] D[991] F[1225] D'[1386] F'[1563] B'[1845] D'[1926] D'[2014] B[2151] B[2232] D[2320] B'[2457] D'[3190] L'[3287] F[3352] L[3424] R[4479] D'[4656] R[5014] F'[5111] R'[5264] F[5490] R'[5619] D[5916] F'[6303] D[6658] F[6779] D'[7028] F[7254] L'[7366] F'[7447] L[7536] D'[8382] D'[8664] F[8760] D[8841] F'[8938] D'[9002] F[9091] D[9163] F'[9236] D'[9848] B[10237] R[10655] B'[10768] D[10994] F[11099] D'[11171] F'[11292] D[11340] F[11429] D'[11477] F'[11542] B[11735] R'[11791] B'[11896] D'[12710] D'[12855] B[13185] F'[13354] F'[13435] U[13516] F[13580] U'[13628] F[13749] R'[13878] R'[13991] B'[14466] D[14546] B[14676] R'[14724] R'[14829] B'[15022] B[15110] B'[15226] D[15459],,,gan12,custom_rules,D R D L' F R L' U' F2 L U F2 B2 D L2 D F2 D2 R2 L2 F2 L2,random_state,custom_rules,,,,8,DB,0,0,15459,70,72,80,4.53,5422,10037,"",1,Cross,z2 R U' B2' U2 F U' F' B' U2' B2 U B' U' R' F R,z2[0] R[0] U'[210] B2'[491] U2[991] F[1225] U'[1386] F'[1563] B'[1845] U2'[2014] B2[2232] U[2320] B'[2457] U'[3190] R'[3287] F[3352] R[3424],false,true,3424,0,3424,3424,16,16,20,4.67,F2L Slot 1,,"",true,false,0,0,0,3424,0,0,0,0,F2L Slot 2,L U' L F' L' F L',L[4479] U'[4656] L[5014] F'[5111] L'[5264] F[5490] L'[5619],false,true,2195,1055,1140,5619,7,7,7,6.14,F2L Slot 3,U F' U F U' F R' F' R,U[5916] F'[6303] U[6658] F[6779] U'[7028] F[7254] R'[7366] F'[7447] R[7536],false,true,1917,684,1233,7536,9,9,9,7.3,F2L Slot 4,U2' F U F' U' F U F',U2'[8664] F[8760] U[8841] F'[8938] U'[9002] F[9091] U[9163] F'[9236],false,true,1700,1224,476,9236,8,8,9,16.81,OLL,U' B L B' U F U' F' U F U' S U' B' z',U'[9848] B[10237] L[10655] B'[10768] U[10994] F[11099] U'[11171] F'[11292] U[11340] F[11429] U'[11477] S[11735] U'[11791] B'[11896] z'[12303],false,true,2660,1001,1659,11896,14,15,15,8.44,PLL,U2' S F' L F L' F U2' B' R B U2' B' B B' R,U2'[12855] S[13354] F'[13435] L[13516] F[13580] L'[13628] F[13749] U2'[13991] B'[14466] R[14546] B[14676] U2'[14829] B'[15022] B[15110] B'[15226] R[15459],false,true,3563,1458,2105,15459,16,17,20,7.6,,,,,,,,,,,,,,,,,,,,,,,,,,
a1e79586-d061-4ef9-bba4-869fcd97dbdc,2025-08-02 13:27:10 UTC,false,16606,CFOP,Gan12uiM,Gan 12 UI Maglev,Gan 356i,RandomForest,false,false,5793,16606,,D[0] L'[153] L'[234] D[476] D[572] F'[975] D[1071] F'[1233] R[1314] D[2112] D'[2868] D'[2981] F[3183] D'[3263] D'[3368] F'[3553] D[3610] R'[3964] D'[4060] R[4198] D'[4665] D'[4979] L'[5123] D[5244] L[5413] D'[6622] D'[6936] R[7170] D'[7242] R'[7363] D[7420] D[7508] L'[7677] D'[7774] L[7887] D'[8411] R[8596] D[8685] R'[8798] D[9185] D[9257] R[9402] D'[9474] R'[9539] D[10206] D[10294] L[10818] D'[10874] L'[11012] D[11092] F'[11415] D'[11519] F[11560] D[11970] D[12309] B[12671] R[12808] F'[12905] R[12978] F[13074] R'[13123] F'[13235] R[13284] F[13356] R'[13413] R'[13485] B'[13582] D'[14493] F[14839] L'[14912] F'[14968] R[15073] F[15202] L[15268] F'[15341] R'[15461] F[15566] L[15638] F'[15719] R[15800] F[15936] L'[16010] F'[16138] R'[16203] D'[16606],,,gan12,custom_rules,U2 D' R' L' U B' L' F2 L U' F2 U F2 L2 B2 U2 L2 U' R2 D2 B2 U,random_state,custom_rules,,,,8,DB,0,0,16606,74,74,85,4.46,7150,9456,"",0,Cross,z2 U R2' U2 F' U F' L,z2[0] U[0] R2'[234] U2[572] F'[975] U[1071] F'[1233] L[1314],false,true,1314,0,1314,1314,7,7,9,5.33,F2L Slot 1,U U2' F U2' F' U L' U' L,U[2112] U2'[2981] F[3183] U2'[3368] F'[3553] U[3610] L'[3964] U'[4060] L[4198],false,true,2884,1869,1015,4198,9,9,11,8.87,F2L Slot 2,U2' R' U R U2' L U' L' U2 R' U' R,U2'[4979] R'[5123] U[5244] R[5413] U2'[6936] L[7170] U'[7242] L'[7363] U2[7508] R'[7677] U'[7774] R[7887],false,true,3689,925,2764,7887,12,12,15,4.34,F2L Slot 3,U' L U L' U2 L U' L',U'[8411] L[8596] U[8685] L'[8798] U2[9257] L[9402] U'[9474] L'[9539],false,true,1652,709,943,9539,8,8,9,8.48,F2L Slot 4,U2 R U' R' U F' U' F,U2[10294] R[10818] U'[10874] R'[11012] U[11092] F'[11415] U'[11519] F[11560],false,true,2021,1279,742,11560,8,8,9,10.78,OLL,U2 B L F' L F L' F' L F L2' B',U2[12309] B[12671] L[12808] F'[12905] L[12978] F[13074] L'[13123] F'[13235] L[13284] F[13356] L2'[13485] B'[13582],false,true,2022,1111,911,13582,12,12,14,13.17,PLL,U' F R' F' L F R F' L' F R F' L F R' F' L' U',U'[14493] F[14839] R'[14912] F'[14968] L[15073] F[15202] R[15268] F'[15341] L'[15461] F[15566] R[15638] F'[15719] L[15800] F[15936] R'[16010] F'[16138] L'[16203] U'[16606],false,true,3024,1257,1767,16606,18,18,18,10.19,,,,,,,,,,,,,,,,,,,,,,,,,,
00a44f4f-21eb-4fd3-851e-d2a9318e7d72,2025-08-02 13:27:51 UTC,false,17406,CFOP,Gan12uiM,Gan 12 UI Maglev,Gan 356i,RandomForest,false,false,13463,17406,,F'[0] F'[97] F[315] F'[420] B[871] L[1370] U'[2112] L[2894] L[2974] D'[3498] B[3764] D'[3804] B'[3877] D[4876] D[5322] B[5442] R'[5491] B'[5620] F[6393] D'[6450] F'[6579] F'[6708] D[6820] F[7022] D[7465] B'[7917] D[7997] D[8078] B[8255] D'[8336] D'[8456] B'[8594] D[8658] B[8779] D[9730] R'[10141] D'[10205] R[10340] D'[10445] R'[10517] D[10598] R[10679] D[11154] L[11581] B'[11832] L'[12033] L'[12113] F[12161] L[12290] L[12379] B[12564] L'[12637] L'[12702] F'[12774] L[12846] D[13475] D[13580] R[13757] D'[14031] R'[14152] D[14845] D'[15095] R[15280] D[15351] R'[15448] D'[15641] R'[15794] D[15859] D[15939] R'[16076] U'[16189] R[16294] D'[16358] R'[16447] U[16487] R[16624] D[16689] R[16818] D'[16963] R'[17084] D'[17221] R[17301] D'[17406],,,gan12,custom_rules,F2 L' F D F2 R L D2 F' L U' F2 R2 B2 U' R2 F2 B2 D F2 R2 D',random_state,custom_rules,,,,8,DB,0,0,17406,72,72,83,4.14,4843,12466,"",1,Cross,z2 F2' F F' B R D' R2 U' B U' B' U2 B L' B',z2[48] F2'[97] F[315] F'[420] B[871] R[1370] D'[2112] R2[2974] U'[3498] B[3764] U'[3804] B'[3877] U2[5322] B[5442] L'[5491] B'[5620],false,true,5523,0,5523,5620,15,15,18,2.72,F2L Slot 1,,"",true,false,0,0,0,5620,0,0,0,0,F2L Slot 2,F U' F2' U F,F[6393] U'[6450] F2'[6708] U[6820] F[7022],false,true,1402,773,629,7022,5,5,6,7.95,F2L Slot 3,U B' U2 B U2' B' U B,U[7465] B'[7917] U2[8078] B[8255] U2'[8456] B'[8594] U[8658] B[8779],false,true,1757,895,862,8779,8,8,10,9.28,F2L Slot 4,U L' U' L U' L' U L,U[9730] L'[10141] U'[10205] L[10340] U'[10445] L'[10517] U[10598] L[10679],false,true,1900,1362,538,10679,8,8,8,14.87,OLL,U R B' R2' F R2 B R2' F' R,U[11154] R[11581] B'[11832] R2'[12113] F[12161] R2[12379] B[12564] R2'[12702] F'[12774] R[12846],false,true,2167,902,1265,12846,10,10,13,7.91,PLL,U2 L U' L' U U' L U L' U' L' U2 L' D' L U' L' D L U L U' L' U' L U',U2[13580] L[13757] U'[14031] L'[14152] U[14845] U'[15095] L[15280] U[15351] L'[15448] U'[15641] L'[15794] U2[15939] L'[16076] D'[16189] L[16294] U'[16358] L'[16447] D[16487] L[16624] U[16689] L[16818] U'[16963] L'[17084] U'[17221] L[17301] U'[17406],false,true,4560,911,3649,17406,26,26,28,7.13,,,,,,,,,,,,,,,,,,,,,,,,,,
94048f14-c7d0-4b86-93c5-857d8152be13,2025-08-02 13:28:36 UTC,false,18515,CFOP,Gan12uiM,Gan 12 UI Maglev,Gan 356i,RandomForest,false,false,14722,18515,,R[0] B'[33] L'[653] D[936] B[1177] D[2377] D[2450] F'[2748] L[2805] F[2885] U[3900] F[4174] U'[4690] U'[4762] F'[4891] B'[5251] R'[5388] F[5509] R[5605] B[5758] F'[5774] B'[6073] U'[6258] B[6355] F[6734] U'[6798] F'[6895] U[7023] L'[7378] U[7459] L[7555] U[8095] U[8256] R'[8861] U[8950] R[9046] U'[9231] B[9586] U'[9788] B'[10045] U'[10460] U'[10847] L[11113] U'[11177] U'[11250] L'[11370] U[11427] U[11507] R'[11701] U'[11790] R[11894] B[12644] L'[12772] B'[13063] L[13248] U'[14183] U'[14287] B[14537] L'[14634] B'[14755] L[14835] U[14908] L[15004] U'[15287] L'[15413] U[15461] L[15574] U[15662] L'[15767] U'[15807] L'[15928] B[15985] L[16074] B'[16138] U[16702] L'[17161] L'[17250] F[17363] F[17540] L[17669] B[17774] L'[17838] F[17911] F[18104] L[18273] B'[18329] L[18434] U'[18515],,,gan12,custom_rules,F L F' R' L2 D F' L B L B2 L2 D' F2 U' B2 D L2 B2 U F2 D',random_state,custom_rules,,,,8,UF,0,0,18515,77,78,88,4.16,6045,12470,"",0,Cross,R B' L' D B D2 F' L F,R[0] B'[33] L'[653] D[936] B[1177] D2[2450] F'[2748] L[2805] F[2885],false,true,2885,0,2885,2885,9,9,10,3.12,F2L Slot 1,U F U2' F' B' R' F R S z',U[3900] F[4174] U2'[4762] F'[4891] B'[5251] R'[5388] F[5509] R[5605] S[5774] z'[5923],false,true,2889,1289,1600,5774,9,10,11,5.63,F2L Slot 2,B' U' B F U' F' U L' U L,B'[6073] U'[6258] B[6355] F[6734] U'[6798] F'[6895] U[7023] L'[7378] U[7459] L[7555],false,true,1781,299,1482,7555,10,10,10,6.75,F2L Slot 3,U2 R' U R U' B U' B' U2' L U2' L' U2 R' U' R,U2[8256] R'[8861] U[8950] R[9046] U'[9231] B[9586] U'[9788] B'[10045] U2'[10847] L[11113] U2'[11250] L'[11370] U2[11507] R'[11701] U'[11790] R[11894],false,true,4339,1306,3033,11894,16,16,20,5.28,F2L Slot 4,B L' B' L,B[12644] L'[12772] B'[13063] L[13248],false,true,1354,750,604,13248,4,4,4,6.62,OLL,U2' B L' B' L U L U' L' U L U L' U' L' B L B',U2'[14287] B[14537] L'[14634] B'[14755] L[14835] U[14908] L[15004] U'[15287] L'[15413] U[15461] L[15574] U[15662] L'[15767] U'[15807] L'[15928] B[15985] L[16074] B'[16138],false,true,2890,1289,1601,16138,18,18,19,11.24,PLL,U L2' F2 L B L' F2 L B' L U',U[16702] L2'[17250] F2[17540] L[17669] B[17774] L'[17838] F2[18104] L[18273] B'[18329] L[18434] U'[18515],false,true,2377,1112,1265,18515,11,11,14,8.7,,,,,,,,,,,,,,,,,,,,,,,,,,
a8a5d5c2-7a6d-49a1-9a38-3001b2acaa17,2025-08-02 13:29:19 UTC,false,16633,CFOP,Gan12uiM,Gan 12 UI Maglev,Gan 356i,RandomForest,false,false,10761,16633,,L[0] U'[266] F'[878] L[1047] L[1144] U[1539] L'[1877] B[1941] L[2014] D[2232] D[2352] U'[2893] U'[3013] L[3206] U'[3255] U'[3319] L'[3449] U[3505] U[4174] R'[4520] U'[4681] R[5025] U[5389] R[5589] U'[5661] U'[5742] R'[5864] U[6121] U[6257] F[6620] U[6797] F'[7024] U[7659] F[7740] U'[7796] F'[7853] U'[8772] F'[8933] U[9045] F[9182] U[9578] L[10141] U'[10230] L'[10399] U'[10666] R'[11156] U'[11253] U'[11334] R[11447] R[11527] U[11681] R'[11761] R'[11833] U[11914] R[12002] U'[12535] R[12712] U[12809] R'[12873] U'[12938] R'[13018] F[13074] R[13171] F'[13469] R'[14670] U[14758] R[14839] U'[14944] R'[15105] F'[15214] U'[15343] F[15448] R[15577] U[15649] R'[15770] F[15827] R'[16077] F'[16165] R[16278] U'[16326] R[16382] U[16592] U[16633],,,gan12,custom_rules,U R' D B2 L' U' F B U2 R' F B2 R2 L2 D2 B2 L2 U' R2 L2 F2 U,random_state,custom_rules,,,,8,UF,0,0,16633,72,72,83,4.33,5166,11467,"",0,Cross,L U' F' L2 U L' B L D2,L[0] U'[266] F'[878] L2[1144] U[1539] L'[1877] B[1941] L[2014] D2[2352],false,true,2352,0,2352,2352,9,9,11,3.83,F2L Slot 1,U2' L U2' L' U2 R' U' R,U2'[3013] L[3206] U2'[3319] L'[3449] U2[4174] R'[4520] U'[4681] R[5025],false,true,2673,854,1819,5025,8,8,11,4.4,F2L Slot 2,U R U2' R' U2 F U F' U F U' F',U[5389] R[5589] U2'[5742] R'[5864] U2[6257] F[6620] U[6797] F'[7024] U[7659] F[7740] U'[7796] F'[7853],false,true,2828,564,2264,7853,12,12,14,5.3,F2L Slot 3,U' F' U F U L U' L',U'[8772] F'[8933] U[9045] F[9182] U[9578] L[10141] U'[10230] L'[10399],false,true,2546,1080,1466,10399,8,8,8,5.46,F2L Slot 4,U' R' U2' R2 U R2' U R,U'[10666] R'[11156] U2'[11334] R2[11527] U[11681] R2'[11833] U[11914] R[12002],false,true,1603,757,846,12002,8,8,11,9.46,OLL,U' R U R' U' R' F R F',U'[12535] R[12712] U[12809] R'[12873] U'[12938] R'[13018] F[13074] R[13171] F'[13469],false,true,1467,710,757,13469,9,9,9,11.89,PLL,R' U R U' R' F' U' F R U R' F R' F' R U' R U2,R'[14670] U[14758] R[14839] U'[14944] R'[15105] F'[15214] U'[15343] F[15448] R[15577] U[15649] R'[15770] F[15827] R'[16077] F'[16165] R[16278] U'[16326] R[16382] U2[16633],false,true,3164,1201,1963,16633,18,18,19,9.17,,,,,,,,,,,,,,,,,,,,,,,,,,
ae559981-267d-4e5f-ac8e-fc3e20db763f,2025-08-02 13:30:22 UTC,false,16002,CFOP,Gan12uiM,Gan 12 UI Maglev,Gan 356i,RandomForest,false,false,37328,16002,,U'[0] R'[217] F'[443] R[1176] D'[1498] D'[1740] R'[1893] U'[2336] D[2941] F[3585] D[3867] F'[3979] L'[4318] D'[4487] L[4616] D'[5027] R[5225] F[5331] L'[5427] F'[5580] R'[5813] L[5817] D[7038] B[7570] D'[7707] B'[7812] F'[7957] R'[8102] B[8247] R[8327] F[8464] B'[8467] B[10108] D[10230] B'[10319] D[10367] D[10456] B[10544] D'[10609] B'[10673] D'[11132] D'[11430] B[11543] D[11640] B'[11721] D[12107] B'[12261] L[12349] B[12478] L'[12526] B[12647] D'[12776] D'[12849] B'[12929] D[13880] D[13993] B[14194] D'[14291] B'[14379] D'[14508] B[14662] D[14710] B[14790] U[14871] B'[14943] D'[15072] B[15185] U'[15261] B'[15390] D[15470] D[15551] B'[15721] D[16002],,,gan12,custom_rules,U' L' B D' L F2 L2 U' D' F U B2 R2 D L2 U2 R2 B2 R2 L2 D R2,random_state,custom_rules,,,,8,DB,0,0,16002,65,67,73,4.06,7117,8885,"",0,Cross,z2 D' L' F' L U2' L' D',z2[0] D'[0] L'[217] F'[443] L[1176] U2'[1740] L'[1893] D'[2336],false,true,2336,0,2336,2336,7,7,8,3.0,F2L Slot 1,U F U F',U[2941] F[3585] U[3867] F'[3979],false,true,1643,1249,394,3979,4,4,4,10.15,F2L Slot 2,R' U' R U' L F R' F' M x,R'[4318] U'[4487] R[4616] U'[5027] L[5225] F[5331] R'[5427] F'[5580] M[5817] x[6427],false,true,1838,339,1499,5817,9,10,10,6.0,F2L Slot 3,U B U' B' F' L' B L S' z,U[7038] B[7570] U'[7707] B'[7812] F'[7957] L'[8102] B[8247] L[8327] S'[8467] z[9287],false,true,2650,1753,897,8467,9,10,10,10.03,F2L Slot 4,B U B' U2 B U' B',B[10108] U[10230] B'[10319] U2[10456] B[10544] U'[10609] B'[10673],false,true,2206,1641,565,10673,7,7,8,12.39,OLL,U2' B U B' U B' R B R' B U2' B',U2'[11430] B[11543] U[11640] B'[11721] U[12107] B'[12261] R[12349] B[12478] R'[12526] B[12647] U2'[12849] B'[12929],false,true,2256,870,1386,12929,12,12,14,8.66,PLL,U2 B U' B' U' B U B D B' U' B D' B' U2 B' U,U2[13993] B[14194] U'[14291] B'[14379] U'[14508] B[14662] U[14710] B[14790] D[14871] B'[14943] U'[15072] B[15185] D'[15261] B'[15390] U2[15551] B'[15721] U[16002],false,true,3073,1265,1808,16002,17,17,19,9.4,,,,,,,,,,,,,,,,,,,,,,,,,,
ba9f2f1f-185e-4504-aba9-a6c9055c11b3,2025-08-02 13:30:53 UTC,false,14721,CFOP,Gan12uiM,Gan 12 UI Maglev,Gan 356i,RandomForest,false,false,5637,14721,,U[0] R[177] U[475] B[1120] R[1515] D[1805] D[2022] L'[2377] D[2538] L'[2707] L[3320] D'[3441] L'[3602] D'[4069] D[4319] R'[4585] D[4673] R[4778] D'[4867] R'[4963] D'[5093] R[5173] D'[6406] R[6567] D'[6672] R'[6776] L'[7059] D[7131] D[7461] L[7630] D'[7744] B[8026] D[8154] B'[8323] D[8976] R[9266] D'[9339] D'[9403] R'[9540] D[9588] R[9693] D'[9766] R'[9830] D[10338] D[10426] R[10539] D[10716] R'[10991] D'[11119] R'[11337] R[11401] R'[11530] B[11611] R[11716] B'[11748] D[12876] B[13158] R[13255] D'[13335] R'[13464] D'[13545] R[13681] D[13738] R'[13810] B'[13891] R[14004] D[14109] R'[14157] D'[14246] R'[14382] B[14431] R[14519] B'[14576] D'[14721],,,gan12,custom_rules,U D' R' L' B L U F U' B' L2 B2 R2 U' F2 D' F2 D2 L2 B2 D2 R2,random_state,custom_rules,,,,8,DB,0,0,14721,70,70,74,4.76,6052,8669,"",0,Cross,z2 D L D B L U2 R' U R',z2[0] D[0] L[177] D[475] B[1120] L[1515] U2[2022] R'[2377] U[2538] R'[2707],false,true,2707,0,2707,2707,9,9,10,3.32,F2L Slot 1,R U' R',R[3320] U'[3441] R'[3602],false,true,895,613,282,3602,3,3,3,10.64,F2L Slot 2,U' U L' U L U' L' U' L,U'[4069] U[4319] L'[4585] U[4673] L[4778] U'[4867] L'[4963] U'[5093] L[5173],false,true,1571,983,588,5173,9,9,9,15.31,F2L Slot 3,U' L U' L' R' U2 R U' B U B',U'[6406] L[6567] U'[6672] L'[6776] R'[7059] U2[7461] R[7630] U'[7744] B[8026] U[8154] B'[8323],false,true,3150,1394,1756,8323,11,11,12,6.26,F2L Slot 4,U L U2' L' U L U' L',U[8976] L[9266] U2'[9403] L'[9540] U[9588] L[9693] U'[9766] L'[9830],false,true,1507,943,564,9830,8,8,9,14.18,OLL,U2 L U L' U' L' L L' B L B',U2[10426] L[10539] U[10716] L'[10991] U'[11119] L'[11337] L[11401] L'[11530] B[11611] L[11716] B'[11748],false,true,1918,709,1209,11748,11,11,12,9.1,PLL,U B L U' L' U' L U L' B' L U L' U' L' B L B' U',U[12876] B[13158] L[13255] U'[13335] L'[13464] U'[13545] L[13681] U[13738] L'[13810] B'[13891] L[14004] U[14109] L'[14157] U'[14246] L'[14382] B[14431] L[14519] B'[14576] U'[14721],false,true,2973,1410,1563,14721,19,19,19,12.16,,,,,,,,,,,,,,,,,,,,,,,,,,
08178483-d5ac-4bd2-b429-1b4b1c30a80b,2025-08-02 13:31:35 UTC,false,20673,CFOP,Gan12uiM,Gan 12 UI Maglev,Gan 356i,RandomForest,false,false,10246,20673,,R[0] F'[346] B[362] F'[1345] B'[2111] U'[2465] R[2739] B[2892] B[2997] R'[3101] R'[3569] U'[3665] R[3794] D[4221] D[4310] U'[5710] B'[6258] U[6411] R[6693] B[6975] U[7491] U[7571] F'[7781] U[7829] U[7901] F[8071] U'[8144] R[8393] U[8530] R'[8699] B[9376] U'[9424] B'[9521] U'[9609] B[9714] U'[9754] B'[9844] U[9900] B[9956] U'[10021] B'[10069] U[10568] U[10697] U'[11798] L'[11966] U[12112] U[12458] L[12603] U'[12692] L'[12789] U[12837] L[12925] U[13360] U[13642] U[13989] B[14239] U[14448] L[14561] U'[14642] L'[14722] B'[14892] R[16140] U[16237] R'[16334] U[16414] R[16495] U[16608] R'[16688] F'[16785] R[16881] U[16962] R'[17071] U'[17120] R'[17208] F[17297] R[17361] R[17426] U'[17474] R'[17579] U[17627] U[17748] R[17813] U'[17885] R'[18006] U[18046] U[18143] U[18183] U'[18828] R[19456] U[19577] R'[19682] F'[19795] R[19867] U[19964] R'[20109] U'[20165] R'[20262] F[20327] R[20415] R[20471] U'[20512] R'[20608] U'[20673],,,gan12,custom_rules,L D' R2 B' R F' L2 B2 L B D' F2 R2 U' D R2 F2 U R2 B2 R2 F2,random_state,custom_rules,,,,8,UF,0,0,20673,88,89,103,4.26,5942,14731,"",1,Cross,z' U S F' B' U' R B2 R2' U' R D2 U' B' U R B,z'[0] U[0] S[362] F'[1345] B'[2111] U'[2465] R[2739] B2[2997] R2'[3569] U'[3665] R[3794] D2[4310] U'[5710] B'[6258] U[6411] R[6693] B[6975],false,true,6975,0,6975,6975,16,17,20,2.29,F2L Slot 1,,"",true,false,0,0,0,6975,0,0,0,0,F2L Slot 2,U2 F' U2 F U' R U R',U2[7571] F'[7781] U2[7901] F[8071] U'[8144] R[8393] U[8530] R'[8699],false,true,1724,806,918,8699,8,8,10,8.71,F2L Slot 3,B U' B' U' B U' B' U B U' B',B[9376] U'[9424] B'[9521] U'[9609] B[9714] U'[9754] B'[9844] U[9900] B[9956] U'[10021] B'[10069],false,true,1370,677,693,10069,11,11,11,15.87,F2L Slot 4,U2 U' L' U2 L U' L' U L,U2[10697] U'[11798] L'[11966] U2[12458] L[12603] U'[12692] L'[12789] U[12837] L[12925],false,true,2856,1897,959,12925,9,9,11,9.38,OLL,U3 B U L U' L' B',U3[13989] B[14239] U[14448] L[14561] U'[14642] L'[14722] B'[14892],false,true,1967,1314,653,14892,7,7,9,10.72,PLL,R U R' U R U R' F' R U R' U' R' F R2 U' R' U2 R U' R' U3 U' R U R' F' R U R' U' R' F R2 U' R' U',R[16140] U[16237] R'[16334] U[16414] R[16495] U[16608] R'[16688] F'[16785] R[16881] U[16962] R'[17071] U'[17120] R'[17208] F[17297] R2[17426] U'[17474] R'[17579] U2[17748] R[17813] U'[17885] R'[18006] U3[18183] U'[18828] R[19456] U[19577] R'[19682] F'[19795] R[19867] U[19964] R'[20109] U'[20165] R'[20262] F[20327] R2[20471] U'[20512] R'[20608] U'[20673],false,true,5781,1248,4533,20673,37,37,42,8.16,,,,,,,,,,,,,,,,,,,,,,,,,,
277b3448-859d-473c-a2a7-8adee072cdd4,2025-08-02 13:32:13 UTC,false,18478,CFOP,Gan12uiM,Gan 12 UI Maglev,Gan 356i,RandomForest,false,false,5779,18478,,R[0] B'[89] L[444] B[661] B[1000] U[1282] D[1935] R[2120] F'[2216] R'[2385] F'[4610] D'[4691] F[4787] D'[4916] F'[5016] D[5170] F[5307] D[6242] D[6524] D[8328] D'[8836] F[9183] D'[9247] D'[9344] F'[9465] D[9513] F[9577] D'[9642] F'[9698] D'[11729] L'[12237] D'[12366] L[12518] R'[12994] D'[13050] D'[13131] R[13469] R[13542] D[13655] R'[13751] R'[13840] D[13897] R[13985] F[14670] D'[14767] B'[14912] D[15016] L[15081] D[15154] L'[15226] D'[15274] B[15677] F'[15709] D[16064] R'[16564] D'[16644] B'[16811] R[17036] D[17229] R'[17318] D'[17391] R'[17487] B[17560] R[17625] R[17681] D'[17721] R'[17794] D'[17914] R[18003] D[18117] R'[18205] D[18261] R[18430] D'[18478],,,gan12,custom_rules,B' R U2 D2 B' U2 R' L' U' L F2 L2 F2 L2 F2 U2 R2 D' R2 F2 L2,random_state,custom_rules,,,,8,DB,0,0,18478,66,67,74,3.57,10656,7822,"",0,Cross,z2 L B' R B2 D U L F' L',z2[0] L[0] B'[89] R[444] B2[1000] D[1282] U[1935] L[2120] F'[2216] L'[2385],false,true,2385,0,2385,2385,9,9,10,3.77,F2L Slot 1,F' U' F U' F' U F,F'[4610] U'[4691] F[4787] U'[4916] F'[5016] U[5170] F[5307],false,true,2922,2225,697,5307,7,7,7,10.04,F2L Slot 2,U2 U U' F U2' F' U F U' F',U2[6524] U[8328] U'[8836] F[9183] U2'[9344] F'[9465] U[9513] F[9577] U'[9642] F'[9698],false,true,4391,3876,515,9698,10,10,12,19.42,F2L Slot 3,U' R' U' R,U'[11729] R'[12237] U'[12366] R[12518],false,true,2820,2539,281,12518,4,4,4,14.23,F2L Slot 4,L' U2' L2 U L2' U L,L'[12994] U2'[13131] L2[13542] U[13655] L2'[13840] U[13897] L[13985],false,true,1467,476,991,13985,7,7,10,7.06,OLL,F U' B' U R U R' U' S z',F[14670] U'[14767] B'[14912] U[15016] R[15081] U[15154] R'[15226] U'[15274] S[15709] z'[15886],false,true,1724,685,1039,15709,9,10,10,8.66,PLL,U L' U' B' L U L' U' L' B L2 U' L' U' L U L' U L U',U[16064] L'[16564] U'[16644] B'[16811] L[17036] U[17229] L'[17318] U'[17391] L'[17487] B[17560] L2[17681] U'[17721] L'[17794] U'[17914] L[18003] U[18117] L'[18205] U[18261] L[18430] U'[18478],false,true,2769,855,1914,18478,20,20,21,10.45,,,,,,,,,,,,,,,,,,,,,,,,,,
62459175-246d-4a6a-a8f0-bd6e377305c2,2025-08-02 13:32:40 UTC,false,13623,CFOP,Gan12uiM,Gan 12 UI Maglev,Gan 356i,RandomForest,false,false,4422,13623,,U[0] F[120] L[281] U'[611] B'[869] U[1119] D[1885] F'[2110] D'[2223] F[2328] B'[2626] D[2706] B[2803] D[3415] F'[3867] D[3947] D[4036] F[4189] D'[4350] D'[4440] R'[4745] D'[4891] R[5036] B[5843] D'[5924] B'[6053] D[6165] B[6279] D[6367] B'[6439] D[6496] B[6552] D'[6609] B'[6673] D[7269] D[7383] F'[7664] D'[7825] D[8019] D[8236] F[8341] D'[8431] L[8672] D[8808] L'[8953] D'[9396] B[9565] B[9622] U[9799] B'[10130] D[10234] D[10323] B[10444] U'[10686] B'[10948] D[10996] D[11069] B'[11133] B[12133] D[12221] B'[12302] D'[12366] B'[12471] L[12528] B[12616] B[12664] D'[12696] B'[12769] D'[12906] B[12971] D[13107] B'[13325] L'[13478] D[13623],,,gan12,custom_rules,U2 L U F' U2 F B' U' R D F' D L2 D L2 U' R2 B2 R2 D' B2 D,random_state,custom_rules,,,,8,DB,0,0,13623,65,66,74,4.77,5522,8101,"",0,Cross,z2 D F R D' B' D,z2[0] D[0] F[120] R[281] D'[611] B'[869] D[1119],false,true,1119,0,1119,1119,6,6,6,5.36,F2L Slot 1,U F' U' S' L B z,U[1885] F'[2110] U'[2223] S'[2626] L[2706] B[2803] z[3109],false,true,1684,991,693,2803,6,7,7,8.66,F2L Slot 2,U F' U2 F U2' L' U' L,U[3415] F'[3867] U2[4036] F[4189] U2'[4440] L'[4745] U'[4891] L[5036],false,true,2233,1064,1169,5036,8,8,10,6.84,F2L Slot 3,B U' B' U B U B' U B U' B',B[5843] U'[5924] B'[6053] U[6165] B[6279] U[6367] B'[6439] U[6496] B[6552] U'[6609] B'[6673],false,true,1637,807,830,6673,11,11,11,13.25,F2L Slot 4,U2 F' U' U2 F U' R U R',U2[7383] F'[7664] U'[7825] U2[8236] F[8341] U'[8431] R[8672] U[8808] R'[8953],false,true,2280,991,1289,8953,9,9,11,6.98,OLL,U' B2 D B' U2 B D' B' U2 B',U'[9396] B2[9622] D[9799] B'[10130] U2[10323] B[10444] D'[10686] B'[10948] U2[11069] B'[11133],false,true,2180,669,1511,11133,10,10,13,6.62,PLL,B U B' U' B' R B2 U' B' U' B U B' R' U,B[12133] U[12221] B'[12302] U'[12366] B'[12471] R[12528] B2[12664] U'[12696] B'[12769] U'[12906] B[12971] U[13107] B'[13325] R'[13478] U[13623],false,true,2490,1000,1490,13623,15,15,16,10.07,,,,,,,,,,,,,,,,,,,,,,,,,,
434b674b-84d8-416f-ac02-86d77caf0f9a,2025-08-02 13:33:23 UTC,false,20793,CFOP,Gan12uiM,Gan 12 UI Maglev,Gan 356i,RandomForest,false,false,13167,20793,,U[0] U[56] F[499] F'[814] D'[1023] F[1224] L'[1538] R[1998] B'[3037] U[3238] R'[3343] U'[3456] D[4109] D[4237] L'[4568] L[4906] R[6718] D'[6766] D'[6847] R'[6943] D[6992] R[7072] D'[7129] R'[7177] D'[9353] R'[9538] D[9627] R[9755] D'[10319] B[10513] D'[10626] D'[10722] B'[10851] D[10908] L'[11351] D'[11463] L[11576] D[12074] R'[12243] D[12340] R[12428] D[12566] F'[12936] D[13113] F[13282] D[13887] F[14289] D[14426] F'[14507] D[14547] F[14628] D[14732] F'[14765] F[15433] D[15562] F'[15651] D[15731] F[15804] D'[15892] F'[15981] D'[16263] F'[16722] R[16811] F[16996] R'[18353] D[18699] D[19247] F'[19529] R[19666] F'[19778] L[19843] L[20044] F[20173] R'[20222] F'[20326] L[20391] L[20608] F[20721] F[20793],,,gan12,custom_rules,L' B' L F' U2 F2 R' U2 R B' U R2 B2 L2 U2 F2 R2 D2 F2 B2 D L2,random_state,custom_rules,,,,8,DB,0,0,20793,71,71,79,3.41,6991,13746,"",0,Cross,z2 D2 F F' U' F R' L B' D L' D',z2[28] D2[56] F[499] F'[814] U'[1023] F[1224] R'[1538] L[1998] B'[3037] D[3238] L'[3343] D'[3456],false,true,3400,0,3400,3456,11,11,12,3.24,F2L Slot 1,U2 R' R L U2' L' U L U' L',U2[4237] R'[4568] R[4906] L[6718] U2'[6847] L'[6943] U[6992] L[7072] U'[7129] L'[7177],false,true,3721,1112,2609,7177,10,10,12,3.83,F2L Slot 2,U' L' U L U' B U2' B' U R' U' R,U'[9353] L'[9538] U[9627] L[9755] U'[10319] B[10513] U2'[10722] B'[10851] U[10908] R'[11351] U'[11463] R[11576],false,true,4399,2361,2038,11576,12,12,13,5.89,F2L Slot 3,U L' U L U F' U F,U[12074] L'[12243] U[12340] L[12428] U[12566] F'[12936] U[13113] F[13282],false,true,1706,667,1039,13282,8,8,8,7.7,F2L Slot 4,U F U F' U F U F',U[13887] F[14289] U[14426] F'[14507] U[14547] F[14628] U[14732] F'[14765],false,true,1483,1007,476,14765,8,8,8,16.81,OLL,F U F' U F U' F' U' F' L F L',F[15433] U[15562] F'[15651] U[15731] F[15804] U'[15892] F'[15981] U'[16263] F'[16722] L[16811] F[16996] L'[18353],false,true,3588,668,2920,18353,12,12,12,4.11,PLL,U2 F' L F' R2 F L' F' R2 F2,U2[19247] F'[19529] L[19666] F'[19778] R2[20044] F[20173] L'[20222] F'[20326] R2[20608] F2[20793],false,true,2440,1176,1264,20793,10,10,14,7.91,,,,,,,,,,,,,,,,,,,,,,,,,,
c5e8b120-3cc9-4dfd-ac31-1beff390463b,2025-08-02 13:33:51 UTC,false,13441,CFOP,Gan12uiM,Gan 12 UI Maglev,Gan 356i,RandomForest,false,false,4678,13441,,F'[0] B[386] U'[653] U[910] L[1256] B[1369] U[1773] D[2352] D[2440] L'[2763] D'[2891] L[3004] R[3319] R'[3890] R'[4092] D[4205] R[4334] D[4906] L'[5154] D[5234] L[5347] D'[5476] D'[5564] L'[5645] D[5717] L[5814] D[7481] F'[7884] D'[7997] F[8142] D'[8216] F'[8320] D[8384] F[8489] B'[9109] D[9270] B[9366] D'[9463] R[9737] D[9898] R'[10003] D'[10632] F[10898] L[11067] B'[11180] L[11277] B[11398] L'[11454] L'[11527] F'[11624] D'[12284] F[12558] B'[12559] F[12655] B'[12656] U[12656] B[12848] F'[12880] L[13001] L[13089] F[13194] B'[13202] U[13355] F[13436] B'[13438] F[13438] B'[13441] D[13441],,,gan12,custom_rules,U' D' L D B' D2 F L' B U2 R2 U2 R2 U R2 D L2 U' R2 L2 U L2,random_state,custom_rules,,,,8,DB,0,0,13441,55,59,68,4.09,6427,7014,"",0,Cross,z2 F' B D' D R B D,z2[0] F'[0] B[386] D'[653] D[910] R[1256] B[1369] D[1773],false,true,1773,0,1773,1773,7,7,7,3.95,F2L Slot 1,U2 R' U' R L L2' U L,U2[2440] R'[2763] U'[2891] R[3004] L[3319] L2'[4092] U[4205] L[4334],false,true,2561,990,1571,4334,8,8,10,5.09,F2L Slot 2,U R' U R U2' R' U R,U[4906] R'[5154] U[5234] R[5347] U2'[5564] R'[5645] U[5717] R[5814],false,true,1480,820,660,5814,8,8,9,12.12,F2L Slot 3,U F' U' F U' F' U F,U[7481] F'[7884] U'[7997] F[8142] U'[8216] F'[8320] U[8384] F[8489],false,true,2675,2070,605,8489,8,8,8,13.22,F2L Slot 4,B' U B U' L U L',B'[9109] U[9270] B[9366] U'[9463] L[9737] U[9898] L'[10003],false,true,1514,620,894,10003,7,7,7,7.83,OLL,U' F R B' R B R2' F',U'[10632] F[10898] R[11067] B'[11180] R[11277] B[11398] R2'[11527] F'[11624],false,true,1621,895,726,11624,8,8,9,11.02,PLL,U' S2' U S U2 S' U S2' U,U'[12284] S2'[12656] U[12656] S[12880] U2[13089] S'[13202] U[13355] S2'[13441] U[13441],false,true,1817,1032,785,13441,9,13,18,11.46,,,,,,,,,,,,,,,,,,,,,,,,,,
ba9d6593-64dc-4035-9352-4aa1235ee2ea,2025-08-02 13:35:13 UTC,false,27214,CFOP,Gan12uiM,Gan 12 UI Maglev,Gan 356i,RandomForest,false,false,32082,27214,,R'[0] U[178] L'[476] U[1290] R'[2232] U[4093] D'[6076] L'[6221] D[7840] D[8074] R'[8437] D[8679] R[8847] D[9033] B[9347] D[9500] B'[9605] D'[10507] R[10765] D'[10870] R'[11079] D'[11627] F'[11772] D[11877] F[11957] D[13239] R[13585] D'[14052] R'[14270] D[14527] F'[14809] R'[14914] B[15253] R[15631] F[15800] B'[15832] D'[17832] F[17944] D'[18058] F'[18162] R[18396] F'[18516] R'[18605] F[18686] D[19104] R[19693] F'[19822] R'[19910] F[19991] F[20160] F'[20257] R[20619] R'[20796] D[21071] F[21143] D'[21215] F'[21304] F'[22150] D'[22239] D'[22312] F[22416] F[22488] D[22617] F'[22714] F'[22794] D[22879] F[22968] F[23064] D'[23129] D'[23194] F'[23282] D'[24072] F[24434] D[24531] F'[24603] R'[24740] F[24853] D[24934] F'[25030] D'[25087] F'[25167] R[25232] F[25288] F[25344] D'[25401] F'[25473] D[25997] F[26231] D[26335] F'[26400] R'[26505] F[26601] D[26699] F'[26787] D'[26843] F'[26916] R[26988] F[27044] F[27101] D'[27157] F'[27214],,,gan12,custom_rules,B L' B' D B' R U' L2 F U2 R2 B2 L2 D' L2 U' D2 L2 B2 D F2 U2,random_state,custom_rules,,,,8,DB,0,0,27214,91,92,101,3.34,9275,17939,"",0,Cross,z2 L' D R' D L' D U' R',z2[0] L'[0] D[178] R'[476] D[1290] L'[2232] D[4093] U'[6076] R'[6221],false,true,6221,0,6221,6221,8,8,8,1.29,F2L Slot 1,U2 L' U L U B U B',U2[8074] L'[8437] U[8679] L[8847] U[9033] B[9347] U[9500] B'[9605],false,true,3384,2216,1168,9605,8,8,9,6.85,F2L Slot 2,U' L U' L' U' F' U F,U'[10507] L[10765] U'[10870] L'[11079] U'[11627] F'[11772] U[11877] F[11957],false,true,2352,1160,1192,11957,8,8,8,6.71,F2L Slot 3,U L U' L' U F' L' B L S' z,U[13239] L[13585] U'[14052] L'[14270] U[14527] F'[14809] L'[14914] B[15253] L[15631] S'[15832] z[16832],false,true,3875,1628,2247,15832,10,11,11,4.45,F2L Slot 4,U' F U' F' L F' L' F,U'[17832] F[17944] U'[18058] F'[18162] L[18396] F'[18516] L'[18605] F[18686],false,true,2854,2112,742,18686,8,8,8,10.78,OLL,U L F' L' F2 F' L L' U F U' F' F' U2' F2 U F2' U F2 U2' F',U[19104] L[19693] F'[19822] L'[19910] F2[20160] F'[20257] L[20619] L'[20796] U[21071] F[21143] U'[21215] F'[21304] F'[22150] U2'[22312] F2[22488] U[22617] F2'[22794] U[22879] F2[23064] U2'[23194] F'[23282],false,true,4596,1007,3589,23282,21,21,27,5.85,PLL,U' F U F' L' F U F' U' F' L F2 U' F' U F U F' L' F U F' U' F' L F2 U' F',U'[24072] F[24434] U[24531] F'[24603] L'[24740] F[24853] U[24934] F'[25030] U'[25087] F'[25167] L[25232] F2[25344] U'[25401] F'[25473] U[25997] F[26231] U[26335] F'[26400] L'[26505] F[26601] U[26699] F'[26787] U'[26843] F'[26916] L[26988] F2[27101] U'[27157] F'[27214],false,true,3932,1152,2780,27214,28,28,30,10.07,,,,,,,,,,,,,,,,,,,,,,,,,,
3f343be4-5ef0-4035-b49a-9c12837df8fd,2025-08-02 13:35:50 UTC,false,20535,CFOP,Gan12uiM,Gan 12 UI Maglev,Gan 356i,RandomForest,false,false,6588,20535,,U[0] R'[225] U'[370] U'[541] R'[693] F[749] L[1096] R'[1112] L[1209] R'[1225] D[1338] D[1475] L[1780] R'[1788] R'[1853] L[1856] R[2788] U'[2860] U'[2925] R'[3530] R[5448] U'[5521] R'[5633] U'[6262] B'[6609] U'[6778] B[7027] U[7270] F'[7656] U[7728] U[7842] F[7962] R'[8478] U'[8639] R[8720] U'[9993] U'[10412] R[10564] U[10692] R'[10805] F[12803] U'[12843] F'[12964] U[13013] L'[13424] U'[13496] U'[13609] L[13762] U'[13851] U'[13940] L'[14069] U[14117] L[14173] R[14785] B[14995] L'[15091] B[15221] L[15366] B'[15422] B'[15503] R'[15620] U[16160] R[16362] L'[16378] R[16652] L'[16676] R[17103] L'[17111] R[17192] L'[17194] U'[17194] L'[17594] U'[17731] B'[17909] L[19181] U[19303] L'[19383] U'[19456] L'[19584] B[19641] L[19729] L[19794] U'[19834] L'[19923] U'[20028] L[20149] U[20238] L'[20326] U[20398] L[20471] U[20535],,,gan12,custom_rules,F U2 B' U2 F R D F2 L F2 R2 F2 R2 U' D' B2 D L2 F2 R2 F2 D2,random_state,custom_rules,,,,8,UF,0,0,20535,69,72,91,3.36,7589,12946,"",0,Cross,U R' U2' R' F M2' U2 M2',U[0] R'[225] U2'[541] R'[693] F[749] M2'[1225] U2[1475] M2'[1856],false,true,1856,0,1856,1856,8,10,16,4.31,F2L Slot 1,R U2' R' R U' R' U' B' U' B,R[2788] U2'[2925] R'[3530] R[5448] U'[5521] R'[5633] U'[6262] B'[6609] U'[6778] B[7027],false,true,5171,932,4239,7027,10,10,11,2.36,F2L Slot 2,U F' U2 F R' U' R,U[7270] F'[7656] U2[7842] F[7962] R'[8478] U'[8639] R[8720],false,true,1693,629,1064,8720,7,7,8,6.58,F2L Slot 3,U2' R U R',U2'[10412] R[10564] U[10692] R'[10805],false,true,2085,1844,241,10805,4,4,5,16.6,F2L Slot 4,F U' F' U L' U2' L U2' L' U L,F[12803] U'[12843] F'[12964] U[13013] L'[13424] U2'[13609] L[13762] U2'[13940] L'[14069] U[14117] L[14173],false,true,3368,1998,1370,14173,11,11,13,8.03,OLL,R B L' B L B2' R',R[14785] B[14995] L'[15091] B[15221] L[15366] B2'[15503] R'[15620],false,true,1447,612,835,15620,7,7,8,8.38,PLL,U M4 U' L' U' B' L U L' U' L' B L2 U' L' U' L U L' U L U,U[16160] M4[17194] U'[17194] L'[17594] U'[17731] B'[17909] L[19181] U[19303] L'[19383] U'[19456] L'[19584] B[19641] L2[19794] U'[19834] L'[19923] U'[20028] L[20149] U[20238] L'[20326] U[20398] L[20471] U[20535],false,true,4915,1574,3341,20535,22,23,30,6.58,,,,,,,,,,,,,,,,,,,,,,,,,,
4e69f3de-272b-4474-8cfa-bf5ca1eb4e9e,2025-08-02 13:36:25 UTC,false,16618,CFOP,Gan12uiM,Gan 12 UI Maglev,Gan 356i,RandomForest,false,false,9731,16618,,D[0] F[266] L'[572] F'[1402] F'[1475] D[2305] R'[2748] B[2941] B[3022] R[3521] R[3892] R[4142] D'[4327] R'[4456] D'[5010] D'[5123] B[5462] R'[5566] B'[5687] R[5743] F[6412] D[6542] F'[6590] B[6864] R[7380] R[7476] B'[7694] D[8370] F[8516] D[8628] F'[8709] D[9160] F[9322] L[9474] B'[9563] L'[9725] B[9918] F'[9926] D'[10284] D'[10406] D'[11203] L[11638] D[11783] L'[11912] D[11976] F'[12452] D'[12589] F[12758] D'[13064] D'[13491] F'[13637] R[13709] F[13814] R'[13878] D[14063] F[14136] D'[14242] F'[14290] D'[14756] D'[15208] F'[15409] D'[15481] D[15715] D'[15981] R'[16198] D[16352] R[16489] F[16618],,,gan12,custom_rules,D' L B2 R' L2 F' R D B L2 F2 U F2 D2 R2 U' L2 F2 U2 B2 D,random_state,custom_rules,,,,8,DB,0,0,16618,57,59,68,3.43,4532,12086,"",2,Cross,z L F U' F2' L D' B2 D3 L' D' L2' B D' B' D F L S L2 B',z[0] L[0] F[266] U'[572] F2'[1475] L[2305] D'[2748] B2[3022] D3[4142] L'[4327] D'[4456] L2'[5123] B[5462] D'[5566] B'[5687] D[5743] F[6412] L[6542] S[6864] L2[7476] B'[7694],false,true,7694,0,7694,7694,20,21,27,2.6,F2L Slot 1,,"",true,false,0,0,0,7694,0,0,0,0,F2L Slot 2,U F U F' U F R B' R' S z',U[8370] F[8516] U[8628] F'[8709] U[9160] F[9322] R[9474] B'[9563] R'[9725] S[9926] z'[10105],false,true,2232,822,1410,9926,10,11,11,7.09,F2L Slot 3,U2' U' R U R' U F' U' F,U2'[10406] U'[11203] R[11638] U[11783] R'[11912] U[11976] F'[12452] U'[12589] F[12758],false,true,2832,1712,1120,12758,9,9,10,8.04,F2L Slot 4,U2' F' L F L' U F U' F',U2'[13491] F'[13637] L[13709] F[13814] L'[13878] U[14063] F[14136] U'[14242] F'[14290],false,true,1532,879,653,14290,9,9,10,13.78,OLL,U2' F' U' U U' L' U L F,U2'[15208] F'[15409] U'[15481] U[15715] U'[15981] L'[16198] U[16352] L[16489] F[16618],false,true,2328,1119,1209,16618,9,9,10,7.44,PLL,,"",true,false,0,0,0,16618,0,0,0,0,,,,,,,,,,,,,,,,,,,,,,,,,,
cf87947c-2d15-4c46-83e8-332639600d7a,2025-08-02 13:37:06 UTC,false,17475,CFOP,Gan12uiM,Gan 12 UI Maglev,Gan 356i,RandomForest,false,false,9655,17475,,D'[0] U[24] B[194] R'[766] B'[1040] B'[1120] L'[2208] F[2248] L[2313] L[3102] D'[3167] L'[3264] B'[3836] D'[3916] B[4013] D'[4344] F'[4601] D[4964] F[5077] D'[5209] L[5508] D[5636] L'[5733] D[6386] D'[6861] F[6974] D[7071] F'[7167] F'[7256] R[7312] F[7401] R'[7449] D[8039] D[8159] B[8771] D'[9093] B'[9351] D'[9892] D'[10044] F'[10343] D'[10408] D'[10488] F[10593] F[10690] D[10770] F'[10875] F'[10940] D[11020] F[11085] B[11713] R[11874] F'[11987] R[12052] F[12148] R'[12205] R'[12277] B'[12390] D[13325] D[13583] D'[13881] D[14703] F'[14832] F'[14896] D'[15025] F[15154] D'[15251] F[15348] D[15460] F'[15557] D[15597] F[15686] U'[15912] U[16057] F[16323] U'[16492] D[16597] F[16742] D'[16830] F'[16903] U[17064] D[17394] D[17475],,,gan12,custom_rules,F' R F' D' L F2 D' B R' U R2 U2 R2 L2 U B2 D F2 R2 D B2 D2,random_state,custom_rules,,,,8,DB,0,0,17475,69,71,82,3.95,6744,10707,"",0,Cross,z2 E' R B' R2' F' L F,z2[12] E'[24] R[194] B'[766] R2'[1120] F'[2208] L[2248] F[2313],false,true,2289,0,2289,2313,7,8,9,3.06,F2L Slot 1,F U' F' R' U' R,F[3102] U'[3167] F'[3264] R'[3836] U'[3916] R[4013],false,true,1700,789,911,4013,6,6,6,6.59,F2L Slot 2,U' L' U L U' F U F',U'[4344] L'[4601] U[4964] L[5077] U'[5209] F[5508] U[5636] F'[5733],false,true,1720,588,1132,5733,8,8,8,7.07,F2L Slot 3,U U' L U L2' B L B' U2 R U' R',U[6386] U'[6861] L[6974] U[7071] L2'[7256] B[7312] L[7401] B'[7449] U2[8159] R[8771] U'[9093] R'[9351],false,true,3618,1241,2377,9351,12,12,14,5.05,F2L Slot 4,U2' L' U2' L2 U L2' U L,U2'[10044] L'[10343] U2'[10488] L2[10690] U[10770] L2'[10940] U[11020] L[11085],false,true,1734,992,742,11085,8,8,12,10.78,OLL,R B L' B L B2' R',R[11713] B[11874] L'[11987] B[12052] L[12148] B2'[12277] R'[12390],false,true,1305,628,677,12390,7,7,8,10.34,PLL,U2 U' U L2' U' L U' L U L' U L D' D L E F U' F' D U2,U2[13583] U'[13881] U[14703] L2'[14896] U'[15025] L[15154] U'[15251] L[15348] U[15460] L'[15557] U[15597] L[15686] D'[15912] D[16057] L[16323] E[16597] F[16742] U'[16830] F'[16903] D[17064] U2[17475],false,true,5085,2506,2579,17475,21,22,25,8.14,,,,,,,,,,,,,,,,,,,,,,,,,,
c2b2e3ee-2119-4e2e-8764-f04fbc0099d9,2025-08-02 13:37:56 UTC,false,14325,CFOP,Gan12uiM,Gan 12 UI Maglev,Gan 356i,RandomForest,false,false,27583,14325,,U[0] F[105] B'[419] L[645] U[1000] U[1088] D[1330] D[1821] B[1926] D'[2023] D'[2111] B'[2256] D'[2385] D'[2555] R[2949] D[3086] R'[3167] D[3771] D'[4021] B[4601] D[4730] D[4827] B'[5003] D[5068] B[5221] D'[5294] B'[5398] D'[6164] D'[6558] L[6896] D[6993] L'[7122] D[7171] L[7243] D'[7291] L'[7364] D'[7783] F[7944] D[8040] F'[8315] D[8387] R'[8838] D'[8967] R[9040] D[9773] D[9958] B[10297] D[10530] R[10627] D'[10699] R'[10812] R'[10877] B'[10941] R[11046] D[11150] R[11207] D'[11272] R'[11320] D[12367] B[12649] R[12762] D'[12810] R'[12923] D'[13020] R[13149] D[13221] R'[13334] B'[13399] R[13527] D[13600] R'[13656] D'[13753] R'[13890] B[13938] R[14043] B'[14083] D[14236] D[14325],,,gan12,custom_rules,R L2 D L' B R2 U D' B U B D R2 L2 D F2 U D R2 U' B2,random_state,custom_rules,,,,8,DB,0,0,14325,69,69,78,4.82,6936,7389,"",0,Cross,z2 D F B' R D2,z2[0] D[0] F[105] B'[419] R[645] D2[1088],false,true,1088,0,1088,1088,5,5,6,4.6,F2L Slot 1,U2 B U2' B' U2' L U L',U2[1821] B[1926] U2'[2111] B'[2256] U2'[2555] L[2949] U[3086] L'[3167],false,true,2079,838,1241,3167,8,8,11,6.45,F2L Slot 2,U U' B U2 B' U B U' B',U[3771] U'[4021] B[4601] U2[4827] B'[5003] U[5068] B[5221] U'[5294] B'[5398],false,true,2231,1434,797,5398,9,9,10,11.29,F2L Slot 3,U2' R U R' U R U' R',U2'[6558] R[6896] U[6993] R'[7122] U[7171] R[7243] U'[7291] R'[7364],false,true,1966,1498,468,7364,8,8,9,17.09,F2L Slot 4,U' F U F' U L' U' L,U'[7783] F[7944] U[8040] F'[8315] U[8387] L'[8838] U'[8967] L[9040],false,true,1676,580,1096,9040,8,8,8,7.3,OLL,U2 B U L U' L2' B' L U L U' L',U2[9958] B[10297] U[10530] L[10627] U'[10699] L2'[10877] B'[10941] L[11046] U[11150] L[11207] U'[11272] L'[11320],false,true,2280,1257,1023,11320,12,12,14,11.73,PLL,U B L U' L' U' L U L' B' L U L' U' L' B L B' U2,U[12367] B[12649] L[12762] U'[12810] L'[12923] U'[13020] L[13149] U[13221] L'[13334] B'[13399] L[13527] U[13600] L'[13656] U'[13753] L'[13890] B[13938] L[14043] B'[14083] U2[14325],false,true,3005,1329,1676,14325,19,19,20,11.34,,,,,,,,,,,,,,,,,,,,,,,,,,
a280ba60-6efd-4e40-9a87-28c266485e80,2025-08-02 13:38:30 UTC,false,16977,CFOP,Gan12uiM,Gan 12 UI Maglev,Gan 356i,RandomForest,false,false,4759,16977,,F'[0] B'[290] R'[540] B[1233] D[1966] B[2409] L'[2675] L'[2740] U'[3271] D'[3593] R[3827] D'[3891] D'[3964] R'[4077] L[4342] D'[4487] L'[4665] D'[6476] R'[6758] R'[6839] B[6903] R[6984] B'[7048] R[7129] D'[7782] D[8418] B[8837] D[8909] B'[9063] B'[9151] D'[9264] B[9385] D[10102] B[10271] D'[10351] B'[10440] D'[10529] B[10634] D'[10682] B'[10771] D[10819] B[10883] D'[10947] B'[10996] B'[12006] L'[12127] F[12256] L'[12336] F'[12489] L[12586] F[12707] L'[12772] B'[12909] B[13223] F'[13489] L[13642] L[13883] B[14004] D'[14794] L[14939] B[15100] D'[15196] B'[15309] D'[15446] B[15575] D[15639] B'[15768] L'[15865] B[16043] D[16195] B'[16252] D'[16357] B'[16509] L[16566] B[16687] L'[16727] D[16856] D[16977],,,gan12,custom_rules,U D' B2 R U2 D2 B' L F' U' R2 F2 U R2 D' B2 D F2 L2 U' B2 D,random_state,custom_rules,,,,8,DB,0,0,16977,70,72,78,4.12,7269,9708,"",0,Cross,z2 F' B' L' B U B R2' D',z2[0] F'[0] B'[290] L'[540] B[1233] U[1966] B[2409] R2'[2740] D'[3271],false,true,3271,0,3271,3271,8,8,9,2.45,F2L Slot 1,U' L U2' M F' R' x,U'[3593] L[3827] U2'[3964] M[4342] F'[4487] R'[4665] x[5570],false,true,1394,556,838,4665,6,7,8,7.16,F2L Slot 2,U' L2' B L B' L,U'[6476] L2'[6839] B[6903] L[6984] B'[7048] L[7129],false,true,2464,2174,290,7129,6,6,7,20.69,F2L Slot 3,U' U B U B2' U' B,U'[7782] U[8418] B[8837] U[8909] B2'[9151] U'[9264] B[9385],false,true,2256,1708,548,9385,7,7,8,12.77,F2L Slot 4,U B U' B' U' B U' B' U B U' B',U[10102] B[10271] U'[10351] B'[10440] U'[10529] B[10634] U'[10682] B'[10771] U[10819] B[10883] U'[10947] B'[10996],false,true,1611,886,725,10996,12,12,12,16.55,OLL,B' R' F R' F' R F R' B' S D2 B z',B'[12006] R'[12127] F[12256] R'[12336] F'[12489] R[12586] F[12707] R'[12772] B'[12909] S[13489] D2[13883] B[14004] z'[14399],false,true,3008,1010,1998,14004,12,13,14,6.01,PLL,U' R B U' B' U' B U B' R' B U B' U' B' R B R' U2,U'[14794] R[14939] B[15100] U'[15196] B'[15309] U'[15446] B[15575] U[15639] B'[15768] R'[15865] B[16043] U[16195] B'[16252] U'[16357] B'[16509] R[16566] B[16687] R'[16727] U2[16977],false,true,2973,935,2038,16977,19,19,20,9.32,,,,,,,,,,,,,,,,,,,,,,,,,,
e4455cda-1195-49c0-a501-05b3ef9ecf71,2025-08-02 13:39:02 UTC,false,18028,CFOP,Gan12uiM,Gan 12 UI Maglev,Gan 356i,RandomForest,false,false,4748,18028,,L[0] L[48] B[129] R[410] R[483] U'[902] R[1756] F'[3593] R[3794] F[3907] D[6148] R[6591] D[6688] R'[6825] D[6913] R[7026] D'[7083] R'[7155] D[7985] D'[8436] B[8814] D'[8920] B'[9032] D'[9226] L[9499] D'[9612] L'[9750] D[10804] D[10950] L'[11163] D'[11308] D'[11606] L[11727] D'[11791] L'[11904] D[11952] L[12041] D[12871] F[13048] D'[13129] F'[13217] R[13386] F'[13499] R'[13596] F[13669] D'[14393] D'[14563] L[14821] D'[14949] R'[15328] D[15457] B[15610] D[15650] B'[15779] D'[15900] R[16021] L'[16029] D[16737] F'[17019] B[17020] F'[17020] B[17022] U'[17022] F[17430] B'[17502] R[17599] R[17663] F'[17784] B[17786] U'[17786] F'[18026] B[18027] F'[18027] B[18028] D[18028],,,gan12,custom_rules,L B2 L U2 D' L' F U L2 D2 F U' B2 L2 U' F2 R2 U2 D F2 U B2,random_state,custom_rules,,,,8,DB,0,0,18028,60,65,75,3.33,8908,9072,"",0,Cross,z2 R2 B L2 D' L F' L F,z2[24] R2[48] B[129] L2[483] D'[902] L[1756] F'[3593] L[3794] F[3907],false,true,3859,0,3859,3907,8,8,10,2.07,F2L Slot 1,U L U L' U L U' L',U[6148] L[6591] U[6688] L'[6825] U[6913] L[7026] U'[7083] L'[7155],false,true,3248,2684,564,7155,8,8,8,14.18,F2L Slot 2,U U' B U' B' U' R U' R',U[7985] U'[8436] B[8814] U'[8920] B'[9032] U'[9226] R[9499] U'[9612] R'[9750],false,true,2595,1659,936,9750,9,9,9,9.62,F2L Slot 3,U2 R' U2' R U' R' U R,U2[10950] R'[11163] U2'[11606] R[11727] U'[11791] R'[11904] U[11952] R[12041],false,true,2291,1413,878,12041,8,8,10,9.11,F2L Slot 4,U F U' F' L F' L' F,U[12871] F[13048] U'[13129] F'[13217] L[13386] F'[13499] L'[13596] F[13669],false,true,1628,1007,621,13669,8,8,8,12.88,OLL,U2' R U' L' U B U B' U' M' x',U2'[14563] R[14821] U'[14949] L'[15328] U[15457] B[15610] U[15650] B'[15779] U'[15900] M'[16029] x'[16383],false,true,2360,1152,1208,16029,10,11,12,8.28,PLL,U S2 U' S' U2 S U' S2 U,U[16737] S2[17022] U'[17022] S'[17502] U2[17663] S[17786] U'[17786] S2[18028] U[18028],false,true,1999,993,1006,18028,9,13,18,8.95,,,,,,,,,,,,,,,,,,,,,,,,,,
3c5179bd-ca65-443f-b7b1-20f060d9f0ff,2025-08-02 13:39:54 UTC,false,15288,CFOP,Gan12uiM,Gan 12 UI Maglev,Gan 356i,RandomForest,false,false,26594,15288,,L[0] L[73] B'[540] D'[846] B[1007] D'[1273] L[1498] U[2006] U[2570] F'[3037] U'[3231] F[3376] U[3505] L[3899] U[4004] L'[4101] L'[4761] U'[5095] L[5256] U[5579] F'[6159] U'[6497] F[6594] F[6691] U[6771] F'[6916] B[7722] U'[7819] B'[7923] U[8084] U[8253] U[8544] F'[8761] U'[8850] F[9011] U'[9083] F'[9180] U[9245] F[9341] U'[10018] B[10183] U[10255] B'[10368] B'[10448] R[10505] B[10634] R'[10698] B[10827] U'[10972] B'[11037] U[11633] B[12309] U[12382] B'[12487] U[12592] B[12672] U[12801] B'[12898] R'[13010] B[13075] U[13147] B'[13252] U'[13301] B'[13373] R[13446] B[13510] B[13567] U'[13631] B'[13728] U[13776] U[14243] B[14348] U'[14421] B'[15288],,,gan12,custom_rules,L U L F' D2 B' R2 D2 L U' L2 B2 U D2 F2 L2 U F2 B2 U R2,random_state,custom_rules,,,,8,UF,0,0,15288,65,65,74,4.25,5119,10096,"",1,Cross,L2 B' D' B D' L,L2[73] B'[540] D'[846] B[1007] D'[1273] L[1498],false,true,1425,0,1425,1498,6,6,7,4.21,F2L Slot 1,U2 F' U' F U L U L',U2[2570] F'[3037] U'[3231] F[3376] U[3505] L[3899] U[4004] L'[4101],false,true,2603,1539,1064,4101,8,8,9,7.52,F2L Slot 2,L' U' L U F' U' F2 U F',L'[4761] U'[5095] L[5256] U[5579] F'[6159] U'[6497] F2[6691] U[6771] F'[6916],false,true,2815,660,2155,6916,9,9,10,4.18,F2L Slot 3,B U' B' U3 F' U' F U' F' U F,B[7722] U'[7819] B'[7923] U3[8544] F'[8761] U'[8850] F[9011] U'[9083] F'[9180] U[9245] F[9341],false,true,2425,806,1619,9341,11,11,13,6.79,F2L Slot 4,U' B U B2' R B R' B U' B',U'[10018] B[10183] U[10255] B2'[10448] R[10505] B[10634] R'[10698] B[10827] U'[10972] B'[11037],false,true,1696,842,854,11037,10,10,11,11.71,OLL,,"",true,false,0,0,0,11037,0,0,0,0,PLL,U B U B' U B U B' R' B U B' U' B' R B2 U' B' U2 B U' B',U[11633] B[12309] U[12382] B'[12487] U[12592] B[12672] U[12801] B'[12898] R'[13010] B[13075] U[13147] B'[13252] U'[13301] B'[13373] R[13446] B2[13567] U'[13631] B'[13728] U2[14243] B[14348] U'[14421] B'[15288],false,true,4251,1272,2979,15288,22,22,24,7.39,,,,,,,,,,,,,,,,,,,,,,,,,,
3240b67b-5fd7-42d4-825b-f8bdaff228cd,2025-08-02 13:40:34 UTC,false,18354,CFOP,Gan12uiM,Gan 12 UI Maglev,Gan 356i,RandomForest,false,false,12549,18354,,U[0] B'[145] U[604] U[774] R'[1426] L[1918] U[3868] U[3940] F'[4190] U[4488] U[4553] D'[5507] D'[5910] F'[6063] R[6152] F[6256] R'[6305] D[6595] D[6684] F[6837] D[6974] F'[7062] D[7449] B'[7634] D[7707] B[7844] D'[7941] D'[8045] B'[8102] D[8174] B[8271] D'[9165] D'[9633] B[9923] D[10044] B'[10164] D[10205] B[10270] D'[10326] B'[10382] B[11498] D'[11554] B'[11635] D[11731] B[11828] D'[11925] B'[12030] D[12126] B[12183] D'[12271] B'[12618] D'[13287] F'[13617] D'[13713] F[13834] D'[13907] F'[14004] D[14076] F[14189] D[14608] D[14971] D'[15341] B'[15510] L[15591] L[15704] F[15905] L[15978] F'[16099] L[16219] B[16340] D[16823] D[17146] F[17307] B'[17308] F[17308] B'[17309] U[17309] B[17637] F'[17653] L[17782] L[17879] F[17992] B'[17994] U[17994] F[17994] B'[18226] F[18290] B'[18298] D[18354],,,gan12,custom_rules,B2 D' R' F U L2 B' U B2 L D' B2 U F2 R2 F2 D2 F2 D2 B2 L2,random_state,custom_rules,,,,8,DB,0,0,18354,70,74,89,3.81,7023,11331,"",0,Cross,z2 D B' D2 L' R D2 F' D2,z2[0] D[0] B'[145] D2[774] L'[1426] R[1918] D2[3940] F'[4190] D2[4553],false,true,4553,0,4553,4553,8,8,11,1.76,F2L Slot 1,U2' F' L F L' U2 F U F',U2'[5910] F'[6063] L[6152] F[6256] L'[6305] U2[6684] F[6837] U[6974] F'[7062],false,true,2509,1510,999,7062,9,9,11,9.01,F2L Slot 2,U B' U B U2' B' U B,U[7449] B'[7634] U[7707] B[7844] U2'[8045] B'[8102] U[8174] B[8271],false,true,1209,572,637,8271,8,8,9,12.56,F2L Slot 3,U2' B U B' U B U' B' B U' B' U B U' B' U B U' B',U2'[9633] B[9923] U[10044] B'[10164] U[10205] B[10270] U'[10326] B'[10382] B[11498] U'[11554] B'[11635] U[11731] B[11828] U'[11925] B'[12030] U[12126] B[12183] U'[12271] B'[12618],false,true,4347,1652,2695,12618,19,19,20,7.05,F2L Slot 4,U' F' U' F U' F' U F,U'[13287] F'[13617] U'[13713] F[13834] U'[13907] F'[14004] U[14076] F[14189],false,true,1571,999,572,14189,8,8,8,13.99,OLL,U2 U' B' R2 F R F' R B,U2[14971] U'[15341] B'[15510] R2[15704] F[15905] R[15978] F'[16099] R[16219] B[16340],false,true,2151,1321,830,16340,9,9,11,10.84,PLL,U2 S2' U S U2 S' U S2' U,U2[17146] S2'[17309] U[17309] S[17653] U2[17879] S'[17994] U[17994] S2'[18298] U[18354],false,true,2014,969,1045,18354,9,13,19,8.61,,,,,,,,,,,,,,,,,,,,,,,,,,
bf2c2746-927f-4e42-9d40-7b03d839bcc6,2025-08-02 13:41:04 UTC,false,14023,CFOP,Gan12uiM,Gan 12 UI Maglev,Gan 356i,RandomForest,false,false,6270,14023,,D'[0] R'[169] D[322] B[515] D[1071] F[1225] F[1305] L'[1893] U[2079] B'[2215] U'[2457] F'[2780] D'[2925] F[3053] D'[3183] B[3448] D'[3722] B'[3844] D'[4004] L[4536] D'[4649] L'[4762] L'[4899] D'[5014] L[5167] R'[5538] R[6005] D'[6086] F[6359] D[6496] F'[6609] D[7181] D[7278] L'[7495] D[7544] D[7616] L[7753] D'[7914] B[8188] D[8333] B'[8502] D[9397] R[9526] R'[9606] R'[9735] B[9800] R[9888] B'[9929] R[10032] D[10129] R'[10225] D'[11128] D'[11264] R[11506] D[11587] R'[11684] D[11756] R[11820] D'[11885] D'[11949] R'[12022] D'[12707] R'[12956] L[12958] L[12958] R'[13046] U[13255] R[13328] L'[13352] B[13496] B[13593] L[13706] R'[13714] U[13835] L[13939] R'[13947] R'[14020] L[14023],,,gan12,custom_rules,L2 D2 F2 R' U' L D' B' D' R2 F U' B2 R2 D R2 U' L2 F2 R2,random_state,custom_rules,,,,8,DB,0,0,14023,62,66,78,4.42,4675,9348,"",0,Cross,z2 U' L' U B U F2 R' D B' D',z2[0] U'[0] L'[169] U[322] B[515] U[1071] F2[1305] R'[1893] D[2079] B'[2215] D'[2457],false,true,2457,0,2457,2457,10,10,11,4.07,F2L Slot 1,F' U' F U' B U' B' U' R U' R',F'[2780] U'[2925] F[3053] U'[3183] B[3448] U'[3722] B'[3844] U'[4004] R[4536] U'[4649] R'[4762],false,true,2305,323,1982,4762,11,11,11,5.55,F2L Slot 2,R' U' R L' L U' F U F',R'[4899] U'[5014] R[5167] L'[5538] L[6005] U'[6086] F[6359] U[6496] F'[6609],false,true,1847,137,1710,6609,9,9,9,5.26,F2L Slot 3,U2 R' U2 R U' B U B',U2[7278] R'[7495] U2[7616] R[7753] U'[7914] B[8188] U[8333] B'[8502],false,true,1893,886,1007,8502,8,8,10,7.94,F2L Slot 4,U L L2' B L B' L U L',U[9397] L[9526] L2'[9735] B[9800] L[9888] B'[9929] L[10032] U[10129] L'[10225],false,true,1723,1024,699,10225,9,9,10,12.88,OLL,U2' L U L' U L U2' L',U2'[11264] L[11506] U[11587] L'[11684] U[11756] L[11820] U2'[11949] L'[12022],false,true,1797,1281,516,12022,8,8,10,15.5,PLL,U' M2 U M' U2 M U M2,U'[12707] M2[13046] U[13255] M'[13352] U2[13593] M[13714] U[13835] M2[14023],false,true,2001,1024,977,14023,8,12,17,8.19,,,,,,,,,,,,,,,,,,,,,,,,,,
dfb417dc-d41d-4336-8f65-3c40debd595e,2025-08-02 13:41:47 UTC,false,15399,CFOP,Gan12uiM,Gan 12 UI Maglev,Gan 356i,RandomForest,false,false,15261,15399,,F'[0] L'[298] B'[451] F[1007] F[1072] U[1459] F[2369] D[2426] F'[2490] D[2724] R[3296] D'[3392] R'[3529] D[3763] F[4383] D'[4649] F[4810] L'[5437] D[5582] L[5662] L[5985] L'[6460] D[6888] F[7065] D'[7178] L'[7621] F'[7749] L[7983] D[8757] D'[9611] D[9691] D[10127] L'[10408] D'[10500] L[10621] D'[10757] D'[10871] L'[10999] D[11040] L[11112] D'[11620] R[11829] F[12015] L'[12120] F[12192] L[12265] F'[12313] F'[12385] R'[12482] D'[13264] D'[13634] F[13803] L[13941] D'[13981] L'[14069] D'[14166] L[14271] D[14343] L'[14440] F'[14504] L[14609] D[14714] L'[14746] D'[14827] L'[14996] F[15036] L[15141] F'[15189] D[15326] D[15399],,,gan12,custom_rules,D F2 U' L' F B' R D B2 R B2 L2 U' R2 B2 U' R2 D' R2 B2 D' B2,random_state,custom_rules,,,,8,DB,0,0,15399,63,63,70,4.09,5090,10309,"",2,Cross,z2 F' R' B' F2 D F U F' U L U' L' U F U' F,z2[0] F'[0] R'[298] B'[451] F2[1072] D[1459] F[2369] U[2426] F'[2490] U[2724] L[3296] U'[3392] L'[3529] U[3763] F[4383] U'[4649] F[4810],false,true,4810,0,4810,4810,16,16,17,3.33,F2L Slot 1,,"",true,false,0,0,0,4810,0,0,0,0,F2L Slot 2,R' U R2 R' U F U' R' F' R,R'[5437] U[5582] R2[5985] R'[6460] U[6888] F[7065] U'[7178] R'[7621] F'[7749] R[7983],false,true,3173,627,2546,7983,10,10,11,3.93,F2L Slot 3,,"",true,false,0,0,0,7983,0,0,0,0,F2L Slot 4,U U' U2 R' U' R U2' R' U R,U[8757] U'[9611] U2[10127] R'[10408] U'[10500] R[10621] U2'[10871] R'[10999] U[11040] R[11112],false,true,3129,2425,704,11112,10,10,12,14.2,OLL,U' L F R' F R F2' L',U'[11620] L[11829] F[12015] R'[12120] F[12192] R[12265] F2'[12385] L'[12482],false,true,1370,717,653,12482,8,8,9,12.25,PLL,U2' F R U' R' U' R U R' F' R U R' U' R' F R F' U2,U2'[13634] F[13803] R[13941] U'[13981] R'[14069] U'[14166] R[14271] U[14343] R'[14440] F'[14504] R[14609] U[14714] R'[14746] U'[14827] R'[14996] F[15036] R[15141] F'[15189] U2[15399],false,true,2917,1321,1596,15399,19,19,21,11.9,,,,,,,,,,,,,,,,,,,,,,,,,,
5d8f945a-0288-4e39-b8d3-6fbd4e16140b,2025-08-02 13:42:22 UTC,false,17696,CFOP,Gan12uiM,Gan 12 UI Maglev,Gan 356i,RandomForest,false,false,6380,17696,,R[0] U[137] L[395] B[629] D'[1024] R[1161] R[1225] R'[2160] D[2337] R[2425] R[3118] D'[3199] R'[3312] D'[3368] R[3473] D'[3529] R'[3618] L[3908] D[3996] D[4158] L'[4335] L'[4544] D[4665] L[4818] R[5035] D'[5115] D'[5204] R'[5454] R'[5559] D'[5728] R[5816] D[7234] B'[7589] D'[7653] D'[7742] B[7888] B[8057] D'[8234] D[8354] B'[8484] D'[8685] B[8838] B'[9217] B'[9660] D[9765] B[10124] D'[10624] D'[10825] B[10954] D[11059] B'[11140] D'[11252] B[11317] D[11430] B'[11479] D'[12002] L[12598] B[12767] D[12896] B'[12985] D'[13089] B'[13251] L'[13372] F[13525] L[13670] B[13791] L'[13831] F'[13944] D'[14999] D[15223] B'[15440] B'[15496] D'[15577] B[15714] D'[15795] B[15916] D[16012] B'[16101] D[16173] B[16311] B[16898] U'[17052] D[17132] B[17245] D'[17350] B'[17431] U[17664] D'[17696],,,gan12,custom_rules,U B L' B L2 U F' R' B2 L' B' R2 D' F2 D2 B2 U' B2 L2 U' L2 F2,random_state,custom_rules,,,,8,DB,0,0,17696,74,77,88,4.18,6418,11278,"",0,Cross,z2 L D R B U' L2,z2[0] L[0] D[137] R[395] B[629] U'[1024] L2[1225],false,true,1225,0,1225,1225,6,6,7,4.9,F2L Slot 1,L' U L2 U' L' U' L U' M F2 R' x,L'[2160] U[2337] L2[3118] U'[3199] L'[3312] U'[3368] L[3473] U'[3529] M[3908] F2[4158] R'[4335] x[4439],false,true,3110,935,2175,4335,11,12,14,5.06,F2L Slot 2,R' U R L U2' L2' U' L,R'[4544] U[4665] R[4818] L[5035] U2'[5204] L2'[5559] U'[5728] L[5816],false,true,1481,209,1272,5816,8,8,10,6.29,F2L Slot 3,U B' U2' B2 U' U B' U' B B2' U B,U[7234] B'[7589] U2'[7742] B2[8057] U'[8234] U[8354] B'[8484] U'[8685] B[8838] B2'[9660] U[9765] B[10124],false,true,4308,1773,2535,10124,12,12,15,4.73,F2L Slot 4,U2' B U B' U' B U B',U2'[10825] B[10954] U[11059] B'[11140] U'[11252] B[11317] U[11430] B'[11479],false,true,1355,830,525,11479,8,8,9,15.24,OLL,U' R B U B' U' B' R' F R B R' F',U'[12002] R[12598] B[12767] U[12896] B'[12985] U'[13089] B'[13251] R'[13372] F[13525] R[13670] B[13791] R'[13831] F'[13944],false,true,2465,1119,1346,13944,13,13,13,9.66,PLL,U' U B2' U' B U' B U B' U B2 E L U' L' E',U'[14999] U[15223] B2'[15496] U'[15577] B[15714] U'[15795] B[15916] U[16012] B'[16101] U[16173] B2[16898] E[17132] L[17245] U'[17350] L'[17431] E'[17696],false,true,3752,1552,2200,17696,16,18,20,7.27,,,,,,,,,,,,,,,,,,,,,,,,,,
c04376eb-7191-4f95-add1-ef66828d1e94,2025-08-02 13:43:03 UTC,false,14668,CFOP,Gan12uiM,Gan 12 UI Maglev,Gan 356i,RandomForest,false,false,15303,14668,,R[0] R[89] D[467] B'[717] B'[773] R[1603] D[1885] F[2119] F[2248] D'[3183] R'[3553] D[3642] D[3771] R[3851] D[3988] F'[4351] D[4432] F[4536] D'[4778] D'[4941] F[5198] D[5803] F'[5907] D[5980] R'[6319] D'[6415] R[6496] D[6689] L'[7020] D'[7245] L[7600] D'[7672] D'[7801] L'[7906] D[7946] L[8043] D[8817] L[9042] R'[9195] R'[9252] B'[9349] R[9413] B'[9558] R'[9639] B[9687] R[9832] R'[9986] B[10083] R[10195] B'[10268] R[10687] L'[11074] D[12049] D[12395] R[12516] R[12613] D[12726] R'[12855] D[12903] R'[12976] D'[13290] R[13419] D'[13725] R[13878] R[13958] U[14072] D'[14074] R'[14074] D[14074] R[14314] U'[14458] D[14579] D[14668],,,gan12,custom_rules,U2 B2 D R2 L U' F2 L B' U2 B2 U F2 L2 U' F2 B2 U2 R2 B2 U2 R2,random_state,custom_rules,,,,8,DB,0,0,14668,61,64,73,4.16,5182,9397,"",1,Cross,z2 L2 U B2' L U F2,z2[44] L2[89] U[467] B2'[773] L[1603] U[1885] F2[2248],false,true,2159,0,2159,2248,6,6,9,2.78,F2L Slot 1,,"",true,false,0,0,0,2248,0,0,0,0,F2L Slot 2,U' L' U2 L U F' U F,U'[3183] L'[3553] U2[3771] L[3851] U[3988] F'[4351] U[4432] F[4536],false,true,2288,1305,983,4536,8,8,9,8.14,F2L Slot 3,U2' F U F' U L' U' L,U2'[4941] F[5198] U[5803] F'[5907] U[5980] L'[6319] U'[6415] L[6496],false,true,1960,662,1298,6496,8,8,9,6.16,F2L Slot 4,U R' U' R U2' R' U R,U[6689] R'[7020] U'[7245] R[7600] U2'[7801] R'[7906] U[7946] R[8043],false,true,1547,524,1023,8043,8,8,9,7.82,OLL,U M L' U' L U' L' U L L' U L U' L R' x,U[8817] M[9195] L'[9252] U'[9349] L[9413] U'[9558] L'[9639] U[9687] L[9832] L'[9986] U[10083] L[10195] U'[10268] L[10687] R'[11074] x[11561],false,true,3031,1152,1879,11074,15,16,16,7.98,PLL,U2 L2 U L' U L' U' L U' L2 E' B' U B E U,U2[12395] L2[12613] U[12726] L'[12855] U[12903] L'[12976] U'[13290] L[13419] U'[13725] L2[13958] E'[14074] B'[14074] U[14074] B[14314] E[14579] U[14668],false,true,3594,1539,2055,14668,16,18,21,7.79,,,,,,,,,,,,,,,,,,,,,,,,,,
41897405-73b9-4db0-b75d-cd799c3fc2e1,2025-08-02 13:43:35 UTC,false,13495,CFOP,Gan12uiM,Gan 12 UI Maglev,Gan 356i,RandomForest,false,false,11113,13495,,U[0] U[57] L'[331] U[460] D'[1008] F'[1144] R[1201] F[1290] F[1499] D[1652] F'[1717] D'[2192] F[2426] D'[2490] D'[2587] F'[2683] D'[2990] F[3103] D[3224] F'[3312] D'[4359] R[4521] D[4618] R'[4746] R'[4819] B[4875] R[4963] B'[5012] R[5108] D'[5253] R'[5334] B[6535] D'[6607] B'[6671] L[7436] D'[7501] L'[7638] D[7686] F'[8113] D[8282] F[8484] D[8838] F[9217] D[9330] F'[9418] D[9499] F[9588] D'[9652] F'[9757] D'[9862] F'[10015] R[10071] F[10167] R'[10216] D[10796] D[10908] F[11327] F'[11440] D'[11601] F'[11779] D[11835] D[11996] F'[12157] U'[12270] F[12375] D'[12439] F'[12560] U[12609] F[12794] D[12874] F[13020] D'[13076] F'[13156] D'[13293] F[13358] D'[13495],,,gan12,custom_rules,F L' U2 L' B U' L2 F' U2 L' F2 L2 U2 F2 U' B2 L2 U F2 R2 U,random_state,custom_rules,,,,8,DB,0,0,13495,70,70,76,5.19,5228,8210,"",0,Cross,z2 D2 R' D U' F' L F,z2[28] D2[57] R'[331] D[460] U'[1008] F'[1144] L[1201] F[1290],false,true,1233,0,1233,1290,7,7,8,5.68,F2L Slot 1,F U F' U' F U2' F' U' F U F',F[1499] U[1652] F'[1717] U'[2192] F[2426] U2'[2587] F'[2683] U'[2990] F[3103] U[3224] F'[3312],false,true,2022,209,1813,3312,11,11,12,6.07,F2L Slot 2,U' L U L2' B L B' L U' L',U'[4359] L[4521] U[4618] L2'[4819] B[4875] L[4963] B'[5012] L[5108] U'[5253] L'[5334],false,true,2022,1209,813,5334,10,10,11,12.3,F2L Slot 3,B U' B',B[6535] U'[6607] B'[6671],false,true,1337,1201,136,6671,3,3,3,22.06,F2L Slot 4,R U' R' U F' U F,R[7436] U'[7501] R'[7638] U[7686] F'[8113] U[8282] F[8484],false,true,1813,765,1048,8484,7,7,7,6.68,OLL,U F U F' U F U' F' U' F' L F L',U[8838] F[9217] U[9330] F'[9418] U[9499] F[9588] U'[9652] F'[9757] U'[9862] F'[10015] L[10071] F[10167] L'[10216],false,true,1732,733,999,10216,13,13,13,13.01,PLL,U2 F F' U' F' U2 F' D' F U' F' D F U F U' F' U' F U',U2[10908] F[11327] F'[11440] U'[11601] F'[11779] U2[11996] F'[12157] D'[12270] F[12375] U'[12439] F'[12560] D[12609] F[12794] U[12874] F[13020] U'[13076] F'[13156] U'[13293] F[13358] U'[13495],false,true,3279,1111,2168,13495,20,20,22,9.23,,,,,,,,,,,,,,,,,,,,,,,,,,
573e1669-0d48-4796-9f9e-f9dd5f5e66b4,2025-08-02 13:44:02 UTC,false,13753,CFOP,Gan12uiM,Gan 12 UI Maglev,Gan 356i,RandomForest,false,false,3870,13753,,R'[0] D[80] L'[282] L'[346] D[515] D[636] B[878] B[959] U[1192] U[1337] D'[2119] R[2296] D'[2409] R'[2578] L'[2843] D[2908] D[2997] L[3174] L[3287] D[3432] L'[3593] D[3891] R[4028] D'[4270] R'[4390] R'[4471] D'[4584] R[4656] D[5603] B'[5941] D[6038] B[6151] D'[6369] D'[6514] B[6667] D'[6731] D'[6812] B'[6916] D[6965] L'[7335] D'[7432] L[7497] D[8036] L'[8230] D'[8302] D[8890] L[9132] D'[9196] L'[9704] D'[10059] F'[10236] D[10388] F[10501] L[10619] D[11198] D[11327] R[12246] L'[12254] F[12391] R[12520] L'[12528] R[12609] L'[12610] B[12610] R[12842] L'[12850] R[12923] L'[12924] F[12924] R[13165] L'[13167] U[13167] U[13167] R[13503] L'[13511] R[13583] L'[13591] D[13680] D[13753],,,gan12,custom_rules,U F2 U2 F2 D B' U B2 R U2 L2 B2 U' B2 U' L2 U2 R2 F2 U' F2 U',random_state,custom_rules,,,,8,DB,0,0,13753,56,61,79,4.07,5563,8190,"",0,Cross,z2 L' U R2' U2 B2 D2,z2[0] L'[0] U[80] R2'[346] U2[636] B2[959] D2[1337],false,true,1337,0,1337,1337,6,6,10,4.49,F2L Slot 1,U' L U' L' R' U2 R2 U R',U'[2119] L[2296] U'[2409] L'[2578] R'[2843] U2[2997] R2[3287] U[3432] R'[3593],false,true,2256,959,1297,3593,9,9,11,6.94,F2L Slot 2,U L U' L2' U' L,U[3891] L[4028] U'[4270] L2'[4471] U'[4584] L[4656],false,true,1063,435,628,4656,6,6,7,9.55,F2L Slot 3,U B' U B,U[5603] B'[5941] U[6038] B[6151],false,true,1495,1285,210,6151,4,4,4,19.05,F2L Slot 4,U2' B U2' B' U R' U' R,U2'[6514] B[6667] U2'[6812] B'[6916] U[6965] R'[7335] U'[7432] R[7497],false,true,1346,516,830,7497,8,8,10,9.64,OLL,U R' U' U R U' R' U' F' U F R,U[8036] R'[8230] U'[8302] U[8890] R[9132] U'[9196] R'[9704] U'[10059] F'[10236] U[10388] F[10501] R[10619],false,true,3122,733,2389,10619,12,12,12,5.02,PLL,U2 M' U M2' U M2' U M' U2 M2' U2,U2[11327] M'[12254] U[12391] M2'[12610] U[12610] M2'[12924] U[12924] M'[13167] U2[13167] M2'[13591] U2[13753],false,true,3134,1635,1499,13753,11,16,25,7.34,,,,,,,,,,,,,,,,,,,,,,,,,,
b0c2a08d-6ae6-49a9-b339-e7460e0b82e9,2025-08-02 13:44:46 UTC,false,25137,CFOP,Gan12uiM,Gan 12 UI Maglev,Gan 356i,RandomForest,false,false,4082,25137,,L[0] B'[88] R'[427] D[1007] L'[1378] F[1999] F[2047] B'[2731] D[2932] B[3045] D[3190] D'[3601] D[3819] L[4310] D[4520] L'[4657] B'[5046] D'[5174] B[5279] D[5585] F[5658] D'[5714] F'[5779] D[6415] D[6705] B'[7157] D'[7608] B[7713] D[8341] D[8438] F[8559] D[8688] F'[8760] D[8913] R[9389] D'[9638] R'[9719] D'[10489] D[10666] D[10852] B[10965] D'[11029] B'[11134] D[11190] B[11271] D'[11335] B'[11375] D[11859] B[11988] D[12060] B'[12149] D'[12197] B'[12310] L[12358] B[12471] L'[12512] D[13075] D[13180] B'[13994] D[14139] D[14333] B'[14477] U'[14566] B[14687] D'[14727] B'[14864] U[14912] B[15057] D[15114] D'[15275] D[15404] B[15887] B'[16104] D'[16217] B[16354] D'[16474] D'[16588] D[17135] D[17465] B'[17595] D'[17804] B[17973] D'[18303] D'[19004] R[19568] D'[19641] R'[19802] D[19842] D[19955] R[20084] R'[20189] R[20237] D'[20358] R'[20455] D[20972] B[21173] R'[21310] B'[21423] L[21576] B[21721] R[21826] B'[21874] L'[21979] R'[23163] D[23244] R[23365] D'[23453] R'[23574] B'[23655] D'[23792] B[23888] R[24025] R'[24203] R[24283] D[24348] R'[24493] B[24589] R'[24855] B'[24952] R[25056] D'[25089] R[25137],,,gan12,custom_rules,U' L' F2 B' L F2 R U D' R2 B L2 D F2 B2 R2 D F2 U' D' L2 F2,random_state,custom_rules,,,,8,DB,0,0,25137,112,112,122,4.46,5043,20094,"",0,Cross,z2 R B' L' U R' F2,z2[0] R[0] B'[88] L'[427] U[1007] R'[1378] F2[2047],false,true,2047,0,2047,2047,6,6,7,2.93,F2L Slot 1,B' U B U U' U R U R',B'[2731] U[2932] B[3045] U[3190] U'[3601] U[3819] R[4310] U[4520] R'[4657],false,true,2610,684,1926,4657,9,9,9,4.67,F2L Slot 2,B' U' B U F U' F' U2 B' U' B U2 F U F',B'[5046] U'[5174] B[5279] U[5585] F[5658] U'[5714] F'[5779] U2[6705] B'[7157] U'[7608] B[7713] U2[8438] F[8559] U[8688] F'[8760],false,true,4103,389,3714,8760,15,15,17,4.04,F2L Slot 3,U L U' L',U[8913] L[9389] U'[9638] L'[9719],false,true,959,629,330,9719,4,4,4,12.12,F2L Slot 4,U' U2 B U' B' U B U' B',U'[10489] U2[10852] B[10965] U'[11029] B'[11134] U[11190] B[11271] U'[11335] B'[11375],false,true,1656,1246,410,11375,9,9,10,21.95,OLL,U B U B' U' B' R B R',U[11859] B[11988] U[12060] B'[12149] U'[12197] B'[12310] R[12358] B[12471] R'[12512],false,true,1137,613,524,12512,9,9,9,17.18,PLL,U2 B' U2 B' D' B U' B' D B U U' U B B' U' B U2' U2 B' U' B U2' L U' L' U2 L L' L U' L' U B L' B' R B L B' R' L' U L U' L' B' U' B L L' L U L' B L' B' L U' L,U2[13180] B'[13994] U2[14333] B'[14477] D'[14566] B[14687] U'[14727] B'[14864] D[14912] B[15057] U[15114] U'[15275] U[15404] B[15887] B'[16104] U'[16217] B[16354] U2'[16588] U2[17465] B'[17595] U'[17804] B[17973] U2'[19004] L[19568] U'[19641] L'[19802] U2[19955] L[20084] L'[20189] L[20237] U'[20358] L'[20455] U[20972] B[21173] L'[21310] B'[21423] R[21576] B[21721] L[21826] B'[21874] R'[21979] L'[23163] U[23244] L[23365] U'[23453] L'[23574] B'[23655] U'[23792] B[23888] L[24025] L'[24203] L[24283] U[24348] L'[24493] B[24589] L'[24855] B'[24952] L[25056] U'[25089] L[25137],false,true,12625,1482,11143,25137,60,60,66,5.38,,,,,,,,,,,,,,,,,,,,,,,,,,
1d45d0bd-e89a-4d08-8415-6f50098568a3,2025-08-02 13:46:18 UTC,false,18426,CFOP,Gan12uiM,Gan 12 UI Maglev,Gan 356i,RandomForest,false,false,7312,18426,,F'[0] F'[65] U[178] F'[548] D'[1242] B[1403] R'[1483] B'[1669] D[2249] B[2459] D'[2523] B'[2627] B'[2789] D[2877] B[2950] D[3361] F'[3683] D'[3852] F[3957] D[4078] D[4183] B[4328] D[4473] B'[4546] D'[5038] D'[5690] L[5795] D[5875] L'[5972] L'[6037] F[6093] L[6174] F'[6214] D[6423] F[7415] D'[7672] F'[7898] D'[8286] D'[9582] D'[10158] L'[10294] F[10351] L[10440] F'[10488] D[10681] D[10770] L[10891] D[11060] L'[11149] D'[12236] D'[12365] F[12607] L'[12712] F'[12817] L[12921] D[12986] L[13099] D'[13188] L'[13309] D'[13453] L[13542] D[13679] D'[13800] D[14009] L'[14154] D'[14235] L'[14372] F[14436] L[14574] F'[15598] L'[16524] D[16597] D[16677] L'[16839] U'[16943] L[17128] D'[17298] L'[17410] U[17515] L[17693] D[17821] L[17926] D'[17991] L'[18063] D'[18201] L[18297] D'[18426],,,gan12,custom_rules,D F' R' F R L2 D2 F L U2 F2 L2 U B2 U2 F2 U L2 U B2 L2 D',random_state,custom_rules,,,,8,DB,0,0,18426,78,78,87,4.23,7552,10809,"",0,Cross,z2 F2' D F' U' B L' B',z2[32] F2'[65] D[178] F'[548] U'[1242] B[1403] L'[1483] B'[1669],false,true,1604,0,1604,1669,7,7,8,4.36,F2L Slot 1,U B U' B2' U B,U[2249] B[2459] U'[2523] B2'[2789] U[2877] B[2950],false,true,1281,790,491,2950,6,6,7,12.22,F2L Slot 2,U F' U' F U2 B U B',U[3361] F'[3683] U'[3852] F[3957] U2[4183] B[4328] U[4473] B'[4546],false,true,1596,733,863,4546,8,8,9,9.27,F2L Slot 3,U2' R U R2' F R F' U F U' F',U2'[5690] R[5795] U[5875] R2'[6037] F[6093] R[6174] F'[6214] U[6423] F[7415] U'[7672] F'[7898],false,true,3352,1249,2103,7898,11,11,13,5.23,F2L Slot 4,U' U2' R' F R F' U2 R U R',U'[8286] U2'[10158] R'[10294] F[10351] R[10440] F'[10488] U2[10770] R[10891] U[11060] R'[11149],false,true,3251,2396,855,11149,10,10,12,11.7,OLL,U2' F R' F' R U R U' R' U' R U U' U R' U' R' F R F',U2'[12365] F[12607] R'[12712] F'[12817] R[12921] U[12986] R[13099] U'[13188] R'[13309] U'[13453] R[13542] U[13679] U'[13800] U[14009] R'[14154] U'[14235] R'[14372] F[14436] R[14574] F'[15598],false,true,4449,1458,2991,15598,20,20,21,6.69,PLL,R' U2 R' D' R U' R' D R U R U' R' U' R U',R'[16524] U2[16677] R'[16839] D'[16943] R[17128] U'[17298] R'[17410] D[17515] R[17693] U[17821] R[17926] U'[17991] R'[18063] U'[18201] R[18297] U'[18426],false,true,2828,926,1902,18426,16,16,17,8.41,,,,,,,,,,,,,,,,,,,,,,,,,,
8540455f-1808-496e-a3e1-91dc733c7cbc,2025-08-02 13:47:53 UTC,false,21572,CFOP,Gan12uiM,Gan 12 UI Maglev,Gan 356i,RandomForest,false,false,12855,21572,,L[0] F[208] F[289] D'[1305] R'[1474] F[2046] D'[2473] R[3561] U[3650] R'[3754] L'[4592] U[4689] L[4802] U[4979] L'[5163] U'[5293] L[5438] U'[5542] U'[5615] L'[5703] U[5768] L[5865] R[7226] U'[7428] R'[7541] U'[8282] U'[8741] R[8878] B[9079] L'[9233] B'[9313] L[9789] R'[9862] U[10128] U[10266] R[10571] U'[10643] U'[10724] R'[10829] U'[10950] R[11072] U[11200] R'[11204] U'[13149] B[13278] U[13367] B'[13464] U'[13544] U'[14938] R'[15083] U[15145] R[15241] L'[16337] B'[16426] U'[16571] B[17078] U'[17232] L[17393] U[17449] L'[17562] U[17619] L[17715] U[19133] L[19327] L[19423] U[19496] L'[19665] U[19867] L'[19995] U'[20068] L[20197] U'[20307] L[20420] L[20492] U'[20589] D[20597] L'[20766] U[20823] L[20895] D'[21016] U[21274] U[21572],,,gan12,custom_rules,U B2 R' L2 D F' D' B' L' U' B D2 L2 D' F2 U' B2 U F2 R2 L2 U2,random_state,custom_rules,,,,8,UF,0,0,21572,72,75,82,3.34,8036,13536,"",0,Cross,L F2 D' R' F D',L[0] F2[289] D'[1305] R'[1474] F[2046] D'[2473],false,true,2473,0,2473,2473,6,6,7,2.43,F2L Slot 1,R U R' L' U L U L' U' L U2' L' U L,R[3561] U[3650] R'[3754] L'[4592] U[4689] L[4802] U[4979] L'[5163] U'[5293] L[5438] U2'[5615] L'[5703] U[5768] L[5865],false,true,3392,1088,2304,5865,14,14,15,6.08,F2L Slot 2,R U' R' U2' R B L' B' M' x',R[7226] U'[7428] R'[7541] U2'[8741] R[8878] B[9079] L'[9233] B'[9313] M'[9862] x'[9995],false,true,3997,1361,2636,9862,9,10,11,3.41,F2L Slot 3,U2 R U2' R' U' R U R',U2[10266] R[10571] U2'[10724] R'[10829] U'[10950] R[11072] U[11200] R'[11204],false,true,1342,709,633,11204,8,8,10,12.64,F2L Slot 4,U' B U B' U' U' R' U R,U'[13149] B[13278] U[13367] B'[13464] U'[13544] U'[14938] R'[15083] U[15145] R[15241],false,true,4037,2074,1963,15241,9,9,9,4.58,OLL,L' B' U' B U' L U L' U L,L'[16337] B'[16426] U'[16571] B[17078] U'[17232] L[17393] U[17449] L'[17562] U[17619] L[17715],false,true,2474,1096,1378,17715,10,10,10,7.26,PLL,U L2 U L' U L' U' L U' L2 E' B' U B E U,U[19133] L2[19423] U[19496] L'[19665] U[19867] L'[19995] U'[20068] L[20197] U'[20307] L2[20492] E'[20597] B'[20766] U[20823] B[20895] E[21274] U[21572],false,true,3857,1708,2149,21572,16,18,20,7.45,,,,,,,,,,,,,,,,,,,,,,,,,,
25c8d83c-5fd7-456c-9fdf-0028d74f82c6,2025-08-02 13:48:35 UTC,false,15417,CFOP,Gan12uiM,Gan 12 UI Maglev,Gan 356i,RandomForest,false,false,4331,15417,,B[0] R'[298] D[808] L'[1259] D'[1363] L'[1533] F[1581] L[2839] D'[2887] L'[2968] D'[3854] D'[4386] F[4700] D'[4780] F'[4934] D'[5433] B[5626] D'[5763] B'[5874] F'[6035] R'[6172] B[6294] R[6358] B'[6495] F[6503] D[6865] F'[7067] D[7155] F[7252] D[7389] L'[7727] D[7833] L[7986] L[8501] D[8606] L'[8719] D'[8816] F[9146] L'[9243] F'[9331] L[9412] D[9751] D'[10209] L[10322] D[10436] L'[10556] D[10628] L'[10814] F[10862] L[10994] F'[11348] L[11493] D'[11678] D'[11775] L'[11896] D'[12952] R[13653] L'[13781] L'[13846] U[13918] L[14015] U'[14072] L[14209] F'[14362] F'[14443] R'[14564] D[14620] R[14701] F'[14757] F'[14862] R'[14950] D'[15417],,,gan12,custom_rules,U2 L' U' F U2 R' F2 U F B' U L2 U R2 B2 D R2 D F2 U' L2 D2,random_state,custom_rules,,,,8,DB,0,0,15417,65,67,72,4.22,5824,9593,"",0,Cross,z2 B L' U R' U' R' F,z2[0] B[0] L'[298] U[808] R'[1259] U'[1363] R'[1533] F[1581],false,true,1581,0,1581,1581,7,7,7,4.43,F2L Slot 1,R U' R' U2' F U' F',R[2839] U'[2887] R'[2968] U2'[4386] F[4700] U'[4780] F'[4934],false,true,3353,1258,2095,4934,7,7,8,3.34,F2L Slot 2,U' B U' B' F' L' B L S' z,U'[5433] B[5626] U'[5763] B'[5874] F'[6035] L'[6172] B[6294] L[6358] S'[6503] z[6684],false,true,1569,692,877,6503,9,10,10,10.26,F2L Slot 3,U F' U F U R' U R,U[6865] F'[7067] U[7155] F[7252] U[7389] R'[7727] U[7833] R[7986],false,true,1483,564,919,7986,8,8,8,8.71,F2L Slot 4,R U R' U' F R' F' R,R[8501] U[8606] R'[8719] U'[8816] F[9146] R'[9243] F'[9331] R[9412],false,true,1426,515,911,9412,8,8,8,8.78,OLL,U U' R U R' U R' F R F' R U2' R',U[9751] U'[10209] R[10322] U[10436] R'[10556] U[10628] R'[10814] F[10862] R[10994] F'[11348] R[11493] U2'[11775] R'[11896],false,true,2484,910,1574,11896,13,13,14,8.26,PLL,U' M' R' F R F' R U2' L' B L U2' L' B',U'[12952] M'[13781] R'[13846] F[13918] R[14015] F'[14072] R[14209] U2'[14443] L'[14564] B[14620] L[14701] U2'[14862] L'[14950] B'[15417],false,true,3521,1885,1636,15417,14,15,17,8.56,,,,,,,,,,,,,,,,,,,,,,,,,,
5ac29b6c-005d-4081-8dff-85f9d67de868,2025-08-02 13:49:33 UTC,false,13870,CFOP,Gan12uiM,Gan 12 UI Maglev,Gan 356i,RandomForest,false,false,31460,13870,,U[0] U[106] F[636] L'[926] D'[1240] D'[1369] B[1732] D'[1806] B'[1910] L[2361] D[2498] L'[2651] D[2852] R'[3166] R'[3408] D[4214] R'[4456] D'[4698] R[4778] R[4883] D[5154] R'[5339] D'[6217] D'[6814] L[6894] D[7016] L'[7064] F[7354] D[7789] F'[7958] L[8740] D'[8812] D'[8885] L'[8990] D[9038] D[9135] L[9304] L'[9368] L[9546] D'[9683] L'[9763] D'[10292] B'[10558] D[10687] F[10784] D'[10889] L'[11001] D'[11299] L[11340] D[11477] F'[11557] B[11582] D'[12251] F[12452] L[12572] D'[12613] L'[12718] D'[12831] L[12943] D[13024] L'[13121] F'[13201] L[13322] D[13403] L'[13467] D'[13556] L'[13701] F[13734] L[13830] F'[13870],,,gan12,custom_rules,F U2 L' U2 L2 U B L B R2 B2 R2 U2 F2 D2 F2 L2 D' B2 D' R2 U2,random_state,custom_rules,,,,8,DB,0,0,13870,62,63,70,4.47,5050,8714,"",1,Cross,z2 D2 F R' U2' B U' B' R U R' U L2',z2[53] D2[106] F[636] R'[926] U2'[1369] B[1732] U'[1806] B'[1910] R[2361] U[2498] R'[2651] U[2852] L2'[3408],false,true,3302,0,3302,3408,12,12,15,3.63,F2L Slot 1,,"",true,false,0,0,0,3408,0,0,0,0,F2L Slot 2,U L' U' L2 U L',U[4214] L'[4456] U'[4698] L2[4883] U[5154] L'[5339],false,true,1931,1048,883,5339,6,6,7,6.8,F2L Slot 3,U2' R U R' F U F',U2'[6814] R[6894] U[7016] R'[7064] F[7354] U[7789] F'[7958],false,true,2619,1555,1064,7958,7,7,8,6.58,F2L Slot 4,R U2' R' U2 R R' R U' R',R[8740] U2'[8885] R'[8990] U2[9135] R[9304] R'[9368] R[9546] U'[9683] R'[9763],false,true,1805,782,1023,9763,9,9,11,8.8,OLL,U' B' U F U' R' U' R U S z',U'[10292] B'[10558] U[10687] F[10784] U'[10889] R'[11001] U'[11299] R[11340] U[11477] S[11582] z'[11916],false,true,1819,795,1024,11582,10,11,11,9.77,PLL,U' F R U' R' U' R U R' F' R U R' U' R' F R F',U'[12251] F[12452] R[12572] U'[12613] R'[12718] U'[12831] R[12943] U[13024] R'[13121] F'[13201] R[13322] U[13403] R'[13467] U'[13556] R'[13701] F[13734] R[13830] F'[13870],false,true,2288,870,1418,13870,18,18,18,12.69,,,,,,,,,,,,,,,,,,,,,,,,,,
426ef9d0-7d63-4744-abf9-3d52451e9ad3,2025-08-02 13:50:15 UTC,false,17534,CFOP,Gan12uiM,Gan 12 UI Maglev,Gan 356i,RandomForest,false,false,8114,17534,,B[0] F'[194] R[274] U'[983] F'[1491] U[1758] U[1854] L'[2427] L'[2829] D[3353] D[3442] D'[4287] R[4497] D[4626] R'[4763] D[5616] D[6768] R'[6987] D[7051] D[7139] R[7277] D[7429] D[7509] L[7703] D[7881] L'[7969] L'[8324] D[8412] L[8501] D'[9959] D'[10161] F[10346] D'[10458] F'[10584] R[10737] F'[10858] R'[10963] F[11027] D'[11535] B[12244] R'[12340] B'[12445] B'[12518] L[12639] B[13122] B[13186] R[13315] B'[13412] B'[13468] L'[13574] B[13646] D[14637] D[14943] D[15040] F'[15313] F'[15378] D'[15442] F[15571] D'[15673] F[15793] D[15874] F'[15979] D[16027] F[16115] F[16736] U'[16945] D[17034] F[17179] D'[17268] F'[17389] U[17534],,,gan12,custom_rules,U F' L' U' B U B2 D2 R' D L D R2 B2 U' L2 U2 B2 U2 F2 U2,random_state,custom_rules,,,,8,DB,0,0,17534,55,57,71,3.14,9041,8299,"",0,Cross,z S L D' F' D2 R2',z[97] S[194] L[274] D'[983] F'[1491] D2[1854] R2'[2829],false,true,2635,0,2635,2829,6,7,9,2.28,F2L Slot 1,U2 U' L U L',U2[3442] U'[4287] L[4497] U[4626] L'[4763],false,true,1934,1668,266,4763,5,5,6,18.8,F2L Slot 2,U U L' U2 L U2 R U R',U[5616] U[6768] L'[6987] U2[7139] L[7277] U2[7509] R[7703] U[7881] R'[7969],false,true,3206,2224,982,7969,9,9,11,9.16,F2L Slot 3,R' U R,R'[8324] U[8412] R[8501],false,true,532,355,177,8501,3,3,3,16.95,F2L Slot 4,U2' F U' F' L F' L' F,U2'[10161] F[10346] U'[10458] F'[10584] L[10737] F'[10858] L'[10963] F[11027],false,true,2526,1845,681,11027,8,8,9,11.75,OLL,U' B L' B2' R B2 L B2' R' B,U'[11535] B[12244] L'[12340] B2'[12518] R[12639] B2[13186] L[13315] B2'[13468] R'[13574] B[13646],false,true,2619,1217,1402,13646,10,10,13,7.13,PLL,U3 F2' U' F U' F U F' U F2 E R U' R' D,U3[15040] F2'[15378] U'[15442] F[15571] U'[15673] F[15793] U[15874] F'[15979] U[16027] F2[16736] E[17034] R[17179] U'[17268] R'[17389] D[17534],false,true,3888,1732,2156,17534,15,16,20,6.96,,,,,,,,,,,,,,,,,,,,,,,,,,
c01114a9-6a7c-461d-9c3a-9639c8055b3d,2025-08-02 13:50:51 UTC,false,19117,CFOP,Gan12uiM,Gan 12 UI Maglev,Gan 356i,RandomForest,false,false,4459,19117,,F'[0] U'[460] B[677] B[991] D[1563] F'[2264] F'[2337] F[2514] F'[2973] L'[3489] U[3706] B'[3827] U'[3940] D[5015] F[5193] D'[5321] F'[5483] F[6232] F[6353] L'[6989] F'[7255] L[7505] F'[7625] F'[8431] D'[8584] F[8705] D'[9391] D[10403] R[10941] D[11070] R'[11183] D[11248] R[11313] D'[11385] R'[11449] D[12102] B[12626] D'[12682] D'[12763] B'[12884] D[12940] B[12988] D'[13165] B'[13399] D'[13890] D'[14390] D'[14479] R'[14793] D[14971] L[15083] D'[15188] B'[15333] D'[15470] B[15526] D[15660] R[15765] L'[15768] D'[16917] L[17086] B[17248] D'[17296] B'[17433] D'[17481] B[17602] D[17675] B'[17763] B[17940] B'[17997] L'[18392] B[18545] D[18634] B'[18690] D'[18803] B'[18923] L[18973] B[19069] L'[19117],,,gan12,custom_rules,R B2 L' D F' U2 F' R' U2 B U' F2 B2 L2 D' F2 R2 U' L2 U2 D' B2,random_state,custom_rules,,,,8,DB,0,0,19117,70,71,77,3.66,8184,10933,"",0,Cross,z2 F' D' B2 U F2' F F' R' D B' D',z2[0] F'[0] D'[460] B2[991] U[1563] F2'[2337] F[2514] F'[2973] R'[3489] D[3706] B'[3827] D'[3940],false,true,3940,0,3940,3940,11,11,13,2.79,F2L Slot 1,U F U' F' F2 R' F' R F',U[5015] F[5193] U'[5321] F'[5483] F2[6353] R'[6989] F'[7255] R[7505] F'[7625],false,true,3685,1253,2432,7625,9,9,10,3.7,F2L Slot 2,F' U' F,F'[8431] U'[8584] F[8705],false,true,1080,806,274,8705,3,3,3,10.95,F2L Slot 3,U' U L U L' U L U' L',U'[9391] U[10403] L[10941] U[11070] L'[11183] U[11248] L[11313] U'[11385] L'[11449],false,true,2744,2236,508,11449,9,9,9,17.72,F2L Slot 4,U B U2' B' U B U' B',U[12102] B[12626] U2'[12763] B'[12884] U[12940] B[12988] U'[13165] B'[13399],false,true,1950,1177,773,13399,8,8,9,10.35,OLL,U3' L' U R U' B' U' B U M' x',U3'[14479] L'[14793] U[14971] R[15083] U'[15188] B'[15333] U'[15470] B[15526] U[15660] M'[15768] x'[16342],false,true,2369,1394,975,15768,10,11,13,10.26,PLL,U' R B U' B' U' B U B' B B' R' B U B' U' B' R B R',U'[16917] R[17086] B[17248] U'[17296] B'[17433] U'[17481] B[17602] U[17675] B'[17763] B[17940] B'[17997] R'[18392] B[18545] U[18634] B'[18690] U'[18803] B'[18923] R[18973] B[19069] R'[19117],false,true,3349,1318,2031,19117,20,20,20,9.85,,,,,,,,,,,,,,,,,,,,,,,,,,
607f1328-9a63-444d-8771-66a18b473a94,2025-08-02 13:51:26 UTC,false,20927,CFOP,Gan12uiM,Gan 12 UI Maglev,Gan 356i,RandomForest,false,false,3974,20927,,F'[0] F'[64] D[210] R[548] B'[701] B'[822] D[1668] B'[2063] D'[2216] B[2320] D'[2530] D'[2643] B'[2772] D[2845] B[2973] D[4576] B'[5366] D[5487] D[5575] B[5745] F'[6961] F[7436] D[7791] B'[8073] D[8161] B[8282] D'[8508] D'[8822] F'[8983] D[9072] F[9185] R[9845] D[10167] R'[10280] D'[10353] F[10721] D'[10777] F'[10866] D'[11550] R[11768] D'[11833] R'[11913] D'[12114] D'[12582] B'[12718] D'[12880] D[13186] D'[13556] B[13701] B[13886] D'[14032] B'[14113] D'[14314] B[14483] D'[14612] B'[14692] D[14741] L'[15096] D'[15192] L[15282] D'[16317] R[16575] F[16728] R'[16824] D[17179] L[17267] D'[17316] L'[17413] D[17470] L[17574] D'[17622] L'[17719] R[17912] F'[17952] R'[18082] D'[18929] D'[19033] R[19347] L'[19484] L'[19565] U[19629] L[19694] U'[19774] L[19887] F'[20032] F'[20097] R'[20210] D[20258] R[20371] F'[20411] F'[20476] R'[20557] D'[20927],,,gan12,custom_rules,D2 R U2 D' R' B D2 R' B U2 B2 U' F2 L2 U' B2 R2 U2 F2 B2 R2 D,random_state,custom_rules,,,,8,DB,0,0,20927,81,83,93,3.87,5683,15180,"",0,Cross,z2 F2' U L B2',z2[32] F2'[64] U[210] L[548] B2'[822],false,true,758,0,758,822,4,4,6,5.28,F2L Slot 1,U B' U' B U2' B' U B U B' U2 B F' F U B' U B U2' F' U F,U[1668] B'[2063] U'[2216] B[2320] U2'[2643] B'[2772] U[2845] B[2973] U[4576] B'[5366] U2[5575] B[5745] F'[6961] F[7436] U[7791] B'[8073] U[8161] B[8282] U2'[8822] F'[8983] U[9072] F[9185],false,true,8363,1241,7122,9185,22,22,25,3.09,F2L Slot 2,L U L' U' F U' F',L[9845] U[10167] L'[10280] U'[10353] F[10721] U'[10777] F'[10866],false,true,1681,660,1021,10866,7,7,7,6.86,F2L Slot 3,U' L U' L' U2' B' U' U U' B,U'[11550] L[11768] U'[11833] L'[11913] U2'[12582] B'[12718] U'[12880] U[13186] U'[13556] B[13701],false,true,2835,902,1933,13701,10,10,11,5.17,F2L Slot 4,B U' B' U' B U' B' U R' U' R,B[13886] U'[14032] B'[14113] U'[14314] B[14483] U'[14612] B'[14692] U[14741] R'[15096] U'[15192] R[15282],false,true,1581,185,1396,15282,11,11,11,7.88,OLL,U' L F L' U R U' R' U R U' M' U' L' x',U'[16317] L[16575] F[16728] L'[16824] U[17179] R[17267] U'[17316] R'[17413] U[17470] R[17574] U'[17622] M'[17912] U'[17952] L'[18082] x'[18505],false,true,2800,1293,1507,18082,14,15,15,9.29,PLL,U2' M' R' F R F' R U2' L' B L U2' L' B',U2'[19033] M'[19484] R'[19565] F[19629] R[19694] F'[19774] R[19887] U2'[20097] L'[20210] B[20258] L[20371] U2'[20476] L'[20557] B'[20927],false,true,2845,1402,1443,20927,14,15,18,9.7,,,,,,,,,,,,,,,,,,,,,,,,,,
381baf46-c83c-4b15-9423-b6a8a68d0494,2025-08-02 13:54:27 UTC,false,17459,CFOP,Gan12uiM,Gan 12 UI Maglev,Gan 356i,RandomForest,false,false,21335,17459,,L[0] U[370] F[645] D[1119] L[1442] L[1531] D'[1780] B[1998] B[2079] R'[4440] D'[5781] R[5926] R[6046] D[6127] R'[6312] D[7441] D[7618] F[8045] D[8141] F'[8262] F'[8391] D[8520] F[8641] D[8827] D[9479] D[9680] B[9866] D'[9930] B'[10051] D[10132] D[10253] L'[10656] D'[10793] L[11034] D[11461] F'[12001] D'[12122] F[12186] D'[12702] F[13137] D[13403] F'[13507] D'[13588] F[13677] D'[13805] F'[13902] R'[13999] D'[14144] R[14265] F[14386] D[14466] F'[14539] D'[15562] F[15844] F[15925] D[15989] F'[16129] D[16178] F'[16250] D'[16331] F[16460] D'[16564] F[16669] F[16741] D'[16822] U[16863] F'[17161] D[17265] F[17330] D'[17434] U'[17459],,,gan12,custom_rules,F U' R2 F2 R L2 U R2 B L2 U L2 D2 F2 U R2 U R2 L2 F2 U,random_state,custom_rules,,,,8,DB,0,0,17459,60,61,71,3.44,7527,9932,"",0,Cross,z2 R D F U R2 U' B2,z2[0] R[0] D[370] F[645] U[1119] R2[1531] U'[1780] B2[2079],false,true,2079,0,2079,2079,7,7,9,3.37,F2L Slot 1,L' U' L2 U L',L'[4440] U'[5781] L2[6046] U[6127] L'[6312],false,true,4233,2361,1872,6312,5,5,6,2.67,F2L Slot 2,U2 F U F',U2[7618] F[8045] U[8141] F'[8262],false,true,1950,1733,217,8262,4,4,5,18.43,F2L Slot 3,F' U F U3 B U' B' U2 R' U' R,F'[8391] U[8520] F[8641] U3[9680] B[9866] U'[9930] B'[10051] U2[10253] R'[10656] U'[10793] R[11034],false,true,2772,129,2643,11034,11,11,14,4.16,F2L Slot 4,U F' U' F,U[11461] F'[12001] U'[12122] F[12186],false,true,1152,967,185,12186,4,4,4,21.62,OLL,U' F U F' U' F U' F' L' U' L F U F',U'[12702] F[13137] U[13403] F'[13507] U'[13588] F[13677] U'[13805] F'[13902] L'[13999] U'[14144] L[14265] F[14386] U[14466] F'[14539],false,true,2353,951,1402,14539,14,14,14,9.99,PLL,U' F2 U F' U F' U' F U' F2 E' L' U L U' D',U'[15562] F2[15925] U[15989] F'[16129] U[16178] F'[16250] U'[16331] F[16460] U'[16564] F2[16741] E'[16863] L'[17161] U[17265] L[17330] U'[17434] D'[17459],false,true,2920,1386,1534,17459,16,17,19,10.43,,,,,,,,,,,,,,,,,,,,,,,,,,
a20d018d-9420-4891-9bae-a4916df6ad89,2025-08-02 13:56:13 UTC,false,14045,CFOP,Gan12uiM,Gan 12 UI Maglev,Gan 356i,RandomForest,false,false,16726,14045,,U[0] U[64] B[323] L'[459] U[871] U[967] R[1523] R[1579] U[2651] L[2885] U'[2982] L'[3094] U[3158] U[3255] R'[3465] U'[3545] R[3666] U'[4423] L[4850] U'[4930] L'[5018] F'[5863] U'[5952] F[6025] F[6581] U'[6726] F'[6822] U[6887] U[6975] B'[7144] U'[7257] B[7346] U[8280] F[8506] U[8667] F'[8852] U[8917] F[8997] U'[9054] F'[9682] U[9867] U[10002] U[10444] L'[10694] R[10702] U[10823] B[10952] U'[11016] B'[11097] U'[11194] L[11258] U[11331] R'[11395] U[11862] B[12313] F'[12458] F'[12523] D[12579] F[12684] D'[12741] F[12869] L'[12990] L'[13070] B'[13240] U[13345] B[13465] L'[13505] L'[13588] B'[13989] U[14045],,,gan12,custom_rules,U F' R D2 R' B U' B2 L2 F R' U' B2 U2 F2 D F2 D L2 D',random_state,custom_rules,,,,8,UF,0,0,14045,58,60,70,4.13,6289,7692,"",0,Cross,U2 B L' U2 R2,U2[64] B[323] L'[459] U2[967] R2[1579],false,true,1515,0,1515,1579,5,5,8,3.3,F2L Slot 1,U L U' L' U2 R' U' R,U[2651] L[2885] U'[2982] L'[3094] U2[3255] R'[3465] U'[3545] R[3666],false,true,2087,1306,781,3666,8,8,9,10.24,F2L Slot 2,U' L U' L' F' U' F,U'[4423] L[4850] U'[4930] L'[5018] F'[5863] U'[5952] F[6025],false,true,2359,1184,1175,6025,7,7,7,5.96,F2L Slot 3,F U' F' U2 B' U' B,F[6581] U'[6726] F'[6822] U2[6975] B'[7144] U'[7257] B[7346],false,true,1321,556,765,7346,7,7,8,9.15,F2L Slot 4,U F U F' U F U' F',U[8280] F[8506] U[8667] F'[8852] U[8917] F[8997] U'[9054] F'[9682],false,true,2336,1160,1176,9682,8,8,8,6.8,OLL,U3 M F U F' U' F' L F R' x,U3[10444] M[10702] F[10823] U[10952] F'[11016] U'[11097] F'[11194] L[11258] F[11331] R'[11395] x[11628],false,true,1713,1020,693,11395,10,11,13,14.43,PLL,U S F' L F L' F U2' B' R B U2' B' R,U[11862] S[12458] F'[12523] L[12579] F[12684] L'[12741] F[12869] U2'[13070] B'[13240] R[13345] B[13465] U2'[13588] B'[13989] R[14045],false,true,2650,1063,1587,14045,14,15,17,8.82,,,,,,,,,,,,,,,,,,,,,,,,,,
70407916-1979-4f97-9ca9-cc666402512d,2025-08-02 13:57:49 UTC,false,24821,CFOP,Gan12uiM,Gan 12 UI Maglev,Gan 356i,RandomForest,false,false,31174,24821,,D[0] R[178] D[403] R[854] U'[943] R'[1055] U[1579] U[2441] B[3045] B[3118] F[4060] U[4174] F'[4286] L[5353] L[5409] U'[5740] B[6102] B[6247] U[8849] F[9147] R[9252] R[9389] F'[9526] U[10988] F[11142] U'[11255] F'[11383] U[11440] F[11593] U'[11657] F'[11810] U[12398] U[12752] B[13066] U'[13123] U'[13204] B'[13308] U'[13470] U'[13614] L[14017] U[14170] L'[14243] U[14823] B[15201] U'[15266] B'[15379] U[15491] B[15580] U'[15741] B'[15910] F[16182] U[16278] U[16432] F'[16665] U'[17728] B[18010] U'[18155] B'[18244] U[18292] B[18373] U[18446] B'[18518] U[18615] B[18680] U'[18752] B'[18848] U[19380] U'[20081] R[20363] U[20500] B[20613] U'[20661] B'[20774] R'[21204] B[22695] L'[22743] B'[22856] R[22985] B[23113] L[23194] B'[23250] R'[23396] B[23532] L[23597] B'[23693] R[23766] B[23895] L'[23983] B'[24096] R'[24233] U[24821],,,gan12,custom_rules,F2 B' R2 B' D' L U B' R' U2 F2 L2 B2 R2 B2 U' D2 B2 D B2 R2 D2,random_state,custom_rules,,,,8,UF,0,0,24821,82,83,91,3.3,6925,17896,"",1,Cross,D R D R U' R' U U B2 F U F' L2 U' B2 U F R2 F',D[0] R[178] D[403] R[854] U'[943] R'[1055] U[1579] U[2441] B2[3118] F[4060] U[4174] F'[4286] L2[5409] U'[5740] B2[6247] U[8849] F[9147] R2[9389] F'[9526],false,true,9526,0,9526,9526,19,19,23,1.99,F2L Slot 1,,"",true,false,0,0,0,9526,0,0,0,0,F2L Slot 2,U F U' F' U F U' F' U2 B U2' B' U2' L U L',U[10988] F[11142] U'[11255] F'[11383] U[11440] F[11593] U'[11657] F'[11810] U2[12752] B[13066] U2'[13204] B'[13308] U2'[13614] L[14017] U[14170] L'[14243],false,true,4717,1616,3101,14243,16,16,19,5.16,F2L Slot 3,U B U' B' U B U' S' L2 F' z,U[14823] B[15201] U'[15266] B'[15379] U[15491] B[15580] U'[15741] S'[16182] L2[16432] F'[16665] z[17196],false,true,2422,958,1464,16665,10,11,12,6.83,F2L Slot 4,U' B U' B' U B U B' U B U' B',U'[17728] B[18010] U'[18155] B'[18244] U[18292] B[18373] U[18446] B'[18518] U[18615] B[18680] U'[18752] B'[18848],false,true,2183,1345,838,18848,12,12,12,14.32,OLL,U U' R U B U' B' R',U[19380] U'[20081] R[20363] U[20500] B[20613] U'[20661] B'[20774] R'[21204],false,true,2356,1515,841,21204,8,8,8,9.51,PLL,B L' B' R B L B' R' B L B' R B L' B' R' U,B[22695] L'[22743] B'[22856] R[22985] B[23113] L[23194] B'[23250] R'[23396] B[23532] L[23597] B'[23693] R[23766] B[23895] L'[23983] B'[24096] R'[24233] U[24821],false,true,3617,1491,2126,24821,17,17,17,8.0,,,,,,,,,,,,,,,,,,,,,,,,,,
f343518c-d47a-4b83-85b3-565541af611f,2025-08-02 13:58:45 UTC,false,23911,CFOP,Gan12uiM,Gan 12 UI Maglev,Gan 356i,RandomForest,false,false,13509,23911,,U'[0] B[161] D'[346] L[628] L[724] U[1022] U[1103] D[1369] F'[1498] F[1739] D'[2143] F'[2456] D[2674] F[2787] F[2924] D'[3028] F'[3190] F'[3487] D'[3809] D[3995] F[4148] R[8062] D[8118] R'[8174] D[8730] B[8858] D'[8947] B'[9197] L[10333] B[10485] L'[10590] D'[10832] L[11089] B[11187] B[11299] L'[11363] D'[12056] R[12837] D[13201] R'[13346] D'[13628] D[13797] L[13966] D'[14095] L'[14385] D'[14820] D'[15182] D[15826] D[15939] D[16342] R[16503] D[16607] R'[16728] D[16784] R[16857] D[16954] R'[17010] D'[18494] B[18751] R[18840] D[18969] R'[19034] D'[19138] R[19235] D[19299] R'[19388] D'[19493] B'[19646] D'[20621] D[21225] R[21580] D'[21660] R[21837] D[21910] R'[21991] U[22055] R[22192] U'[22337] R[22506] D'[22579] U[22627] R'[22740] R'[22821] D[22853] R[22990] R[23070] U'[23135] R'[23263] R'[23336] D[23441] D[23911],,,gan12,custom_rules,U D R U2 D L' U L2 B D' F' L2 U F2 R2 D2 R2 U L2 F2 D2 R2,random_state,custom_rules,,,,8,DB,0,0,23911,78,79,91,3.26,7267,16644,"",2,Cross,z2 D' B U' R2 D2 U F' F U' F' U F2 U' F2' U' U F L U L' U B U' B' R B R' U' R B2 R',z2[0] D'[0] B[161] U'[346] R2[724] D2[1103] U[1369] F'[1498] F[1739] U'[2143] F'[2456] U[2674] F2[2924] U'[3028] F2'[3487] U'[3809] U[3995] F[4148] L[8062] U[8118] L'[8174] U[8730] B[8858] U'[8947] B'[9197] R[10333] B[10485] R'[10590] U'[10832] R[11089] B2[11299] R'[11363],false,true,11363,0,11363,11363,31,31,36,2.73,F2L Slot 1,,"",true,false,0,0,0,11363,0,0,0,0,F2L Slot 2,,"",true,false,0,0,0,11363,0,0,0,0,F2L Slot 3,U' L U L' U' U R U' R',U'[12056] L[12837] U[13201] L'[13346] U'[13628] U[13797] R[13966] U'[14095] R'[14385],false,true,3022,1474,1548,14385,9,9,9,5.81,F2L Slot 4,U2' U3 L U L' U L U L',U2'[15182] U3[16342] L[16503] U[16607] L'[16728] U[16784] L[16857] U[16954] L'[17010],false,true,2625,2118,507,17010,9,9,12,17.75,OLL,U' B L U L' U' L U L' U' B',U'[18494] B[18751] L[18840] U[18969] L'[19034] U'[19138] L[19235] U[19299] L'[19388] U'[19493] B'[19646],false,true,2636,1741,895,19646,11,11,11,12.29,PLL,U' U L U' L U L' D L D' L E' B2' U B2 D' B2' U2,U'[20621] U[21225] L[21580] U'[21660] L[21837] U[21910] L'[21991] D[22055] L[22192] D'[22337] L[22506] E'[22627] B2'[22821] U[22853] B2[23070] D'[23135] B2'[23336] U2[23911],false,true,4265,1934,2331,23911,18,19,23,7.72,,,,,,,,,,,,,,,,,,,,,,,,,,
02ae0614-65be-4c6d-af41-d8f10ae131de,2025-08-02 13:59:57 UTC,false,32064,CFOP,Gan12uiM,Gan 12 UI Maglev,Gan 356i,RandomForest,false,false,16484,32064,,F[0] B'[49] L[387] D'[701] L[935] L[1040] D[1668] D'[1789] D[1958] F[2103] D'[2224] F'[2490] D[2651] R'[2756] D'[2901] F'[3876] F'[4029] D[4835] D'[5240] F[5845] D'[7223] F'[7319] F'[7416] D[7577] U'[8141] F[8214] U[8350] D'[13366] F[13850] D[13946] F[14228] F[14325] U[14615] F'[14760] U'[14961] D[17338] F'[17411] D'[17556] F'[20037] D[20562] F'[20626] D'[20746] F[20941] F[21069] D'[21407] F'[21641] D[21851] F'[21995] D'[22092] F[22221] D[22294] F[24267] D[25269] F[25373] D'[25470] F[25559] F[25663] D[25760] F'[25840] D'[25929] U[26776] L[26944] D'[27041] L[27121] D[27218] L'[27307] L'[27396] U'[27500] U'[27597] R'[27855] D[27968] R'[28080] D'[28201] R'[28330] R'[28434] U[28539] F[29748] U[29893] D'[29909] U[30022] D'[30030] B[30271] D[30349] U'[30381] L[30518] L[30607] U[30752] D'[30768] B[30913] U[31251] D'[31259] R[31444] R'[31791] U[31944] D'[31952] F[32064],,,blue ,custom_rules,R2 F L D B' U D F D' L' U2 R2 B2 D' L2 F2 D' F2 U' R2 L2 B2,random_state,custom_rules,,,,8,FU,0,0,32064,78,84,96,2.43,14640,17375,"",0,Cross,x E F R' F2 R R' R U R' U' R B' R',x[24] E[49] F[387] R'[701] F2[1040] R[1668] R'[1789] R[1958] U[2103] R'[2224] U'[2490] R[2651] B'[2756] R'[2901],false,true,2852,0,2852,2901,13,14,15,4.56,F2L Slot 1,U2' R R' U R' U2' R L' U L,U2'[4029] R[4835] R'[5240] U[5845] R'[7223] U2'[7416] R[7577] L'[8141] U[8214] L[8350],false,true,5449,1934,3515,8350,10,10,12,2.84,F2L Slot 2,R' U R U2 L U' L',R'[13366] U[13850] R[13946] U2[14325] L[14615] U'[14760] L'[14961],false,true,6611,5016,1595,14961,7,7,8,4.39,F2L Slot 3,R U' R' U' R U' R' U2 R' U' R U' R' U R,R[17338] U'[17411] R'[17556] U'[20037] R[20562] U'[20626] R'[20746] U2[21069] R'[21407] U'[21641] R[21851] U'[21995] R'[22092] U[22221] R[22294],false,true,7333,2377,4956,22294,15,15,16,3.03,F2L Slot 4,U R U R' U2 R U' R',U[24267] R[25269] U[25373] R'[25470] U2[25663] R[25760] U'[25840] R'[25929],false,true,3635,2975,660,25929,8,8,9,12.12,OLL,L F R' F R F2' L2' B' R B' R' B2' L,L[26776] F[26944] R'[27041] F[27121] R[27218] F2'[27396] L2'[27597] B'[27855] R[27968] B'[28080] R'[28201] B2'[28434] L[28539],false,true,2610,847,1763,28539,13,13,16,7.37,PLL,U M2' U M U2 M' U M' U U' M' U,U[29748] M2'[30030] U[30271] M[30381] U2[30607] M'[30768] U[30913] M'[31259] U[31444] U'[31791] M'[31952] U[32064],false,true,3525,1491,2034,32064,12,17,20,5.9,,,,,,,,,,,,,,,,,,,,,,,,,,
